aircraft,manoeuvre,fault,n_flag,base_vsd,es_max,n_gated,phys_R/P,phys_cat,phys_auc,gated_R/P,gated_cat,gated_auc,false_alarm
737,cruise,inertia_x1.6,0,0.612,0.53,0.0,0.00/0.00,0.00/0.00,,-,,,
737,cruise,cmq_x0.5,0,0.612,0.81,0.0,0.00/0.00,0.00/0.00,0.44,-,,,
737,cruise,cmalpha_x0.7,5,0.612,1.7,4.0,0.38/1.00,0.40/1.00,0.62,1.00/0.80,1.00/1.00,0.85,
737,cruise,clo_+0.1,7,0.612,8.29,4.0,0.23/0.43,0.40/1.00,0.57,0.00/0.00,0.50/1.00,0.0,
737,cruise,noop,0,0.612,,,,,,,,,0.0
737,throttle_step,inertia_x1.6,1,0.331,0.81,0.0,0.05/1.00,0.20/1.00,,-,,,
737,throttle_step,cmq_x0.5,4,0.331,1.32,2.0,0.31/1.00,0.40/1.00,0.74,0.00/0.00,0.50/0.50,0.62,
737,throttle_step,cmalpha_x0.7,4,0.331,0.49,0.0,0.31/1.00,0.40/1.00,0.61,-,,,
737,throttle_step,clo_+0.1,4,0.331,14.62,3.0,0.31/1.00,0.60/1.00,0.67,0.33/0.25,0.67/0.67,0.3,
737,throttle_step,noop,1,0.331,,,,,,,,,0.05
737,elev_doublet,inertia_x1.6,0,0.625,4.84,1.0,0.00/0.00,0.00/0.00,,0.00/0.00,0.00/0.00,0.1,
737,elev_doublet,cmq_x0.5,0,0.625,0.35,0.0,0.00/0.00,0.00/0.00,0.67,-,,,
737,elev_doublet,cmalpha_x0.7,1,0.625,0.25,0.0,0.08/1.00,0.20/1.00,0.68,-,,,
737,elev_doublet,clo_+0.1,6,0.625,6.18,3.0,0.31/0.67,0.60/1.00,0.71,0.33/0.17,0.67/0.67,0.26,
737,elev_doublet,noop,0,0.625,,,,,,,,,0.0
737,elev_step,inertia_x1.6,4,0.54,3.65,1.0,0.18/1.00,0.60/1.00,,0.00/0.00,1.00/0.33,0.81,
737,elev_step,cmq_x0.5,3,0.54,0.65,0.0,0.23/1.00,0.40/1.00,0.6,-,,,
737,elev_step,cmalpha_x0.7,5,0.54,1.14,3.0,0.31/0.80,0.60/1.00,0.69,0.33/0.20,0.67/0.67,0.58,
737,elev_step,clo_+0.1,16,0.54,11.33,4.0,0.69/0.56,0.60/1.00,0.5,0.50/0.12,0.75/1.00,0.43,
737,elev_step,noop,3,0.54,,,,,,,,,0.14
737,aileron_step,inertia_x1.6,1,0.403,2.12,1.0,0.05/1.00,0.20/1.00,,0.00/0.00,1.00/1.00,0.14,
737,aileron_step,cmq_x0.5,1,0.403,1.6,1.0,0.08/1.00,0.20/1.00,0.51,1.00/1.00,1.00/1.00,1.0,
737,aileron_step,cmalpha_x0.7,2,0.403,0.35,0.0,0.08/0.50,0.20/1.00,0.78,-,,,
737,aileron_step,clo_+0.1,17,0.403,7.22,5.0,0.85/0.65,0.80/1.00,0.76,0.60/0.18,0.75/0.75,0.48,
737,aileron_step,noop,1,0.403,,,,,,,,,0.05
737,rudder_doublet,inertia_x1.6,0,0.476,0.56,0.0,0.00/0.00,0.00/0.00,,-,,,
737,rudder_doublet,cmq_x0.5,2,0.476,0.25,0.0,0.15/1.00,0.40/1.00,0.79,-,,,
737,rudder_doublet,cmalpha_x0.7,0,0.476,0.21,0.0,0.00/0.00,0.00/0.00,0.63,-,,,
737,rudder_doublet,clo_+0.1,3,0.476,8.81,3.0,0.23/1.00,0.20/1.00,0.76,0.00/0.00,0.33/1.00,0.11,
737,rudder_doublet,noop,0,0.476,,,,,,,,,0.0
737,bank_hold,inertia_x1.6,12,0.361,1.93,1.0,0.55/1.00,0.80/1.00,,1.00/0.08,1.00/0.25,0.67,
737,bank_hold,cmq_x0.5,11,0.361,1.78,1.0,0.46/0.55,0.80/1.00,0.56,1.00/0.09,1.00/0.25,0.71,
737,bank_hold,cmalpha_x0.7,12,0.361,0.44,0.0,0.54/0.58,0.80/1.00,0.68,-,,,
737,bank_hold,clo_+0.1,11,0.361,7.62,4.0,0.46/0.55,0.60/1.00,0.66,0.50/0.18,0.75/1.00,0.5,
737,bank_hold,noop,11,0.361,,,,,,,,,0.5
737,flap_extend,inertia_x1.6,0,0.224,0.45,0.0,0.00/0.00,0.00/0.00,,-,,,
737,flap_extend,cmq_x0.5,3,0.224,0.54,0.0,0.23/1.00,0.60/1.00,0.81,-,,,
737,flap_extend,cmalpha_x0.7,1,0.224,0.41,0.0,0.08/1.00,0.20/1.00,0.72,-,,,
737,flap_extend,clo_+0.1,9,0.224,3.57,2.0,0.62/0.89,0.80/1.00,0.72,1.00/0.22,1.00/0.50,1.0,
737,flap_extend,noop,0,0.224,,,,,,,,,0.0
737,engine_cut,inertia_x1.6,1,0.291,0.52,0.0,0.05/1.00,0.20/1.00,,-,,,
737,engine_cut,cmq_x0.5,1,0.291,0.86,0.0,0.08/1.00,0.20/1.00,0.43,-,,,
737,engine_cut,cmalpha_x0.7,3,0.291,0.44,0.0,0.15/0.67,0.40/1.00,0.35,-,,,
737,engine_cut,clo_+0.1,9,0.291,12.91,10.0,0.62/0.89,0.60/1.00,0.79,0.50/0.56,0.60/1.00,0.55,
737,engine_cut,noop,1,0.291,,,,,,,,,0.05
737,climbing_turn,inertia_x1.6,1,0.419,0.61,0.0,0.05/1.00,0.20/1.00,,-,,,
737,climbing_turn,cmq_x0.5,2,0.419,0.57,0.0,0.15/1.00,0.40/1.00,0.76,-,,,
737,climbing_turn,cmalpha_x0.7,1,0.419,0.65,0.0,0.08/1.00,0.20/1.00,0.8,-,,,
737,climbing_turn,clo_+0.1,3,0.419,8.36,3.0,0.23/1.00,0.40/1.00,0.88,0.00/0.00,0.33/0.50,0.51,
737,climbing_turn,noop,1,0.419,,,,,,,,,0.05
737,elev_doublet_distractor,inertia_x1.6,0,0.517,1.17,2.0,0.00/0.00,0.00/0.00,,0.00/0.00,0.00/0.00,0.57,
737,elev_doublet_distractor,cmq_x0.5,0,0.517,0.6,0.0,0.00/0.00,0.00/0.00,0.79,-,,,
737,elev_doublet_distractor,cmalpha_x0.7,0,0.517,0.45,0.0,0.00/0.00,0.00/0.00,0.66,-,,,
737,elev_doublet_distractor,clo_+0.1,5,0.517,6.46,4.0,0.23/0.60,0.20/1.00,0.68,0.00/0.00,0.25/1.00,0.14,
737,elev_doublet_distractor,noop,0,0.517,,,,,,,,,0.0
737,engine_restart,inertia_x1.6,1,0.282,0.45,0.0,0.05/1.00,0.20/1.00,,-,,,
737,engine_restart,cmq_x0.5,7,0.282,0.88,0.0,0.54/1.00,0.60/1.00,0.73,-,,,
737,engine_restart,cmalpha_x0.7,2,0.282,0.4,0.0,0.15/1.00,0.40/1.00,0.67,-,,,
737,engine_restart,clo_+0.1,15,0.282,8.72,10.0,0.62/0.53,0.80/1.00,0.64,0.60/0.40,0.80/1.00,0.57,
737,engine_restart,noop,1,0.282,,,,,,,,,0.05
787-8,cruise,inertia_x1.6,1,0.518,0.6,0.0,0.05/1.00,0.20/1.00,,-,,,
787-8,cruise,cmq_x0.5,4,0.518,4.38,5.0,0.23/0.75,0.60/1.00,0.56,0.40/0.50,1.00/0.67,0.56,
787-8,cruise,cmalpha_x0.7,7,0.518,3.92,5.0,0.38/0.71,0.80/1.00,0.61,0.40/0.29,1.00/0.50,0.35,
787-8,cruise,clo_+0.1,7,0.518,7.53,8.0,0.31/0.57,0.40/1.00,0.54,0.12/0.14,0.50/1.00,0.2,
787-8,cruise,noop,1,0.518,,,,,,,,,0.05
787-8,throttle_step,inertia_x1.6,0,0.384,0.6,0.0,0.00/0.00,0.00/0.00,,-,,,
787-8,throttle_step,cmq_x0.5,2,0.384,0.9,0.0,0.15/1.00,0.40/1.00,0.6,-,,,
787-8,throttle_step,cmalpha_x0.7,6,0.384,0.82,0.0,0.38/0.83,0.40/1.00,0.74,-,,,
787-8,throttle_step,clo_+0.1,5,0.384,7.63,3.0,0.31/0.80,0.40/1.00,0.6,0.33/0.20,0.67/1.00,0.88,
787-8,throttle_step,noop,0,0.384,,,,,,,,,0.0
787-8,elev_doublet,inertia_x1.6,2,0.51,1.01,1.0,0.09/1.00,0.20/1.00,,0.00/0.00,0.00/0.00,0.38,
787-8,elev_doublet,cmq_x0.5,1,0.51,0.51,0.0,0.08/1.00,0.20/1.00,0.66,-,,,
787-8,elev_doublet,cmalpha_x0.7,3,0.51,2.31,0.0,0.15/0.67,0.60/1.00,0.66,-,,,
787-8,elev_doublet,clo_+0.1,7,0.51,8.45,3.0,0.38/0.71,0.60/1.00,0.67,0.00/0.00,0.67/0.67,0.0,
787-8,elev_doublet,noop,1,0.51,,,,,,,,,0.05
787-8,elev_step,inertia_x1.6,5,0.552,0.75,0.0,0.23/1.00,0.60/1.00,,-,,,
787-8,elev_step,cmq_x0.5,2,0.552,0.51,0.0,0.00/0.00,0.40/1.00,0.47,-,,,
787-8,elev_step,cmalpha_x0.7,4,0.552,2.44,5.0,0.23/0.75,0.60/1.00,0.53,0.20/0.25,0.50/0.67,0.44,
787-8,elev_step,clo_+0.1,9,0.552,6.56,3.0,0.31/0.44,0.60/1.00,0.46,0.00/0.00,0.67/0.67,0.09,
787-8,elev_step,noop,5,0.552,,,,,,,,,0.23
787-8,aileron_step,inertia_x1.6,0,0.49,0.83,0.0,0.00/0.00,0.00/0.00,,-,,,
787-8,aileron_step,cmq_x0.5,0,0.49,1.43,1.0,0.00/0.00,0.00/0.00,0.58,0.00/0.00,0.00/0.00,0.9,
787-8,aileron_step,cmalpha_x0.7,2,0.49,0.84,0.0,0.15/1.00,0.40/1.00,0.81,-,,,
787-8,aileron_step,clo_+0.1,6,0.49,4.75,3.0,0.15/0.33,0.80/1.00,0.43,0.33/0.17,1.00/0.75,0.4,
787-8,aileron_step,noop,0,0.49,,,,,,,,,0.0
787-8,rudder_doublet,inertia_x1.6,0,0.503,0.42,0.0,0.00/0.00,0.00/0.00,,-,,,
787-8,rudder_doublet,cmq_x0.5,0,0.503,0.4,0.0,0.00/0.00,0.00/0.00,0.43,-,,,
787-8,rudder_doublet,cmalpha_x0.7,5,0.503,0.48,0.0,0.38/1.00,0.60/1.00,0.71,-,,,
787-8,rudder_doublet,clo_+0.1,7,0.503,10.77,3.0,0.38/0.71,0.60/1.00,0.56,0.00/0.00,0.67/0.67,0.0,
787-8,rudder_doublet,noop,0,0.503,,,,,,,,,0.0
787-8,bank_hold,inertia_x1.6,0,0.418,0.9,0.0,0.00/0.00,0.00/0.00,,-,,,
787-8,bank_hold,cmq_x0.5,2,0.418,1.94,1.0,0.15/1.00,0.20/1.00,0.63,1.00/0.50,1.00/1.00,0.9,
787-8,bank_hold,cmalpha_x0.7,3,0.418,1.16,1.0,0.23/1.00,0.60/1.00,0.79,1.00/0.33,1.00/0.33,0.76,
787-8,bank_hold,clo_+0.1,4,0.418,7.85,3.0,0.15/0.50,0.40/1.00,0.57,0.00/0.00,0.33/0.50,0.05,
787-8,bank_hold,noop,0,0.418,,,,,,,,,0.0
787-8,flap_extend,inertia_x1.6,0,0.19,1.96,1.0,0.00/0.00,0.00/0.00,,0.00/0.00,0.00/0.00,0.95,
787-8,flap_extend,cmq_x0.5,2,0.19,1.59,1.0,0.15/1.00,0.40/1.00,0.68,0.00/0.00,0.00/0.00,0.05,
787-8,flap_extend,cmalpha_x0.7,18,0.19,1.46,6.0,0.85/0.61,1.00/1.00,0.64,0.83/0.28,1.00/0.60,0.4,
787-8,flap_extend,clo_+0.1,19,0.19,5.45,4.0,0.92/0.63,1.00/1.00,0.72,0.75/0.16,1.00/0.80,0.44,
787-8,flap_extend,noop,0,0.19,,,,,,,,,0.0
787-8,engine_cut,inertia_x1.6,0,0.302,0.43,0.0,0.00/0.00,0.00/0.00,,-,,,
787-8,engine_cut,cmq_x0.5,2,0.302,1.19,1.0,0.15/1.00,0.20/1.00,0.46,1.00/0.50,1.00/1.00,1.0,
787-8,engine_cut,cmalpha_x0.7,5,0.302,1.1,1.0,0.31/0.80,0.60/1.00,0.59,0.00/0.00,1.00/0.33,0.19,
787-8,engine_cut,clo_+0.1,9,0.302,10.16,7.0,0.38/0.56,0.60/1.00,0.66,0.14/0.11,0.75/1.00,0.3,
787-8,engine_cut,noop,0,0.302,,,,,,,,,0.0
787-8,climbing_turn,inertia_x1.6,0,0.348,0.3,0.0,0.00/0.00,0.00/0.00,,-,,,
787-8,climbing_turn,cmq_x0.5,6,0.348,0.58,0.0,0.46/1.00,0.60/1.00,0.74,-,,,
787-8,climbing_turn,cmalpha_x0.7,14,0.348,2.28,8.0,0.92/0.86,1.00/1.00,0.91,1.00/0.57,1.00/0.80,0.71,
787-8,climbing_turn,clo_+0.1,16,0.348,6.05,3.0,0.62/0.50,0.80/1.00,0.45,0.33/0.06,1.00/0.75,0.19,
787-8,climbing_turn,noop,0,0.348,,,,,,,,,0.0
787-8,elev_doublet_distractor,inertia_x1.6,1,0.571,0.42,0.0,0.05/1.00,0.20/1.00,,-,,,
787-8,elev_doublet_distractor,cmq_x0.5,0,0.571,0.37,0.0,0.00/0.00,0.00/0.00,0.33,-,,,
787-8,elev_doublet_distractor,cmalpha_x0.7,5,0.571,0.35,0.0,0.15/0.40,0.40/1.00,0.41,-,,,
787-8,elev_doublet_distractor,clo_+0.1,3,0.571,3.55,3.0,0.15/0.67,0.40/1.00,0.47,0.00/0.00,0.67/1.00,0.14,
787-8,elev_doublet_distractor,noop,0,0.571,,,,,,,,,0.0
787-8,engine_restart,inertia_x1.6,2,0.371,0.38,0.0,0.09/1.00,0.20/1.00,,-,,,
787-8,engine_restart,cmq_x0.5,6,0.371,0.61,0.0,0.38/0.83,0.60/1.00,0.86,-,,,
787-8,engine_restart,cmalpha_x0.7,8,0.371,0.55,0.0,0.54/0.88,0.80/1.00,0.94,-,,,
787-8,engine_restart,clo_+0.1,9,0.371,5.72,4.0,0.38/0.56,0.60/1.00,0.68,0.50/0.22,0.67/0.67,0.74,
787-8,engine_restart,noop,1,0.371,,,,,,,,,0.05
A320,cruise,inertia_x1.6,3,0.522,3.82,6.0,0.14/1.00,0.40/1.00,,0.50/1.00,1.00/1.00,0.88,
A320,cruise,cmq_x0.5,0,0.522,0.34,0.0,0.00/0.00,0.00/0.00,0.62,-,,,
A320,cruise,cmalpha_x0.7,9,0.522,10.36,5.0,0.54/0.78,0.80/1.00,0.79,0.40/0.22,1.00/0.50,0.33,
A320,cruise,clo_+0.1,6,0.522,13.74,4.0,0.23/0.50,0.40/1.00,0.59,0.00/0.00,0.50/1.00,0.06,
A320,cruise,noop,0,0.522,,,,,,,,,0.0
A320,throttle_step,inertia_x1.6,1,0.406,0.77,0.0,0.05/1.00,0.20/1.00,,-,,,
A320,throttle_step,cmq_x0.5,1,0.406,0.15,0.0,0.08/1.00,0.20/1.00,0.65,-,,,
A320,throttle_step,cmalpha_x0.7,5,0.406,0.7,0.0,0.38/1.00,0.60/1.00,0.77,-,,,
A320,throttle_step,clo_+0.1,3,0.406,8.1,3.0,0.23/1.00,0.40/1.00,0.62,0.33/0.33,0.67/1.00,0.35,
A320,throttle_step,noop,1,0.406,,,,,,,,,0.05
A320,elev_doublet,inertia_x1.6,3,0.608,18.83,11.0,0.14/1.00,0.60/1.00,,0.00/0.00,0.75/1.00,0.48,
A320,elev_doublet,cmq_x0.5,3,0.608,0.16,0.0,0.00/0.00,0.60/1.00,0.59,-,,,
A320,elev_doublet,cmalpha_x0.7,2,0.608,1.4,6.0,0.15/1.00,0.40/1.00,0.81,0.33/1.00,0.50/1.00,0.59,
A320,elev_doublet,clo_+0.1,4,0.608,7.84,4.0,0.15/0.50,0.60/1.00,0.54,0.00/0.00,0.75/1.00,0.12,
A320,elev_doublet,noop,3,0.608,,,,,,,,,0.14
A320,elev_step,inertia_x1.6,0,0.504,12.28,6.0,0.00/0.00,0.00/0.00,,0.00/0.00,0.00/0.00,0.32,
A320,elev_step,cmq_x0.5,0,0.504,0.17,0.0,0.00/0.00,0.00/0.00,0.6,-,,,
A320,elev_step,cmalpha_x0.7,4,0.504,5.21,3.0,0.23/0.75,0.60/1.00,0.7,0.00/0.00,0.67/0.67,0.65,
A320,elev_step,clo_+0.1,12,0.504,6.78,5.0,0.69/0.75,0.80/1.00,0.69,0.20/0.08,0.75/0.75,0.24,
A320,elev_step,noop,0,0.504,,,,,,,,,0.0
A320,aileron_step,inertia_x1.6,0,0.408,1.64,1.0,0.00/0.00,0.00/0.00,,0.00/0.00,0.00/0.00,0.71,
A320,aileron_step,cmq_x0.5,0,0.408,0.21,0.0,0.00/0.00,0.00/0.00,0.53,-,,,
A320,aileron_step,cmalpha_x0.7,4,0.408,0.8,0.0,0.23/0.75,0.80/1.00,0.65,-,,,
A320,aileron_step,clo_+0.1,6,0.408,11.9,3.0,0.23/0.50,0.60/1.00,0.56,0.00/0.00,0.67/0.67,0.0,
A320,aileron_step,noop,0,0.408,,,,,,,,,0.0
A320,rudder_doublet,inertia_x1.6,1,0.476,0.66,0.0,0.05/1.00,0.20/1.00,,-,,,
A320,rudder_doublet,cmq_x0.5,1,0.476,0.07,0.0,0.00/0.00,0.20/1.00,0.57,-,,,
A320,rudder_doublet,cmalpha_x0.7,4,0.476,0.5,0.0,0.23/0.75,0.60/1.00,0.94,-,,,
A320,rudder_doublet,clo_+0.1,1,0.476,11.06,3.0,0.08/1.00,0.20/1.00,0.75,0.33/1.00,0.33/1.00,0.33,
A320,rudder_doublet,noop,1,0.476,,,,,,,,,0.05
A320,bank_hold,inertia_x1.6,1,0.422,2.34,2.0,0.05/1.00,0.20/1.00,,0.00/0.00,0.00/0.00,0.62,
A320,bank_hold,cmq_x0.5,1,0.422,0.29,0.0,0.08/1.00,0.20/1.00,0.1,-,,,
A320,bank_hold,cmalpha_x0.7,2,0.422,1.12,1.0,0.15/1.00,0.40/1.00,0.41,0.00/0.00,0.00/0.00,0.81,
A320,bank_hold,clo_+0.1,7,0.422,10.91,4.0,0.08/0.14,0.80/1.00,0.16,0.25/0.14,1.00/1.00,0.25,
A320,bank_hold,noop,1,0.422,,,,,,,,,0.05
A320,flap_extend,inertia_x1.6,4,0.246,2.0,1.0,0.18/1.00,0.40/1.00,,1.00/0.25,1.00/0.50,1.0,
A320,flap_extend,cmq_x0.5,3,0.246,0.12,0.0,0.15/0.67,0.40/1.00,0.41,-,,,
A320,flap_extend,cmalpha_x0.7,16,0.246,5.34,12.0,0.69/0.56,0.80/1.00,0.47,0.67/0.50,0.80/1.00,0.42,
A320,flap_extend,clo_+0.1,21,0.246,11.21,6.0,1.00/0.62,1.00/1.00,0.43,1.00/0.29,1.00/0.80,0.43,
A320,flap_extend,noop,3,0.246,,,,,,,,,0.14
A320,engine_cut,inertia_x1.6,1,0.313,1.53,2.0,0.05/1.00,0.20/1.00,,0.00/0.00,0.00/0.00,0.75,
A320,engine_cut,cmq_x0.5,2,0.313,0.19,0.0,0.15/1.00,0.40/1.00,0.41,-,,,
A320,engine_cut,cmalpha_x0.7,9,0.313,1.5,2.0,0.23/0.33,0.60/1.00,0.32,0.50/0.11,1.00/0.33,0.5,
A320,engine_cut,clo_+0.1,15,0.313,12.3,4.0,0.46/0.40,0.80/1.00,0.21,0.50/0.13,1.00/1.00,0.33,
A320,engine_cut,noop,1,0.313,,,,,,,,,0.05
A320,climbing_turn,inertia_x1.6,3,0.377,1.13,1.0,0.14/1.00,0.20/1.00,,0.00/0.00,0.00/0.00,0.38,
A320,climbing_turn,cmq_x0.5,2,0.377,0.12,0.0,0.15/1.00,0.20/1.00,0.64,-,,,
A320,climbing_turn,cmalpha_x0.7,6,0.377,1.05,1.0,0.31/0.67,0.80/1.00,0.78,1.00/0.17,1.00/0.25,1.0,
A320,climbing_turn,clo_+0.1,2,0.377,8.55,2.0,0.08/0.50,0.40/1.00,0.39,0.00/0.00,0.50/0.50,0.0,
A320,climbing_turn,noop,2,0.377,,,,,,,,,0.09
A320,elev_doublet_distractor,inertia_x1.6,1,0.512,1.23,4.0,0.05/1.00,0.20/1.00,,0.00/0.00,0.33/1.00,0.28,
A320,elev_doublet_distractor,cmq_x0.5,0,0.512,0.12,0.0,0.00/0.00,0.00/0.00,0.47,-,,,
A320,elev_doublet_distractor,cmalpha_x0.7,3,0.512,1.04,4.0,0.23/1.00,0.20/1.00,0.7,0.25/0.33,0.33/1.00,0.65,
A320,elev_doublet_distractor,clo_+0.1,6,0.512,4.53,3.0,0.08/0.17,0.60/1.00,0.34,0.00/0.00,0.67/0.67,0.0,
A320,elev_doublet_distractor,noop,0,0.512,,,,,,,,,0.0
A320,engine_restart,inertia_x1.6,3,0.264,0.8,0.0,0.14/1.00,0.40/1.00,,-,,,
A320,engine_restart,cmq_x0.5,3,0.264,0.3,0.0,0.23/1.00,0.40/1.00,0.63,-,,,
A320,engine_restart,cmalpha_x0.7,18,0.264,0.85,0.0,0.77/0.56,0.80/1.00,0.71,-,,,
A320,engine_restart,clo_+0.1,17,0.264,14.39,4.0,0.62/0.47,0.80/1.00,0.41,0.25/0.06,1.00/1.00,0.25,
A320,engine_restart,noop,2,0.264,,,,,,,,,0.09
A4,cruise,inertia_x1.6,1,0.518,3.28,5.0,0.05/1.00,0.20/1.00,,0.20/1.00,0.50/1.00,0.58,
A4,cruise,cmq_x0.5,0,0.518,0.55,0.0,0.00/0.00,0.00/0.00,0.51,-,,,
A4,cruise,cmalpha_x0.7,7,0.518,3.44,5.0,0.31/0.57,0.80/1.00,0.56,0.20/0.14,1.00/0.50,0.31,
A4,cruise,clo_+0.1,10,0.518,25.03,6.0,0.46/0.60,0.60/1.00,0.6,0.33/0.20,0.75/1.00,0.2,
A4,cruise,noop,0,0.518,,,,,,,,,0.0
A4,throttle_step,inertia_x1.6,0,0.435,0.85,0.0,0.00/0.00,0.00/0.00,,-,,,
A4,throttle_step,cmq_x0.5,0,0.435,0.26,0.0,0.00/0.00,0.00/0.00,0.71,-,,,
A4,throttle_step,cmalpha_x0.7,2,0.435,1.82,3.0,0.15/1.00,0.40/1.00,0.51,0.00/0.00,0.50/0.50,0.11,
A4,throttle_step,clo_+0.1,15,0.435,22.9,6.0,0.69/0.60,0.80/1.00,0.43,0.50/0.20,0.75/0.75,0.25,
A4,throttle_step,noop,0,0.435,,,,,,,,,0.0
A4,elev_doublet,inertia_x1.6,0,0.588,1.86,4.0,0.00/0.00,0.00/0.00,,0.00/0.00,0.00/0.00,0.61,
A4,elev_doublet,cmq_x0.5,0,0.588,0.19,0.0,0.00/0.00,0.00/0.00,0.48,-,,,
A4,elev_doublet,cmalpha_x0.7,4,0.588,0.75,0.0,0.23/0.75,0.60/1.00,0.72,-,,,
A4,elev_doublet,clo_+0.1,10,0.588,33.14,4.0,0.31/0.40,0.80/1.00,0.58,0.25/0.10,0.75/0.75,0.21,
A4,elev_doublet,noop,0,0.588,,,,,,,,,0.0
A4,elev_step,inertia_x1.6,1,0.501,1.03,1.0,0.05/1.00,0.20/1.00,,0.00/0.00,0.00/0.00,0.43,
A4,elev_step,cmq_x0.5,0,0.501,0.29,0.0,0.00/0.00,0.00/0.00,0.38,-,,,
A4,elev_step,cmalpha_x0.7,2,0.501,2.92,5.0,0.15/1.00,0.40/1.00,0.29,0.00/0.00,0.25/0.50,0.08,
A4,elev_step,clo_+0.1,16,0.501,26.03,6.0,0.69/0.56,0.80/1.00,0.46,0.50/0.19,0.80/1.00,0.31,
A4,elev_step,noop,1,0.501,,,,,,,,,0.05
A4,aileron_step,inertia_x1.6,5,0.341,12.53,4.0,0.23/1.00,0.60/1.00,,0.25/0.20,1.00/0.33,0.36,
A4,aileron_step,cmq_x0.5,3,0.341,0.47,0.0,0.23/1.00,0.20/1.00,0.79,-,,,
A4,aileron_step,cmalpha_x0.7,7,0.341,0.8,0.0,0.46/0.86,0.60/1.00,0.86,-,,,
A4,aileron_step,clo_+0.1,16,0.341,29.74,10.0,0.62/0.50,0.80/1.00,0.54,0.50/0.31,0.80/1.00,0.32,
A4,aileron_step,noop,3,0.341,,,,,,,,,0.14
A4,rudder_doublet,inertia_x1.6,2,0.377,1.09,3.0,0.09/1.00,0.40/1.00,,0.00/0.00,0.50/0.50,0.65,
A4,rudder_doublet,cmq_x0.5,2,0.377,0.3,0.0,0.15/1.00,0.40/1.00,0.68,-,,,
A4,rudder_doublet,cmalpha_x0.7,5,0.377,0.97,0.0,0.31/0.80,0.80/1.00,0.69,-,,,
A4,rudder_doublet,clo_+0.1,12,0.377,86.32,4.0,0.31/0.33,0.80/1.00,0.26,0.00/0.00,1.00/0.75,0.03,
A4,rudder_doublet,noop,2,0.377,,,,,,,,,0.09
A4,bank_hold,inertia_x1.6,3,0.385,7.81,2.0,0.14/1.00,0.40/1.00,,0.00/0.00,0.00/0.00,0.8,
A4,bank_hold,cmq_x0.5,0,0.385,0.35,0.0,0.00/0.00,0.00/0.00,0.2,-,,,
A4,bank_hold,cmalpha_x0.7,2,0.385,0.61,0.0,0.15/1.00,0.40/1.00,0.38,-,,,
A4,bank_hold,clo_+0.1,16,0.385,43.9,8.0,0.62/0.50,0.80/1.00,0.5,0.75/0.38,1.00/1.00,0.37,
A4,bank_hold,noop,0,0.385,,,,,,,,,0.0
A4,flap_extend,inertia_x1.6,2,0.37,1.47,5.0,0.09/1.00,0.40/1.00,,0.20/0.50,0.67/1.00,0.47,
A4,flap_extend,cmq_x0.5,7,0.37,1.02,2.0,0.46/0.86,1.00/1.00,0.7,1.00/0.29,1.00/0.40,0.93,
A4,flap_extend,cmalpha_x0.7,7,0.37,2.67,5.0,0.31/0.57,0.60/1.00,0.58,0.60/0.43,0.75/1.00,0.53,
A4,flap_extend,clo_+0.1,20,0.37,15.33,3.0,1.00/0.65,1.00/1.00,0.53,1.00/0.15,1.00/0.60,0.44,
A4,flap_extend,noop,1,0.37,,,,,,,,,0.05
A4,climbing_turn,inertia_x1.6,0,0.394,3.72,1.0,0.00/0.00,0.00/0.00,,0.00/0.00,0.00/0.00,0.19,
A4,climbing_turn,cmq_x0.5,0,0.394,0.23,0.0,0.00/0.00,0.00/0.00,0.81,-,,,
A4,climbing_turn,cmalpha_x0.7,7,0.394,2.07,8.0,0.54/1.00,0.80/1.00,0.91,0.62/0.71,0.80/1.00,0.85,
A4,climbing_turn,clo_+0.1,17,0.394,27.38,6.0,0.77/0.59,1.00/1.00,0.54,0.83/0.29,1.00/0.80,0.44,
A4,climbing_turn,noop,0,0.394,,,,,,,,,0.0
A4,elev_doublet_distractor,inertia_x1.6,1,0.423,0.86,0.0,0.05/1.00,0.20/1.00,,-,,,
A4,elev_doublet_distractor,cmq_x0.5,0,0.423,0.25,0.0,0.00/0.00,0.00/0.00,0.36,-,,,
A4,elev_doublet_distractor,cmalpha_x0.7,2,0.423,0.92,0.0,0.15/1.00,0.40/1.00,0.49,-,,,
A4,elev_doublet_distractor,clo_+0.1,15,0.423,17.15,4.0,0.54/0.47,1.00/1.00,0.41,0.00/0.00,1.00/0.80,0.07,
A4,elev_doublet_distractor,noop,0,0.423,,,,,,,,,0.0
B747,cruise,inertia_x1.6,0,0.529,2.25,1.0,0.00/0.00,0.00/0.00,,0.00/0.00,0.00/0.00,0.52,
B747,cruise,cmq_x0.5,3,0.529,5.96,4.0,0.15/0.67,0.40/1.00,0.35,0.50/0.67,1.00/1.00,0.85,
B747,cruise,cmalpha_x0.7,7,0.529,4.16,1.0,0.38/0.71,0.80/1.00,0.53,1.00/0.14,1.00/0.25,0.81,
B747,cruise,clo_+0.1,8,0.529,21.11,5.0,0.23/0.38,0.60/1.00,0.42,0.60/0.38,0.75/1.00,0.59,
B747,cruise,noop,0,0.529,,,,,,,,,0.0
B747,throttle_step,inertia_x1.6,0,0.367,1.43,2.0,0.00/0.00,0.00/0.00,,0.00/0.00,0.00/0.00,0.62,
B747,throttle_step,cmq_x0.5,1,0.367,0.89,0.0,0.08/1.00,0.20/1.00,0.31,-,,,
B747,throttle_step,cmalpha_x0.7,2,0.367,0.63,0.0,0.08/0.50,0.40/1.00,0.45,-,,,
B747,throttle_step,clo_+0.1,3,0.367,17.11,3.0,0.15/0.67,0.60/1.00,0.55,0.33/0.33,0.67/0.67,0.96,
B747,throttle_step,noop,0,0.367,,,,,,,,,0.0
B747,elev_doublet,inertia_x1.6,0,0.528,9.92,1.0,0.00/0.00,0.00/0.00,,0.00/0.00,0.00/0.00,0.71,
B747,elev_doublet,cmq_x0.5,0,0.528,0.42,0.0,0.00/0.00,0.00/0.00,0.59,-,,,
B747,elev_doublet,cmalpha_x0.7,7,0.528,0.86,0.0,0.31/0.57,0.80/1.00,0.68,-,,,
B747,elev_doublet,clo_+0.1,11,0.528,10.87,3.0,0.54/0.64,0.60/1.00,0.67,0.33/0.09,0.67/0.67,0.33,
B747,elev_doublet,noop,0,0.528,,,,,,,,,0.0
B747,elev_step,inertia_x1.6,3,0.465,11.92,5.0,0.14/1.00,0.40/1.00,,0.00/0.00,0.50/0.50,0.52,
B747,elev_step,cmq_x0.5,3,0.465,1.38,3.0,0.15/0.67,0.40/1.00,0.71,0.00/0.00,0.67/1.00,0.16,
B747,elev_step,cmalpha_x0.7,7,0.465,2.29,3.0,0.38/0.71,0.60/1.00,0.65,0.00/0.00,0.67/0.67,0.39,
B747,elev_step,clo_+0.1,13,0.465,18.0,4.0,0.62/0.62,0.60/1.00,0.5,0.25/0.08,0.75/1.00,0.19,
B747,elev_step,noop,2,0.465,,,,,,,,,0.09
B747,aileron_step,inertia_x1.6,1,0.409,1.95,4.0,0.05/1.00,0.20/1.00,,0.00/0.00,0.00/0.00,0.53,
B747,aileron_step,cmq_x0.5,1,0.409,1.67,2.0,0.08/1.00,0.20/1.00,0.32,0.00/0.00,0.00/0.00,0.42,
B747,aileron_step,cmalpha_x0.7,3,0.409,0.74,0.0,0.23/1.00,0.40/1.00,0.31,-,,,
B747,aileron_step,clo_+0.1,1,0.409,12.94,5.0,0.08/1.00,0.20/1.00,0.21,0.00/0.00,0.25/1.00,0.39,
B747,aileron_step,noop,1,0.409,,,,,,,,,0.05
B747,rudder_doublet,inertia_x1.6,0,0.452,0.48,0.0,0.00/0.00,0.00/0.00,,-,,,
B747,rudder_doublet,cmq_x0.5,1,0.452,0.48,0.0,0.08/1.00,0.20/1.00,0.34,-,,,
B747,rudder_doublet,cmalpha_x0.7,3,0.452,0.18,0.0,0.23/1.00,0.40/1.00,0.42,-,,,
B747,rudder_doublet,clo_+0.1,8,0.452,19.08,3.0,0.46/0.75,0.40/1.00,0.43,0.00/0.00,0.33/0.50,0.07,
B747,rudder_doublet,noop,0,0.452,,,,,,,,,0.0
B747,bank_hold,inertia_x1.6,1,0.415,1.28,4.0,0.05/1.00,0.20/1.00,,0.00/0.00,0.00/0.00,0.54,
B747,bank_hold,cmq_x0.5,2,0.415,1.36,1.0,0.08/0.50,0.40/1.00,0.45,1.00/0.50,1.00/0.50,1.0,
B747,bank_hold,cmalpha_x0.7,10,0.415,0.5,0.0,0.31/0.40,0.80/1.00,0.49,-,,,
B747,bank_hold,clo_+0.1,10,0.415,19.09,3.0,0.15/0.20,0.80/1.00,0.18,0.33/0.10,1.00/0.75,0.61,
B747,bank_hold,noop,1,0.415,,,,,,,,,0.05
B747,flap_extend,inertia_x1.6,8,0.164,2.72,2.0,0.36/1.00,0.80/1.00,,0.50/0.12,1.00/0.50,0.88,
B747,flap_extend,cmq_x0.5,15,0.164,1.06,1.0,0.54/0.47,0.80/1.00,0.38,0.00/0.00,1.00/0.25,0.0,
B747,flap_extend,cmalpha_x0.7,21,0.164,2.24,11.0,0.92/0.57,1.00/1.00,0.44,0.91/0.48,1.00/1.00,0.42,
B747,flap_extend,clo_+0.1,16,0.164,2.43,2.0,0.69/0.56,1.00/1.00,0.39,1.00/0.12,1.00/0.40,0.9,
B747,flap_extend,noop,1,0.164,,,,,,,,,0.05
B747,engine_cut,inertia_x1.6,1,0.262,1.56,2.0,0.05/1.00,0.20/1.00,,0.00/0.00,0.00/0.00,0.3,
B747,engine_cut,cmq_x0.5,5,0.262,2.23,2.0,0.38/1.00,0.60/1.00,0.6,1.00/0.40,1.00/0.67,0.92,
B747,engine_cut,cmalpha_x0.7,6,0.262,1.19,1.0,0.46/1.00,0.80/1.00,0.65,1.00/0.17,1.00/0.25,0.71,
B747,engine_cut,clo_+0.1,9,0.262,16.89,4.0,0.46/0.67,0.80/1.00,0.74,1.00/0.44,1.00/1.00,0.97,
B747,engine_cut,noop,0,0.262,,,,,,,,,0.0
B747,climbing_turn,inertia_x1.6,0,0.415,1.27,2.0,0.00/0.00,0.00/0.00,,0.00/0.00,0.00/0.00,0.75,
B747,climbing_turn,cmq_x0.5,0,0.415,1.02,2.0,0.00/0.00,0.00/0.00,0.75,0.00/0.00,0.00/0.00,0.05,
B747,climbing_turn,cmalpha_x0.7,2,0.415,1.39,3.0,0.15/1.00,0.20/1.00,0.75,0.00/0.00,0.33/1.00,0.32,
B747,climbing_turn,clo_+0.1,4,0.415,20.6,3.0,0.31/1.00,0.80/1.00,0.85,1.00/0.75,1.00/0.75,1.0,
B747,climbing_turn,noop,0,0.415,,,,,,,,,0.0
B747,elev_doublet_distractor,inertia_x1.6,2,0.534,1.18,2.0,0.09/1.00,0.40/1.00,,0.00/0.00,1.00/1.00,0.62,
B747,elev_doublet_distractor,cmq_x0.5,2,0.534,0.61,0.0,0.08/0.50,0.40/1.00,0.39,-,,,
B747,elev_doublet_distractor,cmalpha_x0.7,8,0.534,0.32,0.0,0.31/0.50,0.80/1.00,0.59,-,,,
B747,elev_doublet_distractor,clo_+0.1,6,0.534,11.32,3.0,0.08/0.17,0.60/1.00,0.11,0.33/0.17,0.67/0.67,0.47,
B747,elev_doublet_distractor,noop,1,0.534,,,,,,,,,0.05
B747,engine_restart,inertia_x1.6,2,0.319,1.27,1.0,0.09/1.00,0.40/1.00,,1.00/0.50,1.00/0.50,1.0,
B747,engine_restart,cmq_x0.5,6,0.319,1.93,5.0,0.38/0.83,0.60/1.00,0.56,0.80/0.67,1.00/1.00,0.84,
B747,engine_restart,cmalpha_x0.7,3,0.319,0.87,0.0,0.15/0.67,0.40/1.00,0.3,-,,,
B747,engine_restart,clo_+0.1,9,0.319,16.33,4.0,0.31/0.44,0.80/1.00,0.42,0.50/0.22,1.00/1.00,0.64,
B747,engine_restart,noop,0,0.319,,,,,,,,,0.0
Boeing314,cruise,inertia_x1.6,0,0.731,1.32,9.0,0.00/0.00,0.00/0.00,,0.00/0.00,0.00/0.00,0.75,
Boeing314,cruise,cmq_x0.5,6,0.731,9.34,8.0,0.31/0.67,0.60/1.00,0.32,0.50/0.67,1.00/1.00,0.55,
Boeing314,cruise,cmalpha_x0.7,3,0.731,2.28,4.0,0.23/1.00,0.20/1.00,0.15,0.00/0.00,0.33/1.00,0.28,
Boeing314,cruise,clo_+0.1,3,0.731,4.73,7.0,0.08/0.33,0.40/1.00,0.06,0.14/0.33,0.50/1.00,0.23,
Boeing314,cruise,noop,0,0.731,,,,,,,,,0.0
Boeing314,throttle_step,inertia_x1.6,0,0.559,0.87,0.0,0.00/0.00,0.00/0.00,,-,,,
Boeing314,throttle_step,cmq_x0.5,7,0.559,3.13,7.0,0.38/0.71,0.60/1.00,0.79,0.29/0.29,0.67/0.67,0.55,
Boeing314,throttle_step,cmalpha_x0.7,9,0.559,1.2,1.0,0.46/0.67,0.60/1.00,0.87,1.00/0.11,1.00/0.33,0.43,
Boeing314,throttle_step,clo_+0.1,8,0.559,1.52,3.0,0.54/0.88,0.80/1.00,0.88,0.67/0.25,1.00/0.75,0.75,
Boeing314,throttle_step,noop,0,0.559,,,,,,,,,0.0
Boeing314,elev_doublet,inertia_x1.6,1,0.7,0.74,0.0,0.05/1.00,0.20/1.00,,-,,,
Boeing314,elev_doublet,cmq_x0.5,3,0.7,1.56,4.0,0.15/0.67,0.40/1.00,0.53,0.00/0.00,0.67/1.00,0.06,
Boeing314,elev_doublet,cmalpha_x0.7,4,0.7,0.91,0.0,0.23/0.75,0.40/1.00,0.57,-,,,
Boeing314,elev_doublet,clo_+0.1,9,0.7,3.12,3.0,0.38/0.56,0.80/1.00,0.24,0.00/0.00,1.00/0.75,0.04,
Boeing314,elev_doublet,noop,3,0.7,,,,,,,,,0.14
Boeing314,elev_step,inertia_x1.6,2,0.717,1.35,9.0,0.09/1.00,0.20/1.00,,0.00/0.00,0.25/1.00,0.68,
Boeing314,elev_step,cmq_x0.5,7,0.717,3.75,9.0,0.38/0.71,0.60/1.00,0.44,0.33/0.43,0.75/1.00,0.4,
Boeing314,elev_step,cmalpha_x0.7,0,0.717,1.43,0.0,0.00/0.00,0.00/0.00,0.38,-,,,
Boeing314,elev_step,clo_+0.1,3,0.717,1.85,5.0,0.15/0.67,0.40/1.00,0.44,0.20/0.33,0.50/1.00,0.24,
Boeing314,elev_step,noop,2,0.717,,,,,,,,,0.09
Boeing314,aileron_step,inertia_x1.6,1,0.661,0.76,0.0,0.05/1.00,0.20/1.00,,-,,,
Boeing314,aileron_step,cmq_x0.5,3,0.661,1.18,1.0,0.00/0.00,0.20/1.00,0.32,0.00/0.00,0.00/0.00,0.71,
Boeing314,aileron_step,cmalpha_x0.7,0,0.661,0.71,0.0,0.00/0.00,0.00/0.00,0.47,-,,,
Boeing314,aileron_step,clo_+0.1,0,0.661,1.18,2.0,0.00/0.00,0.00/0.00,0.7,0.00/0.00,0.00/0.00,0.08,
Boeing314,aileron_step,noop,0,0.661,,,,,,,,,0.0
Boeing314,rudder_doublet,inertia_x1.6,1,0.706,0.77,0.0,0.05/1.00,0.20/1.00,,-,,,
Boeing314,rudder_doublet,cmq_x0.5,2,0.706,4.03,8.0,0.15/1.00,0.40/1.00,0.66,0.00/0.00,0.67/1.00,0.42,
Boeing314,rudder_doublet,cmalpha_x0.7,6,0.706,1.28,4.0,0.46/1.00,0.60/1.00,0.61,0.75/0.50,0.67/0.67,0.56,
Boeing314,rudder_doublet,clo_+0.1,4,0.706,3.03,5.0,0.31/1.00,0.40/1.00,0.49,0.00/0.00,0.50/1.00,0.19,
Boeing314,rudder_doublet,noop,0,0.706,,,,,,,,,0.0
Boeing314,bank_hold,inertia_x1.6,0,0.696,1.02,1.0,0.00/0.00,0.00/0.00,,0.00/0.00,0.00/0.00,0.29,
Boeing314,bank_hold,cmq_x0.5,6,0.696,3.12,8.0,0.31/0.67,0.60/1.00,0.44,0.25/0.33,0.67/0.67,0.39,
Boeing314,bank_hold,cmalpha_x0.7,5,0.696,1.3,2.0,0.15/0.40,0.80/1.00,0.43,0.50/0.20,1.00/0.25,0.3,
Boeing314,bank_hold,clo_+0.1,3,0.696,3.74,10.0,0.15/0.67,0.40/1.00,0.44,0.20/0.67,0.50/1.00,0.42,
Boeing314,bank_hold,noop,0,0.696,,,,,,,,,0.0
Boeing314,flap_extend,inertia_x1.6,5,0.704,1.59,9.0,0.23/1.00,0.20/1.00,,0.22/0.40,0.25/1.00,0.58,
Boeing314,flap_extend,cmq_x0.5,6,0.704,3.91,7.0,0.46/1.00,0.40/1.00,0.71,0.57/0.67,0.67/1.00,0.82,
Boeing314,flap_extend,cmalpha_x0.7,7,0.704,2.87,0.0,0.38/0.71,0.80/1.00,0.34,-,,,
Boeing314,flap_extend,clo_+0.1,3,0.704,1.54,1.0,0.23/1.00,0.40/1.00,0.49,0.00/0.00,0.00/0.00,0.19,
Boeing314,flap_extend,noop,2,0.704,,,,,,,,,0.09
Boeing314,engine_cut,inertia_x1.6,2,0.745,0.87,0.0,0.09/1.00,0.20/1.00,,-,,,
Boeing314,engine_cut,cmq_x0.5,4,0.745,3.18,5.0,0.15/0.50,0.40/1.00,0.4,0.00/0.00,0.33/0.50,0.11,
Boeing314,engine_cut,cmalpha_x0.7,10,0.745,1.29,1.0,0.46/0.60,0.80/1.00,0.61,1.00/0.10,1.00/0.25,0.71,
Boeing314,engine_cut,clo_+0.1,5,0.745,1.84,3.0,0.31/0.80,0.40/1.00,0.52,0.33/0.20,0.67/1.00,0.53,
Boeing314,engine_cut,noop,1,0.745,,,,,,,,,0.05
Boeing314,climbing_turn,inertia_x1.6,2,0.567,1.07,2.0,0.09/1.00,0.40/1.00,,0.00/0.00,1.00/0.50,0.68,
Boeing314,climbing_turn,cmq_x0.5,11,0.567,5.32,9.0,0.69/0.82,0.80/1.00,0.88,0.78/0.64,1.00/1.00,0.75,
Boeing314,climbing_turn,cmalpha_x0.7,3,0.567,1.5,3.0,0.08/0.33,0.60/1.00,0.26,0.00/0.00,1.00/1.00,0.12,
Boeing314,climbing_turn,clo_+0.1,5,0.567,2.14,3.0,0.23/0.60,0.60/1.00,0.68,0.33/0.20,0.33/0.33,0.68,
Boeing314,climbing_turn,noop,1,0.567,,,,,,,,,0.05
Boeing314,elev_doublet_distractor,inertia_x1.6,1,0.713,0.76,0.0,0.05/1.00,0.20/1.00,,-,,,
Boeing314,elev_doublet_distractor,cmq_x0.5,2,0.713,1.95,4.0,0.15/1.00,0.40/1.00,0.76,0.25/0.50,0.67/1.00,0.39,
Boeing314,elev_doublet_distractor,cmalpha_x0.7,4,0.713,0.58,0.0,0.31/1.00,0.40/1.00,0.9,-,,,
Boeing314,elev_doublet_distractor,clo_+0.1,2,0.713,1.72,3.0,0.08/0.50,0.40/1.00,0.68,0.00/0.00,0.33/0.50,0.33,
Boeing314,elev_doublet_distractor,noop,0,0.713,,,,,,,,,0.0
Boeing314,engine_stop,inertia_x1.6,1,0.725,0.56,0.0,0.05/1.00,0.20/1.00,,-,,,
Boeing314,engine_stop,cmq_x0.5,4,0.725,3.21,7.0,0.08/0.25,0.60/1.00,0.3,0.00/0.00,0.67/0.67,0.09,
Boeing314,engine_stop,cmalpha_x0.7,3,0.725,1.17,1.0,0.23/1.00,0.40/1.00,0.61,0.00/0.00,1.00/0.50,0.19,
Boeing314,engine_stop,clo_+0.1,6,0.725,1.3,2.0,0.31/0.67,0.80/1.00,0.46,1.00/0.33,1.00/0.50,0.85,
Boeing314,engine_stop,noop,0,0.725,,,,,,,,,0.0
Camel,cruise,cmq_x0.5,0,0.614,3.9,1.0,0.00/0.00,0.00/0.00,0.26,0.00/0.00,0.00/0.00,0.48,
Camel,cruise,cmalpha_x0.7,8,0.614,10.11,5.0,0.38/0.62,0.40/1.00,0.48,1.00/0.62,1.00/1.00,0.93,
Camel,cruise,clo_+0.1,14,0.614,5.29,5.0,0.54/0.50,0.80/1.00,0.56,0.80/0.29,1.00/1.00,0.89,
Camel,cruise,noop,0,0.614,,,,,,,,,0.0
Camel,throttle_step,cmq_x0.5,4,0.625,2.56,6.0,0.15/0.50,0.60/1.00,0.38,0.33/0.50,1.00/1.00,0.53,
Camel,throttle_step,cmalpha_x0.7,7,0.625,3.66,6.0,0.31/0.57,0.60/1.00,0.33,0.67/0.57,1.00/1.00,0.62,
Camel,throttle_step,clo_+0.1,8,0.625,6.85,7.0,0.38/0.62,0.80/1.00,0.6,0.57/0.50,1.00/1.00,0.75,
Camel,throttle_step,noop,0,0.625,,,,,,,,,0.0
Camel,elev_doublet,cmq_x0.5,0,0.747,1.02,0.0,0.00/0.00,0.00/0.00,0.74,-,,,
Camel,elev_doublet,cmalpha_x0.7,1,0.747,1.44,2.0,0.08/1.00,0.20/1.00,0.82,0.00/0.00,0.00/0.00,0.28,
Camel,elev_doublet,clo_+0.1,1,0.747,2.97,2.0,0.08/1.00,0.20/1.00,0.68,0.50/1.00,0.50/1.00,0.5,
Camel,elev_doublet,noop,1,0.747,,,,,,,,,0.05
Camel,elev_step,cmq_x0.5,5,0.713,2.99,5.0,0.31/0.80,0.60/1.00,0.72,0.40/0.40,0.75/1.00,0.69,
Camel,elev_step,cmalpha_x0.7,18,0.713,246.1,13.0,0.85/0.61,0.80/1.00,0.76,0.85/0.61,0.80/1.00,0.76,
Camel,elev_step,clo_+0.1,14,0.713,2.54,5.0,0.54/0.50,0.80/1.00,0.56,0.80/0.29,1.00/1.00,0.75,
Camel,elev_step,noop,0,0.713,,,,,,,,,0.0
Camel,aileron_step,cmq_x0.5,11,0.608,2.34,3.0,0.38/0.45,0.80/1.00,0.62,1.00/0.27,1.00/0.50,0.67,
Camel,aileron_step,cmalpha_x0.7,9,0.608,1.59,1.0,0.31/0.44,0.80/1.00,0.58,1.00/0.11,1.00/0.25,1.0,
Camel,aileron_step,clo_+0.1,12,0.608,4.07,4.0,0.54/0.58,0.80/1.00,0.65,0.75/0.25,1.00/0.75,0.79,
Camel,aileron_step,noop,0,0.608,,,,,,,,,0.0
Camel,rudder_doublet,cmq_x0.5,0,0.683,0.6,0.0,0.00/0.00,0.00/0.00,0.32,-,,,
Camel,rudder_doublet,cmalpha_x0.7,0,0.683,0.72,0.0,0.00/0.00,0.00/0.00,0.5,-,,,
Camel,rudder_doublet,clo_+0.1,1,0.683,3.94,3.0,0.08/1.00,0.20/1.00,0.53,0.33/1.00,0.33/1.00,1.0,
Camel,rudder_doublet,noop,0,0.683,,,,,,,,,0.0
Camel,bank_hold,cmq_x0.5,2,0.611,2.53,4.0,0.00/0.00,0.20/1.00,0.53,0.00/0.00,0.33/1.00,0.4,
Camel,bank_hold,cmalpha_x0.7,14,0.611,2.65,3.0,0.54/0.50,0.80/1.00,0.62,1.00/0.21,1.00/0.75,0.72,
Camel,bank_hold,clo_+0.1,16,0.611,8.34,4.0,0.62/0.50,0.80/1.00,0.59,1.00/0.25,1.00/0.75,0.83,
Camel,bank_hold,noop,0,0.611,,,,,,,,,0.0
Camel,flap_extend,cmq_x0.5,3,0.615,2.74,1.0,0.15/0.67,0.60/1.00,0.57,1.00/0.33,1.00/0.33,0.76,
Camel,flap_extend,cmalpha_x0.7,1,0.615,7.27,5.0,0.08/1.00,0.20/1.00,0.64,0.20/1.00,0.50/1.00,0.36,
Camel,flap_extend,clo_+0.1,12,0.615,3.59,6.0,0.54/0.58,0.80/1.00,0.64,0.83/0.42,1.00/1.00,0.93,
Camel,flap_extend,noop,1,0.615,,,,,,,,,0.05
Camel,climbing_turn,cmq_x0.5,19,0.506,1.81,11.0,0.77/0.53,0.80/1.00,0.45,0.91/0.53,1.00/1.00,0.62,
Camel,climbing_turn,cmalpha_x0.7,18,0.506,1.8,13.0,0.77/0.56,0.80/1.00,0.43,0.77/0.56,0.80/1.00,0.43,
Camel,climbing_turn,clo_+0.1,13,0.506,1.51,5.0,0.69/0.69,0.60/1.00,0.76,0.60/0.23,0.50/0.33,0.55,
Camel,climbing_turn,noop,0,0.506,,,,,,,,,0.0
Camel,elev_doublet_distractor,cmq_x0.5,0,0.738,0.77,0.0,0.00/0.00,0.00/0.00,0.3,-,,,
Camel,elev_doublet_distractor,cmalpha_x0.7,1,0.738,1.03,2.0,0.08/1.00,0.20/1.00,0.62,0.50/1.00,0.50/1.00,0.9,
Camel,elev_doublet_distractor,clo_+0.1,2,0.738,2.58,2.0,0.08/0.50,0.20/1.00,0.38,0.00/0.00,0.50/1.00,0.5,
Camel,elev_doublet_distractor,noop,1,0.738,,,,,,,,,0.05
Camel,engine_stop,cmq_x0.5,8,0.705,2.82,6.0,0.54/0.88,0.60/1.00,0.62,0.33/0.25,0.67/0.67,0.28,
Camel,engine_stop,cmalpha_x0.7,8,0.705,3.43,13.0,0.31/0.50,0.80/1.00,0.32,0.31/0.50,0.80/1.00,0.32,
Camel,engine_stop,clo_+0.1,18,0.705,2.68,11.0,0.69/0.50,0.80/1.00,0.57,0.82/0.50,1.00/1.00,0.62,
Camel,engine_stop,noop,0,0.705,,,,,,,,,0.0
F4N,cruise,inertia_x1.6,1,0.605,0.17,0.0,0.05/1.00,0.20/1.00,,-,,,
F4N,cruise,cmq_x0.5,3,0.605,2.68,3.0,0.15/0.67,0.20/1.00,0.57,0.67/0.67,0.50/1.00,0.68,
F4N,cruise,cmalpha_x0.7,6,0.605,4.98,4.0,0.38/0.83,1.00/1.00,0.71,0.00/0.00,1.00/0.40,0.12,
F4N,cruise,clo_+0.1,9,0.605,17.36,8.0,0.38/0.56,0.80/1.00,0.58,0.50/0.44,1.00/1.00,0.36,
F4N,cruise,noop,1,0.605,,,,,,,,,0.05
F4N,throttle_step,inertia_x1.6,7,0.202,0.41,0.0,0.32/1.00,0.40/1.00,,-,,,
F4N,throttle_step,cmq_x0.5,13,0.202,2.77,6.0,0.92/0.92,1.00/1.00,0.99,1.00/0.46,1.00/0.60,0.94,
F4N,throttle_step,cmalpha_x0.7,14,0.202,1.43,2.0,0.77/0.71,0.80/1.00,0.73,1.00/0.14,1.00/0.50,0.45,
F4N,throttle_step,clo_+0.1,13,0.202,21.61,4.0,0.69/0.69,0.60/1.00,0.85,0.75/0.23,0.67/0.67,0.76,
F4N,throttle_step,noop,9,0.202,,,,,,,,,0.41
F4N,elev_doublet,inertia_x1.6,1,0.677,1.87,1.0,0.05/1.00,0.20/1.00,,0.00/0.00,0.00/0.00,0.48,
F4N,elev_doublet,cmq_x0.5,1,0.677,0.51,0.0,0.08/1.00,0.20/1.00,0.72,-,,,
F4N,elev_doublet,cmalpha_x0.7,0,0.677,1.65,0.0,0.00/0.00,0.00/0.00,0.58,-,,,
F4N,elev_doublet,clo_+0.1,2,0.677,19.91,4.0,0.08/0.50,0.40/1.00,0.53,0.00/0.00,0.50/1.00,0.29,
F4N,elev_doublet,noop,1,0.677,,,,,,,,,0.05
F4N,elev_step,inertia_x1.6,1,0.514,1.68,2.0,0.05/1.00,0.20/1.00,,0.00/0.00,0.50/1.00,0.57,
F4N,elev_step,cmq_x0.5,0,0.514,1.77,3.0,0.00/0.00,0.00/0.00,0.42,0.00/0.00,0.00/0.00,0.35,
F4N,elev_step,cmalpha_x0.7,12,0.514,3.39,6.0,0.54/0.58,0.80/1.00,0.59,0.50/0.25,0.75/0.75,0.44,
F4N,elev_step,clo_+0.1,14,0.514,15.88,7.0,0.62/0.57,0.80/1.00,0.3,0.57/0.29,0.80/1.00,0.42,
F4N,elev_step,noop,0,0.514,,,,,,,,,0.0
F4N,aileron_step,inertia_x1.6,0,0.407,0.88,0.0,0.00/0.00,0.00/0.00,,-,,,
F4N,aileron_step,cmq_x0.5,0,0.407,1.28,1.0,0.00/0.00,0.00/0.00,0.55,0.00/0.00,0.00/0.00,1.0,
F4N,aileron_step,cmalpha_x0.7,7,0.407,0.78,0.0,0.23/0.43,0.60/1.00,0.5,-,,,
F4N,aileron_step,clo_+0.1,6,0.407,13.68,3.0,0.15/0.33,0.60/1.00,0.21,0.00/0.00,0.67/0.67,0.05,
F4N,aileron_step,noop,0,0.407,,,,,,,,,0.0
F4N,rudder_doublet,inertia_x1.6,1,0.428,0.36,0.0,0.05/1.00,0.20/1.00,,-,,,
F4N,rudder_doublet,cmq_x0.5,0,0.428,0.55,0.0,0.00/0.00,0.00/0.00,0.97,-,,,
F4N,rudder_doublet,cmalpha_x0.7,6,0.428,0.2,0.0,0.46/1.00,0.80/1.00,0.76,-,,,
F4N,rudder_doublet,clo_+0.1,2,0.428,19.85,3.0,0.15/1.00,0.20/1.00,0.59,0.00/0.00,0.33/1.00,0.49,
F4N,rudder_doublet,noop,1,0.428,,,,,,,,,0.05
F4N,bank_hold,inertia_x1.6,11,0.359,1.05,1.0,0.50/1.00,0.60/1.00,,0.00/0.00,0.00/0.00,0.14,
F4N,bank_hold,cmq_x0.5,12,0.359,1.46,1.0,0.77/0.83,0.80/1.00,0.99,1.00/0.08,1.00/0.25,0.86,
F4N,bank_hold,cmalpha_x0.7,10,0.359,0.94,0.0,0.54/0.70,0.60/1.00,0.61,-,,,
F4N,bank_hold,clo_+0.1,11,0.359,12.69,3.0,0.38/0.45,0.60/1.00,0.45,0.00/0.00,0.67/0.67,0.09,
F4N,bank_hold,noop,10,0.359,,,,,,,,,0.45
F4N,flap_extend,inertia_x1.6,5,0.206,1.16,1.0,0.23/1.00,0.40/1.00,,0.00/0.00,0.00/0.00,0.81,
F4N,flap_extend,cmq_x0.5,8,0.206,0.84,0.0,0.54/0.88,0.80/1.00,0.58,-,,,
F4N,flap_extend,cmalpha_x0.7,9,0.206,0.81,0.0,0.31/0.44,0.80/1.00,0.41,-,,,
F4N,flap_extend,clo_+0.1,16,0.206,4.59,2.0,0.77/0.62,1.00/1.00,0.38,1.00/0.12,1.00/0.40,0.72,
F4N,flap_extend,noop,1,0.206,,,,,,,,,0.05
F4N,engine_cut,inertia_x1.6,1,0.284,0.35,0.0,0.05/1.00,0.20/1.00,,-,,,
F4N,engine_cut,cmq_x0.5,8,0.284,1.69,3.0,0.54/0.88,0.60/1.00,0.8,0.67/0.25,1.00/0.67,0.7,
F4N,engine_cut,cmalpha_x0.7,10,0.284,3.04,4.0,0.62/0.80,0.60/1.00,0.79,0.75/0.30,1.00/1.00,0.68,
F4N,engine_cut,clo_+0.1,14,0.284,23.85,4.0,0.46/0.43,0.80/1.00,0.31,0.25/0.07,1.00/0.75,0.31,
F4N,engine_cut,noop,1,0.284,,,,,,,,,0.05
F4N,climbing_turn,inertia_x1.6,0,0.386,0.29,0.0,0.00/0.00,0.00/0.00,,-,,,
F4N,climbing_turn,cmq_x0.5,1,0.386,3.42,6.0,0.08/1.00,0.20/1.00,0.51,0.00/0.00,0.00/0.00,0.42,
F4N,climbing_turn,cmalpha_x0.7,5,0.386,1.0,0.0,0.15/0.40,0.40/1.00,0.15,-,,,
F4N,climbing_turn,clo_+0.1,9,0.386,13.27,2.0,0.38/0.56,0.60/1.00,0.42,1.00/0.22,1.00/0.67,0.78,
F4N,climbing_turn,noop,0,0.386,,,,,,,,,0.0
F4N,elev_doublet_distractor,inertia_x1.6,2,0.454,0.3,0.0,0.09/1.00,0.40/1.00,,-,,,
F4N,elev_doublet_distractor,cmq_x0.5,2,0.454,0.51,0.0,0.15/1.00,0.40/1.00,0.72,-,,,
F4N,elev_doublet_distractor,cmalpha_x0.7,9,0.454,0.29,0.0,0.46/0.67,0.80/1.00,0.87,-,,,
F4N,elev_doublet_distractor,clo_+0.1,12,0.454,12.68,4.0,0.38/0.42,0.80/1.00,0.66,0.00/0.00,1.00/1.00,0.07,
F4N,elev_doublet_distractor,noop,2,0.454,,,,,,,,,0.09
F4N,engine_restart,inertia_x1.6,0,0.251,0.29,0.0,0.00/0.00,0.00/0.00,,-,,,
F4N,engine_restart,cmq_x0.5,6,0.251,2.35,4.0,0.46/1.00,0.60/1.00,0.82,0.50/0.33,0.67/0.67,0.61,
F4N,engine_restart,cmalpha_x0.7,10,0.251,2.64,5.0,0.46/0.60,0.80/1.00,0.51,0.20/0.10,0.67/0.50,0.22,
F4N,engine_restart,clo_+0.1,14,0.251,21.45,7.0,0.54/0.50,0.80/1.00,0.58,0.29/0.14,0.75/0.75,0.3,
F4N,engine_restart,noop,0,0.251,,,,,,,,,0.0
F80C,cruise,inertia_x1.6,0,0.636,5.99,5.0,0.00/0.00,0.00/0.00,,0.00/0.00,0.00/0.00,0.2,
F80C,cruise,cmq_x0.5,1,0.636,2.08,3.0,0.08/1.00,0.20/1.00,0.5,0.33/1.00,0.50/1.00,0.46,
F80C,cruise,cmalpha_x0.7,11,0.636,4.84,1.0,0.62/0.73,0.80/1.00,0.79,1.00/0.09,1.00/0.25,0.38,
F80C,cruise,clo_+0.1,10,0.636,16.81,8.0,0.54/0.70,0.80/1.00,0.79,0.88/0.70,1.00/1.00,0.74,
F80C,cruise,noop,0,0.636,,,,,,,,,0.0
F80C,throttle_step,inertia_x1.6,0,0.467,0.81,0.0,0.00/0.00,0.00/0.00,,-,,,
F80C,throttle_step,cmq_x0.5,1,0.467,0.69,0.0,0.08/1.00,0.20/1.00,0.7,-,,,
F80C,throttle_step,cmalpha_x0.7,10,0.467,6.71,2.0,0.54/0.70,1.00/1.00,0.71,1.00/0.20,1.00/0.40,0.68,
F80C,throttle_step,clo_+0.1,16,0.467,29.74,5.0,0.69/0.56,0.80/1.00,0.5,0.60/0.19,0.75/0.75,0.48,
F80C,throttle_step,noop,0,0.467,,,,,,,,,0.0
F80C,elev_doublet,inertia_x1.6,1,0.695,3.06,2.0,0.05/1.00,0.20/1.00,,0.00/0.00,1.00/1.00,0.38,
F80C,elev_doublet,cmq_x0.5,2,0.695,0.57,0.0,0.00/0.00,0.20/1.00,0.34,-,,,
F80C,elev_doublet,cmalpha_x0.7,10,0.695,8.42,0.0,0.46/0.60,0.80/1.00,0.77,-,,,
F80C,elev_doublet,clo_+0.1,4,0.695,24.15,4.0,0.15/0.50,0.60/1.00,0.62,0.25/0.25,0.75/1.00,0.38,
F80C,elev_doublet,noop,3,0.695,,,,,,,,,0.14
F80C,elev_step,inertia_x1.6,2,0.552,3.56,3.0,0.09/1.00,0.40/1.00,,0.00/0.00,1.00/1.00,0.44,
F80C,elev_step,cmq_x0.5,1,0.552,1.22,2.0,0.08/1.00,0.20/1.00,0.49,0.00/0.00,0.50/1.00,0.28,
F80C,elev_step,cmalpha_x0.7,18,0.552,7.99,4.0,0.85/0.61,0.80/1.00,0.73,1.00/0.22,1.00/0.75,0.54,
F80C,elev_step,clo_+0.1,17,0.552,24.24,4.0,0.77/0.59,0.80/1.00,0.64,0.25/0.06,0.67/0.50,0.24,
F80C,elev_step,noop,3,0.552,,,,,,,,,0.14
F80C,aileron_step,inertia_x1.6,0,0.446,1.02,1.0,0.00/0.00,0.00/0.00,,0.00/0.00,0.00/0.00,0.33,
F80C,aileron_step,cmq_x0.5,1,0.446,1.04,1.0,0.08/1.00,0.20/1.00,0.63,0.00/0.00,1.00/1.00,0.71,
F80C,aileron_step,cmalpha_x0.7,18,0.446,0.66,0.0,0.85/0.61,0.80/1.00,0.82,-,,,
F80C,aileron_step,clo_+0.1,15,0.446,21.66,4.0,0.69/0.60,0.60/1.00,0.58,0.50/0.13,0.75/1.00,0.35,
F80C,aileron_step,noop,0,0.446,,,,,,,,,0.0
F80C,rudder_doublet,inertia_x1.6,2,0.535,0.59,0.0,0.09/1.00,0.20/1.00,,-,,,
F80C,rudder_doublet,cmq_x0.5,4,0.535,0.55,0.0,0.31/1.00,0.40/1.00,0.72,-,,,
F80C,rudder_doublet,cmalpha_x0.7,6,0.535,0.78,0.0,0.46/1.00,0.60/1.00,0.85,-,,,
F80C,rudder_doublet,clo_+0.1,7,0.535,18.73,4.0,0.46/0.86,0.40/1.00,0.77,0.25/0.14,0.33/0.50,0.46,
F80C,rudder_doublet,noop,3,0.535,,,,,,,,,0.14
F80C,bank_hold,inertia_x1.6,3,0.43,1.13,1.0,0.14/1.00,0.20/1.00,,0.00/0.00,0.00/0.00,0.29,
F80C,bank_hold,cmq_x0.5,3,0.43,1.22,1.0,0.15/0.67,0.20/1.00,0.83,0.00/0.00,0.00/0.00,0.71,
F80C,bank_hold,cmalpha_x0.7,7,0.43,0.76,0.0,0.31/0.57,0.60/1.00,0.79,-,,,
F80C,bank_hold,clo_+0.1,10,0.43,15.27,4.0,0.46/0.60,0.60/1.00,0.55,0.25/0.10,0.50/0.67,0.26,
F80C,bank_hold,noop,2,0.43,,,,,,,,,0.09
F80C,flap_extend,inertia_x1.6,1,0.408,0.99,0.0,0.05/1.00,0.20/1.00,,-,,,
F80C,flap_extend,cmq_x0.5,1,0.408,1.5,2.0,0.08/1.00,0.20/1.00,0.37,0.00/0.00,0.00/0.00,0.05,
F80C,flap_extend,clo_+0.1,19,0.408,13.16,8.0,0.92/0.63,1.00/1.00,0.68,0.88/0.37,1.00/0.80,0.74,
F80C,flap_extend,noop,0,0.408,,,,,,,,,0.0
F80C,climbing_turn,inertia_x1.6,0,0.447,0.83,0.0,0.00/0.00,0.00/0.00,,-,,,
F80C,climbing_turn,cmq_x0.5,0,0.447,0.87,0.0,0.00/0.00,0.00/0.00,0.53,-,,,
F80C,climbing_turn,cmalpha_x0.7,17,0.447,2.08,9.0,0.69/0.53,0.80/1.00,0.63,0.56/0.29,0.75/0.75,0.46,
F80C,climbing_turn,clo_+0.1,11,0.447,25.54,3.0,0.38/0.45,0.80/1.00,0.38,0.33/0.09,1.00/0.75,0.23,
F80C,climbing_turn,noop,0,0.447,,,,,,,,,0.0
F80C,elev_doublet_distractor,inertia_x1.6,2,0.595,0.68,0.0,0.09/1.00,0.20/1.00,,-,,,
F80C,elev_doublet_distractor,cmq_x0.5,2,0.595,0.35,0.0,0.15/1.00,0.20/1.00,0.85,-,,,
F80C,elev_doublet_distractor,cmalpha_x0.7,3,0.595,0.38,0.0,0.15/0.67,0.60/1.00,0.58,-,,,
F80C,elev_doublet_distractor,clo_+0.1,3,0.595,13.93,3.0,0.08/0.33,0.40/1.00,0.46,0.00/0.00,0.33/0.50,0.04,
F80C,elev_doublet_distractor,noop,1,0.595,,,,,,,,,0.05
J3Cub,cruise,cmq_x0.5,5,0.594,1.61,4.0,0.23/0.60,0.40/1.00,0.46,0.75/0.60,1.00/1.00,0.74,
J3Cub,cruise,cmalpha_x0.7,5,0.594,1.54,1.0,0.15/0.40,0.60/1.00,0.39,1.00/0.20,1.00/0.33,0.86,
J3Cub,cruise,clo_+0.1,12,0.594,2.5,3.0,0.46/0.50,0.60/1.00,0.56,0.00/0.00,0.67/0.67,0.0,
J3Cub,cruise,noop,0,0.594,,,,,,,,,0.0
J3Cub,throttle_step,cmq_x0.5,3,0.577,1.37,6.0,0.15/0.67,0.20/1.00,0.61,0.33/0.67,0.33/1.00,0.51,
J3Cub,throttle_step,cmalpha_x0.7,6,0.577,0.78,0.0,0.46/1.00,0.60/1.00,0.79,-,,,
J3Cub,throttle_step,clo_+0.1,6,0.577,1.77,4.0,0.23/0.50,0.60/1.00,0.28,0.00/0.00,0.75/1.00,0.0,
J3Cub,throttle_step,noop,0,0.577,,,,,,,,,0.0
J3Cub,elev_doublet,cmq_x0.5,6,0.619,0.82,0.0,0.23/0.50,0.60/1.00,0.59,-,,,
J3Cub,elev_doublet,cmalpha_x0.7,3,0.619,0.38,0.0,0.23/1.00,0.40/1.00,0.6,-,,,
J3Cub,elev_doublet,clo_+0.1,7,0.619,2.31,3.0,0.31/0.57,0.60/1.00,0.42,0.00/0.00,0.67/0.67,0.0,
J3Cub,elev_doublet,noop,2,0.619,,,,,,,,,0.09
J3Cub,elev_step,cmq_x0.5,16,0.654,2.11,4.0,0.62/0.50,0.80/1.00,0.56,0.75/0.19,1.00/0.75,0.32,
J3Cub,elev_step,cmalpha_x0.7,13,0.654,2.76,2.0,0.69/0.69,0.80/1.00,0.66,0.00/0.00,1.00/0.50,0.0,
J3Cub,elev_step,clo_+0.1,9,0.654,2.09,3.0,0.23/0.33,0.60/1.00,0.5,0.00/0.00,1.00/1.00,0.18,
J3Cub,elev_step,noop,0,0.654,,,,,,,,,0.0
J3Cub,aileron_step,cmq_x0.5,7,0.706,1.87,6.0,0.31/0.57,0.80/1.00,0.65,0.17/0.14,1.00/0.75,0.33,
J3Cub,aileron_step,cmalpha_x0.7,1,0.706,1.35,3.0,0.00/0.00,0.20/1.00,0.28,0.00/0.00,0.00/0.00,0.46,
J3Cub,aileron_step,clo_+0.1,19,0.706,1.92,2.0,0.85/0.58,0.80/1.00,0.74,1.00/0.11,1.00/0.50,1.0,
J3Cub,aileron_step,noop,1,0.706,,,,,,,,,0.05
J3Cub,rudder_doublet,cmq_x0.5,5,0.647,1.92,3.0,0.08/0.20,0.60/1.00,0.2,0.00/0.00,1.00/0.67,0.35,
J3Cub,rudder_doublet,cmalpha_x0.7,9,0.647,1.53,3.0,0.23/0.33,0.40/1.00,0.16,0.33/0.11,0.50/0.50,0.37,
J3Cub,rudder_doublet,clo_+0.1,13,0.647,2.76,3.0,0.54/0.54,0.60/1.00,0.46,0.33/0.08,0.67/0.67,0.12,
J3Cub,rudder_doublet,noop,2,0.647,,,,,,,,,0.09
J3Cub,bank_hold,cmq_x0.5,5,0.681,2.7,6.0,0.23/0.60,0.80/1.00,0.55,0.17/0.20,0.67/0.50,0.45,
J3Cub,bank_hold,cmalpha_x0.7,9,0.681,1.6,6.0,0.31/0.44,0.80/1.00,0.46,0.00/0.00,0.67/0.50,0.3,
J3Cub,bank_hold,clo_+0.1,16,0.681,2.11,3.0,0.62/0.50,0.80/1.00,0.5,0.00/0.00,1.00/0.50,0.02,
J3Cub,bank_hold,noop,2,0.681,,,,,,,,,0.09
J3Cub,flap_extend,cmq_x0.5,9,0.542,1.53,3.0,0.31/0.44,0.60/1.00,0.35,0.67/0.22,1.00/0.67,0.61,
J3Cub,flap_extend,cmalpha_x0.7,15,0.542,2.04,1.0,0.54/0.47,0.80/1.00,0.45,1.00/0.07,1.00/0.25,0.67,
J3Cub,flap_extend,clo_+0.1,13,0.542,2.56,3.0,0.62/0.62,0.80/1.00,0.67,1.00/0.23,1.00/0.75,0.63,
J3Cub,flap_extend,noop,7,0.542,,,,,,,,,0.32
J3Cub,climbing_turn,cmq_x0.5,15,0.591,3.09,4.0,0.62/0.53,0.80/1.00,0.44,0.50/0.13,1.00/0.75,0.14,
J3Cub,climbing_turn,cmalpha_x0.7,8,0.591,1.69,4.0,0.38/0.62,0.40/1.00,0.59,0.00/0.00,0.33/0.50,0.21,
J3Cub,climbing_turn,clo_+0.1,13,0.591,2.47,3.0,0.54/0.54,0.80/1.00,0.59,0.00/0.00,1.00/0.50,0.0,
J3Cub,climbing_turn,noop,2,0.591,,,,,,,,,0.09
J3Cub,elev_doublet_distractor,cmq_x0.5,3,0.629,0.63,0.0,0.15/0.67,0.40/1.00,0.26,-,,,
J3Cub,elev_doublet_distractor,cmalpha_x0.7,11,0.629,0.34,0.0,0.62/0.73,0.80/1.00,0.72,-,,,
J3Cub,elev_doublet_distractor,clo_+0.1,7,0.629,1.88,3.0,0.23/0.43,0.40/1.00,0.42,0.00/0.00,0.33/0.50,0.09,
J3Cub,elev_doublet_distractor,noop,4,0.629,,,,,,,,,0.18
J3Cub,engine_stop,cmq_x0.5,5,0.706,2.37,6.0,0.15/0.40,0.40/1.00,0.71,0.33/0.40,0.67/1.00,0.31,
J3Cub,engine_stop,cmalpha_x0.7,10,0.706,2.06,0.0,0.31/0.40,0.80/1.00,0.5,-,,,
J3Cub,engine_stop,clo_+0.1,8,0.706,14.61,3.0,0.54/0.88,0.80/1.00,0.74,0.00/0.00,0.67/0.50,0.09,
J3Cub,engine_stop,noop,0,0.706,,,,,,,,,0.0
MD11,cruise,inertia_x1.6,0,0.494,1.22,2.0,0.00/0.00,0.00/0.00,,0.00/0.00,0.00/0.00,0.62,
MD11,cruise,cmq_x0.5,2,0.494,2.8,5.0,0.08/0.50,0.40/1.00,0.44,0.20/0.50,1.00/1.00,0.58,
MD11,cruise,cmalpha_x0.7,5,0.494,2.15,0.0,0.38/1.00,0.80/1.00,0.73,-,,,
MD11,cruise,clo_+0.1,4,0.494,13.47,7.0,0.23/0.75,0.60/1.00,0.51,0.29/0.50,0.75/1.00,0.41,
MD11,cruise,noop,0,0.494,,,,,,,,,0.0
MD11,throttle_step,inertia_x1.6,2,0.36,1.57,2.0,0.09/1.00,0.20/1.00,,0.00/0.00,0.00/0.00,0.33,
MD11,throttle_step,cmq_x0.5,5,0.36,1.16,1.0,0.38/1.00,0.60/1.00,0.7,1.00/0.20,1.00/0.33,0.81,
MD11,throttle_step,cmalpha_x0.7,2,0.36,1.07,1.0,0.15/1.00,0.20/1.00,0.24,0.00/0.00,0.00/0.00,0.19,
MD11,throttle_step,clo_+0.1,4,0.36,19.19,3.0,0.31/1.00,0.60/1.00,0.5,0.33/0.25,0.67/0.67,0.33,
MD11,throttle_step,noop,2,0.36,,,,,,,,,0.09
MD11,elev_doublet,inertia_x1.6,0,0.548,4.13,1.0,0.00/0.00,0.00/0.00,,0.00/0.00,0.00/0.00,0.9,
MD11,elev_doublet,cmq_x0.5,0,0.548,0.22,0.0,0.00/0.00,0.00/0.00,0.52,-,,,
MD11,elev_doublet,cmalpha_x0.7,10,0.548,1.38,0.0,0.31/0.40,0.80/1.00,0.48,-,,,
MD11,elev_doublet,clo_+0.1,15,0.548,13.62,3.0,0.69/0.60,0.60/1.00,0.57,0.33/0.07,0.67/0.67,0.23,
MD11,elev_doublet,noop,0,0.548,,,,,,,,,0.0
MD11,elev_step,inertia_x1.6,13,0.424,3.79,8.0,0.59/1.00,0.80/1.00,,0.75/0.46,1.00/0.75,0.67,
MD11,elev_step,cmq_x0.5,10,0.424,0.92,0.0,0.46/0.60,0.80/1.00,0.61,-,,,
MD11,elev_step,cmalpha_x0.7,11,0.424,1.8,11.0,0.54/0.64,0.80/1.00,0.56,0.55/0.55,0.80/1.00,0.54,
MD11,elev_step,clo_+0.1,18,0.424,15.11,3.0,0.85/0.61,0.80/1.00,0.52,0.33/0.06,0.67/0.50,0.23,
MD11,elev_step,noop,9,0.424,,,,,,,,,0.41
MD11,aileron_step,inertia_x1.6,1,0.433,1.89,2.0,0.05/1.00,0.20/1.00,,0.00/0.00,0.00/0.00,0.38,
MD11,aileron_step,cmq_x0.5,1,0.433,0.72,0.0,0.08/1.00,0.20/1.00,0.65,-,,,
MD11,aileron_step,cmalpha_x0.7,7,0.433,0.62,0.0,0.31/0.57,0.60/1.00,0.7,-,,,
MD11,aileron_step,clo_+0.1,10,0.433,15.5,5.0,0.31/0.40,0.80/1.00,0.47,0.40/0.20,1.00/1.00,0.39,
MD11,aileron_step,noop,1,0.433,,,,,,,,,0.05
MD11,rudder_doublet,inertia_x1.6,1,0.526,0.35,0.0,0.05/1.00,0.20/1.00,,-,,,
MD11,rudder_doublet,cmq_x0.5,1,0.526,0.22,0.0,0.00/0.00,0.20/1.00,0.27,-,,,
MD11,rudder_doublet,cmalpha_x0.7,7,0.526,0.63,0.0,0.46/0.86,0.80/1.00,0.79,-,,,
MD11,rudder_doublet,clo_+0.1,6,0.526,23.46,3.0,0.46/1.00,0.60/1.00,0.83,0.33/0.17,0.67/0.67,0.75,
MD11,rudder_doublet,noop,1,0.526,,,,,,,,,0.05
MD11,bank_hold,inertia_x1.6,1,0.387,2.95,2.0,0.05/1.00,0.20/1.00,,0.50/1.00,1.00/1.00,0.6,
MD11,bank_hold,cmq_x0.5,0,0.387,1.16,1.0,0.00/0.00,0.00/0.00,0.45,0.00/0.00,0.00/0.00,1.0,
MD11,bank_hold,cmalpha_x0.7,9,0.387,0.89,0.0,0.38/0.56,0.80/1.00,0.64,-,,,
MD11,bank_hold,clo_+0.1,7,0.387,18.25,5.0,0.15/0.29,0.60/1.00,0.36,0.40/0.29,0.75/1.00,0.41,
MD11,bank_hold,noop,0,0.387,,,,,,,,,0.0
MD11,flap_extend,inertia_x1.6,7,0.275,1.22,5.0,0.32/1.00,0.80/1.00,,0.60/0.43,1.00/0.75,0.75,
MD11,flap_extend,cmq_x0.5,15,0.275,3.5,9.0,0.62/0.53,0.80/1.00,0.59,0.78/0.47,1.00/0.75,0.68,
MD11,flap_extend,cmalpha_x0.7,2,0.275,0.78,0.0,0.15/1.00,0.40/1.00,0.35,-,,,
MD11,flap_extend,clo_+0.1,12,0.275,0.85,0.0,0.54/0.58,0.80/1.00,0.61,-,,,
MD11,flap_extend,noop,1,0.275,,,,,,,,,0.05
MD11,engine_cut,inertia_x1.6,4,0.312,1.21,2.0,0.18/1.00,0.40/1.00,,1.00/0.50,1.00/0.50,0.9,
MD11,engine_cut,cmq_x0.5,3,0.312,0.76,0.0,0.23/1.00,0.40/1.00,0.7,-,,,
MD11,engine_cut,cmalpha_x0.7,11,0.312,1.19,3.0,0.85/1.00,0.80/1.00,1.0,1.00/0.27,1.00/0.50,0.7,
MD11,engine_cut,clo_+0.1,13,0.312,15.58,3.0,0.62/0.62,0.80/1.00,0.62,1.00/0.23,1.00/0.75,0.88,
MD11,engine_cut,noop,0,0.312,,,,,,,,,0.0
MD11,climbing_turn,inertia_x1.6,0,0.435,1.35,3.0,0.00/0.00,0.00/0.00,,0.00/0.00,0.00/0.00,0.88,
MD11,climbing_turn,cmq_x0.5,1,0.435,1.14,3.0,0.08/1.00,0.20/1.00,0.28,0.00/0.00,0.33/1.00,0.35,
MD11,climbing_turn,cmalpha_x0.7,9,0.435,2.69,12.0,0.69/1.00,0.80/1.00,0.87,0.67/0.89,0.80/1.00,0.85,
MD11,climbing_turn,clo_+0.1,9,0.435,10.81,4.0,0.54/0.78,0.60/1.00,0.82,0.25/0.11,0.75/1.00,0.36,
MD11,climbing_turn,noop,0,0.435,,,,,,,,,0.0
MD11,elev_doublet_distractor,inertia_x1.6,3,0.521,0.69,0.0,0.14/1.00,0.40/1.00,,-,,,
MD11,elev_doublet_distractor,cmq_x0.5,1,0.521,0.16,0.0,0.08/1.00,0.20/1.00,0.76,-,,,
MD11,elev_doublet_distractor,cmalpha_x0.7,15,0.521,0.23,0.0,0.62/0.53,0.80/1.00,0.56,-,,,
MD11,elev_doublet_distractor,clo_+0.1,12,0.521,9.93,3.0,0.54/0.58,0.60/1.00,0.59,0.33/0.08,0.67/0.67,0.37,
MD11,elev_doublet_distractor,noop,1,0.521,,,,,,,,,0.05
MD11,engine_restart,inertia_x1.6,7,0.339,1.11,1.0,0.32/1.00,0.80/1.00,,1.00/0.14,1.00/0.25,1.0,
MD11,engine_restart,cmq_x0.5,11,0.339,1.35,2.0,0.46/0.55,0.80/1.00,0.5,1.00/0.18,1.00/0.50,0.93,
MD11,engine_restart,cmalpha_x0.7,13,0.339,1.38,4.0,0.69/0.69,0.80/1.00,0.84,0.50/0.15,1.00/0.75,0.35,
MD11,engine_restart,clo_+0.1,16,0.339,18.52,4.0,0.77/0.62,0.80/1.00,0.85,1.00/0.25,1.00/0.75,0.76,
MD11,engine_restart,noop,6,0.339,,,,,,,,,0.27
OV10,cruise,inertia_x1.6,6,0.631,1.96,4.0,0.27/1.00,0.40/1.00,,0.75/0.50,1.00/1.00,0.47,
OV10,cruise,cmq_x0.5,6,0.631,6.85,5.0,0.23/0.50,0.60/1.00,0.75,0.60/0.50,1.00/0.67,0.32,
OV10,cruise,cmalpha_x0.7,8,0.631,2.94,4.0,0.54/0.88,0.80/1.00,0.84,0.25/0.12,1.00/0.50,0.29,
OV10,cruise,clo_+0.1,9,0.631,15.65,6.0,0.38/0.56,0.80/1.00,0.57,0.33/0.22,1.00/1.00,0.25,
OV10,cruise,noop,0,0.631,,,,,,,,,0.0
OV10,throttle_step,inertia_x1.6,15,0.456,0.53,0.0,0.68/1.00,1.00/1.00,,-,,,
OV10,throttle_step,cmq_x0.5,11,0.456,1.39,3.0,0.54/0.64,0.80/1.00,0.68,0.33/0.09,1.00/0.50,0.33,
OV10,throttle_step,cmalpha_x0.7,16,0.456,0.71,0.0,0.85/0.69,0.80/1.00,0.88,-,,,
OV10,throttle_step,clo_+0.1,3,0.456,4.31,7.0,0.23/1.00,0.20/1.00,0.45,0.00/0.00,0.25/1.00,0.28,
OV10,throttle_step,noop,13,0.456,,,,,,,,,0.59
OV10,elev_doublet,inertia_x1.6,0,0.708,8.43,3.0,0.00/0.00,0.00/0.00,,0.00/0.00,0.00/0.00,0.28,
OV10,elev_doublet,cmq_x0.5,1,0.708,1.03,0.0,0.08/1.00,0.20/1.00,0.69,-,,,
OV10,elev_doublet,cmalpha_x0.7,7,0.708,0.45,0.0,0.38/0.71,0.60/1.00,0.71,-,,,
OV10,elev_doublet,clo_+0.1,1,0.708,2.68,3.0,0.00/0.00,0.20/1.00,0.5,0.00/0.00,0.33/1.00,0.0,
OV10,elev_doublet,noop,0,0.708,,,,,,,,,0.0
OV10,elev_step,inertia_x1.6,2,0.711,3.16,2.0,0.09/1.00,0.40/1.00,,0.00/0.00,0.00/0.00,0.0,
OV10,elev_step,cmq_x0.5,2,0.711,3.84,7.0,0.15/1.00,0.20/1.00,0.56,0.00/0.00,0.33/1.00,0.5,
OV10,elev_step,cmalpha_x0.7,4,0.711,2.7,6.0,0.15/0.50,0.60/1.00,0.63,0.00/0.00,0.67/0.67,0.59,
OV10,elev_step,clo_+0.1,1,0.711,2.98,3.0,0.00/0.00,0.20/1.00,0.16,0.00/0.00,0.33/1.00,0.05,
OV10,elev_step,noop,0,0.711,,,,,,,,,0.0
OV10,aileron_step,inertia_x1.6,6,0.737,1.06,2.0,0.27/1.00,0.60/1.00,,0.00/0.00,1.00/0.33,0.17,
OV10,aileron_step,cmq_x0.5,16,0.737,3.36,13.0,0.77/0.62,1.00/1.00,0.81,0.77/0.62,1.00/1.00,0.81,
OV10,aileron_step,cmalpha_x0.7,8,0.737,1.85,7.0,0.31/0.50,0.60/1.00,0.54,0.14/0.12,0.75/1.00,0.37,
OV10,aileron_step,clo_+0.1,18,0.737,6.43,3.0,0.77/0.56,1.00/1.00,0.67,0.00/0.00,1.00/0.60,0.02,
OV10,aileron_step,noop,10,0.737,,,,,,,,,0.45
OV10,rudder_doublet,inertia_x1.6,1,0.697,0.48,0.0,0.05/1.00,0.20/1.00,,-,,,
OV10,rudder_doublet,cmq_x0.5,1,0.697,1.71,1.0,0.08/1.00,0.20/1.00,0.29,0.00/0.00,0.00/0.00,0.29,
OV10,rudder_doublet,cmalpha_x0.7,9,0.697,1.28,1.0,0.46/0.67,0.80/1.00,0.64,0.00/0.00,1.00/0.25,0.05,
OV10,rudder_doublet,clo_+0.1,3,0.697,2.41,3.0,0.00/0.00,0.20/1.00,0.38,0.00/0.00,0.00/0.00,0.0,
OV10,rudder_doublet,noop,0,0.697,,,,,,,,,0.0
OV10,bank_hold,inertia_x1.6,5,0.708,0.74,0.0,0.23/1.00,0.60/1.00,,-,,,
OV10,bank_hold,cmq_x0.5,14,0.708,2.4,13.0,0.54/0.50,0.60/1.00,0.56,0.54/0.50,0.60/1.00,0.56,
OV10,bank_hold,cmalpha_x0.7,19,0.708,1.39,5.0,0.85/0.58,1.00/1.00,0.56,0.60/0.16,1.00/0.80,0.41,
OV10,bank_hold,clo_+0.1,18,0.708,4.34,3.0,0.77/0.56,1.00/1.00,0.56,0.33/0.06,1.00/0.60,0.33,
OV10,bank_hold,noop,5,0.708,,,,,,,,,0.23
OV10,flap_extend,inertia_x1.6,7,0.642,2.94,2.0,0.32/1.00,0.80/1.00,,0.50/0.14,1.00/0.50,0.42,
OV10,flap_extend,cmq_x0.5,15,0.642,4.63,13.0,0.62/0.53,0.80/1.00,0.52,0.62/0.53,0.80/1.00,0.52,
OV10,flap_extend,cmalpha_x0.7,7,0.642,1.24,3.0,0.46/0.86,1.00/1.00,0.53,0.00/0.00,1.00/0.60,0.33,
OV10,flap_extend,clo_+0.1,5,0.642,2.66,2.0,0.23/0.60,0.60/1.00,0.37,0.00/0.00,0.00/0.00,0.0,
OV10,flap_extend,noop,2,0.642,,,,,,,,,0.09
OV10,engine_cut,inertia_x1.6,4,0.759,0.5,0.0,0.18/1.00,0.60/1.00,,-,,,
OV10,engine_cut,cmq_x0.5,10,0.759,3.67,11.0,0.46/0.60,0.80/1.00,0.67,0.45/0.50,0.80/1.00,0.69,
OV10,engine_cut,cmalpha_x0.7,7,0.759,1.61,3.0,0.38/0.71,0.40/1.00,0.76,0.33/0.14,0.50/0.50,0.44,
OV10,engine_cut,clo_+0.1,6,0.759,3.62,2.0,0.23/0.50,0.60/1.00,0.48,0.00/0.00,0.50/0.33,0.0,
OV10,engine_cut,noop,0,0.759,,,,,,,,,0.0
OV10,elev_doublet_distractor,inertia_x1.6,1,0.739,0.56,0.0,0.05/1.00,0.20/1.00,,-,,,
OV10,elev_doublet_distractor,cmq_x0.5,0,0.739,0.55,0.0,0.00/0.00,0.00/0.00,0.24,-,,,
OV10,elev_doublet_distractor,cmalpha_x0.7,6,0.739,0.25,0.0,0.15/0.33,0.60/1.00,0.63,-,,,
OV10,elev_doublet_distractor,clo_+0.1,3,0.739,2.75,2.0,0.00/0.00,0.40/1.00,0.36,0.00/0.00,0.50/0.50,0.0,
OV10,elev_doublet_distractor,noop,0,0.739,,,,,,,,,0.0
Short_S23,cruise,inertia_x1.6,0,0.608,0.44,0.0,0.00/0.00,0.00/0.00,,-,,,
Short_S23,cruise,noop,0,0.608,,,,,,,,,0.0
Short_S23,throttle_step,inertia_x1.6,0,0.572,0.5,0.0,0.00/0.00,0.00/0.00,,-,,,
Short_S23,throttle_step,noop,0,0.572,,,,,,,,,0.0
Short_S23,elev_doublet,inertia_x1.6,1,0.626,0.38,0.0,0.05/1.00,0.20/1.00,,-,,,
Short_S23,elev_doublet,noop,0,0.626,,,,,,,,,0.0
Short_S23,elev_step,inertia_x1.6,3,0.643,0.73,0.0,0.14/1.00,0.40/1.00,,-,,,
Short_S23,elev_step,noop,0,0.643,,,,,,,,,0.0
Short_S23,aileron_step,inertia_x1.6,0,0.601,0.7,0.0,0.00/0.00,0.00/0.00,,-,,,
Short_S23,aileron_step,noop,2,0.601,,,,,,,,,0.09
Short_S23,rudder_doublet,inertia_x1.6,0,0.688,0.61,0.0,0.00/0.00,0.00/0.00,,-,,,
Short_S23,rudder_doublet,noop,0,0.688,,,,,,,,,0.0
Short_S23,bank_hold,inertia_x1.6,4,0.576,1.15,1.0,0.18/1.00,0.60/1.00,,0.00/0.00,1.00/0.33,0.52,
Short_S23,bank_hold,noop,4,0.576,,,,,,,,,0.18
Short_S23,flap_extend,inertia_x1.6,0,0.699,1.74,1.0,0.00/0.00,0.00/0.00,,0.00/0.00,0.00/0.00,0.71,
Short_S23,flap_extend,noop,0,0.699,,,,,,,,,0.0
Short_S23,engine_cut,inertia_x1.6,1,0.657,0.59,0.0,0.05/1.00,0.20/1.00,,-,,,
Short_S23,engine_cut,noop,2,0.657,,,,,,,,,0.09
Short_S23,climbing_turn,inertia_x1.6,0,0.552,0.32,0.0,0.00/0.00,0.00/0.00,,-,,,
Short_S23,climbing_turn,noop,0,0.552,,,,,,,,,0.0
Short_S23,elev_doublet_distractor,inertia_x1.6,3,0.641,0.5,0.0,0.14/1.00,0.40/1.00,,-,,,
Short_S23,elev_doublet_distractor,noop,2,0.641,,,,,,,,,0.09
Short_S23,engine_stop,inertia_x1.6,5,0.737,0.59,0.0,0.23/1.00,0.60/1.00,,-,,,
Short_S23,engine_stop,noop,0,0.737,,,,,,,,,0.0
T37,cruise,inertia_x1.6,3,0.558,25.15,5.0,0.14/1.00,0.60/1.00,,0.40/0.67,1.00/0.67,0.38,
T37,cruise,cmq_x0.5,2,0.558,8.94,5.0,0.15/1.00,0.40/1.00,0.59,0.40/1.00,1.00/1.00,0.64,
T37,cruise,cmalpha_x0.7,16,0.558,3.05,5.0,0.69/0.56,0.80/1.00,0.64,0.80/0.25,1.00/0.50,0.39,
T37,cruise,clo_+0.1,11,0.558,25.08,8.0,0.31/0.36,0.60/1.00,0.33,0.25/0.18,0.75/1.00,0.26,
T37,cruise,noop,0,0.558,,,,,,,,,0.0
T37,throttle_step,inertia_x1.6,2,0.593,0.42,0.0,0.09/1.00,0.20/1.00,,-,,,
T37,throttle_step,cmq_x0.5,8,0.593,3.57,6.0,0.54/0.88,0.80/1.00,0.61,0.17/0.12,0.75/0.75,0.23,
T37,throttle_step,cmalpha_x0.7,4,0.593,1.62,3.0,0.15/0.50,0.60/1.00,0.18,0.33/0.25,0.67/0.67,0.26,
T37,throttle_step,clo_+0.1,20,0.593,21.88,11.0,0.85/0.55,1.00/1.00,0.61,0.82/0.45,1.00/1.00,0.69,
T37,throttle_step,noop,3,0.593,,,,,,,,,0.14
T37,elev_doublet,inertia_x1.6,2,0.608,2.84,4.0,0.09/1.00,0.20/1.00,,0.00/0.00,0.50/1.00,0.57,
T37,elev_doublet,cmq_x0.5,2,0.608,0.78,0.0,0.00/0.00,0.40/1.00,0.48,-,,,
T37,elev_doublet,cmalpha_x0.7,6,0.608,1.79,0.0,0.31/0.67,0.60/1.00,0.56,-,,,
T37,elev_doublet,clo_+0.1,7,0.608,26.97,3.0,0.23/0.43,0.60/1.00,0.44,0.00/0.00,0.67/0.67,0.07,
T37,elev_doublet,noop,1,0.608,,,,,,,,,0.05
T37,elev_step,inertia_x1.6,3,0.669,3.97,3.0,0.14/1.00,0.40/1.00,,0.33/0.33,1.00/1.00,0.42,
T37,elev_step,cmq_x0.5,4,0.669,3.75,7.0,0.15/0.50,0.40/1.00,0.49,0.00/0.00,0.67/1.00,0.4,
T37,elev_step,cmalpha_x0.7,2,0.669,2.14,3.0,0.08/0.50,0.40/1.00,0.84,0.00/0.00,0.67/1.00,0.35,
T37,elev_step,clo_+0.1,6,0.669,30.84,5.0,0.23/0.50,0.40/1.00,0.55,0.00/0.00,0.50/1.00,0.22,
T37,elev_step,noop,4,0.669,,,,,,,,,0.18
T37,aileron_step,inertia_x1.6,13,0.724,0.91,0.0,0.59/1.00,0.80/1.00,,-,,,
T37,aileron_step,cmq_x0.5,7,0.724,2.05,9.0,0.54/1.00,0.60/1.00,0.94,0.56/0.71,0.75/1.00,0.78,
T37,aileron_step,cmalpha_x0.7,17,0.724,1.03,1.0,0.77/0.59,0.80/1.00,0.7,1.00/0.06,1.00/0.25,1.0,
T37,aileron_step,clo_+0.1,18,0.724,20.77,3.0,0.69/0.50,0.80/1.00,0.87,1.00/0.17,1.00/0.75,1.0,
T37,aileron_step,noop,0,0.724,,,,,,,,,0.0
T37,rudder_doublet,inertia_x1.6,9,0.688,3.6,2.0,0.41/1.00,0.80/1.00,,0.00/0.00,1.00/0.50,0.3,
T37,rudder_doublet,cmq_x0.5,4,0.688,4.74,2.0,0.23/0.75,0.60/1.00,0.31,0.50/0.25,1.00/0.67,0.77,
T37,rudder_doublet,cmalpha_x0.7,11,0.688,3.13,1.0,0.62/0.73,0.80/1.00,0.88,1.00/0.09,1.00/0.25,0.48,
T37,rudder_doublet,clo_+0.1,9,0.688,18.64,4.0,0.23/0.33,0.60/1.00,0.38,0.00/0.00,0.67/0.67,0.0,
T37,rudder_doublet,noop,1,0.688,,,,,,,,,0.05
T37,bank_hold,inertia_x1.6,11,0.689,0.91,0.0,0.50/1.00,0.80/1.00,,-,,,
T37,bank_hold,cmq_x0.5,18,0.689,2.17,12.0,0.85/0.61,1.00/1.00,0.64,0.92/0.61,1.00/1.00,0.72,
T37,bank_hold,cmalpha_x0.7,8,0.689,1.1,1.0,0.23/0.38,0.80/1.00,0.52,0.00/0.00,1.00/0.25,1.0,
T37,bank_hold,clo_+0.1,16,0.689,20.12,4.0,0.54/0.44,0.80/1.00,0.48,0.50/0.12,1.00/0.75,0.51,
T37,bank_hold,noop,4,0.689,,,,,,,,,0.18
T37,flap_extend,inertia_x1.6,4,0.63,0.73,0.0,0.18/1.00,0.40/1.00,,-,,,
T37,flap_extend,cmq_x0.5,7,0.63,5.17,13.0,0.54/1.00,0.80/1.00,0.73,0.54/1.00,0.80/1.00,0.73,
T37,flap_extend,cmalpha_x0.7,5,0.63,1.82,6.0,0.38/1.00,0.60/1.00,0.56,0.67/0.80,0.75/1.00,0.88,
T37,flap_extend,clo_+0.1,5,0.63,19.07,10.0,0.15/0.40,0.80/1.00,0.37,0.20/0.40,1.00/1.00,0.33,
T37,flap_extend,noop,2,0.63,,,,,,,,,0.09
T37,engine_cut,inertia_x1.6,4,0.773,0.58,0.0,0.18/1.00,0.40/1.00,,-,,,
T37,engine_cut,cmq_x0.5,6,0.773,11.99,13.0,0.23/0.50,0.60/1.00,0.43,0.23/0.50,0.60/1.00,0.43,
T37,engine_cut,cmalpha_x0.7,12,0.773,3.95,7.0,0.54/0.58,0.80/1.00,0.58,0.57/0.33,1.00/1.00,0.44,
T37,engine_cut,clo_+0.1,7,0.773,26.56,12.0,0.08/0.14,0.80/1.00,0.29,0.08/0.14,0.80/1.00,0.32,
T37,engine_cut,noop,0,0.773,,,,,,,,,0.0
T37,elev_doublet_distractor,inertia_x1.6,2,0.68,0.77,0.0,0.09/1.00,0.40/1.00,,-,,,
T37,elev_doublet_distractor,cmq_x0.5,1,0.68,0.73,0.0,0.08/1.00,0.20/1.00,0.56,-,,,
T37,elev_doublet_distractor,cmalpha_x0.7,14,0.68,0.31,0.0,0.62/0.57,1.00/1.00,0.86,-,,,
T37,elev_doublet_distractor,clo_+0.1,11,0.68,17.72,3.0,0.46/0.55,0.60/1.00,0.64,0.33/0.09,0.67/0.67,0.28,
T37,elev_doublet_distractor,noop,0,0.68,,,,,,,,,0.0
T38,cruise,inertia_x1.6,5,0.553,1.73,2.0,0.23/1.00,0.40/1.00,,0.00/0.00,1.00/0.50,0.5,
T38,cruise,cmq_x0.5,1,0.553,0.97,0.0,0.00/0.00,0.20/1.00,0.62,-,,,
T38,cruise,cmalpha_x0.7,9,0.553,8.08,5.0,0.46/0.67,0.60/1.00,0.69,0.60/0.33,1.00/0.67,0.46,
T38,cruise,clo_+0.1,15,0.553,27.4,8.0,0.69/0.60,0.80/1.00,0.66,0.88/0.47,1.00/1.00,0.43,
T38,cruise,noop,2,0.553,,,,,,,,,0.09
T38,throttle_step,inertia_x1.6,1,0.359,0.55,0.0,0.05/1.00,0.20/1.00,,-,,,
T38,throttle_step,cmq_x0.5,4,0.359,0.83,0.0,0.31/1.00,0.60/1.00,0.56,-,,,
T38,throttle_step,cmalpha_x0.7,9,0.359,1.27,1.0,0.38/0.56,0.80/1.00,0.51,1.00/0.11,1.00/0.25,0.86,
T38,throttle_step,clo_+0.1,18,0.359,23.69,4.0,0.92/0.67,1.00/1.00,0.79,1.00/0.22,1.00/0.60,0.93,
T38,throttle_step,noop,1,0.359,,,,,,,,,0.05
T38,elev_doublet,inertia_x1.6,0,0.636,3.16,4.0,0.00/0.00,0.00/0.00,,0.00/0.00,0.00/0.00,0.57,
T38,elev_doublet,cmq_x0.5,0,0.636,0.54,0.0,0.00/0.00,0.00/0.00,0.77,-,,,
T38,elev_doublet,cmalpha_x0.7,10,0.636,8.92,0.0,0.46/0.60,1.00/1.00,0.78,-,,,
T38,elev_doublet,clo_+0.1,11,0.636,31.62,4.0,0.54/0.64,0.60/1.00,0.66,0.75/0.27,0.75/1.00,0.49,
T38,elev_doublet,noop,0,0.636,,,,,,,,,0.0
T38,elev_step,inertia_x1.6,1,0.634,1.9,5.0,0.05/1.00,0.20/1.00,,0.00/0.00,0.50/1.00,0.21,
T38,elev_step,cmq_x0.5,1,0.634,1.04,1.0,0.00/0.00,0.20/1.00,0.19,0.00/0.00,1.00/1.00,0.33,
T38,elev_step,cmalpha_x0.7,10,0.634,7.58,6.0,0.31/0.40,0.60/1.00,0.5,0.17/0.10,0.75/1.00,0.31,
T38,elev_step,clo_+0.1,14,0.634,26.96,4.0,0.62/0.57,0.80/1.00,0.54,0.75/0.21,1.00/1.00,0.68,
T38,elev_step,noop,0,0.634,,,,,,,,,0.0
T38,aileron_step,inertia_x1.6,2,0.536,1.59,4.0,0.09/1.00,0.40/1.00,,0.50/1.00,0.67/1.00,0.79,
T38,aileron_step,cmq_x0.5,1,0.536,0.89,0.0,0.00/0.00,0.20/1.00,0.32,-,,,
T38,aileron_step,cmalpha_x0.7,7,0.536,0.75,0.0,0.31/0.57,0.80/1.00,0.59,-,,,
T38,aileron_step,clo_+0.1,7,0.536,20.35,4.0,0.23/0.43,0.60/1.00,0.48,0.75/0.43,1.00/1.00,0.83,
T38,aileron_step,noop,0,0.536,,,,,,,,,0.0
T38,rudder_doublet,inertia_x1.6,2,0.544,0.45,0.0,0.09/1.00,0.20/1.00,,-,,,
T38,rudder_doublet,cmq_x0.5,3,0.544,0.52,0.0,0.15/0.67,0.40/1.00,0.65,-,,,
T38,rudder_doublet,cmalpha_x0.7,4,0.544,2.5,1.0,0.23/0.75,0.40/1.00,0.76,0.00/0.00,1.00/0.50,0.48,
T38,rudder_doublet,clo_+0.1,10,0.544,17.54,3.0,0.69/0.90,0.80/1.00,0.88,1.00/0.30,1.00/0.75,0.84,
T38,rudder_doublet,noop,2,0.544,,,,,,,,,0.09
T38,bank_hold,inertia_x1.6,5,0.378,1.41,4.0,0.23/1.00,0.40/1.00,,0.25/0.20,0.67/1.00,0.76,
T38,bank_hold,cmq_x0.5,2,0.378,1.42,1.0,0.15/1.00,0.40/1.00,0.25,0.00/0.00,0.00/0.00,0.24,
T38,bank_hold,cmalpha_x0.7,17,0.378,1.12,1.0,0.85/0.65,1.00/1.00,0.8,0.00/0.00,1.00/0.20,0.1,
T38,bank_hold,clo_+0.1,20,0.378,16.08,4.0,1.00/0.65,1.00/1.00,0.81,1.00/0.20,1.00/0.60,0.92,
T38,bank_hold,noop,1,0.378,,,,,,,,,0.05
T38,flap_extend,inertia_x1.6,2,0.354,3.32,2.0,0.09/1.00,0.40/1.00,,0.00/0.00,0.00/0.00,0.53,
T38,flap_extend,cmq_x0.5,4,0.354,1.07,3.0,0.15/0.50,0.40/1.00,0.45,0.00/0.00,0.50/0.50,0.14,
T38,flap_extend,clo_+0.1,19,0.354,14.84,6.0,0.92/0.63,0.80/1.00,0.56,0.83/0.26,0.67/0.50,0.64,
T38,flap_extend,noop,0,0.354,,,,,,,,,0.0
T38,engine_cut,inertia_x1.6,5,0.369,1.32,5.0,0.23/1.00,0.60/1.00,,0.00/0.00,0.50/0.33,0.21,
T38,engine_cut,cmq_x0.5,4,0.369,3.36,5.0,0.31/1.00,0.60/1.00,0.51,0.60/0.75,0.67/0.67,0.74,
T38,engine_cut,cmalpha_x0.7,21,0.369,1.05,2.0,1.00/0.62,1.00/1.00,0.32,1.00/0.10,1.00/0.20,0.6,
T38,engine_cut,clo_+0.1,22,0.369,19.27,9.0,1.00/0.59,1.00/1.00,0.82,1.00/0.41,1.00/1.00,0.68,
T38,engine_cut,noop,0,0.369,,,,,,,,,0.0
T38,climbing_turn,inertia_x1.6,2,0.346,1.36,4.0,0.09/1.00,0.40/1.00,,0.00/0.00,0.67/1.00,0.33,
T38,climbing_turn,cmq_x0.5,2,0.346,1.27,1.0,0.15/1.00,0.40/1.00,0.57,1.00/0.50,1.00/0.50,1.0,
T38,climbing_turn,cmalpha_x0.7,12,0.346,0.67,0.0,0.69/0.75,1.00/1.00,0.81,-,,,
T38,climbing_turn,noop,0,0.346,,,,,,,,,0.0
T38,elev_doublet_distractor,inertia_x1.6,0,0.565,0.68,0.0,0.00/0.00,0.00/0.00,,-,,,
T38,elev_doublet_distractor,cmq_x0.5,0,0.565,0.42,0.0,0.00/0.00,0.00/0.00,0.5,-,,,
T38,elev_doublet_distractor,cmalpha_x0.7,3,0.565,0.43,0.0,0.23/1.00,0.40/1.00,0.76,-,,,
T38,elev_doublet_distractor,clo_+0.1,9,0.565,11.86,4.0,0.62/0.89,1.00/1.00,0.82,0.75/0.33,1.00/0.80,0.65,
T38,elev_doublet_distractor,noop,0,0.565,,,,,,,,,0.0
c172p,cruise,inertia_x1.6,5,0.594,186.46,13.0,0.23/1.00,0.40/1.00,,0.38/1.00,0.50/1.00,0.65,
c172p,cruise,cmq_x0.5,3,0.594,3.02,5.0,0.08/0.33,0.40/1.00,0.34,0.20/0.33,0.50/0.50,0.64,
c172p,cruise,cmalpha_x0.7,7,0.594,8.06,5.0,0.08/0.14,0.60/1.00,0.13,0.20/0.14,1.00/0.67,0.35,
c172p,cruise,clo_+0.1,10,0.594,7.74,8.0,0.46/0.60,0.40/1.00,0.68,0.38/0.30,0.50/1.00,0.32,
c172p,cruise,noop,0,0.594,,,,,,,,,0.0
c172p,throttle_step,inertia_x1.6,1,0.568,2.85,2.0,0.05/1.00,0.20/1.00,,0.00/0.00,0.00/0.00,0.45,
c172p,throttle_step,cmq_x0.5,5,0.568,1.42,2.0,0.38/1.00,0.40/1.00,0.79,1.00/0.40,1.00/1.00,0.78,
c172p,throttle_step,cmalpha_x0.7,5,0.568,1.06,3.0,0.23/0.60,0.40/1.00,0.53,0.33/0.20,1.00/1.00,0.09,
c172p,throttle_step,clo_+0.1,20,0.568,8.18,8.0,0.85/0.55,1.00/1.00,0.68,0.75/0.30,1.00/0.80,0.42,
c172p,throttle_step,noop,1,0.568,,,,,,,,,0.05
c172p,elev_doublet,inertia_x1.6,0,0.665,1.46,5.0,0.00/0.00,0.00/0.00,,0.00/0.00,0.00/0.00,0.49,
c172p,elev_doublet,cmq_x0.5,1,0.665,0.32,0.0,0.08/1.00,0.20/1.00,0.37,-,,,
c172p,elev_doublet,cmalpha_x0.7,2,0.665,0.6,0.0,0.15/1.00,0.40/1.00,0.36,-,,,
c172p,elev_doublet,clo_+0.1,7,0.665,4.29,3.0,0.31/0.57,0.60/1.00,0.45,0.33/0.14,0.67/0.67,0.26,
c172p,elev_doublet,noop,0,0.665,,,,,,,,,0.0
c172p,elev_step,inertia_x1.6,2,0.686,1.04,1.0,0.09/1.00,0.40/1.00,,0.00/0.00,1.00/0.50,0.38,
c172p,elev_step,cmq_x0.5,3,0.686,1.17,3.0,0.15/0.67,0.20/1.00,0.5,0.00/0.00,0.33/1.00,0.54,
c172p,elev_step,cmalpha_x0.7,6,0.686,1.65,3.0,0.38/0.83,0.60/1.00,0.79,0.00/0.00,0.67/0.67,0.49,
c172p,elev_step,clo_+0.1,3,0.686,4.2,3.0,0.08/0.33,0.40/1.00,0.15,0.00/0.00,0.67/1.00,0.05,
c172p,elev_step,noop,1,0.686,,,,,,,,,0.05
c172p,aileron_step,inertia_x1.6,0,0.675,4.46,7.0,0.00/0.00,0.00/0.00,,0.00/0.00,0.00/0.00,0.46,
c172p,aileron_step,cmq_x0.5,3,0.675,0.79,0.0,0.23/1.00,0.60/1.00,0.82,-,,,
c172p,aileron_step,cmalpha_x0.7,0,0.675,0.28,0.0,0.00/0.00,0.00/0.00,0.7,-,,,
c172p,aileron_step,clo_+0.1,0,0.675,5.39,3.0,0.00/0.00,0.00/0.00,0.56,0.00/0.00,0.00/0.00,0.11,
c172p,aileron_step,noop,0,0.675,,,,,,,,,0.0
c172p,rudder_doublet,inertia_x1.6,5,0.681,3.66,2.0,0.23/1.00,0.40/1.00,,0.50/0.20,0.50/0.50,0.6,
c172p,rudder_doublet,cmq_x0.5,1,0.681,1.46,1.0,0.08/1.00,0.20/1.00,0.32,0.00/0.00,0.00/0.00,0.29,
c172p,rudder_doublet,cmalpha_x0.7,3,0.681,1.62,1.0,0.23/1.00,0.40/1.00,0.66,0.00/0.00,1.00/0.50,0.38,
c172p,rudder_doublet,clo_+0.1,6,0.681,3.92,3.0,0.38/0.83,0.40/1.00,0.54,0.67/0.33,0.67/1.00,0.67,
c172p,rudder_doublet,noop,0,0.681,,,,,,,,,0.0
c172p,bank_hold,inertia_x1.6,0,0.699,5.73,7.0,0.00/0.00,0.00/0.00,,0.00/0.00,0.00/0.00,0.4,
c172p,bank_hold,cmq_x0.5,0,0.699,0.91,0.0,0.00/0.00,0.00/0.00,0.53,-,,,
c172p,bank_hold,cmalpha_x0.7,1,0.699,0.35,0.0,0.08/1.00,0.20/1.00,0.47,-,,,
c172p,bank_hold,clo_+0.1,7,0.699,4.21,3.0,0.31/0.57,0.60/1.00,0.48,0.67/0.29,0.67/0.67,0.75,
c172p,bank_hold,noop,0,0.699,,,,,,,,,0.0
c172p,flap_extend,inertia_x1.6,0,0.679,0.99,0.0,0.00/0.00,0.00/0.00,,-,,,
c172p,flap_extend,cmq_x0.5,1,0.679,1.38,3.0,0.08/1.00,0.20/1.00,0.5,0.00/0.00,0.50/1.00,0.47,
c172p,flap_extend,cmalpha_x0.7,12,0.679,133.33,13.0,0.23/0.25,0.80/1.00,0.19,0.23/0.25,0.80/1.00,0.19,
c172p,flap_extend,clo_+0.1,5,0.679,4.91,5.0,0.08/0.20,0.60/1.00,0.39,0.00/0.00,0.75/1.00,0.25,
c172p,flap_extend,noop,0,0.679,,,,,,,,,0.0
c172p,climbing_turn,inertia_x1.6,2,0.573,4.61,5.0,0.09/1.00,0.40/1.00,,0.00/0.00,0.67/1.00,0.6,
c172p,climbing_turn,cmq_x0.5,2,0.573,0.61,0.0,0.15/1.00,0.40/1.00,0.68,-,,,
c172p,climbing_turn,cmalpha_x0.7,3,0.573,1.21,1.0,0.00/0.00,0.40/1.00,0.46,0.00/0.00,1.00/0.50,0.1,
c172p,climbing_turn,clo_+0.1,13,0.573,3.39,2.0,0.54/0.54,0.80/1.00,0.39,0.50/0.08,1.00/0.50,0.5,
c172p,climbing_turn,noop,0,0.573,,,,,,,,,0.0
c172p,elev_doublet_distractor,inertia_x1.6,1,0.676,1.97,5.0,0.05/1.00,0.20/1.00,,0.00/0.00,0.33/1.00,0.42,
c172p,elev_doublet_distractor,cmq_x0.5,2,0.676,0.25,0.0,0.08/0.50,0.40/1.00,0.51,-,,,
c172p,elev_doublet_distractor,cmalpha_x0.7,1,0.676,0.36,0.0,0.08/1.00,0.20/1.00,0.82,-,,,
c172p,elev_doublet_distractor,clo_+0.1,9,0.676,4.17,3.0,0.46/0.67,0.60/1.00,0.68,0.67/0.22,0.67/0.67,0.67,
c172p,elev_doublet_distractor,noop,0,0.676,,,,,,,,,0.0
c172p,engine_stop,inertia_x1.6,1,0.744,12.17,4.0,0.05/1.00,0.20/1.00,,0.25/1.00,0.33/1.00,0.44,
c172p,engine_stop,cmq_x0.5,3,0.744,2.45,4.0,0.15/0.67,0.40/1.00,0.58,0.25/0.33,0.67/1.00,0.47,
c172p,engine_stop,cmalpha_x0.7,10,0.744,2.96,9.0,0.38/0.50,0.60/1.00,0.79,0.33/0.30,0.75/1.00,0.64,
c172p,engine_stop,clo_+0.1,8,0.744,10.94,10.0,0.31/0.50,0.60/1.00,0.54,0.40/0.50,0.75/1.00,0.42,
c172p,engine_stop,noop,0,0.744,,,,,,,,,0.0
c172r,cruise,inertia_x1.6,5,0.608,104.49,10.0,0.23/1.00,0.60/1.00,,0.50/1.00,0.75/1.00,0.52,
c172r,cruise,cmq_x0.5,6,0.608,2.3,4.0,0.15/0.33,0.40/1.00,0.41,0.50/0.33,1.00/1.00,0.65,
c172r,cruise,cmalpha_x0.7,4,0.608,7.78,4.0,0.08/0.25,0.40/1.00,0.32,0.25/0.25,1.00/1.00,0.58,
c172r,cruise,clo_+0.1,11,0.608,7.32,8.0,0.46/0.55,0.80/1.00,0.68,0.50/0.36,0.75/0.75,0.3,
c172r,cruise,noop,0,0.608,,,,,,,,,0.0
c172r,throttle_step,inertia_x1.6,0,0.561,1.89,1.0,0.00/0.00,0.00/0.00,,0.00/0.00,0.00/0.00,0.62,
c172r,throttle_step,cmq_x0.5,2,0.561,0.75,0.0,0.15/1.00,0.40/1.00,0.5,-,,,
c172r,throttle_step,cmalpha_x0.7,8,0.561,1.41,2.0,0.46/0.75,0.80/1.00,0.67,0.00/0.00,1.00/0.25,0.08,
c172r,throttle_step,clo_+0.1,12,0.561,4.37,5.0,0.46/0.50,0.80/1.00,0.46,0.20/0.08,1.00/1.00,0.31,
c172r,throttle_step,noop,0,0.561,,,,,,,,,0.0
c172r,elev_doublet,inertia_x1.6,1,0.672,0.86,0.0,0.05/1.00,0.20/1.00,,-,,,
c172r,elev_doublet,cmq_x0.5,1,0.672,0.35,0.0,0.08/1.00,0.20/1.00,0.26,-,,,
c172r,elev_doublet,cmalpha_x0.7,7,0.672,0.7,0.0,0.31/0.57,0.80/1.00,0.32,-,,,
c172r,elev_doublet,clo_+0.1,4,0.672,2.86,2.0,0.15/0.50,0.40/1.00,0.34,0.00/0.00,0.50/0.50,0.03,
c172r,elev_doublet,noop,1,0.672,,,,,,,,,0.05
c172r,elev_step,inertia_x1.6,3,0.723,0.52,0.0,0.14/1.00,0.40/1.00,,-,,,
c172r,elev_step,cmq_x0.5,3,0.723,1.12,3.0,0.15/0.67,0.60/1.00,0.62,0.00/0.00,0.67/0.67,0.54,
c172r,elev_step,cmalpha_x0.7,5,0.723,3.64,3.0,0.15/0.40,0.80/1.00,0.39,0.00/0.00,1.00/0.75,0.05,
c172r,elev_step,clo_+0.1,6,0.723,2.99,2.0,0.31/0.67,0.80/1.00,0.54,0.00/0.00,1.00/0.50,0.0,
c172r,elev_step,noop,1,0.723,,,,,,,,,0.05
c172r,aileron_step,inertia_x1.6,4,0.69,6.71,7.0,0.18/1.00,0.60/1.00,,0.29/0.50,0.67/0.67,0.5,
c172r,aileron_step,cmq_x0.5,7,0.69,0.79,0.0,0.38/0.71,0.60/1.00,0.66,-,,,
c172r,aileron_step,cmalpha_x0.7,9,0.69,0.72,0.0,0.23/0.33,0.80/1.00,0.42,-,,,
c172r,aileron_step,clo_+0.1,14,0.69,5.66,3.0,0.46/0.43,0.80/1.00,0.09,0.00/0.00,1.00/0.75,0.0,
c172r,aileron_step,noop,3,0.69,,,,,,,,,0.14
c172r,rudder_doublet,inertia_x1.6,4,0.663,2.32,7.0,0.18/1.00,0.60/1.00,,0.29/0.50,0.67/0.67,0.54,
c172r,rudder_doublet,cmq_x0.5,3,0.663,0.93,0.0,0.15/0.67,0.40/1.00,0.55,-,,,
c172r,rudder_doublet,cmalpha_x0.7,7,0.663,2.48,1.0,0.54/1.00,0.60/1.00,0.78,1.00/0.14,1.00/0.33,0.57,
c172r,rudder_doublet,clo_+0.1,7,0.663,4.16,3.0,0.46/0.86,0.40/1.00,0.5,0.00/0.00,0.33/0.50,0.0,
c172r,rudder_doublet,noop,1,0.663,,,,,,,,,0.05
c172r,bank_hold,inertia_x1.6,4,0.71,5.61,7.0,0.18/1.00,0.60/1.00,,0.14/0.25,1.00/1.00,0.34,
c172r,bank_hold,cmq_x0.5,6,0.71,1.0,2.0,0.38/0.83,0.60/1.00,0.63,1.00/0.33,1.00/0.67,0.5,
c172r,bank_hold,cmalpha_x0.7,3,0.71,1.25,3.0,0.15/0.67,0.60/1.00,0.56,0.00/0.00,0.67/0.67,0.39,
c172r,bank_hold,clo_+0.1,8,0.71,7.73,5.0,0.31/0.50,0.80/1.00,0.34,0.20/0.12,1.00/1.00,0.21,
c172r,bank_hold,noop,5,0.71,,,,,,,,,0.23
c172r,flap_extend,inertia_x1.6,2,0.656,0.51,0.0,0.09/1.00,0.20/1.00,,-,,,
c172r,flap_extend,cmq_x0.5,4,0.656,0.89,0.0,0.15/0.50,0.60/1.00,0.22,-,,,
c172r,flap_extend,cmalpha_x0.7,16,0.656,30.99,13.0,0.54/0.44,0.80/1.00,0.39,0.54/0.44,0.80/1.00,0.39,
c172r,flap_extend,clo_+0.1,7,0.656,2.72,3.0,0.38/0.71,0.40/1.00,0.47,0.00/0.00,0.33/0.50,0.04,
c172r,flap_extend,noop,1,0.656,,,,,,,,,0.05
c172r,climbing_turn,inertia_x1.6,0,0.579,5.22,4.0,0.00/0.00,0.00/0.00,,0.00/0.00,0.00/0.00,0.32,
c172r,climbing_turn,cmq_x0.5,1,0.579,0.7,0.0,0.08/1.00,0.20/1.00,0.85,-,,,
c172r,climbing_turn,cmalpha_x0.7,2,0.579,1.33,7.0,0.08/0.50,0.40/1.00,0.57,0.00/0.00,0.50/1.00,0.35,
c172r,climbing_turn,clo_+0.1,8,0.579,5.59,2.0,0.38/0.62,0.60/1.00,0.71,1.00/0.25,1.00/0.67,1.0,
c172r,climbing_turn,noop,0,0.579,,,,,,,,,0.0
c172r,elev_doublet_distractor,inertia_x1.6,6,0.638,1.97,5.0,0.27/1.00,0.60/1.00,,0.20/0.17,1.00/1.00,0.26,
c172r,elev_doublet_distractor,cmq_x0.5,3,0.638,0.28,0.0,0.23/1.00,0.60/1.00,0.68,-,,,
c172r,elev_doublet_distractor,cmalpha_x0.7,3,0.638,0.53,0.0,0.23/1.00,0.60/1.00,0.55,-,,,
c172r,elev_doublet_distractor,clo_+0.1,6,0.638,3.09,3.0,0.31/0.67,0.40/1.00,0.71,0.00/0.00,0.33/0.50,0.18,
c172r,elev_doublet_distractor,noop,4,0.638,,,,,,,,,0.18
c172r,engine_stop,inertia_x1.6,1,0.739,14.26,3.0,0.05/1.00,0.20/1.00,,0.33/1.00,0.50/1.00,0.7,
c172r,engine_stop,cmq_x0.5,2,0.739,1.71,4.0,0.08/0.50,0.20/1.00,0.55,0.00/0.00,0.33/1.00,0.4,
c172r,engine_stop,cmalpha_x0.7,1,0.739,1.45,6.0,0.08/1.00,0.20/1.00,0.31,0.00/0.00,0.33/1.00,0.32,
c172r,engine_stop,clo_+0.1,7,0.739,5.77,5.0,0.46/0.86,0.60/1.00,0.58,0.40/0.29,0.67/0.67,0.31,
c172r,engine_stop,noop,0,0.739,,,,,,,,,0.0
c182,cruise,inertia_x1.6,4,0.724,6.93,6.0,0.18/1.00,0.60/1.00,,0.00/0.00,0.50/0.33,0.08,
c182,cruise,cmq_x0.5,9,0.724,4.71,4.0,0.46/0.67,0.80/1.00,0.85,0.75/0.33,1.00/0.75,0.54,
c182,cruise,cmalpha_x0.7,3,0.724,3.38,5.0,0.15/0.67,0.20/1.00,0.51,0.00/0.00,0.33/1.00,0.58,
c182,cruise,clo_+0.1,8,0.724,6.17,8.0,0.54/0.88,0.80/1.00,0.91,0.50/0.50,1.00/1.00,0.64,
c182,cruise,noop,4,0.724,,,,,,,,,0.18
c182,throttle_step,inertia_x1.6,5,0.628,6.07,4.0,0.23/1.00,0.60/1.00,,0.75/0.60,1.00/0.33,0.75,
c182,throttle_step,cmq_x0.5,7,0.628,1.79,4.0,0.23/0.43,0.60/1.00,0.23,0.75/0.43,1.00/1.00,0.39,
c182,throttle_step,cmalpha_x0.7,9,0.628,1.61,4.0,0.31/0.44,0.60/1.00,0.16,0.75/0.33,1.00/1.00,0.6,
c182,throttle_step,clo_+0.1,18,0.628,6.58,5.0,0.69/0.50,0.80/1.00,0.23,0.60/0.17,1.00/1.00,0.22,
c182,throttle_step,noop,0,0.628,,,,,,,,,0.0
c182,elev_doublet,inertia_x1.6,1,0.737,2.68,7.0,0.05/1.00,0.20/1.00,,0.00/0.00,0.33/1.00,0.27,
c182,elev_doublet,cmq_x0.5,0,0.737,1.15,3.0,0.00/0.00,0.00/0.00,0.42,0.00/0.00,0.00/0.00,0.49,
c182,elev_doublet,cmalpha_x0.7,0,0.737,0.81,0.0,0.00/0.00,0.00/0.00,0.71,-,,,
c182,elev_doublet,clo_+0.1,7,0.737,5.16,3.0,0.46/0.86,0.40/1.00,0.7,0.00/0.00,0.33/0.50,0.19,
c182,elev_doublet,noop,1,0.737,,,,,,,,,0.05
c182,elev_step,inertia_x1.6,0,0.726,4.05,3.0,0.00/0.00,0.00/0.00,,0.00/0.00,0.00/0.00,0.11,
c182,elev_step,cmq_x0.5,4,0.726,3.27,7.0,0.23/0.75,0.60/1.00,0.58,0.14/0.25,1.00/1.00,0.41,
c182,elev_step,cmalpha_x0.7,4,0.726,2.51,3.0,0.08/0.25,0.60/1.00,0.36,0.33/0.25,1.00/1.00,0.74,
c182,elev_step,clo_+0.1,5,0.726,5.69,4.0,0.38/1.00,0.60/1.00,0.97,0.75/0.60,0.75/1.00,0.92,
c182,elev_step,noop,0,0.726,,,,,,,,,0.0
c182,aileron_step,inertia_x1.6,1,0.671,1.66,3.0,0.05/1.00,0.20/1.00,,0.00/0.00,0.50/1.00,0.35,
c182,aileron_step,cmq_x0.5,3,0.671,1.49,2.0,0.23/1.00,0.40/1.00,0.42,0.00/0.00,0.50/0.50,0.32,
c182,aileron_step,cmalpha_x0.7,2,0.671,0.89,0.0,0.15/1.00,0.20/1.00,0.76,-,,,
c182,aileron_step,clo_+0.1,6,0.671,4.03,6.0,0.38/0.83,0.80/1.00,0.7,0.67/0.67,1.00/1.00,0.68,
c182,aileron_step,noop,0,0.671,,,,,,,,,0.0
c182,rudder_doublet,inertia_x1.6,3,0.729,1.05,1.0,0.14/1.00,0.40/1.00,,0.00/0.00,1.00/0.50,0.38,
c182,rudder_doublet,cmq_x0.5,1,0.729,2.01,3.0,0.00/0.00,0.20/1.00,0.41,0.00/0.00,0.00/0.00,0.39,
c182,rudder_doublet,cmalpha_x0.7,2,0.729,1.2,1.0,0.15/1.00,0.40/1.00,0.48,0.00/0.00,1.00/0.50,0.29,
c182,rudder_doublet,clo_+0.1,14,0.729,3.99,7.0,1.00/0.93,1.00/1.00,0.83,1.00/0.50,1.00/0.80,0.58,
c182,rudder_doublet,noop,1,0.729,,,,,,,,,0.05
c182,bank_hold,inertia_x1.6,0,0.684,1.6,2.0,0.00/0.00,0.00/0.00,,0.00/0.00,0.00/0.00,0.4,
c182,bank_hold,cmq_x0.5,5,0.684,1.54,3.0,0.15/0.40,0.40/1.00,0.44,0.33/0.20,0.67/1.00,0.49,
c182,bank_hold,cmalpha_x0.7,3,0.684,0.91,0.0,0.23/1.00,0.40/1.00,0.62,-,,,
c182,bank_hold,clo_+0.1,3,0.684,4.95,6.0,0.15/0.67,0.60/1.00,0.69,0.33/0.67,0.75/1.00,0.35,
c182,bank_hold,noop,0,0.684,,,,,,,,,0.0
c182,climbing_turn,inertia_x1.6,2,0.56,1.64,2.0,0.09/1.00,0.40/1.00,,0.00/0.00,0.00/0.00,0.68,
c182,climbing_turn,cmq_x0.5,12,0.56,3.86,8.0,0.46/0.50,0.60/1.00,0.36,0.62/0.42,0.75/1.00,0.49,
c182,climbing_turn,cmalpha_x0.7,6,0.56,2.43,9.0,0.08/0.17,0.60/1.00,0.09,0.11/0.17,0.75/1.00,0.32,
c182,climbing_turn,clo_+0.1,13,0.56,5.93,4.0,0.54/0.54,0.80/1.00,0.31,0.25/0.08,1.00/1.00,0.15,
c182,climbing_turn,noop,2,0.56,,,,,,,,,0.09
c182,elev_doublet_distractor,inertia_x1.6,0,0.723,1.57,5.0,0.00/0.00,0.00/0.00,,0.00/0.00,0.00/0.00,0.45,
c182,elev_doublet_distractor,cmq_x0.5,0,0.723,0.91,0.0,0.00/0.00,0.00/0.00,0.54,-,,,
c182,elev_doublet_distractor,cmalpha_x0.7,2,0.723,0.8,0.0,0.15/1.00,0.20/1.00,0.51,-,,,
c182,elev_doublet_distractor,clo_+0.1,8,0.723,3.51,3.0,0.54/0.88,0.60/1.00,0.7,0.33/0.12,0.67/0.67,0.19,
c182,elev_doublet_distractor,noop,0,0.723,,,,,,,,,0.0
c182,engine_stop,inertia_x1.6,0,0.743,6.87,3.0,0.00/0.00,0.00/0.00,,0.00/0.00,0.00/0.00,0.51,
c182,engine_stop,cmq_x0.5,7,0.743,1.91,7.0,0.31/0.57,0.60/1.00,0.57,0.00/0.00,0.33/0.33,0.23,
c182,engine_stop,cmalpha_x0.7,0,0.743,1.92,10.0,0.00/0.00,0.00/0.00,0.26,0.00/0.00,0.00/0.00,0.2,
c182,engine_stop,clo_+0.1,11,0.743,6.22,6.0,0.62/0.73,0.80/1.00,0.6,0.33/0.18,1.00/0.75,0.24,
c182,engine_stop,noop,0,0.743,,,,,,,,,0.0
c310,cruise,inertia_x1.6,3,0.729,4.67,1.0,0.14/1.00,0.60/1.00,,0.00/0.00,0.00/0.00,0.19,
c310,cruise,cmq_x0.5,6,0.729,6.93,9.0,0.31/0.67,0.60/1.00,0.65,0.44/0.67,1.00/1.00,0.63,
c310,cruise,cmalpha_x0.7,4,0.729,4.16,8.0,0.23/0.75,0.60/1.00,0.5,0.12/0.25,0.67/0.67,0.33,
c310,cruise,clo_+0.1,3,0.729,3.69,8.0,0.15/0.67,0.40/1.00,0.57,0.00/0.00,0.50/1.00,0.21,
c310,cruise,noop,3,0.729,,,,,,,,,0.14
c310,throttle_step,inertia_x1.6,3,0.637,4.39,1.0,0.14/1.00,0.20/1.00,,0.00/0.00,0.00/0.00,0.81,
c310,throttle_step,cmq_x0.5,10,0.637,3.21,11.0,0.62/0.80,0.80/1.00,0.69,0.73/0.80,1.00/1.00,0.77,
c310,throttle_step,cmalpha_x0.7,6,0.637,3.94,10.0,0.23/0.50,0.80/1.00,0.21,0.30/0.50,1.00/1.00,0.34,
c310,throttle_step,clo_+0.1,5,0.637,3.9,5.0,0.31/0.80,0.20/1.00,0.56,0.00/0.00,0.25/1.00,0.18,
c310,throttle_step,noop,3,0.637,,,,,,,,,0.14
c310,elev_doublet,inertia_x1.6,1,0.721,0.52,0.0,0.05/1.00,0.20/1.00,,-,,,
c310,elev_doublet,cmq_x0.5,4,0.721,2.99,5.0,0.31/1.00,0.60/1.00,0.48,0.20/0.25,0.67/0.67,0.29,
c310,elev_doublet,cmalpha_x0.7,8,0.721,1.89,3.0,0.54/0.88,0.60/1.00,0.5,1.00/0.38,1.00/1.00,0.65,
c310,elev_doublet,clo_+0.1,2,0.721,2.42,5.0,0.15/1.00,0.40/1.00,0.9,0.40/1.00,0.50/1.00,0.61,
c310,elev_doublet,noop,2,0.721,,,,,,,,,0.09
c310,elev_step,inertia_x1.6,0,0.752,0.68,0.0,0.00/0.00,0.00/0.00,,-,,,
c310,elev_step,cmq_x0.5,4,0.752,6.68,9.0,0.23/0.75,0.40/1.00,0.49,0.22/0.50,0.50/1.00,0.28,
c310,elev_step,cmalpha_x0.7,8,0.752,3.47,4.0,0.62/1.00,0.80/1.00,0.97,1.00/0.50,1.00/0.75,0.75,
c310,elev_step,clo_+0.1,6,0.752,3.8,4.0,0.38/0.83,0.60/1.00,0.54,0.25/0.17,0.75/1.00,0.4,
c310,elev_step,noop,0,0.752,,,,,,,,,0.0
c310,aileron_step,inertia_x1.6,1,0.675,3.96,1.0,0.05/1.00,0.20/1.00,,0.00/0.00,0.00/0.00,0.19,
c310,aileron_step,cmq_x0.5,5,0.675,2.28,6.0,0.38/1.00,0.60/1.00,0.83,0.67/0.80,0.67/0.67,0.76,
c310,aileron_step,cmalpha_x0.7,2,0.675,3.57,4.0,0.08/0.50,0.40/1.00,0.92,0.25/0.50,1.00/1.00,0.5,
c310,aileron_step,clo_+0.1,6,0.675,2.64,7.0,0.38/0.83,0.80/1.00,0.79,0.43/0.50,0.75/0.75,0.5,
c310,aileron_step,noop,0,0.675,,,,,,,,,0.0
c310,rudder_doublet,inertia_x1.6,0,0.746,5.88,1.0,0.00/0.00,0.00/0.00,,0.00/0.00,0.00/0.00,0.52,
c310,rudder_doublet,cmq_x0.5,4,0.746,4.16,5.0,0.23/0.75,0.40/1.00,0.41,0.40/0.50,0.67/1.00,0.42,
c310,rudder_doublet,cmalpha_x0.7,3,0.746,5.24,4.0,0.23/1.00,0.60/1.00,0.47,0.50/0.67,0.67/0.67,0.56,
c310,rudder_doublet,clo_+0.1,6,0.746,3.79,7.0,0.38/0.83,0.80/1.00,0.65,0.71/0.83,1.00/1.00,0.77,
c310,rudder_doublet,noop,1,0.746,,,,,,,,,0.05
c310,bank_hold,inertia_x1.6,0,0.694,4.46,1.0,0.00/0.00,0.00/0.00,,0.00/0.00,0.00/0.00,0.0,
c310,bank_hold,cmq_x0.5,5,0.694,2.6,6.0,0.08/0.20,0.60/1.00,0.45,0.17/0.20,1.00/1.00,0.57,
c310,bank_hold,cmalpha_x0.7,7,0.694,4.01,3.0,0.46/0.86,0.80/1.00,0.86,0.00/0.00,1.00/0.50,0.26,
c310,bank_hold,clo_+0.1,6,0.694,3.32,6.0,0.23/0.50,0.80/1.00,0.6,0.50/0.50,1.00/1.00,0.64,
c310,bank_hold,noop,1,0.694,,,,,,,,,0.05
c310,flap_extend,inertia_x1.6,1,0.72,4.3,9.0,0.05/1.00,0.20/1.00,,0.11/1.00,0.25/1.00,0.54,
c310,flap_extend,cmq_x0.5,3,0.72,2.76,5.0,0.15/0.67,0.40/1.00,0.67,0.40/0.67,1.00/1.00,0.39,
c310,flap_extend,cmalpha_x0.7,8,0.72,6.79,13.0,0.31/0.50,0.40/1.00,0.45,0.31/0.50,0.40/1.00,0.45,
c310,flap_extend,clo_+0.1,5,0.72,2.42,7.0,0.38/1.00,0.40/1.00,0.59,0.29/0.40,0.50/1.00,0.25,
c310,flap_extend,noop,3,0.72,,,,,,,,,0.14
c310,engine_cut,inertia_x1.6,0,0.764,3.6,1.0,0.00/0.00,0.00/0.00,,0.00/0.00,0.00/0.00,0.62,
c310,engine_cut,cmq_x0.5,11,0.764,2.26,11.0,0.54/0.64,0.80/1.00,0.51,0.64/0.64,1.00/1.00,0.68,
c310,engine_cut,cmalpha_x0.7,4,0.764,3.21,7.0,0.23/0.75,0.60/1.00,0.36,0.14/0.25,1.00/1.00,0.51,
c310,engine_cut,clo_+0.1,10,0.764,2.18,6.0,0.46/0.60,1.00/1.00,0.44,0.17/0.10,1.00/0.60,0.19,
c310,engine_cut,noop,0,0.764,,,,,,,,,0.0
c310,climbing_turn,inertia_x1.6,0,0.57,0.75,0.0,0.00/0.00,0.00/0.00,,-,,,
c310,climbing_turn,cmq_x0.5,10,0.57,3.88,12.0,0.54/0.70,0.60/1.00,0.78,0.58/0.70,0.60/1.00,0.82,
c310,climbing_turn,cmalpha_x0.7,4,0.57,2.85,11.0,0.15/0.50,0.60/1.00,0.4,0.09/0.25,0.60/1.00,0.27,
c310,climbing_turn,clo_+0.1,19,0.57,4.26,12.0,0.85/0.58,1.00/1.00,0.35,0.83/0.53,1.00/1.00,0.27,
c310,climbing_turn,noop,0,0.57,,,,,,,,,0.0
c310,elev_doublet_distractor,inertia_x1.6,1,0.751,0.45,0.0,0.05/1.00,0.20/1.00,,-,,,
c310,elev_doublet_distractor,cmq_x0.5,3,0.751,4.53,5.0,0.23/1.00,0.40/1.00,0.81,0.40/0.67,0.67/1.00,0.56,
c310,elev_doublet_distractor,cmalpha_x0.7,8,0.751,1.71,2.0,0.62/1.00,0.80/1.00,0.83,0.50/0.12,1.00/0.50,0.67,
c310,elev_doublet_distractor,clo_+0.1,6,0.751,3.65,9.0,0.38/0.83,0.80/1.00,0.56,0.44/0.67,1.00/1.00,0.51,
c310,elev_doublet_distractor,noop,1,0.751,,,,,,,,,0.05
c310,engine_stop,inertia_x1.6,0,0.757,3.43,1.0,0.00/0.00,0.00/0.00,,0.00/0.00,0.00/0.00,0.48,
c310,engine_stop,cmq_x0.5,8,0.757,2.61,6.0,0.54/0.88,0.60/1.00,0.72,0.33/0.25,0.67/0.67,0.49,
c310,engine_stop,cmalpha_x0.7,7,0.757,3.06,5.0,0.23/0.43,0.60/1.00,0.29,0.00/0.00,0.67/0.67,0.24,
c310,engine_stop,clo_+0.1,3,0.757,2.27,8.0,0.08/0.33,0.40/1.00,0.57,0.00/0.00,0.25/0.50,0.46,
c310,engine_stop,noop,0,0.757,,,,,,,,,0.0
f15,cruise,inertia_x1.6,0,0.689,1.18,1.0,0.00/0.00,0.00/0.00,,0.00/0.00,0.00/0.00,0.38,
f15,cruise,cmq_x0.5,2,0.689,2.87,3.0,0.15/1.00,0.40/1.00,0.56,0.67/1.00,1.00/1.00,0.74,
f15,cruise,cmalpha_x0.7,7,0.689,9.18,7.0,0.31/0.57,0.40/1.00,0.84,0.57/0.57,0.67/1.00,0.53,
f15,cruise,clo_+0.1,8,0.689,90.77,8.0,0.31/0.50,0.40/1.00,0.62,0.50/0.50,0.50/1.00,0.43,
f15,cruise,noop,0,0.689,,,,,,,,,0.0
f15,throttle_step,inertia_x1.6,0,0.488,0.47,0.0,0.00/0.00,0.00/0.00,,-,,,
f15,throttle_step,cmq_x0.5,0,0.488,0.42,0.0,0.00/0.00,0.00/0.00,0.57,-,,,
f15,throttle_step,cmalpha_x0.7,15,0.488,1.85,3.0,0.46/0.40,0.80/1.00,0.26,0.00/0.00,1.00/0.75,0.0,
f15,throttle_step,clo_+0.1,16,0.488,77.31,8.0,0.54/0.44,0.80/1.00,0.5,0.25/0.12,0.80/1.00,0.21,
f15,throttle_step,noop,0,0.488,,,,,,,,,0.0
f15,elev_doublet,inertia_x1.6,1,0.676,0.63,0.0,0.05/1.00,0.20/1.00,,-,,,
f15,elev_doublet,cmq_x0.5,2,0.676,0.27,0.0,0.00/0.00,0.40/1.00,0.8,-,,,
f15,elev_doublet,cmalpha_x0.7,6,0.676,6.35,0.0,0.23/0.50,0.80/1.00,0.84,-,,,
f15,elev_doublet,clo_+0.1,11,0.676,33.26,4.0,0.38/0.45,0.80/1.00,0.74,0.25/0.09,0.75/0.75,0.25,
f15,elev_doublet,noop,1,0.676,,,,,,,,,0.05
f15,elev_step,inertia_x1.6,0,0.655,0.51,0.0,0.00/0.00,0.00/0.00,,-,,,
f15,elev_step,cmq_x0.5,1,0.655,0.47,0.0,0.00/0.00,0.20/1.00,0.2,-,,,
f15,elev_step,cmalpha_x0.7,3,0.655,9.8,9.0,0.15/0.67,0.60/1.00,0.63,0.00/0.00,0.50/0.67,0.6,
f15,elev_step,clo_+0.1,8,0.655,50.71,8.0,0.38/0.62,0.80/1.00,0.62,0.50/0.50,1.00/1.00,0.64,
f15,elev_step,noop,0,0.655,,,,,,,,,0.0
f15,aileron_step,inertia_x1.6,0,0.555,0.41,0.0,0.00/0.00,0.00/0.00,,-,,,
f15,aileron_step,cmq_x0.5,0,0.555,0.21,0.0,0.00/0.00,0.00/0.00,0.69,-,,,
f15,aileron_step,cmalpha_x0.7,19,0.555,1.31,2.0,0.77/0.53,1.00/1.00,0.28,0.50/0.05,1.00/0.40,0.4,
f15,aileron_step,clo_+0.1,15,0.555,49.0,7.0,0.62/0.53,0.80/1.00,0.38,0.57/0.27,0.75/0.75,0.38,
f15,aileron_step,noop,0,0.555,,,,,,,,,0.0
f15,rudder_doublet,inertia_x1.6,1,0.586,0.45,0.0,0.05/1.00,0.20/1.00,,-,,,
f15,rudder_doublet,cmq_x0.5,1,0.586,0.21,0.0,0.08/1.00,0.20/1.00,0.68,-,,,
f15,rudder_doublet,cmalpha_x0.7,19,0.586,1.31,2.0,0.92/0.63,1.00/1.00,0.55,0.50/0.05,1.00/0.40,0.15,
f15,rudder_doublet,clo_+0.1,11,0.586,40.62,10.0,0.46/0.55,0.80/1.00,0.4,0.40/0.36,0.75/0.75,0.39,
f15,rudder_doublet,noop,1,0.586,,,,,,,,,0.05
f15,bank_hold,inertia_x1.6,0,0.564,0.31,0.0,0.00/0.00,0.00/0.00,,-,,,
f15,bank_hold,cmq_x0.5,0,0.564,0.15,0.0,0.00/0.00,0.00/0.00,0.64,-,,,
f15,bank_hold,cmalpha_x0.7,16,0.564,0.98,0.0,0.54/0.44,1.00/1.00,0.03,-,,,
f15,bank_hold,clo_+0.1,15,0.564,37.04,7.0,0.62/0.53,1.00/1.00,0.17,0.71/0.33,1.00/0.80,0.38,
f15,bank_hold,noop,0,0.564,,,,,,,,,0.0
f15,flap_extend,inertia_x1.6,3,0.644,0.99,0.0,0.14/1.00,0.40/1.00,,-,,,
f15,flap_extend,cmq_x0.5,4,0.644,2.43,2.0,0.23/0.75,0.40/1.00,0.62,1.00/0.50,1.00/0.50,0.62,
f15,flap_extend,cmalpha_x0.7,6,0.644,6.97,7.0,0.08/0.17,0.60/1.00,0.44,0.14/0.17,0.75/1.00,0.11,
f15,flap_extend,clo_+0.1,6,0.644,64.13,8.0,0.15/0.33,0.60/1.00,0.46,0.25/0.33,0.75/1.00,0.25,
f15,flap_extend,noop,2,0.644,,,,,,,,,0.09
f15,engine_cut,inertia_x1.6,1,0.335,0.51,0.0,0.05/1.00,0.20/1.00,,-,,,
f15,engine_cut,cmq_x0.5,2,0.335,0.48,0.0,0.08/0.50,0.20/1.00,0.47,-,,,
f15,engine_cut,cmalpha_x0.7,21,0.335,2.18,8.0,0.92/0.57,1.00/1.00,0.56,0.88/0.33,1.00/0.60,0.62,
f15,engine_cut,clo_+0.1,19,0.335,45.64,12.0,0.85/0.58,1.00/1.00,0.44,0.83/0.53,1.00/1.00,0.47,
f15,engine_cut,noop,0,0.335,,,,,,,,,0.0
f15,climbing_turn,inertia_x1.6,2,0.536,0.34,0.0,0.09/1.00,0.20/1.00,,-,,,
f15,climbing_turn,cmq_x0.5,2,0.536,0.31,0.0,0.15/1.00,0.20/1.00,0.7,-,,,
f15,climbing_turn,cmalpha_x0.7,17,0.536,1.83,10.0,0.62/0.47,1.00/1.00,0.4,0.70/0.41,1.00/1.00,0.58,
f15,climbing_turn,clo_+0.1,18,0.536,29.43,10.0,0.69/0.50,1.00/1.00,0.37,0.70/0.39,1.00/1.00,0.5,
f15,climbing_turn,noop,2,0.536,,,,,,,,,0.09
f15,elev_doublet_distractor,inertia_x1.6,0,0.651,0.47,0.0,0.00/0.00,0.00/0.00,,-,,,
f15,elev_doublet_distractor,cmq_x0.5,0,0.651,0.21,0.0,0.00/0.00,0.00/0.00,0.52,-,,,
f15,elev_doublet_distractor,cmalpha_x0.7,11,0.651,0.61,0.0,0.31/0.36,0.60/1.00,0.3,-,,,
f15,elev_doublet_distractor,clo_+0.1,13,0.651,20.98,6.0,0.46/0.46,0.60/1.00,0.4,0.17/0.08,0.67/0.67,0.06,
f15,elev_doublet_distractor,noop,0,0.651,,,,,,,,,0.0
f15,engine_restart,inertia_x1.6,2,0.357,0.39,0.0,0.09/1.00,0.40/1.00,,-,,,
f15,engine_restart,cmq_x0.5,3,0.357,0.7,0.0,0.15/0.67,0.40/1.00,0.52,-,,,
f15,engine_restart,cmalpha_x0.7,20,0.357,1.51,3.0,0.85/0.55,1.00/1.00,0.51,1.00/0.15,1.00/0.20,0.68,
f15,engine_restart,clo_+0.1,20,0.357,29.07,12.0,0.85/0.55,1.00/1.00,0.55,0.83/0.50,1.00/1.00,0.62,
f15,engine_restart,noop,2,0.357,,,,,,,,,0.09
f16,cruise,inertia_x1.6,3,0.335,2.49,9.0,0.14/1.00,0.60/1.00,,0.11/0.33,0.75/1.00,0.4,
f16,cruise,cmq_x0.5,0,0.335,0.15,0.0,0.00/0.00,0.00/0.00,0.15,-,,,
f16,cruise,cmalpha_x0.7,6,0.335,28.74,5.0,0.38/0.83,0.60/1.00,0.71,1.00/0.83,1.00/0.67,0.95,
f16,cruise,clo_+0.1,16,0.335,32.01,8.0,0.69/0.56,0.60/1.00,0.38,0.75/0.38,0.75/1.00,0.22,
f16,cruise,noop,0,0.335,,,,,,,,,0.0
f16,throttle_step,inertia_x1.6,1,0.145,0.19,0.0,0.05/1.00,0.20/1.00,,-,,,
f16,throttle_step,cmq_x0.5,1,0.145,0.12,0.0,0.08/1.00,0.20/1.00,0.62,-,,,
f16,throttle_step,cmalpha_x0.7,10,0.145,1.36,3.0,0.77/1.00,0.60/1.00,0.85,1.00/0.30,1.00/0.67,0.7,
f16,throttle_step,clo_+0.1,20,0.145,46.29,12.0,0.85/0.55,1.00/1.00,0.82,0.83/0.50,1.00/1.00,0.78,
f16,throttle_step,noop,1,0.145,,,,,,,,,0.05
f16,elev_doublet,inertia_x1.6,3,0.433,0.33,0.0,0.14/1.00,0.40/1.00,,-,,,
f16,elev_doublet,cmq_x0.5,4,0.433,0.03,0.0,0.23/0.75,0.60/1.00,0.79,-,,,
f16,elev_doublet,cmalpha_x0.7,6,0.433,1.87,0.0,0.23/0.50,0.80/1.00,0.74,-,,,
f16,elev_doublet,clo_+0.1,16,0.433,24.37,4.0,0.77/0.62,0.80/1.00,0.52,0.75/0.19,1.00/1.00,0.49,
f16,elev_doublet,noop,3,0.433,,,,,,,,,0.14
f16,elev_step,inertia_x1.6,0,0.259,0.24,0.0,0.00/0.00,0.00/0.00,,-,,,
f16,elev_step,cmq_x0.5,2,0.259,0.14,0.0,0.00/0.00,0.20/1.00,0.5,-,,,
f16,elev_step,cmalpha_x0.7,3,0.259,1.81,2.0,0.23/1.00,0.60/1.00,0.68,1.00/0.67,1.00/0.67,1.0,
f16,elev_step,clo_+0.1,21,0.259,17.64,5.0,0.92/0.57,1.00/1.00,0.54,1.00/0.24,1.00/0.80,0.64,
f16,elev_step,noop,2,0.259,,,,,,,,,0.09
f16,aileron_step,inertia_x1.6,1,0.14,0.53,0.0,0.05/1.00,0.20/1.00,,-,,,
f16,aileron_step,cmq_x0.5,8,0.14,0.62,0.0,0.38/0.62,0.80/1.00,0.65,-,,,
f16,aileron_step,cmalpha_x0.7,19,0.14,4.95,5.0,1.00/0.68,1.00/1.00,0.8,1.00/0.26,1.00/0.60,0.78,
f16,aileron_step,clo_+0.1,19,0.14,30.53,8.0,0.92/0.63,0.80/1.00,0.64,0.88/0.37,0.75/0.75,0.52,
f16,aileron_step,noop,0,0.14,,,,,,,,,0.0
f16,rudder_doublet,inertia_x1.6,4,0.311,0.11,0.0,0.18/1.00,0.60/1.00,,-,,,
f16,rudder_doublet,cmq_x0.5,0,0.311,0.02,0.0,0.00/0.00,0.00/0.00,0.51,-,,,
f16,rudder_doublet,cmalpha_x0.7,4,0.311,0.14,0.0,0.08/0.25,0.40/1.00,0.44,-,,,
f16,rudder_doublet,clo_+0.1,11,0.311,43.94,3.0,0.54/0.64,0.80/1.00,0.63,0.67/0.18,1.00/0.75,0.63,
f16,rudder_doublet,noop,0,0.311,,,,,,,,,0.0
f16,flap_extend,inertia_x1.6,5,0.357,3.69,8.0,0.23/1.00,0.80/1.00,,0.12/0.20,1.00/1.00,0.39,
f16,flap_extend,cmq_x0.5,0,0.357,0.21,0.0,0.00/0.00,0.00/0.00,0.36,-,,,
f16,flap_extend,cmalpha_x0.7,9,0.357,41.33,5.0,0.46/0.67,0.80/1.00,0.54,1.00/0.56,1.00/0.50,0.94,
f16,flap_extend,clo_+0.1,15,0.357,34.19,8.0,0.62/0.53,0.60/1.00,0.38,0.62/0.33,0.75/1.00,0.26,
f16,flap_extend,noop,0,0.357,,,,,,,,,0.0
f16,elev_doublet_distractor,inertia_x1.6,0,0.297,0.29,0.0,0.00/0.00,0.00/0.00,,-,,,
f16,elev_doublet_distractor,cmq_x0.5,0,0.297,0.1,0.0,0.00/0.00,0.00/0.00,0.49,-,,,
f16,elev_doublet_distractor,cmalpha_x0.7,10,0.297,0.82,0.0,0.38/0.50,0.80/1.00,0.62,-,,,
f16,elev_doublet_distractor,clo_+0.1,17,0.297,12.11,2.0,0.85/0.65,0.80/1.00,0.56,0.00/0.00,0.50/0.25,0.0,
f16,elev_doublet_distractor,noop,0,0.297,,,,,,,,,0.0
global5000,cruise,inertia_x1.6,0,0.582,0.8,0.0,0.00/0.00,0.00/0.00,,-,,,
global5000,cruise,cmq_x0.5,2,0.582,3.36,5.0,0.08/0.50,0.40/1.00,0.31,0.20/0.50,1.00/1.00,0.68,
global5000,cruise,cmalpha_x0.7,14,0.582,5.25,2.0,0.77/0.71,0.80/1.00,0.74,1.00/0.14,1.00/0.25,0.35,
global5000,cruise,clo_+0.1,11,0.582,10.24,8.0,0.54/0.64,0.60/1.00,0.62,0.62/0.45,0.75/1.00,0.41,
global5000,cruise,noop,0,0.582,,,,,,,,,0.0
global5000,throttle_step,inertia_x1.6,1,0.336,1.0,1.0,0.05/1.00,0.20/1.00,,0.00/0.00,0.00/0.00,0.19,
global5000,throttle_step,cmq_x0.5,4,0.336,0.8,0.0,0.23/0.75,0.40/1.00,0.64,-,,,
global5000,throttle_step,cmalpha_x0.7,11,0.336,3.09,5.0,0.77/0.91,0.80/1.00,0.77,0.40/0.18,0.67/0.50,0.25,
global5000,throttle_step,clo_+0.1,18,0.336,12.8,6.0,0.77/0.56,0.80/1.00,0.47,1.00/0.33,1.00/1.00,0.75,
global5000,throttle_step,noop,1,0.336,,,,,,,,,0.05
global5000,elev_doublet,inertia_x1.6,0,0.574,5.38,1.0,0.00/0.00,0.00/0.00,,0.00/0.00,0.00/0.00,0.48,
global5000,elev_doublet,cmq_x0.5,1,0.574,0.45,0.0,0.08/1.00,0.20/1.00,0.56,-,,,
global5000,elev_doublet,cmalpha_x0.7,4,0.574,3.91,0.0,0.31/1.00,0.40/1.00,0.87,-,,,
global5000,elev_doublet,clo_+0.1,9,0.574,6.47,3.0,0.54/0.78,0.60/1.00,0.67,0.33/0.11,0.67/0.67,0.37,
global5000,elev_doublet,noop,0,0.574,,,,,,,,,0.0
global5000,elev_step,inertia_x1.6,1,0.423,2.72,1.0,0.05/1.00,0.20/1.00,,0.00/0.00,0.00/0.00,0.0,
global5000,elev_step,cmq_x0.5,3,0.423,0.96,0.0,0.23/1.00,0.60/1.00,0.64,-,,,
global5000,elev_step,cmalpha_x0.7,11,0.423,5.01,6.0,0.38/0.45,0.60/1.00,0.38,0.33/0.18,0.50/0.67,0.28,
global5000,elev_step,clo_+0.1,18,0.423,8.83,3.0,0.77/0.56,0.80/1.00,0.32,0.67/0.11,1.00/0.75,0.42,
global5000,elev_step,noop,2,0.423,,,,,,,,,0.09
global5000,aileron_step,inertia_x1.6,5,0.402,1.14,1.0,0.23/1.00,0.60/1.00,,0.00/0.00,1.00/0.33,0.52,
global5000,aileron_step,cmq_x0.5,7,0.402,0.76,0.0,0.08/0.14,0.60/1.00,0.57,-,,,
global5000,aileron_step,cmalpha_x0.7,10,0.402,0.29,0.0,0.31/0.40,0.60/1.00,0.59,-,,,
global5000,aileron_step,clo_+0.1,10,0.402,7.61,3.0,0.31/0.40,0.80/1.00,0.57,0.33/0.10,1.00/0.75,0.56,
global5000,aileron_step,noop,5,0.402,,,,,,,,,0.23
global5000,rudder_doublet,inertia_x1.6,2,0.461,0.49,0.0,0.09/1.00,0.20/1.00,,-,,,
global5000,rudder_doublet,cmq_x0.5,2,0.461,0.4,0.0,0.15/1.00,0.20/1.00,0.62,-,,,
global5000,rudder_doublet,cmalpha_x0.7,6,0.461,0.8,0.0,0.46/1.00,0.40/1.00,0.82,-,,,
global5000,rudder_doublet,clo_+0.1,4,0.461,9.85,3.0,0.31/1.00,0.40/1.00,0.8,0.33/0.25,0.67/1.00,0.53,
global5000,rudder_doublet,noop,2,0.461,,,,,,,,,0.09
global5000,bank_hold,inertia_x1.6,2,0.4,1.08,1.0,0.09/1.00,0.40/1.00,,0.00/0.00,0.00/0.00,0.19,
global5000,bank_hold,cmq_x0.5,2,0.4,0.78,0.0,0.08/0.50,0.40/1.00,0.44,-,,,
global5000,bank_hold,cmalpha_x0.7,8,0.4,0.68,0.0,0.15/0.25,0.60/1.00,0.44,-,,,
global5000,bank_hold,clo_+0.1,6,0.4,32.45,3.0,0.08/0.17,0.80/1.00,0.33,0.33/0.17,1.00/0.75,0.51,
global5000,bank_hold,noop,2,0.4,,,,,,,,,0.09
global5000,flap_extend,inertia_x1.6,4,0.369,0.73,0.0,0.18/1.00,0.40/1.00,,-,,,
global5000,flap_extend,cmq_x0.5,5,0.369,1.79,7.0,0.23/0.60,0.60/1.00,0.51,0.43/0.60,0.75/1.00,0.73,
global5000,flap_extend,cmalpha_x0.7,14,0.369,2.53,4.0,0.38/0.36,0.80/1.00,0.2,0.50/0.14,1.00/0.75,0.33,
global5000,flap_extend,clo_+0.1,7,0.369,0.75,0.0,0.46/0.86,0.60/1.00,0.76,-,,,
global5000,flap_extend,noop,1,0.369,,,,,,,,,0.05
global5000,engine_cut,inertia_x1.6,0,0.327,0.97,0.0,0.00/0.00,0.00/0.00,,-,,,
global5000,engine_cut,cmq_x0.5,3,0.327,1.61,3.0,0.23/1.00,0.40/1.00,0.33,0.33/0.33,0.50/0.50,0.77,
global5000,engine_cut,cmalpha_x0.7,11,0.327,10.06,7.0,0.54/0.64,0.80/1.00,0.66,0.57/0.36,0.75/0.75,0.53,
global5000,engine_cut,clo_+0.1,15,0.327,11.76,5.0,0.77/0.67,0.80/1.00,0.72,0.80/0.27,1.00/1.00,0.67,
global5000,engine_cut,noop,0,0.327,,,,,,,,,0.0
global5000,climbing_turn,inertia_x1.6,0,0.361,0.63,0.0,0.00/0.00,0.00/0.00,,-,,,
global5000,climbing_turn,cmq_x0.5,1,0.361,0.6,0.0,0.08/1.00,0.20/1.00,0.43,-,,,
global5000,climbing_turn,cmalpha_x0.7,12,0.361,1.38,3.0,0.62/0.67,0.80/1.00,0.85,0.00/0.00,0.67/0.50,0.39,
global5000,climbing_turn,clo_+0.1,13,0.361,5.67,3.0,0.54/0.54,1.00/1.00,0.55,0.67/0.15,1.00/0.60,0.68,
global5000,climbing_turn,noop,0,0.361,,,,,,,,,0.0
global5000,elev_doublet_distractor,inertia_x1.6,2,0.476,0.79,0.0,0.09/1.00,0.40/1.00,,-,,,
global5000,elev_doublet_distractor,cmq_x0.5,2,0.476,0.4,0.0,0.15/1.00,0.40/1.00,0.97,-,,,
global5000,elev_doublet_distractor,cmalpha_x0.7,6,0.476,0.42,0.0,0.15/0.33,0.60/1.00,0.55,-,,,
global5000,elev_doublet_distractor,clo_+0.1,6,0.476,4.26,3.0,0.15/0.33,0.60/1.00,0.56,0.67/0.33,1.00/1.00,0.58,
global5000,elev_doublet_distractor,noop,2,0.476,,,,,,,,,0.09
global5000,engine_restart,inertia_x1.6,2,0.294,0.7,0.0,0.09/1.00,0.20/1.00,,-,,,
global5000,engine_restart,cmq_x0.5,4,0.294,2.48,2.0,0.23/0.75,0.40/1.00,0.7,0.00/0.00,0.50/0.50,0.43,
global5000,engine_restart,cmalpha_x0.7,10,0.294,7.06,9.0,0.77/1.00,0.80/1.00,0.82,0.67/0.60,0.75/0.75,0.56,
global5000,engine_restart,clo_+0.1,15,0.294,11.59,4.0,0.85/0.73,0.80/1.00,0.86,1.00/0.27,1.00/0.75,0.72,
global5000,engine_restart,noop,1,0.294,,,,,,,,,0.05
pa28,cruise,inertia_x1.6,3,0.697,2.85,7.0,0.14/1.00,0.60/1.00,,0.14/0.33,0.67/0.67,0.45,
pa28,cruise,cmq_x0.5,1,0.697,0.84,0.0,0.00/0.00,0.20/1.00,0.5,-,,,
pa28,cruise,cmalpha_x0.7,4,0.697,1.05,1.0,0.15/0.50,0.60/1.00,0.62,0.00/0.00,0.00/0.00,0.33,
pa28,cruise,clo_+0.1,8,0.697,4.13,6.0,0.38/0.62,0.60/1.00,0.65,0.17/0.12,0.75/1.00,0.33,
pa28,cruise,noop,1,0.697,,,,,,,,,0.05
pa28,throttle_step,inertia_x1.6,0,0.66,2.25,7.0,0.00/0.00,0.00/0.00,,0.00/0.00,0.00/0.00,0.7,
pa28,throttle_step,cmq_x0.5,0,0.66,0.7,0.0,0.00/0.00,0.00/0.00,0.46,-,,,
pa28,throttle_step,cmalpha_x0.7,8,0.66,0.8,0.0,0.31/0.50,0.60/1.00,0.47,-,,,
pa28,throttle_step,clo_+0.1,9,0.66,3.35,6.0,0.46/0.67,0.80/1.00,0.49,0.33/0.22,1.00/1.00,0.23,
pa28,throttle_step,noop,0,0.66,,,,,,,,,0.0
pa28,elev_doublet,inertia_x1.6,0,0.699,1.42,6.0,0.00/0.00,0.00/0.00,,0.00/0.00,0.00/0.00,0.44,
pa28,elev_doublet,cmq_x0.5,3,0.699,0.61,0.0,0.15/0.67,0.40/1.00,0.77,-,,,
pa28,elev_doublet,cmalpha_x0.7,2,0.699,0.82,0.0,0.00/0.00,0.40/1.00,0.56,-,,,
pa28,elev_doublet,clo_+0.1,11,0.699,4.46,3.0,0.46/0.55,0.60/1.00,0.45,0.00/0.00,0.67/0.67,0.26,
pa28,elev_doublet,noop,2,0.699,,,,,,,,,0.09
pa28,elev_step,inertia_x1.6,2,0.711,2.23,6.0,0.09/1.00,0.40/1.00,,0.17/0.50,0.67/1.00,0.54,
pa28,elev_step,cmq_x0.5,1,0.711,0.77,0.0,0.00/0.00,0.20/1.00,0.5,-,,,
pa28,elev_step,cmalpha_x0.7,7,0.711,1.14,0.0,0.38/0.71,0.60/1.00,0.75,-,,,
pa28,elev_step,clo_+0.1,8,0.711,4.36,6.0,0.31/0.50,0.60/1.00,0.35,0.50/0.38,0.75/1.00,0.34,
pa28,elev_step,noop,1,0.711,,,,,,,,,0.05
pa28,aileron_step,inertia_x1.6,1,0.675,5.37,8.0,0.05/1.00,0.20/1.00,,0.12/1.00,0.33/1.00,0.33,
pa28,aileron_step,cmq_x0.5,0,0.675,0.94,0.0,0.00/0.00,0.00/0.00,0.54,-,,,
pa28,aileron_step,cmalpha_x0.7,5,0.675,1.06,2.0,0.31/0.80,0.60/1.00,0.85,0.00/0.00,0.00/0.00,0.2,
pa28,aileron_step,clo_+0.1,5,0.675,4.04,7.0,0.08/0.20,0.60/1.00,0.53,0.14/0.20,0.75/1.00,0.29,
pa28,aileron_step,noop,0,0.675,,,,,,,,,0.0
pa28,rudder_doublet,inertia_x1.6,3,0.727,4.42,11.0,0.14/1.00,0.20/1.00,,0.27/1.00,0.33/1.00,0.65,
pa28,rudder_doublet,cmq_x0.5,0,0.727,0.91,0.0,0.00/0.00,0.00/0.00,0.7,-,,,
pa28,rudder_doublet,cmalpha_x0.7,4,0.727,1.11,1.0,0.31/1.00,0.20/1.00,0.49,0.00/0.00,0.00/0.00,0.71,
pa28,rudder_doublet,clo_+0.1,11,0.727,5.16,6.0,0.54/0.64,0.80/1.00,0.71,0.50/0.27,1.00/1.00,0.43,
pa28,rudder_doublet,noop,0,0.727,,,,,,,,,0.0
pa28,bank_hold,inertia_x1.6,0,0.684,5.8,8.0,0.00/0.00,0.00/0.00,,0.00/0.00,0.00/0.00,0.57,
pa28,bank_hold,cmq_x0.5,0,0.684,0.76,0.0,0.00/0.00,0.00/0.00,0.28,-,,,
pa28,bank_hold,cmalpha_x0.7,1,0.684,0.88,0.0,0.08/1.00,0.20/1.00,0.75,-,,,
pa28,bank_hold,clo_+0.1,1,0.684,3.81,6.0,0.00/0.00,0.20/1.00,0.24,0.00/0.00,0.25/1.00,0.09,
pa28,bank_hold,noop,0,0.684,,,,,,,,,0.0
pa28,flap_extend,inertia_x1.6,1,0.682,2.75,8.0,0.05/1.00,0.20/1.00,,0.12/1.00,0.33/1.00,0.92,
pa28,flap_extend,cmq_x0.5,0,0.682,1.44,0.0,0.00/0.00,0.00/0.00,0.17,-,,,
pa28,flap_extend,cmalpha_x0.7,14,0.682,3.85,10.0,0.85/0.79,0.80/1.00,0.85,0.80/0.57,0.75/0.75,0.74,
pa28,flap_extend,clo_+0.1,4,0.682,3.86,5.0,0.08/0.25,0.40/1.00,0.18,0.20/0.25,0.67/1.00,0.39,
pa28,flap_extend,noop,0,0.682,,,,,,,,,0.0
pa28,climbing_turn,inertia_x1.6,0,0.572,5.69,4.0,0.00/0.00,0.00/0.00,,0.00/0.00,0.00/0.00,0.28,
pa28,climbing_turn,cmq_x0.5,0,0.572,0.81,0.0,0.00/0.00,0.00/0.00,0.5,-,,,
pa28,climbing_turn,cmalpha_x0.7,8,0.572,1.06,1.0,0.46/0.75,0.60/1.00,0.4,0.00/0.00,1.00/0.33,0.14,
pa28,climbing_turn,clo_+0.1,12,0.572,3.51,6.0,0.54/0.58,0.80/1.00,0.44,0.33/0.17,1.00/1.00,0.21,
pa28,climbing_turn,noop,0,0.572,,,,,,,,,0.0
pa28,elev_doublet_distractor,inertia_x1.6,5,0.693,1.97,7.0,0.23/1.00,0.60/1.00,,0.71/1.00,1.00/1.00,0.65,
pa28,elev_doublet_distractor,cmq_x0.5,2,0.693,0.84,0.0,0.00/0.00,0.40/1.00,0.33,-,,,
pa28,elev_doublet_distractor,cmalpha_x0.7,3,0.693,0.8,0.0,0.15/0.67,0.60/1.00,0.55,-,,,
pa28,elev_doublet_distractor,clo_+0.1,9,0.693,3.37,3.0,0.31/0.44,0.60/1.00,0.46,0.00/0.00,0.67/0.67,0.0,
pa28,elev_doublet_distractor,noop,0,0.693,,,,,,,,,0.0
pa28,engine_stop,inertia_x1.6,4,0.726,4.73,10.0,0.18/1.00,0.40/1.00,,0.40/1.00,0.67/1.00,0.37,
pa28,engine_stop,cmq_x0.5,6,0.726,1.28,3.0,0.23/0.50,0.60/1.00,0.57,0.33/0.17,1.00/0.67,0.4,
pa28,engine_stop,cmalpha_x0.7,9,0.726,1.27,3.0,0.54/0.78,0.80/1.00,0.74,0.67/0.22,1.00/0.50,0.46,
pa28,engine_stop,clo_+0.1,12,0.726,6.06,6.0,0.46/0.50,0.80/1.00,0.32,0.33/0.17,1.00/1.00,0.23,
pa28,engine_stop,noop,1,0.726,,,,,,,,,0.05
pc7,cruise,inertia_x1.6,6,0.743,0.55,0.0,0.27/1.00,0.40/1.00,,-,,,
pc7,cruise,cmq_x0.5,3,0.743,0.75,0.0,0.23/1.00,0.40/1.00,0.62,-,,,
pc7,cruise,cmalpha_x0.7,2,0.743,0.69,0.0,0.15/1.00,0.40/1.00,0.43,-,,,
pc7,cruise,clo_+0.1,7,0.743,2.43,2.0,0.38/0.71,0.80/1.00,0.68,0.50/0.14,1.00/0.50,0.5,
pc7,cruise,noop,2,0.743,,,,,,,,,0.09
pc7,throttle_step,inertia_x1.6,0,0.728,0.61,0.0,0.00/0.00,0.00/0.00,,-,,,
pc7,throttle_step,cmq_x0.5,0,0.728,0.61,0.0,0.00/0.00,0.00/0.00,0.44,-,,,
pc7,throttle_step,cmalpha_x0.7,1,0.728,0.77,0.0,0.00/0.00,0.20/1.00,0.51,-,,,
pc7,throttle_step,clo_+0.1,7,0.728,1.91,5.0,0.38/0.71,0.60/1.00,0.78,0.40/0.29,0.75/1.00,0.69,
pc7,throttle_step,noop,0,0.728,,,,,,,,,0.0
pc7,elev_doublet,inertia_x1.6,1,0.786,0.67,0.0,0.05/1.00,0.20/1.00,,-,,,
pc7,elev_doublet,cmq_x0.5,0,0.786,0.72,0.0,0.00/0.00,0.00/0.00,0.64,-,,,
pc7,elev_doublet,cmalpha_x0.7,0,0.786,1.23,2.0,0.00/0.00,0.00/0.00,0.5,0.00/0.00,0.00/0.00,0.05,
pc7,elev_doublet,clo_+0.1,0,0.786,1.93,2.0,0.00/0.00,0.00/0.00,0.44,0.00/0.00,0.00/0.00,0.0,
pc7,elev_doublet,noop,0,0.786,,,,,,,,,0.0
pc7,elev_step,inertia_x1.6,3,0.749,0.52,0.0,0.14/1.00,0.40/1.00,,-,,,
pc7,elev_step,cmq_x0.5,3,0.749,0.82,0.0,0.08/0.33,0.40/1.00,0.32,-,,,
pc7,elev_step,cmalpha_x0.7,3,0.749,0.87,0.0,0.15/0.67,0.60/1.00,0.21,-,,,
pc7,elev_step,clo_+0.1,7,0.749,2.37,2.0,0.38/0.71,0.60/1.00,0.25,0.00/0.00,1.00/0.67,0.0,
pc7,elev_step,noop,3,0.749,,,,,,,,,0.14
pc7,aileron_step,inertia_x1.6,0,0.712,1.22,1.0,0.00/0.00,0.00/0.00,,0.00/0.00,0.00/0.00,0.57,
pc7,aileron_step,cmq_x0.5,3,0.712,0.55,0.0,0.23/1.00,0.40/1.00,0.56,-,,,
pc7,aileron_step,cmalpha_x0.7,0,0.712,0.47,0.0,0.00/0.00,0.00/0.00,0.44,-,,,
pc7,aileron_step,clo_+0.1,13,0.712,1.37,2.0,0.46/0.46,0.80/1.00,0.41,1.00/0.15,1.00/0.50,1.0,
pc7,aileron_step,noop,0,0.712,,,,,,,,,0.0
pc7,rudder_doublet,inertia_x1.6,6,0.771,0.83,0.0,0.27/1.00,0.40/1.00,,-,,,
pc7,rudder_doublet,cmq_x0.5,1,0.771,0.66,0.0,0.08/1.00,0.20/1.00,0.35,-,,,
pc7,rudder_doublet,cmalpha_x0.7,0,0.771,0.81,0.0,0.00/0.00,0.00/0.00,0.27,-,,,
pc7,rudder_doublet,clo_+0.1,2,0.771,1.79,2.0,0.15/1.00,0.40/1.00,0.61,0.00/0.00,0.50/0.50,0.22,
pc7,rudder_doublet,noop,0,0.771,,,,,,,,,0.0
pc7,bank_hold,inertia_x1.6,0,0.737,1.2,1.0,0.00/0.00,0.00/0.00,,0.00/0.00,0.00/0.00,0.14,
pc7,bank_hold,cmq_x0.5,6,0.737,0.41,0.0,0.31/0.67,0.80/1.00,0.68,-,,,
pc7,bank_hold,cmalpha_x0.7,4,0.737,0.74,0.0,0.00/0.00,0.60/1.00,0.4,-,,,
pc7,bank_hold,clo_+0.1,12,0.737,1.77,2.0,0.46/0.50,0.60/1.00,0.34,1.00/0.17,1.00/0.67,1.0,
pc7,bank_hold,noop,0,0.737,,,,,,,,,0.0
pc7,flap_extend,inertia_x1.6,0,0.734,0.58,0.0,0.00/0.00,0.00/0.00,,-,,,
pc7,flap_extend,cmq_x0.5,1,0.734,0.54,0.0,0.08/1.00,0.20/1.00,0.53,-,,,
pc7,flap_extend,cmalpha_x0.7,0,0.734,0.68,0.0,0.00/0.00,0.00/0.00,0.42,-,,,
pc7,flap_extend,clo_+0.1,8,0.734,2.0,2.0,0.46/0.75,0.40/1.00,0.58,0.00/0.00,0.50/0.50,0.5,
pc7,flap_extend,noop,0,0.734,,,,,,,,,0.0
pc7,climbing_turn,inertia_x1.6,0,0.625,1.22,1.0,0.00/0.00,0.00/0.00,,0.00/0.00,0.00/0.00,0.24,
pc7,climbing_turn,cmq_x0.5,2,0.625,0.51,0.0,0.08/0.50,0.20/1.00,0.5,-,,,
pc7,climbing_turn,cmalpha_x0.7,3,0.625,0.78,0.0,0.15/0.67,0.40/1.00,0.44,-,,,
pc7,climbing_turn,clo_+0.1,9,0.625,2.14,2.0,0.38/0.56,0.60/1.00,0.59,1.00/0.22,1.00/0.67,1.0,
pc7,climbing_turn,noop,0,0.625,,,,,,,,,0.0
pc7,elev_doublet_distractor,inertia_x1.6,2,0.734,0.98,0.0,0.09/1.00,0.40/1.00,,-,,,
pc7,elev_doublet_distractor,cmq_x0.5,3,0.734,0.71,0.0,0.08/0.33,0.40/1.00,0.32,-,,,
pc7,elev_doublet_distractor,cmalpha_x0.7,3,0.734,1.33,5.0,0.08/0.33,0.40/1.00,0.31,0.00/0.00,0.67/1.00,0.18,
pc7,elev_doublet_distractor,clo_+0.1,6,0.734,2.23,4.0,0.23/0.50,0.40/1.00,0.34,0.00/0.00,0.33/0.50,0.21,
pc7,elev_doublet_distractor,noop,1,0.734,,,,,,,,,0.05
t6texan2,cruise,inertia_x1.6,0,0.643,3.77,2.0,0.00/0.00,0.00/0.00,,0.00/0.00,0.00/0.00,0.57,
t6texan2,cruise,cmq_x0.5,0,0.643,1.5,1.0,0.00/0.00,0.00/0.00,0.38,0.00/0.00,0.00/0.00,0.62,
t6texan2,cruise,cmalpha_x0.7,10,0.643,1.53,1.0,0.62/0.80,0.60/1.00,0.94,1.00/0.10,1.00/0.33,0.62,
t6texan2,cruise,clo_+0.1,7,0.643,9.26,5.0,0.38/0.71,0.40/1.00,0.7,0.20/0.14,0.50/1.00,0.27,
t6texan2,cruise,noop,0,0.643,,,,,,,,,0.0
t6texan2,throttle_step,inertia_x1.6,4,0.587,1.32,4.0,0.18/1.00,0.40/1.00,,0.75/0.75,1.00/1.00,0.74,
t6texan2,throttle_step,cmq_x0.5,4,0.587,0.74,0.0,0.08/0.25,0.60/1.00,0.4,-,,,
t6texan2,throttle_step,cmalpha_x0.7,10,0.587,0.81,0.0,0.38/0.50,0.80/1.00,0.53,-,,,
t6texan2,throttle_step,clo_+0.1,19,0.587,12.06,4.0,0.77/0.53,1.00/1.00,0.33,0.25/0.05,1.00/0.80,0.04,
t6texan2,throttle_step,noop,3,0.587,,,,,,,,,0.14
t6texan2,elev_doublet,inertia_x1.6,5,0.678,5.47,8.0,0.23/1.00,0.80/1.00,,0.50/0.80,1.00/1.00,0.26,
t6texan2,elev_doublet,cmq_x0.5,3,0.678,0.21,0.0,0.00/0.00,0.60/1.00,0.84,-,,,
t6texan2,elev_doublet,cmalpha_x0.7,5,0.678,1.18,0.0,0.15/0.40,0.60/1.00,0.74,-,,,
t6texan2,elev_doublet,clo_+0.1,11,0.678,4.36,3.0,0.38/0.45,0.80/1.00,0.58,0.00/0.00,1.00/0.75,0.04,
t6texan2,elev_doublet,noop,3,0.678,,,,,,,,,0.14
t6texan2,elev_step,inertia_x1.6,1,0.695,5.32,2.0,0.05/1.00,0.20/1.00,,0.00/0.00,0.00/0.00,0.1,
t6texan2,elev_step,cmq_x0.5,1,0.695,0.47,0.0,0.08/1.00,0.20/1.00,0.76,-,,,
t6texan2,elev_step,cmalpha_x0.7,10,0.695,2.87,6.0,0.46/0.60,0.80/1.00,0.46,0.33/0.20,1.00/0.75,0.31,
t6texan2,elev_step,clo_+0.1,5,0.695,5.63,3.0,0.00/0.00,0.60/1.00,0.35,0.00/0.00,0.67/0.67,0.04,
t6texan2,elev_step,noop,0,0.695,,,,,,,,,0.0
t6texan2,aileron_step,inertia_x1.6,1,0.731,3.92,8.0,0.05/1.00,0.20/1.00,,0.12/1.00,0.33/1.00,0.61,
t6texan2,aileron_step,cmq_x0.5,1,0.731,0.72,0.0,0.08/1.00,0.20/1.00,0.58,-,,,
t6texan2,aileron_step,cmalpha_x0.7,3,0.731,0.79,0.0,0.23/1.00,0.60/1.00,0.58,-,,,
t6texan2,aileron_step,clo_+0.1,2,0.731,11.13,2.0,0.15/1.00,0.40/1.00,0.65,0.00/0.00,0.00/0.00,0.0,
t6texan2,aileron_step,noop,0,0.731,,,,,,,,,0.0
t6texan2,rudder_doublet,inertia_x1.6,13,0.747,1.69,9.0,0.59/1.00,0.80/1.00,,0.89/0.62,1.00/1.00,0.82,
t6texan2,rudder_doublet,cmq_x0.5,0,0.747,0.34,0.0,0.00/0.00,0.00/0.00,0.32,-,,,
t6texan2,rudder_doublet,cmalpha_x0.7,2,0.747,0.56,0.0,0.15/1.00,0.40/1.00,0.62,-,,,
t6texan2,rudder_doublet,clo_+0.1,4,0.747,4.6,2.0,0.00/0.00,0.60/1.00,0.44,0.00/0.00,1.00/0.67,0.0,
t6texan2,rudder_doublet,noop,0,0.747,,,,,,,,,0.0
t6texan2,bank_hold,inertia_x1.6,2,0.702,2.75,7.0,0.09/1.00,0.20/1.00,,0.00/0.00,0.00/0.00,0.2,
t6texan2,bank_hold,cmq_x0.5,3,0.702,0.66,0.0,0.08/0.33,0.60/1.00,0.43,-,,,
t6texan2,bank_hold,cmalpha_x0.7,4,0.702,0.63,0.0,0.23/0.75,0.80/1.00,0.68,-,,,
t6texan2,bank_hold,clo_+0.1,11,0.702,10.87,3.0,0.54/0.64,0.80/1.00,0.5,0.00/0.00,0.67/0.50,0.0,
t6texan2,bank_hold,noop,2,0.702,,,,,,,,,0.09
t6texan2,flap_extend,inertia_x1.6,1,0.661,3.24,5.0,0.05/1.00,0.20/1.00,,0.20/1.00,0.33/1.00,0.91,
t6texan2,flap_extend,cmq_x0.5,1,0.661,0.96,0.0,0.08/1.00,0.20/1.00,0.24,-,,,
t6texan2,flap_extend,cmalpha_x0.7,8,0.661,2.71,10.0,0.46/0.75,0.60/1.00,0.7,0.50/0.62,0.75/1.00,0.66,
t6texan2,flap_extend,clo_+0.1,1,0.661,8.35,3.0,0.00/0.00,0.20/1.00,0.22,0.00/0.00,0.33/1.00,0.0,
t6texan2,flap_extend,noop,0,0.661,,,,,,,,,0.0
t6texan2,climbing_turn,inertia_x1.6,12,0.532,2.74,5.0,0.55/1.00,0.80/1.00,,0.00/0.00,0.67/0.50,0.28,
t6texan2,climbing_turn,cmq_x0.5,8,0.532,0.47,0.0,0.31/0.50,0.80/1.00,0.44,-,,,
t6texan2,climbing_turn,cmalpha_x0.7,8,0.532,0.96,0.0,0.46/0.75,0.60/1.00,0.56,-,,,
t6texan2,climbing_turn,clo_+0.1,17,0.532,5.74,2.0,0.85/0.65,1.00/1.00,0.62,1.00/0.12,1.00/0.40,1.0,
t6texan2,climbing_turn,noop,6,0.532,,,,,,,,,0.27
t6texan2,elev_doublet_distractor,inertia_x1.6,1,0.652,1.54,6.0,0.05/1.00,0.20/1.00,,0.17/1.00,0.33/1.00,0.33,
t6texan2,elev_doublet_distractor,cmq_x0.5,1,0.652,0.18,0.0,0.00/0.00,0.20/1.00,0.73,-,,,
t6texan2,elev_doublet_distractor,cmalpha_x0.7,0,0.652,0.7,0.0,0.00/0.00,0.00/0.00,0.75,-,,,
t6texan2,elev_doublet_distractor,clo_+0.1,3,0.652,4.07,3.0,0.23/1.00,0.60/1.00,0.63,0.67/0.67,0.67/0.67,0.96,
t6texan2,elev_doublet_distractor,noop,1,0.652,,,,,,,,,0.05
