aircraft,manoeuvre,config,base_vsd,thr,inertia_x1.6,cmq_x0.5,cmalpha_x0.7,clo_+0.1,noop_fa,noop
737,cruise,static,0.612,0.159,0.00/0.00 cat 0.00 auc nan,0.00/0.00 cat 0.00 auc 0.44,0.38/1.00 cat 0.40 auc 0.62,0.23/0.43 cat 0.40 auc 0.57,0.0,
737,cruise,lags,0.615,0.156,0.00/0.00 cat 0.00 auc nan,0.00/0.00 cat 0.00 auc 0.47,0.38/1.00 cat 0.40 auc 0.62,0.31/0.57 cat 0.40 auc 0.56,0.0,
737,cruise,lags+since,0.615,0.156,0.00/0.00 cat 0.00 auc nan,0.00/0.00 cat 0.00 auc 0.47,0.38/1.00 cat 0.40 auc 0.62,0.31/0.57 cat 0.40 auc 0.56,0.0,
737,cruise,since,0.614,0.156,0.00/0.00 cat 0.00 auc nan,0.00/0.00 cat 0.00 auc 0.47,0.38/1.00 cat 0.40 auc 0.62,0.31/0.50 cat 0.40 auc 0.56,0.0,
737,throttle_step,static,0.331,0.081,0.05/1.00 cat 0.20 auc nan,0.31/1.00 cat 0.40 auc 0.74,0.31/1.00 cat 0.40 auc 0.61,0.31/1.00 cat 0.60 auc 0.67,0.05,
737,throttle_step,lags,0.261,0.087,0.05/1.00 cat 0.20 auc nan,0.23/1.00 cat 0.60 auc 0.81,0.38/0.83 cat 0.60 auc 0.65,0.38/0.83 cat 0.60 auc 0.62,0.0,
737,throttle_step,lags+since,0.236,0.077,0.14/1.00 cat 0.40 auc nan,0.23/0.75 cat 0.60 auc 0.67,0.38/0.71 cat 0.60 auc 0.56,0.38/0.71 cat 0.60 auc 0.62,0.14,
737,throttle_step,since,0.276,0.082,0.05/1.00 cat 0.20 auc nan,0.31/1.00 cat 0.40 auc 0.76,0.23/1.00 cat 0.40 auc 0.81,0.31/0.67 cat 0.60 auc 0.61,0.0,
737,elev_doublet,static,0.625,0.217,0.00/0.00 cat 0.00 auc nan,0.00/0.00 cat 0.00 auc 0.67,0.08/1.00 cat 0.20 auc 0.68,0.31/0.67 cat 0.60 auc 0.71,0.0,
737,elev_doublet,lags,0.587,0.213,0.00/0.00 cat 0.00 auc nan,0.00/0.00 cat 0.00 auc 0.68,0.08/1.00 cat 0.20 auc 0.70,0.54/0.78 cat 0.80 auc 0.83,0.0,
737,elev_doublet,lags+since,0.515,0.182,0.09/1.00 cat 0.40 auc nan,0.08/1.00 cat 0.20 auc 0.62,0.08/0.50 cat 0.40 auc 0.60,0.46/0.86 cat 0.80 auc 0.75,0.0,
737,elev_doublet,since,0.53,0.185,0.05/1.00 cat 0.20 auc nan,0.08/1.00 cat 0.20 auc 0.71,0.00/0.00 cat 0.20 auc 0.67,0.31/0.80 cat 0.60 auc 0.57,0.0,
737,elev_step,static,0.54,0.099,0.18/1.00 cat 0.60 auc nan,0.23/1.00 cat 0.40 auc 0.60,0.31/0.80 cat 0.60 auc 0.69,0.69/0.56 cat 0.60 auc 0.50,0.14,
737,elev_step,lags,0.475,0.11,0.09/1.00 cat 0.40 auc nan,0.15/0.50 cat 0.60 auc 0.65,0.31/0.67 cat 0.60 auc 0.83,0.69/0.60 cat 0.60 auc 0.60,0.09,
737,elev_step,lags+since,0.328,0.083,0.27/1.00 cat 0.40 auc nan,0.38/0.83 cat 0.40 auc 0.74,0.62/0.67 cat 0.60 auc 0.91,0.62/0.62 cat 0.80 auc 0.62,0.27,
737,elev_step,since,0.354,0.083,0.14/1.00 cat 0.40 auc nan,0.46/1.00 cat 0.60 auc 0.90,0.69/0.82 cat 0.80 auc 0.95,0.62/0.67 cat 1.00 auc 0.66,0.23,
737,aileron_step,static,0.403,0.144,0.05/1.00 cat 0.20 auc nan,0.08/1.00 cat 0.20 auc 0.51,0.08/0.50 cat 0.20 auc 0.78,0.85/0.65 cat 0.80 auc 0.76,0.05,
737,aileron_step,lags,0.299,0.134,0.09/1.00 cat 0.40 auc nan,0.08/1.00 cat 0.20 auc 0.46,0.15/1.00 cat 0.40 auc 0.65,0.69/0.56 cat 1.00 auc 0.78,0.05,
737,aileron_step,lags+since,0.286,0.131,0.05/1.00 cat 0.20 auc nan,0.08/1.00 cat 0.20 auc 0.50,0.15/0.67 cat 0.40 auc 0.65,0.69/0.56 cat 1.00 auc 0.79,0.0,
737,aileron_step,since,0.347,0.146,0.00/0.00 cat 0.00 auc nan,0.08/1.00 cat 0.20 auc 0.46,0.08/1.00 cat 0.20 auc 0.62,0.38/0.56 cat 0.60 auc 0.72,0.0,
737,rudder_doublet,static,0.476,0.127,0.00/0.00 cat 0.00 auc nan,0.15/1.00 cat 0.40 auc 0.79,0.00/0.00 cat 0.00 auc 0.63,0.23/1.00 cat 0.20 auc 0.76,0.0,
737,rudder_doublet,lags,0.396,0.133,0.00/0.00 cat 0.00 auc nan,0.08/1.00 cat 0.20 auc 0.70,0.00/0.00 cat 0.00 auc 0.66,0.31/0.80 cat 0.40 auc 0.80,0.0,
737,rudder_doublet,lags+since,0.331,0.151,0.09/1.00 cat 0.20 auc nan,0.31/1.00 cat 0.60 auc 0.90,0.15/1.00 cat 0.20 auc 0.86,0.31/0.57 cat 0.40 auc 0.66,0.09,
737,rudder_doublet,since,0.373,0.144,0.14/1.00 cat 0.40 auc nan,0.15/0.67 cat 0.60 auc 0.68,0.08/0.25 cat 0.60 auc 0.61,0.31/0.57 cat 0.40 auc 0.74,0.09,
737,bank_hold,static,0.361,0.099,0.55/1.00 cat 0.80 auc nan,0.46/0.55 cat 0.80 auc 0.56,0.54/0.58 cat 0.80 auc 0.68,0.46/0.55 cat 0.60 auc 0.66,0.5,
737,bank_hold,lags,0.272,0.109,0.41/1.00 cat 0.80 auc nan,0.46/0.60 cat 0.80 auc 0.58,0.54/0.70 cat 0.80 auc 0.65,0.38/0.50 cat 0.60 auc 0.76,0.45,
737,bank_hold,lags+since,0.264,0.104,0.32/1.00 cat 0.80 auc nan,0.46/0.86 cat 0.80 auc 0.59,0.54/0.88 cat 0.80 auc 0.68,0.38/0.50 cat 0.60 auc 0.74,0.32,
737,bank_hold,since,0.298,0.103,0.45/1.00 cat 0.80 auc nan,0.62/0.89 cat 0.80 auc 0.65,0.54/0.88 cat 0.80 auc 0.68,0.38/0.83 cat 0.60 auc 0.75,0.41,
737,flap_extend,static,0.224,0.058,0.00/0.00 cat 0.00 auc nan,0.23/1.00 cat 0.60 auc 0.81,0.08/1.00 cat 0.20 auc 0.72,0.62/0.89 cat 0.80 auc 0.72,0.0,
737,flap_extend,lags,0.196,0.058,0.05/1.00 cat 0.20 auc nan,0.23/1.00 cat 0.60 auc 0.69,0.08/1.00 cat 0.20 auc 0.44,0.69/0.75 cat 0.80 auc 0.72,0.0,
737,flap_extend,lags+since,0.194,0.061,0.05/1.00 cat 0.20 auc nan,0.23/1.00 cat 0.60 auc 0.73,0.08/1.00 cat 0.20 auc 0.42,0.62/0.73 cat 0.80 auc 0.63,0.0,
737,flap_extend,since,0.207,0.06,0.00/0.00 cat 0.00 auc nan,0.31/1.00 cat 0.60 auc 0.86,0.08/1.00 cat 0.20 auc 0.65,0.54/0.78 cat 0.80 auc 0.67,0.0,
737,engine_cut,static,0.291,0.053,0.05/1.00 cat 0.20 auc nan,0.08/1.00 cat 0.20 auc 0.43,0.15/0.67 cat 0.40 auc 0.35,0.62/0.89 cat 0.60 auc 0.79,0.05,
737,engine_cut,lags,0.24,0.052,0.00/0.00 cat 0.00 auc nan,0.15/0.67 cat 0.40 auc 0.55,0.15/0.67 cat 0.40 auc 0.58,0.69/0.82 cat 0.60 auc 0.80,0.0,
737,engine_cut,lags+since,0.228,0.057,0.05/1.00 cat 0.20 auc nan,0.15/0.67 cat 0.40 auc 0.66,0.15/0.50 cat 0.40 auc 0.59,0.85/0.73 cat 1.00 auc 0.77,0.05,
737,engine_cut,since,0.26,0.055,0.05/1.00 cat 0.20 auc nan,0.15/1.00 cat 0.40 auc 0.72,0.15/0.67 cat 0.40 auc 0.63,0.62/0.73 cat 0.80 auc 0.74,0.0,
737,climbing_turn,static,0.419,0.105,0.05/1.00 cat 0.20 auc nan,0.15/1.00 cat 0.40 auc 0.76,0.08/1.00 cat 0.20 auc 0.80,0.23/1.00 cat 0.40 auc 0.88,0.05,
737,climbing_turn,lags,0.334,0.11,0.09/1.00 cat 0.40 auc nan,0.15/1.00 cat 0.40 auc 0.85,0.15/1.00 cat 0.40 auc 0.71,0.23/0.75 cat 0.60 auc 0.74,0.09,
737,climbing_turn,lags+since,0.31,0.098,0.05/1.00 cat 0.20 auc nan,0.15/1.00 cat 0.40 auc 0.76,0.00/0.00 cat 0.00 auc 0.79,0.23/0.60 cat 0.80 auc 0.79,0.05,
737,climbing_turn,since,0.318,0.083,0.00/0.00 cat 0.00 auc nan,0.15/1.00 cat 0.40 auc 0.85,0.08/1.00 cat 0.20 auc 0.74,0.38/0.83 cat 0.60 auc 0.77,0.0,
737,elev_doublet_distractor,static,0.517,0.171,0.00/0.00 cat 0.00 auc nan,0.00/0.00 cat 0.00 auc 0.79,0.00/0.00 cat 0.00 auc 0.66,0.23/0.60 cat 0.20 auc 0.68,0.0,
737,elev_doublet_distractor,lags,0.44,0.14,0.00/0.00 cat 0.00 auc nan,0.00/0.00 cat 0.00 auc 0.68,0.00/0.00 cat 0.00 auc 0.70,0.46/0.67 cat 0.60 auc 0.68,0.0,
737,elev_doublet_distractor,lags+since,0.408,0.138,0.09/1.00 cat 0.20 auc nan,0.08/1.00 cat 0.20 auc 0.77,0.00/0.00 cat 0.00 auc 0.68,0.31/0.50 cat 0.80 auc 0.67,0.0,
737,elev_doublet_distractor,since,0.464,0.155,0.00/0.00 cat 0.00 auc nan,0.00/0.00 cat 0.00 auc 0.79,0.00/0.00 cat 0.00 auc 0.79,0.23/1.00 cat 0.20 auc 0.68,0.0,
737,engine_restart,static,0.282,0.03,0.05/1.00 cat 0.20 auc nan,0.54/1.00 cat 0.60 auc 0.73,0.15/1.00 cat 0.40 auc 0.67,0.62/0.53 cat 0.80 auc 0.64,0.05,
737,engine_restart,lags,0.135,0.033,0.27/1.00 cat 0.60 auc nan,0.69/0.82 cat 0.80 auc 0.73,0.38/0.71 cat 0.60 auc 0.63,0.85/0.58 cat 1.00 auc 0.68,0.23,
737,engine_restart,lags+since,0.12,0.031,0.14/1.00 cat 0.60 auc nan,0.62/0.89 cat 0.60 auc 0.85,0.38/0.83 cat 0.60 auc 0.73,0.69/0.53 cat 0.80 auc 0.68,0.14,
737,engine_restart,since,0.175,0.027,0.23/1.00 cat 0.40 auc nan,0.46/0.60 cat 0.60 auc 0.90,0.23/1.00 cat 0.40 auc 0.70,0.85/0.65 cat 1.00 auc 0.69,0.14,
787-8,cruise,static,0.518,0.043,0.05/1.00 cat 0.20 auc nan,0.23/0.75 cat 0.60 auc 0.56,0.38/0.71 cat 0.80 auc 0.61,0.31/0.57 cat 0.40 auc 0.54,0.05,
787-8,cruise,lags,0.511,0.038,0.00/0.00 cat 0.00 auc nan,0.15/1.00 cat 0.20 auc 0.59,0.38/0.71 cat 0.80 auc 0.62,0.31/0.57 cat 0.40 auc 0.55,0.0,
787-8,cruise,lags+since,0.511,0.038,0.09/1.00 cat 0.40 auc nan,0.15/0.50 cat 0.60 auc 0.47,0.38/0.71 cat 0.80 auc 0.62,0.31/0.57 cat 0.40 auc 0.53,0.09,
787-8,cruise,since,0.505,0.03,0.00/0.00 cat 0.00 auc nan,0.15/0.50 cat 0.40 auc 0.56,0.38/0.71 cat 0.80 auc 0.63,0.31/0.57 cat 0.40 auc 0.57,0.0,
787-8,throttle_step,static,0.384,0.086,0.00/0.00 cat 0.00 auc nan,0.15/1.00 cat 0.40 auc 0.60,0.38/0.83 cat 0.40 auc 0.74,0.31/0.80 cat 0.40 auc 0.60,0.0,
787-8,throttle_step,lags,0.291,0.071,0.00/0.00 cat 0.00 auc nan,0.23/1.00 cat 0.40 auc 0.77,0.38/0.71 cat 0.60 auc 0.85,0.31/0.67 cat 0.40 auc 0.60,0.0,
787-8,throttle_step,lags+since,0.257,0.065,0.00/0.00 cat 0.00 auc nan,0.38/1.00 cat 0.40 auc 0.82,0.62/0.89 cat 0.80 auc 0.70,0.38/0.71 cat 0.40 auc 0.64,0.0,
787-8,throttle_step,since,0.304,0.075,0.00/0.00 cat 0.00 auc nan,0.31/1.00 cat 0.60 auc 0.84,0.54/0.88 cat 0.80 auc 0.72,0.31/0.80 cat 0.40 auc 0.74,0.0,
787-8,elev_doublet,static,0.51,0.149,0.09/1.00 cat 0.20 auc nan,0.08/1.00 cat 0.20 auc 0.66,0.15/0.67 cat 0.60 auc 0.66,0.38/0.71 cat 0.60 auc 0.67,0.05,
787-8,elev_doublet,lags,0.493,0.156,0.05/1.00 cat 0.20 auc nan,0.08/1.00 cat 0.20 auc 0.67,0.23/0.75 cat 0.80 auc 0.66,0.31/0.67 cat 0.40 auc 0.65,0.05,
787-8,elev_doublet,lags+since,0.417,0.185,0.00/0.00 cat 0.00 auc nan,0.00/0.00 cat 0.00 auc 0.67,0.15/0.67 cat 0.60 auc 0.68,0.38/0.50 cat 0.60 auc 0.50,0.0,
787-8,elev_doublet,since,0.441,0.186,0.00/0.00 cat 0.00 auc nan,0.00/0.00 cat 0.00 auc 0.65,0.15/0.50 cat 0.60 auc 0.58,0.31/0.57 cat 0.60 auc 0.50,0.0,
787-8,elev_step,static,0.552,0.065,0.23/1.00 cat 0.60 auc nan,0.00/0.00 cat 0.40 auc 0.47,0.23/0.75 cat 0.60 auc 0.53,0.31/0.44 cat 0.60 auc 0.46,0.23,
787-8,elev_step,lags,0.503,0.078,0.18/1.00 cat 0.60 auc nan,0.00/0.00 cat 0.40 auc 0.30,0.23/0.75 cat 0.60 auc 0.57,0.31/0.50 cat 0.40 auc 0.51,0.14,
787-8,elev_step,lags+since,0.323,0.06,0.27/1.00 cat 0.40 auc nan,0.15/0.50 cat 0.40 auc 0.31,0.62/0.89 cat 0.80 auc 0.77,0.54/0.64 cat 0.80 auc 0.45,0.18,
787-8,elev_step,since,0.332,0.064,0.23/1.00 cat 0.60 auc nan,0.15/0.67 cat 0.60 auc 0.36,0.54/0.88 cat 0.80 auc 0.75,0.54/0.64 cat 0.80 auc 0.44,0.18,
787-8,aileron_step,static,0.49,0.108,0.00/0.00 cat 0.00 auc nan,0.00/0.00 cat 0.00 auc 0.58,0.15/1.00 cat 0.40 auc 0.81,0.15/0.33 cat 0.80 auc 0.43,0.0,
787-8,aileron_step,lags,0.374,0.102,0.00/0.00 cat 0.00 auc nan,0.15/1.00 cat 0.20 auc 0.53,0.23/1.00 cat 0.60 auc 0.91,0.08/0.25 cat 0.60 auc 0.43,0.0,
787-8,aileron_step,lags+since,0.294,0.09,0.00/0.00 cat 0.00 auc nan,0.08/1.00 cat 0.20 auc 0.44,0.23/0.75 cat 0.60 auc 0.82,0.15/0.29 cat 0.80 auc 0.39,0.0,
787-8,aileron_step,since,0.365,0.099,0.00/0.00 cat 0.00 auc nan,0.00/0.00 cat 0.00 auc 0.44,0.23/1.00 cat 0.40 auc 0.85,0.08/0.25 cat 0.60 auc 0.46,0.0,
787-8,rudder_doublet,static,0.503,0.146,0.00/0.00 cat 0.00 auc nan,0.00/0.00 cat 0.00 auc 0.43,0.38/1.00 cat 0.60 auc 0.71,0.38/0.71 cat 0.60 auc 0.56,0.0,
787-8,rudder_doublet,lags,0.405,0.129,0.00/0.00 cat 0.00 auc nan,0.00/0.00 cat 0.00 auc 0.55,0.46/0.86 cat 0.80 auc 0.84,0.38/0.62 cat 0.60 auc 0.68,0.0,
787-8,rudder_doublet,lags+since,0.365,0.138,0.00/0.00 cat 0.00 auc nan,0.00/0.00 cat 0.00 auc 0.50,0.46/1.00 cat 0.60 auc 0.81,0.15/1.00 cat 0.20 auc 0.72,0.0,
787-8,rudder_doublet,since,0.42,0.119,0.00/0.00 cat 0.00 auc nan,0.00/0.00 cat 0.00 auc 0.49,0.46/1.00 cat 0.80 auc 0.84,0.15/0.40 cat 0.60 auc 0.64,0.0,
787-8,bank_hold,static,0.418,0.113,0.00/0.00 cat 0.00 auc nan,0.15/1.00 cat 0.20 auc 0.63,0.23/1.00 cat 0.60 auc 0.79,0.15/0.50 cat 0.40 auc 0.57,0.0,
787-8,bank_hold,lags,0.328,0.101,0.05/1.00 cat 0.20 auc nan,0.08/0.50 cat 0.40 auc 0.67,0.31/1.00 cat 0.80 auc 0.85,0.08/0.17 cat 0.40 auc 0.56,0.05,
787-8,bank_hold,lags+since,0.279,0.092,0.00/0.00 cat 0.00 auc nan,0.23/1.00 cat 0.40 auc 0.56,0.46/0.86 cat 0.80 auc 0.84,0.31/0.44 cat 0.40 auc 0.59,0.0,
787-8,bank_hold,since,0.33,0.108,0.00/0.00 cat 0.00 auc nan,0.08/1.00 cat 0.20 auc 0.62,0.31/1.00 cat 0.80 auc 0.91,0.15/0.67 cat 0.20 auc 0.65,0.0,
787-8,flap_extend,static,0.19,0.03,0.00/0.00 cat 0.00 auc nan,0.15/1.00 cat 0.40 auc 0.68,0.85/0.61 cat 1.00 auc 0.64,0.92/0.63 cat 1.00 auc 0.72,0.0,
787-8,flap_extend,lags,0.178,0.033,0.05/1.00 cat 0.20 auc nan,0.23/1.00 cat 0.60 auc 0.50,0.62/0.53 cat 0.80 auc 0.58,0.92/0.67 cat 1.00 auc 0.59,0.0,
787-8,flap_extend,lags+since,0.165,0.03,0.05/1.00 cat 0.20 auc nan,0.23/0.60 cat 0.60 auc 0.52,0.54/0.58 cat 0.80 auc 0.53,0.54/0.54 cat 0.80 auc 0.42,0.0,
787-8,flap_extend,since,0.176,0.032,0.05/1.00 cat 0.20 auc nan,0.31/0.80 cat 0.80 auc 0.56,0.54/0.54 cat 0.80 auc 0.55,0.85/0.65 cat 1.00 auc 0.62,0.0,
787-8,engine_cut,static,0.302,0.072,0.00/0.00 cat 0.00 auc nan,0.15/1.00 cat 0.20 auc 0.46,0.31/0.80 cat 0.60 auc 0.59,0.38/0.56 cat 0.60 auc 0.66,0.0,
787-8,engine_cut,lags,0.218,0.075,0.09/1.00 cat 0.40 auc nan,0.23/1.00 cat 0.40 auc 0.62,0.38/0.83 cat 0.60 auc 0.73,0.46/0.67 cat 0.60 auc 0.65,0.14,
787-8,engine_cut,lags+since,0.213,0.069,0.00/0.00 cat 0.00 auc nan,0.23/1.00 cat 0.40 auc 0.50,0.54/0.88 cat 0.80 auc 0.72,0.46/0.60 cat 0.60 auc 0.63,0.0,
787-8,engine_cut,since,0.258,0.068,0.00/0.00 cat 0.00 auc nan,0.23/1.00 cat 0.40 auc 0.46,0.46/0.86 cat 0.80 auc 0.61,0.38/0.56 cat 0.60 auc 0.66,0.05,
787-8,climbing_turn,static,0.348,0.058,0.00/0.00 cat 0.00 auc nan,0.46/1.00 cat 0.60 auc 0.74,0.92/0.86 cat 1.00 auc 0.91,0.62/0.50 cat 0.80 auc 0.45,0.0,
787-8,climbing_turn,lags,0.262,0.059,0.00/0.00 cat 0.00 auc nan,0.38/1.00 cat 0.40 auc 0.64,0.77/0.77 cat 0.60 auc 0.87,0.69/0.53 cat 0.80 auc 0.56,0.0,
787-8,climbing_turn,lags+since,0.225,0.052,0.09/1.00 cat 0.20 auc nan,0.38/1.00 cat 0.40 auc 0.87,0.92/0.75 cat 0.80 auc 0.92,0.62/0.57 cat 0.60 auc 0.63,0.09,
787-8,climbing_turn,since,0.252,0.051,0.14/1.00 cat 0.20 auc nan,0.54/0.78 cat 0.80 auc 0.83,0.85/0.79 cat 1.00 auc 0.95,0.54/0.54 cat 0.80 auc 0.62,0.18,
787-8,elev_doublet_distractor,static,0.571,0.128,0.05/1.00 cat 0.20 auc nan,0.00/0.00 cat 0.00 auc 0.33,0.15/0.40 cat 0.40 auc 0.41,0.15/0.67 cat 0.40 auc 0.47,0.0,
787-8,elev_doublet_distractor,lags,0.486,0.129,0.00/0.00 cat 0.00 auc nan,0.00/0.00 cat 0.00 auc 0.26,0.15/0.22 cat 0.80 auc 0.34,0.08/0.25 cat 0.60 auc 0.42,0.0,
787-8,elev_doublet_distractor,lags+since,0.462,0.128,0.00/0.00 cat 0.00 auc nan,0.00/0.00 cat 0.00 auc 0.38,0.23/1.00 cat 0.60 auc 0.70,0.08/0.25 cat 0.80 auc 0.53,0.0,
787-8,elev_doublet_distractor,since,0.516,0.13,0.00/0.00 cat 0.00 auc nan,0.00/0.00 cat 0.00 auc 0.37,0.15/0.40 cat 0.60 auc 0.55,0.08/0.33 cat 0.60 auc 0.55,0.0,
787-8,engine_restart,static,0.371,0.038,0.09/1.00 cat 0.20 auc nan,0.38/0.83 cat 0.60 auc 0.86,0.54/0.88 cat 0.80 auc 0.94,0.38/0.56 cat 0.60 auc 0.68,0.05,
787-8,engine_restart,lags,0.18,0.044,0.09/1.00 cat 0.40 auc nan,0.38/0.83 cat 0.60 auc 0.75,0.77/0.77 cat 0.80 auc 0.93,0.54/0.54 cat 0.80 auc 0.77,0.05,
787-8,engine_restart,lags+since,0.135,0.048,0.18/1.00 cat 0.40 auc nan,0.46/0.75 cat 0.60 auc 0.87,0.85/0.92 cat 0.80 auc 0.83,0.62/0.57 cat 0.80 auc 0.83,0.09,
787-8,engine_restart,since,0.18,0.036,0.05/1.00 cat 0.20 auc nan,0.46/0.86 cat 0.60 auc 0.95,0.77/1.00 cat 0.80 auc 0.93,0.62/0.73 cat 0.60 auc 0.85,0.05,
A320,cruise,static,0.522,0.039,0.14/1.00 cat 0.40 auc nan,0.00/0.00 cat 0.00 auc 0.62,0.54/0.78 cat 0.80 auc 0.79,0.23/0.50 cat 0.40 auc 0.59,0.0,
A320,cruise,lags,0.518,0.032,0.14/1.00 cat 0.40 auc nan,0.08/1.00 cat 0.20 auc 0.66,0.54/0.88 cat 0.80 auc 0.77,0.23/0.50 cat 0.40 auc 0.63,0.0,
A320,cruise,lags+since,0.523,0.027,0.14/1.00 cat 0.40 auc nan,0.08/1.00 cat 0.20 auc 0.64,0.69/0.90 cat 0.80 auc 0.82,0.23/0.50 cat 0.40 auc 0.62,0.0,
A320,cruise,since,0.523,0.05,0.14/1.00 cat 0.40 auc nan,0.00/0.00 cat 0.00 auc 0.62,0.54/0.78 cat 0.80 auc 0.77,0.23/0.50 cat 0.40 auc 0.59,0.0,
A320,throttle_step,static,0.406,0.046,0.05/1.00 cat 0.20 auc nan,0.08/1.00 cat 0.20 auc 0.65,0.38/1.00 cat 0.60 auc 0.77,0.23/1.00 cat 0.40 auc 0.62,0.05,
A320,throttle_step,lags,0.306,0.042,0.14/1.00 cat 0.40 auc nan,0.23/1.00 cat 0.40 auc 0.56,0.46/1.00 cat 0.60 auc 0.68,0.38/0.83 cat 0.60 auc 0.56,0.14,
A320,throttle_step,lags+since,0.182,0.039,0.09/1.00 cat 0.40 auc nan,0.08/1.00 cat 0.20 auc 0.49,0.54/0.88 cat 0.80 auc 0.59,0.77/0.83 cat 0.80 auc 0.74,0.05,
A320,throttle_step,since,0.228,0.043,0.05/1.00 cat 0.20 auc nan,0.08/1.00 cat 0.20 auc 0.31,0.46/1.00 cat 0.60 auc 0.49,0.31/0.57 cat 0.60 auc 0.57,0.05,
A320,elev_doublet,static,0.608,0.167,0.14/1.00 cat 0.60 auc nan,0.00/0.00 cat 0.60 auc 0.59,0.15/1.00 cat 0.40 auc 0.81,0.15/0.50 cat 0.60 auc 0.54,0.14,
A320,elev_doublet,lags,0.593,0.157,0.14/1.00 cat 0.60 auc nan,0.00/0.00 cat 0.40 auc 0.59,0.23/1.00 cat 0.60 auc 0.74,0.23/0.50 cat 0.60 auc 0.48,0.09,
A320,elev_doublet,lags+since,0.504,0.15,0.14/1.00 cat 0.40 auc nan,0.00/0.00 cat 0.20 auc 0.45,0.23/0.75 cat 0.80 auc 0.65,0.15/0.50 cat 0.40 auc 0.60,0.05,
A320,elev_doublet,since,0.534,0.146,0.09/1.00 cat 0.40 auc nan,0.00/0.00 cat 0.20 auc 0.55,0.15/0.67 cat 0.60 auc 0.56,0.08/0.33 cat 0.60 auc 0.48,0.05,
A320,elev_step,static,0.504,0.081,0.00/0.00 cat 0.00 auc nan,0.00/0.00 cat 0.00 auc 0.60,0.23/0.75 cat 0.60 auc 0.70,0.69/0.75 cat 0.80 auc 0.69,0.0,
A320,elev_step,lags,0.448,0.1,0.00/0.00 cat 0.00 auc nan,0.00/0.00 cat 0.00 auc 0.77,0.31/1.00 cat 0.60 auc 0.67,0.69/0.75 cat 0.80 auc 0.69,0.0,
A320,elev_step,lags+since,0.32,0.076,0.05/1.00 cat 0.20 auc nan,0.00/0.00 cat 0.00 auc 0.57,0.54/0.88 cat 0.80 auc 0.74,0.31/1.00 cat 0.60 auc 0.79,0.0,
A320,elev_step,since,0.33,0.066,0.00/0.00 cat 0.00 auc nan,0.00/0.00 cat 0.00 auc 0.44,0.46/0.75 cat 0.80 auc 0.82,0.46/0.67 cat 0.60 auc 0.63,0.0,
A320,aileron_step,static,0.408,0.128,0.00/0.00 cat 0.00 auc nan,0.00/0.00 cat 0.00 auc 0.53,0.23/0.75 cat 0.80 auc 0.65,0.23/0.50 cat 0.60 auc 0.56,0.0,
A320,aileron_step,lags,0.305,0.121,0.05/1.00 cat 0.20 auc nan,0.00/0.00 cat 0.20 auc 0.74,0.31/0.80 cat 0.60 auc 0.63,0.31/0.44 cat 0.60 auc 0.48,0.09,
A320,aileron_step,lags+since,0.279,0.103,0.05/1.00 cat 0.20 auc nan,0.00/0.00 cat 0.20 auc 0.77,0.23/0.50 cat 0.60 auc 0.73,0.38/0.42 cat 0.80 auc 0.36,0.05,
A320,aileron_step,since,0.318,0.106,0.00/0.00 cat 0.00 auc nan,0.00/0.00 cat 0.00 auc 0.72,0.38/1.00 cat 0.60 auc 0.67,0.38/0.45 cat 1.00 auc 0.48,0.0,
A320,rudder_doublet,static,0.476,0.177,0.05/1.00 cat 0.20 auc nan,0.00/0.00 cat 0.20 auc 0.57,0.23/0.75 cat 0.60 auc 0.94,0.08/1.00 cat 0.20 auc 0.75,0.05,
A320,rudder_doublet,lags,0.405,0.129,0.00/0.00 cat 0.00 auc nan,0.00/0.00 cat 0.00 auc 0.56,0.38/1.00 cat 0.60 auc 0.91,0.15/0.67 cat 0.40 auc 0.74,0.0,
A320,rudder_doublet,lags+since,0.351,0.114,0.05/1.00 cat 0.20 auc nan,0.00/0.00 cat 0.20 auc 0.50,0.31/1.00 cat 0.40 auc 0.97,0.15/1.00 cat 0.40 auc 0.70,0.05,
A320,rudder_doublet,since,0.375,0.106,0.00/0.00 cat 0.00 auc nan,0.00/0.00 cat 0.00 auc 0.53,0.31/1.00 cat 0.40 auc 0.87,0.15/1.00 cat 0.40 auc 0.78,0.0,
A320,bank_hold,static,0.422,0.111,0.05/1.00 cat 0.20 auc nan,0.08/1.00 cat 0.20 auc 0.10,0.15/1.00 cat 0.40 auc 0.41,0.08/0.14 cat 0.80 auc 0.16,0.05,
A320,bank_hold,lags,0.323,0.102,0.05/1.00 cat 0.20 auc nan,0.08/1.00 cat 0.20 auc 0.16,0.15/1.00 cat 0.40 auc 0.63,0.08/1.00 cat 0.20 auc 0.53,0.05,
A320,bank_hold,lags+since,0.301,0.097,0.09/1.00 cat 0.40 auc nan,0.08/1.00 cat 0.20 auc 0.18,0.15/1.00 cat 0.40 auc 0.56,0.15/0.50 cat 0.40 auc 0.56,0.05,
A320,bank_hold,since,0.348,0.116,0.05/1.00 cat 0.20 auc nan,0.08/1.00 cat 0.20 auc 0.22,0.15/1.00 cat 0.40 auc 0.57,0.08/0.50 cat 0.40 auc 0.73,0.05,
A320,flap_extend,static,0.246,0.05,0.18/1.00 cat 0.40 auc nan,0.15/0.67 cat 0.40 auc 0.41,0.69/0.56 cat 0.80 auc 0.47,1.00/0.62 cat 1.00 auc 0.43,0.14,
A320,flap_extend,lags,0.217,0.049,0.14/1.00 cat 0.40 auc nan,0.08/1.00 cat 0.20 auc 0.48,0.77/0.59 cat 0.80 auc 0.40,1.00/0.62 cat 1.00 auc 0.50,0.05,
A320,flap_extend,lags+since,0.213,0.048,0.14/1.00 cat 0.40 auc nan,0.08/1.00 cat 0.20 auc 0.43,0.77/0.56 cat 0.80 auc 0.38,0.69/0.56 cat 0.60 auc 0.49,0.05,
A320,flap_extend,since,0.226,0.052,0.14/1.00 cat 0.40 auc nan,0.00/0.00 cat 0.20 auc 0.34,0.69/0.56 cat 0.80 auc 0.43,0.62/0.53 cat 0.60 auc 0.39,0.0,
A320,engine_cut,static,0.313,0.061,0.05/1.00 cat 0.20 auc nan,0.15/1.00 cat 0.40 auc 0.41,0.23/0.33 cat 0.60 auc 0.32,0.46/0.40 cat 0.80 auc 0.21,0.05,
A320,engine_cut,lags,0.302,0.057,0.00/0.00 cat 0.00 auc nan,0.08/1.00 cat 0.20 auc 0.40,0.23/0.33 cat 0.60 auc 0.41,0.46/0.40 cat 0.80 auc 0.27,0.0,
A320,engine_cut,lags+since,0.285,0.051,0.00/0.00 cat 0.00 auc nan,0.08/1.00 cat 0.20 auc 0.43,0.15/0.33 cat 0.60 auc 0.57,0.46/0.43 cat 0.80 auc 0.51,0.0,
A320,engine_cut,since,0.288,0.049,0.00/0.00 cat 0.00 auc nan,0.15/1.00 cat 0.40 auc 0.36,0.15/0.33 cat 0.60 auc 0.57,0.46/0.43 cat 0.80 auc 0.53,0.0,
A320,climbing_turn,static,0.377,0.096,0.14/1.00 cat 0.20 auc nan,0.15/1.00 cat 0.20 auc 0.64,0.31/0.67 cat 0.80 auc 0.78,0.08/0.50 cat 0.40 auc 0.39,0.09,
A320,climbing_turn,lags,0.287,0.091,0.14/1.00 cat 0.40 auc nan,0.08/0.50 cat 0.20 auc 0.68,0.54/0.70 cat 0.80 auc 0.86,0.23/0.50 cat 0.80 auc 0.51,0.09,
A320,climbing_turn,lags+since,0.256,0.087,0.23/1.00 cat 0.80 auc nan,0.08/0.33 cat 0.60 auc 0.74,0.46/0.55 cat 0.80 auc 0.63,0.31/0.57 cat 0.80 auc 0.44,0.14,
A320,climbing_turn,since,0.283,0.092,0.23/1.00 cat 0.40 auc nan,0.15/0.40 cat 0.60 auc 0.68,0.46/0.55 cat 0.80 auc 0.78,0.08/0.25 cat 0.60 auc 0.46,0.18,
A320,elev_doublet_distractor,static,0.512,0.15,0.05/1.00 cat 0.20 auc nan,0.00/0.00 cat 0.00 auc 0.47,0.23/1.00 cat 0.20 auc 0.70,0.08/0.17 cat 0.60 auc 0.34,0.0,
A320,elev_doublet_distractor,lags,0.428,0.123,0.14/1.00 cat 0.40 auc nan,0.15/0.67 cat 0.20 auc 0.50,0.23/1.00 cat 0.20 auc 0.73,0.31/0.44 cat 0.60 auc 0.62,0.09,
A320,elev_doublet_distractor,lags+since,0.413,0.122,0.14/1.00 cat 0.40 auc nan,0.15/1.00 cat 0.20 auc 0.60,0.23/1.00 cat 0.20 auc 0.79,0.31/0.57 cat 0.60 auc 0.44,0.09,
A320,elev_doublet_distractor,since,0.468,0.136,0.09/1.00 cat 0.20 auc nan,0.15/0.67 cat 0.40 auc 0.47,0.23/1.00 cat 0.20 auc 0.64,0.00/0.00 cat 0.40 auc 0.49,0.14,
A320,engine_restart,static,0.264,0.011,0.14/1.00 cat 0.40 auc nan,0.23/1.00 cat 0.40 auc 0.63,0.77/0.56 cat 0.80 auc 0.71,0.62/0.47 cat 0.80 auc 0.41,0.09,
A320,engine_restart,lags,0.16,0.012,0.09/1.00 cat 0.20 auc nan,0.15/1.00 cat 0.40 auc 0.68,0.77/0.62 cat 0.80 auc 0.70,0.69/0.50 cat 0.80 auc 0.55,0.0,
A320,engine_restart,lags+since,0.113,0.014,0.14/1.00 cat 0.20 auc nan,0.23/1.00 cat 0.40 auc 0.56,0.77/0.62 cat 0.80 auc 0.68,0.69/0.53 cat 0.80 auc 0.57,0.0,
A320,engine_restart,since,0.154,0.014,0.05/1.00 cat 0.20 auc nan,0.15/1.00 cat 0.20 auc 0.75,0.62/0.62 cat 0.80 auc 0.61,0.69/0.60 cat 0.80 auc 0.55,0.0,
A4,cruise,static,0.518,0.062,0.05/1.00 cat 0.20 auc nan,0.00/0.00 cat 0.00 auc 0.51,0.31/0.57 cat 0.80 auc 0.56,0.46/0.60 cat 0.60 auc 0.60,0.0,
A4,cruise,lags,0.518,0.062,0.05/1.00 cat 0.20 auc nan,0.00/0.00 cat 0.00 auc 0.51,0.31/0.57 cat 0.80 auc 0.56,0.46/0.60 cat 0.60 auc 0.60,0.0,
A4,cruise,lags+since,0.518,0.062,0.05/1.00 cat 0.20 auc nan,0.00/0.00 cat 0.00 auc 0.51,0.31/0.57 cat 0.80 auc 0.56,0.46/0.60 cat 0.60 auc 0.60,0.0,
A4,cruise,since,0.518,0.062,0.05/1.00 cat 0.20 auc nan,0.00/0.00 cat 0.00 auc 0.51,0.31/0.57 cat 0.80 auc 0.56,0.46/0.60 cat 0.60 auc 0.60,0.0,
A4,throttle_step,static,0.435,0.061,0.00/0.00 cat 0.00 auc nan,0.00/0.00 cat 0.00 auc 0.71,0.15/1.00 cat 0.40 auc 0.51,0.69/0.60 cat 0.80 auc 0.43,0.0,
A4,throttle_step,lags,0.305,0.062,0.00/0.00 cat 0.00 auc nan,0.00/0.00 cat 0.00 auc 0.42,0.15/1.00 cat 0.40 auc 0.46,0.77/0.62 cat 0.80 auc 0.53,0.0,
A4,throttle_step,lags+since,0.205,0.051,0.00/0.00 cat 0.00 auc nan,0.00/0.00 cat 0.00 auc 0.61,0.46/0.86 cat 0.80 auc 0.65,0.85/0.61 cat 0.80 auc 0.55,0.0,
A4,throttle_step,since,0.244,0.051,0.00/0.00 cat 0.00 auc nan,0.00/0.00 cat 0.00 auc 0.42,0.46/0.86 cat 0.80 auc 0.70,0.85/0.61 cat 0.80 auc 0.47,0.0,
A4,elev_doublet,static,0.588,0.167,0.00/0.00 cat 0.00 auc nan,0.00/0.00 cat 0.00 auc 0.48,0.23/0.75 cat 0.60 auc 0.72,0.31/0.40 cat 0.80 auc 0.58,0.0,
A4,elev_doublet,lags,0.563,0.154,0.05/1.00 cat 0.20 auc nan,0.00/0.00 cat 0.20 auc 0.36,0.23/0.75 cat 0.80 auc 0.69,0.31/0.44 cat 0.60 auc 0.52,0.05,
A4,elev_doublet,lags+since,0.496,0.152,0.09/1.00 cat 0.40 auc nan,0.00/0.00 cat 0.00 auc 0.75,0.23/0.75 cat 0.80 auc 0.90,0.46/0.46 cat 0.60 auc 0.51,0.0,
A4,elev_doublet,since,0.527,0.158,0.05/1.00 cat 0.20 auc nan,0.00/0.00 cat 0.00 auc 0.56,0.23/0.75 cat 0.80 auc 0.75,0.46/0.50 cat 0.60 auc 0.52,0.0,
A4,elev_step,static,0.501,0.083,0.05/1.00 cat 0.20 auc nan,0.00/0.00 cat 0.00 auc 0.38,0.15/1.00 cat 0.40 auc 0.29,0.69/0.56 cat 0.80 auc 0.46,0.05,
A4,elev_step,lags,0.456,0.08,0.00/0.00 cat 0.00 auc nan,0.00/0.00 cat 0.00 auc 0.44,0.15/1.00 cat 0.40 auc 0.60,0.69/0.56 cat 0.80 auc 0.46,0.05,
A4,elev_step,lags+since,0.321,0.088,0.18/1.00 cat 0.40 auc nan,0.00/0.00 cat 0.00 auc 0.50,0.54/0.88 cat 0.80 auc 0.71,0.77/0.59 cat 0.80 auc 0.62,0.18,
A4,elev_step,since,0.331,0.089,0.09/1.00 cat 0.20 auc nan,0.08/1.00 cat 0.20 auc 0.48,0.46/0.86 cat 0.80 auc 0.97,0.77/0.59 cat 0.80 auc 0.56,0.18,
A4,aileron_step,static,0.341,0.08,0.23/1.00 cat 0.60 auc nan,0.23/1.00 cat 0.20 auc 0.79,0.46/0.86 cat 0.60 auc 0.86,0.62/0.50 cat 0.80 auc 0.54,0.14,
A4,aileron_step,lags,0.244,0.078,0.45/1.00 cat 0.80 auc nan,0.31/1.00 cat 0.40 auc 0.57,0.62/0.89 cat 0.60 auc 0.94,0.69/0.53 cat 0.80 auc 0.42,0.14,
A4,aileron_step,lags+since,0.232,0.077,0.45/1.00 cat 0.80 auc nan,0.23/0.75 cat 0.40 auc 0.50,0.54/0.88 cat 0.60 auc 0.85,0.69/0.53 cat 0.80 auc 0.49,0.18,
A4,aileron_step,since,0.257,0.084,0.27/1.00 cat 0.60 auc nan,0.23/1.00 cat 0.20 auc 0.72,0.46/0.86 cat 0.60 auc 0.93,0.69/0.53 cat 0.80 auc 0.44,0.14,
A4,rudder_doublet,static,0.377,0.109,0.09/1.00 cat 0.40 auc nan,0.15/1.00 cat 0.40 auc 0.68,0.31/0.80 cat 0.80 auc 0.69,0.31/0.33 cat 0.80 auc 0.26,0.09,
A4,rudder_doublet,lags,0.324,0.115,0.00/0.00 cat 0.00 auc nan,0.00/0.00 cat 0.00 auc 0.37,0.23/1.00 cat 0.60 auc 0.79,0.38/0.45 cat 0.60 auc 0.31,0.0,
A4,rudder_doublet,lags+since,0.306,0.12,0.00/0.00 cat 0.00 auc nan,0.00/0.00 cat 0.00 auc 0.33,0.31/1.00 cat 0.60 auc 0.66,0.31/0.40 cat 0.60 auc 0.27,0.0,
A4,rudder_doublet,since,0.341,0.109,0.05/1.00 cat 0.20 auc nan,0.00/0.00 cat 0.00 auc 0.47,0.31/0.67 cat 0.60 auc 0.55,0.31/0.40 cat 0.60 auc 0.30,0.0,
A4,bank_hold,static,0.385,0.106,0.14/1.00 cat 0.40 auc nan,0.00/0.00 cat 0.00 auc 0.20,0.15/1.00 cat 0.40 auc 0.38,0.62/0.50 cat 0.80 auc 0.50,0.0,
A4,bank_hold,lags,0.318,0.107,0.14/1.00 cat 0.60 auc nan,0.00/0.00 cat 0.00 auc 0.17,0.15/1.00 cat 0.40 auc 0.38,0.62/0.47 cat 0.80 auc 0.30,0.0,
A4,bank_hold,lags+since,0.29,0.11,0.23/1.00 cat 0.60 auc nan,0.00/0.00 cat 0.00 auc 0.08,0.15/1.00 cat 0.40 auc 0.38,0.62/0.50 cat 0.80 auc 0.31,0.0,
A4,bank_hold,since,0.331,0.109,0.14/1.00 cat 0.40 auc nan,0.00/0.00 cat 0.00 auc 0.09,0.15/1.00 cat 0.40 auc 0.38,0.62/0.47 cat 0.80 auc 0.47,0.0,
A4,flap_extend,static,0.37,0.03,0.09/1.00 cat 0.40 auc nan,0.46/0.86 cat 1.00 auc 0.70,0.31/0.57 cat 0.60 auc 0.58,1.00/0.65 cat 1.00 auc 0.53,0.05,
A4,flap_extend,lags,0.147,0.034,0.73/1.00 cat 1.00 auc nan,0.85/0.73 cat 1.00 auc 0.63,0.69/0.60 cat 1.00 auc 0.51,1.00/0.59 cat 1.00 auc 0.33,0.14,
A4,flap_extend,lags+since,0.111,0.025,0.55/1.00 cat 1.00 auc nan,0.77/0.71 cat 1.00 auc 0.57,0.62/0.57 cat 1.00 auc 0.56,1.00/0.59 cat 1.00 auc 0.38,0.09,
A4,flap_extend,since,0.175,0.027,0.45/1.00 cat 1.00 auc nan,0.62/0.67 cat 1.00 auc 0.63,0.85/0.73 cat 1.00 auc 0.64,1.00/0.62 cat 1.00 auc 0.42,0.23,
A4,climbing_turn,static,0.394,0.073,0.00/0.00 cat 0.00 auc nan,0.00/0.00 cat 0.00 auc 0.81,0.54/1.00 cat 0.80 auc 0.91,0.77/0.59 cat 1.00 auc 0.54,0.0,
A4,climbing_turn,lags,0.314,0.077,0.00/0.00 cat 0.00 auc nan,0.00/0.00 cat 0.00 auc 0.76,0.23/1.00 cat 0.60 auc 0.81,0.77/0.56 cat 1.00 auc 0.52,0.09,
A4,climbing_turn,lags+since,0.274,0.079,0.09/1.00 cat 0.20 auc nan,0.15/1.00 cat 0.20 auc 0.83,0.62/1.00 cat 1.00 auc 0.91,0.92/0.60 cat 1.00 auc 0.52,0.0,
A4,climbing_turn,since,0.291,0.081,0.18/1.00 cat 0.60 auc nan,0.23/1.00 cat 0.40 auc 0.83,0.62/1.00 cat 1.00 auc 0.91,0.85/0.58 cat 1.00 auc 0.41,0.09,
A4,elev_doublet_distractor,static,0.423,0.124,0.05/1.00 cat 0.20 auc nan,0.00/0.00 cat 0.00 auc 0.36,0.15/1.00 cat 0.40 auc 0.49,0.54/0.47 cat 1.00 auc 0.41,0.0,
A4,elev_doublet_distractor,lags,0.362,0.125,0.18/1.00 cat 0.80 auc nan,0.00/0.00 cat 0.20 auc 0.41,0.15/1.00 cat 0.40 auc 0.50,0.62/0.47 cat 1.00 auc 0.38,0.0,
A4,elev_doublet_distractor,lags+since,0.335,0.128,0.27/1.00 cat 0.80 auc nan,0.00/0.00 cat 0.00 auc 0.27,0.15/0.50 cat 0.60 auc 0.41,0.46/0.40 cat 0.80 auc 0.33,0.0,
A4,elev_doublet_distractor,since,0.365,0.13,0.23/1.00 cat 0.80 auc nan,0.00/0.00 cat 0.00 auc 0.48,0.15/1.00 cat 0.40 auc 0.43,0.31/0.31 cat 0.80 auc 0.35,0.0,
B747,cruise,static,0.529,0.07,0.00/0.00 cat 0.00 auc nan,0.15/0.67 cat 0.40 auc 0.35,0.38/0.71 cat 0.80 auc 0.53,0.23/0.38 cat 0.60 auc 0.42,0.0,
B747,cruise,lags,0.523,0.069,0.05/1.00 cat 0.20 auc nan,0.15/0.50 cat 0.40 auc 0.34,0.38/0.83 cat 0.80 auc 0.56,0.23/0.33 cat 0.60 auc 0.43,0.05,
B747,cruise,lags+since,0.519,0.075,0.00/0.00 cat 0.00 auc nan,0.15/0.50 cat 0.40 auc 0.31,0.38/0.83 cat 0.80 auc 0.54,0.23/0.33 cat 0.60 auc 0.44,0.0,
B747,cruise,since,0.525,0.066,0.05/1.00 cat 0.20 auc nan,0.15/0.67 cat 0.40 auc 0.36,0.38/0.62 cat 0.80 auc 0.56,0.23/0.38 cat 0.60 auc 0.47,0.0,
B747,throttle_step,static,0.367,0.083,0.00/0.00 cat 0.00 auc nan,0.08/1.00 cat 0.20 auc 0.31,0.08/0.50 cat 0.40 auc 0.45,0.15/0.67 cat 0.60 auc 0.55,0.0,
B747,throttle_step,lags,0.283,0.08,0.05/1.00 cat 0.20 auc nan,0.23/1.00 cat 0.60 auc 0.58,0.08/0.50 cat 0.40 auc 0.65,0.08/0.33 cat 0.40 auc 0.51,0.0,
B747,throttle_step,lags+since,0.258,0.071,0.05/1.00 cat 0.20 auc nan,0.31/1.00 cat 0.60 auc 0.78,0.23/0.75 cat 0.40 auc 0.74,0.15/0.67 cat 0.40 auc 0.63,0.0,
B747,throttle_step,since,0.315,0.081,0.00/0.00 cat 0.00 auc nan,0.15/1.00 cat 0.40 auc 0.72,0.23/0.75 cat 0.40 auc 0.53,0.15/0.50 cat 0.40 auc 0.56,0.0,
B747,elev_doublet,static,0.528,0.181,0.00/0.00 cat 0.00 auc nan,0.00/0.00 cat 0.00 auc 0.59,0.31/0.57 cat 0.80 auc 0.68,0.54/0.64 cat 0.60 auc 0.67,0.0,
B747,elev_doublet,lags,0.499,0.172,0.00/0.00 cat 0.00 auc nan,0.08/1.00 cat 0.20 auc 0.62,0.31/0.57 cat 0.60 auc 0.62,0.62/0.57 cat 0.60 auc 0.72,0.0,
B747,elev_doublet,lags+since,0.406,0.174,0.05/1.00 cat 0.20 auc nan,0.08/1.00 cat 0.20 auc 0.62,0.46/1.00 cat 0.80 auc 0.75,0.54/0.58 cat 0.60 auc 0.71,0.0,
B747,elev_doublet,since,0.426,0.168,0.00/0.00 cat 0.00 auc nan,0.00/0.00 cat 0.00 auc 0.65,0.54/1.00 cat 0.80 auc 0.82,0.54/0.58 cat 0.60 auc 0.72,0.0,
B747,elev_step,static,0.465,0.056,0.14/1.00 cat 0.40 auc nan,0.15/0.67 cat 0.40 auc 0.71,0.38/0.71 cat 0.60 auc 0.65,0.62/0.62 cat 0.60 auc 0.50,0.09,
B747,elev_step,lags,0.33,0.072,0.18/1.00 cat 0.40 auc nan,0.08/1.00 cat 0.20 auc 0.87,0.31/1.00 cat 0.40 auc 0.73,0.85/0.61 cat 0.80 auc 0.45,0.05,
B747,elev_step,lags+since,0.268,0.077,0.23/1.00 cat 0.60 auc nan,0.00/0.00 cat 0.00 auc 0.73,0.38/0.62 cat 0.80 auc 0.56,0.38/0.50 cat 0.60 auc 0.50,0.0,
B747,elev_step,since,0.302,0.063,0.23/1.00 cat 0.60 auc nan,0.46/0.86 cat 0.80 auc 0.89,0.54/0.88 cat 0.80 auc 0.68,0.54/0.64 cat 0.60 auc 0.58,0.14,
B747,aileron_step,static,0.409,0.108,0.05/1.00 cat 0.20 auc nan,0.08/1.00 cat 0.20 auc 0.32,0.23/1.00 cat 0.40 auc 0.31,0.08/1.00 cat 0.20 auc 0.21,0.05,
B747,aileron_step,lags,0.331,0.097,0.05/1.00 cat 0.20 auc nan,0.00/0.00 cat 0.00 auc 0.55,0.15/1.00 cat 0.40 auc 0.37,0.08/0.50 cat 0.40 auc 0.33,0.0,
B747,aileron_step,lags+since,0.286,0.088,0.14/1.00 cat 0.40 auc nan,0.08/1.00 cat 0.20 auc 0.56,0.23/1.00 cat 0.40 auc 0.35,0.08/0.50 cat 0.40 auc 0.31,0.05,
B747,aileron_step,since,0.335,0.089,0.05/1.00 cat 0.20 auc nan,0.08/1.00 cat 0.20 auc 0.54,0.23/1.00 cat 0.40 auc 0.38,0.08/1.00 cat 0.20 auc 0.33,0.05,
B747,rudder_doublet,static,0.452,0.179,0.00/0.00 cat 0.00 auc nan,0.08/1.00 cat 0.20 auc 0.34,0.23/1.00 cat 0.40 auc 0.42,0.46/0.75 cat 0.40 auc 0.43,0.0,
B747,rudder_doublet,lags,0.372,0.169,0.09/1.00 cat 0.40 auc nan,0.00/0.00 cat 0.20 auc 0.27,0.38/1.00 cat 0.40 auc 0.72,0.62/1.00 cat 0.80 auc 0.75,0.05,
B747,rudder_doublet,lags+since,0.354,0.16,0.05/1.00 cat 0.20 auc nan,0.08/1.00 cat 0.20 auc 0.27,0.54/1.00 cat 0.80 auc 0.71,0.38/1.00 cat 0.60 auc 0.70,0.0,
B747,rudder_doublet,since,0.378,0.153,0.05/1.00 cat 0.20 auc nan,0.08/1.00 cat 0.20 auc 0.50,0.46/1.00 cat 0.60 auc 0.54,0.23/1.00 cat 0.20 auc 0.56,0.0,
B747,bank_hold,static,0.415,0.091,0.05/1.00 cat 0.20 auc nan,0.08/0.50 cat 0.40 auc 0.45,0.31/0.40 cat 0.80 auc 0.49,0.15/0.20 cat 0.80 auc 0.18,0.05,
B747,bank_hold,lags,0.319,0.092,0.00/0.00 cat 0.00 auc nan,0.23/1.00 cat 0.60 auc 0.69,0.23/1.00 cat 0.60 auc 0.60,0.08/0.20 cat 0.60 auc 0.39,0.0,
B747,bank_hold,lags+since,0.291,0.085,0.00/0.00 cat 0.00 auc nan,0.31/1.00 cat 0.60 auc 0.63,0.23/1.00 cat 0.60 auc 0.73,0.15/0.40 cat 0.60 auc 0.55,0.0,
B747,bank_hold,since,0.335,0.09,0.00/0.00 cat 0.00 auc nan,0.15/1.00 cat 0.20 auc 0.64,0.15/0.67 cat 0.60 auc 0.58,0.23/0.43 cat 0.80 auc 0.49,0.0,
B747,flap_extend,static,0.164,0.023,0.36/1.00 cat 0.80 auc nan,0.54/0.47 cat 0.80 auc 0.38,0.92/0.57 cat 1.00 auc 0.44,0.69/0.56 cat 1.00 auc 0.39,0.05,
B747,flap_extend,lags,0.143,0.022,0.36/1.00 cat 0.80 auc nan,0.31/0.44 cat 0.80 auc 0.41,0.85/0.55 cat 0.80 auc 0.34,0.85/0.61 cat 1.00 auc 0.60,0.0,
B747,flap_extend,lags+since,0.134,0.025,0.36/1.00 cat 0.60 auc nan,0.62/0.57 cat 0.80 auc 0.45,0.92/0.57 cat 1.00 auc 0.38,0.77/0.56 cat 1.00 auc 0.53,0.0,
B747,flap_extend,since,0.152,0.024,0.32/1.00 cat 0.60 auc nan,0.46/0.60 cat 0.80 auc 0.46,0.92/0.57 cat 1.00 auc 0.41,0.46/0.43 cat 0.80 auc 0.25,0.0,
B747,engine_cut,static,0.262,0.051,0.05/1.00 cat 0.20 auc nan,0.38/1.00 cat 0.60 auc 0.60,0.46/1.00 cat 0.80 auc 0.65,0.46/0.67 cat 0.80 auc 0.74,0.0,
B747,engine_cut,lags,0.199,0.05,0.14/1.00 cat 0.40 auc nan,0.38/1.00 cat 0.60 auc 0.63,0.46/1.00 cat 0.80 auc 0.64,0.62/0.62 cat 0.80 auc 0.69,0.0,
B747,engine_cut,lags+since,0.194,0.049,0.14/1.00 cat 0.60 auc nan,0.38/1.00 cat 0.60 auc 0.74,0.46/0.86 cat 0.80 auc 0.62,0.62/0.67 cat 0.80 auc 0.74,0.05,
B747,engine_cut,since,0.231,0.047,0.05/1.00 cat 0.20 auc nan,0.38/1.00 cat 0.60 auc 0.54,0.46/0.86 cat 0.80 auc 0.63,0.38/0.71 cat 0.80 auc 0.62,0.0,
B747,climbing_turn,static,0.415,0.065,0.00/0.00 cat 0.00 auc nan,0.00/0.00 cat 0.00 auc 0.75,0.15/1.00 cat 0.20 auc 0.75,0.31/1.00 cat 0.80 auc 0.85,0.0,
B747,climbing_turn,lags,0.324,0.065,0.09/1.00 cat 0.20 auc nan,0.00/0.00 cat 0.00 auc 0.73,0.08/1.00 cat 0.20 auc 0.86,0.31/0.80 cat 0.60 auc 0.65,0.0,
B747,climbing_turn,lags+since,0.282,0.067,0.09/1.00 cat 0.20 auc nan,0.23/1.00 cat 0.40 auc 0.78,0.15/1.00 cat 0.40 auc 0.71,0.23/0.75 cat 0.60 auc 0.64,0.0,
B747,climbing_turn,since,0.307,0.079,0.09/1.00 cat 0.20 auc nan,0.08/1.00 cat 0.20 auc 0.91,0.15/1.00 cat 0.40 auc 0.84,0.38/1.00 cat 0.80 auc 0.85,0.0,
B747,elev_doublet_distractor,static,0.534,0.12,0.09/1.00 cat 0.40 auc nan,0.08/0.50 cat 0.40 auc 0.39,0.31/0.50 cat 0.80 auc 0.59,0.08/0.17 cat 0.60 auc 0.11,0.05,
B747,elev_doublet_distractor,lags,0.451,0.128,0.14/1.00 cat 0.40 auc nan,0.00/0.00 cat 0.00 auc 0.68,0.38/1.00 cat 0.60 auc 0.95,0.31/0.67 cat 0.40 auc 0.45,0.0,
B747,elev_doublet_distractor,lags+since,0.422,0.119,0.23/1.00 cat 0.60 auc nan,0.15/1.00 cat 0.20 auc 0.68,0.46/1.00 cat 0.80 auc 0.76,0.23/0.60 cat 0.40 auc 0.28,0.0,
B747,elev_doublet_distractor,since,0.474,0.13,0.23/1.00 cat 0.40 auc nan,0.08/0.33 cat 0.20 auc 0.56,0.31/0.67 cat 0.60 auc 0.83,0.38/0.50 cat 0.80 auc 0.50,0.0,
B747,engine_restart,static,0.319,0.026,0.09/1.00 cat 0.40 auc nan,0.38/0.83 cat 0.60 auc 0.56,0.15/0.67 cat 0.40 auc 0.30,0.31/0.44 cat 0.80 auc 0.42,0.0,
B747,engine_restart,lags,0.141,0.023,0.18/1.00 cat 0.40 auc nan,0.54/0.88 cat 0.60 auc 0.85,0.62/0.89 cat 0.60 auc 1.00,0.54/0.78 cat 0.80 auc 0.90,0.0,
B747,engine_restart,lags+since,0.108,0.022,0.14/1.00 cat 0.20 auc nan,0.62/0.80 cat 0.80 auc 0.85,0.62/1.00 cat 0.80 auc 1.00,0.62/0.80 cat 0.80 auc 0.89,0.0,
B747,engine_restart,since,0.172,0.027,0.05/1.00 cat 0.20 auc nan,0.54/1.00 cat 0.80 auc 0.62,0.31/1.00 cat 0.60 auc 0.59,0.38/0.71 cat 0.80 auc 0.74,0.05,
Boeing314,cruise,static,0.731,0.109,0.00/0.00 cat 0.00 auc nan,0.31/0.67 cat 0.60 auc 0.32,0.23/1.00 cat 0.20 auc 0.15,0.08/0.33 cat 0.40 auc 0.06,0.0,
Boeing314,cruise,lags,0.73,0.108,0.05/1.00 cat 0.20 auc nan,0.31/0.67 cat 0.60 auc 0.29,0.23/1.00 cat 0.20 auc 0.16,0.08/0.33 cat 0.40 auc 0.19,0.0,
Boeing314,cruise,lags+since,0.727,0.107,0.05/1.00 cat 0.20 auc nan,0.31/0.80 cat 0.40 auc 0.41,0.23/1.00 cat 0.20 auc 0.20,0.08/0.33 cat 0.40 auc 0.14,0.0,
Boeing314,cruise,since,0.721,0.115,0.00/0.00 cat 0.00 auc nan,0.31/0.67 cat 0.60 auc 0.32,0.23/1.00 cat 0.20 auc 0.15,0.08/0.33 cat 0.40 auc 0.10,0.0,
Boeing314,throttle_step,static,0.559,0.087,0.00/0.00 cat 0.00 auc nan,0.38/0.71 cat 0.60 auc 0.79,0.46/0.67 cat 0.60 auc 0.87,0.54/0.88 cat 0.80 auc 0.88,0.0,
Boeing314,throttle_step,lags,0.474,0.081,0.00/0.00 cat 0.00 auc nan,0.77/0.71 cat 1.00 auc 0.79,0.46/0.75 cat 0.60 auc 0.65,0.69/0.75 cat 0.80 auc 0.74,0.0,
Boeing314,throttle_step,lags+since,0.323,0.081,0.00/0.00 cat 0.00 auc nan,0.85/0.61 cat 0.80 auc 0.75,0.62/0.73 cat 0.80 auc 0.87,0.77/0.77 cat 0.80 auc 0.94,0.0,
Boeing314,throttle_step,since,0.349,0.075,0.00/0.00 cat 0.00 auc nan,0.85/0.61 cat 0.80 auc 0.82,0.62/0.73 cat 0.40 auc 0.74,0.69/0.60 cat 0.80 auc 0.80,0.0,
Boeing314,elev_doublet,static,0.7,0.137,0.05/1.00 cat 0.20 auc nan,0.15/0.67 cat 0.40 auc 0.53,0.23/0.75 cat 0.40 auc 0.57,0.38/0.56 cat 0.80 auc 0.24,0.14,
Boeing314,elev_doublet,lags,0.656,0.129,0.05/1.00 cat 0.20 auc nan,0.15/1.00 cat 0.40 auc 0.60,0.54/0.88 cat 0.60 auc 0.71,0.46/0.46 cat 0.80 auc 0.32,0.14,
Boeing314,elev_doublet,lags+since,0.463,0.145,0.09/1.00 cat 0.20 auc nan,0.46/0.67 cat 0.80 auc 0.40,0.31/0.67 cat 0.60 auc 0.50,0.46/0.43 cat 0.80 auc 0.27,0.18,
Boeing314,elev_doublet,since,0.488,0.141,0.05/1.00 cat 0.20 auc nan,0.38/0.62 cat 0.80 auc 0.38,0.15/1.00 cat 0.40 auc 0.59,0.46/0.43 cat 0.80 auc 0.16,0.23,
Boeing314,elev_step,static,0.717,0.117,0.09/1.00 cat 0.20 auc nan,0.38/0.71 cat 0.60 auc 0.44,0.00/0.00 cat 0.00 auc 0.38,0.15/0.67 cat 0.40 auc 0.44,0.09,
Boeing314,elev_step,lags,0.687,0.114,0.09/1.00 cat 0.40 auc nan,0.46/0.75 cat 0.60 auc 0.53,0.00/0.00 cat 0.00 auc 0.38,0.15/0.67 cat 0.40 auc 0.37,0.09,
Boeing314,elev_step,lags+since,0.501,0.117,0.05/1.00 cat 0.20 auc nan,0.85/0.73 cat 0.80 auc 0.62,0.08/0.33 cat 0.40 auc 0.33,0.15/0.50 cat 0.40 auc 0.38,0.0,
Boeing314,elev_step,since,0.514,0.125,0.05/1.00 cat 0.20 auc nan,0.85/0.73 cat 0.80 auc 0.53,0.08/0.50 cat 0.20 auc 0.34,0.23/0.75 cat 0.40 auc 0.45,0.05,
Boeing314,aileron_step,static,0.661,0.139,0.05/1.00 cat 0.20 auc nan,0.00/0.00 cat 0.20 auc 0.32,0.00/0.00 cat 0.00 auc 0.47,0.00/0.00 cat 0.00 auc 0.70,0.0,
Boeing314,aileron_step,lags,0.588,0.139,0.09/1.00 cat 0.40 auc nan,0.00/0.00 cat 0.60 auc 0.19,0.00/0.00 cat 0.60 auc 0.48,0.23/1.00 cat 0.20 auc 0.85,0.09,
Boeing314,aileron_step,lags+since,0.503,0.151,0.00/0.00 cat 0.00 auc nan,0.00/0.00 cat 0.20 auc 0.43,0.00/0.00 cat 0.20 auc 0.39,0.23/1.00 cat 0.20 auc 0.72,0.09,
Boeing314,aileron_step,since,0.534,0.148,0.00/0.00 cat 0.00 auc nan,0.00/0.00 cat 0.20 auc 0.30,0.00/0.00 cat 0.00 auc 0.39,0.23/1.00 cat 0.20 auc 0.64,0.09,
Boeing314,rudder_doublet,static,0.706,0.115,0.05/1.00 cat 0.20 auc nan,0.15/1.00 cat 0.40 auc 0.66,0.46/1.00 cat 0.60 auc 0.61,0.31/1.00 cat 0.40 auc 0.49,0.0,
Boeing314,rudder_doublet,lags,0.653,0.106,0.09/1.00 cat 0.40 auc nan,0.38/1.00 cat 0.80 auc 0.72,0.54/1.00 cat 0.60 auc 0.65,0.38/1.00 cat 0.40 auc 0.70,0.0,
Boeing314,rudder_doublet,lags+since,0.467,0.119,0.09/1.00 cat 0.40 auc nan,0.85/0.85 cat 0.80 auc 0.79,0.62/0.89 cat 0.80 auc 0.78,0.46/0.86 cat 0.40 auc 0.74,0.0,
Boeing314,rudder_doublet,since,0.475,0.123,0.09/1.00 cat 0.40 auc nan,0.85/0.92 cat 0.80 auc 0.87,0.62/0.80 cat 0.80 auc 0.62,0.46/0.86 cat 0.40 auc 0.69,0.05,
Boeing314,bank_hold,static,0.696,0.114,0.00/0.00 cat 0.00 auc nan,0.31/0.67 cat 0.60 auc 0.44,0.15/0.40 cat 0.80 auc 0.43,0.15/0.67 cat 0.40 auc 0.44,0.0,
Boeing314,bank_hold,lags,0.637,0.107,0.05/1.00 cat 0.20 auc nan,0.23/0.50 cat 0.60 auc 0.51,0.08/0.11 cat 0.80 auc 0.26,0.38/0.56 cat 0.60 auc 0.48,0.09,
Boeing314,bank_hold,lags+since,0.465,0.139,0.05/1.00 cat 0.20 auc nan,0.62/0.67 cat 0.80 auc 0.79,0.46/0.46 cat 0.80 auc 0.52,0.38/0.45 cat 0.80 auc 0.49,0.0,
Boeing314,bank_hold,since,0.5,0.149,0.05/1.00 cat 0.20 auc nan,0.54/0.70 cat 0.60 auc 0.76,0.46/0.50 cat 0.80 auc 0.63,0.38/0.62 cat 0.60 auc 0.55,0.05,
Boeing314,flap_extend,static,0.704,0.064,0.23/1.00 cat 0.20 auc nan,0.46/1.00 cat 0.40 auc 0.71,0.38/0.71 cat 0.80 auc 0.34,0.23/1.00 cat 0.40 auc 0.49,0.09,
Boeing314,flap_extend,lags,0.612,0.075,0.50/1.00 cat 0.80 auc nan,0.85/0.92 cat 0.80 auc 0.75,0.54/0.70 cat 0.80 auc 0.57,0.23/0.60 cat 0.40 auc 0.40,0.32,
Boeing314,flap_extend,lags+since,0.427,0.091,0.45/1.00 cat 0.60 auc nan,0.85/0.79 cat 0.80 auc 0.88,0.77/0.77 cat 0.80 auc 0.57,0.38/0.83 cat 0.60 auc 0.50,0.36,
Boeing314,flap_extend,since,0.453,0.068,0.27/1.00 cat 0.40 auc nan,0.85/0.79 cat 0.80 auc 0.83,0.69/0.82 cat 0.80 auc 0.63,0.46/1.00 cat 0.60 auc 0.68,0.09,
Boeing314,engine_cut,static,0.745,0.046,0.09/1.00 cat 0.20 auc nan,0.15/0.50 cat 0.40 auc 0.40,0.46/0.60 cat 0.80 auc 0.61,0.31/0.80 cat 0.40 auc 0.52,0.05,
Boeing314,engine_cut,lags,0.746,0.047,0.09/1.00 cat 0.20 auc nan,0.15/0.67 cat 0.40 auc 0.45,0.38/0.71 cat 0.60 auc 0.57,0.38/0.83 cat 0.60 auc 0.55,0.05,
Boeing314,engine_cut,lags+since,0.395,0.044,0.09/1.00 cat 0.20 auc nan,0.38/0.56 cat 0.60 auc 0.55,0.38/0.71 cat 0.60 auc 0.67,0.38/0.71 cat 0.60 auc 0.51,0.0,
Boeing314,engine_cut,since,0.395,0.045,0.09/1.00 cat 0.20 auc nan,0.38/0.56 cat 0.60 auc 0.59,0.46/0.75 cat 0.80 auc 0.66,0.38/0.71 cat 0.60 auc 0.50,0.0,
Boeing314,climbing_turn,static,0.567,0.08,0.09/1.00 cat 0.40 auc nan,0.69/0.82 cat 0.80 auc 0.88,0.08/0.33 cat 0.60 auc 0.26,0.23/0.60 cat 0.60 auc 0.68,0.05,
Boeing314,climbing_turn,lags,0.465,0.153,0.00/0.00 cat 0.00 auc nan,0.23/0.75 cat 0.60 auc 0.84,0.00/0.00 cat 0.00 auc 0.58,0.08/1.00 cat 0.20 auc 0.74,0.0,
Boeing314,climbing_turn,lags+since,0.276,0.082,0.05/1.00 cat 0.20 auc nan,0.85/0.79 cat 0.80 auc 0.90,0.31/1.00 cat 0.20 auc 0.85,0.46/1.00 cat 0.40 auc 0.81,0.0,
Boeing314,climbing_turn,since,0.26,0.056,0.23/1.00 cat 0.60 auc nan,0.85/0.61 cat 0.80 auc 0.82,0.46/0.86 cat 0.60 auc 0.59,0.54/0.88 cat 0.80 auc 0.76,0.23,
Boeing314,elev_doublet_distractor,static,0.713,0.092,0.05/1.00 cat 0.20 auc nan,0.15/1.00 cat 0.40 auc 0.76,0.31/1.00 cat 0.40 auc 0.90,0.08/0.50 cat 0.40 auc 0.68,0.0,
Boeing314,elev_doublet_distractor,lags,0.61,0.109,0.00/0.00 cat 0.00 auc nan,0.15/1.00 cat 0.40 auc 0.67,0.31/1.00 cat 0.60 auc 0.86,0.38/0.71 cat 0.60 auc 0.74,0.0,
Boeing314,elev_doublet_distractor,lags+since,0.462,0.113,0.00/0.00 cat 0.00 auc nan,0.77/1.00 cat 0.80 auc 1.00,0.38/1.00 cat 0.60 auc 0.98,0.38/0.71 cat 0.60 auc 0.81,0.0,
Boeing314,elev_doublet_distractor,since,0.499,0.095,0.00/0.00 cat 0.00 auc nan,0.69/0.90 cat 0.80 auc 0.99,0.46/1.00 cat 0.60 auc 0.95,0.15/0.67 cat 0.40 auc 0.76,0.0,
Boeing314,engine_stop,static,0.725,0.07,0.05/1.00 cat 0.20 auc nan,0.08/0.25 cat 0.60 auc 0.30,0.23/1.00 cat 0.40 auc 0.61,0.31/0.67 cat 0.80 auc 0.46,0.0,
Boeing314,engine_stop,lags,0.729,0.068,0.05/1.00 cat 0.20 auc nan,0.38/0.71 cat 0.60 auc 0.43,0.46/0.75 cat 0.80 auc 0.51,0.46/0.75 cat 0.80 auc 0.60,0.18,
Boeing314,engine_stop,lags+since,0.404,0.09,0.05/1.00 cat 0.20 auc nan,0.85/0.73 cat 0.80 auc 0.74,0.77/0.71 cat 0.80 auc 0.82,0.31/1.00 cat 0.60 auc 0.79,0.0,
Boeing314,engine_stop,since,0.404,0.091,0.05/1.00 cat 0.20 auc nan,0.85/0.79 cat 0.80 auc 0.77,0.77/0.83 cat 0.80 auc 0.79,0.23/1.00 cat 0.60 auc 0.73,0.05,
Camel,cruise,static,0.614,0.088,n/a,0.00/0.00 cat 0.00 auc 0.26,0.38/0.62 cat 0.40 auc 0.48,0.54/0.50 cat 0.80 auc 0.56,0.0,
Camel,cruise,lags,0.609,0.102,n/a,0.00/0.00 cat 0.00 auc 0.26,0.38/0.56 cat 0.40 auc 0.47,0.54/0.50 cat 0.80 auc 0.56,0.0,
Camel,cruise,lags+since,0.625,0.108,n/a,0.00/0.00 cat 0.00 auc 0.20,0.31/0.50 cat 0.40 auc 0.39,0.23/0.50 cat 0.60 auc 0.51,0.0,
Camel,cruise,since,0.613,0.111,n/a,0.00/0.00 cat 0.00 auc 0.21,0.31/0.44 cat 0.40 auc 0.38,0.46/0.67 cat 0.80 auc 0.60,0.0,
Camel,throttle_step,static,0.625,0.091,n/a,0.15/0.50 cat 0.60 auc 0.38,0.31/0.57 cat 0.60 auc 0.33,0.38/0.62 cat 0.80 auc 0.60,0.0,
Camel,throttle_step,lags,0.553,0.097,n/a,0.15/0.67 cat 0.60 auc 0.50,0.38/0.62 cat 0.60 auc 0.41,0.38/0.83 cat 0.80 auc 0.79,0.0,
Camel,throttle_step,lags+since,0.383,0.099,n/a,0.31/0.36 cat 0.60 auc 0.44,0.46/0.55 cat 0.80 auc 0.44,0.38/0.71 cat 0.80 auc 0.65,0.0,
Camel,throttle_step,since,0.415,0.087,n/a,0.38/0.42 cat 0.60 auc 0.40,0.46/0.55 cat 0.60 auc 0.45,0.38/0.71 cat 0.80 auc 0.66,0.0,
Camel,elev_doublet,static,0.747,0.152,n/a,0.00/0.00 cat 0.00 auc 0.74,0.08/1.00 cat 0.20 auc 0.82,0.08/1.00 cat 0.20 auc 0.68,0.05,
Camel,elev_doublet,lags,0.697,0.17,n/a,0.00/0.00 cat 0.00 auc 0.62,0.23/1.00 cat 0.20 auc 0.99,0.08/0.33 cat 0.40 auc 0.70,0.0,
Camel,elev_doublet,lags+since,0.611,0.153,n/a,0.00/0.00 cat 0.00 auc 0.56,0.23/1.00 cat 0.20 auc 0.63,0.31/1.00 cat 0.60 auc 0.78,0.0,
Camel,elev_doublet,since,0.642,0.165,n/a,0.00/0.00 cat 0.00 auc 0.55,0.23/1.00 cat 0.20 auc 0.68,0.23/1.00 cat 0.60 auc 0.79,0.0,
Camel,elev_step,static,0.713,0.07,n/a,0.31/0.80 cat 0.60 auc 0.72,0.85/0.61 cat 0.80 auc 0.76,0.54/0.50 cat 0.80 auc 0.56,0.0,
Camel,elev_step,lags,0.65,0.066,n/a,0.23/0.50 cat 0.40 auc 0.51,0.85/0.58 cat 0.80 auc 0.74,0.54/0.64 cat 0.80 auc 0.73,0.0,
Camel,elev_step,lags+since,0.414,0.063,n/a,0.31/0.50 cat 0.60 auc 0.37,1.00/0.62 cat 1.00 auc 0.53,0.92/0.63 cat 1.00 auc 0.74,0.0,
Camel,elev_step,since,0.44,0.067,n/a,0.38/0.56 cat 0.60 auc 0.31,1.00/0.62 cat 1.00 auc 0.51,0.92/0.63 cat 1.00 auc 0.79,0.0,
Camel,aileron_step,static,0.608,0.09,n/a,0.38/0.45 cat 0.80 auc 0.62,0.31/0.44 cat 0.80 auc 0.58,0.54/0.58 cat 0.80 auc 0.65,0.0,
Camel,aileron_step,lags,0.519,0.102,n/a,0.23/0.33 cat 0.80 auc 0.40,0.31/0.50 cat 0.60 auc 0.66,0.38/0.45 cat 0.60 auc 0.61,0.0,
Camel,aileron_step,lags+since,0.329,0.113,n/a,0.38/0.45 cat 0.80 auc 0.59,0.38/0.56 cat 0.40 auc 0.64,0.54/0.50 cat 0.80 auc 0.55,0.0,
Camel,aileron_step,since,0.373,0.115,n/a,0.38/0.45 cat 0.80 auc 0.63,0.46/0.60 cat 0.40 auc 0.63,0.54/0.54 cat 0.80 auc 0.68,0.05,
Camel,rudder_doublet,static,0.683,0.149,n/a,0.00/0.00 cat 0.00 auc 0.32,0.00/0.00 cat 0.00 auc 0.50,0.08/1.00 cat 0.20 auc 0.53,0.0,
Camel,rudder_doublet,lags,0.648,0.159,n/a,0.00/0.00 cat 0.00 auc 0.41,0.00/0.00 cat 0.00 auc 0.42,0.08/1.00 cat 0.20 auc 0.50,0.0,
Camel,rudder_doublet,lags+since,0.561,0.181,n/a,0.00/0.00 cat 0.00 auc 0.50,0.00/0.00 cat 0.00 auc 0.54,0.15/1.00 cat 0.40 auc 0.71,0.0,
Camel,rudder_doublet,since,0.598,0.174,n/a,0.00/0.00 cat 0.00 auc 0.47,0.00/0.00 cat 0.00 auc 0.49,0.08/1.00 cat 0.20 auc 0.70,0.0,
Camel,bank_hold,static,0.611,0.105,n/a,0.00/0.00 cat 0.20 auc 0.53,0.54/0.50 cat 0.80 auc 0.62,0.62/0.50 cat 0.80 auc 0.59,0.0,
Camel,bank_hold,lags,0.55,0.1,n/a,0.00/0.00 cat 0.20 auc 0.54,0.62/0.57 cat 0.80 auc 0.64,0.62/0.50 cat 0.80 auc 0.59,0.09,
Camel,bank_hold,lags+since,0.347,0.065,n/a,0.46/0.43 cat 0.60 auc 0.32,0.69/0.50 cat 0.80 auc 0.62,0.62/0.47 cat 0.80 auc 0.44,0.32,
Camel,bank_hold,since,0.383,0.064,n/a,0.54/0.50 cat 0.60 auc 0.30,0.69/0.50 cat 0.80 auc 0.67,0.69/0.50 cat 0.80 auc 0.50,0.27,
Camel,flap_extend,static,0.615,0.119,n/a,0.15/0.67 cat 0.60 auc 0.57,0.08/1.00 cat 0.20 auc 0.64,0.54/0.58 cat 0.80 auc 0.64,0.05,
Camel,flap_extend,lags,0.51,0.143,n/a,0.15/0.50 cat 0.40 auc 0.65,0.08/1.00 cat 0.20 auc 0.56,0.62/0.57 cat 0.80 auc 0.68,0.09,
Camel,flap_extend,lags+since,0.299,0.102,n/a,0.38/0.36 cat 0.80 auc 0.62,0.31/0.40 cat 0.60 auc 0.49,0.77/0.53 cat 0.80 auc 0.58,0.05,
Camel,flap_extend,since,0.318,0.135,n/a,0.38/0.36 cat 0.80 auc 0.72,0.31/0.36 cat 0.80 auc 0.56,0.62/0.47 cat 0.80 auc 0.68,0.05,
Camel,climbing_turn,static,0.506,0.089,n/a,0.77/0.53 cat 0.80 auc 0.45,0.77/0.56 cat 0.80 auc 0.43,0.69/0.69 cat 0.60 auc 0.76,0.0,
Camel,climbing_turn,lags,0.398,0.098,n/a,0.85/0.55 cat 0.80 auc 0.41,0.77/0.53 cat 0.80 auc 0.43,0.77/0.53 cat 0.80 auc 0.44,0.05,
Camel,climbing_turn,lags+since,0.372,0.095,n/a,0.85/0.55 cat 0.80 auc 0.45,0.77/0.67 cat 0.80 auc 0.50,0.69/0.75 cat 0.80 auc 0.73,0.0,
Camel,climbing_turn,since,0.39,0.087,n/a,0.85/0.55 cat 0.80 auc 0.51,0.85/0.69 cat 0.80 auc 0.43,0.54/0.64 cat 0.80 auc 0.67,0.0,
Camel,elev_doublet_distractor,static,0.738,0.135,n/a,0.00/0.00 cat 0.00 auc 0.30,0.08/1.00 cat 0.20 auc 0.62,0.08/0.50 cat 0.20 auc 0.38,0.05,
Camel,elev_doublet_distractor,lags,0.688,0.138,n/a,0.00/0.00 cat 0.00 auc 0.35,0.08/1.00 cat 0.20 auc 0.64,0.15/0.40 cat 0.60 auc 0.38,0.05,
Camel,elev_doublet_distractor,lags+since,0.602,0.128,n/a,0.00/0.00 cat 0.00 auc 0.58,0.08/0.50 cat 0.20 auc 0.32,0.23/0.43 cat 0.60 auc 0.32,0.0,
Camel,elev_doublet_distractor,since,0.633,0.129,n/a,0.08/0.50 cat 0.40 auc 0.65,0.08/0.33 cat 0.40 auc 0.22,0.15/0.29 cat 0.60 auc 0.21,0.0,
Camel,engine_stop,static,0.705,0.073,n/a,0.54/0.88 cat 0.60 auc 0.62,0.31/0.50 cat 0.80 auc 0.32,0.69/0.50 cat 0.80 auc 0.57,0.0,
Camel,engine_stop,lags,0.704,0.073,n/a,0.46/0.67 cat 0.60 auc 0.64,0.31/0.50 cat 0.80 auc 0.24,0.69/0.60 cat 0.80 auc 0.53,0.0,
Camel,engine_stop,lags+since,0.342,0.056,n/a,0.85/0.61 cat 0.80 auc 0.52,0.62/0.57 cat 0.80 auc 0.33,0.69/0.60 cat 0.80 auc 0.60,0.0,
Camel,engine_stop,since,0.346,0.064,n/a,0.77/0.62 cat 0.80 auc 0.40,0.54/0.50 cat 0.80 auc 0.26,0.77/0.59 cat 0.80 auc 0.63,0.0,
F4N,cruise,static,0.605,0.104,0.05/1.00 cat 0.20 auc nan,0.15/0.67 cat 0.20 auc 0.57,0.38/0.83 cat 1.00 auc 0.71,0.38/0.56 cat 0.80 auc 0.58,0.05,
F4N,cruise,lags,0.61,0.106,0.00/0.00 cat 0.00 auc nan,0.15/1.00 cat 0.20 auc 0.48,0.23/0.75 cat 0.80 auc 0.68,0.38/0.56 cat 0.80 auc 0.63,0.0,
F4N,cruise,lags+since,0.603,0.098,0.05/1.00 cat 0.20 auc nan,0.15/0.67 cat 0.20 auc 0.54,0.23/0.75 cat 0.80 auc 0.70,0.31/0.50 cat 0.80 auc 0.58,0.05,
F4N,cruise,since,0.582,0.103,0.00/0.00 cat 0.00 auc nan,0.08/1.00 cat 0.20 auc 0.52,0.23/0.75 cat 0.80 auc 0.71,0.46/0.60 cat 0.80 auc 0.57,0.0,
F4N,throttle_step,static,0.202,0.03,0.32/1.00 cat 0.40 auc nan,0.92/0.92 cat 1.00 auc 0.99,0.77/0.71 cat 0.80 auc 0.73,0.69/0.69 cat 0.60 auc 0.85,0.41,
F4N,throttle_step,lags,0.112,0.031,0.64/1.00 cat 1.00 auc nan,1.00/0.62 cat 1.00 auc 1.00,0.85/0.58 cat 0.80 auc 0.73,0.77/0.62 cat 0.80 auc 0.69,0.59,
F4N,throttle_step,lags+since,0.108,0.031,0.68/1.00 cat 1.00 auc nan,1.00/0.65 cat 1.00 auc 1.00,0.85/0.58 cat 0.80 auc 0.74,0.77/0.62 cat 0.80 auc 0.71,0.68,
F4N,throttle_step,since,0.145,0.029,0.68/1.00 cat 1.00 auc nan,0.92/0.75 cat 0.80 auc 0.97,0.85/0.69 cat 0.80 auc 0.63,0.85/0.73 cat 0.80 auc 0.84,0.68,
F4N,elev_doublet,static,0.677,0.187,0.05/1.00 cat 0.20 auc nan,0.08/1.00 cat 0.20 auc 0.72,0.00/0.00 cat 0.00 auc 0.58,0.08/0.50 cat 0.40 auc 0.53,0.05,
F4N,elev_doublet,lags,0.646,0.186,0.05/1.00 cat 0.20 auc nan,0.00/0.00 cat 0.00 auc 0.54,0.15/1.00 cat 0.40 auc 0.54,0.15/0.50 cat 0.60 auc 0.51,0.05,
F4N,elev_doublet,lags+since,0.59,0.156,0.00/0.00 cat 0.00 auc nan,0.00/0.00 cat 0.00 auc 0.67,0.15/1.00 cat 0.40 auc 0.69,0.15/0.40 cat 0.60 auc 0.56,0.0,
F4N,elev_doublet,since,0.599,0.165,0.00/0.00 cat 0.00 auc nan,0.08/1.00 cat 0.20 auc 0.66,0.15/1.00 cat 0.40 auc 0.64,0.08/0.33 cat 0.60 auc 0.51,0.0,
F4N,elev_step,static,0.514,0.09,0.05/1.00 cat 0.20 auc nan,0.00/0.00 cat 0.00 auc 0.42,0.54/0.58 cat 0.80 auc 0.59,0.62/0.57 cat 0.80 auc 0.30,0.0,
F4N,elev_step,lags,0.424,0.092,0.00/0.00 cat 0.00 auc nan,0.00/0.00 cat 0.00 auc 0.40,0.77/0.77 cat 0.80 auc 0.62,0.62/0.53 cat 0.80 auc 0.32,0.0,
F4N,elev_step,lags+since,0.311,0.082,0.00/0.00 cat 0.00 auc nan,0.00/0.00 cat 0.00 auc 0.42,0.77/0.77 cat 0.80 auc 0.71,0.31/0.36 cat 0.60 auc 0.26,0.0,
F4N,elev_step,since,0.322,0.084,0.00/0.00 cat 0.00 auc nan,0.00/0.00 cat 0.20 auc 0.25,0.77/0.77 cat 0.80 auc 0.76,0.46/0.55 cat 1.00 auc 0.51,0.0,
F4N,aileron_step,static,0.407,0.121,0.00/0.00 cat 0.00 auc nan,0.00/0.00 cat 0.00 auc 0.55,0.23/0.43 cat 0.60 auc 0.50,0.15/0.33 cat 0.60 auc 0.21,0.0,
F4N,aileron_step,lags,0.323,0.108,0.00/0.00 cat 0.00 auc nan,0.00/0.00 cat 0.00 auc 0.70,0.31/0.50 cat 0.40 auc 0.48,0.31/0.44 cat 0.60 auc 0.31,0.0,
F4N,aileron_step,lags+since,0.265,0.083,0.00/0.00 cat 0.00 auc nan,0.08/1.00 cat 0.20 auc 0.67,0.23/0.43 cat 0.40 auc 0.40,0.31/0.40 cat 0.80 auc 0.33,0.0,
F4N,aileron_step,since,0.304,0.103,0.00/0.00 cat 0.00 auc nan,0.00/0.00 cat 0.00 auc 0.56,0.00/0.00 cat 0.40 auc 0.44,0.31/0.44 cat 0.60 auc 0.32,0.0,
F4N,rudder_doublet,static,0.428,0.12,0.05/1.00 cat 0.20 auc nan,0.00/0.00 cat 0.00 auc 0.97,0.46/1.00 cat 0.80 auc 0.76,0.15/1.00 cat 0.20 auc 0.59,0.05,
F4N,rudder_doublet,lags,0.382,0.118,0.00/0.00 cat 0.00 auc nan,0.00/0.00 cat 0.00 auc 0.98,0.46/0.86 cat 0.80 auc 0.79,0.15/0.67 cat 0.40 auc 0.63,0.0,
F4N,rudder_doublet,lags+since,0.339,0.139,0.05/1.00 cat 0.20 auc nan,0.08/1.00 cat 0.20 auc 0.96,0.46/1.00 cat 0.80 auc 0.79,0.15/1.00 cat 0.20 auc 0.70,0.05,
F4N,rudder_doublet,since,0.364,0.155,0.14/1.00 cat 0.40 auc nan,0.15/0.67 cat 0.40 auc 0.79,0.38/0.83 cat 0.80 auc 0.81,0.08/1.00 cat 0.20 auc 0.72,0.05,
F4N,bank_hold,static,0.359,0.088,0.50/1.00 cat 0.60 auc nan,0.77/0.83 cat 0.80 auc 0.99,0.54/0.70 cat 0.60 auc 0.61,0.38/0.45 cat 0.60 auc 0.45,0.45,
F4N,bank_hold,lags,0.266,0.119,0.41/1.00 cat 0.80 auc nan,0.77/0.83 cat 0.80 auc 0.99,0.38/0.56 cat 0.60 auc 0.68,0.31/0.40 cat 0.60 auc 0.54,0.45,
F4N,bank_hold,lags+since,0.234,0.1,0.55/1.00 cat 0.80 auc nan,0.85/0.79 cat 1.00 auc 0.98,0.38/0.50 cat 0.60 auc 0.62,0.38/0.45 cat 0.60 auc 0.59,0.45,
F4N,bank_hold,since,0.269,0.105,0.50/1.00 cat 1.00 auc nan,0.85/0.85 cat 1.00 auc 0.99,0.31/0.50 cat 0.60 auc 0.56,0.46/0.46 cat 0.60 auc 0.63,0.45,
F4N,flap_extend,static,0.206,0.061,0.23/1.00 cat 0.40 auc nan,0.54/0.88 cat 0.80 auc 0.58,0.31/0.44 cat 0.80 auc 0.41,0.77/0.62 cat 1.00 auc 0.38,0.05,
F4N,flap_extend,lags,0.176,0.066,0.09/1.00 cat 0.40 auc nan,0.31/0.80 cat 0.80 auc 0.41,0.54/0.50 cat 0.80 auc 0.38,0.92/0.60 cat 1.00 auc 0.39,0.0,
F4N,flap_extend,lags+since,0.156,0.046,0.05/1.00 cat 0.20 auc nan,0.46/0.86 cat 0.80 auc 0.49,0.54/0.47 cat 0.80 auc 0.31,0.77/0.59 cat 1.00 auc 0.39,0.0,
F4N,flap_extend,since,0.172,0.055,0.18/1.00 cat 0.40 auc nan,0.23/0.60 cat 0.60 auc 0.47,0.46/0.50 cat 0.80 auc 0.48,0.85/0.61 cat 1.00 auc 0.42,0.0,
F4N,engine_cut,static,0.284,0.056,0.05/1.00 cat 0.20 auc nan,0.54/0.88 cat 0.60 auc 0.80,0.62/0.80 cat 0.60 auc 0.79,0.46/0.43 cat 0.80 auc 0.31,0.05,
F4N,engine_cut,lags,0.247,0.052,0.05/1.00 cat 0.20 auc nan,0.54/0.88 cat 0.60 auc 0.79,0.69/0.90 cat 0.60 auc 0.79,0.62/0.47 cat 0.80 auc 0.33,0.0,
F4N,engine_cut,lags+since,0.224,0.047,0.00/0.00 cat 0.00 auc nan,0.46/0.86 cat 0.60 auc 0.79,0.77/0.83 cat 0.60 auc 0.79,0.69/0.50 cat 0.80 auc 0.43,0.0,
F4N,engine_cut,since,0.239,0.045,0.05/1.00 cat 0.20 auc nan,0.62/0.89 cat 0.60 auc 0.83,0.77/0.83 cat 0.60 auc 0.79,0.69/0.53 cat 0.80 auc 0.45,0.0,
F4N,climbing_turn,static,0.386,0.097,0.00/0.00 cat 0.00 auc nan,0.08/1.00 cat 0.20 auc 0.51,0.15/0.40 cat 0.40 auc 0.15,0.38/0.56 cat 0.60 auc 0.42,0.0,
F4N,climbing_turn,lags,0.281,0.086,0.05/1.00 cat 0.20 auc nan,0.54/0.78 cat 0.80 auc 0.77,0.31/0.50 cat 0.60 auc 0.36,0.69/0.56 cat 1.00 auc 0.68,0.05,
F4N,climbing_turn,lags+since,0.261,0.085,0.05/1.00 cat 0.20 auc nan,0.46/0.75 cat 0.60 auc 0.87,0.15/0.33 cat 0.60 auc 0.38,0.54/0.54 cat 0.80 auc 0.49,0.0,
F4N,climbing_turn,since,0.274,0.088,0.00/0.00 cat 0.00 auc nan,0.54/0.70 cat 0.80 auc 0.85,0.31/0.67 cat 0.40 auc 0.36,0.62/0.62 cat 1.00 auc 0.62,0.0,
F4N,elev_doublet_distractor,static,0.454,0.131,0.09/1.00 cat 0.40 auc nan,0.15/1.00 cat 0.40 auc 0.72,0.46/0.67 cat 0.80 auc 0.87,0.38/0.42 cat 0.80 auc 0.66,0.09,
F4N,elev_doublet_distractor,lags,0.411,0.111,0.09/1.00 cat 0.40 auc nan,0.15/1.00 cat 0.40 auc 0.93,0.69/0.90 cat 0.80 auc 0.97,0.31/0.33 cat 0.80 auc 0.65,0.09,
F4N,elev_doublet_distractor,lags+since,0.388,0.11,0.09/1.00 cat 0.40 auc nan,0.15/1.00 cat 0.40 auc 0.90,0.62/1.00 cat 0.80 auc 1.00,0.38/0.38 cat 0.80 auc 0.67,0.09,
F4N,elev_doublet_distractor,since,0.436,0.117,0.14/1.00 cat 0.60 auc nan,0.23/1.00 cat 0.60 auc 0.86,0.62/1.00 cat 0.80 auc 0.88,0.31/0.67 cat 0.60 auc 0.69,0.09,
F4N,engine_restart,static,0.251,0.024,0.00/0.00 cat 0.00 auc nan,0.46/1.00 cat 0.60 auc 0.82,0.46/0.60 cat 0.80 auc 0.51,0.54/0.50 cat 0.80 auc 0.58,0.0,
F4N,engine_restart,lags,0.11,0.026,0.14/1.00 cat 0.40 auc nan,0.77/0.83 cat 0.80 auc 1.00,0.85/0.65 cat 0.80 auc 0.82,0.69/0.50 cat 0.80 auc 0.54,0.09,
F4N,engine_restart,lags+since,0.095,0.022,0.18/1.00 cat 0.60 auc nan,0.85/0.92 cat 0.80 auc 1.00,0.85/0.69 cat 0.80 auc 0.88,0.62/0.50 cat 0.80 auc 0.57,0.14,
F4N,engine_restart,since,0.155,0.023,0.00/0.00 cat 0.00 auc nan,0.85/1.00 cat 0.80 auc 1.00,0.54/0.58 cat 0.80 auc 0.69,0.77/0.56 cat 1.00 auc 0.64,0.05,
F80C,cruise,static,0.636,0.169,0.00/0.00 cat 0.00 auc nan,0.08/1.00 cat 0.20 auc 0.50,0.62/0.73 cat 0.80 auc 0.79,0.54/0.70 cat 0.80 auc 0.79,0.0,
F80C,cruise,lags,0.649,0.173,0.00/0.00 cat 0.00 auc nan,0.15/1.00 cat 0.40 auc 0.55,0.62/0.73 cat 0.80 auc 0.79,0.54/0.70 cat 0.80 auc 0.78,0.0,
F80C,cruise,lags+since,0.639,0.142,0.00/0.00 cat 0.00 auc nan,0.15/1.00 cat 0.40 auc 0.58,0.62/0.73 cat 0.80 auc 0.79,0.54/0.70 cat 0.80 auc 0.78,0.0,
F80C,cruise,since,0.634,0.168,0.00/0.00 cat 0.00 auc nan,0.15/1.00 cat 0.40 auc 0.55,0.62/0.73 cat 0.80 auc 0.79,0.54/0.70 cat 0.80 auc 0.79,0.0,
F80C,throttle_step,static,0.467,0.095,0.00/0.00 cat 0.00 auc nan,0.08/1.00 cat 0.20 auc 0.70,0.54/0.70 cat 1.00 auc 0.71,0.69/0.56 cat 0.80 auc 0.50,0.0,
F80C,throttle_step,lags,0.412,0.091,0.00/0.00 cat 0.00 auc nan,0.08/1.00 cat 0.20 auc 0.49,0.38/0.45 cat 0.80 auc 0.46,0.85/0.55 cat 1.00 auc 0.32,0.0,
F80C,throttle_step,lags+since,0.275,0.079,0.00/0.00 cat 0.00 auc nan,0.08/1.00 cat 0.20 auc 0.66,0.69/0.50 cat 0.80 auc 0.56,0.85/0.55 cat 1.00 auc 0.32,0.0,
F80C,throttle_step,since,0.282,0.089,0.00/0.00 cat 0.00 auc nan,0.23/1.00 cat 0.40 auc 0.74,0.69/0.50 cat 1.00 auc 0.49,0.85/0.55 cat 1.00 auc 0.39,0.0,
F80C,elev_doublet,static,0.695,0.132,0.05/1.00 cat 0.20 auc nan,0.00/0.00 cat 0.20 auc 0.34,0.46/0.60 cat 0.80 auc 0.77,0.15/0.50 cat 0.60 auc 0.62,0.14,
F80C,elev_doublet,lags,0.679,0.158,0.14/1.00 cat 0.40 auc nan,0.00/0.00 cat 0.40 auc 0.32,0.31/0.50 cat 0.80 auc 0.74,0.15/0.40 cat 0.60 auc 0.56,0.14,
F80C,elev_doublet,lags+since,0.594,0.158,0.00/0.00 cat 0.00 auc nan,0.00/0.00 cat 0.00 auc 0.35,0.31/1.00 cat 0.60 auc 0.79,0.08/1.00 cat 0.20 auc 0.62,0.0,
F80C,elev_doublet,since,0.626,0.158,0.00/0.00 cat 0.00 auc nan,0.00/0.00 cat 0.00 auc 0.37,0.23/1.00 cat 0.40 auc 0.73,0.00/0.00 cat 0.00 auc 0.56,0.0,
F80C,elev_step,static,0.552,0.115,0.09/1.00 cat 0.40 auc nan,0.08/1.00 cat 0.20 auc 0.49,0.85/0.61 cat 0.80 auc 0.73,0.77/0.59 cat 0.80 auc 0.64,0.14,
F80C,elev_step,lags,0.51,0.123,0.00/0.00 cat 0.00 auc nan,0.00/0.00 cat 0.00 auc 0.62,0.77/0.59 cat 0.80 auc 0.68,0.77/0.59 cat 0.80 auc 0.60,0.0,
F80C,elev_step,lags+since,0.335,0.1,0.00/0.00 cat 0.00 auc nan,0.00/0.00 cat 0.00 auc 0.56,0.77/0.53 cat 0.80 auc 0.52,0.77/0.59 cat 1.00 auc 0.59,0.05,
F80C,elev_step,since,0.347,0.108,0.14/1.00 cat 0.60 auc nan,0.15/1.00 cat 0.20 auc 0.49,0.77/0.53 cat 0.80 auc 0.52,0.77/0.59 cat 1.00 auc 0.60,0.18,
F80C,aileron_step,static,0.446,0.146,0.00/0.00 cat 0.00 auc nan,0.08/1.00 cat 0.20 auc 0.63,0.85/0.61 cat 0.80 auc 0.82,0.69/0.60 cat 0.60 auc 0.58,0.0,
F80C,aileron_step,lags,0.36,0.117,0.05/1.00 cat 0.20 auc nan,0.15/1.00 cat 0.40 auc 0.56,0.46/0.50 cat 0.80 auc 0.76,0.23/0.27 cat 0.80 auc 0.55,0.0,
F80C,aileron_step,lags+since,0.298,0.11,0.00/0.00 cat 0.00 auc nan,0.31/1.00 cat 0.60 auc 0.59,0.69/0.75 cat 0.60 auc 0.79,0.54/0.54 cat 0.80 auc 0.59,0.0,
F80C,aileron_step,since,0.348,0.129,0.00/0.00 cat 0.00 auc nan,0.23/1.00 cat 0.40 auc 0.63,0.77/0.62 cat 0.80 auc 0.75,0.77/0.62 cat 0.80 auc 0.65,0.0,
F80C,rudder_doublet,static,0.535,0.18,0.09/1.00 cat 0.20 auc nan,0.31/1.00 cat 0.40 auc 0.72,0.46/1.00 cat 0.60 auc 0.85,0.46/0.86 cat 0.40 auc 0.77,0.14,
F80C,rudder_doublet,lags,0.384,0.109,0.14/1.00 cat 0.40 auc nan,0.31/1.00 cat 0.40 auc 0.62,0.46/0.75 cat 0.60 auc 0.80,0.62/0.80 cat 0.60 auc 0.73,0.05,
F80C,rudder_doublet,lags+since,0.363,0.116,0.00/0.00 cat 0.00 auc nan,0.23/1.00 cat 0.40 auc 0.74,0.46/0.86 cat 0.40 auc 0.88,0.46/0.67 cat 0.60 auc 0.71,0.0,
F80C,rudder_doublet,since,0.407,0.176,0.00/0.00 cat 0.00 auc nan,0.23/1.00 cat 0.40 auc 0.72,0.54/1.00 cat 0.40 auc 0.89,0.54/0.54 cat 0.80 auc 0.53,0.0,
F80C,bank_hold,static,0.43,0.081,0.14/1.00 cat 0.20 auc nan,0.15/0.67 cat 0.20 auc 0.83,0.31/0.57 cat 0.60 auc 0.79,0.46/0.60 cat 0.60 auc 0.55,0.09,
F80C,bank_hold,lags,0.33,0.103,0.09/1.00 cat 0.40 auc nan,0.15/0.50 cat 0.40 auc 0.75,0.31/0.67 cat 0.60 auc 0.86,0.38/0.50 cat 0.60 auc 0.63,0.09,
F80C,bank_hold,lags+since,0.287,0.083,0.27/1.00 cat 0.60 auc nan,0.54/0.64 cat 0.60 auc 0.78,0.31/0.50 cat 0.80 auc 0.77,0.46/0.55 cat 0.60 auc 0.62,0.23,
F80C,bank_hold,since,0.346,0.095,0.27/1.00 cat 0.40 auc nan,0.46/0.86 cat 0.60 auc 0.66,0.46/0.86 cat 0.60 auc 0.71,0.62/0.67 cat 0.60 auc 0.73,0.27,
F80C,flap_extend,static,0.408,0.072,0.05/1.00 cat 0.20 auc nan,0.08/1.00 cat 0.20 auc 0.37,n/a,0.92/0.63 cat 1.00 auc 0.68,0.0,
F80C,flap_extend,lags,0.278,0.08,0.09/1.00 cat 0.40 auc nan,0.00/0.00 cat 0.00 auc 0.48,n/a,0.92/0.57 cat 1.00 auc 0.38,0.0,
F80C,flap_extend,lags+since,0.229,0.069,0.09/1.00 cat 0.40 auc nan,0.08/0.50 cat 0.40 auc 0.44,n/a,0.85/0.55 cat 1.00 auc 0.37,0.0,
F80C,flap_extend,since,0.243,0.073,0.09/1.00 cat 0.40 auc nan,0.15/0.67 cat 0.40 auc 0.40,n/a,0.77/0.53 cat 0.80 auc 0.47,0.0,
F80C,climbing_turn,static,0.447,0.105,0.00/0.00 cat 0.00 auc nan,0.00/0.00 cat 0.00 auc 0.53,0.69/0.53 cat 0.80 auc 0.63,0.38/0.45 cat 0.80 auc 0.38,0.0,
F80C,climbing_turn,lags,0.375,0.093,0.05/1.00 cat 0.20 auc nan,0.23/1.00 cat 0.40 auc 0.44,0.69/0.53 cat 0.80 auc 0.79,0.46/0.46 cat 0.80 auc 0.47,0.0,
F80C,climbing_turn,lags+since,0.311,0.081,0.09/1.00 cat 0.40 auc nan,0.15/0.67 cat 0.40 auc 0.60,0.77/0.56 cat 0.80 auc 0.78,0.46/0.46 cat 0.60 auc 0.55,0.0,
F80C,climbing_turn,since,0.341,0.077,0.09/1.00 cat 0.40 auc nan,0.08/0.50 cat 0.40 auc 0.58,0.62/0.62 cat 0.80 auc 0.74,0.46/0.55 cat 0.60 auc 0.51,0.0,
F80C,elev_doublet_distractor,static,0.595,0.137,0.09/1.00 cat 0.20 auc nan,0.15/1.00 cat 0.20 auc 0.85,0.15/0.67 cat 0.60 auc 0.58,0.08/0.33 cat 0.40 auc 0.46,0.05,
F80C,elev_doublet_distractor,lags,0.506,0.119,0.09/1.00 cat 0.20 auc nan,0.00/0.00 cat 0.00 auc 0.91,0.38/0.42 cat 0.80 auc 0.38,0.31/0.31 cat 0.80 auc 0.13,0.0,
F80C,elev_doublet_distractor,lags+since,0.451,0.091,0.09/1.00 cat 0.40 auc nan,0.15/1.00 cat 0.40 auc 0.90,0.31/0.67 cat 0.80 auc 0.60,0.15/0.50 cat 0.40 auc 0.42,0.09,
F80C,elev_doublet_distractor,since,0.508,0.116,0.09/1.00 cat 0.20 auc nan,0.15/1.00 cat 0.20 auc 0.85,0.23/0.60 cat 0.80 auc 0.58,0.08/0.33 cat 0.40 auc 0.52,0.09,
J3Cub,cruise,static,0.594,0.027,n/a,0.23/0.60 cat 0.40 auc 0.46,0.15/0.40 cat 0.60 auc 0.39,0.46/0.50 cat 0.60 auc 0.56,0.0,
J3Cub,cruise,lags,0.597,0.044,n/a,0.23/0.60 cat 0.40 auc 0.45,0.85/0.65 cat 0.80 auc 0.81,0.46/0.50 cat 0.60 auc 0.55,0.09,
J3Cub,cruise,lags+since,0.594,-0.018,n/a,0.23/0.60 cat 0.40 auc 0.46,0.69/0.75 cat 0.80 auc 0.89,0.46/0.50 cat 0.60 auc 0.56,0.0,
J3Cub,cruise,since,0.594,0.027,n/a,0.23/0.60 cat 0.40 auc 0.46,0.15/0.40 cat 0.60 auc 0.39,0.46/0.50 cat 0.60 auc 0.56,0.0,
J3Cub,throttle_step,static,0.577,0.083,n/a,0.15/0.67 cat 0.20 auc 0.61,0.46/1.00 cat 0.60 auc 0.79,0.23/0.50 cat 0.60 auc 0.28,0.0,
J3Cub,throttle_step,lags,0.509,0.078,n/a,0.23/0.75 cat 0.40 auc 0.80,0.77/0.83 cat 0.80 auc 0.91,0.31/0.67 cat 0.40 auc 0.56,0.0,
J3Cub,throttle_step,lags+since,0.338,0.068,n/a,0.69/0.69 cat 0.60 auc 0.70,0.54/0.58 cat 0.80 auc 0.49,0.62/0.47 cat 0.80 auc 0.40,0.05,
J3Cub,throttle_step,since,0.368,0.072,n/a,0.69/0.75 cat 0.60 auc 0.63,0.54/0.70 cat 0.60 auc 0.44,0.62/0.47 cat 0.80 auc 0.41,0.0,
J3Cub,elev_doublet,static,0.619,0.077,n/a,0.23/0.50 cat 0.60 auc 0.59,0.23/1.00 cat 0.40 auc 0.60,0.31/0.57 cat 0.60 auc 0.42,0.09,
J3Cub,elev_doublet,lags,0.575,0.073,n/a,0.08/0.17 cat 0.60 auc 0.47,0.46/0.86 cat 0.80 auc 0.75,0.38/0.42 cat 0.80 auc 0.38,0.05,
J3Cub,elev_doublet,lags+since,0.492,0.093,n/a,0.23/0.50 cat 0.80 auc 0.50,0.15/0.67 cat 0.40 auc 0.75,0.31/0.50 cat 0.40 auc 0.55,0.0,
J3Cub,elev_doublet,since,0.53,0.108,n/a,0.00/0.00 cat 0.40 auc 0.44,0.00/0.00 cat 0.00 auc 0.68,0.31/0.67 cat 0.40 auc 0.67,0.0,
J3Cub,elev_step,static,0.654,0.056,n/a,0.62/0.50 cat 0.80 auc 0.56,0.69/0.69 cat 0.80 auc 0.66,0.23/0.33 cat 0.60 auc 0.50,0.0,
J3Cub,elev_step,lags,0.608,0.051,n/a,0.62/0.50 cat 0.80 auc 0.55,0.85/0.69 cat 0.80 auc 0.71,0.38/0.38 cat 0.80 auc 0.40,0.0,
J3Cub,elev_step,lags+since,0.476,0.059,n/a,0.69/0.53 cat 0.80 auc 0.49,0.85/0.65 cat 0.80 auc 0.87,0.54/0.58 cat 0.60 auc 0.56,0.0,
J3Cub,elev_step,since,0.495,0.056,n/a,0.69/0.53 cat 0.80 auc 0.56,0.85/0.69 cat 0.80 auc 0.75,0.54/0.54 cat 0.60 auc 0.65,0.0,
J3Cub,aileron_step,static,0.706,0.058,n/a,0.31/0.57 cat 0.80 auc 0.65,0.00/0.00 cat 0.20 auc 0.28,0.85/0.58 cat 0.80 auc 0.74,0.05,
J3Cub,aileron_step,lags,0.608,0.046,n/a,0.54/0.54 cat 0.80 auc 0.63,0.08/0.33 cat 0.60 auc 0.49,0.77/0.53 cat 0.80 auc 0.64,0.05,
J3Cub,aileron_step,lags+since,0.393,0.062,n/a,0.62/0.47 cat 0.80 auc 0.56,0.54/0.78 cat 0.80 auc 0.53,0.85/0.55 cat 0.80 auc 0.66,0.0,
J3Cub,aileron_step,since,0.463,0.07,n/a,0.62/0.47 cat 0.80 auc 0.55,0.15/0.40 cat 0.40 auc 0.38,0.62/0.53 cat 0.80 auc 0.79,0.0,
J3Cub,rudder_doublet,static,0.647,0.096,n/a,0.08/0.20 cat 0.60 auc 0.20,0.23/0.33 cat 0.40 auc 0.16,0.54/0.54 cat 0.60 auc 0.46,0.09,
J3Cub,rudder_doublet,lags,0.584,0.087,n/a,0.23/0.38 cat 0.80 auc 0.23,0.54/0.58 cat 0.80 auc 0.44,0.62/0.53 cat 0.60 auc 0.40,0.09,
J3Cub,rudder_doublet,lags+since,0.413,0.08,n/a,0.31/0.44 cat 0.60 auc 0.22,0.46/0.60 cat 0.80 auc 0.53,0.69/0.64 cat 0.80 auc 0.71,0.09,
J3Cub,rudder_doublet,since,0.476,0.078,n/a,0.31/0.44 cat 0.60 auc 0.10,0.38/0.50 cat 0.60 auc 0.39,0.62/0.67 cat 0.80 auc 0.64,0.05,
J3Cub,bank_hold,static,0.681,0.055,n/a,0.23/0.60 cat 0.80 auc 0.55,0.31/0.44 cat 0.80 auc 0.46,0.62/0.50 cat 0.80 auc 0.50,0.09,
J3Cub,bank_hold,lags,0.632,0.048,n/a,0.15/0.50 cat 0.60 auc 0.56,0.15/0.33 cat 0.40 auc 0.51,0.62/0.50 cat 0.80 auc 0.61,0.0,
J3Cub,bank_hold,lags+since,0.438,0.065,n/a,0.54/0.58 cat 0.80 auc 0.49,0.62/0.57 cat 0.80 auc 0.56,0.69/0.56 cat 0.80 auc 0.42,0.05,
J3Cub,bank_hold,since,0.488,0.055,n/a,0.69/0.64 cat 0.80 auc 0.48,0.69/0.56 cat 0.80 auc 0.44,0.69/0.56 cat 0.80 auc 0.43,0.0,
J3Cub,flap_extend,static,0.542,0.012,n/a,0.31/0.44 cat 0.60 auc 0.35,0.54/0.47 cat 0.80 auc 0.45,0.62/0.62 cat 0.80 auc 0.67,0.32,
J3Cub,flap_extend,lags,0.469,0.019,n/a,0.31/0.44 cat 0.40 auc 0.37,0.85/0.61 cat 0.80 auc 0.79,0.31/0.33 cat 0.80 auc 0.47,0.09,
J3Cub,flap_extend,lags+since,0.303,0.005,n/a,0.38/0.56 cat 0.40 auc 0.46,0.85/0.61 cat 0.80 auc 0.92,0.46/0.46 cat 0.60 auc 0.47,0.05,
J3Cub,flap_extend,since,0.306,0.011,n/a,0.38/0.50 cat 0.60 auc 0.50,0.85/0.61 cat 0.80 auc 0.87,0.38/0.42 cat 0.60 auc 0.40,0.09,
J3Cub,climbing_turn,static,0.591,0.056,n/a,0.62/0.53 cat 0.80 auc 0.44,0.38/0.62 cat 0.40 auc 0.59,0.54/0.54 cat 0.80 auc 0.59,0.09,
J3Cub,climbing_turn,lags,0.451,0.057,n/a,0.85/0.58 cat 0.80 auc 0.53,0.77/0.59 cat 0.80 auc 0.66,0.69/0.69 cat 0.80 auc 0.62,0.05,
J3Cub,climbing_turn,lags+since,0.316,0.067,n/a,0.85/0.55 cat 0.80 auc 0.55,0.85/0.55 cat 0.80 auc 0.62,0.69/0.53 cat 0.80 auc 0.47,0.05,
J3Cub,climbing_turn,since,0.343,0.059,n/a,0.85/0.58 cat 0.80 auc 0.60,0.85/0.55 cat 0.80 auc 0.47,0.77/0.59 cat 0.80 auc 0.56,0.0,
J3Cub,elev_doublet_distractor,static,0.629,0.109,n/a,0.15/0.67 cat 0.40 auc 0.26,0.62/0.73 cat 0.80 auc 0.72,0.23/0.43 cat 0.40 auc 0.42,0.18,
J3Cub,elev_doublet_distractor,lags,0.557,0.118,n/a,0.15/0.50 cat 0.40 auc 0.26,0.69/0.90 cat 0.80 auc 0.84,0.46/0.46 cat 0.80 auc 0.40,0.27,
J3Cub,elev_doublet_distractor,lags+since,0.468,0.113,n/a,0.08/0.17 cat 0.80 auc 0.22,0.46/1.00 cat 0.60 auc 0.68,0.31/0.50 cat 0.40 auc 0.48,0.23,
J3Cub,elev_doublet_distractor,since,0.518,0.113,n/a,0.08/0.50 cat 0.20 auc 0.22,0.31/0.67 cat 0.40 auc 0.56,0.31/0.80 cat 0.40 auc 0.48,0.14,
J3Cub,engine_stop,static,0.706,0.048,n/a,0.15/0.40 cat 0.40 auc 0.71,0.31/0.40 cat 0.80 auc 0.50,0.54/0.88 cat 0.80 auc 0.74,0.0,
J3Cub,engine_stop,lags,0.712,0.057,n/a,0.15/0.50 cat 0.40 auc 0.64,0.38/0.45 cat 0.80 auc 0.50,0.38/0.83 cat 0.60 auc 0.75,0.0,
J3Cub,engine_stop,lags+since,0.394,0.066,n/a,0.77/0.71 cat 0.80 auc 0.89,0.69/0.69 cat 0.60 auc 0.69,0.69/0.56 cat 0.80 auc 0.67,0.0,
J3Cub,engine_stop,since,0.394,0.062,n/a,0.77/0.71 cat 0.80 auc 0.88,0.69/0.75 cat 0.60 auc 0.73,0.69/0.56 cat 0.80 auc 0.68,0.0,
MD11,cruise,static,0.494,0.04,0.00/0.00 cat 0.00 auc nan,0.08/0.50 cat 0.40 auc 0.44,0.38/1.00 cat 0.80 auc 0.73,0.23/0.75 cat 0.60 auc 0.51,0.0,
MD11,cruise,lags,0.487,0.045,0.09/1.00 cat 0.40 auc nan,0.08/0.33 cat 0.60 auc 0.41,0.38/0.83 cat 0.80 auc 0.74,0.38/0.71 cat 0.60 auc 0.50,0.09,
MD11,cruise,lags+since,0.479,0.052,0.05/1.00 cat 0.20 auc nan,0.08/0.50 cat 0.40 auc 0.44,0.38/0.83 cat 0.80 auc 0.73,0.38/0.71 cat 0.60 auc 0.50,0.0,
MD11,cruise,since,0.495,0.037,0.05/1.00 cat 0.20 auc nan,0.08/0.50 cat 0.40 auc 0.42,0.38/1.00 cat 0.80 auc 0.74,0.23/0.75 cat 0.60 auc 0.49,0.05,
MD11,throttle_step,static,0.36,0.06,0.09/1.00 cat 0.20 auc nan,0.38/1.00 cat 0.60 auc 0.70,0.15/1.00 cat 0.20 auc 0.24,0.31/1.00 cat 0.60 auc 0.50,0.09,
MD11,throttle_step,lags,0.247,0.064,0.18/1.00 cat 0.60 auc nan,0.38/1.00 cat 0.80 auc 0.70,0.23/1.00 cat 0.40 auc 0.46,0.38/0.83 cat 0.80 auc 0.48,0.09,
MD11,throttle_step,lags+since,0.226,0.063,0.18/1.00 cat 0.60 auc nan,0.46/1.00 cat 0.80 auc 0.68,0.31/1.00 cat 0.60 auc 0.52,0.38/0.83 cat 0.80 auc 0.49,0.09,
MD11,throttle_step,since,0.278,0.06,0.14/1.00 cat 0.40 auc nan,0.46/1.00 cat 0.80 auc 0.69,0.23/1.00 cat 0.40 auc 0.32,0.46/0.86 cat 0.80 auc 0.62,0.09,
MD11,elev_doublet,static,0.548,0.206,0.00/0.00 cat 0.00 auc nan,0.00/0.00 cat 0.00 auc 0.52,0.31/0.40 cat 0.80 auc 0.48,0.69/0.60 cat 0.60 auc 0.57,0.0,
MD11,elev_doublet,lags,0.464,0.179,0.00/0.00 cat 0.00 auc nan,0.00/0.00 cat 0.00 auc 0.63,0.69/0.60 cat 0.80 auc 0.63,0.69/0.60 cat 0.60 auc 0.60,0.0,
MD11,elev_doublet,lags+since,0.379,0.143,0.14/1.00 cat 0.40 auc nan,0.00/0.00 cat 0.20 auc 0.60,0.85/0.65 cat 0.80 auc 0.63,0.62/0.57 cat 0.60 auc 0.49,0.05,
MD11,elev_doublet,since,0.409,0.132,0.09/1.00 cat 0.20 auc nan,0.08/0.50 cat 0.20 auc 0.50,0.69/0.64 cat 0.60 auc 0.57,0.62/0.57 cat 0.60 auc 0.46,0.05,
MD11,elev_step,static,0.424,0.052,0.59/1.00 cat 0.80 auc nan,0.46/0.60 cat 0.80 auc 0.61,0.54/0.64 cat 0.80 auc 0.56,0.85/0.61 cat 0.80 auc 0.52,0.41,
MD11,elev_step,lags,0.281,0.042,0.64/1.00 cat 0.80 auc nan,0.62/0.62 cat 0.80 auc 0.70,0.85/0.58 cat 1.00 auc 0.50,0.85/0.61 cat 0.80 auc 0.57,0.45,
MD11,elev_step,lags+since,0.237,0.044,0.68/1.00 cat 0.80 auc nan,0.77/0.67 cat 0.80 auc 0.73,0.85/0.58 cat 0.80 auc 0.63,0.69/0.56 cat 0.60 auc 0.60,0.55,
MD11,elev_step,since,0.284,0.05,0.68/1.00 cat 0.80 auc nan,0.77/0.62 cat 0.80 auc 0.58,0.85/0.65 cat 0.80 auc 0.65,0.69/0.56 cat 0.60 auc 0.62,0.55,
MD11,aileron_step,static,0.433,0.108,0.05/1.00 cat 0.20 auc nan,0.08/1.00 cat 0.20 auc 0.65,0.31/0.57 cat 0.60 auc 0.70,0.31/0.40 cat 0.80 auc 0.47,0.05,
MD11,aileron_step,lags,0.354,0.118,0.05/1.00 cat 0.20 auc nan,0.00/0.00 cat 0.00 auc 0.56,0.38/0.83 cat 1.00 auc 0.79,0.23/0.43 cat 0.80 auc 0.62,0.0,
MD11,aileron_step,lags+since,0.325,0.113,0.05/1.00 cat 0.20 auc nan,0.00/0.00 cat 0.00 auc 0.91,0.46/0.86 cat 0.80 auc 0.68,0.31/0.44 cat 0.80 auc 0.58,0.0,
MD11,aileron_step,since,0.341,0.108,0.05/1.00 cat 0.20 auc nan,0.08/1.00 cat 0.20 auc 0.65,0.23/0.60 cat 0.60 auc 0.64,0.23/0.33 cat 0.80 auc 0.50,0.0,
MD11,rudder_doublet,static,0.526,0.095,0.05/1.00 cat 0.20 auc nan,0.00/0.00 cat 0.20 auc 0.27,0.46/0.86 cat 0.80 auc 0.79,0.46/1.00 cat 0.60 auc 0.83,0.05,
MD11,rudder_doublet,lags,0.366,0.082,0.09/1.00 cat 0.40 auc nan,0.00/0.00 cat 0.40 auc 0.38,0.69/0.82 cat 0.80 auc 0.93,0.46/0.67 cat 0.80 auc 0.88,0.09,
MD11,rudder_doublet,lags+since,0.355,0.091,0.05/1.00 cat 0.20 auc nan,0.00/0.00 cat 0.00 auc 0.48,0.46/0.75 cat 0.80 auc 0.90,0.31/0.57 cat 0.80 auc 0.78,0.0,
MD11,rudder_doublet,since,0.447,0.102,0.00/0.00 cat 0.00 auc nan,0.00/0.00 cat 0.00 auc 0.51,0.62/1.00 cat 0.80 auc 0.90,0.46/0.86 cat 0.60 auc 0.83,0.0,
MD11,bank_hold,static,0.387,0.082,0.05/1.00 cat 0.20 auc nan,0.00/0.00 cat 0.00 auc 0.45,0.38/0.56 cat 0.80 auc 0.64,0.15/0.29 cat 0.60 auc 0.36,0.0,
MD11,bank_hold,lags,0.334,0.101,0.05/1.00 cat 0.20 auc nan,0.00/0.00 cat 0.00 auc 0.48,0.31/1.00 cat 0.80 auc 0.58,0.23/0.43 cat 0.40 auc 0.37,0.0,
MD11,bank_hold,lags+since,0.306,0.089,0.05/1.00 cat 0.20 auc nan,0.00/0.00 cat 0.00 auc 0.54,0.31/1.00 cat 0.80 auc 0.61,0.23/0.38 cat 0.80 auc 0.36,0.0,
MD11,bank_hold,since,0.339,0.087,0.05/1.00 cat 0.20 auc nan,0.08/1.00 cat 0.20 auc 0.62,0.23/1.00 cat 0.60 auc 0.62,0.23/0.75 cat 0.40 auc 0.41,0.0,
MD11,flap_extend,static,0.275,0.037,0.32/1.00 cat 0.80 auc nan,0.62/0.53 cat 0.80 auc 0.59,0.15/1.00 cat 0.40 auc 0.35,0.54/0.58 cat 0.80 auc 0.61,0.05,
MD11,flap_extend,lags,0.136,0.031,0.64/1.00 cat 0.80 auc nan,0.62/0.47 cat 0.80 auc 0.55,0.23/0.60 cat 0.80 auc 0.62,0.31/0.40 cat 0.60 auc 0.47,0.0,
MD11,flap_extend,lags+since,0.108,0.028,0.77/1.00 cat 0.80 auc nan,0.62/0.47 cat 0.80 auc 0.53,0.23/0.60 cat 0.80 auc 0.50,0.23/0.43 cat 0.60 auc 0.48,0.0,
MD11,flap_extend,since,0.158,0.03,0.59/1.00 cat 0.80 auc nan,0.62/0.50 cat 0.80 auc 0.46,0.23/1.00 cat 0.60 auc 0.50,0.31/0.80 cat 0.80 auc 0.44,0.0,
MD11,engine_cut,static,0.312,0.049,0.18/1.00 cat 0.40 auc nan,0.23/1.00 cat 0.40 auc 0.70,0.85/1.00 cat 0.80 auc 1.00,0.62/0.62 cat 0.80 auc 0.62,0.0,
MD11,engine_cut,lags,0.236,0.052,0.18/1.00 cat 0.40 auc nan,0.23/1.00 cat 0.40 auc 0.73,0.85/1.00 cat 0.80 auc 1.00,0.69/0.56 cat 0.80 auc 0.60,0.0,
MD11,engine_cut,lags+since,0.227,0.056,0.14/1.00 cat 0.40 auc nan,0.23/1.00 cat 0.40 auc 0.68,0.85/1.00 cat 0.80 auc 1.00,0.69/0.60 cat 0.80 auc 0.63,0.0,
MD11,engine_cut,since,0.268,0.055,0.18/1.00 cat 0.40 auc nan,0.23/1.00 cat 0.40 auc 0.78,0.85/1.00 cat 0.80 auc 1.00,0.62/0.67 cat 0.80 auc 0.59,0.0,
MD11,climbing_turn,static,0.435,0.061,0.00/0.00 cat 0.00 auc nan,0.08/1.00 cat 0.20 auc 0.28,0.69/1.00 cat 0.80 auc 0.87,0.54/0.78 cat 0.60 auc 0.82,0.0,
MD11,climbing_turn,lags,0.292,0.066,0.14/1.00 cat 0.40 auc nan,0.08/1.00 cat 0.20 auc 0.31,0.92/0.92 cat 1.00 auc 0.95,0.46/1.00 cat 0.40 auc 0.80,0.0,
MD11,climbing_turn,lags+since,0.243,0.056,0.32/1.00 cat 0.80 auc nan,0.08/1.00 cat 0.20 auc 0.35,1.00/0.81 cat 1.00 auc 1.00,0.54/1.00 cat 0.60 auc 0.80,0.0,
MD11,climbing_turn,since,0.269,0.054,0.14/1.00 cat 0.20 auc nan,0.00/0.00 cat 0.00 auc 0.35,1.00/0.87 cat 1.00 auc 1.00,0.62/0.80 cat 0.80 auc 0.68,0.0,
MD11,elev_doublet_distractor,static,0.521,0.11,0.14/1.00 cat 0.40 auc nan,0.08/1.00 cat 0.20 auc 0.76,0.62/0.53 cat 0.80 auc 0.56,0.54/0.58 cat 0.60 auc 0.59,0.05,
MD11,elev_doublet_distractor,lags,0.417,0.098,0.18/1.00 cat 0.40 auc nan,0.15/1.00 cat 0.40 auc 0.74,0.69/0.64 cat 0.60 auc 0.70,0.62/0.57 cat 0.80 auc 0.61,0.09,
MD11,elev_doublet_distractor,lags+since,0.389,0.098,0.23/1.00 cat 0.40 auc nan,0.08/1.00 cat 0.20 auc 0.68,0.38/0.45 cat 0.80 auc 0.60,0.23/0.30 cat 0.80 auc 0.38,0.0,
MD11,elev_doublet_distractor,since,0.458,0.101,0.23/1.00 cat 0.40 auc nan,0.08/1.00 cat 0.20 auc 0.68,0.46/0.50 cat 0.80 auc 0.63,0.46/0.50 cat 0.80 auc 0.56,0.05,
MD11,engine_restart,static,0.339,0.025,0.32/1.00 cat 0.80 auc nan,0.46/0.55 cat 0.80 auc 0.50,0.69/0.69 cat 0.80 auc 0.84,0.77/0.62 cat 0.80 auc 0.85,0.27,
MD11,engine_restart,lags,0.161,0.031,0.23/1.00 cat 0.40 auc nan,0.62/1.00 cat 0.80 auc 0.62,0.85/0.69 cat 0.80 auc 0.88,0.85/0.61 cat 0.80 auc 0.68,0.05,
MD11,engine_restart,lags+since,0.129,0.036,0.23/1.00 cat 0.40 auc nan,0.62/0.80 cat 0.80 auc 0.62,0.85/0.61 cat 0.80 auc 0.96,0.77/0.59 cat 0.80 auc 0.81,0.09,
MD11,engine_restart,since,0.196,0.037,0.18/1.00 cat 0.40 auc nan,0.46/0.86 cat 0.80 auc 0.52,0.85/0.79 cat 0.80 auc 0.94,0.62/0.57 cat 0.80 auc 0.79,0.09,
OV10,cruise,static,0.631,0.212,0.27/1.00 cat 0.40 auc nan,0.23/0.50 cat 0.60 auc 0.75,0.54/0.88 cat 0.80 auc 0.84,0.38/0.56 cat 0.80 auc 0.57,0.0,
OV10,cruise,lags,0.631,0.212,0.23/1.00 cat 0.40 auc nan,0.23/0.50 cat 0.60 auc 0.75,0.54/0.88 cat 0.80 auc 0.85,0.38/0.56 cat 0.80 auc 0.57,0.0,
OV10,cruise,lags+since,0.624,0.173,0.27/1.00 cat 0.40 auc nan,0.23/0.50 cat 0.60 auc 0.74,0.54/0.78 cat 0.80 auc 0.84,0.38/0.50 cat 0.80 auc 0.56,0.0,
OV10,cruise,since,0.624,0.173,0.23/1.00 cat 0.40 auc nan,0.23/0.50 cat 0.60 auc 0.74,0.54/0.78 cat 0.80 auc 0.83,0.38/0.50 cat 0.80 auc 0.56,0.0,
OV10,throttle_step,static,0.456,0.076,0.68/1.00 cat 1.00 auc nan,0.54/0.64 cat 0.80 auc 0.68,0.85/0.69 cat 0.80 auc 0.88,0.23/1.00 cat 0.20 auc 0.45,0.59,
OV10,throttle_step,lags,0.404,0.075,0.45/1.00 cat 0.80 auc nan,0.54/0.70 cat 0.60 auc 0.68,1.00/0.72 cat 1.00 auc 0.89,0.23/1.00 cat 0.20 auc 0.44,0.36,
OV10,throttle_step,lags+since,0.27,0.063,0.09/1.00 cat 0.40 auc nan,0.85/0.73 cat 0.80 auc 1.00,0.85/0.61 cat 0.80 auc 0.90,0.31/1.00 cat 0.40 auc 0.53,0.14,
OV10,throttle_step,since,0.301,0.055,0.09/1.00 cat 0.40 auc nan,0.85/0.79 cat 0.80 auc 1.00,0.85/0.61 cat 0.80 auc 0.88,0.31/1.00 cat 0.40 auc 0.56,0.09,
OV10,elev_doublet,static,0.708,0.218,0.00/0.00 cat 0.00 auc nan,0.08/1.00 cat 0.20 auc 0.69,0.38/0.71 cat 0.60 auc 0.71,0.00/0.00 cat 0.20 auc 0.50,0.0,
OV10,elev_doublet,lags,0.674,0.216,0.05/1.00 cat 0.20 auc nan,0.00/0.00 cat 0.00 auc 0.56,0.38/0.71 cat 0.60 auc 0.57,0.00/0.00 cat 0.20 auc 0.51,0.09,
OV10,elev_doublet,lags+since,0.609,0.173,0.09/1.00 cat 0.20 auc nan,0.15/1.00 cat 0.20 auc 0.55,0.54/0.78 cat 0.80 auc 0.71,0.46/0.86 cat 0.60 auc 0.74,0.09,
OV10,elev_doublet,since,0.639,0.171,0.05/1.00 cat 0.20 auc nan,0.23/1.00 cat 0.20 auc 0.59,0.54/0.88 cat 0.80 auc 0.73,0.31/0.80 cat 0.60 auc 0.70,0.14,
OV10,elev_step,static,0.711,0.051,0.09/1.00 cat 0.40 auc nan,0.15/1.00 cat 0.20 auc 0.56,0.15/0.50 cat 0.60 auc 0.63,0.00/0.00 cat 0.20 auc 0.16,0.0,
OV10,elev_step,lags,0.649,0.049,0.18/1.00 cat 0.60 auc nan,0.15/0.67 cat 0.20 auc 0.43,0.23/0.60 cat 0.80 auc 0.54,0.00/0.00 cat 0.20 auc 0.31,0.0,
OV10,elev_step,lags+since,0.376,0.048,0.18/1.00 cat 0.40 auc nan,0.92/0.63 cat 1.00 auc 0.65,0.31/0.50 cat 0.80 auc 0.44,0.08/0.33 cat 0.40 auc 0.53,0.0,
OV10,elev_step,since,0.393,0.044,0.23/1.00 cat 0.60 auc nan,0.92/0.63 cat 1.00 auc 0.66,0.31/0.50 cat 0.80 auc 0.42,0.08/0.25 cat 0.60 auc 0.50,0.0,
OV10,aileron_step,static,0.737,0.068,0.27/1.00 cat 0.60 auc nan,0.77/0.62 cat 1.00 auc 0.81,0.31/0.50 cat 0.60 auc 0.54,0.77/0.56 cat 1.00 auc 0.67,0.45,
OV10,aileron_step,lags,0.667,0.108,0.00/0.00 cat 0.00 auc nan,0.54/1.00 cat 0.60 auc 0.91,0.69/0.50 cat 1.00 auc 0.58,0.77/0.53 cat 1.00 auc 0.62,0.0,
OV10,aileron_step,lags+since,0.336,0.079,0.18/1.00 cat 0.40 auc nan,0.92/0.71 cat 1.00 auc 0.76,0.23/0.43 cat 0.60 auc 0.32,0.69/0.56 cat 0.80 auc 0.53,0.14,
OV10,aileron_step,since,0.367,0.068,0.32/1.00 cat 0.60 auc nan,0.92/0.67 cat 1.00 auc 0.66,0.23/0.50 cat 0.60 auc 0.38,0.69/0.60 cat 0.80 auc 0.60,0.23,
OV10,rudder_doublet,static,0.697,0.115,0.05/1.00 cat 0.20 auc nan,0.08/1.00 cat 0.20 auc 0.29,0.46/0.67 cat 0.80 auc 0.64,0.00/0.00 cat 0.20 auc 0.38,0.0,
OV10,rudder_doublet,lags,0.632,0.109,0.09/1.00 cat 0.20 auc nan,0.08/1.00 cat 0.20 auc 0.29,0.54/0.70 cat 0.80 auc 0.70,0.15/0.29 cat 0.60 auc 0.25,0.0,
OV10,rudder_doublet,lags+since,0.492,0.126,0.09/1.00 cat 0.40 auc nan,0.08/1.00 cat 0.20 auc 0.32,0.46/0.67 cat 0.80 auc 0.79,0.31/0.44 cat 0.80 auc 0.45,0.0,
OV10,rudder_doublet,since,0.534,0.122,0.09/1.00 cat 0.40 auc nan,0.08/1.00 cat 0.20 auc 0.29,0.46/0.75 cat 0.80 auc 0.79,0.15/0.40 cat 0.40 auc 0.32,0.0,
OV10,bank_hold,static,0.708,0.046,0.23/1.00 cat 0.60 auc nan,0.54/0.50 cat 0.60 auc 0.56,0.85/0.58 cat 1.00 auc 0.56,0.77/0.56 cat 1.00 auc 0.56,0.23,
OV10,bank_hold,lags,0.627,0.05,0.09/1.00 cat 0.40 auc nan,0.31/0.33 cat 0.80 auc 0.41,0.85/0.58 cat 1.00 auc 0.50,0.85/0.55 cat 1.00 auc 0.47,0.0,
OV10,bank_hold,lags+since,0.319,0.063,0.27/1.00 cat 0.60 auc nan,0.62/0.47 cat 0.80 auc 0.32,0.77/0.62 cat 1.00 auc 0.50,0.54/0.44 cat 0.80 auc 0.39,0.0,
OV10,bank_hold,since,0.357,0.059,0.18/1.00 cat 0.40 auc nan,0.69/0.50 cat 0.80 auc 0.36,0.77/0.62 cat 1.00 auc 0.60,0.54/0.50 cat 0.60 auc 0.42,0.0,
OV10,flap_extend,static,0.642,0.027,0.32/1.00 cat 0.80 auc nan,0.62/0.53 cat 0.80 auc 0.52,0.46/0.86 cat 1.00 auc 0.53,0.23/0.60 cat 0.60 auc 0.37,0.09,
OV10,flap_extend,lags,0.54,0.027,0.77/1.00 cat 0.80 auc nan,0.62/0.50 cat 0.80 auc 0.37,0.69/0.75 cat 1.00 auc 0.75,0.69/0.64 cat 1.00 auc 0.59,0.55,
OV10,flap_extend,lags+since,0.285,0.029,0.59/1.00 cat 0.80 auc nan,1.00/0.59 cat 1.00 auc 0.40,0.77/0.67 cat 1.00 auc 0.60,0.46/0.50 cat 1.00 auc 0.45,0.32,
OV10,flap_extend,since,0.31,0.028,0.41/1.00 cat 0.80 auc nan,1.00/0.65 cat 1.00 auc 0.39,0.69/0.60 cat 1.00 auc 0.50,0.38/0.42 cat 1.00 auc 0.26,0.05,
OV10,engine_cut,static,0.759,0.021,0.18/1.00 cat 0.60 auc nan,0.46/0.60 cat 0.80 auc 0.67,0.38/0.71 cat 0.40 auc 0.76,0.23/0.50 cat 0.60 auc 0.48,0.0,
OV10,engine_cut,lags,0.76,0.021,0.14/1.00 cat 0.40 auc nan,0.46/0.60 cat 0.80 auc 0.67,0.38/0.71 cat 0.40 auc 0.74,0.23/0.50 cat 0.60 auc 0.46,0.0,
OV10,engine_cut,lags+since,0.356,0.019,0.09/1.00 cat 0.40 auc nan,0.85/0.58 cat 0.80 auc 0.48,0.62/0.67 cat 1.00 auc 0.65,0.23/0.43 cat 0.80 auc 0.41,0.05,
OV10,engine_cut,since,0.355,0.019,0.09/1.00 cat 0.40 auc nan,0.85/0.58 cat 0.80 auc 0.48,0.69/0.69 cat 1.00 auc 0.65,0.23/0.43 cat 0.80 auc 0.43,0.05,
OV10,elev_doublet_distractor,static,0.739,0.141,0.05/1.00 cat 0.20 auc nan,0.00/0.00 cat 0.00 auc 0.24,0.15/0.33 cat 0.60 auc 0.63,0.00/0.00 cat 0.40 auc 0.36,0.0,
OV10,elev_doublet_distractor,lags,0.654,0.141,0.05/1.00 cat 0.20 auc nan,0.00/0.00 cat 0.20 auc 0.39,0.23/0.27 cat 0.80 auc 0.40,0.08/0.17 cat 0.60 auc 0.41,0.0,
OV10,elev_doublet_distractor,lags+since,0.589,0.124,0.05/1.00 cat 0.20 auc nan,0.00/0.00 cat 0.00 auc 0.31,0.38/0.62 cat 0.60 auc 0.61,0.08/0.33 cat 0.20 auc 0.62,0.0,
OV10,elev_doublet_distractor,since,0.633,0.123,0.05/1.00 cat 0.20 auc nan,0.00/0.00 cat 0.00 auc 0.43,0.23/0.75 cat 0.60 auc 0.79,0.00/0.00 cat 0.20 auc 0.71,0.0,
Short_S23,cruise,static,0.608,0.114,0.00/0.00 cat 0.00 auc nan,n/a,n/a,n/a,0.0,
Short_S23,cruise,lags,0.601,0.12,0.00/0.00 cat 0.00 auc nan,n/a,n/a,n/a,0.0,
Short_S23,cruise,lags+since,0.603,0.118,0.00/0.00 cat 0.00 auc nan,n/a,n/a,n/a,0.0,
Short_S23,cruise,since,0.601,0.121,0.00/0.00 cat 0.00 auc nan,n/a,n/a,n/a,0.0,
Short_S23,throttle_step,static,0.572,0.057,0.00/0.00 cat 0.00 auc nan,n/a,n/a,n/a,0.0,
Short_S23,throttle_step,lags,0.498,0.058,0.18/1.00 cat 0.40 auc nan,n/a,n/a,n/a,0.0,
Short_S23,throttle_step,lags+since,0.325,0.064,0.36/1.00 cat 0.80 auc nan,n/a,n/a,n/a,0.14,
Short_S23,throttle_step,since,0.366,0.062,0.27/1.00 cat 0.80 auc nan,n/a,n/a,n/a,0.18,
Short_S23,elev_doublet,static,0.626,0.101,0.05/1.00 cat 0.20 auc nan,n/a,n/a,n/a,0.0,
Short_S23,elev_doublet,lags,0.587,0.08,0.09/1.00 cat 0.40 auc nan,n/a,n/a,n/a,0.0,
Short_S23,elev_doublet,lags+since,0.442,0.094,0.09/1.00 cat 0.20 auc nan,n/a,n/a,n/a,0.0,
Short_S23,elev_doublet,since,0.464,0.079,0.09/1.00 cat 0.40 auc nan,n/a,n/a,n/a,0.05,
Short_S23,elev_step,static,0.643,0.091,0.14/1.00 cat 0.40 auc nan,n/a,n/a,n/a,0.0,
Short_S23,elev_step,lags,0.601,0.098,0.14/1.00 cat 0.20 auc nan,n/a,n/a,n/a,0.0,
Short_S23,elev_step,lags+since,0.491,0.093,0.14/1.00 cat 0.20 auc nan,n/a,n/a,n/a,0.0,
Short_S23,elev_step,since,0.513,0.084,0.09/1.00 cat 0.20 auc nan,n/a,n/a,n/a,0.0,
Short_S23,aileron_step,static,0.601,0.11,0.00/0.00 cat 0.00 auc nan,n/a,n/a,n/a,0.09,
Short_S23,aileron_step,lags,0.534,0.097,0.36/1.00 cat 0.60 auc nan,n/a,n/a,n/a,0.27,
Short_S23,aileron_step,lags+since,0.407,0.084,0.05/1.00 cat 0.20 auc nan,n/a,n/a,n/a,0.05,
Short_S23,aileron_step,since,0.439,0.085,0.09/1.00 cat 0.40 auc nan,n/a,n/a,n/a,0.09,
Short_S23,rudder_doublet,static,0.688,0.102,0.00/0.00 cat 0.00 auc nan,n/a,n/a,n/a,0.0,
Short_S23,rudder_doublet,lags,0.635,0.105,0.00/0.00 cat 0.00 auc nan,n/a,n/a,n/a,0.0,
Short_S23,rudder_doublet,lags+since,0.47,0.127,0.00/0.00 cat 0.00 auc nan,n/a,n/a,n/a,0.0,
Short_S23,rudder_doublet,since,0.498,0.12,0.00/0.00 cat 0.00 auc nan,n/a,n/a,n/a,0.0,
Short_S23,bank_hold,static,0.576,0.105,0.18/1.00 cat 0.60 auc nan,n/a,n/a,n/a,0.18,
Short_S23,bank_hold,lags,0.513,0.085,0.36/1.00 cat 0.80 auc nan,n/a,n/a,n/a,0.32,
Short_S23,bank_hold,lags+since,0.391,0.072,0.41/1.00 cat 0.60 auc nan,n/a,n/a,n/a,0.18,
Short_S23,bank_hold,since,0.434,0.071,0.36/1.00 cat 0.40 auc nan,n/a,n/a,n/a,0.27,
Short_S23,flap_extend,static,0.699,0.164,0.00/0.00 cat 0.00 auc nan,n/a,n/a,n/a,0.0,
Short_S23,flap_extend,lags,0.655,0.143,0.00/0.00 cat 0.00 auc nan,n/a,n/a,n/a,0.0,
Short_S23,flap_extend,lags+since,0.536,0.119,0.00/0.00 cat 0.00 auc nan,n/a,n/a,n/a,0.0,
Short_S23,flap_extend,since,0.531,0.098,0.00/0.00 cat 0.00 auc nan,n/a,n/a,n/a,0.0,
Short_S23,engine_cut,static,0.657,0.064,0.05/1.00 cat 0.20 auc nan,n/a,n/a,n/a,0.09,
Short_S23,engine_cut,lags,0.657,0.066,0.09/1.00 cat 0.40 auc nan,n/a,n/a,n/a,0.05,
Short_S23,engine_cut,lags+since,0.395,0.068,0.05/1.00 cat 0.20 auc nan,n/a,n/a,n/a,0.05,
Short_S23,engine_cut,since,0.394,0.067,0.05/1.00 cat 0.20 auc nan,n/a,n/a,n/a,0.05,
Short_S23,climbing_turn,static,0.552,0.073,0.00/0.00 cat 0.00 auc nan,n/a,n/a,n/a,0.0,
Short_S23,climbing_turn,lags,0.439,0.085,0.05/1.00 cat 0.20 auc nan,n/a,n/a,n/a,0.0,
Short_S23,climbing_turn,lags+since,0.335,0.106,0.09/1.00 cat 0.20 auc nan,n/a,n/a,n/a,0.05,
Short_S23,climbing_turn,since,0.348,0.098,0.09/1.00 cat 0.20 auc nan,n/a,n/a,n/a,0.05,
Short_S23,elev_doublet_distractor,static,0.641,0.12,0.14/1.00 cat 0.40 auc nan,n/a,n/a,n/a,0.09,
Short_S23,elev_doublet_distractor,lags,0.556,0.134,0.18/1.00 cat 0.60 auc nan,n/a,n/a,n/a,0.18,
Short_S23,elev_doublet_distractor,lags+since,0.469,0.098,0.05/1.00 cat 0.20 auc nan,n/a,n/a,n/a,0.05,
Short_S23,elev_doublet_distractor,since,0.511,0.091,0.00/0.00 cat 0.00 auc nan,n/a,n/a,n/a,0.05,
Short_S23,engine_stop,static,0.737,0.038,0.23/1.00 cat 0.60 auc nan,n/a,n/a,n/a,0.0,
Short_S23,engine_stop,lags,0.736,0.038,0.23/1.00 cat 0.60 auc nan,n/a,n/a,n/a,0.05,
Short_S23,engine_stop,lags+since,0.458,0.047,0.00/0.00 cat 0.00 auc nan,n/a,n/a,n/a,0.0,
Short_S23,engine_stop,since,0.458,0.047,0.00/0.00 cat 0.00 auc nan,n/a,n/a,n/a,0.0,
T37,cruise,static,0.558,0.134,0.14/1.00 cat 0.60 auc nan,0.15/1.00 cat 0.40 auc 0.59,0.69/0.56 cat 0.80 auc 0.64,0.31/0.36 cat 0.60 auc 0.33,0.0,
T37,cruise,lags,0.553,0.178,0.09/1.00 cat 0.40 auc nan,0.15/1.00 cat 0.40 auc 0.62,0.69/0.56 cat 0.80 auc 0.66,0.31/0.36 cat 0.60 auc 0.32,0.05,
T37,cruise,lags+since,0.546,0.148,0.09/1.00 cat 0.40 auc nan,0.15/1.00 cat 0.40 auc 0.65,0.69/0.56 cat 0.80 auc 0.64,0.31/0.36 cat 0.60 auc 0.32,0.05,
T37,cruise,since,0.551,0.135,0.14/1.00 cat 0.60 auc nan,0.15/1.00 cat 0.40 auc 0.65,0.69/0.56 cat 0.80 auc 0.62,0.38/0.42 cat 0.60 auc 0.32,0.05,
T37,throttle_step,static,0.593,0.066,0.09/1.00 cat 0.20 auc nan,0.54/0.88 cat 0.80 auc 0.61,0.15/0.50 cat 0.60 auc 0.18,0.85/0.55 cat 1.00 auc 0.61,0.14,
T37,throttle_step,lags,0.526,0.056,0.05/1.00 cat 0.20 auc nan,0.62/0.80 cat 0.80 auc 0.60,0.08/0.25 cat 0.60 auc 0.24,0.77/0.53 cat 1.00 auc 0.54,0.0,
T37,throttle_step,lags+since,0.338,0.066,0.05/1.00 cat 0.20 auc nan,0.77/0.83 cat 0.80 auc 0.83,0.15/0.50 cat 0.60 auc 0.42,0.85/0.55 cat 1.00 auc 0.53,0.09,
T37,throttle_step,since,0.377,0.064,0.05/1.00 cat 0.20 auc nan,0.77/0.91 cat 0.80 auc 0.83,0.08/0.50 cat 0.40 auc 0.29,0.85/0.55 cat 1.00 auc 0.55,0.05,
T37,elev_doublet,static,0.608,0.193,0.09/1.00 cat 0.20 auc nan,0.00/0.00 cat 0.40 auc 0.48,0.31/0.67 cat 0.60 auc 0.56,0.23/0.43 cat 0.60 auc 0.44,0.05,
T37,elev_doublet,lags,0.571,0.2,0.05/1.00 cat 0.20 auc nan,0.00/0.00 cat 0.40 auc 0.49,0.31/0.67 cat 0.60 auc 0.55,0.23/0.38 cat 0.60 auc 0.48,0.05,
T37,elev_doublet,lags+since,0.503,0.199,0.14/1.00 cat 0.20 auc nan,0.08/1.00 cat 0.20 auc 0.55,0.08/0.33 cat 0.40 auc 0.75,0.31/0.44 cat 0.60 auc 0.48,0.0,
T37,elev_doublet,since,0.525,0.184,0.09/1.00 cat 0.20 auc nan,0.00/0.00 cat 0.20 auc 0.51,0.08/0.50 cat 0.40 auc 0.70,0.23/0.60 cat 0.40 auc 0.48,0.05,
T37,elev_step,static,0.669,0.076,0.14/1.00 cat 0.40 auc nan,0.15/0.50 cat 0.40 auc 0.49,0.08/0.50 cat 0.40 auc 0.84,0.23/0.50 cat 0.40 auc 0.55,0.18,
T37,elev_step,lags,0.623,0.076,0.09/1.00 cat 0.40 auc nan,0.15/0.67 cat 0.20 auc 0.47,0.23/0.75 cat 0.40 auc 0.82,0.31/0.50 cat 0.60 auc 0.53,0.05,
T37,elev_step,lags+since,0.361,0.06,0.18/1.00 cat 0.60 auc nan,0.62/0.57 cat 0.60 auc 0.53,0.46/0.67 cat 0.80 auc 0.75,0.62/0.50 cat 0.80 auc 0.36,0.14,
T37,elev_step,since,0.374,0.059,0.14/1.00 cat 0.60 auc nan,0.62/0.57 cat 0.60 auc 0.55,0.46/0.60 cat 0.80 auc 0.78,0.54/0.47 cat 0.80 auc 0.29,0.09,
T37,aileron_step,static,0.724,0.036,0.59/1.00 cat 0.80 auc nan,0.54/1.00 cat 0.60 auc 0.94,0.77/0.59 cat 0.80 auc 0.70,0.69/0.50 cat 0.80 auc 0.87,0.0,
T37,aileron_step,lags,0.628,0.044,0.50/1.00 cat 0.80 auc nan,0.23/0.75 cat 0.60 auc 0.80,0.92/0.60 cat 1.00 auc 0.68,1.00/0.59 cat 1.00 auc 0.85,0.0,
T37,aileron_step,lags+since,0.403,0.088,0.18/1.00 cat 0.60 auc nan,0.23/0.38 cat 0.80 auc 0.66,0.46/0.43 cat 0.80 auc 0.80,0.77/0.53 cat 1.00 auc 0.53,0.0,
T37,aileron_step,since,0.428,0.081,0.14/1.00 cat 0.40 auc nan,0.23/0.38 cat 0.80 auc 0.60,0.54/0.47 cat 1.00 auc 0.82,0.46/0.43 cat 1.00 auc 0.57,0.0,
T37,rudder_doublet,static,0.688,0.101,0.41/1.00 cat 0.80 auc nan,0.23/0.75 cat 0.60 auc 0.31,0.62/0.73 cat 0.80 auc 0.88,0.23/0.33 cat 0.60 auc 0.38,0.05,
T37,rudder_doublet,lags,0.626,0.112,0.41/1.00 cat 0.80 auc nan,0.23/1.00 cat 0.60 auc 0.32,0.77/0.62 cat 0.80 auc 0.86,0.23/0.27 cat 0.80 auc 0.51,0.0,
T37,rudder_doublet,lags+since,0.471,0.088,0.45/1.00 cat 0.80 auc nan,0.46/0.67 cat 0.60 auc 0.56,0.77/0.62 cat 0.80 auc 0.88,0.69/0.56 cat 0.80 auc 0.61,0.14,
T37,rudder_doublet,since,0.507,0.085,0.27/1.00 cat 0.60 auc nan,0.46/0.75 cat 0.60 auc 0.59,0.77/0.91 cat 0.80 auc 0.88,0.69/0.56 cat 0.80 auc 0.62,0.09,
T37,bank_hold,static,0.689,0.067,0.50/1.00 cat 0.80 auc nan,0.85/0.61 cat 1.00 auc 0.64,0.23/0.38 cat 0.80 auc 0.52,0.54/0.44 cat 0.80 auc 0.48,0.18,
T37,bank_hold,lags,0.621,0.071,0.32/1.00 cat 0.60 auc nan,0.85/0.69 cat 1.00 auc 0.68,0.23/0.33 cat 0.60 auc 0.50,0.77/0.53 cat 1.00 auc 0.70,0.05,
T37,bank_hold,lags+since,0.365,0.07,0.18/1.00 cat 0.40 auc nan,0.62/0.53 cat 0.80 auc 0.64,0.15/0.33 cat 0.40 auc 0.26,0.62/0.53 cat 1.00 auc 0.42,0.09,
T37,bank_hold,since,0.399,0.069,0.18/1.00 cat 0.40 auc nan,0.77/0.59 cat 0.80 auc 0.69,0.00/0.00 cat 0.20 auc 0.41,0.38/0.45 cat 0.80 auc 0.50,0.05,
T37,flap_extend,static,0.63,0.035,0.18/1.00 cat 0.40 auc nan,0.54/1.00 cat 0.80 auc 0.73,0.38/1.00 cat 0.60 auc 0.56,0.15/0.40 cat 0.80 auc 0.37,0.09,
T37,flap_extend,lags,0.524,0.037,0.14/1.00 cat 0.40 auc nan,0.31/0.80 cat 0.60 auc 0.64,0.38/1.00 cat 0.60 auc 0.62,0.23/0.43 cat 0.80 auc 0.32,0.05,
T37,flap_extend,lags+since,0.243,0.031,0.23/1.00 cat 0.60 auc nan,0.85/0.55 cat 0.80 auc 0.38,0.46/0.50 cat 0.80 auc 0.32,0.69/0.56 cat 0.80 auc 0.32,0.18,
T37,flap_extend,since,0.263,0.028,0.23/1.00 cat 0.60 auc nan,1.00/0.62 cat 1.00 auc 0.44,0.31/0.40 cat 0.80 auc 0.32,0.69/0.53 cat 0.80 auc 0.25,0.09,
T37,engine_cut,static,0.773,0.026,0.18/1.00 cat 0.40 auc nan,0.23/0.50 cat 0.60 auc 0.43,0.54/0.58 cat 0.80 auc 0.58,0.08/0.14 cat 0.80 auc 0.29,0.0,
T37,engine_cut,lags,0.773,0.026,0.18/1.00 cat 0.40 auc nan,0.23/0.50 cat 0.60 auc 0.44,0.54/0.58 cat 0.80 auc 0.58,0.08/0.14 cat 0.80 auc 0.29,0.0,
T37,engine_cut,lags+since,0.274,0.027,0.00/0.00 cat 0.00 auc nan,0.85/0.61 cat 0.80 auc 0.96,0.85/0.79 cat 0.80 auc 0.76,1.00/0.62 cat 1.00 auc 0.79,0.0,
T37,engine_cut,since,0.276,0.027,0.09/1.00 cat 0.40 auc nan,0.85/0.61 cat 0.80 auc 0.96,0.85/0.79 cat 0.80 auc 0.76,1.00/0.62 cat 1.00 auc 0.77,0.0,
T37,climbing_turn,static,0.547,0.059,n/a,0.54/1.00 cat 0.80 auc 1.00,n/a,0.85/0.55 cat 1.00 auc 0.49,,n/a
T37,climbing_turn,lags,0.428,0.048,n/a,0.46/0.86 cat 0.80 auc 0.90,n/a,0.92/0.57 cat 1.00 auc 0.56,,n/a
T37,climbing_turn,lags+since,0.307,0.069,n/a,0.77/0.91 cat 0.80 auc 0.93,n/a,0.85/0.55 cat 1.00 auc 0.47,,n/a
T37,climbing_turn,since,0.322,0.06,n/a,0.69/0.90 cat 0.60 auc 0.93,n/a,0.69/0.53 cat 0.80 auc 0.34,,n/a
T37,elev_doublet_distractor,static,0.68,0.127,0.09/1.00 cat 0.40 auc nan,0.08/1.00 cat 0.20 auc 0.56,0.62/0.57 cat 1.00 auc 0.86,0.46/0.55 cat 0.60 auc 0.64,0.0,
T37,elev_doublet_distractor,lags,0.594,0.11,0.09/1.00 cat 0.20 auc nan,0.08/1.00 cat 0.20 auc 0.56,0.92/0.57 cat 1.00 auc 0.66,0.46/0.43 cat 0.80 auc 0.43,0.0,
T37,elev_doublet_distractor,lags+since,0.513,0.111,0.18/1.00 cat 0.40 auc nan,0.08/0.25 cat 0.20 auc 0.77,0.69/0.56 cat 0.80 auc 0.83,0.46/0.46 cat 0.80 auc 0.65,0.0,
T37,elev_doublet_distractor,since,0.544,0.111,0.14/1.00 cat 0.40 auc nan,0.08/0.33 cat 0.20 auc 0.61,0.46/0.60 cat 0.60 auc 0.87,0.31/0.50 cat 0.80 auc 0.67,0.0,
T38,cruise,static,0.553,0.26,0.23/1.00 cat 0.40 auc nan,0.00/0.00 cat 0.20 auc 0.62,0.46/0.67 cat 0.60 auc 0.69,0.69/0.60 cat 0.80 auc 0.66,0.09,
T38,cruise,lags,0.523,0.195,0.36/1.00 cat 0.60 auc nan,0.08/0.50 cat 0.40 auc 0.46,0.46/0.55 cat 0.80 auc 0.64,0.77/0.62 cat 0.80 auc 0.62,0.14,
T38,cruise,lags+since,0.516,0.192,0.41/1.00 cat 0.80 auc nan,0.08/0.50 cat 0.40 auc 0.38,0.54/0.64 cat 0.80 auc 0.68,0.77/0.62 cat 0.80 auc 0.64,0.09,
T38,cruise,since,0.518,0.198,0.36/1.00 cat 0.40 auc nan,0.23/0.75 cat 0.60 auc 0.60,0.62/0.67 cat 0.80 auc 0.62,0.69/0.60 cat 0.80 auc 0.64,0.18,
T38,throttle_step,static,0.359,0.069,0.05/1.00 cat 0.20 auc nan,0.31/1.00 cat 0.60 auc 0.56,0.38/0.56 cat 0.80 auc 0.51,0.92/0.67 cat 1.00 auc 0.79,0.05,
T38,throttle_step,lags,0.309,0.08,0.00/0.00 cat 0.00 auc nan,0.31/1.00 cat 0.60 auc 0.70,0.46/0.50 cat 0.80 auc 0.51,0.92/0.57 cat 1.00 auc 0.78,0.09,
T38,throttle_step,lags+since,0.278,0.074,0.14/1.00 cat 0.40 auc nan,0.38/0.71 cat 0.60 auc 0.58,0.77/0.56 cat 0.80 auc 0.52,0.77/0.53 cat 0.80 auc 0.65,0.18,
T38,throttle_step,since,0.309,0.078,0.09/1.00 cat 0.40 auc nan,0.38/0.83 cat 0.60 auc 0.69,0.69/0.50 cat 0.80 auc 0.53,0.77/0.53 cat 0.80 auc 0.68,0.14,
T38,elev_doublet,static,0.636,0.248,0.00/0.00 cat 0.00 auc nan,0.00/0.00 cat 0.00 auc 0.77,0.46/0.60 cat 1.00 auc 0.78,0.54/0.64 cat 0.60 auc 0.66,0.0,
T38,elev_doublet,lags,0.601,0.251,0.00/0.00 cat 0.00 auc nan,0.00/0.00 cat 0.00 auc 0.86,0.38/0.50 cat 0.80 auc 0.70,0.69/0.64 cat 1.00 auc 0.64,0.0,
T38,elev_doublet,lags+since,0.536,0.205,0.05/1.00 cat 0.20 auc nan,0.00/0.00 cat 0.00 auc 0.80,0.62/0.73 cat 1.00 auc 0.85,0.85/0.69 cat 1.00 auc 0.70,0.0,
T38,elev_doublet,since,0.546,0.197,0.05/1.00 cat 0.20 auc nan,0.08/1.00 cat 0.20 auc 0.79,0.46/0.75 cat 0.60 auc 0.81,0.77/0.71 cat 0.80 auc 0.66,0.05,
T38,elev_step,static,0.634,0.129,0.05/1.00 cat 0.20 auc nan,0.00/0.00 cat 0.20 auc 0.19,0.31/0.40 cat 0.60 auc 0.50,0.62/0.57 cat 0.80 auc 0.54,0.0,
T38,elev_step,lags,0.594,0.136,0.00/0.00 cat 0.00 auc nan,0.00/0.00 cat 0.00 auc 0.25,0.38/0.50 cat 0.60 auc 0.51,0.62/0.53 cat 0.80 auc 0.52,0.0,
T38,elev_step,lags+since,0.392,0.12,0.14/1.00 cat 0.40 auc nan,0.00/0.00 cat 0.00 auc 0.35,0.54/0.50 cat 0.60 auc 0.43,0.69/0.60 cat 0.80 auc 0.51,0.0,
T38,elev_step,since,0.4,0.127,0.14/1.00 cat 0.40 auc nan,0.00/0.00 cat 0.00 auc 0.30,0.46/0.43 cat 0.80 auc 0.39,0.69/0.56 cat 0.80 auc 0.50,0.0,
T38,aileron_step,static,0.536,0.126,0.09/1.00 cat 0.40 auc nan,0.00/0.00 cat 0.20 auc 0.32,0.31/0.57 cat 0.80 auc 0.59,0.23/0.43 cat 0.60 auc 0.48,0.0,
T38,aileron_step,lags,0.428,0.109,0.05/1.00 cat 0.20 auc nan,0.00/0.00 cat 0.00 auc 0.60,0.54/0.64 cat 0.80 auc 0.85,0.69/0.56 cat 0.80 auc 0.63,0.0,
T38,aileron_step,lags+since,0.366,0.1,0.14/1.00 cat 0.40 auc nan,0.00/0.00 cat 0.00 auc 0.45,0.31/0.44 cat 0.60 auc 0.51,0.62/0.57 cat 0.80 auc 0.50,0.0,
T38,aileron_step,since,0.421,0.1,0.05/1.00 cat 0.20 auc nan,0.00/0.00 cat 0.00 auc 0.34,0.23/0.43 cat 0.60 auc 0.56,0.46/0.55 cat 0.60 auc 0.56,0.0,
T38,rudder_doublet,static,0.544,0.204,0.09/1.00 cat 0.20 auc nan,0.15/0.67 cat 0.40 auc 0.65,0.23/0.75 cat 0.40 auc 0.76,0.69/0.90 cat 0.80 auc 0.88,0.09,
T38,rudder_doublet,lags,0.424,0.131,0.05/1.00 cat 0.20 auc nan,0.00/0.00 cat 0.00 auc 0.59,0.31/1.00 cat 0.60 auc 0.73,0.62/0.89 cat 0.80 auc 0.92,0.0,
T38,rudder_doublet,lags+since,0.372,0.133,0.23/1.00 cat 0.40 auc nan,0.15/0.67 cat 0.40 auc 0.75,0.38/0.71 cat 0.60 auc 0.69,0.69/0.53 cat 0.80 auc 0.66,0.09,
T38,rudder_doublet,since,0.415,0.166,0.27/1.00 cat 0.60 auc nan,0.15/0.40 cat 0.60 auc 0.42,0.38/0.56 cat 0.80 auc 0.72,0.77/0.62 cat 0.80 auc 0.75,0.14,
T38,bank_hold,static,0.378,0.099,0.23/1.00 cat 0.40 auc nan,0.15/1.00 cat 0.40 auc 0.25,0.85/0.65 cat 1.00 auc 0.80,1.00/0.65 cat 1.00 auc 0.81,0.05,
T38,bank_hold,lags,0.315,0.102,0.18/1.00 cat 0.60 auc nan,0.15/0.67 cat 0.40 auc 0.28,0.69/0.60 cat 1.00 auc 0.81,1.00/0.65 cat 1.00 auc 0.73,0.05,
T38,bank_hold,lags+since,0.281,0.101,0.14/1.00 cat 0.60 auc nan,0.15/0.67 cat 0.40 auc 0.32,0.31/0.36 cat 0.60 auc 0.68,1.00/0.62 cat 1.00 auc 0.79,0.05,
T38,bank_hold,since,0.319,0.1,0.18/1.00 cat 0.60 auc nan,0.15/0.67 cat 0.40 auc 0.33,0.31/0.50 cat 0.80 auc 0.82,1.00/0.65 cat 1.00 auc 0.91,0.09,
T38,flap_extend,static,0.354,0.08,0.09/1.00 cat 0.40 auc nan,0.15/0.50 cat 0.40 auc 0.45,n/a,0.92/0.63 cat 0.80 auc 0.56,0.0,
T38,flap_extend,lags,0.296,0.082,0.09/1.00 cat 0.40 auc nan,0.15/0.40 cat 0.40 auc 0.54,n/a,1.00/0.59 cat 1.00 auc 0.45,0.0,
T38,flap_extend,lags+since,0.23,0.072,0.18/1.00 cat 0.40 auc nan,0.23/0.50 cat 0.40 auc 0.49,n/a,0.69/0.53 cat 0.80 auc 0.34,0.0,
T38,flap_extend,since,0.247,0.069,0.18/1.00 cat 0.60 auc nan,0.46/0.60 cat 0.60 auc 0.50,n/a,0.85/0.58 cat 1.00 auc 0.39,0.0,
T38,engine_cut,static,0.369,0.047,0.23/1.00 cat 0.60 auc nan,0.31/1.00 cat 0.60 auc 0.51,1.00/0.62 cat 1.00 auc 0.32,1.00/0.59 cat 1.00 auc 0.82,0.0,
T38,engine_cut,lags,0.153,0.038,0.50/1.00 cat 0.80 auc nan,0.54/0.70 cat 0.80 auc 0.56,1.00/0.68 cat 1.00 auc 0.68,1.00/0.59 cat 1.00 auc 0.56,0.0,
T38,engine_cut,lags+since,0.126,0.034,0.55/1.00 cat 0.80 auc nan,0.54/0.64 cat 0.80 auc 0.66,0.69/0.60 cat 1.00 auc 0.55,1.00/0.59 cat 1.00 auc 0.50,0.0,
T38,engine_cut,since,0.221,0.036,0.27/1.00 cat 0.60 auc nan,0.31/1.00 cat 0.60 auc 0.54,0.38/0.50 cat 0.80 auc 0.47,0.85/0.58 cat 1.00 auc 0.53,0.0,
T38,climbing_turn,static,0.346,0.078,0.09/1.00 cat 0.40 auc nan,0.15/1.00 cat 0.40 auc 0.57,0.69/0.75 cat 1.00 auc 0.81,n/a,0.0,
T38,climbing_turn,lags,0.251,0.072,0.09/1.00 cat 0.40 auc nan,0.23/0.75 cat 0.80 auc 0.57,0.38/0.71 cat 0.80 auc 0.75,n/a,0.0,
T38,climbing_turn,lags+since,0.232,0.065,0.14/1.00 cat 0.40 auc nan,0.31/0.80 cat 0.80 auc 0.50,0.31/0.67 cat 0.60 auc 0.46,n/a,0.0,
T38,climbing_turn,since,0.267,0.077,0.09/1.00 cat 0.40 auc nan,0.15/0.67 cat 0.60 auc 0.66,0.23/0.50 cat 0.80 auc 0.48,n/a,0.0,
T38,elev_doublet_distractor,static,0.565,0.173,0.00/0.00 cat 0.00 auc nan,0.00/0.00 cat 0.00 auc 0.50,0.23/1.00 cat 0.40 auc 0.76,0.62/0.89 cat 1.00 auc 0.82,0.0,
T38,elev_doublet_distractor,lags,0.463,0.149,0.18/1.00 cat 0.20 auc nan,0.00/0.00 cat 0.20 auc 0.36,0.38/0.71 cat 0.60 auc 0.79,0.69/0.69 cat 0.80 auc 0.85,0.05,
T38,elev_doublet_distractor,lags+since,0.408,0.126,0.14/1.00 cat 0.40 auc nan,0.00/0.00 cat 0.00 auc 0.51,0.31/0.67 cat 0.80 auc 0.72,0.85/0.69 cat 1.00 auc 0.91,0.0,
T38,elev_doublet_distractor,since,0.47,0.142,0.05/1.00 cat 0.20 auc nan,0.00/0.00 cat 0.20 auc 0.42,0.23/0.50 cat 0.80 auc 0.67,0.62/0.67 cat 1.00 auc 0.78,0.05,
c172p,cruise,static,0.594,0.014,0.23/1.00 cat 0.40 auc nan,0.08/0.33 cat 0.40 auc 0.34,0.08/0.14 cat 0.60 auc 0.13,0.46/0.60 cat 0.40 auc 0.68,0.0,
c172p,cruise,lags,0.592,0.015,0.18/1.00 cat 0.40 auc nan,0.08/0.33 cat 0.40 auc 0.33,0.08/0.14 cat 0.60 auc 0.14,0.46/0.60 cat 0.40 auc 0.66,0.0,
c172p,cruise,lags+since,0.585,0.022,0.23/1.00 cat 0.40 auc nan,0.08/0.33 cat 0.40 auc 0.34,0.08/0.14 cat 0.60 auc 0.13,0.46/0.60 cat 0.40 auc 0.66,0.0,
c172p,cruise,since,0.582,0.019,0.23/1.00 cat 0.40 auc nan,0.08/0.33 cat 0.40 auc 0.32,0.15/0.22 cat 0.60 auc 0.15,0.46/0.86 cat 0.40 auc 0.75,0.0,
c172p,throttle_step,static,0.568,0.057,0.05/1.00 cat 0.20 auc nan,0.38/1.00 cat 0.40 auc 0.79,0.23/0.60 cat 0.40 auc 0.53,0.85/0.55 cat 1.00 auc 0.68,0.05,
c172p,throttle_step,lags,0.493,0.054,0.00/0.00 cat 0.00 auc nan,0.31/1.00 cat 0.40 auc 0.73,0.15/0.25 cat 0.80 auc 0.26,0.92/0.57 cat 1.00 auc 0.68,0.0,
c172p,throttle_step,lags+since,0.311,0.054,0.09/1.00 cat 0.40 auc nan,0.15/0.40 cat 0.60 auc 0.26,0.38/0.38 cat 0.80 auc 0.24,0.85/0.55 cat 0.80 auc 0.66,0.05,
c172p,throttle_step,since,0.348,0.052,0.05/1.00 cat 0.20 auc nan,0.23/0.60 cat 0.40 auc 0.38,0.31/0.33 cat 0.80 auc 0.39,1.00/0.59 cat 1.00 auc 0.62,0.0,
c172p,elev_doublet,static,0.665,0.134,0.00/0.00 cat 0.00 auc nan,0.08/1.00 cat 0.20 auc 0.37,0.15/1.00 cat 0.40 auc 0.36,0.31/0.57 cat 0.60 auc 0.45,0.0,
c172p,elev_doublet,lags,0.62,0.124,0.05/1.00 cat 0.20 auc nan,0.00/0.00 cat 0.00 auc 0.30,0.15/1.00 cat 0.40 auc 0.53,0.23/0.60 cat 0.40 auc 0.44,0.0,
c172p,elev_doublet,lags+since,0.542,0.139,0.18/1.00 cat 0.60 auc nan,0.00/0.00 cat 0.00 auc 0.46,0.08/1.00 cat 0.20 auc 0.48,0.54/0.54 cat 0.80 auc 0.49,0.0,
c172p,elev_doublet,since,0.591,0.152,0.00/0.00 cat 0.00 auc nan,0.00/0.00 cat 0.00 auc 0.50,0.15/1.00 cat 0.40 auc 0.47,0.38/0.56 cat 0.60 auc 0.58,0.0,
c172p,elev_step,static,0.686,0.034,0.09/1.00 cat 0.40 auc nan,0.15/0.67 cat 0.20 auc 0.50,0.38/0.83 cat 0.60 auc 0.79,0.08/0.33 cat 0.40 auc 0.15,0.05,
c172p,elev_step,lags,0.634,0.034,0.23/1.00 cat 0.40 auc nan,0.23/0.75 cat 0.40 auc 0.54,0.38/0.50 cat 0.80 auc 0.64,0.31/0.50 cat 0.60 auc 0.35,0.05,
c172p,elev_step,lags+since,0.42,0.043,0.14/1.00 cat 0.60 auc nan,0.23/0.27 cat 0.80 auc 0.21,0.62/0.53 cat 0.80 auc 0.44,0.38/0.38 cat 0.80 auc 0.32,0.23,
c172p,elev_step,since,0.445,0.045,0.18/1.00 cat 0.60 auc nan,0.23/0.27 cat 0.80 auc 0.18,0.38/0.42 cat 0.80 auc 0.34,0.46/0.40 cat 0.80 auc 0.21,0.18,
c172p,aileron_step,static,0.675,0.088,0.00/0.00 cat 0.00 auc nan,0.23/1.00 cat 0.60 auc 0.82,0.00/0.00 cat 0.00 auc 0.70,0.00/0.00 cat 0.00 auc 0.56,0.0,
c172p,aileron_step,lags,0.591,0.089,0.14/1.00 cat 0.40 auc nan,0.23/0.75 cat 0.60 auc 0.77,0.00/0.00 cat 0.00 auc 0.89,0.00/0.00 cat 0.00 auc 0.36,0.0,
c172p,aileron_step,lags+since,0.417,0.105,0.14/1.00 cat 0.40 auc nan,0.23/0.60 cat 0.60 auc 0.65,0.23/1.00 cat 0.40 auc 0.75,0.08/1.00 cat 0.20 auc 0.49,0.09,
c172p,aileron_step,since,0.449,0.092,0.00/0.00 cat 0.00 auc nan,0.54/0.78 cat 1.00 auc 0.68,0.08/1.00 cat 0.20 auc 0.58,0.15/1.00 cat 0.40 auc 0.62,0.0,
c172p,rudder_doublet,static,0.681,0.078,0.23/1.00 cat 0.40 auc nan,0.08/1.00 cat 0.20 auc 0.32,0.23/1.00 cat 0.40 auc 0.66,0.38/0.83 cat 0.40 auc 0.54,0.0,
c172p,rudder_doublet,lags,0.624,0.073,0.27/1.00 cat 0.60 auc nan,0.08/1.00 cat 0.20 auc 0.38,0.15/1.00 cat 0.40 auc 0.79,0.62/0.57 cat 0.80 auc 0.62,0.0,
c172p,rudder_doublet,lags+since,0.463,0.082,0.41/1.00 cat 0.60 auc nan,0.23/1.00 cat 0.40 auc 0.45,0.31/1.00 cat 0.60 auc 0.63,0.69/0.56 cat 0.80 auc 0.77,0.05,
c172p,rudder_doublet,since,0.514,0.086,0.45/1.00 cat 0.80 auc nan,0.31/1.00 cat 0.40 auc 0.44,0.23/1.00 cat 0.40 auc 0.49,0.69/0.69 cat 0.80 auc 0.85,0.0,
c172p,bank_hold,static,0.699,0.079,0.00/0.00 cat 0.00 auc nan,0.00/0.00 cat 0.00 auc 0.53,0.08/1.00 cat 0.20 auc 0.47,0.31/0.57 cat 0.60 auc 0.48,0.0,
c172p,bank_hold,lags,0.633,0.084,0.00/0.00 cat 0.00 auc nan,0.00/0.00 cat 0.00 auc 0.50,0.08/1.00 cat 0.20 auc 0.48,0.23/0.75 cat 0.60 auc 0.61,0.0,
c172p,bank_hold,lags+since,0.411,0.083,0.05/1.00 cat 0.20 auc nan,0.38/1.00 cat 0.60 auc 0.72,0.00/0.00 cat 0.00 auc 0.53,0.69/0.82 cat 0.80 auc 0.84,0.0,
c172p,bank_hold,since,0.456,0.086,0.05/1.00 cat 0.20 auc nan,0.31/1.00 cat 0.60 auc 0.73,0.08/1.00 cat 0.20 auc 0.60,0.69/0.82 cat 0.80 auc 0.72,0.0,
c172p,flap_extend,static,0.679,0.097,0.00/0.00 cat 0.00 auc nan,0.08/1.00 cat 0.20 auc 0.50,0.23/0.25 cat 0.80 auc 0.19,0.08/0.20 cat 0.60 auc 0.39,0.0,
c172p,flap_extend,lags,0.594,0.091,0.05/1.00 cat 0.20 auc nan,0.00/0.00 cat 0.40 auc 0.29,0.38/0.36 cat 0.80 auc 0.22,0.15/0.33 cat 0.60 auc 0.32,0.0,
c172p,flap_extend,lags+since,0.415,0.078,0.00/0.00 cat 0.00 auc nan,0.15/0.29 cat 0.60 auc 0.32,0.69/0.50 cat 0.80 auc 0.31,0.08/0.17 cat 0.40 auc 0.27,0.0,
c172p,flap_extend,since,0.424,0.092,0.00/0.00 cat 0.00 auc nan,0.08/0.20 cat 0.40 auc 0.19,0.77/0.53 cat 0.80 auc 0.33,0.08/0.14 cat 0.60 auc 0.13,0.0,
c172p,climbing_turn,static,0.573,0.071,0.09/1.00 cat 0.40 auc nan,0.15/1.00 cat 0.40 auc 0.68,0.00/0.00 cat 0.40 auc 0.46,0.54/0.54 cat 0.80 auc 0.39,0.0,
c172p,climbing_turn,lags,0.458,0.067,0.32/1.00 cat 0.80 auc nan,0.31/0.80 cat 0.60 auc 0.72,0.31/0.44 cat 0.60 auc 0.42,0.54/0.47 cat 0.60 auc 0.34,0.05,
c172p,climbing_turn,lags+since,0.333,0.07,0.36/1.00 cat 0.60 auc nan,0.54/0.70 cat 0.60 auc 0.62,0.62/0.67 cat 0.60 auc 0.37,0.69/0.50 cat 0.80 auc 0.43,0.14,
c172p,climbing_turn,since,0.349,0.075,0.27/1.00 cat 0.80 auc nan,0.46/0.60 cat 0.80 auc 0.58,0.46/0.46 cat 0.80 auc 0.36,0.69/0.50 cat 0.80 auc 0.56,0.14,
c172p,elev_doublet_distractor,static,0.676,0.1,0.05/1.00 cat 0.20 auc nan,0.08/0.50 cat 0.40 auc 0.51,0.08/1.00 cat 0.20 auc 0.82,0.46/0.67 cat 0.60 auc 0.68,0.0,
c172p,elev_doublet_distractor,lags,0.62,0.134,0.00/0.00 cat 0.00 auc nan,0.00/0.00 cat 0.00 auc 0.62,0.08/1.00 cat 0.20 auc 0.72,0.46/0.43 cat 0.80 auc 0.54,0.0,
c172p,elev_doublet_distractor,lags+since,0.516,0.112,0.27/1.00 cat 0.60 auc nan,0.08/0.50 cat 0.20 auc 0.44,0.08/1.00 cat 0.20 auc 0.64,0.38/0.50 cat 0.80 auc 0.54,0.0,
c172p,elev_doublet_distractor,since,0.576,0.11,0.18/1.00 cat 0.20 auc nan,0.08/1.00 cat 0.20 auc 0.38,0.00/0.00 cat 0.00 auc 0.56,0.15/0.33 cat 0.60 auc 0.54,0.0,
c172p,engine_stop,static,0.744,0.041,0.05/1.00 cat 0.20 auc nan,0.15/0.67 cat 0.40 auc 0.58,0.38/0.50 cat 0.60 auc 0.79,0.31/0.50 cat 0.60 auc 0.54,0.0,
c172p,engine_stop,lags,0.744,0.039,0.09/1.00 cat 0.20 auc nan,0.15/0.67 cat 0.40 auc 0.63,0.38/0.45 cat 0.80 auc 0.81,0.31/0.57 cat 0.60 auc 0.39,0.05,
c172p,engine_stop,lags+since,0.376,0.047,0.23/1.00 cat 0.40 auc nan,0.62/0.80 cat 0.80 auc 0.81,0.54/0.54 cat 0.80 auc 0.46,0.62/0.62 cat 0.60 auc 0.51,0.0,
c172p,engine_stop,since,0.378,0.048,0.18/1.00 cat 0.20 auc nan,0.62/0.73 cat 0.80 auc 0.82,0.46/0.50 cat 0.80 auc 0.44,0.62/0.62 cat 0.60 auc 0.52,0.0,
c172r,cruise,static,0.608,0.107,0.23/1.00 cat 0.60 auc nan,0.15/0.33 cat 0.40 auc 0.41,0.08/0.25 cat 0.40 auc 0.32,0.46/0.55 cat 0.80 auc 0.68,0.0,
c172r,cruise,lags,0.617,0.167,0.23/1.00 cat 0.60 auc nan,0.23/0.50 cat 0.40 auc 0.49,0.08/0.25 cat 0.40 auc 0.73,0.46/0.60 cat 0.80 auc 0.73,0.0,
c172r,cruise,lags+since,0.612,0.103,0.23/1.00 cat 0.60 auc nan,0.15/0.29 cat 0.40 auc 0.39,0.08/0.25 cat 0.40 auc 0.32,0.31/0.44 cat 0.60 auc 0.68,0.0,
c172r,cruise,since,0.617,0.098,0.23/1.00 cat 0.60 auc nan,0.15/0.40 cat 0.40 auc 0.44,0.08/0.25 cat 0.40 auc 0.32,0.31/0.44 cat 0.60 auc 0.68,0.0,
c172r,throttle_step,static,0.561,0.097,0.00/0.00 cat 0.00 auc nan,0.15/1.00 cat 0.40 auc 0.50,0.46/0.75 cat 0.80 auc 0.67,0.46/0.50 cat 0.80 auc 0.46,0.0,
c172r,throttle_step,lags,0.49,0.081,0.00/0.00 cat 0.00 auc nan,0.38/1.00 cat 0.60 auc 0.70,0.46/0.60 cat 0.80 auc 0.70,0.62/0.57 cat 0.80 auc 0.45,0.0,
c172r,throttle_step,lags+since,0.311,0.099,0.05/1.00 cat 0.20 auc nan,0.23/0.60 cat 0.40 auc 0.79,0.69/0.64 cat 1.00 auc 0.63,0.77/0.53 cat 0.80 auc 0.42,0.0,
c172r,throttle_step,since,0.345,0.098,0.05/1.00 cat 0.20 auc nan,0.23/0.60 cat 0.40 auc 0.82,0.54/0.58 cat 1.00 auc 0.64,0.85/0.55 cat 0.80 auc 0.43,0.0,
c172r,elev_doublet,static,0.672,0.114,0.05/1.00 cat 0.20 auc nan,0.08/1.00 cat 0.20 auc 0.26,0.31/0.57 cat 0.80 auc 0.32,0.15/0.50 cat 0.40 auc 0.34,0.05,
c172r,elev_doublet,lags,0.642,0.119,0.05/1.00 cat 0.20 auc nan,0.00/0.00 cat 0.00 auc 0.39,0.31/0.50 cat 0.80 auc 0.22,0.23/0.43 cat 0.60 auc 0.35,0.0,
c172r,elev_doublet,lags+since,0.539,0.141,0.14/1.00 cat 0.40 auc nan,0.23/1.00 cat 0.20 auc 0.60,0.46/0.60 cat 0.80 auc 0.60,0.15/0.29 cat 0.60 auc 0.15,0.14,
c172r,elev_doublet,since,0.583,0.13,0.09/1.00 cat 0.40 auc nan,0.15/1.00 cat 0.40 auc 0.48,0.46/0.75 cat 0.80 auc 0.58,0.31/1.00 cat 0.20 auc 0.27,0.05,
c172r,elev_step,static,0.723,0.056,0.14/1.00 cat 0.40 auc nan,0.15/0.67 cat 0.60 auc 0.62,0.15/0.40 cat 0.80 auc 0.39,0.31/0.67 cat 0.80 auc 0.54,0.05,
c172r,elev_step,lags,0.674,0.048,0.05/1.00 cat 0.20 auc nan,0.31/1.00 cat 0.40 auc 0.69,0.23/0.30 cat 0.80 auc 0.37,0.38/1.00 cat 0.40 auc 0.62,0.0,
c172r,elev_step,lags+since,0.473,0.053,0.18/1.00 cat 0.40 auc nan,0.46/0.67 cat 0.80 auc 0.73,0.69/0.64 cat 0.80 auc 0.68,0.69/0.69 cat 0.80 auc 0.54,0.0,
c172r,elev_step,since,0.497,0.057,0.09/1.00 cat 0.20 auc nan,0.46/0.60 cat 0.80 auc 0.65,0.31/0.44 cat 0.60 auc 0.65,0.62/0.67 cat 0.80 auc 0.50,0.0,
c172r,aileron_step,static,0.69,0.07,0.18/1.00 cat 0.60 auc nan,0.38/0.71 cat 0.60 auc 0.66,0.23/0.33 cat 0.80 auc 0.42,0.46/0.43 cat 0.80 auc 0.09,0.14,
c172r,aileron_step,lags,0.571,0.079,0.45/1.00 cat 0.60 auc nan,0.15/0.29 cat 0.80 auc 0.47,0.23/0.33 cat 0.60 auc 0.38,0.31/0.36 cat 0.60 auc 0.23,0.23,
c172r,aileron_step,lags+since,0.397,0.082,0.23/1.00 cat 0.60 auc nan,0.23/0.50 cat 0.80 auc 0.47,0.15/0.40 cat 0.60 auc 0.45,0.46/0.46 cat 0.80 auc 0.32,0.14,
c172r,aileron_step,since,0.439,0.077,0.18/1.00 cat 0.60 auc nan,0.38/0.56 cat 0.80 auc 0.42,0.15/0.40 cat 0.60 auc 0.34,0.46/0.43 cat 0.80 auc 0.45,0.14,
c172r,rudder_doublet,static,0.663,0.118,0.18/1.00 cat 0.60 auc nan,0.15/0.67 cat 0.40 auc 0.55,0.54/1.00 cat 0.60 auc 0.78,0.46/0.86 cat 0.40 auc 0.50,0.05,
c172r,rudder_doublet,lags,0.618,0.107,0.18/1.00 cat 0.60 auc nan,0.23/1.00 cat 0.40 auc 0.47,0.23/0.75 cat 0.60 auc 0.58,0.54/0.70 cat 0.40 auc 0.34,0.0,
c172r,rudder_doublet,lags+since,0.479,0.108,0.41/1.00 cat 0.60 auc nan,0.08/0.50 cat 0.20 auc 0.33,0.46/0.86 cat 0.60 auc 0.92,0.62/0.73 cat 0.60 auc 0.71,0.05,
c172r,rudder_doublet,since,0.539,0.132,0.45/1.00 cat 0.80 auc nan,0.08/1.00 cat 0.20 auc 0.34,0.38/1.00 cat 0.40 auc 0.73,0.69/0.82 cat 0.60 auc 0.79,0.0,
c172r,bank_hold,static,0.71,0.059,0.18/1.00 cat 0.60 auc nan,0.38/0.83 cat 0.60 auc 0.63,0.15/0.67 cat 0.60 auc 0.56,0.31/0.50 cat 0.80 auc 0.34,0.23,
c172r,bank_hold,lags,0.647,0.06,0.23/1.00 cat 0.60 auc nan,0.15/0.67 cat 0.40 auc 0.41,0.31/0.57 cat 0.80 auc 0.47,0.23/0.43 cat 0.60 auc 0.27,0.14,
c172r,bank_hold,lags+since,0.436,0.073,0.14/1.00 cat 0.60 auc nan,0.23/0.75 cat 0.60 auc 0.68,0.23/0.50 cat 0.60 auc 0.41,0.23/0.75 cat 0.40 auc 0.50,0.05,
c172r,bank_hold,since,0.496,0.075,0.14/1.00 cat 0.40 auc nan,0.23/0.75 cat 0.60 auc 0.60,0.08/0.25 cat 0.60 auc 0.34,0.31/0.67 cat 0.40 auc 0.41,0.14,
c172r,flap_extend,static,0.656,0.065,0.09/1.00 cat 0.20 auc nan,0.15/0.50 cat 0.60 auc 0.22,0.54/0.44 cat 0.80 auc 0.39,0.38/0.71 cat 0.40 auc 0.47,0.05,
c172r,flap_extend,lags,0.573,0.056,0.09/1.00 cat 0.20 auc nan,0.08/0.33 cat 0.40 auc 0.35,0.46/0.43 cat 0.80 auc 0.22,0.46/0.67 cat 0.80 auc 0.55,0.09,
c172r,flap_extend,lags+since,0.388,0.067,0.05/1.00 cat 0.20 auc nan,0.00/0.00 cat 0.60 auc 0.30,0.69/0.50 cat 0.80 auc 0.18,0.38/0.56 cat 0.80 auc 0.62,0.0,
c172r,flap_extend,since,0.408,0.069,0.05/1.00 cat 0.20 auc nan,0.00/0.00 cat 0.60 auc 0.34,0.85/0.55 cat 0.80 auc 0.32,0.31/0.57 cat 0.80 auc 0.54,0.0,
c172r,climbing_turn,static,0.579,0.065,0.00/0.00 cat 0.00 auc nan,0.08/1.00 cat 0.20 auc 0.85,0.08/0.50 cat 0.40 auc 0.57,0.38/0.62 cat 0.60 auc 0.71,0.0,
c172r,climbing_turn,lags,0.46,0.067,0.00/0.00 cat 0.00 auc nan,0.08/1.00 cat 0.20 auc 0.85,0.08/0.33 cat 0.40 auc 0.59,0.62/0.62 cat 0.60 auc 0.64,0.0,
c172r,climbing_turn,lags+since,0.34,0.083,0.14/1.00 cat 0.20 auc nan,0.08/1.00 cat 0.20 auc 0.56,0.46/0.67 cat 0.60 auc 0.67,0.54/0.70 cat 0.60 auc 0.69,0.0,
c172r,climbing_turn,since,0.354,0.079,0.05/1.00 cat 0.20 auc nan,0.15/1.00 cat 0.20 auc 0.62,0.46/0.60 cat 0.60 auc 0.55,0.62/0.67 cat 0.80 auc 0.70,0.0,
c172r,elev_doublet_distractor,static,0.638,0.121,0.27/1.00 cat 0.60 auc nan,0.23/1.00 cat 0.60 auc 0.68,0.23/1.00 cat 0.60 auc 0.55,0.31/0.67 cat 0.40 auc 0.71,0.18,
c172r,elev_doublet_distractor,lags,0.567,0.133,0.27/1.00 cat 0.80 auc nan,0.38/1.00 cat 0.80 auc 0.65,0.54/0.88 cat 0.80 auc 0.58,0.54/0.50 cat 1.00 auc 0.56,0.27,
c172r,elev_doublet_distractor,lags+since,0.462,0.126,0.50/1.00 cat 0.60 auc nan,0.23/1.00 cat 0.40 auc 0.64,0.31/0.57 cat 0.80 auc 0.51,0.54/0.47 cat 1.00 auc 0.55,0.23,
c172r,elev_doublet_distractor,since,0.522,0.123,0.41/1.00 cat 0.60 auc nan,0.15/1.00 cat 0.20 auc 0.72,0.15/0.67 cat 0.40 auc 0.48,0.31/0.36 cat 0.60 auc 0.53,0.23,
c172r,engine_stop,static,0.739,0.076,0.05/1.00 cat 0.20 auc nan,0.08/0.50 cat 0.20 auc 0.55,0.08/1.00 cat 0.20 auc 0.31,0.46/0.86 cat 0.60 auc 0.58,0.0,
c172r,engine_stop,lags,0.728,0.061,0.05/1.00 cat 0.20 auc nan,0.08/0.50 cat 0.20 auc 0.56,0.08/1.00 cat 0.20 auc 0.32,0.38/0.83 cat 0.40 auc 0.56,0.0,
c172r,engine_stop,lags+since,0.368,0.077,0.05/1.00 cat 0.20 auc nan,0.23/0.60 cat 0.20 auc 0.56,0.00/0.00 cat 0.40 auc 0.08,0.54/0.54 cat 0.60 auc 0.34,0.0,
c172r,engine_stop,since,0.366,0.071,0.05/1.00 cat 0.20 auc nan,0.23/0.60 cat 0.20 auc 0.59,0.00/0.00 cat 0.40 auc 0.08,0.54/0.54 cat 0.60 auc 0.34,0.0,
c182,cruise,static,0.724,0.076,0.18/1.00 cat 0.60 auc nan,0.46/0.67 cat 0.80 auc 0.85,0.15/0.67 cat 0.20 auc 0.51,0.54/0.88 cat 0.80 auc 0.91,0.18,
c182,cruise,lags,0.722,0.081,0.27/1.00 cat 0.60 auc nan,0.46/0.75 cat 0.80 auc 0.78,0.08/0.50 cat 0.20 auc 0.54,0.54/0.88 cat 0.80 auc 0.91,0.18,
c182,cruise,lags+since,0.724,0.077,0.27/1.00 cat 0.60 auc nan,0.54/0.78 cat 0.80 auc 0.91,0.08/0.50 cat 0.20 auc 0.60,0.54/0.88 cat 0.80 auc 0.91,0.18,
c182,cruise,since,0.722,0.08,0.27/1.00 cat 0.60 auc nan,0.54/0.78 cat 0.80 auc 0.92,0.08/0.50 cat 0.20 auc 0.53,0.54/0.88 cat 0.80 auc 0.91,0.18,
c182,throttle_step,static,0.628,0.054,0.23/1.00 cat 0.60 auc nan,0.23/0.43 cat 0.60 auc 0.23,0.31/0.44 cat 0.60 auc 0.16,0.69/0.50 cat 0.80 auc 0.23,0.0,
c182,throttle_step,lags,0.53,0.057,0.23/1.00 cat 0.60 auc nan,0.38/0.56 cat 0.60 auc 0.43,0.31/0.44 cat 0.60 auc 0.29,0.69/0.53 cat 0.80 auc 0.41,0.14,
c182,throttle_step,lags+since,0.318,0.065,0.41/1.00 cat 0.60 auc nan,0.69/0.50 cat 0.80 auc 0.50,0.69/0.56 cat 0.60 auc 0.38,0.69/0.50 cat 0.80 auc 0.50,0.27,
c182,throttle_step,since,0.35,0.062,0.32/1.00 cat 0.60 auc nan,0.69/0.50 cat 0.80 auc 0.42,0.69/0.56 cat 0.60 auc 0.50,0.69/0.50 cat 0.80 auc 0.39,0.27,
c182,elev_doublet,static,0.737,0.11,0.05/1.00 cat 0.20 auc nan,0.00/0.00 cat 0.00 auc 0.42,0.00/0.00 cat 0.00 auc 0.71,0.46/0.86 cat 0.40 auc 0.70,0.05,
c182,elev_doublet,lags,0.682,0.114,0.00/0.00 cat 0.00 auc nan,0.08/1.00 cat 0.20 auc 0.29,0.31/1.00 cat 0.40 auc 0.62,0.23/0.75 cat 0.40 auc 0.64,0.0,
c182,elev_doublet,lags+since,0.485,0.112,0.00/0.00 cat 0.00 auc nan,0.00/0.00 cat 0.00 auc 0.46,0.31/1.00 cat 0.40 auc 0.69,0.46/1.00 cat 1.00 auc 0.85,0.0,
c182,elev_doublet,since,0.508,0.117,0.00/0.00 cat 0.00 auc nan,0.08/1.00 cat 0.20 auc 0.50,0.31/1.00 cat 0.40 auc 0.76,0.46/1.00 cat 0.80 auc 0.85,0.0,
c182,elev_step,static,0.726,0.058,0.00/0.00 cat 0.00 auc nan,0.23/0.75 cat 0.60 auc 0.58,0.08/0.25 cat 0.60 auc 0.36,0.38/1.00 cat 0.60 auc 0.97,0.0,
c182,elev_step,lags,0.689,0.065,0.00/0.00 cat 0.00 auc nan,0.15/0.67 cat 0.40 auc 0.43,0.15/0.67 cat 0.40 auc 0.38,0.31/1.00 cat 0.60 auc 0.98,0.0,
c182,elev_step,lags+since,0.456,0.041,0.00/0.00 cat 0.00 auc nan,0.69/0.60 cat 0.80 auc 0.52,0.15/0.29 cat 0.60 auc 0.34,0.46/0.55 cat 0.80 auc 0.49,0.0,
c182,elev_step,since,0.478,0.039,0.00/0.00 cat 0.00 auc nan,0.62/0.62 cat 0.80 auc 0.62,0.15/0.25 cat 0.60 auc 0.37,0.46/0.50 cat 0.80 auc 0.39,0.05,
c182,aileron_step,static,0.671,0.103,0.05/1.00 cat 0.20 auc nan,0.23/1.00 cat 0.40 auc 0.42,0.15/1.00 cat 0.20 auc 0.76,0.38/0.83 cat 0.80 auc 0.70,0.0,
c182,aileron_step,lags,0.615,0.115,0.14/1.00 cat 0.40 auc nan,0.15/1.00 cat 0.20 auc 0.67,0.08/1.00 cat 0.20 auc 0.68,0.54/0.88 cat 0.80 auc 0.72,0.0,
c182,aileron_step,lags+since,0.466,0.137,0.18/1.00 cat 0.40 auc nan,0.15/0.40 cat 0.60 auc 0.53,0.23/1.00 cat 0.40 auc 0.83,0.62/0.73 cat 0.80 auc 0.70,0.14,
c182,aileron_step,since,0.485,0.103,0.09/1.00 cat 0.20 auc nan,0.15/0.50 cat 0.40 auc 0.57,0.15/1.00 cat 0.20 auc 0.85,0.54/0.58 cat 0.80 auc 0.67,0.05,
c182,rudder_doublet,static,0.729,0.088,0.14/1.00 cat 0.40 auc nan,0.00/0.00 cat 0.20 auc 0.41,0.15/1.00 cat 0.40 auc 0.48,1.00/0.93 cat 1.00 auc 0.83,0.05,
c182,rudder_doublet,lags,0.663,0.09,0.14/1.00 cat 0.40 auc nan,0.08/1.00 cat 0.20 auc 0.46,0.31/0.80 cat 0.40 auc 0.45,1.00/0.93 cat 1.00 auc 0.84,0.0,
c182,rudder_doublet,lags+since,0.483,0.09,0.23/1.00 cat 0.40 auc nan,0.31/0.80 cat 0.60 auc 0.74,0.23/1.00 cat 0.40 auc 0.53,0.77/0.71 cat 0.80 auc 0.91,0.0,
c182,rudder_doublet,since,0.518,0.086,0.27/1.00 cat 0.40 auc nan,0.31/0.80 cat 0.60 auc 0.49,0.31/1.00 cat 0.40 auc 0.44,0.92/0.75 cat 1.00 auc 0.89,0.0,
c182,bank_hold,static,0.684,0.1,0.00/0.00 cat 0.00 auc nan,0.15/0.40 cat 0.40 auc 0.44,0.23/1.00 cat 0.40 auc 0.62,0.15/0.67 cat 0.60 auc 0.69,0.0,
c182,bank_hold,lags,0.638,0.087,0.00/0.00 cat 0.00 auc nan,0.08/1.00 cat 0.20 auc 0.50,0.00/0.00 cat 0.00 auc 0.68,0.54/0.64 cat 0.80 auc 0.66,0.0,
c182,bank_hold,lags+since,0.462,0.113,0.14/1.00 cat 0.20 auc nan,0.23/1.00 cat 0.40 auc 0.71,0.08/0.50 cat 0.40 auc 0.49,0.54/0.58 cat 0.60 auc 0.50,0.0,
c182,bank_hold,since,0.488,0.115,0.09/1.00 cat 0.20 auc nan,0.23/1.00 cat 0.40 auc 0.63,0.08/0.25 cat 0.40 auc 0.47,0.54/0.54 cat 0.60 auc 0.41,0.0,
c182,climbing_turn,static,0.56,0.059,0.09/1.00 cat 0.40 auc nan,0.46/0.50 cat 0.60 auc 0.36,0.08/0.17 cat 0.60 auc 0.09,0.54/0.54 cat 0.80 auc 0.31,0.09,
c182,climbing_turn,lags,0.428,0.052,0.18/1.00 cat 0.60 auc nan,0.69/0.64 cat 0.80 auc 0.44,0.38/0.50 cat 0.80 auc 0.35,0.62/0.50 cat 0.80 auc 0.23,0.05,
c182,climbing_turn,lags+since,0.301,0.061,0.27/1.00 cat 0.60 auc nan,0.69/0.56 cat 0.80 auc 0.65,0.62/0.62 cat 0.60 auc 0.26,0.85/0.61 cat 0.80 auc 0.53,0.18,
c182,climbing_turn,since,0.324,0.061,0.09/1.00 cat 0.40 auc nan,0.69/0.56 cat 0.80 auc 0.64,0.69/0.69 cat 0.60 auc 0.43,0.62/0.67 cat 0.80 auc 0.65,0.18,
c182,elev_doublet_distractor,static,0.723,0.09,0.00/0.00 cat 0.00 auc nan,0.00/0.00 cat 0.00 auc 0.54,0.15/1.00 cat 0.20 auc 0.51,0.54/0.88 cat 0.60 auc 0.70,0.0,
c182,elev_doublet_distractor,lags,0.645,0.094,0.00/0.00 cat 0.00 auc nan,0.00/0.00 cat 0.00 auc 0.45,0.00/0.00 cat 0.00 auc 0.56,0.54/0.50 cat 0.60 auc 0.50,0.0,
c182,elev_doublet_distractor,lags+since,0.483,0.092,0.09/1.00 cat 0.20 auc nan,0.23/0.75 cat 0.40 auc 0.60,0.38/1.00 cat 0.40 auc 0.73,0.62/0.53 cat 0.80 auc 0.62,0.0,
c182,elev_doublet_distractor,since,0.528,0.097,0.14/1.00 cat 0.20 auc nan,0.15/0.50 cat 0.20 auc 0.49,0.15/0.67 cat 0.20 auc 0.73,0.54/0.54 cat 0.80 auc 0.62,0.0,
c182,engine_stop,static,0.743,0.065,0.00/0.00 cat 0.00 auc nan,0.31/0.57 cat 0.60 auc 0.57,0.00/0.00 cat 0.00 auc 0.26,0.62/0.73 cat 0.80 auc 0.60,0.0,
c182,engine_stop,lags,0.745,0.064,0.05/1.00 cat 0.20 auc nan,0.23/0.43 cat 0.80 auc 0.56,0.00/0.00 cat 0.00 auc 0.28,0.69/0.75 cat 1.00 auc 0.61,0.0,
c182,engine_stop,lags+since,0.374,0.065,0.00/0.00 cat 0.00 auc nan,0.46/0.60 cat 0.60 auc 0.61,0.08/1.00 cat 0.20 auc 0.50,0.62/0.50 cat 0.80 auc 0.44,0.0,
c182,engine_stop,since,0.378,0.065,0.00/0.00 cat 0.00 auc nan,0.46/0.60 cat 0.60 auc 0.61,0.00/0.00 cat 0.00 auc 0.47,0.69/0.53 cat 0.80 auc 0.43,0.0,
c310,cruise,static,0.729,0.09,0.14/1.00 cat 0.60 auc nan,0.31/0.67 cat 0.60 auc 0.65,0.23/0.75 cat 0.60 auc 0.50,0.15/0.67 cat 0.40 auc 0.57,0.14,
c310,cruise,lags,0.734,0.091,0.00/0.00 cat 0.00 auc nan,0.31/0.80 cat 0.60 auc 0.63,0.23/0.75 cat 0.60 auc 0.67,0.15/0.50 cat 0.40 auc 0.54,0.09,
c310,cruise,lags+since,0.732,0.095,0.00/0.00 cat 0.00 auc nan,0.23/1.00 cat 0.40 auc 0.53,0.23/0.75 cat 0.60 auc 0.65,0.31/1.00 cat 0.40 auc 0.68,0.18,
c310,cruise,since,0.737,0.094,0.05/1.00 cat 0.20 auc nan,0.23/0.75 cat 0.60 auc 0.47,0.23/0.75 cat 0.40 auc 0.68,0.15/1.00 cat 0.20 auc 0.65,0.14,
c310,throttle_step,static,0.637,0.05,0.14/1.00 cat 0.20 auc nan,0.62/0.80 cat 0.80 auc 0.69,0.23/0.50 cat 0.80 auc 0.21,0.31/0.80 cat 0.20 auc 0.56,0.14,
c310,throttle_step,lags,0.57,0.043,0.09/1.00 cat 0.40 auc nan,0.69/0.75 cat 0.80 auc 0.79,0.31/0.44 cat 0.80 auc 0.34,0.31/0.67 cat 0.60 auc 0.60,0.09,
c310,throttle_step,lags+since,0.342,0.061,0.00/0.00 cat 0.00 auc nan,1.00/0.65 cat 1.00 auc 0.97,0.54/0.64 cat 0.60 auc 0.57,0.77/0.83 cat 1.00 auc 0.79,0.0,
c310,throttle_step,since,0.364,0.057,0.00/0.00 cat 0.00 auc nan,0.85/0.61 cat 0.80 auc 0.91,0.54/0.58 cat 0.60 auc 0.66,0.54/0.78 cat 0.80 auc 0.65,0.0,
c310,elev_doublet,static,0.721,0.102,0.05/1.00 cat 0.20 auc nan,0.31/1.00 cat 0.60 auc 0.48,0.54/0.88 cat 0.60 auc 0.50,0.15/1.00 cat 0.40 auc 0.90,0.09,
c310,elev_doublet,lags,0.67,0.101,0.05/1.00 cat 0.20 auc nan,0.31/0.67 cat 0.60 auc 0.57,0.38/0.71 cat 0.60 auc 0.60,0.15/0.50 cat 0.60 auc 0.72,0.05,
c310,elev_doublet,lags+since,0.491,0.121,0.00/0.00 cat 0.00 auc nan,0.69/0.82 cat 0.80 auc 0.71,0.54/0.58 cat 0.80 auc 0.28,0.23/1.00 cat 0.60 auc 0.91,0.0,
c310,elev_doublet,since,0.5,0.104,0.00/0.00 cat 0.00 auc nan,0.54/0.64 cat 0.60 auc 0.51,0.54/0.58 cat 0.80 auc 0.28,0.23/0.75 cat 0.60 auc 0.77,0.0,
c310,elev_step,static,0.752,0.082,0.00/0.00 cat 0.00 auc nan,0.23/0.75 cat 0.40 auc 0.49,0.62/1.00 cat 0.80 auc 0.97,0.38/0.83 cat 0.60 auc 0.54,0.0,
c310,elev_step,lags,0.73,0.085,0.00/0.00 cat 0.00 auc nan,0.31/0.67 cat 0.60 auc 0.62,0.62/1.00 cat 0.80 auc 0.63,0.23/0.75 cat 0.60 auc 0.60,0.0,
c310,elev_step,lags+since,0.54,0.077,0.05/1.00 cat 0.20 auc nan,0.85/0.69 cat 0.80 auc 0.63,0.54/0.64 cat 0.80 auc 0.59,0.31/1.00 cat 0.40 auc 0.75,0.05,
c310,elev_step,since,0.545,0.083,0.09/1.00 cat 0.40 auc nan,0.77/0.67 cat 0.60 auc 0.62,0.62/0.67 cat 0.80 auc 0.74,0.31/1.00 cat 0.40 auc 0.83,0.05,
c310,aileron_step,static,0.675,0.138,0.05/1.00 cat 0.20 auc nan,0.38/1.00 cat 0.60 auc 0.83,0.08/0.50 cat 0.40 auc 0.92,0.38/0.83 cat 0.80 auc 0.79,0.0,
c310,aileron_step,lags,0.634,0.15,0.00/0.00 cat 0.00 auc nan,0.46/1.00 cat 0.80 auc 0.69,0.15/0.67 cat 0.60 auc 0.85,0.54/1.00 cat 0.60 auc 0.90,0.0,
c310,aileron_step,lags+since,0.514,0.136,0.05/1.00 cat 0.20 auc nan,0.62/0.89 cat 0.60 auc 0.95,0.62/1.00 cat 0.40 auc 1.00,0.62/0.89 cat 1.00 auc 0.80,0.0,
c310,aileron_step,since,0.526,0.132,0.00/0.00 cat 0.00 auc nan,0.46/0.86 cat 0.60 auc 0.97,0.46/0.86 cat 0.40 auc 0.99,0.62/0.80 cat 1.00 auc 0.77,0.0,
c310,rudder_doublet,static,0.746,0.1,0.00/0.00 cat 0.00 auc nan,0.23/0.75 cat 0.40 auc 0.41,0.23/1.00 cat 0.60 auc 0.47,0.38/0.83 cat 0.80 auc 0.65,0.05,
c310,rudder_doublet,lags,0.668,0.095,0.00/0.00 cat 0.00 auc nan,0.46/1.00 cat 0.60 auc 0.94,0.23/1.00 cat 0.20 auc 0.63,0.69/1.00 cat 0.80 auc 0.90,0.0,
c310,rudder_doublet,lags+since,0.505,0.087,0.00/0.00 cat 0.00 auc nan,0.85/1.00 cat 0.80 auc 1.00,0.31/1.00 cat 0.80 auc 0.78,0.46/1.00 cat 0.80 auc 0.97,0.0,
c310,rudder_doublet,since,0.531,0.077,0.00/0.00 cat 0.00 auc nan,0.85/0.92 cat 0.80 auc 0.98,0.23/0.75 cat 0.60 auc 0.75,0.69/0.90 cat 0.80 auc 0.93,0.05,
c310,bank_hold,static,0.694,0.109,0.00/0.00 cat 0.00 auc nan,0.08/0.20 cat 0.60 auc 0.45,0.46/0.86 cat 0.80 auc 0.86,0.23/0.50 cat 0.80 auc 0.60,0.05,
c310,bank_hold,lags,0.638,0.12,0.00/0.00 cat 0.00 auc nan,0.23/0.60 cat 0.60 auc 0.76,0.31/0.67 cat 0.80 auc 0.91,0.31/0.57 cat 0.80 auc 0.63,0.05,
c310,bank_hold,lags+since,0.447,0.144,0.00/0.00 cat 0.00 auc nan,0.77/0.91 cat 0.80 auc 0.99,0.77/0.83 cat 0.80 auc 0.88,0.46/0.86 cat 0.80 auc 0.83,0.0,
c310,bank_hold,since,0.478,0.133,0.00/0.00 cat 0.00 auc nan,0.69/0.82 cat 0.80 auc 0.97,0.77/0.83 cat 0.80 auc 0.83,0.46/0.86 cat 0.80 auc 0.79,0.0,
c310,flap_extend,static,0.72,0.11,0.05/1.00 cat 0.20 auc nan,0.15/0.67 cat 0.40 auc 0.67,0.31/0.50 cat 0.40 auc 0.45,0.38/1.00 cat 0.40 auc 0.59,0.14,
c310,flap_extend,lags,0.67,0.113,0.14/1.00 cat 0.40 auc nan,0.15/1.00 cat 0.40 auc 0.67,0.23/0.33 cat 0.60 auc 0.45,0.38/0.83 cat 0.40 auc 0.44,0.09,
c310,flap_extend,lags+since,0.54,0.139,0.05/1.00 cat 0.20 auc nan,0.46/0.60 cat 0.60 auc 0.79,0.69/0.64 cat 0.60 auc 0.60,0.31/0.80 cat 0.40 auc 0.43,0.09,
c310,flap_extend,since,0.536,0.128,0.05/1.00 cat 0.20 auc nan,0.69/0.75 cat 0.60 auc 0.86,0.77/0.59 cat 0.80 auc 0.54,0.54/0.88 cat 0.40 auc 0.49,0.05,
c310,engine_cut,static,0.764,0.03,0.00/0.00 cat 0.00 auc nan,0.54/0.64 cat 0.80 auc 0.51,0.23/0.75 cat 0.60 auc 0.36,0.46/0.60 cat 1.00 auc 0.44,0.0,
c310,engine_cut,lags,0.762,0.031,0.00/0.00 cat 0.00 auc nan,0.38/0.62 cat 0.60 auc 0.51,0.23/0.75 cat 0.60 auc 0.46,0.46/0.67 cat 0.80 auc 0.50,0.0,
c310,engine_cut,lags+since,0.411,0.031,0.05/1.00 cat 0.20 auc nan,0.85/0.69 cat 0.80 auc 0.75,0.62/0.62 cat 0.60 auc 0.56,0.54/0.47 cat 1.00 auc 0.46,0.0,
c310,engine_cut,since,0.409,0.022,0.09/1.00 cat 0.40 auc nan,0.85/0.69 cat 0.80 auc 0.75,0.62/0.62 cat 0.60 auc 0.64,0.54/0.47 cat 1.00 auc 0.47,0.0,
c310,climbing_turn,static,0.57,0.04,0.00/0.00 cat 0.00 auc nan,0.54/0.70 cat 0.60 auc 0.78,0.15/0.50 cat 0.60 auc 0.40,0.85/0.58 cat 1.00 auc 0.35,0.0,
c310,climbing_turn,lags,0.443,0.044,0.00/0.00 cat 0.00 auc nan,0.77/0.77 cat 0.80 auc 0.96,0.62/0.80 cat 0.80 auc 0.67,0.85/0.58 cat 1.00 auc 0.57,0.0,
c310,climbing_turn,lags+since,0.309,0.046,0.00/0.00 cat 0.00 auc nan,0.85/0.73 cat 0.80 auc 0.95,0.62/0.67 cat 0.80 auc 0.62,0.69/0.53 cat 0.80 auc 0.37,0.0,
c310,climbing_turn,since,0.335,0.046,0.00/0.00 cat 0.00 auc nan,0.85/0.58 cat 0.80 auc 0.83,0.62/0.67 cat 0.80 auc 0.59,0.38/0.42 cat 0.80 auc 0.22,0.0,
c310,elev_doublet_distractor,static,0.751,0.069,0.05/1.00 cat 0.20 auc nan,0.23/1.00 cat 0.40 auc 0.81,0.62/1.00 cat 0.80 auc 0.83,0.38/0.83 cat 0.80 auc 0.56,0.05,
c310,elev_doublet_distractor,lags,0.662,0.086,0.05/1.00 cat 0.20 auc nan,0.38/1.00 cat 0.40 auc 0.84,0.46/1.00 cat 0.60 auc 0.86,0.46/0.60 cat 0.80 auc 0.50,0.05,
c310,elev_doublet_distractor,lags+since,0.525,0.075,0.00/0.00 cat 0.00 auc nan,0.77/1.00 cat 0.80 auc 0.98,0.77/1.00 cat 0.80 auc 1.00,0.31/0.50 cat 0.60 auc 0.36,0.0,
c310,elev_doublet_distractor,since,0.571,0.071,0.00/0.00 cat 0.00 auc nan,0.85/0.85 cat 0.80 auc 1.00,0.77/1.00 cat 0.80 auc 0.96,0.54/0.50 cat 0.80 auc 0.33,0.0,
c310,engine_stop,static,0.757,0.046,0.00/0.00 cat 0.00 auc nan,0.54/0.88 cat 0.60 auc 0.72,0.23/0.43 cat 0.60 auc 0.29,0.08/0.33 cat 0.40 auc 0.57,0.0,
c310,engine_stop,lags,0.758,0.047,0.00/0.00 cat 0.00 auc nan,0.54/0.88 cat 0.60 auc 0.69,0.23/0.50 cat 0.60 auc 0.33,0.15/0.50 cat 0.40 auc 0.52,0.05,
c310,engine_stop,lags+since,0.372,0.065,0.00/0.00 cat 0.00 auc nan,0.85/0.73 cat 0.80 auc 0.79,0.46/0.60 cat 0.80 auc 0.56,0.54/0.78 cat 0.80 auc 0.62,0.0,
c310,engine_stop,since,0.374,0.06,0.00/0.00 cat 0.00 auc nan,0.85/0.73 cat 0.80 auc 0.79,0.46/0.55 cat 0.80 auc 0.56,0.62/0.80 cat 0.80 auc 0.63,0.0,
f15,cruise,static,0.689,0.118,0.00/0.00 cat 0.00 auc nan,0.15/1.00 cat 0.40 auc 0.56,0.31/0.57 cat 0.40 auc 0.84,0.31/0.50 cat 0.40 auc 0.62,0.0,
f15,cruise,lags,0.693,0.115,0.00/0.00 cat 0.00 auc nan,0.08/1.00 cat 0.20 auc 0.53,0.31/0.57 cat 0.40 auc 0.79,0.31/0.50 cat 0.40 auc 0.64,0.0,
f15,cruise,lags+since,0.688,0.12,0.00/0.00 cat 0.00 auc nan,0.15/1.00 cat 0.40 auc 0.54,0.31/0.50 cat 0.40 auc 0.78,0.31/0.50 cat 0.40 auc 0.66,0.0,
f15,cruise,since,0.692,0.118,0.00/0.00 cat 0.00 auc nan,0.15/1.00 cat 0.40 auc 0.52,0.31/0.57 cat 0.40 auc 0.85,0.31/0.50 cat 0.40 auc 0.64,0.0,
f15,throttle_step,static,0.488,0.124,0.00/0.00 cat 0.00 auc nan,0.00/0.00 cat 0.00 auc 0.57,0.46/0.40 cat 0.80 auc 0.26,0.54/0.44 cat 0.80 auc 0.50,0.0,
f15,throttle_step,lags,0.429,0.118,0.05/1.00 cat 0.20 auc nan,0.08/1.00 cat 0.20 auc 0.69,0.54/0.44 cat 0.80 auc 0.40,0.62/0.47 cat 0.80 auc 0.39,0.05,
f15,throttle_step,lags+since,0.381,0.106,0.05/1.00 cat 0.20 auc nan,0.08/1.00 cat 0.20 auc 0.66,0.69/0.56 cat 0.60 auc 0.53,0.69/0.50 cat 0.80 auc 0.39,0.0,
f15,throttle_step,since,0.401,0.115,0.00/0.00 cat 0.00 auc nan,0.08/1.00 cat 0.20 auc 0.78,0.54/0.54 cat 0.60 auc 0.54,0.69/0.50 cat 0.80 auc 0.42,0.0,
f15,elev_doublet,static,0.676,0.153,0.05/1.00 cat 0.20 auc nan,0.00/0.00 cat 0.40 auc 0.80,0.23/0.50 cat 0.80 auc 0.84,0.38/0.45 cat 0.80 auc 0.74,0.05,
f15,elev_doublet,lags,0.631,0.15,0.00/0.00 cat 0.00 auc nan,0.00/0.00 cat 0.00 auc 0.79,0.38/0.62 cat 1.00 auc 0.82,0.31/0.40 cat 0.80 auc 0.77,0.0,
f15,elev_doublet,lags+since,0.569,0.152,0.00/0.00 cat 0.00 auc nan,0.00/0.00 cat 0.00 auc 0.68,0.08/0.25 cat 0.40 auc 0.63,0.08/0.14 cat 0.40 auc 0.45,0.0,
f15,elev_doublet,since,0.585,0.151,0.00/0.00 cat 0.00 auc nan,0.00/0.00 cat 0.00 auc 0.73,0.08/0.33 cat 0.40 auc 0.65,0.00/0.00 cat 0.40 auc 0.50,0.0,
f15,elev_step,static,0.655,0.095,0.00/0.00 cat 0.00 auc nan,0.00/0.00 cat 0.20 auc 0.20,0.15/0.67 cat 0.60 auc 0.63,0.38/0.62 cat 0.80 auc 0.62,0.0,
f15,elev_step,lags,0.603,0.1,0.09/1.00 cat 0.20 auc nan,0.15/0.50 cat 0.40 auc 0.31,0.08/0.50 cat 0.40 auc 0.66,0.38/0.62 cat 0.80 auc 0.67,0.0,
f15,elev_step,lags+since,0.377,0.105,0.09/1.00 cat 0.40 auc nan,0.00/0.00 cat 0.40 auc 0.21,0.46/0.75 cat 0.80 auc 0.64,0.54/0.58 cat 0.80 auc 0.68,0.05,
f15,elev_step,since,0.392,0.115,0.09/1.00 cat 0.40 auc nan,0.00/0.00 cat 0.40 auc 0.24,0.31/0.57 cat 0.80 auc 0.60,0.54/0.58 cat 0.80 auc 0.68,0.05,
f15,aileron_step,static,0.555,0.146,0.00/0.00 cat 0.00 auc nan,0.00/0.00 cat 0.00 auc 0.69,0.77/0.53 cat 1.00 auc 0.28,0.62/0.53 cat 0.80 auc 0.38,0.0,
f15,aileron_step,lags,0.474,0.13,0.09/1.00 cat 0.20 auc nan,0.00/0.00 cat 0.20 auc 0.49,0.77/0.53 cat 1.00 auc 0.07,0.62/0.47 cat 1.00 auc 0.28,0.05,
f15,aileron_step,lags+since,0.411,0.131,0.00/0.00 cat 0.00 auc nan,0.00/0.00 cat 0.00 auc 0.56,0.46/0.43 cat 0.80 auc 0.32,0.38/0.38 cat 0.80 auc 0.35,0.0,
f15,aileron_step,since,0.446,0.127,0.00/0.00 cat 0.00 auc nan,0.00/0.00 cat 0.00 auc 0.45,0.46/0.43 cat 0.80 auc 0.37,0.46/0.55 cat 0.60 auc 0.46,0.0,
f15,rudder_doublet,static,0.586,0.086,0.05/1.00 cat 0.20 auc nan,0.08/1.00 cat 0.20 auc 0.68,0.92/0.63 cat 1.00 auc 0.55,0.46/0.55 cat 0.80 auc 0.40,0.05,
f15,rudder_doublet,lags,0.408,0.087,0.09/1.00 cat 0.40 auc nan,0.00/0.00 cat 0.60 auc 0.56,0.92/0.63 cat 1.00 auc 0.23,0.69/0.56 cat 1.00 auc 0.42,0.14,
f15,rudder_doublet,lags+since,0.35,0.08,0.14/1.00 cat 0.40 auc nan,0.15/1.00 cat 0.40 auc 0.64,0.62/0.47 cat 0.80 auc 0.26,0.54/0.44 cat 0.80 auc 0.27,0.05,
f15,rudder_doublet,since,0.431,0.078,0.05/1.00 cat 0.20 auc nan,0.15/1.00 cat 0.40 auc 0.61,0.62/0.50 cat 0.80 auc 0.32,0.54/0.47 cat 0.80 auc 0.34,0.05,
f15,bank_hold,static,0.564,0.108,0.00/0.00 cat 0.00 auc nan,0.00/0.00 cat 0.00 auc 0.64,0.54/0.44 cat 1.00 auc 0.03,0.62/0.53 cat 1.00 auc 0.17,0.0,
f15,bank_hold,lags,0.496,0.113,0.00/0.00 cat 0.00 auc nan,0.00/0.00 cat 0.00 auc 0.62,0.62/0.47 cat 1.00 auc 0.08,0.62/0.57 cat 0.80 auc 0.40,0.0,
f15,bank_hold,lags+since,0.443,0.118,0.09/1.00 cat 0.20 auc nan,0.15/1.00 cat 0.20 auc 0.26,0.23/0.30 cat 0.80 auc 0.26,0.46/0.40 cat 1.00 auc 0.30,0.09,
f15,bank_hold,since,0.452,0.111,0.09/1.00 cat 0.20 auc nan,0.15/1.00 cat 0.20 auc 0.55,0.23/0.33 cat 0.80 auc 0.29,0.54/0.44 cat 1.00 auc 0.29,0.09,
f15,flap_extend,static,0.644,0.131,0.14/1.00 cat 0.40 auc nan,0.23/0.75 cat 0.40 auc 0.62,0.08/0.17 cat 0.60 auc 0.44,0.15/0.33 cat 0.60 auc 0.46,0.09,
f15,flap_extend,lags,0.583,0.118,0.23/1.00 cat 0.40 auc nan,0.15/0.67 cat 0.40 auc 0.68,0.08/0.14 cat 0.60 auc 0.42,0.15/0.29 cat 0.60 auc 0.50,0.18,
f15,flap_extend,lags+since,0.326,0.166,0.05/1.00 cat 0.20 auc nan,0.08/0.50 cat 0.20 auc 0.60,0.31/0.50 cat 0.60 auc 0.53,0.38/0.45 cat 0.60 auc 0.37,0.0,
f15,flap_extend,since,0.328,0.118,0.00/0.00 cat 0.00 auc nan,0.08/0.50 cat 0.20 auc 0.56,0.31/0.50 cat 0.60 auc 0.56,0.38/0.45 cat 0.60 auc 0.38,0.0,
f15,engine_cut,static,0.335,0.062,0.05/1.00 cat 0.20 auc nan,0.08/0.50 cat 0.20 auc 0.47,0.92/0.57 cat 1.00 auc 0.56,0.85/0.58 cat 1.00 auc 0.44,0.0,
f15,engine_cut,lags,0.256,0.043,0.00/0.00 cat 0.00 auc nan,0.08/1.00 cat 0.20 auc 0.29,0.92/0.57 cat 1.00 auc 0.58,0.85/0.58 cat 1.00 auc 0.43,0.0,
f15,engine_cut,lags+since,0.207,0.043,0.00/0.00 cat 0.00 auc nan,0.08/1.00 cat 0.20 auc 0.32,0.85/0.61 cat 0.80 auc 0.67,0.85/0.55 cat 1.00 auc 0.64,0.0,
f15,engine_cut,since,0.237,0.04,0.00/0.00 cat 0.00 auc nan,0.08/1.00 cat 0.20 auc 0.46,0.77/0.62 cat 0.60 auc 0.71,0.85/0.55 cat 1.00 auc 0.62,0.05,
f15,climbing_turn,static,0.536,0.11,0.09/1.00 cat 0.20 auc nan,0.15/1.00 cat 0.20 auc 0.70,0.62/0.47 cat 1.00 auc 0.40,0.69/0.50 cat 1.00 auc 0.37,0.09,
f15,climbing_turn,lags,0.425,0.112,0.00/0.00 cat 0.00 auc nan,0.15/1.00 cat 0.20 auc 0.65,0.69/0.50 cat 0.80 auc 0.16,0.77/0.53 cat 1.00 auc 0.23,0.0,
f15,climbing_turn,lags+since,0.382,0.091,0.00/0.00 cat 0.00 auc nan,0.08/1.00 cat 0.20 auc 0.61,0.54/0.50 cat 0.80 auc 0.20,0.69/0.53 cat 1.00 auc 0.32,0.0,
f15,climbing_turn,since,0.416,0.095,0.00/0.00 cat 0.00 auc nan,0.08/1.00 cat 0.20 auc 0.56,0.54/0.50 cat 0.80 auc 0.39,0.54/0.44 cat 0.80 auc 0.26,0.0,
f15,elev_doublet_distractor,static,0.651,0.111,0.00/0.00 cat 0.00 auc nan,0.00/0.00 cat 0.00 auc 0.52,0.31/0.36 cat 0.60 auc 0.30,0.46/0.46 cat 0.60 auc 0.40,0.0,
f15,elev_doublet_distractor,lags,0.521,0.109,0.00/0.00 cat 0.00 auc nan,0.00/0.00 cat 0.00 auc 0.82,0.31/0.33 cat 0.80 auc 0.09,0.46/0.43 cat 0.80 auc 0.16,0.05,
f15,elev_doublet_distractor,lags+since,0.454,0.107,0.00/0.00 cat 0.00 auc nan,0.00/0.00 cat 0.00 auc 0.62,0.15/0.25 cat 0.60 auc 0.12,0.23/0.30 cat 0.60 auc 0.17,0.0,
f15,elev_doublet_distractor,since,0.506,0.097,0.05/1.00 cat 0.20 auc nan,0.08/1.00 cat 0.20 auc 0.54,0.15/0.40 cat 0.40 auc 0.15,0.15/0.29 cat 0.40 auc 0.27,0.05,
f15,engine_restart,static,0.357,0.033,0.09/1.00 cat 0.40 auc nan,0.15/0.67 cat 0.40 auc 0.52,0.85/0.55 cat 1.00 auc 0.51,0.85/0.55 cat 1.00 auc 0.55,0.09,
f15,engine_restart,lags,0.209,0.029,0.27/1.00 cat 0.40 auc nan,0.69/0.75 cat 0.60 auc 0.77,0.92/0.57 cat 1.00 auc 0.37,0.85/0.55 cat 1.00 auc 0.57,0.32,
f15,engine_restart,lags+since,0.157,0.024,0.18/1.00 cat 0.60 auc nan,0.54/0.88 cat 0.80 auc 0.85,0.92/0.57 cat 1.00 auc 0.36,1.00/0.59 cat 1.00 auc 0.61,0.09,
f15,engine_restart,since,0.196,0.024,0.36/1.00 cat 0.80 auc nan,0.77/0.91 cat 0.80 auc 0.70,0.92/0.57 cat 1.00 auc 0.40,0.92/0.57 cat 1.00 auc 0.65,0.14,
f16,cruise,static,0.335,0.099,0.14/1.00 cat 0.60 auc nan,0.00/0.00 cat 0.00 auc 0.15,0.38/0.83 cat 0.60 auc 0.71,0.69/0.56 cat 0.60 auc 0.38,0.0,
f16,cruise,lags,0.329,0.131,0.14/1.00 cat 0.60 auc nan,0.00/0.00 cat 0.00 auc 0.17,0.38/0.83 cat 0.60 auc 0.85,0.69/0.53 cat 0.80 auc 0.25,0.0,
f16,cruise,lags+since,0.335,0.139,0.14/1.00 cat 0.60 auc nan,0.00/0.00 cat 0.00 auc 0.15,0.38/0.83 cat 0.60 auc 0.75,0.69/0.56 cat 0.60 auc 0.19,0.0,
f16,cruise,since,0.337,0.099,0.14/1.00 cat 0.60 auc nan,0.00/0.00 cat 0.00 auc 0.18,0.38/0.83 cat 0.60 auc 0.60,0.69/0.56 cat 0.60 auc 0.38,0.0,
f16,throttle_step,static,0.145,0.025,0.05/1.00 cat 0.20 auc nan,0.08/1.00 cat 0.20 auc 0.62,0.77/1.00 cat 0.60 auc 0.85,0.85/0.55 cat 1.00 auc 0.82,0.05,
f16,throttle_step,lags,0.126,0.029,0.05/1.00 cat 0.20 auc nan,0.00/0.00 cat 0.00 auc 0.69,0.85/1.00 cat 0.80 auc 1.00,0.85/0.55 cat 1.00 auc 0.85,0.05,
f16,throttle_step,lags+since,0.116,0.027,0.00/0.00 cat 0.00 auc nan,0.00/0.00 cat 0.00 auc 0.61,0.62/1.00 cat 0.60 auc 0.85,0.92/0.57 cat 1.00 auc 0.89,0.0,
f16,throttle_step,since,0.124,0.026,0.05/1.00 cat 0.20 auc nan,0.00/0.00 cat 0.00 auc 0.77,0.62/1.00 cat 0.60 auc 0.85,0.85/0.55 cat 1.00 auc 0.85,0.05,
f16,elev_doublet,static,0.433,0.192,0.14/1.00 cat 0.40 auc nan,0.23/0.75 cat 0.60 auc 0.79,0.23/0.50 cat 0.80 auc 0.74,0.77/0.62 cat 0.80 auc 0.52,0.14,
f16,elev_doublet,lags,0.43,0.191,0.05/1.00 cat 0.20 auc nan,0.08/0.50 cat 0.40 auc 0.53,0.15/0.50 cat 0.60 auc 0.68,0.77/0.62 cat 0.80 auc 0.49,0.09,
f16,elev_doublet,lags+since,0.373,0.182,0.00/0.00 cat 0.00 auc nan,0.00/0.00 cat 0.00 auc 0.47,0.08/0.50 cat 0.40 auc 0.59,0.62/0.62 cat 0.60 auc 0.44,0.0,
f16,elev_doublet,since,0.375,0.189,0.00/0.00 cat 0.00 auc nan,0.00/0.00 cat 0.00 auc 0.56,0.08/0.33 cat 0.60 auc 0.97,0.62/0.62 cat 0.60 auc 0.44,0.0,
f16,elev_step,static,0.259,0.072,0.00/0.00 cat 0.00 auc nan,0.00/0.00 cat 0.20 auc 0.50,0.23/1.00 cat 0.60 auc 0.68,0.92/0.57 cat 1.00 auc 0.54,0.09,
f16,elev_step,lags,0.252,0.075,0.00/0.00 cat 0.00 auc nan,0.00/0.00 cat 0.20 auc 0.21,0.23/1.00 cat 0.60 auc 0.62,1.00/0.59 cat 1.00 auc 0.61,0.09,
f16,elev_step,lags+since,0.239,0.075,0.00/0.00 cat 0.00 auc nan,0.00/0.00 cat 0.00 auc 0.24,0.08/1.00 cat 0.20 auc 0.62,0.92/0.57 cat 1.00 auc 0.74,0.05,
f16,elev_step,since,0.246,0.086,0.00/0.00 cat 0.00 auc nan,0.00/0.00 cat 0.00 auc 0.62,0.23/1.00 cat 0.40 auc 0.55,0.62/0.47 cat 0.80 auc 0.58,0.0,
f16,aileron_step,static,0.14,0.031,0.05/1.00 cat 0.20 auc nan,0.38/0.62 cat 0.80 auc 0.65,1.00/0.68 cat 1.00 auc 0.80,0.92/0.63 cat 0.80 auc 0.64,0.0,
f16,aileron_step,lags,0.094,0.027,0.05/1.00 cat 0.20 auc nan,0.31/0.67 cat 0.80 auc 0.67,1.00/0.68 cat 1.00 auc 0.92,0.85/0.58 cat 1.00 auc 0.70,0.0,
f16,aileron_step,lags+since,0.097,0.033,0.05/1.00 cat 0.20 auc nan,0.31/1.00 cat 0.60 auc 0.56,1.00/0.72 cat 1.00 auc 0.92,0.92/0.63 cat 1.00 auc 0.71,0.0,
f16,aileron_step,since,0.133,0.03,0.00/0.00 cat 0.00 auc nan,0.23/0.60 cat 0.60 auc 0.58,0.62/0.57 cat 0.80 auc 0.56,0.85/0.61 cat 0.80 auc 0.60,0.0,
f16,rudder_doublet,static,0.311,0.122,0.18/1.00 cat 0.60 auc nan,0.00/0.00 cat 0.00 auc 0.51,0.08/0.25 cat 0.40 auc 0.44,0.54/0.64 cat 0.80 auc 0.63,0.0,
f16,rudder_doublet,lags,0.27,0.082,0.18/1.00 cat 0.40 auc nan,0.08/1.00 cat 0.20 auc 0.57,0.00/0.00 cat 0.60 auc 0.60,0.62/0.73 cat 0.80 auc 0.75,0.05,
f16,rudder_doublet,lags+since,0.267,0.088,0.09/1.00 cat 0.40 auc nan,0.00/0.00 cat 0.20 auc 0.58,0.08/0.33 cat 0.40 auc 0.67,0.54/0.70 cat 0.60 auc 0.79,0.05,
f16,rudder_doublet,since,0.287,0.094,0.05/1.00 cat 0.20 auc nan,0.00/0.00 cat 0.00 auc 0.57,0.08/0.33 cat 0.40 auc 0.63,0.54/0.70 cat 0.60 auc 0.78,0.0,
f16,flap_extend,static,0.357,0.15,0.23/1.00 cat 0.80 auc nan,0.00/0.00 cat 0.00 auc 0.36,0.46/0.67 cat 0.80 auc 0.54,0.62/0.53 cat 0.60 auc 0.38,0.0,
f16,flap_extend,lags,0.309,0.125,0.23/1.00 cat 0.60 auc nan,0.00/0.00 cat 0.00 auc 0.24,0.38/0.56 cat 0.80 auc 0.47,0.69/0.56 cat 0.60 auc 0.30,0.0,
f16,flap_extend,lags+since,0.234,0.102,0.27/1.00 cat 0.40 auc nan,0.00/0.00 cat 0.00 auc 0.29,0.38/0.36 cat 0.80 auc 0.07,0.69/0.56 cat 0.60 auc 0.38,0.0,
f16,flap_extend,since,0.229,0.115,0.32/1.00 cat 0.60 auc nan,0.08/1.00 cat 0.20 auc 0.31,0.38/0.36 cat 0.80 auc 0.08,0.69/0.56 cat 0.60 auc 0.38,0.0,
f16,elev_doublet_distractor,static,0.297,0.073,0.00/0.00 cat 0.00 auc nan,0.00/0.00 cat 0.00 auc 0.49,0.38/0.50 cat 0.80 auc 0.62,0.85/0.65 cat 0.80 auc 0.56,0.0,
f16,elev_doublet_distractor,lags,0.26,0.068,0.05/1.00 cat 0.20 auc nan,0.00/0.00 cat 0.00 auc 0.47,0.15/0.40 cat 0.60 auc 0.61,0.85/0.61 cat 1.00 auc 0.57,0.0,
f16,elev_doublet_distractor,lags+since,0.249,0.07,0.09/1.00 cat 0.40 auc nan,0.00/0.00 cat 0.00 auc 0.49,0.15/0.22 cat 0.80 auc 0.51,0.85/0.58 cat 1.00 auc 0.55,0.0,
f16,elev_doublet_distractor,since,0.285,0.064,0.00/0.00 cat 0.00 auc nan,0.00/0.00 cat 0.00 auc 0.48,0.46/0.50 cat 0.80 auc 0.58,0.92/0.63 cat 1.00 auc 0.65,0.0,
global5000,cruise,static,0.582,0.123,0.00/0.00 cat 0.00 auc nan,0.08/0.50 cat 0.40 auc 0.31,0.77/0.71 cat 0.80 auc 0.74,0.54/0.64 cat 0.60 auc 0.62,0.0,
global5000,cruise,lags,0.578,0.126,0.00/0.00 cat 0.00 auc nan,0.08/0.50 cat 0.40 auc 0.32,0.77/0.71 cat 0.80 auc 0.76,0.54/0.64 cat 0.60 auc 0.62,0.0,
global5000,cruise,lags+since,0.579,0.121,0.00/0.00 cat 0.00 auc nan,0.08/0.50 cat 0.40 auc 0.44,0.77/0.71 cat 0.80 auc 0.74,0.54/0.70 cat 0.40 auc 0.62,0.0,
global5000,cruise,since,0.592,0.113,0.00/0.00 cat 0.00 auc nan,0.08/0.50 cat 0.40 auc 0.35,0.69/0.69 cat 0.80 auc 0.74,0.54/0.64 cat 0.60 auc 0.61,0.0,
global5000,throttle_step,static,0.336,0.047,0.05/1.00 cat 0.20 auc nan,0.23/0.75 cat 0.40 auc 0.64,0.77/0.91 cat 0.80 auc 0.77,0.77/0.56 cat 0.80 auc 0.47,0.05,
global5000,throttle_step,lags,0.245,0.049,0.09/1.00 cat 0.40 auc nan,0.38/0.83 cat 0.60 auc 0.62,0.77/0.83 cat 0.80 auc 0.96,0.62/0.47 cat 0.80 auc 0.46,0.09,
global5000,throttle_step,lags+since,0.22,0.055,0.14/1.00 cat 0.40 auc nan,0.38/0.83 cat 0.60 auc 0.85,1.00/0.76 cat 1.00 auc 1.00,0.69/0.50 cat 0.80 auc 0.44,0.09,
global5000,throttle_step,since,0.258,0.053,0.05/1.00 cat 0.20 auc nan,0.23/0.75 cat 0.40 auc 0.82,0.69/0.64 cat 0.80 auc 0.92,0.85/0.55 cat 0.80 auc 0.55,0.09,
global5000,elev_doublet,static,0.574,0.172,0.00/0.00 cat 0.00 auc nan,0.08/1.00 cat 0.20 auc 0.56,0.31/1.00 cat 0.40 auc 0.87,0.54/0.78 cat 0.60 auc 0.67,0.0,
global5000,elev_doublet,lags,0.544,0.171,0.00/0.00 cat 0.00 auc nan,0.00/0.00 cat 0.00 auc 0.33,0.31/0.80 cat 0.60 auc 0.82,0.54/0.70 cat 0.80 auc 0.61,0.0,
global5000,elev_doublet,lags+since,0.439,0.14,0.05/1.00 cat 0.20 auc nan,0.00/0.00 cat 0.00 auc 0.48,0.38/0.56 cat 0.80 auc 0.68,0.31/0.50 cat 0.40 auc 0.47,0.0,
global5000,elev_doublet,since,0.467,0.153,0.00/0.00 cat 0.00 auc nan,0.00/0.00 cat 0.00 auc 0.28,0.54/0.88 cat 1.00 auc 0.77,0.38/0.62 cat 0.40 auc 0.51,0.0,
global5000,elev_step,static,0.423,0.064,0.05/1.00 cat 0.20 auc nan,0.23/1.00 cat 0.60 auc 0.64,0.38/0.45 cat 0.60 auc 0.38,0.77/0.56 cat 0.80 auc 0.32,0.09,
global5000,elev_step,lags,0.325,0.082,0.09/1.00 cat 0.40 auc nan,0.23/0.75 cat 0.60 auc 0.50,0.69/0.50 cat 0.80 auc 0.54,0.92/0.60 cat 1.00 auc 0.36,0.05,
global5000,elev_step,lags+since,0.284,0.076,0.09/1.00 cat 0.40 auc nan,0.23/1.00 cat 0.60 auc 0.40,0.69/0.53 cat 0.80 auc 0.68,0.77/0.59 cat 0.80 auc 0.60,0.0,
global5000,elev_step,since,0.313,0.059,0.05/1.00 cat 0.20 auc nan,0.46/1.00 cat 0.80 auc 0.68,0.69/0.53 cat 0.80 auc 0.53,0.54/0.50 cat 0.80 auc 0.42,0.05,
global5000,aileron_step,static,0.402,0.093,0.23/1.00 cat 0.60 auc nan,0.08/0.14 cat 0.60 auc 0.57,0.31/0.40 cat 0.60 auc 0.59,0.31/0.40 cat 0.80 auc 0.57,0.23,
global5000,aileron_step,lags,0.294,0.095,0.18/1.00 cat 0.40 auc nan,0.08/0.20 cat 0.40 auc 0.54,0.31/0.44 cat 0.60 auc 0.68,0.46/0.46 cat 0.80 auc 0.79,0.18,
global5000,aileron_step,lags+since,0.287,0.089,0.09/1.00 cat 0.40 auc nan,0.00/0.00 cat 0.20 auc 0.55,0.31/0.57 cat 0.60 auc 0.69,0.46/0.46 cat 0.80 auc 0.63,0.05,
global5000,aileron_step,since,0.317,0.104,0.05/1.00 cat 0.20 auc nan,0.00/0.00 cat 0.20 auc 0.56,0.31/0.67 cat 0.40 auc 0.65,0.46/0.67 cat 0.80 auc 0.67,0.0,
global5000,rudder_doublet,static,0.461,0.145,0.09/1.00 cat 0.20 auc nan,0.15/1.00 cat 0.20 auc 0.62,0.46/1.00 cat 0.40 auc 0.82,0.31/1.00 cat 0.40 auc 0.80,0.09,
global5000,rudder_doublet,lags,0.393,0.14,0.14/1.00 cat 0.40 auc nan,0.15/1.00 cat 0.20 auc 0.68,0.46/1.00 cat 0.40 auc 0.84,0.31/1.00 cat 0.40 auc 0.74,0.09,
global5000,rudder_doublet,lags+since,0.329,0.126,0.00/0.00 cat 0.00 auc nan,0.00/0.00 cat 0.00 auc 0.58,0.31/0.57 cat 0.40 auc 0.85,0.31/0.57 cat 0.60 auc 0.56,0.0,
global5000,rudder_doublet,since,0.356,0.125,0.00/0.00 cat 0.00 auc nan,0.00/0.00 cat 0.00 auc 0.46,0.38/1.00 cat 0.40 auc 0.78,0.31/0.80 cat 0.40 auc 0.61,0.0,
global5000,bank_hold,static,0.4,0.085,0.09/1.00 cat 0.40 auc nan,0.08/0.50 cat 0.40 auc 0.44,0.15/0.25 cat 0.60 auc 0.44,0.08/0.17 cat 0.80 auc 0.33,0.09,
global5000,bank_hold,lags,0.3,0.072,0.09/1.00 cat 0.40 auc nan,0.00/0.00 cat 0.20 auc 0.63,0.15/0.29 cat 0.60 auc 0.45,0.15/0.22 cat 0.80 auc 0.50,0.09,
global5000,bank_hold,lags+since,0.286,0.08,0.09/1.00 cat 0.40 auc nan,0.00/0.00 cat 0.20 auc 0.73,0.15/0.40 cat 0.60 auc 0.45,0.15/0.22 cat 0.80 auc 0.51,0.05,
global5000,bank_hold,since,0.33,0.092,0.09/1.00 cat 0.40 auc nan,0.15/0.67 cat 0.40 auc 0.38,0.15/0.33 cat 0.60 auc 0.42,0.23/0.60 cat 0.60 auc 0.42,0.09,
global5000,flap_extend,static,0.369,0.04,0.18/1.00 cat 0.40 auc nan,0.23/0.60 cat 0.60 auc 0.51,0.38/0.36 cat 0.80 auc 0.20,0.46/0.86 cat 0.60 auc 0.76,0.05,
global5000,flap_extend,lags,0.234,0.041,0.27/1.00 cat 0.80 auc nan,0.46/0.55 cat 0.80 auc 0.68,0.38/0.38 cat 0.60 auc 0.34,0.62/0.89 cat 0.80 auc 0.69,0.18,
global5000,flap_extend,lags+since,0.16,0.051,0.14/1.00 cat 0.60 auc nan,0.46/0.46 cat 0.80 auc 0.58,0.46/0.55 cat 0.80 auc 0.37,0.38/0.50 cat 0.80 auc 0.52,0.14,
global5000,flap_extend,since,0.211,0.048,0.05/1.00 cat 0.20 auc nan,0.46/0.67 cat 0.60 auc 0.64,0.46/0.43 cat 0.80 auc 0.44,0.54/0.58 cat 0.80 auc 0.57,0.0,
global5000,engine_cut,static,0.327,0.05,0.00/0.00 cat 0.00 auc nan,0.23/1.00 cat 0.40 auc 0.33,0.54/0.64 cat 0.80 auc 0.66,0.77/0.67 cat 0.80 auc 0.72,0.0,
global5000,engine_cut,lags,0.31,0.058,0.00/0.00 cat 0.00 auc nan,0.23/1.00 cat 0.40 auc 0.32,0.62/0.73 cat 0.80 auc 0.67,0.69/0.56 cat 0.80 auc 0.71,0.0,
global5000,engine_cut,lags+since,0.297,0.046,0.00/0.00 cat 0.00 auc nan,0.31/1.00 cat 0.60 auc 0.33,0.62/0.73 cat 0.80 auc 0.67,0.62/0.57 cat 0.60 auc 0.74,0.0,
global5000,engine_cut,since,0.309,0.047,0.05/1.00 cat 0.20 auc nan,0.31/1.00 cat 0.60 auc 0.38,0.54/0.70 cat 0.80 auc 0.63,0.69/0.60 cat 0.80 auc 0.62,0.0,
global5000,climbing_turn,static,0.361,0.063,0.00/0.00 cat 0.00 auc nan,0.08/1.00 cat 0.20 auc 0.43,0.62/0.67 cat 0.80 auc 0.85,0.54/0.54 cat 1.00 auc 0.55,0.0,
global5000,climbing_turn,lags,0.289,0.07,0.00/0.00 cat 0.00 auc nan,0.00/0.00 cat 0.00 auc 0.23,0.38/0.83 cat 0.60 auc 0.77,0.54/0.58 cat 0.80 auc 0.85,0.0,
global5000,climbing_turn,lags+since,0.272,0.067,0.09/1.00 cat 0.20 auc nan,0.08/1.00 cat 0.20 auc 0.25,0.54/0.88 cat 0.60 auc 0.77,0.46/0.55 cat 0.60 auc 0.83,0.0,
global5000,climbing_turn,since,0.296,0.07,0.00/0.00 cat 0.00 auc nan,0.00/0.00 cat 0.00 auc 0.32,0.54/0.88 cat 0.60 auc 0.78,0.54/0.70 cat 0.80 auc 0.85,0.0,
global5000,elev_doublet_distractor,static,0.476,0.105,0.09/1.00 cat 0.40 auc nan,0.15/1.00 cat 0.40 auc 0.97,0.15/0.33 cat 0.60 auc 0.55,0.15/0.33 cat 0.60 auc 0.56,0.09,
global5000,elev_doublet_distractor,lags,0.43,0.113,0.18/1.00 cat 0.60 auc nan,0.23/1.00 cat 0.40 auc 0.96,0.31/0.67 cat 0.80 auc 0.74,0.31/0.67 cat 0.80 auc 0.77,0.14,
global5000,elev_doublet_distractor,lags+since,0.409,0.117,0.14/1.00 cat 0.40 auc nan,0.23/1.00 cat 0.20 auc 0.94,0.15/0.67 cat 0.40 auc 0.66,0.23/0.60 cat 0.80 auc 0.75,0.09,
global5000,elev_doublet_distractor,since,0.454,0.132,0.14/1.00 cat 0.40 auc nan,0.08/1.00 cat 0.20 auc 0.93,0.15/0.67 cat 0.40 auc 0.64,0.23/0.75 cat 0.60 auc 0.79,0.05,
global5000,engine_restart,static,0.294,0.04,0.09/1.00 cat 0.20 auc nan,0.23/0.75 cat 0.40 auc 0.70,0.77/1.00 cat 0.80 auc 0.82,0.85/0.73 cat 0.80 auc 0.86,0.05,
global5000,engine_restart,lags,0.14,0.04,0.18/1.00 cat 0.60 auc nan,0.46/1.00 cat 0.60 auc 0.78,0.62/0.62 cat 0.80 auc 0.86,0.85/0.58 cat 0.80 auc 0.84,0.05,
global5000,engine_restart,lags+since,0.127,0.034,0.23/1.00 cat 0.60 auc nan,0.46/1.00 cat 0.60 auc 0.79,0.62/0.73 cat 0.80 auc 0.91,0.85/0.58 cat 0.80 auc 0.77,0.09,
global5000,engine_restart,since,0.186,0.037,0.05/1.00 cat 0.20 auc nan,0.31/1.00 cat 0.60 auc 0.69,0.62/0.80 cat 0.80 auc 0.99,0.85/0.61 cat 0.80 auc 0.74,0.0,
pa28,cruise,static,0.697,0.056,0.14/1.00 cat 0.60 auc nan,0.00/0.00 cat 0.20 auc 0.50,0.15/0.50 cat 0.60 auc 0.62,0.38/0.62 cat 0.60 auc 0.65,0.05,
pa28,cruise,lags,0.696,0.054,0.14/1.00 cat 0.60 auc nan,0.00/0.00 cat 0.40 auc 0.51,0.31/0.67 cat 0.60 auc 0.62,0.31/0.57 cat 0.60 auc 0.65,0.09,
pa28,cruise,lags+since,0.677,0.064,0.23/1.00 cat 0.80 auc nan,0.23/0.50 cat 0.60 auc 0.51,0.38/0.71 cat 0.60 auc 0.63,0.31/0.57 cat 0.60 auc 0.64,0.23,
pa28,cruise,since,0.697,0.051,0.14/1.00 cat 0.60 auc nan,0.00/0.00 cat 0.40 auc 0.55,0.31/0.67 cat 0.60 auc 0.61,0.38/0.62 cat 0.60 auc 0.62,0.05,
pa28,throttle_step,static,0.66,0.097,0.00/0.00 cat 0.00 auc nan,0.00/0.00 cat 0.00 auc 0.46,0.31/0.50 cat 0.60 auc 0.47,0.46/0.67 cat 0.80 auc 0.49,0.0,
pa28,throttle_step,lags,0.65,0.129,0.00/0.00 cat 0.00 auc nan,0.00/0.00 cat 0.00 auc 0.28,0.23/0.60 cat 0.20 auc 0.55,0.54/0.58 cat 1.00 auc 0.59,0.0,
pa28,throttle_step,lags+since,0.609,0.157,0.00/0.00 cat 0.00 auc nan,0.00/0.00 cat 0.00 auc 0.66,0.15/1.00 cat 0.20 auc 0.76,0.23/0.50 cat 0.60 auc 0.68,0.0,
pa28,throttle_step,since,0.618,0.148,0.00/0.00 cat 0.00 auc nan,0.00/0.00 cat 0.00 auc 0.64,0.15/1.00 cat 0.20 auc 0.80,0.31/0.44 cat 0.60 auc 0.53,0.0,
pa28,elev_doublet,static,0.699,0.081,0.00/0.00 cat 0.00 auc nan,0.15/0.67 cat 0.40 auc 0.77,0.00/0.00 cat 0.40 auc 0.56,0.46/0.55 cat 0.60 auc 0.45,0.09,
pa28,elev_doublet,lags,0.623,0.071,0.18/1.00 cat 0.60 auc nan,0.08/1.00 cat 0.20 auc 0.68,0.23/0.60 cat 0.40 auc 0.60,0.54/0.47 cat 0.80 auc 0.33,0.0,
pa28,elev_doublet,lags+since,0.447,0.084,0.09/1.00 cat 0.20 auc nan,0.00/0.00 cat 0.00 auc 0.57,0.00/0.00 cat 0.00 auc 0.37,0.38/0.56 cat 0.80 auc 0.65,0.05,
pa28,elev_doublet,since,0.478,0.079,0.09/1.00 cat 0.40 auc nan,0.00/0.00 cat 0.00 auc 0.63,0.00/0.00 cat 0.20 auc 0.38,0.31/0.44 cat 0.80 auc 0.45,0.05,
pa28,elev_step,static,0.711,0.059,0.09/1.00 cat 0.40 auc nan,0.00/0.00 cat 0.20 auc 0.50,0.38/0.71 cat 0.60 auc 0.75,0.31/0.50 cat 0.60 auc 0.35,0.05,
pa28,elev_step,lags,0.655,0.057,0.05/1.00 cat 0.20 auc nan,0.00/0.00 cat 0.20 auc 0.23,0.77/0.71 cat 0.80 auc 0.76,0.62/0.53 cat 0.80 auc 0.65,0.0,
pa28,elev_step,lags+since,0.457,0.049,0.09/1.00 cat 0.40 auc nan,0.23/0.50 cat 0.60 auc 0.38,0.46/0.67 cat 0.60 auc 0.82,0.54/0.47 cat 0.80 auc 0.36,0.0,
pa28,elev_step,since,0.467,0.049,0.05/1.00 cat 0.20 auc nan,0.08/0.17 cat 0.80 auc 0.52,0.46/0.75 cat 0.40 auc 0.74,0.15/0.22 cat 0.60 auc 0.15,0.0,
pa28,aileron_step,static,0.675,0.078,0.05/1.00 cat 0.20 auc nan,0.00/0.00 cat 0.00 auc 0.54,0.31/0.80 cat 0.60 auc 0.85,0.08/0.20 cat 0.60 auc 0.53,0.0,
pa28,aileron_step,lags,0.612,0.073,0.18/1.00 cat 0.60 auc nan,0.00/0.00 cat 0.00 auc 0.61,0.15/1.00 cat 0.40 auc 0.86,0.08/0.33 cat 0.60 auc 0.53,0.0,
pa28,aileron_step,lags+since,0.45,0.08,0.14/1.00 cat 0.40 auc nan,0.00/0.00 cat 0.00 auc 0.69,0.38/1.00 cat 0.40 auc 0.66,0.08/0.25 cat 0.60 auc 0.45,0.0,
pa28,aileron_step,since,0.472,0.077,0.09/1.00 cat 0.40 auc nan,0.00/0.00 cat 0.00 auc 0.45,0.38/1.00 cat 0.60 auc 0.66,0.08/0.25 cat 0.60 auc 0.44,0.0,
pa28,rudder_doublet,static,0.727,0.064,0.14/1.00 cat 0.20 auc nan,0.00/0.00 cat 0.00 auc 0.70,0.31/1.00 cat 0.20 auc 0.49,0.54/0.64 cat 0.80 auc 0.71,0.0,
pa28,rudder_doublet,lags,0.693,0.102,0.14/1.00 cat 0.40 auc nan,0.00/0.00 cat 0.00 auc 0.46,0.00/0.00 cat 0.00 auc 0.59,0.46/0.60 cat 0.60 auc 0.74,0.0,
pa28,rudder_doublet,lags+since,0.5,0.086,0.32/1.00 cat 0.60 auc nan,0.00/0.00 cat 0.00 auc 0.41,0.23/1.00 cat 0.20 auc 0.68,0.54/0.58 cat 0.80 auc 0.76,0.0,
pa28,rudder_doublet,since,0.531,0.075,0.45/1.00 cat 0.60 auc nan,0.00/0.00 cat 0.00 auc 0.56,0.00/0.00 cat 0.20 auc 0.40,0.54/0.78 cat 0.60 auc 0.85,0.05,
pa28,bank_hold,static,0.684,0.105,0.00/0.00 cat 0.00 auc nan,0.00/0.00 cat 0.00 auc 0.28,0.08/1.00 cat 0.20 auc 0.75,0.00/0.00 cat 0.20 auc 0.24,0.0,
pa28,bank_hold,lags,0.639,0.103,0.05/1.00 cat 0.20 auc nan,0.00/0.00 cat 0.00 auc 0.26,0.15/1.00 cat 0.40 auc 0.91,0.00/0.00 cat 0.00 auc 0.28,0.0,
pa28,bank_hold,lags+since,0.429,0.103,0.32/1.00 cat 0.80 auc nan,0.00/0.00 cat 0.20 auc 0.27,0.46/0.86 cat 1.00 auc 0.91,0.23/0.43 cat 0.80 auc 0.36,0.05,
pa28,bank_hold,since,0.456,0.097,0.14/1.00 cat 0.40 auc nan,0.00/0.00 cat 0.40 auc 0.26,0.23/0.75 cat 0.80 auc 0.86,0.15/0.50 cat 0.80 auc 0.54,0.09,
pa28,flap_extend,static,0.682,0.102,0.05/1.00 cat 0.20 auc nan,0.00/0.00 cat 0.00 auc 0.17,0.85/0.79 cat 0.80 auc 0.85,0.08/0.25 cat 0.40 auc 0.18,0.0,
pa28,flap_extend,lags,0.576,0.104,0.05/1.00 cat 0.20 auc nan,0.00/0.00 cat 0.00 auc 0.15,0.85/0.79 cat 0.80 auc 0.90,0.08/0.50 cat 0.40 auc 0.28,0.0,
pa28,flap_extend,lags+since,0.352,0.122,0.00/0.00 cat 0.00 auc nan,0.00/0.00 cat 0.00 auc 0.21,1.00/0.72 cat 1.00 auc 0.84,0.08/0.25 cat 0.60 auc 0.24,0.0,
pa28,flap_extend,since,0.364,0.118,0.00/0.00 cat 0.00 auc nan,0.00/0.00 cat 0.00 auc 0.27,1.00/0.68 cat 1.00 auc 0.79,0.08/0.20 cat 0.60 auc 0.27,0.0,
pa28,climbing_turn,static,0.572,0.068,0.00/0.00 cat 0.00 auc nan,0.00/0.00 cat 0.00 auc 0.50,0.46/0.75 cat 0.60 auc 0.40,0.54/0.58 cat 0.80 auc 0.44,0.0,
pa28,climbing_turn,lags,0.478,0.073,0.05/1.00 cat 0.20 auc nan,0.00/0.00 cat 0.00 auc 0.51,0.62/0.80 cat 0.60 auc 0.57,0.62/0.50 cat 0.80 auc 0.32,0.0,
pa28,climbing_turn,lags+since,0.355,0.053,0.32/1.00 cat 0.80 auc nan,0.00/0.00 cat 0.60 auc 0.12,0.62/0.50 cat 0.80 auc 0.56,0.62/0.53 cat 0.80 auc 0.36,0.18,
pa28,climbing_turn,since,0.386,0.055,0.27/1.00 cat 0.80 auc nan,0.08/0.17 cat 0.80 auc 0.09,0.77/0.67 cat 0.80 auc 0.48,0.62/0.57 cat 0.80 auc 0.41,0.09,
pa28,elev_doublet_distractor,static,0.693,0.074,0.23/1.00 cat 0.60 auc nan,0.00/0.00 cat 0.40 auc 0.33,0.15/0.67 cat 0.60 auc 0.55,0.31/0.44 cat 0.60 auc 0.46,0.0,
pa28,elev_doublet_distractor,lags,0.588,0.07,0.09/1.00 cat 0.40 auc nan,0.00/0.00 cat 0.00 auc 0.32,0.08/0.20 cat 0.80 auc 0.54,0.54/0.47 cat 0.60 auc 0.34,0.0,
pa28,elev_doublet_distractor,lags+since,0.449,0.066,0.50/1.00 cat 0.80 auc nan,0.15/0.67 cat 0.40 auc 0.29,0.15/0.67 cat 0.60 auc 0.65,0.23/0.33 cat 0.80 auc 0.32,0.23,
pa28,elev_doublet_distractor,since,0.506,0.066,0.27/1.00 cat 0.60 auc nan,0.00/0.00 cat 0.00 auc 0.32,0.08/0.50 cat 0.40 auc 0.57,0.31/0.50 cat 0.80 auc 0.39,0.0,
pa28,engine_stop,static,0.726,0.046,0.18/1.00 cat 0.40 auc nan,0.23/0.50 cat 0.60 auc 0.57,0.54/0.78 cat 0.80 auc 0.74,0.46/0.50 cat 0.80 auc 0.32,0.05,
pa28,engine_stop,lags,0.727,0.046,0.18/1.00 cat 0.40 auc nan,0.23/0.60 cat 0.40 auc 0.57,0.54/0.70 cat 0.80 auc 0.72,0.46/0.50 cat 0.80 auc 0.33,0.0,
pa28,engine_stop,lags+since,0.362,0.048,0.14/1.00 cat 0.40 auc nan,0.23/0.60 cat 0.60 auc 0.40,0.54/1.00 cat 0.80 auc 0.54,0.46/0.50 cat 0.60 auc 0.45,0.0,
pa28,engine_stop,since,0.365,0.047,0.14/1.00 cat 0.40 auc nan,0.08/0.33 cat 0.40 auc 0.41,0.54/1.00 cat 0.80 auc 0.68,0.46/0.50 cat 0.80 auc 0.45,0.0,
pc7,cruise,static,0.743,0.124,0.27/1.00 cat 0.40 auc nan,0.23/1.00 cat 0.40 auc 0.62,0.15/1.00 cat 0.40 auc 0.43,0.38/0.71 cat 0.80 auc 0.68,0.09,
pc7,cruise,lags,0.745,0.123,0.18/1.00 cat 0.20 auc nan,0.08/1.00 cat 0.20 auc 0.56,0.15/1.00 cat 0.40 auc 0.31,0.38/0.71 cat 0.80 auc 0.70,0.0,
pc7,cruise,lags+since,0.745,0.118,0.41/1.00 cat 0.60 auc nan,0.31/1.00 cat 0.40 auc 0.60,0.38/1.00 cat 0.40 auc 0.49,0.38/0.71 cat 0.80 auc 0.56,0.14,
pc7,cruise,since,0.744,0.123,0.36/1.00 cat 0.60 auc nan,0.23/1.00 cat 0.40 auc 0.68,0.15/1.00 cat 0.40 auc 0.51,0.38/0.71 cat 0.80 auc 0.68,0.18,
pc7,throttle_step,static,0.728,0.102,0.00/0.00 cat 0.00 auc nan,0.00/0.00 cat 0.00 auc 0.44,0.00/0.00 cat 0.20 auc 0.51,0.38/0.71 cat 0.60 auc 0.78,0.0,
pc7,throttle_step,lags,0.681,0.112,0.00/0.00 cat 0.00 auc nan,0.08/1.00 cat 0.20 auc 0.45,0.23/1.00 cat 0.40 auc 0.47,0.62/0.89 cat 0.80 auc 0.91,0.0,
pc7,throttle_step,lags+since,0.534,0.132,0.00/0.00 cat 0.00 auc nan,0.15/1.00 cat 0.40 auc 0.38,0.08/1.00 cat 0.20 auc 0.50,0.69/0.82 cat 0.80 auc 0.82,0.0,
pc7,throttle_step,since,0.567,0.142,0.00/0.00 cat 0.00 auc nan,0.08/1.00 cat 0.20 auc 0.20,0.00/0.00 cat 0.20 auc 0.50,0.62/0.73 cat 0.60 auc 0.81,0.0,
pc7,elev_doublet,static,0.786,0.099,0.05/1.00 cat 0.20 auc nan,0.00/0.00 cat 0.00 auc 0.64,0.00/0.00 cat 0.00 auc 0.50,0.00/0.00 cat 0.00 auc 0.44,0.0,
pc7,elev_doublet,lags,0.754,0.099,0.05/1.00 cat 0.20 auc nan,0.08/1.00 cat 0.20 auc 0.71,0.15/1.00 cat 0.20 auc 0.45,0.00/0.00 cat 0.00 auc 0.61,0.0,
pc7,elev_doublet,lags+since,0.605,0.131,0.00/0.00 cat 0.00 auc nan,0.15/1.00 cat 0.40 auc 0.69,0.15/1.00 cat 0.40 auc 0.68,0.15/1.00 cat 0.40 auc 0.33,0.0,
pc7,elev_doublet,since,0.615,0.132,0.00/0.00 cat 0.00 auc nan,0.15/1.00 cat 0.40 auc 0.62,0.08/1.00 cat 0.20 auc 0.53,0.08/1.00 cat 0.20 auc 0.21,0.0,
pc7,elev_step,static,0.749,0.072,0.14/1.00 cat 0.40 auc nan,0.08/0.33 cat 0.40 auc 0.32,0.15/0.67 cat 0.60 auc 0.21,0.38/0.71 cat 0.60 auc 0.25,0.14,
pc7,elev_step,lags,0.698,0.076,0.00/0.00 cat 0.00 auc nan,0.38/0.62 cat 0.60 auc 0.54,0.38/0.56 cat 0.80 auc 0.21,0.54/0.64 cat 1.00 auc 0.31,0.0,
pc7,elev_step,lags+since,0.535,0.095,0.00/0.00 cat 0.00 auc nan,0.23/1.00 cat 0.60 auc 0.83,0.15/0.67 cat 0.60 auc 0.21,0.62/0.89 cat 0.60 auc 0.56,0.05,
pc7,elev_step,since,0.551,0.086,0.00/0.00 cat 0.00 auc nan,0.23/1.00 cat 0.40 auc 0.77,0.15/1.00 cat 0.40 auc 0.20,0.62/0.73 cat 0.60 auc 0.50,0.0,
pc7,aileron_step,static,0.712,0.094,0.00/0.00 cat 0.00 auc nan,0.23/1.00 cat 0.40 auc 0.56,0.00/0.00 cat 0.00 auc 0.44,0.46/0.46 cat 0.80 auc 0.41,0.0,
pc7,aileron_step,lags,0.655,0.104,0.14/1.00 cat 0.20 auc nan,0.31/1.00 cat 0.60 auc 0.86,0.00/0.00 cat 0.00 auc 0.58,0.46/0.43 cat 0.80 auc 0.52,0.0,
pc7,aileron_step,lags+since,0.521,0.134,0.05/1.00 cat 0.20 auc nan,0.15/0.67 cat 0.60 auc 0.56,0.00/0.00 cat 0.00 auc 0.51,0.15/1.00 cat 0.40 auc 0.61,0.05,
pc7,aileron_step,since,0.548,0.127,0.05/1.00 cat 0.20 auc nan,0.15/0.67 cat 0.60 auc 0.53,0.00/0.00 cat 0.00 auc 0.32,0.08/0.50 cat 0.40 auc 0.53,0.05,
pc7,rudder_doublet,static,0.771,0.093,0.27/1.00 cat 0.40 auc nan,0.08/1.00 cat 0.20 auc 0.35,0.00/0.00 cat 0.00 auc 0.27,0.15/1.00 cat 0.40 auc 0.61,0.0,
pc7,rudder_doublet,lags,0.722,0.098,0.14/1.00 cat 0.20 auc nan,0.08/1.00 cat 0.20 auc 0.25,0.00/0.00 cat 0.00 auc 0.28,0.15/0.67 cat 0.40 auc 0.48,0.0,
pc7,rudder_doublet,lags+since,0.561,0.11,0.27/1.00 cat 0.60 auc nan,0.15/1.00 cat 0.40 auc 0.33,0.08/1.00 cat 0.20 auc 0.32,0.15/0.33 cat 0.80 auc 0.65,0.0,
pc7,rudder_doublet,since,0.579,0.114,0.32/1.00 cat 0.80 auc nan,0.15/0.67 cat 0.60 auc 0.36,0.08/1.00 cat 0.20 auc 0.13,0.15/0.40 cat 0.60 auc 0.68,0.0,
pc7,bank_hold,static,0.737,0.102,0.00/0.00 cat 0.00 auc nan,0.31/0.67 cat 0.80 auc 0.68,0.00/0.00 cat 0.60 auc 0.40,0.46/0.50 cat 0.60 auc 0.34,0.0,
pc7,bank_hold,lags,0.695,0.102,0.05/1.00 cat 0.20 auc nan,0.46/0.86 cat 0.80 auc 0.79,0.08/0.50 cat 0.40 auc 0.44,0.69/0.60 cat 0.80 auc 0.48,0.05,
pc7,bank_hold,lags+since,0.503,0.134,0.09/1.00 cat 0.20 auc nan,0.69/0.69 cat 0.60 auc 0.72,0.23/0.43 cat 0.60 auc 0.44,0.38/0.50 cat 0.80 auc 0.44,0.18,
pc7,bank_hold,since,0.519,0.124,0.14/1.00 cat 0.60 auc nan,0.69/0.69 cat 0.60 auc 0.68,0.15/0.50 cat 0.40 auc 0.51,0.38/0.56 cat 0.80 auc 0.36,0.23,
pc7,flap_extend,static,0.734,0.079,0.00/0.00 cat 0.00 auc nan,0.08/1.00 cat 0.20 auc 0.53,0.00/0.00 cat 0.00 auc 0.42,0.46/0.75 cat 0.40 auc 0.58,0.0,
pc7,flap_extend,lags,0.691,0.09,0.00/0.00 cat 0.00 auc nan,0.23/1.00 cat 0.60 auc 0.50,0.08/1.00 cat 0.20 auc 0.56,0.69/0.90 cat 0.60 auc 0.65,0.0,
pc7,flap_extend,lags+since,0.542,0.124,0.00/0.00 cat 0.00 auc nan,0.00/0.00 cat 0.00 auc 0.31,0.15/1.00 cat 0.40 auc 0.45,0.54/0.88 cat 0.60 auc 0.46,0.0,
pc7,flap_extend,since,0.542,0.117,0.00/0.00 cat 0.00 auc nan,0.08/1.00 cat 0.20 auc 0.36,0.08/0.50 cat 0.40 auc 0.42,0.54/0.70 cat 0.60 auc 0.44,0.0,
pc7,climbing_turn,static,0.625,0.105,0.00/0.00 cat 0.00 auc nan,0.08/0.50 cat 0.20 auc 0.50,0.15/0.67 cat 0.40 auc 0.44,0.38/0.56 cat 0.60 auc 0.59,0.0,
pc7,climbing_turn,lags,0.558,0.12,0.00/0.00 cat 0.00 auc nan,0.15/1.00 cat 0.40 auc 0.51,0.00/0.00 cat 0.00 auc 0.31,0.54/0.64 cat 0.60 auc 0.58,0.0,
pc7,climbing_turn,lags+since,0.47,0.127,0.00/0.00 cat 0.00 auc nan,0.15/1.00 cat 0.40 auc 0.56,0.08/1.00 cat 0.20 auc 0.48,0.54/0.78 cat 0.60 auc 0.63,0.0,
pc7,climbing_turn,since,0.466,0.123,0.00/0.00 cat 0.00 auc nan,0.23/1.00 cat 0.60 auc 0.43,0.08/1.00 cat 0.20 auc 0.44,0.62/0.80 cat 0.60 auc 0.75,0.0,
pc7,elev_doublet_distractor,static,0.734,0.098,0.09/1.00 cat 0.40 auc nan,0.08/0.33 cat 0.40 auc 0.32,0.08/0.33 cat 0.40 auc 0.31,0.23/0.50 cat 0.40 auc 0.34,0.05,
pc7,elev_doublet_distractor,lags,0.659,0.096,0.18/1.00 cat 0.20 auc nan,0.38/0.56 cat 0.40 auc 0.32,0.23/0.75 cat 0.20 auc 0.58,0.62/0.67 cat 0.60 auc 0.59,0.09,
pc7,elev_doublet_distractor,lags+since,0.511,0.11,0.09/1.00 cat 0.20 auc nan,0.23/0.60 cat 0.40 auc 0.38,0.15/0.67 cat 0.20 auc 0.50,0.77/0.77 cat 0.60 auc 0.54,0.0,
pc7,elev_doublet_distractor,since,0.545,0.106,0.18/1.00 cat 0.40 auc nan,0.23/0.75 cat 0.40 auc 0.47,0.15/0.67 cat 0.20 auc 0.62,0.54/0.70 cat 0.60 auc 0.53,0.05,
t6texan2,cruise,static,0.643,0.076,0.00/0.00 cat 0.00 auc nan,0.00/0.00 cat 0.00 auc 0.38,0.62/0.80 cat 0.60 auc 0.94,0.38/0.71 cat 0.40 auc 0.70,0.0,
t6texan2,cruise,lags,0.645,0.074,0.00/0.00 cat 0.00 auc nan,0.00/0.00 cat 0.00 auc 0.31,0.69/0.90 cat 0.60 auc 0.97,0.38/0.71 cat 0.40 auc 0.70,0.0,
t6texan2,cruise,lags+since,0.653,0.066,0.00/0.00 cat 0.00 auc nan,0.00/0.00 cat 0.00 auc 0.50,0.46/1.00 cat 0.60 auc 0.92,0.38/0.50 cat 0.60 auc 0.61,0.0,
t6texan2,cruise,since,0.638,0.082,0.00/0.00 cat 0.00 auc nan,0.00/0.00 cat 0.00 auc 0.52,0.62/0.80 cat 0.60 auc 0.95,0.38/0.71 cat 0.40 auc 0.77,0.0,
t6texan2,throttle_step,static,0.587,0.031,0.18/1.00 cat 0.40 auc nan,0.08/0.25 cat 0.60 auc 0.40,0.38/0.50 cat 0.80 auc 0.53,0.77/0.53 cat 1.00 auc 0.33,0.14,
t6texan2,throttle_step,lags,0.483,0.038,0.14/1.00 cat 0.40 auc nan,0.08/0.33 cat 0.60 auc 0.49,0.54/0.70 cat 0.80 auc 0.61,0.85/0.55 cat 1.00 auc 0.27,0.05,
t6texan2,throttle_step,lags+since,0.229,0.048,0.32/1.00 cat 0.60 auc nan,0.46/0.86 cat 0.60 auc 0.68,0.31/1.00 cat 0.60 auc 0.70,0.69/0.50 cat 0.80 auc 0.15,0.27,
t6texan2,throttle_step,since,0.262,0.05,0.27/1.00 cat 0.40 auc nan,0.38/0.71 cat 0.40 auc 0.67,0.23/1.00 cat 0.60 auc 0.68,0.69/0.50 cat 0.80 auc 0.09,0.23,
t6texan2,elev_doublet,static,0.678,0.098,0.23/1.00 cat 0.80 auc nan,0.00/0.00 cat 0.60 auc 0.84,0.15/0.40 cat 0.60 auc 0.74,0.38/0.45 cat 0.80 auc 0.58,0.14,
t6texan2,elev_doublet,lags,0.64,0.127,0.32/1.00 cat 0.60 auc nan,0.00/0.00 cat 0.00 auc 0.82,0.15/0.67 cat 0.60 auc 0.74,0.31/0.33 cat 0.80 auc 0.52,0.0,
t6texan2,elev_doublet,lags+since,0.419,0.117,0.32/1.00 cat 0.80 auc nan,0.00/0.00 cat 0.20 auc 0.78,0.23/0.38 cat 0.80 auc 0.82,0.31/0.33 cat 0.60 auc 0.56,0.0,
t6texan2,elev_doublet,since,0.446,0.108,0.18/1.00 cat 0.40 auc nan,0.00/0.00 cat 0.20 auc 0.77,0.15/0.33 cat 0.60 auc 0.82,0.31/0.33 cat 0.60 auc 0.52,0.0,
t6texan2,elev_step,static,0.695,0.046,0.05/1.00 cat 0.20 auc nan,0.08/1.00 cat 0.20 auc 0.76,0.46/0.60 cat 0.80 auc 0.46,0.00/0.00 cat 0.60 auc 0.35,0.0,
t6texan2,elev_step,lags,0.631,0.046,0.00/0.00 cat 0.00 auc nan,0.08/1.00 cat 0.20 auc 0.63,0.54/0.64 cat 0.80 auc 0.56,0.00/0.00 cat 0.60 auc 0.34,0.0,
t6texan2,elev_step,lags+since,0.276,0.04,0.14/1.00 cat 0.40 auc nan,0.15/0.67 cat 0.40 auc 0.40,0.46/0.50 cat 0.80 auc 0.56,0.00/0.00 cat 0.80 auc 0.12,0.09,
t6texan2,elev_step,since,0.288,0.038,0.14/1.00 cat 0.40 auc nan,0.15/0.67 cat 0.40 auc 0.41,0.46/0.50 cat 0.80 auc 0.46,0.00/0.00 cat 0.80 auc 0.09,0.09,
t6texan2,aileron_step,static,0.731,0.068,0.05/1.00 cat 0.20 auc nan,0.08/1.00 cat 0.20 auc 0.58,0.23/1.00 cat 0.60 auc 0.58,0.15/1.00 cat 0.40 auc 0.65,0.0,
t6texan2,aileron_step,lags,0.662,0.107,0.05/1.00 cat 0.20 auc nan,0.00/0.00 cat 0.00 auc 0.60,0.23/1.00 cat 0.60 auc 0.67,0.31/0.57 cat 0.60 auc 0.54,0.0,
t6texan2,aileron_step,lags+since,0.453,0.103,0.05/1.00 cat 0.20 auc nan,0.15/1.00 cat 0.40 auc 0.79,0.23/1.00 cat 0.60 auc 0.73,0.08/0.33 cat 0.40 auc 0.32,0.0,
t6texan2,aileron_step,since,0.478,0.09,0.09/1.00 cat 0.40 auc nan,0.15/1.00 cat 0.40 auc 0.60,0.23/1.00 cat 0.60 auc 0.63,0.15/0.50 cat 0.40 auc 0.48,0.05,
t6texan2,rudder_doublet,static,0.747,0.08,0.59/1.00 cat 0.80 auc nan,0.00/0.00 cat 0.00 auc 0.32,0.15/1.00 cat 0.40 auc 0.62,0.00/0.00 cat 0.60 auc 0.44,0.0,
t6texan2,rudder_doublet,lags,0.662,0.075,0.45/1.00 cat 0.80 auc nan,0.00/0.00 cat 0.00 auc 0.26,0.15/1.00 cat 0.40 auc 0.52,0.08/0.14 cat 0.60 auc 0.50,0.0,
t6texan2,rudder_doublet,lags+since,0.504,0.086,0.55/1.00 cat 0.80 auc nan,0.00/0.00 cat 0.00 auc 0.18,0.15/0.67 cat 0.40 auc 0.40,0.15/0.25 cat 0.60 auc 0.52,0.05,
t6texan2,rudder_doublet,since,0.574,0.095,0.59/1.00 cat 0.80 auc nan,0.00/0.00 cat 0.00 auc 0.23,0.08/0.50 cat 0.20 auc 0.50,0.15/0.25 cat 0.60 auc 0.53,0.0,
t6texan2,bank_hold,static,0.702,0.058,0.09/1.00 cat 0.20 auc nan,0.08/0.33 cat 0.60 auc 0.43,0.23/0.75 cat 0.80 auc 0.68,0.54/0.64 cat 0.80 auc 0.50,0.09,
t6texan2,bank_hold,lags,0.618,0.059,0.23/1.00 cat 0.60 auc nan,0.00/0.00 cat 0.20 auc 0.25,0.62/0.80 cat 0.80 auc 0.65,0.69/0.50 cat 1.00 auc 0.43,0.05,
t6texan2,bank_hold,lags+since,0.366,0.058,0.18/1.00 cat 0.40 auc nan,0.08/1.00 cat 0.20 auc 0.67,0.54/0.64 cat 1.00 auc 0.52,0.46/0.67 cat 0.80 auc 0.44,0.0,
t6texan2,bank_hold,since,0.424,0.068,0.05/1.00 cat 0.20 auc nan,0.00/0.00 cat 0.00 auc 0.43,0.46/0.67 cat 0.60 auc 0.67,0.15/0.40 cat 0.40 auc 0.40,0.0,
t6texan2,flap_extend,static,0.661,0.017,0.05/1.00 cat 0.20 auc nan,0.08/1.00 cat 0.20 auc 0.24,0.46/0.75 cat 0.60 auc 0.70,0.00/0.00 cat 0.20 auc 0.22,0.0,
t6texan2,flap_extend,lags,0.562,0.024,0.09/1.00 cat 0.20 auc nan,0.00/0.00 cat 0.00 auc 0.40,0.31/0.57 cat 0.60 auc 0.68,0.00/0.00 cat 0.20 auc 0.19,0.0,
t6texan2,flap_extend,lags+since,0.297,0.021,0.14/1.00 cat 0.40 auc nan,0.23/0.50 cat 0.60 auc 0.41,0.62/0.62 cat 0.80 auc 0.51,0.00/0.00 cat 0.60 auc 0.09,0.0,
t6texan2,flap_extend,since,0.31,0.023,0.23/1.00 cat 0.60 auc nan,0.38/0.71 cat 0.60 auc 0.43,0.54/0.54 cat 0.80 auc 0.53,0.00/0.00 cat 0.80 auc 0.09,0.05,
t6texan2,climbing_turn,static,0.532,0.05,0.55/1.00 cat 0.80 auc nan,0.31/0.50 cat 0.80 auc 0.44,0.46/0.75 cat 0.60 auc 0.56,0.85/0.65 cat 1.00 auc 0.62,0.27,
t6texan2,climbing_turn,lags,0.379,0.055,0.55/1.00 cat 0.80 auc nan,0.31/0.67 cat 0.60 auc 0.20,0.77/1.00 cat 0.80 auc 0.49,0.92/0.80 cat 0.80 auc 0.64,0.14,
t6texan2,climbing_turn,lags+since,0.26,0.059,0.77/1.00 cat 1.00 auc nan,0.46/0.75 cat 0.60 auc 0.25,0.92/0.86 cat 1.00 auc 0.62,0.85/0.65 cat 1.00 auc 0.31,0.27,
t6texan2,climbing_turn,since,0.283,0.054,0.82/1.00 cat 1.00 auc nan,0.54/0.58 cat 1.00 auc 0.23,0.77/0.67 cat 0.80 auc 0.52,0.69/0.50 cat 1.00 auc 0.08,0.27,
t6texan2,elev_doublet_distractor,static,0.652,0.106,0.05/1.00 cat 0.20 auc nan,0.00/0.00 cat 0.20 auc 0.73,0.00/0.00 cat 0.00 auc 0.75,0.23/1.00 cat 0.60 auc 0.63,0.05,
t6texan2,elev_doublet_distractor,lags,0.583,0.112,0.05/1.00 cat 0.20 auc nan,0.00/0.00 cat 0.00 auc 0.70,0.00/0.00 cat 0.00 auc 0.78,0.38/0.56 cat 0.60 auc 0.39,0.0,
t6texan2,elev_doublet_distractor,lags+since,0.493,0.106,0.23/1.00 cat 0.40 auc nan,0.00/0.00 cat 0.00 auc 0.58,0.00/0.00 cat 0.00 auc 0.66,0.38/0.50 cat 0.60 auc 0.44,0.0,
t6texan2,elev_doublet_distractor,since,0.542,0.099,0.27/1.00 cat 0.40 auc nan,0.08/1.00 cat 0.20 auc 0.47,0.00/0.00 cat 0.40 auc 0.56,0.31/0.50 cat 0.60 auc 0.58,0.05,
