aircraft,manoeuvre,fault,explainer,n_flagged,agreement,agreement_null_median,n_explained,correctness,correctness_largest_movement,correctness_only_changing,correctness_residual_importance,stability,n_with_trim_shift
737,throttle_step,inertia_x1.6,dynamic,1,1.0,1.0,1,1.0,1.0,1.0,1.0,1.0,0
737,throttle_step,inertia_x1.6,static,1,0.0,1.0,1,0.0,1.0,1.0,,,0
737,throttle_step,cmq_x0.5,dynamic,6,0.5,1.0,6,0.5,1.0,1.0,0.8333333333333334,0.43333333333333335,0
737,throttle_step,cmq_x0.5,static,6,0.16666666666666666,0.8333333333333334,6,0.5,1.0,1.0,,,0
737,throttle_step,cmalpha_x0.7,dynamic,1,1.0,1.0,1,1.0,1.0,1.0,1.0,1.0,0
737,throttle_step,cmalpha_x0.7,static,1,1.0,1.0,1,1.0,1.0,1.0,,,0
737,throttle_step,clo_+0.1,dynamic,20,0.35,0.75,18,0.6111111111111112,1.0,1.0,0.5555555555555556,0.6055555555555556,18
737,throttle_step,clo_+0.1,static,20,0.2,0.5,18,0.7777777777777778,1.0,1.0,,,18
737,elev_doublet,inertia_x1.6,dynamic,8,0.25,0.5,8,1.0,1.0,1.0,0.875,0.275,0
737,elev_doublet,inertia_x1.6,static,8,0.0,0.5,8,1.0,1.0,1.0,,,0
737,elev_doublet,cmq_x0.5,dynamic,8,0.125,0.375,8,1.0,1.0,1.0,0.875,0.2625,0
737,elev_doublet,cmq_x0.5,static,8,0.0,0.375,8,1.0,1.0,1.0,,,0
737,elev_doublet,cmalpha_x0.7,dynamic,8,0.25,0.25,8,1.0,1.0,1.0,0.75,0.42500000000000004,0
737,elev_doublet,cmalpha_x0.7,static,8,0.125,0.375,8,1.0,1.0,1.0,,,0
737,elev_doublet,clo_+0.1,dynamic,14,0.5,0.7142857142857143,14,1.0,1.0,1.0,0.7142857142857143,0.7357142857142858,14
737,elev_doublet,clo_+0.1,static,14,0.42857142857142855,0.7857142857142857,14,1.0,1.0,1.0,,,14
737,elev_step,inertia_x1.6,dynamic,6,0.6666666666666666,1.0,6,1.0,1.0,1.0,1.0,0.25,0
737,elev_step,inertia_x1.6,static,6,0.5,1.0,6,1.0,1.0,1.0,,,0
737,elev_step,cmq_x0.5,dynamic,10,0.3,0.9,10,0.8,1.0,1.0,1.0,0.41999999999999993,0
737,elev_step,cmq_x0.5,static,10,0.3,1.0,10,0.8,1.0,1.0,,,0
737,elev_step,cmalpha_x0.7,dynamic,13,0.6923076923076923,1.0,13,0.6153846153846154,1.0,1.0,1.0,0.16923076923076924,0
737,elev_step,cmalpha_x0.7,static,13,0.38461538461538464,1.0,13,0.7692307692307693,1.0,1.0,,,0
737,elev_step,clo_+0.1,dynamic,14,0.7857142857142857,1.0,14,0.8571428571428571,1.0,1.0,0.8571428571428571,0.29999999999999993,14
737,elev_step,clo_+0.1,static,14,0.7142857142857143,0.7142857142857143,14,0.7142857142857143,1.0,1.0,,,14
737,aileron_step,inertia_x1.6,dynamic,5,0.2,0.6,5,0.4,1.0,1.0,1.0,0.13999999999999999,0
737,aileron_step,inertia_x1.6,static,5,0.2,0.8,5,0.8,1.0,1.0,,,0
737,aileron_step,cmq_x0.5,dynamic,2,0.5,1.0,2,0.5,1.0,1.0,1.0,0.05,0
737,aileron_step,cmq_x0.5,static,2,0.5,0.5,2,0.0,1.0,1.0,,,0
737,aileron_step,cmalpha_x0.7,dynamic,1,1.0,1.0,1,0.0,1.0,1.0,1.0,0.0,0
737,aileron_step,cmalpha_x0.7,static,1,1.0,1.0,1,1.0,1.0,1.0,,,0
737,aileron_step,clo_+0.1,dynamic,17,0.7058823529411765,0.8823529411764706,15,0.7333333333333333,1.0,1.0,0.5333333333333333,0.3133333333333333,15
737,aileron_step,clo_+0.1,static,17,0.7058823529411765,0.8823529411764706,15,0.9333333333333333,1.0,1.0,,,15
737,rudder_doublet,inertia_x1.6,dynamic,2,0.0,1.0,2,1.0,1.0,1.0,1.0,0.15000000000000002,0
737,rudder_doublet,inertia_x1.6,static,2,0.0,1.0,2,1.0,1.0,1.0,,,0
737,rudder_doublet,cmq_x0.5,dynamic,0,,,0,,,,,,0
737,rudder_doublet,cmq_x0.5,static,0,,,0,,,,,,0
737,rudder_doublet,cmalpha_x0.7,dynamic,1,0.0,1.0,1,1.0,1.0,1.0,1.0,0.2,0
737,rudder_doublet,cmalpha_x0.7,static,1,0.0,1.0,1,1.0,1.0,1.0,,,0
737,rudder_doublet,clo_+0.1,dynamic,6,0.5,0.6666666666666666,6,1.0,1.0,1.0,0.16666666666666666,0.8166666666666665,6
737,rudder_doublet,clo_+0.1,static,6,0.5,0.5,6,1.0,1.0,1.0,,,6
737,bank_hold,inertia_x1.6,dynamic,10,0.1,0.6,10,0.5,1.0,1.0,0.6,0.16999999999999998,0
737,bank_hold,inertia_x1.6,static,10,0.7,0.8,10,1.0,1.0,1.0,,,0
737,bank_hold,cmq_x0.5,dynamic,9,0.5555555555555556,1.0,9,0.1111111111111111,1.0,1.0,0.6666666666666666,0.0,0
737,bank_hold,cmq_x0.5,static,9,0.8888888888888888,1.0,9,0.8888888888888888,1.0,1.0,,,0
737,bank_hold,cmalpha_x0.7,dynamic,8,0.5,1.0,8,0.0,1.0,1.0,0.625,0.0,0
737,bank_hold,cmalpha_x0.7,static,8,1.0,1.0,8,1.0,1.0,1.0,,,0
737,bank_hold,clo_+0.1,dynamic,17,0.5294117647058824,0.5882352941176471,15,0.8,1.0,1.0,0.6,0.5266666666666666,15
737,bank_hold,clo_+0.1,static,17,0.5882352941176471,0.7058823529411765,15,0.9333333333333333,1.0,1.0,,,15
737,flap_extend,inertia_x1.6,dynamic,6,0.16666666666666666,0.6666666666666666,6,0.6666666666666666,1.0,1.0,0.3333333333333333,0.38333333333333336,0
737,flap_extend,inertia_x1.6,static,6,0.0,1.0,6,0.8333333333333334,1.0,1.0,,,0
737,flap_extend,cmq_x0.5,dynamic,8,0.375,0.75,8,0.625,1.0,1.0,0.375,0.6,0
737,flap_extend,cmq_x0.5,static,8,0.375,1.0,8,0.5,1.0,1.0,,,0
737,flap_extend,cmalpha_x0.7,dynamic,7,0.14285714285714285,0.2857142857142857,7,0.8571428571428571,1.0,1.0,0.42857142857142855,0.41428571428571426,0
737,flap_extend,cmalpha_x0.7,static,7,0.14285714285714285,0.7142857142857143,7,0.8571428571428571,1.0,1.0,,,0
737,flap_extend,clo_+0.1,dynamic,18,0.5555555555555556,0.8888888888888888,18,0.6666666666666666,1.0,1.0,0.5,0.35,18
737,flap_extend,clo_+0.1,static,18,0.5,0.8333333333333334,18,0.6111111111111112,1.0,1.0,,,18
737,engine_cut,inertia_x1.6,dynamic,2,0.0,1.0,2,0.0,1.0,1.0,0.5,0.4,0
737,engine_cut,inertia_x1.6,static,2,0.0,1.0,2,0.0,1.0,1.0,,,0
737,engine_cut,cmq_x0.5,dynamic,7,0.2857142857142857,0.7142857142857143,7,0.42857142857142855,1.0,1.0,0.2857142857142857,0.28571428571428575,0
737,engine_cut,cmq_x0.5,static,7,0.14285714285714285,0.7142857142857143,7,0.0,1.0,1.0,,,0
737,engine_cut,cmalpha_x0.7,dynamic,6,0.3333333333333333,0.6666666666666666,6,0.3333333333333333,1.0,1.0,0.16666666666666666,0.3333333333333334,0
737,engine_cut,cmalpha_x0.7,static,6,0.16666666666666666,0.6666666666666666,6,0.0,1.0,1.0,,,0
737,engine_cut,clo_+0.1,dynamic,20,0.65,0.7,20,0.4,1.0,1.0,0.35,0.47000000000000003,20
737,engine_cut,clo_+0.1,static,20,0.45,0.6,20,0.0,1.0,1.0,,,20
737,climbing_turn,inertia_x1.6,dynamic,5,0.2,0.8,5,0.6,0.8,0.8,0.6,0.18,0
737,climbing_turn,inertia_x1.6,static,5,0.0,0.4,5,0.2,0.8,0.8,,,0
737,climbing_turn,cmq_x0.5,dynamic,5,0.2,0.6,5,0.2,0.8,0.8,0.6,0.18,0
737,climbing_turn,cmq_x0.5,static,5,0.2,0.6,5,0.4,0.8,0.8,,,0
737,climbing_turn,cmalpha_x0.7,dynamic,6,0.0,0.6666666666666666,6,0.6666666666666666,0.8333333333333334,0.8333333333333334,0.6666666666666666,0.11666666666666668,0
737,climbing_turn,cmalpha_x0.7,static,6,0.16666666666666666,0.5,6,0.16666666666666666,0.8333333333333334,0.8333333333333334,,,0
737,climbing_turn,clo_+0.1,dynamic,17,0.23529411764705882,0.5882352941176471,17,0.4117647058823529,0.5882352941176471,0.5882352941176471,0.23529411764705882,0.4294117647058824,17
737,climbing_turn,clo_+0.1,static,17,0.17647058823529413,0.4117647058823529,17,0.5882352941176471,0.5882352941176471,0.5882352941176471,,,17
737,elev_doublet_distractor,inertia_x1.6,dynamic,5,0.2,0.6,5,1.0,1.0,1.0,1.0,0.26,0
737,elev_doublet_distractor,inertia_x1.6,static,5,0.0,0.4,5,0.6,1.0,1.0,,,0
737,elev_doublet_distractor,cmq_x0.5,dynamic,5,0.2,0.8,5,0.8,1.0,1.0,1.0,0.18000000000000002,0
737,elev_doublet_distractor,cmq_x0.5,static,5,0.0,0.6,5,0.6,1.0,1.0,,,0
737,elev_doublet_distractor,cmalpha_x0.7,dynamic,2,0.0,0.0,2,1.0,1.0,1.0,1.0,0.35,0
737,elev_doublet_distractor,cmalpha_x0.7,static,2,0.0,0.0,2,0.0,1.0,1.0,,,0
737,elev_doublet_distractor,clo_+0.1,dynamic,14,0.35714285714285715,0.7857142857142857,14,0.6428571428571429,0.7857142857142857,0.7857142857142857,0.7857142857142857,0.5,14
737,elev_doublet_distractor,clo_+0.1,static,14,0.2857142857142857,0.5,14,0.7857142857142857,0.7857142857142857,0.7857142857142857,,,14
737,engine_restart,inertia_x1.6,dynamic,9,0.2222222222222222,0.6666666666666666,9,0.5555555555555556,1.0,1.0,0.4444444444444444,0.6888888888888889,0
737,engine_restart,inertia_x1.6,static,9,0.1111111111111111,0.7777777777777778,9,0.3333333333333333,1.0,1.0,,,0
737,engine_restart,cmq_x0.5,dynamic,12,0.6666666666666666,0.9166666666666666,12,0.25,1.0,1.0,0.3333333333333333,0.5916666666666667,0
737,engine_restart,cmq_x0.5,static,12,0.3333333333333333,0.75,12,0.5833333333333334,1.0,1.0,,,0
737,engine_restart,cmalpha_x0.7,dynamic,12,0.3333333333333333,0.6666666666666666,12,0.4166666666666667,1.0,1.0,0.5833333333333334,0.5916666666666667,0
737,engine_restart,cmalpha_x0.7,static,12,0.16666666666666666,0.8333333333333334,12,0.3333333333333333,1.0,1.0,,,0
737,engine_restart,clo_+0.1,dynamic,22,0.7727272727272727,0.9090909090909091,22,0.36363636363636365,1.0,1.0,0.5,0.5772727272727273,22
737,engine_restart,clo_+0.1,static,22,0.6818181818181818,0.8181818181818182,22,0.3181818181818182,1.0,1.0,,,22
787-8,throttle_step,inertia_x1.6,dynamic,3,0.0,1.0,3,0.6666666666666666,1.0,1.0,0.3333333333333333,0.6666666666666666,0
787-8,throttle_step,inertia_x1.6,static,3,0.0,1.0,3,0.6666666666666666,1.0,1.0,,,0
787-8,throttle_step,cmq_x0.5,dynamic,7,0.2857142857142857,1.0,7,0.7142857142857143,1.0,1.0,0.7142857142857143,0.6,0
787-8,throttle_step,cmq_x0.5,static,7,0.14285714285714285,0.7142857142857143,7,0.14285714285714285,1.0,1.0,,,0
787-8,throttle_step,cmalpha_x0.7,dynamic,10,0.8,0.9,10,0.7,1.0,1.0,0.8,0.6100000000000001,10
787-8,throttle_step,cmalpha_x0.7,static,10,0.5,0.9,10,0.7,1.0,1.0,,,10
787-8,throttle_step,clo_+0.1,dynamic,15,0.4666666666666667,0.8666666666666667,15,0.6666666666666666,1.0,1.0,0.6,0.6866666666666668,15
787-8,throttle_step,clo_+0.1,static,15,0.3333333333333333,0.6,15,0.9333333333333333,1.0,1.0,,,15
787-8,elev_doublet,inertia_x1.6,dynamic,7,0.0,0.5714285714285714,7,1.0,1.0,1.0,1.0,0.41428571428571426,0
787-8,elev_doublet,inertia_x1.6,static,7,0.14285714285714285,0.8571428571428571,7,1.0,1.0,1.0,,,0
787-8,elev_doublet,cmq_x0.5,dynamic,6,0.0,0.6666666666666666,6,1.0,1.0,1.0,1.0,0.3833333333333333,0
787-8,elev_doublet,cmq_x0.5,static,6,0.0,0.6666666666666666,6,1.0,1.0,1.0,,,0
787-8,elev_doublet,cmalpha_x0.7,dynamic,17,0.17647058823529413,0.8823529411764706,15,0.8666666666666667,1.0,1.0,0.8,0.36666666666666664,15
787-8,elev_doublet,cmalpha_x0.7,static,17,0.17647058823529413,0.7647058823529411,15,0.5333333333333333,1.0,1.0,,,15
787-8,elev_doublet,clo_+0.1,dynamic,19,0.5263157894736842,0.7894736842105263,18,1.0,1.0,1.0,0.6111111111111112,0.5111111111111112,18
787-8,elev_doublet,clo_+0.1,static,19,0.3684210526315789,0.7368421052631579,17,1.0,1.0,1.0,,,17
787-8,elev_step,inertia_x1.6,dynamic,10,0.5,0.7,10,0.9,1.0,1.0,1.0,0.29,0
787-8,elev_step,inertia_x1.6,static,10,0.1,0.5,10,0.9,1.0,1.0,,,0
787-8,elev_step,cmq_x0.5,dynamic,17,0.17647058823529413,0.8235294117647058,17,0.8823529411764706,1.0,1.0,0.8823529411764706,0.3,0
787-8,elev_step,cmq_x0.5,static,17,0.0,0.5882352941176471,17,0.8823529411764706,1.0,1.0,,,0
787-8,elev_step,cmalpha_x0.7,dynamic,19,0.47368421052631576,0.6842105263157895,19,0.8947368421052632,1.0,1.0,0.8947368421052632,0.42105263157894735,19
787-8,elev_step,cmalpha_x0.7,static,19,0.21052631578947367,0.3157894736842105,19,1.0,1.0,1.0,,,19
787-8,elev_step,clo_+0.1,dynamic,18,0.6111111111111112,0.8888888888888888,18,0.3888888888888889,1.0,1.0,0.7777777777777778,0.20555555555555557,18
787-8,elev_step,clo_+0.1,static,18,0.3888888888888889,0.6111111111111112,16,0.125,1.0,1.0,,,16
787-8,aileron_step,inertia_x1.6,dynamic,3,0.0,0.6666666666666666,3,1.0,1.0,1.0,0.6666666666666666,0.16666666666666666,0
787-8,aileron_step,inertia_x1.6,static,3,0.0,0.6666666666666666,3,1.0,1.0,1.0,,,0
787-8,aileron_step,cmq_x0.5,dynamic,5,0.2,0.6,5,0.4,1.0,1.0,0.4,0.18000000000000002,0
787-8,aileron_step,cmq_x0.5,static,5,0.0,0.2,5,0.8,1.0,1.0,,,0
787-8,aileron_step,cmalpha_x0.7,dynamic,10,0.3,0.8,10,0.8,1.0,1.0,0.4,0.33,10
787-8,aileron_step,cmalpha_x0.7,static,10,0.2,0.6,10,0.8,1.0,1.0,,,10
787-8,aileron_step,clo_+0.1,dynamic,20,0.35,0.65,18,0.9444444444444444,1.0,1.0,0.4444444444444444,0.7277777777777777,18
787-8,aileron_step,clo_+0.1,static,20,0.3,0.65,18,0.9444444444444444,1.0,1.0,,,18
787-8,rudder_doublet,inertia_x1.6,dynamic,1,0.0,1.0,1,1.0,1.0,1.0,1.0,0.7,0
787-8,rudder_doublet,inertia_x1.6,static,1,0.0,0.0,1,1.0,1.0,1.0,,,0
787-8,rudder_doublet,cmq_x0.5,dynamic,1,0.0,1.0,1,1.0,1.0,1.0,1.0,0.7,0
787-8,rudder_doublet,cmq_x0.5,static,1,0.0,0.0,1,1.0,1.0,1.0,,,0
787-8,rudder_doublet,cmalpha_x0.7,dynamic,5,1.0,1.0,5,1.0,1.0,1.0,0.2,0.68,5
787-8,rudder_doublet,cmalpha_x0.7,static,5,1.0,1.0,5,1.0,1.0,1.0,,,5
787-8,rudder_doublet,clo_+0.1,dynamic,11,0.18181818181818182,0.36363636363636365,9,1.0,1.0,1.0,0.6666666666666666,0.8555555555555556,9
787-8,rudder_doublet,clo_+0.1,static,11,0.2727272727272727,0.5454545454545454,9,1.0,1.0,1.0,,,9
787-8,bank_hold,inertia_x1.6,dynamic,2,0.0,1.0,2,1.0,1.0,1.0,1.0,0.15000000000000002,0
787-8,bank_hold,inertia_x1.6,static,2,0.0,1.0,2,1.0,1.0,1.0,,,0
787-8,bank_hold,cmq_x0.5,dynamic,4,0.75,1.0,4,0.5,1.0,1.0,1.0,0.15000000000000002,0
787-8,bank_hold,cmq_x0.5,static,4,0.5,1.0,4,0.75,1.0,1.0,,,0
787-8,bank_hold,cmalpha_x0.7,dynamic,10,0.6,0.9,10,1.0,1.0,1.0,0.6,0.28,10
787-8,bank_hold,cmalpha_x0.7,static,10,0.3,1.0,10,1.0,1.0,1.0,,,10
787-8,bank_hold,clo_+0.1,dynamic,18,0.4444444444444444,0.7777777777777778,16,0.875,1.0,1.0,0.5,0.6812499999999999,16
787-8,bank_hold,clo_+0.1,static,18,0.16666666666666666,0.4444444444444444,18,0.7777777777777778,1.0,1.0,,,18
787-8,flap_extend,inertia_x1.6,dynamic,2,0.5,0.5,2,0.0,1.0,1.0,1.0,0.0,0
787-8,flap_extend,inertia_x1.6,static,2,0.0,0.5,2,0.0,1.0,1.0,,,0
787-8,flap_extend,cmq_x0.5,dynamic,15,0.3333333333333333,0.9333333333333333,15,0.8666666666666667,1.0,1.0,0.7333333333333333,0.52,0
787-8,flap_extend,cmq_x0.5,static,15,0.13333333333333333,0.6,15,0.5333333333333333,1.0,1.0,,,0
787-8,flap_extend,cmalpha_x0.7,dynamic,22,0.5454545454545454,1.0,22,0.3181818181818182,1.0,1.0,0.8181818181818182,0.32727272727272727,22
787-8,flap_extend,cmalpha_x0.7,static,22,0.8181818181818182,1.0,22,0.22727272727272727,1.0,1.0,,,22
787-8,flap_extend,clo_+0.1,dynamic,22,0.5909090909090909,0.8181818181818182,22,0.5909090909090909,1.0,1.0,0.8636363636363636,0.3772727272727272,22
787-8,flap_extend,clo_+0.1,static,22,0.8636363636363636,0.9545454545454546,22,0.5909090909090909,1.0,1.0,,,22
787-8,engine_cut,inertia_x1.6,dynamic,2,0.0,1.0,2,0.5,1.0,1.0,0.0,0.35,0
787-8,engine_cut,inertia_x1.6,static,2,0.0,0.5,2,0.0,1.0,1.0,,,0
787-8,engine_cut,cmq_x0.5,dynamic,8,0.375,0.75,8,0.25,1.0,1.0,0.0,0.6,0
787-8,engine_cut,cmq_x0.5,static,8,0.25,0.625,8,0.0,1.0,1.0,,,0
787-8,engine_cut,cmalpha_x0.7,dynamic,13,0.5384615384615384,0.6923076923076923,13,0.38461538461538464,1.0,1.0,0.23076923076923078,0.6,13
787-8,engine_cut,cmalpha_x0.7,static,13,0.3076923076923077,0.5384615384615384,13,0.0,1.0,1.0,,,13
787-8,engine_cut,clo_+0.1,dynamic,20,0.5,0.9,20,0.2,1.0,1.0,0.25,0.585,20
787-8,engine_cut,clo_+0.1,static,20,0.45,0.6,18,0.0,1.0,1.0,,,18
787-8,climbing_turn,inertia_x1.6,dynamic,5,0.0,0.6,5,0.2,1.0,1.0,0.8,0.08,0
787-8,climbing_turn,inertia_x1.6,static,5,0.0,0.2,5,1.0,1.0,1.0,,,0
787-8,climbing_turn,cmq_x0.5,dynamic,8,0.25,0.875,8,0.875,1.0,1.0,0.875,0.21250000000000002,0
787-8,climbing_turn,cmq_x0.5,static,8,0.125,0.625,8,0.875,1.0,1.0,,,0
787-8,climbing_turn,cmalpha_x0.7,dynamic,21,0.7142857142857143,0.9047619047619048,21,0.47619047619047616,0.6190476190476191,0.6190476190476191,0.6190476190476191,0.1952380952380952,21
787-8,climbing_turn,cmalpha_x0.7,static,21,0.6190476190476191,0.9047619047619048,21,0.7142857142857143,0.6190476190476191,0.6190476190476191,,,21
787-8,climbing_turn,clo_+0.1,dynamic,18,0.7222222222222222,0.8333333333333334,18,0.5555555555555556,0.5555555555555556,0.5555555555555556,0.6111111111111112,0.5222222222222223,18
787-8,climbing_turn,clo_+0.1,static,18,0.7777777777777778,0.8888888888888888,18,0.5,0.5555555555555556,0.5555555555555556,,,18
787-8,elev_doublet_distractor,inertia_x1.6,dynamic,5,0.0,0.6,5,0.6,1.0,1.0,1.0,0.24,0
787-8,elev_doublet_distractor,inertia_x1.6,static,5,0.0,0.4,5,0.8,1.0,1.0,,,0
787-8,elev_doublet_distractor,cmq_x0.5,dynamic,5,0.0,0.4,5,0.4,1.0,1.0,1.0,0.32,0
787-8,elev_doublet_distractor,cmq_x0.5,static,5,0.0,0.4,5,0.8,1.0,1.0,,,0
787-8,elev_doublet_distractor,cmalpha_x0.7,dynamic,11,0.2727272727272727,0.5454545454545454,11,0.9090909090909091,0.9090909090909091,0.9090909090909091,0.8181818181818182,0.5545454545454546,11
787-8,elev_doublet_distractor,cmalpha_x0.7,static,11,0.18181818181818182,0.5454545454545454,11,0.9090909090909091,0.9090909090909091,0.9090909090909091,,,11
787-8,elev_doublet_distractor,clo_+0.1,dynamic,12,0.16666666666666666,0.25,12,0.5,0.9166666666666666,0.9166666666666666,0.75,0.6166666666666667,12
787-8,elev_doublet_distractor,clo_+0.1,static,12,0.16666666666666666,0.3333333333333333,12,0.4166666666666667,0.9166666666666666,0.9166666666666666,,,12
787-8,engine_restart,inertia_x1.6,dynamic,1,1.0,1.0,1,1.0,1.0,1.0,1.0,0.4,0
787-8,engine_restart,inertia_x1.6,static,1,0.0,1.0,1,1.0,1.0,1.0,,,0
787-8,engine_restart,cmq_x0.5,dynamic,9,0.6666666666666666,1.0,9,0.7777777777777778,1.0,1.0,0.4444444444444444,0.5666666666666668,0
787-8,engine_restart,cmq_x0.5,static,9,0.5555555555555556,0.6666666666666666,9,0.0,1.0,1.0,,,0
787-8,engine_restart,cmalpha_x0.7,dynamic,16,0.6875,0.9375,16,0.5,1.0,1.0,0.5,0.425,16
787-8,engine_restart,cmalpha_x0.7,static,16,0.375,0.625,16,0.25,1.0,1.0,,,16
787-8,engine_restart,clo_+0.1,dynamic,19,0.6842105263157895,1.0,19,0.5263157894736842,1.0,1.0,0.47368421052631576,0.536842105263158,19
787-8,engine_restart,clo_+0.1,static,19,0.47368421052631576,0.7368421052631579,19,0.05263157894736842,1.0,1.0,,,19
A320,throttle_step,inertia_x1.6,dynamic,7,0.14285714285714285,0.42857142857142855,7,0.5714285714285714,1.0,1.0,0.7142857142857143,0.5857142857142856,0
A320,throttle_step,inertia_x1.6,static,7,0.0,0.5714285714285714,7,0.5714285714285714,1.0,1.0,,,0
A320,throttle_step,cmq_x0.5,dynamic,6,0.0,0.6666666666666666,6,1.0,1.0,1.0,0.6666666666666666,0.6833333333333332,0
A320,throttle_step,cmq_x0.5,static,6,0.0,0.6666666666666666,6,0.6666666666666666,1.0,1.0,,,0
A320,throttle_step,cmalpha_x0.7,dynamic,11,0.6363636363636364,0.8181818181818182,11,0.8181818181818182,1.0,1.0,0.6363636363636364,0.6363636363636364,0
A320,throttle_step,cmalpha_x0.7,static,11,0.45454545454545453,0.9090909090909091,11,0.45454545454545453,1.0,1.0,,,0
A320,throttle_step,clo_+0.1,dynamic,17,0.5882352941176471,0.8823529411764706,15,0.4,1.0,1.0,0.6666666666666666,0.3733333333333333,15
A320,throttle_step,clo_+0.1,static,17,0.17647058823529413,0.47058823529411764,15,0.2,1.0,1.0,,,15
A320,elev_doublet,inertia_x1.6,dynamic,10,0.2,0.5,10,1.0,1.0,1.0,0.9,0.51,0
A320,elev_doublet,inertia_x1.6,static,10,0.0,0.4,10,1.0,1.0,1.0,,,0
A320,elev_doublet,cmq_x0.5,dynamic,0,,,0,,,,,,0
A320,elev_doublet,cmq_x0.5,static,0,,,0,,,,,,0
A320,elev_doublet,cmalpha_x0.7,dynamic,11,0.2727272727272727,0.6363636363636364,11,1.0,1.0,1.0,0.9090909090909091,0.4454545454545455,0
A320,elev_doublet,cmalpha_x0.7,static,11,0.18181818181818182,0.36363636363636365,11,1.0,1.0,1.0,,,0
A320,elev_doublet,clo_+0.1,dynamic,14,0.2857142857142857,0.6428571428571429,12,1.0,1.0,1.0,0.9166666666666666,0.38333333333333336,12
A320,elev_doublet,clo_+0.1,static,14,0.07142857142857142,0.5,12,1.0,1.0,1.0,,,12
A320,elev_step,inertia_x1.6,dynamic,10,0.1,0.3,10,0.6,1.0,1.0,1.0,0.18,0
A320,elev_step,inertia_x1.6,static,10,0.0,0.4,10,0.2,1.0,1.0,,,0
A320,elev_step,cmq_x0.5,dynamic,5,0.0,0.4,5,0.4,1.0,1.0,1.0,0.0,0
A320,elev_step,cmq_x0.5,static,5,0.0,0.0,5,0.0,1.0,1.0,,,0
A320,elev_step,cmalpha_x0.7,dynamic,21,0.38095238095238093,0.8571428571428571,21,0.7142857142857143,1.0,1.0,0.9047619047619048,0.3666666666666667,0
A320,elev_step,cmalpha_x0.7,static,21,0.19047619047619047,0.5714285714285714,21,0.7142857142857143,1.0,1.0,,,0
A320,elev_step,clo_+0.1,dynamic,20,0.2,0.6,20,0.35,1.0,1.0,0.85,0.15499999999999997,20
A320,elev_step,clo_+0.1,static,20,0.5,0.55,18,0.1111111111111111,1.0,1.0,,,18
A320,aileron_step,inertia_x1.6,dynamic,7,0.14285714285714285,0.7142857142857143,7,0.42857142857142855,1.0,1.0,0.5714285714285714,0.21428571428571427,0
A320,aileron_step,inertia_x1.6,static,7,0.0,0.7142857142857143,7,1.0,1.0,1.0,,,0
A320,aileron_step,cmq_x0.5,dynamic,1,0.0,1.0,1,1.0,1.0,1.0,1.0,0.6,0
A320,aileron_step,cmq_x0.5,static,1,0.0,1.0,1,1.0,1.0,1.0,,,0
A320,aileron_step,cmalpha_x0.7,dynamic,4,0.5,1.0,4,1.0,1.0,1.0,0.5,0.325,4
A320,aileron_step,cmalpha_x0.7,static,4,0.75,1.0,4,1.0,1.0,1.0,,,4
A320,aileron_step,clo_+0.1,dynamic,20,0.55,0.85,18,0.8888888888888888,1.0,1.0,0.5555555555555556,0.5833333333333335,18
A320,aileron_step,clo_+0.1,static,20,0.3,0.75,18,1.0,1.0,1.0,,,18
A320,rudder_doublet,inertia_x1.6,dynamic,7,0.14285714285714285,0.14285714285714285,7,1.0,1.0,1.0,0.8571428571428571,0.4857142857142857,0
A320,rudder_doublet,inertia_x1.6,static,7,0.0,0.0,7,1.0,1.0,1.0,,,0
A320,rudder_doublet,cmq_x0.5,dynamic,3,0.0,0.0,3,1.0,1.0,1.0,0.6666666666666666,0.5666666666666667,0
A320,rudder_doublet,cmq_x0.5,static,3,0.0,0.0,3,1.0,1.0,1.0,,,0
A320,rudder_doublet,cmalpha_x0.7,dynamic,11,0.36363636363636365,0.7272727272727273,11,1.0,1.0,1.0,0.5454545454545454,0.3818181818181818,0
A320,rudder_doublet,cmalpha_x0.7,static,11,0.2727272727272727,0.6363636363636364,11,1.0,1.0,1.0,,,0
A320,rudder_doublet,clo_+0.1,dynamic,7,0.2857142857142857,0.5714285714285714,7,1.0,1.0,1.0,0.14285714285714285,0.8142857142857143,7
A320,rudder_doublet,clo_+0.1,static,7,0.14285714285714285,0.7142857142857143,5,1.0,1.0,1.0,,,5
A320,bank_hold,inertia_x1.6,dynamic,6,0.0,0.6666666666666666,6,0.6666666666666666,1.0,1.0,0.6666666666666666,0.18333333333333335,0
A320,bank_hold,inertia_x1.6,static,6,0.0,0.6666666666666666,6,1.0,1.0,1.0,,,0
A320,bank_hold,cmq_x0.5,dynamic,1,0.0,0.0,1,1.0,1.0,1.0,1.0,0.2,0
A320,bank_hold,cmq_x0.5,static,1,0.0,0.0,1,1.0,1.0,1.0,,,0
A320,bank_hold,cmalpha_x0.7,dynamic,4,0.5,0.75,4,1.0,1.0,1.0,0.5,0.45,0
A320,bank_hold,cmalpha_x0.7,static,4,0.5,0.75,4,1.0,1.0,1.0,,,0
A320,bank_hold,clo_+0.1,dynamic,12,0.3333333333333333,0.75,10,0.9,1.0,1.0,0.5,0.25,10
A320,bank_hold,clo_+0.1,static,12,0.5,0.75,10,0.7,1.0,1.0,,,10
A320,flap_extend,inertia_x1.6,dynamic,10,0.3,0.9,10,1.0,1.0,1.0,0.8,0.39,0
A320,flap_extend,inertia_x1.6,static,10,0.3,0.7,10,0.6,1.0,1.0,,,0
A320,flap_extend,cmq_x0.5,dynamic,4,0.25,1.0,4,1.0,1.0,1.0,0.75,0.4,0
A320,flap_extend,cmq_x0.5,static,4,0.25,1.0,4,0.75,1.0,1.0,,,0
A320,flap_extend,cmalpha_x0.7,dynamic,22,0.8181818181818182,1.0,22,0.6363636363636364,1.0,1.0,0.8636363636363636,0.36363636363636365,0
A320,flap_extend,cmalpha_x0.7,static,22,0.7272727272727273,1.0,22,0.45454545454545453,1.0,1.0,,,0
A320,flap_extend,clo_+0.1,dynamic,18,0.8333333333333334,1.0,18,0.4444444444444444,1.0,1.0,0.8333333333333334,0.3611111111111111,18
A320,flap_extend,clo_+0.1,static,18,0.9444444444444444,1.0,18,0.6111111111111112,1.0,1.0,,,18
A320,engine_cut,inertia_x1.6,dynamic,4,0.0,0.75,4,0.25,1.0,1.0,0.25,0.37500000000000006,0
A320,engine_cut,inertia_x1.6,static,4,0.25,0.75,4,0.0,1.0,1.0,,,0
A320,engine_cut,cmq_x0.5,dynamic,3,0.3333333333333333,0.3333333333333333,3,0.3333333333333333,1.0,1.0,0.6666666666666666,0.4333333333333333,0
A320,engine_cut,cmq_x0.5,static,3,0.3333333333333333,0.3333333333333333,3,0.0,1.0,1.0,,,0
A320,engine_cut,cmalpha_x0.7,dynamic,18,0.2222222222222222,0.5555555555555556,18,0.2222222222222222,1.0,1.0,0.5,0.4944444444444446,0
A320,engine_cut,cmalpha_x0.7,static,18,0.3888888888888889,0.6666666666666666,18,0.0,1.0,1.0,,,0
A320,engine_cut,clo_+0.1,dynamic,19,0.6842105263157895,0.8421052631578947,17,0.35294117647058826,1.0,1.0,0.5294117647058824,0.5470588235294117,17
A320,engine_cut,clo_+0.1,static,19,0.7368421052631579,0.8947368421052632,17,0.0,1.0,1.0,,,17
A320,climbing_turn,inertia_x1.6,dynamic,11,0.45454545454545453,0.9090909090909091,11,0.45454545454545453,0.45454545454545453,0.45454545454545453,0.6363636363636364,0.13636363636363635,0
A320,climbing_turn,inertia_x1.6,static,11,0.09090909090909091,0.45454545454545453,11,0.45454545454545453,0.45454545454545453,0.45454545454545453,,,0
A320,climbing_turn,cmq_x0.5,dynamic,2,0.5,1.0,2,0.0,0.0,0.0,0.0,0.3,0
A320,climbing_turn,cmq_x0.5,static,2,0.0,1.0,2,0.5,0.0,0.0,,,0
A320,climbing_turn,cmalpha_x0.7,dynamic,12,0.6666666666666666,1.0,12,0.3333333333333333,0.5833333333333334,0.5833333333333334,0.5833333333333334,0.10000000000000002,0
A320,climbing_turn,cmalpha_x0.7,static,12,0.3333333333333333,0.8333333333333334,12,0.5,0.5833333333333334,0.5833333333333334,,,0
A320,climbing_turn,clo_+0.1,dynamic,12,0.5,0.9166666666666666,12,0.6666666666666666,0.3333333333333333,0.3333333333333333,0.5833333333333334,0.5750000000000001,12
A320,climbing_turn,clo_+0.1,static,12,0.16666666666666666,0.5,12,0.75,0.3333333333333333,0.3333333333333333,,,12
A320,elev_doublet_distractor,inertia_x1.6,dynamic,8,0.125,0.625,8,0.125,0.875,0.875,1.0,0.22500000000000003,0
A320,elev_doublet_distractor,inertia_x1.6,static,8,0.0,0.875,8,0.125,0.875,0.875,,,0
A320,elev_doublet_distractor,cmq_x0.5,dynamic,5,0.0,0.2,5,0.0,1.0,1.0,1.0,0.22000000000000003,0
A320,elev_doublet_distractor,cmq_x0.5,static,5,0.0,1.0,5,0.0,1.0,1.0,,,0
A320,elev_doublet_distractor,cmalpha_x0.7,dynamic,10,0.3,0.6,10,0.7,1.0,1.0,0.7,0.13,0
A320,elev_doublet_distractor,cmalpha_x0.7,static,10,0.3,0.5,10,0.6,1.0,1.0,,,0
A320,elev_doublet_distractor,clo_+0.1,dynamic,13,0.3076923076923077,0.6923076923076923,13,0.6923076923076923,0.6153846153846154,0.6153846153846154,1.0,0.5384615384615384,13
A320,elev_doublet_distractor,clo_+0.1,static,13,0.15384615384615385,0.5384615384615384,13,0.46153846153846156,0.6153846153846154,0.6153846153846154,,,13
A320,engine_restart,inertia_x1.6,dynamic,3,0.6666666666666666,0.6666666666666666,3,0.0,1.0,1.0,0.3333333333333333,0.3,0
A320,engine_restart,inertia_x1.6,static,3,0.3333333333333333,0.6666666666666666,3,0.0,1.0,1.0,,,0
A320,engine_restart,cmq_x0.5,dynamic,5,0.6,0.6,5,0.0,1.0,1.0,0.6,0.4,0
A320,engine_restart,cmq_x0.5,static,5,0.2,0.6,5,0.2,1.0,1.0,,,0
A320,engine_restart,cmalpha_x0.7,dynamic,18,0.7777777777777778,0.9444444444444444,18,0.3888888888888889,1.0,1.0,0.5555555555555556,0.42777777777777776,0
A320,engine_restart,cmalpha_x0.7,static,18,0.8888888888888888,0.8888888888888888,18,0.1111111111111111,1.0,1.0,,,0
A320,engine_restart,clo_+0.1,dynamic,17,0.8235294117647058,0.8823529411764706,15,0.3333333333333333,1.0,1.0,0.5333333333333333,0.4466666666666667,15
A320,engine_restart,clo_+0.1,static,17,0.8235294117647058,0.8235294117647058,15,0.13333333333333333,1.0,1.0,,,15
A4,throttle_step,inertia_x1.6,dynamic,3,0.0,0.0,3,1.0,1.0,1.0,1.0,1.0,0
A4,throttle_step,inertia_x1.6,static,3,0.0,0.6666666666666666,3,0.0,1.0,1.0,,,0
A4,throttle_step,cmq_x0.5,dynamic,1,0.0,0.0,1,1.0,1.0,1.0,1.0,1.0,0
A4,throttle_step,cmq_x0.5,static,1,0.0,0.0,1,0.0,1.0,1.0,,,0
A4,throttle_step,cmalpha_x0.7,dynamic,9,0.6666666666666666,0.8888888888888888,9,0.4444444444444444,1.0,1.0,0.7777777777777778,0.4444444444444444,0
A4,throttle_step,cmalpha_x0.7,static,9,0.2222222222222222,0.6666666666666666,9,0.2222222222222222,1.0,1.0,,,0
A4,throttle_step,clo_+0.1,dynamic,20,0.8,0.8,18,0.2222222222222222,1.0,1.0,1.0,0.2111111111111111,18
A4,throttle_step,clo_+0.1,static,20,0.65,0.65,16,0.0625,1.0,1.0,,,16
A4,elev_doublet,inertia_x1.6,dynamic,14,0.14285714285714285,0.6428571428571429,14,1.0,1.0,1.0,0.7142857142857143,0.7285714285714286,0
A4,elev_doublet,inertia_x1.6,static,14,0.0,0.5,14,1.0,1.0,1.0,,,0
A4,elev_doublet,cmq_x0.5,dynamic,8,0.0,0.5,8,1.0,1.0,1.0,0.5,0.775,0
A4,elev_doublet,cmq_x0.5,static,8,0.0,0.5,8,1.0,1.0,1.0,,,0
A4,elev_doublet,cmalpha_x0.7,dynamic,14,0.2857142857142857,0.5,14,1.0,1.0,1.0,0.7142857142857143,0.85,0
A4,elev_doublet,cmalpha_x0.7,static,14,0.21428571428571427,0.7142857142857143,14,1.0,1.0,1.0,,,0
A4,elev_doublet,clo_+0.1,dynamic,19,0.6842105263157895,0.7894736842105263,17,1.0,1.0,1.0,0.7058823529411765,0.8470588235294116,17
A4,elev_doublet,clo_+0.1,static,19,0.42105263157894735,0.7368421052631579,15,1.0,1.0,1.0,,,15
A4,elev_step,inertia_x1.6,dynamic,11,0.18181818181818182,0.6363636363636364,11,1.0,1.0,1.0,0.7272727272727273,0.7272727272727273,0
A4,elev_step,inertia_x1.6,static,11,0.0,0.45454545454545453,11,1.0,1.0,1.0,,,0
A4,elev_step,cmq_x0.5,dynamic,9,0.0,0.4444444444444444,9,1.0,1.0,1.0,0.6666666666666666,0.8555555555555556,0
A4,elev_step,cmq_x0.5,static,9,0.0,0.3333333333333333,9,1.0,1.0,1.0,,,0
A4,elev_step,cmalpha_x0.7,dynamic,20,0.4,0.85,20,1.0,1.0,1.0,0.75,0.89,0
A4,elev_step,cmalpha_x0.7,static,20,0.1,0.75,20,0.95,1.0,1.0,,,0
A4,elev_step,clo_+0.1,dynamic,18,0.7222222222222222,0.7222222222222222,16,1.0,1.0,1.0,0.625,0.9,16
A4,elev_step,clo_+0.1,static,18,0.6666666666666666,0.7222222222222222,14,1.0,1.0,1.0,,,14
A4,aileron_step,inertia_x1.6,dynamic,10,0.6,0.9,10,0.4,1.0,1.0,0.4,0.09,0
A4,aileron_step,inertia_x1.6,static,10,0.2,0.7,10,0.7,1.0,1.0,,,0
A4,aileron_step,cmq_x0.5,dynamic,2,0.0,0.0,2,0.5,1.0,1.0,1.0,0.45,0
A4,aileron_step,cmq_x0.5,static,2,0.0,1.0,2,0.5,1.0,1.0,,,0
A4,aileron_step,cmalpha_x0.7,dynamic,4,1.0,1.0,4,0.75,1.0,1.0,0.5,0.275,0
A4,aileron_step,cmalpha_x0.7,static,4,0.5,1.0,4,0.5,1.0,1.0,,,0
A4,aileron_step,clo_+0.1,dynamic,22,0.7727272727272727,0.7727272727272727,22,0.6363636363636364,1.0,1.0,0.3181818181818182,0.6181818181818183,22
A4,aileron_step,clo_+0.1,static,22,0.7272727272727273,0.7727272727272727,20,0.7,1.0,1.0,,,20
A4,rudder_doublet,inertia_x1.6,dynamic,7,0.0,0.5714285714285714,7,1.0,1.0,1.0,0.7142857142857143,0.5857142857142857,0
A4,rudder_doublet,inertia_x1.6,static,7,0.2857142857142857,0.7142857142857143,7,1.0,1.0,1.0,,,0
A4,rudder_doublet,cmq_x0.5,dynamic,3,0.0,0.0,3,1.0,1.0,1.0,1.0,0.6666666666666666,0
A4,rudder_doublet,cmq_x0.5,static,3,0.0,0.6666666666666666,3,1.0,1.0,1.0,,,0
A4,rudder_doublet,cmalpha_x0.7,dynamic,5,0.8,1.0,5,1.0,1.0,1.0,1.0,0.86,0
A4,rudder_doublet,cmalpha_x0.7,static,5,0.8,1.0,5,1.0,1.0,1.0,,,0
A4,rudder_doublet,clo_+0.1,dynamic,18,0.5555555555555556,0.7222222222222222,18,1.0,1.0,1.0,0.8333333333333334,0.911111111111111,18
A4,rudder_doublet,clo_+0.1,static,18,0.6666666666666666,0.7222222222222222,16,1.0,1.0,1.0,,,16
A4,bank_hold,inertia_x1.6,dynamic,9,0.4444444444444444,0.6666666666666666,9,0.7777777777777778,1.0,1.0,0.2222222222222222,0.4222222222222222,0
A4,bank_hold,inertia_x1.6,static,9,0.3333333333333333,0.7777777777777778,9,0.5555555555555556,1.0,1.0,,,0
A4,bank_hold,cmq_x0.5,dynamic,6,0.0,0.3333333333333333,6,0.8333333333333334,1.0,1.0,0.16666666666666666,0.3333333333333333,0
A4,bank_hold,cmq_x0.5,static,6,0.0,0.3333333333333333,6,0.6666666666666666,1.0,1.0,,,0
A4,bank_hold,cmalpha_x0.7,dynamic,8,0.25,0.625,8,1.0,1.0,1.0,0.25,0.3875,0
A4,bank_hold,cmalpha_x0.7,static,8,0.25,0.625,8,0.625,1.0,1.0,,,0
A4,bank_hold,clo_+0.1,dynamic,19,0.8421052631578947,0.8947368421052632,17,0.8235294117647058,1.0,1.0,0.17647058823529413,0.723529411764706,17
A4,bank_hold,clo_+0.1,static,19,0.7894736842105263,0.8947368421052632,17,0.8235294117647058,1.0,1.0,,,17
A4,flap_extend,inertia_x1.6,dynamic,22,0.5454545454545454,0.9545454545454546,22,0.5909090909090909,1.0,1.0,0.6818181818181818,0.6909090909090909,0
A4,flap_extend,inertia_x1.6,static,22,0.09090909090909091,0.5454545454545454,22,0.9090909090909091,1.0,1.0,,,0
A4,flap_extend,cmq_x0.5,dynamic,22,0.6363636363636364,0.8636363636363636,22,0.5909090909090909,1.0,1.0,0.6818181818181818,0.5954545454545456,0
A4,flap_extend,cmq_x0.5,static,22,0.3181818181818182,0.6363636363636364,22,0.8636363636363636,1.0,1.0,,,0
A4,flap_extend,cmalpha_x0.7,dynamic,22,0.6363636363636364,0.8636363636363636,22,0.5909090909090909,1.0,1.0,0.6818181818181818,0.6181818181818183,0
A4,flap_extend,cmalpha_x0.7,static,22,0.3181818181818182,0.5,22,0.9090909090909091,1.0,1.0,,,0
A4,flap_extend,clo_+0.1,dynamic,22,1.0,1.0,22,0.8181818181818182,1.0,1.0,0.7272727272727273,0.36363636363636365,22
A4,flap_extend,clo_+0.1,static,22,0.9090909090909091,0.9090909090909091,22,0.36363636363636365,1.0,1.0,,,22
A4,climbing_turn,inertia_x1.6,dynamic,14,0.14285714285714285,0.7857142857142857,14,0.5,0.42857142857142855,0.42857142857142855,0.5714285714285714,0.2071428571428571,0
A4,climbing_turn,inertia_x1.6,static,14,0.0,0.42857142857142855,14,0.21428571428571427,0.42857142857142855,0.42857142857142855,,,0
A4,climbing_turn,cmq_x0.5,dynamic,7,0.14285714285714285,0.42857142857142855,7,0.5714285714285714,0.5714285714285714,0.5714285714285714,0.5714285714285714,0.17142857142857143,0
A4,climbing_turn,cmq_x0.5,static,7,0.0,0.42857142857142855,7,0.14285714285714285,0.5714285714285714,0.5714285714285714,,,0
A4,climbing_turn,cmalpha_x0.7,dynamic,20,0.4,0.85,20,0.45,0.65,0.65,0.5,0.22999999999999998,0
A4,climbing_turn,cmalpha_x0.7,static,20,0.35,0.8,20,0.65,0.65,0.65,,,0
A4,climbing_turn,clo_+0.1,dynamic,22,0.9090909090909091,1.0,22,0.5454545454545454,0.4090909090909091,0.4090909090909091,0.5454545454545454,0.7636363636363638,22
A4,climbing_turn,clo_+0.1,static,22,0.7727272727272727,0.9545454545454546,22,0.7727272727272727,0.4090909090909091,0.4090909090909091,,,22
A4,elev_doublet_distractor,inertia_x1.6,dynamic,8,0.25,0.75,8,0.375,0.625,0.625,1.0,0.3125,0
A4,elev_doublet_distractor,inertia_x1.6,static,8,0.125,0.375,8,0.5,0.625,0.625,,,0
A4,elev_doublet_distractor,cmq_x0.5,dynamic,6,0.0,0.3333333333333333,6,0.16666666666666666,0.8333333333333334,0.8333333333333334,1.0,0.3833333333333333,0
A4,elev_doublet_distractor,cmq_x0.5,static,6,0.0,0.5,6,0.3333333333333333,0.8333333333333334,0.8333333333333334,,,0
A4,elev_doublet_distractor,cmalpha_x0.7,dynamic,8,0.25,0.625,8,1.0,0.875,0.875,0.875,0.3375,0
A4,elev_doublet_distractor,cmalpha_x0.7,static,8,0.25,0.625,8,1.0,0.875,0.875,,,0
A4,elev_doublet_distractor,clo_+0.1,dynamic,19,0.7368421052631579,0.7894736842105263,19,0.631578947368421,0.5789473684210527,0.5789473684210527,0.6842105263157895,0.8105263157894737,19
A4,elev_doublet_distractor,clo_+0.1,static,19,0.631578947368421,0.8421052631578947,17,0.8823529411764706,0.5294117647058824,0.5294117647058824,,,17
B747,throttle_step,inertia_x1.6,dynamic,1,1.0,1.0,1,1.0,1.0,1.0,0.0,1.0,0
B747,throttle_step,inertia_x1.6,static,1,0.0,1.0,1,0.0,1.0,1.0,,,0
B747,throttle_step,cmq_x0.5,dynamic,5,0.6,1.0,5,0.6,1.0,1.0,0.6,0.62,0
B747,throttle_step,cmq_x0.5,static,5,0.2,0.6,5,1.0,1.0,1.0,,,0
B747,throttle_step,cmalpha_x0.7,dynamic,5,0.4,0.8,5,0.8,1.0,1.0,0.6,0.8,0
B747,throttle_step,cmalpha_x0.7,static,5,0.2,0.6,5,0.6,1.0,1.0,,,0
B747,throttle_step,clo_+0.1,dynamic,12,0.25,0.8333333333333334,12,0.8333333333333334,1.0,1.0,0.5,0.8750000000000001,12
B747,throttle_step,clo_+0.1,static,12,0.16666666666666666,0.5833333333333334,12,0.5833333333333334,1.0,1.0,,,12
B747,elev_doublet,inertia_x1.6,dynamic,9,0.1111111111111111,0.5555555555555556,9,1.0,1.0,1.0,0.8888888888888888,0.911111111111111,0
B747,elev_doublet,inertia_x1.6,static,9,0.0,0.4444444444444444,9,1.0,1.0,1.0,,,0
B747,elev_doublet,cmq_x0.5,dynamic,5,0.2,0.8,5,1.0,1.0,1.0,1.0,1.0,0
B747,elev_doublet,cmq_x0.5,static,5,0.0,0.8,5,1.0,1.0,1.0,,,0
B747,elev_doublet,cmalpha_x0.7,dynamic,6,0.5,0.8333333333333334,6,1.0,1.0,1.0,0.5,0.8333333333333334,0
B747,elev_doublet,cmalpha_x0.7,static,6,0.3333333333333333,1.0,6,1.0,1.0,1.0,,,0
B747,elev_doublet,clo_+0.1,dynamic,18,0.6666666666666666,0.6666666666666666,17,1.0,1.0,1.0,0.7647058823529411,0.8117647058823529,17
B747,elev_doublet,clo_+0.1,static,18,0.4444444444444444,0.6666666666666666,16,1.0,1.0,1.0,,,16
B747,elev_step,inertia_x1.6,dynamic,9,0.2222222222222222,0.7777777777777778,9,0.8888888888888888,1.0,1.0,0.8888888888888888,0.7777777777777778,0
B747,elev_step,inertia_x1.6,static,9,0.1111111111111111,0.5555555555555556,9,0.8888888888888888,1.0,1.0,,,0
B747,elev_step,cmq_x0.5,dynamic,16,0.0,0.9375,16,0.8125,1.0,1.0,0.75,0.68125,0
B747,elev_step,cmq_x0.5,static,16,0.0625,0.5,16,0.875,1.0,1.0,,,0
B747,elev_step,cmalpha_x0.7,dynamic,19,0.42105263157894735,0.7894736842105263,19,0.8421052631578947,1.0,1.0,0.631578947368421,0.7947368421052632,19
B747,elev_step,cmalpha_x0.7,static,19,0.3684210526315789,0.7368421052631579,19,0.8947368421052632,1.0,1.0,,,19
B747,elev_step,clo_+0.1,dynamic,15,0.5333333333333333,0.7333333333333333,15,0.3333333333333333,1.0,1.0,0.7333333333333333,0.3,15
B747,elev_step,clo_+0.1,static,15,0.6666666666666666,0.7333333333333333,14,0.2857142857142857,1.0,1.0,,,14
B747,aileron_step,inertia_x1.6,dynamic,10,0.2,0.5,10,0.3,1.0,1.0,0.6,0.18,0
B747,aileron_step,inertia_x1.6,static,10,0.0,0.1,10,0.5,1.0,1.0,,,0
B747,aileron_step,cmq_x0.5,dynamic,2,0.0,1.0,2,0.5,1.0,1.0,1.0,0.45,0
B747,aileron_step,cmq_x0.5,static,2,0.0,0.0,2,0.0,1.0,1.0,,,0
B747,aileron_step,cmalpha_x0.7,dynamic,5,0.4,0.6,5,1.0,1.0,1.0,0.4,0.18000000000000002,0
B747,aileron_step,cmalpha_x0.7,static,5,0.4,0.4,5,1.0,1.0,1.0,,,0
B747,aileron_step,clo_+0.1,dynamic,15,0.06666666666666667,0.6666666666666666,13,0.7692307692307693,1.0,1.0,0.6153846153846154,0.5230769230769232,13
B747,aileron_step,clo_+0.1,static,15,0.0,0.2,13,0.8461538461538461,1.0,1.0,,,13
B747,rudder_doublet,inertia_x1.6,dynamic,2,0.0,0.5,2,1.0,1.0,1.0,1.0,0.75,0
B747,rudder_doublet,inertia_x1.6,static,2,0.0,0.0,2,1.0,1.0,1.0,,,0
B747,rudder_doublet,cmq_x0.5,dynamic,5,0.2,0.4,5,1.0,1.0,1.0,1.0,0.66,0
B747,rudder_doublet,cmq_x0.5,static,5,0.2,0.6,5,1.0,1.0,1.0,,,0
B747,rudder_doublet,cmalpha_x0.7,dynamic,4,0.75,1.0,4,1.0,1.0,1.0,0.5,0.75,0
B747,rudder_doublet,cmalpha_x0.7,static,4,0.5,1.0,4,1.0,1.0,1.0,,,0
B747,rudder_doublet,clo_+0.1,dynamic,6,0.16666666666666666,0.8333333333333334,6,1.0,1.0,1.0,0.5,0.8333333333333334,6
B747,rudder_doublet,clo_+0.1,static,6,0.0,0.5,4,1.0,1.0,1.0,,,4
B747,bank_hold,inertia_x1.6,dynamic,9,0.0,0.5555555555555556,9,0.3333333333333333,1.0,1.0,0.5555555555555556,0.1111111111111111,0
B747,bank_hold,inertia_x1.6,static,9,0.1111111111111111,0.5555555555555556,9,0.3333333333333333,1.0,1.0,,,0
B747,bank_hold,cmq_x0.5,dynamic,7,0.5714285714285714,1.0,7,0.42857142857142855,1.0,1.0,0.42857142857142855,0.15714285714285717,0
B747,bank_hold,cmq_x0.5,static,7,0.14285714285714285,1.0,7,0.5714285714285714,1.0,1.0,,,0
B747,bank_hold,cmalpha_x0.7,dynamic,8,0.375,0.875,8,1.0,1.0,1.0,0.375,0.22499999999999998,0
B747,bank_hold,cmalpha_x0.7,static,8,0.5,1.0,8,1.0,1.0,1.0,,,0
B747,bank_hold,clo_+0.1,dynamic,18,0.2777777777777778,0.8888888888888888,18,0.8333333333333334,1.0,1.0,0.3888888888888889,0.48888888888888893,18
B747,bank_hold,clo_+0.1,static,18,0.5555555555555556,1.0,18,0.7222222222222222,1.0,1.0,,,18
B747,flap_extend,inertia_x1.6,dynamic,19,0.42105263157894735,0.631578947368421,19,0.7894736842105263,1.0,1.0,0.3684210526315789,0.3894736842105263,0
B747,flap_extend,inertia_x1.6,static,19,0.42105263157894735,0.6842105263157895,19,0.2631578947368421,1.0,1.0,,,0
B747,flap_extend,cmq_x0.5,dynamic,19,0.7368421052631579,0.8421052631578947,19,0.5789473684210527,1.0,1.0,0.42105263157894735,0.4789473684210526,0
B747,flap_extend,cmq_x0.5,static,19,0.7368421052631579,0.8947368421052632,19,0.2631578947368421,1.0,1.0,,,0
B747,flap_extend,cmalpha_x0.7,dynamic,18,0.9444444444444444,0.9444444444444444,18,0.4444444444444444,1.0,1.0,0.4444444444444444,0.38333333333333336,0
B747,flap_extend,cmalpha_x0.7,static,18,0.9444444444444444,0.9444444444444444,18,0.1111111111111111,1.0,1.0,,,0
B747,flap_extend,clo_+0.1,dynamic,21,0.8095238095238095,0.9523809523809523,21,0.6190476190476191,1.0,1.0,0.38095238095238093,0.438095238095238,21
B747,flap_extend,clo_+0.1,static,21,0.7142857142857143,0.8571428571428571,21,0.42857142857142855,1.0,1.0,,,21
B747,engine_cut,inertia_x1.6,dynamic,9,0.3333333333333333,0.7777777777777778,9,0.4444444444444444,1.0,1.0,0.2222222222222222,0.5666666666666667,0
B747,engine_cut,inertia_x1.6,static,9,0.1111111111111111,0.5555555555555556,9,0.0,1.0,1.0,,,0
B747,engine_cut,cmq_x0.5,dynamic,9,0.5555555555555556,0.6666666666666666,9,0.1111111111111111,1.0,1.0,0.0,0.7,0
B747,engine_cut,cmq_x0.5,static,9,0.5555555555555556,0.7777777777777778,9,0.0,1.0,1.0,,,0
B747,engine_cut,cmalpha_x0.7,dynamic,11,0.5454545454545454,0.7272727272727273,11,0.09090909090909091,1.0,1.0,0.0,0.5636363636363636,0
B747,engine_cut,cmalpha_x0.7,static,11,0.5454545454545454,0.7272727272727273,11,0.0,1.0,1.0,,,0
B747,engine_cut,clo_+0.1,dynamic,19,0.631578947368421,0.6842105263157895,19,0.15789473684210525,1.0,1.0,0.42105263157894735,0.7473684210526316,19
B747,engine_cut,clo_+0.1,static,19,0.47368421052631576,0.631578947368421,19,0.0,1.0,1.0,,,19
B747,climbing_turn,inertia_x1.6,dynamic,10,0.2,0.8,10,0.5,0.7,0.7,0.6,0.11000000000000001,0
B747,climbing_turn,inertia_x1.6,static,10,0.0,0.5,10,0.5,0.7,0.7,,,0
B747,climbing_turn,cmq_x0.5,dynamic,5,0.2,1.0,5,0.8,1.0,1.0,0.8,0.0,0
B747,climbing_turn,cmq_x0.5,static,5,0.0,0.6,5,0.8,1.0,1.0,,,0
B747,climbing_turn,cmalpha_x0.7,dynamic,7,0.2857142857142857,0.5714285714285714,7,0.42857142857142855,1.0,1.0,0.8571428571428571,0.41428571428571426,0
B747,climbing_turn,cmalpha_x0.7,static,7,0.0,0.42857142857142855,7,0.14285714285714285,1.0,1.0,,,0
B747,climbing_turn,clo_+0.1,dynamic,13,0.23076923076923078,0.5384615384615384,13,0.5384615384615384,0.5384615384615384,0.5384615384615384,0.6153846153846154,0.44615384615384623,13
B747,climbing_turn,clo_+0.1,static,13,0.23076923076923078,0.3076923076923077,13,0.46153846153846156,0.5384615384615384,0.5384615384615384,,,13
B747,elev_doublet_distractor,inertia_x1.6,dynamic,7,0.42857142857142855,0.8571428571428571,7,0.14285714285714285,0.7142857142857143,0.7142857142857143,1.0,0.2857142857142857,0
B747,elev_doublet_distractor,inertia_x1.6,static,7,0.14285714285714285,1.0,7,0.42857142857142855,0.7142857142857143,0.7142857142857143,,,0
B747,elev_doublet_distractor,cmq_x0.5,dynamic,5,0.4,0.8,5,0.2,1.0,1.0,1.0,0.42000000000000004,0
B747,elev_doublet_distractor,cmq_x0.5,static,5,0.2,1.0,5,0.0,1.0,1.0,,,0
B747,elev_doublet_distractor,cmalpha_x0.7,dynamic,4,0.75,1.0,4,0.75,1.0,1.0,0.75,0.4,0
B747,elev_doublet_distractor,cmalpha_x0.7,static,4,0.5,0.75,4,0.75,1.0,1.0,,,0
B747,elev_doublet_distractor,clo_+0.1,dynamic,13,0.23076923076923078,0.38461538461538464,13,0.5384615384615384,0.8461538461538461,0.8461538461538461,0.6923076923076923,0.6307692307692307,13
B747,elev_doublet_distractor,clo_+0.1,static,13,0.07692307692307693,0.23076923076923078,13,0.5384615384615384,0.8461538461538461,0.8461538461538461,,,13
B747,engine_restart,inertia_x1.6,dynamic,6,0.3333333333333333,0.8333333333333334,6,1.0,1.0,1.0,0.3333333333333333,0.3333333333333333,0
B747,engine_restart,inertia_x1.6,static,6,0.16666666666666666,0.3333333333333333,6,0.3333333333333333,1.0,1.0,,,0
B747,engine_restart,cmq_x0.5,dynamic,11,0.8181818181818182,1.0,11,0.6363636363636364,1.0,1.0,0.36363636363636365,0.6636363636363636,0
B747,engine_restart,cmq_x0.5,static,11,0.5454545454545454,0.7272727272727273,11,0.2727272727272727,1.0,1.0,,,0
B747,engine_restart,cmalpha_x0.7,dynamic,10,0.7,1.0,10,0.8,1.0,1.0,0.4,0.5599999999999998,0
B747,engine_restart,cmalpha_x0.7,static,10,0.1,0.5,10,0.2,1.0,1.0,,,0
B747,engine_restart,clo_+0.1,dynamic,18,0.5,0.8333333333333334,18,0.3333333333333333,1.0,1.0,0.3888888888888889,0.672222222222222,18
B747,engine_restart,clo_+0.1,static,18,0.4444444444444444,0.8333333333333334,18,0.2222222222222222,1.0,1.0,,,18
Boeing314,throttle_step,inertia_x1.6,dynamic,4,0.0,0.5,4,1.0,1.0,1.0,1.0,1.0,0
Boeing314,throttle_step,inertia_x1.6,static,4,0.0,0.5,4,1.0,1.0,1.0,,,0
Boeing314,throttle_step,cmq_x0.5,dynamic,18,0.7777777777777778,0.8333333333333334,18,1.0,1.0,1.0,1.0,1.0,0
Boeing314,throttle_step,cmq_x0.5,static,18,0.2777777777777778,0.5,18,1.0,1.0,1.0,,,0
Boeing314,throttle_step,cmalpha_x0.7,dynamic,8,0.625,1.0,8,1.0,1.0,1.0,1.0,1.0,8
Boeing314,throttle_step,cmalpha_x0.7,static,8,0.375,1.0,8,1.0,1.0,1.0,,,8
Boeing314,throttle_step,clo_+0.1,dynamic,11,0.6363636363636364,1.0,11,1.0,1.0,1.0,1.0,1.0,11
Boeing314,throttle_step,clo_+0.1,static,11,0.5454545454545454,1.0,11,1.0,1.0,1.0,,,11
Boeing314,elev_doublet,inertia_x1.6,dynamic,4,0.5,0.75,4,1.0,1.0,1.0,0.5,0.2,0
Boeing314,elev_doublet,inertia_x1.6,static,4,0.0,0.5,4,1.0,1.0,1.0,,,0
Boeing314,elev_doublet,cmq_x0.5,dynamic,12,0.5,0.8333333333333334,12,1.0,1.0,1.0,0.75,0.49166666666666664,0
Boeing314,elev_doublet,cmq_x0.5,static,12,0.0,0.75,12,1.0,1.0,1.0,,,0
Boeing314,elev_doublet,cmalpha_x0.7,dynamic,5,0.4,0.6,5,1.0,1.0,1.0,0.6,0.54,0
Boeing314,elev_doublet,cmalpha_x0.7,static,5,0.2,0.8,5,1.0,1.0,1.0,,,0
Boeing314,elev_doublet,clo_+0.1,dynamic,14,0.7857142857142857,0.9285714285714286,14,1.0,1.0,1.0,0.5,0.9928571428571429,14
Boeing314,elev_doublet,clo_+0.1,static,14,0.35714285714285715,0.8571428571428571,14,1.0,1.0,1.0,,,14
Boeing314,elev_step,inertia_x1.6,dynamic,2,0.0,0.5,2,1.0,1.0,1.0,1.0,0.2,0
Boeing314,elev_step,inertia_x1.6,static,2,0.5,0.5,2,1.0,1.0,1.0,,,0
Boeing314,elev_step,cmq_x0.5,dynamic,13,0.8461538461538461,1.0,13,1.0,1.0,1.0,0.7692307692307693,0.35384615384615387,0
Boeing314,elev_step,cmq_x0.5,static,13,0.38461538461538464,0.8461538461538461,13,1.0,1.0,1.0,,,0
Boeing314,elev_step,cmalpha_x0.7,dynamic,9,0.0,0.5555555555555556,9,1.0,1.0,1.0,0.6666666666666666,0.7555555555555555,0
Boeing314,elev_step,cmalpha_x0.7,static,9,0.0,0.2222222222222222,9,1.0,1.0,1.0,,,0
Boeing314,elev_step,clo_+0.1,dynamic,11,0.18181818181818182,0.8181818181818182,11,1.0,1.0,1.0,1.0,0.9696969696969696,0
Boeing314,elev_step,clo_+0.1,static,11,0.09090909090909091,0.2727272727272727,11,1.0,1.0,1.0,,,0
Boeing314,aileron_step,inertia_x1.6,dynamic,2,0.0,1.0,2,1.0,1.0,1.0,1.0,0.35,0
Boeing314,aileron_step,inertia_x1.6,static,2,0.0,0.0,2,1.0,1.0,1.0,,,0
Boeing314,aileron_step,cmq_x0.5,dynamic,10,0.1,0.8,10,1.0,1.0,1.0,0.6,0.31999999999999995,0
Boeing314,aileron_step,cmq_x0.5,static,10,0.1,0.2,10,1.0,1.0,1.0,,,0
Boeing314,aileron_step,cmalpha_x0.7,dynamic,6,0.0,0.16666666666666666,6,1.0,1.0,1.0,0.16666666666666666,0.23333333333333336,6
Boeing314,aileron_step,cmalpha_x0.7,static,6,0.0,0.16666666666666666,6,1.0,1.0,1.0,,,6
Boeing314,aileron_step,clo_+0.1,dynamic,10,0.3,0.5,10,1.0,1.0,1.0,0.5,0.4,10
Boeing314,aileron_step,clo_+0.1,static,10,0.0,0.4,10,1.0,1.0,1.0,,,10
Boeing314,rudder_doublet,inertia_x1.6,dynamic,1,0.0,1.0,1,1.0,1.0,1.0,1.0,0.2,0
Boeing314,rudder_doublet,inertia_x1.6,static,1,0.0,0.0,1,1.0,1.0,1.0,,,0
Boeing314,rudder_doublet,cmq_x0.5,dynamic,9,1.0,1.0,9,1.0,1.0,1.0,1.0,0.28888888888888886,0
Boeing314,rudder_doublet,cmq_x0.5,static,9,0.1111111111111111,0.7777777777777778,9,1.0,1.0,1.0,,,0
Boeing314,rudder_doublet,cmalpha_x0.7,dynamic,6,0.8333333333333334,1.0,6,1.0,1.0,1.0,1.0,0.25,6
Boeing314,rudder_doublet,cmalpha_x0.7,static,6,0.5,1.0,6,1.0,1.0,1.0,,,6
Boeing314,rudder_doublet,clo_+0.1,dynamic,8,0.625,0.875,8,1.0,1.0,1.0,0.375,0.4125,8
Boeing314,rudder_doublet,clo_+0.1,static,8,0.375,0.75,8,1.0,1.0,1.0,,,8
Boeing314,bank_hold,inertia_x1.6,dynamic,2,0.0,0.5,2,1.0,1.0,1.0,0.0,0.3,0
Boeing314,bank_hold,inertia_x1.6,static,2,0.0,0.5,2,1.0,1.0,1.0,,,0
Boeing314,bank_hold,cmq_x0.5,dynamic,11,0.6363636363636364,0.8181818181818182,11,1.0,1.0,1.0,0.8181818181818182,0.3272727272727272,0
Boeing314,bank_hold,cmq_x0.5,static,11,0.36363636363636365,0.8181818181818182,11,1.0,1.0,1.0,,,0
Boeing314,bank_hold,cmalpha_x0.7,dynamic,10,0.7,1.0,10,1.0,1.0,1.0,1.0,0.32999999999999996,10
Boeing314,bank_hold,cmalpha_x0.7,static,10,0.2,0.9,10,1.0,1.0,1.0,,,10
Boeing314,bank_hold,clo_+0.1,dynamic,13,0.6923076923076923,0.8461538461538461,13,1.0,1.0,1.0,0.5384615384615384,0.2769230769230769,13
Boeing314,bank_hold,clo_+0.1,static,13,0.23076923076923078,0.8461538461538461,13,1.0,1.0,1.0,,,13
Boeing314,flap_extend,inertia_x1.6,dynamic,7,0.7142857142857143,1.0,7,1.0,1.0,1.0,1.0,0.5714285714285714,0
Boeing314,flap_extend,inertia_x1.6,static,7,0.0,0.7142857142857143,7,1.0,1.0,1.0,,,0
Boeing314,flap_extend,cmq_x0.5,dynamic,10,1.0,1.0,10,1.0,1.0,1.0,1.0,0.54,0
Boeing314,flap_extend,cmq_x0.5,static,10,0.5,1.0,10,1.0,1.0,1.0,,,0
Boeing314,flap_extend,cmalpha_x0.7,dynamic,11,0.8181818181818182,1.0,11,1.0,1.0,1.0,1.0,0.5,11
Boeing314,flap_extend,cmalpha_x0.7,static,11,0.45454545454545453,0.6363636363636364,11,1.0,1.0,1.0,,,11
Boeing314,flap_extend,clo_+0.1,dynamic,8,0.375,0.875,8,1.0,1.0,1.0,1.0,0.5,8
Boeing314,flap_extend,clo_+0.1,static,8,0.25,0.75,8,1.0,1.0,1.0,,,8
Boeing314,engine_cut,inertia_x1.6,dynamic,0,,,0,,,,,,0
Boeing314,engine_cut,inertia_x1.6,static,0,,,0,,,,,,0
Boeing314,engine_cut,cmq_x0.5,dynamic,4,0.75,1.0,4,1.0,1.0,1.0,1.0,1.0,0
Boeing314,engine_cut,cmq_x0.5,static,4,0.0,0.0,0,,,,,,0
Boeing314,engine_cut,cmalpha_x0.7,dynamic,5,0.6,0.8,5,1.0,1.0,1.0,1.0,1.0,5
Boeing314,engine_cut,cmalpha_x0.7,static,5,0.8,0.8,0,,,,,,5
Boeing314,engine_cut,clo_+0.1,dynamic,5,0.8,0.8,5,1.0,1.0,1.0,1.0,1.0,5
Boeing314,engine_cut,clo_+0.1,static,5,0.6,0.8,0,,,,,,5
Boeing314,climbing_turn,inertia_x1.6,dynamic,1,0.0,1.0,1,1.0,1.0,1.0,0.0,0.3,0
Boeing314,climbing_turn,inertia_x1.6,static,1,0.0,1.0,1,0.0,1.0,1.0,,,0
Boeing314,climbing_turn,cmq_x0.5,dynamic,17,0.7058823529411765,1.0,17,0.47058823529411764,0.6470588235294118,0.6470588235294118,0.5882352941176471,0.11764705882352941,0
Boeing314,climbing_turn,cmq_x0.5,static,17,0.5882352941176471,1.0,17,0.35294117647058826,0.6470588235294118,0.6470588235294118,,,0
Boeing314,climbing_turn,cmalpha_x0.7,dynamic,7,0.14285714285714285,0.7142857142857143,7,0.8571428571428571,0.8571428571428571,0.8571428571428571,0.2857142857142857,0.35714285714285715,0
Boeing314,climbing_turn,cmalpha_x0.7,static,7,0.0,0.5714285714285714,7,0.8571428571428571,0.8571428571428571,0.8571428571428571,,,0
Boeing314,climbing_turn,clo_+0.1,dynamic,10,0.6,1.0,10,0.9,0.9,0.9,0.6,0.42000000000000004,0
Boeing314,climbing_turn,clo_+0.1,static,10,0.2,0.9,10,0.9,0.9,0.9,,,0
Boeing314,elev_doublet_distractor,inertia_x1.6,dynamic,1,0.0,0.0,1,0.0,1.0,1.0,1.0,0.2,0
Boeing314,elev_doublet_distractor,inertia_x1.6,static,1,0.0,0.0,1,0.0,1.0,1.0,,,0
Boeing314,elev_doublet_distractor,cmq_x0.5,dynamic,10,1.0,1.0,10,0.3,1.0,1.0,0.2,0.19,0
Boeing314,elev_doublet_distractor,cmq_x0.5,static,10,0.2,0.9,10,0.0,1.0,1.0,,,0
Boeing314,elev_doublet_distractor,cmalpha_x0.7,dynamic,7,0.42857142857142855,0.8571428571428571,7,0.8571428571428571,0.8571428571428571,0.8571428571428571,0.5714285714285714,0.5714285714285714,0
Boeing314,elev_doublet_distractor,cmalpha_x0.7,static,7,0.2857142857142857,0.7142857142857143,7,0.8571428571428571,0.8571428571428571,0.8571428571428571,,,0
Boeing314,elev_doublet_distractor,clo_+0.1,dynamic,13,0.38461538461538464,0.6923076923076923,13,0.6153846153846154,0.6153846153846154,0.6153846153846154,0.5384615384615384,0.6538461538461539,0
Boeing314,elev_doublet_distractor,clo_+0.1,static,13,0.0,0.5384615384615384,13,0.6153846153846154,0.6153846153846154,0.6153846153846154,,,0
Boeing314,engine_stop,inertia_x1.6,dynamic,1,0.0,1.0,1,1.0,1.0,1.0,1.0,1.0,0
Boeing314,engine_stop,inertia_x1.6,static,1,0.0,0.0,0,,,,,,0
Boeing314,engine_stop,cmq_x0.5,dynamic,10,1.0,1.0,10,1.0,1.0,1.0,1.0,1.0,0
Boeing314,engine_stop,cmq_x0.5,static,10,0.0,0.6,0,,,,,,0
Boeing314,engine_stop,cmalpha_x0.7,dynamic,9,0.8888888888888888,1.0,9,1.0,1.0,1.0,1.0,1.0,9
Boeing314,engine_stop,cmalpha_x0.7,static,9,0.3333333333333333,0.6666666666666666,0,,,,,,9
Boeing314,engine_stop,clo_+0.1,dynamic,5,0.4,0.8,5,1.0,1.0,1.0,1.0,1.0,5
Boeing314,engine_stop,clo_+0.1,static,5,0.2,0.2,0,,,,,,5
Camel,throttle_step,cmq_x0.5,dynamic,15,0.4666666666666667,0.8666666666666667,15,1.0,1.0,1.0,0.8,1.0,0
Camel,throttle_step,cmq_x0.5,static,15,0.2,0.5333333333333333,15,1.0,1.0,1.0,,,0
Camel,throttle_step,cmalpha_x0.7,dynamic,17,0.5294117647058824,0.8823529411764706,17,1.0,1.0,1.0,0.9411764705882353,1.0,0
Camel,throttle_step,cmalpha_x0.7,static,17,0.29411764705882354,0.7058823529411765,17,1.0,1.0,1.0,,,0
Camel,throttle_step,clo_+0.1,dynamic,13,0.38461538461538464,0.9230769230769231,13,1.0,1.0,1.0,0.7692307692307693,1.0,13
Camel,throttle_step,clo_+0.1,static,13,0.3076923076923077,0.6923076923076923,13,1.0,1.0,1.0,,,13
Camel,elev_doublet,cmq_x0.5,dynamic,8,0.0,0.5,8,1.0,1.0,1.0,1.0,0.5625,0
Camel,elev_doublet,cmq_x0.5,static,8,0.0,0.125,8,1.0,1.0,1.0,,,0
Camel,elev_doublet,cmalpha_x0.7,dynamic,7,0.42857142857142855,0.7142857142857143,7,1.0,1.0,1.0,0.5714285714285714,0.5714285714285714,0
Camel,elev_doublet,cmalpha_x0.7,static,7,0.14285714285714285,0.8571428571428571,7,1.0,1.0,1.0,,,0
Camel,elev_doublet,clo_+0.1,dynamic,4,0.25,0.5,4,1.0,1.0,1.0,0.75,0.625,4
Camel,elev_doublet,clo_+0.1,static,4,0.25,0.5,4,1.0,1.0,1.0,,,4
Camel,elev_step,cmq_x0.5,dynamic,12,0.5,1.0,12,1.0,1.0,1.0,1.0,0.075,0
Camel,elev_step,cmq_x0.5,static,12,0.16666666666666666,0.25,12,1.0,1.0,1.0,,,0
Camel,elev_step,cmalpha_x0.7,dynamic,22,0.9545454545454546,1.0,22,1.0,1.0,1.0,0.7727272727272727,0.35454545454545455,0
Camel,elev_step,cmalpha_x0.7,static,22,0.8181818181818182,1.0,22,1.0,1.0,1.0,,,0
Camel,elev_step,clo_+0.1,dynamic,8,0.75,1.0,8,1.0,1.0,1.0,1.0,0.7625,8
Camel,elev_step,clo_+0.1,static,8,0.875,0.875,8,1.0,1.0,1.0,,,8
Camel,aileron_step,cmq_x0.5,dynamic,6,0.6666666666666666,1.0,6,1.0,1.0,1.0,1.0,0.21666666666666667,0
Camel,aileron_step,cmq_x0.5,static,6,0.8333333333333334,1.0,6,1.0,1.0,1.0,,,0
Camel,aileron_step,cmalpha_x0.7,dynamic,5,0.6,1.0,5,1.0,1.0,1.0,1.0,0.5599999999999999,0
Camel,aileron_step,cmalpha_x0.7,static,5,0.4,0.6,5,1.0,1.0,1.0,,,0
Camel,aileron_step,clo_+0.1,dynamic,9,0.8888888888888888,1.0,9,1.0,1.0,1.0,0.7777777777777778,0.2777777777777778,9
Camel,aileron_step,clo_+0.1,static,9,0.6666666666666666,1.0,9,1.0,1.0,1.0,,,9
Camel,rudder_doublet,cmq_x0.5,dynamic,5,0.0,0.4,5,1.0,1.0,1.0,1.0,0.28,0
Camel,rudder_doublet,cmq_x0.5,static,5,0.0,0.2,5,1.0,1.0,1.0,,,0
Camel,rudder_doublet,cmalpha_x0.7,dynamic,5,0.0,0.0,5,1.0,1.0,1.0,1.0,0.27999999999999997,0
Camel,rudder_doublet,cmalpha_x0.7,static,5,0.0,0.4,5,1.0,1.0,1.0,,,0
Camel,rudder_doublet,clo_+0.1,dynamic,8,0.125,0.375,8,1.0,1.0,1.0,0.625,0.4,8
Camel,rudder_doublet,clo_+0.1,static,8,0.125,0.875,8,1.0,1.0,1.0,,,8
Camel,bank_hold,cmq_x0.5,dynamic,15,0.7333333333333333,0.9333333333333333,15,1.0,1.0,1.0,0.8,0.33333333333333326,0
Camel,bank_hold,cmq_x0.5,static,15,0.0,0.26666666666666666,15,1.0,1.0,1.0,,,0
Camel,bank_hold,cmalpha_x0.7,dynamic,12,0.8333333333333334,0.9166666666666666,12,1.0,1.0,1.0,0.5833333333333334,0.30833333333333335,0
Camel,bank_hold,cmalpha_x0.7,static,12,0.5833333333333334,1.0,12,1.0,1.0,1.0,,,0
Camel,bank_hold,clo_+0.1,dynamic,13,1.0,1.0,13,1.0,1.0,1.0,0.8461538461538461,0.24615384615384617,13
Camel,bank_hold,clo_+0.1,static,13,0.9230769230769231,0.9230769230769231,13,1.0,1.0,1.0,,,13
Camel,flap_extend,cmq_x0.5,dynamic,13,1.0,1.0,13,1.0,1.0,1.0,1.0,1.0,0
Camel,flap_extend,cmq_x0.5,static,13,0.15384615384615385,0.3076923076923077,13,1.0,1.0,1.0,,,0
Camel,flap_extend,cmalpha_x0.7,dynamic,18,0.5555555555555556,0.7222222222222222,18,1.0,1.0,1.0,0.7777777777777778,0.8722222222222222,0
Camel,flap_extend,cmalpha_x0.7,static,18,0.05555555555555555,0.2222222222222222,18,1.0,1.0,1.0,,,0
Camel,flap_extend,clo_+0.1,dynamic,17,1.0,1.0,17,1.0,1.0,1.0,0.8235294117647058,1.0,17
Camel,flap_extend,clo_+0.1,static,17,0.7058823529411765,0.7647058823529411,17,1.0,1.0,1.0,,,17
Camel,climbing_turn,cmq_x0.5,dynamic,19,1.0,1.0,19,0.5263157894736842,0.5263157894736842,0.5263157894736842,0.42105263157894735,0.2736842105263158,0
Camel,climbing_turn,cmq_x0.5,static,19,0.9473684210526315,1.0,19,0.5263157894736842,0.5263157894736842,0.5263157894736842,,,0
Camel,climbing_turn,cmalpha_x0.7,dynamic,8,0.75,1.0,8,0.375,0.5,0.5,0.5,0.3125,0
Camel,climbing_turn,cmalpha_x0.7,static,8,1.0,1.0,8,0.25,0.5,0.5,,,0
Camel,climbing_turn,clo_+0.1,dynamic,7,0.5714285714285714,0.8571428571428571,7,1.0,1.0,1.0,1.0,0.5285714285714286,7
Camel,climbing_turn,clo_+0.1,static,7,0.42857142857142855,0.7142857142857143,7,1.0,1.0,1.0,,,7
Camel,elev_doublet_distractor,cmq_x0.5,dynamic,10,0.0,0.7,10,0.6,0.4,0.4,0.5,0.07,0
Camel,elev_doublet_distractor,cmq_x0.5,static,10,0.0,0.6,10,0.6,0.4,0.4,,,0
Camel,elev_doublet_distractor,cmalpha_x0.7,dynamic,17,0.058823529411764705,0.7647058823529411,17,0.47058823529411764,0.5882352941176471,0.5882352941176471,0.47058823529411764,0.12941176470588234,0
Camel,elev_doublet_distractor,cmalpha_x0.7,static,17,0.058823529411764705,0.7058823529411765,17,0.23529411764705882,0.5882352941176471,0.5882352941176471,,,0
Camel,elev_doublet_distractor,clo_+0.1,dynamic,4,0.0,0.25,4,0.75,0.75,0.75,0.75,0.0,4
Camel,elev_doublet_distractor,clo_+0.1,static,4,0.5,0.75,4,0.25,0.75,0.75,,,4
Camel,engine_stop,cmq_x0.5,dynamic,17,0.8823529411764706,0.8823529411764706,17,1.0,1.0,1.0,0.8823529411764706,1.0,0
Camel,engine_stop,cmq_x0.5,static,17,0.47058823529411764,0.5882352941176471,0,,,,,,0
Camel,engine_stop,cmalpha_x0.7,dynamic,17,0.7647058823529411,1.0,17,1.0,1.0,1.0,0.8823529411764706,1.0,0
Camel,engine_stop,cmalpha_x0.7,static,17,0.47058823529411764,0.5882352941176471,0,,,,,,0
Camel,engine_stop,clo_+0.1,dynamic,16,0.8125,1.0,16,1.0,1.0,1.0,1.0,1.0,16
Camel,engine_stop,clo_+0.1,static,16,0.875,0.875,0,,,,,,16
F4N,throttle_step,inertia_x1.6,dynamic,11,0.6363636363636364,0.9090909090909091,11,0.2727272727272727,1.0,1.0,0.8181818181818182,0.3272727272727272,0
F4N,throttle_step,inertia_x1.6,static,11,0.45454545454545453,0.7272727272727273,11,0.9090909090909091,1.0,1.0,,,0
F4N,throttle_step,cmq_x0.5,dynamic,19,0.9473684210526315,0.9473684210526315,19,0.7368421052631579,1.0,1.0,0.8421052631578947,0.5631578947368422,0
F4N,throttle_step,cmq_x0.5,static,19,0.6842105263157895,0.7368421052631579,19,0.47368421052631576,1.0,1.0,,,0
F4N,throttle_step,cmalpha_x0.7,dynamic,16,1.0,1.0,16,0.625,1.0,1.0,0.75,0.44999999999999996,16
F4N,throttle_step,cmalpha_x0.7,static,16,0.6875,0.9375,16,0.5,1.0,1.0,,,16
F4N,throttle_step,clo_+0.1,dynamic,20,0.8,0.95,20,0.7,1.0,1.0,0.65,0.59,20
F4N,throttle_step,clo_+0.1,static,20,0.65,0.85,20,0.5,1.0,1.0,,,20
F4N,elev_doublet,inertia_x1.6,dynamic,6,0.0,0.3333333333333333,6,1.0,1.0,1.0,1.0,0.13333333333333333,0
F4N,elev_doublet,inertia_x1.6,static,6,0.0,0.3333333333333333,6,1.0,1.0,1.0,,,0
F4N,elev_doublet,cmq_x0.5,dynamic,6,0.0,0.5,6,1.0,1.0,1.0,1.0,0.5166666666666667,0
F4N,elev_doublet,cmq_x0.5,static,6,0.0,0.3333333333333333,6,1.0,1.0,1.0,,,0
F4N,elev_doublet,cmalpha_x0.7,dynamic,7,0.2857142857142857,0.2857142857142857,5,1.0,1.0,1.0,1.0,0.5,5
F4N,elev_doublet,cmalpha_x0.7,static,7,0.0,0.5714285714285714,5,1.0,1.0,1.0,,,5
F4N,elev_doublet,clo_+0.1,dynamic,20,0.25,0.6,18,1.0,1.0,1.0,0.8888888888888888,0.9444444444444444,18
F4N,elev_doublet,clo_+0.1,static,20,0.1,0.55,16,1.0,1.0,1.0,,,16
F4N,elev_step,inertia_x1.6,dynamic,4,0.0,0.5,4,1.0,1.0,1.0,1.0,0.25,0
F4N,elev_step,inertia_x1.6,static,4,0.25,0.25,4,1.0,1.0,1.0,,,0
F4N,elev_step,cmq_x0.5,dynamic,16,0.0,0.3125,16,0.8125,1.0,1.0,0.875,0.19374999999999998,0
F4N,elev_step,cmq_x0.5,static,16,0.0,0.4375,16,0.875,1.0,1.0,,,0
F4N,elev_step,cmalpha_x0.7,dynamic,19,0.5789473684210527,0.7894736842105263,19,0.9473684210526315,1.0,1.0,0.8947368421052632,0.24210526315789477,19
F4N,elev_step,cmalpha_x0.7,static,19,0.5263157894736842,0.7894736842105263,19,0.9473684210526315,1.0,1.0,,,19
F4N,elev_step,clo_+0.1,dynamic,19,0.42105263157894735,0.6842105263157895,15,0.06666666666666667,1.0,1.0,0.9333333333333333,0.013333333333333334,15
F4N,elev_step,clo_+0.1,static,19,0.5789473684210527,0.631578947368421,15,0.0,1.0,1.0,,,15
F4N,aileron_step,inertia_x1.6,dynamic,8,0.0,0.5,8,0.375,1.0,1.0,0.625,0.175,0
F4N,aileron_step,inertia_x1.6,static,8,0.0,0.375,8,1.0,1.0,1.0,,,0
F4N,aileron_step,cmq_x0.5,dynamic,5,0.2,1.0,5,0.4,1.0,1.0,0.4,0.12000000000000002,0
F4N,aileron_step,cmq_x0.5,static,5,0.0,0.6,5,0.0,1.0,1.0,,,0
F4N,aileron_step,cmalpha_x0.7,dynamic,7,0.42857142857142855,0.8571428571428571,7,0.8571428571428571,1.0,1.0,0.5714285714285714,0.2,7
F4N,aileron_step,cmalpha_x0.7,static,7,0.2857142857142857,0.7142857142857143,7,1.0,1.0,1.0,,,7
F4N,aileron_step,clo_+0.1,dynamic,16,0.625,0.75,16,0.6875,1.0,1.0,0.625,0.25,16
F4N,aileron_step,clo_+0.1,static,16,0.375,0.5625,16,0.75,1.0,1.0,,,16
F4N,rudder_doublet,inertia_x1.6,dynamic,2,0.5,1.0,2,1.0,1.0,1.0,1.0,0.9,0
F4N,rudder_doublet,inertia_x1.6,static,2,0.0,0.5,2,1.0,1.0,1.0,,,0
F4N,rudder_doublet,cmq_x0.5,dynamic,4,0.25,1.0,4,1.0,1.0,1.0,1.0,0.925,0
F4N,rudder_doublet,cmq_x0.5,static,4,0.0,1.0,4,1.0,1.0,1.0,,,0
F4N,rudder_doublet,cmalpha_x0.7,dynamic,4,0.75,1.0,4,1.0,1.0,1.0,0.25,0.42500000000000004,0
F4N,rudder_doublet,cmalpha_x0.7,static,4,0.75,0.75,4,1.0,1.0,1.0,,,0
F4N,rudder_doublet,clo_+0.1,dynamic,12,0.08333333333333333,0.4166666666666667,9,1.0,1.0,1.0,0.6666666666666666,0.47777777777777775,9
F4N,rudder_doublet,clo_+0.1,static,12,0.08333333333333333,0.4166666666666667,9,1.0,1.0,1.0,,,9
F4N,bank_hold,inertia_x1.6,dynamic,14,0.5714285714285714,0.8571428571428571,14,0.7857142857142857,1.0,1.0,0.5714285714285714,0.14285714285714285,0
F4N,bank_hold,inertia_x1.6,static,14,0.5714285714285714,1.0,14,0.8571428571428571,1.0,1.0,,,0
F4N,bank_hold,cmq_x0.5,dynamic,18,0.7777777777777778,0.8888888888888888,18,0.7777777777777778,1.0,1.0,0.6666666666666666,0.18333333333333335,0
F4N,bank_hold,cmq_x0.5,static,18,0.6666666666666666,0.9444444444444444,18,0.8333333333333334,1.0,1.0,,,0
F4N,bank_hold,cmalpha_x0.7,dynamic,14,0.7142857142857143,0.8571428571428571,14,0.9285714285714286,1.0,1.0,0.5714285714285714,0.457142857142857,0
F4N,bank_hold,cmalpha_x0.7,static,14,0.5714285714285714,0.9285714285714286,14,0.8571428571428571,1.0,1.0,,,0
F4N,bank_hold,clo_+0.1,dynamic,20,0.5,0.9,20,0.8,1.0,1.0,0.65,0.525,20
F4N,bank_hold,clo_+0.1,static,20,0.5,0.85,20,0.7,1.0,1.0,,,20
F4N,flap_extend,inertia_x1.6,dynamic,5,0.0,1.0,5,1.0,1.0,1.0,0.2,0.6199999999999999,0
F4N,flap_extend,inertia_x1.6,static,5,0.8,1.0,5,0.2,1.0,1.0,,,0
F4N,flap_extend,cmq_x0.5,dynamic,22,0.3181818181818182,0.7272727272727273,22,0.8636363636363636,1.0,1.0,0.4090909090909091,0.4227272727272728,0
F4N,flap_extend,cmq_x0.5,static,22,0.36363636363636365,0.6363636363636364,22,0.8181818181818182,1.0,1.0,,,0
F4N,flap_extend,cmalpha_x0.7,dynamic,15,0.7333333333333333,0.9333333333333333,15,0.7333333333333333,1.0,1.0,0.5333333333333333,0.29333333333333333,0
F4N,flap_extend,cmalpha_x0.7,static,15,0.4666666666666667,0.6,15,0.6666666666666666,1.0,1.0,,,0
F4N,flap_extend,clo_+0.1,dynamic,20,0.8,0.85,20,0.6,1.0,1.0,0.4,0.43999999999999995,20
F4N,flap_extend,clo_+0.1,static,20,0.8,0.95,20,0.2,1.0,1.0,,,20
F4N,engine_cut,inertia_x1.6,dynamic,3,0.0,0.6666666666666666,3,0.0,1.0,1.0,0.6666666666666666,0.5333333333333333,0
F4N,engine_cut,inertia_x1.6,static,3,0.0,0.3333333333333333,3,0.0,1.0,1.0,,,0
F4N,engine_cut,cmq_x0.5,dynamic,13,0.5384615384615384,0.9230769230769231,13,0.5384615384615384,1.0,1.0,0.6923076923076923,0.6384615384615385,0
F4N,engine_cut,cmq_x0.5,static,13,0.6153846153846154,0.9230769230769231,13,0.0,1.0,1.0,,,0
F4N,engine_cut,cmalpha_x0.7,dynamic,17,0.7058823529411765,0.9411764705882353,17,0.5294117647058824,1.0,1.0,0.7647058823529411,0.5588235294117647,17
F4N,engine_cut,cmalpha_x0.7,static,17,0.5882352941176471,0.8235294117647058,17,0.0,1.0,1.0,,,17
F4N,engine_cut,clo_+0.1,dynamic,19,0.8947368421052632,0.9473684210526315,19,0.42105263157894735,1.0,1.0,0.6842105263157895,0.7263157894736842,19
F4N,engine_cut,clo_+0.1,static,19,0.6842105263157895,0.7368421052631579,19,0.0,1.0,1.0,,,19
F4N,climbing_turn,inertia_x1.6,dynamic,4,0.25,0.75,4,0.25,0.5,0.5,0.25,0.025,0
F4N,climbing_turn,inertia_x1.6,static,4,0.0,0.5,4,1.0,0.5,0.5,,,0
F4N,climbing_turn,cmq_x0.5,dynamic,18,0.3888888888888889,0.8888888888888888,18,0.3888888888888889,0.2777777777777778,0.2777777777777778,0.4444444444444444,0.15555555555555556,0
F4N,climbing_turn,cmq_x0.5,static,18,0.05555555555555555,0.7222222222222222,18,0.5,0.2777777777777778,0.2777777777777778,,,0
F4N,climbing_turn,cmalpha_x0.7,dynamic,12,0.16666666666666666,0.4166666666666667,12,0.4166666666666667,0.25,0.25,0.4166666666666667,0.08333333333333333,12
F4N,climbing_turn,cmalpha_x0.7,static,12,0.25,0.3333333333333333,12,0.5,0.25,0.25,,,12
F4N,climbing_turn,clo_+0.1,dynamic,18,0.6111111111111112,0.8333333333333334,18,0.5,0.5,0.5,0.2777777777777778,0.4666666666666667,18
F4N,climbing_turn,clo_+0.1,static,18,0.4444444444444444,0.7777777777777778,18,0.5,0.5,0.5,,,18
F4N,elev_doublet_distractor,inertia_x1.6,dynamic,5,0.4,1.0,5,1.0,1.0,1.0,1.0,0.04,0
F4N,elev_doublet_distractor,inertia_x1.6,static,5,0.4,1.0,5,1.0,1.0,1.0,,,0
F4N,elev_doublet_distractor,cmq_x0.5,dynamic,4,0.5,0.75,4,1.0,1.0,1.0,1.0,0.125,0
F4N,elev_doublet_distractor,cmq_x0.5,static,4,0.5,0.75,4,1.0,1.0,1.0,,,0
F4N,elev_doublet_distractor,cmalpha_x0.7,dynamic,4,1.0,1.0,4,0.5,1.0,1.0,0.5,0.625,0
F4N,elev_doublet_distractor,cmalpha_x0.7,static,4,1.0,1.0,4,0.5,1.0,1.0,,,0
F4N,elev_doublet_distractor,clo_+0.1,dynamic,17,0.7058823529411765,0.9411764705882353,17,0.7058823529411765,0.5882352941176471,0.5882352941176471,0.8235294117647058,0.3764705882352941,17
F4N,elev_doublet_distractor,clo_+0.1,static,17,0.6470588235294118,0.8235294117647058,15,0.8,0.5333333333333333,0.5333333333333333,,,15
F4N,engine_restart,inertia_x1.6,dynamic,1,1.0,1.0,1,0.0,1.0,1.0,0.0,0.4,0
F4N,engine_restart,inertia_x1.6,static,1,0.0,0.0,1,0.0,1.0,1.0,,,0
F4N,engine_restart,cmq_x0.5,dynamic,11,1.0,1.0,11,0.5454545454545454,1.0,1.0,0.6363636363636364,0.31818181818181823,0
F4N,engine_restart,cmq_x0.5,static,11,0.5454545454545454,0.8181818181818182,11,0.2727272727272727,1.0,1.0,,,0
F4N,engine_restart,cmalpha_x0.7,dynamic,16,0.8125,1.0,16,0.5,1.0,1.0,0.6875,0.4125,16
F4N,engine_restart,cmalpha_x0.7,static,16,0.5,0.5625,16,0.25,1.0,1.0,,,16
F4N,engine_restart,clo_+0.1,dynamic,20,0.7,0.9,20,0.45,1.0,1.0,0.7,0.41000000000000003,20
F4N,engine_restart,clo_+0.1,static,20,0.6,0.85,20,0.15,1.0,1.0,,,20
F80C,throttle_step,inertia_x1.6,dynamic,1,0.0,0.0,1,0.0,1.0,1.0,1.0,0.3,0
F80C,throttle_step,inertia_x1.6,static,1,0.0,0.0,1,1.0,1.0,1.0,,,0
F80C,throttle_step,cmq_x0.5,dynamic,4,0.25,1.0,4,0.5,1.0,1.0,1.0,0.225,0
F80C,throttle_step,cmq_x0.5,static,4,0.0,0.25,4,0.5,1.0,1.0,,,0
F80C,throttle_step,cmalpha_x0.7,dynamic,20,0.8,1.0,20,0.25,1.0,1.0,0.95,0.225,20
F80C,throttle_step,cmalpha_x0.7,static,20,0.45,0.7,18,0.0,1.0,1.0,,,18
F80C,throttle_step,clo_+0.1,dynamic,22,0.9090909090909091,0.9090909090909091,20,0.55,1.0,1.0,0.85,0.9,20
F80C,throttle_step,clo_+0.1,static,22,0.7272727272727273,0.8181818181818182,18,1.0,1.0,1.0,,,18
F80C,elev_doublet,inertia_x1.6,dynamic,7,0.0,0.7142857142857143,7,1.0,1.0,1.0,1.0,0.4714285714285714,0
F80C,elev_doublet,inertia_x1.6,static,7,0.0,0.7142857142857143,7,1.0,1.0,1.0,,,0
F80C,elev_doublet,cmq_x0.5,dynamic,4,0.0,0.75,4,0.25,1.0,1.0,1.0,0.125,0
F80C,elev_doublet,cmq_x0.5,static,4,0.0,1.0,4,1.0,1.0,1.0,,,0
F80C,elev_doublet,cmalpha_x0.7,dynamic,17,0.23529411764705882,0.7058823529411765,15,0.5333333333333333,1.0,1.0,0.9333333333333333,0.22666666666666668,15
F80C,elev_doublet,cmalpha_x0.7,static,17,0.5882352941176471,0.8235294117647058,15,0.4,1.0,1.0,,,15
F80C,elev_doublet,clo_+0.1,dynamic,15,0.06666666666666667,0.6,13,1.0,1.0,1.0,0.9230769230769231,0.6,13
F80C,elev_doublet,clo_+0.1,static,15,0.26666666666666666,0.6,11,1.0,1.0,1.0,,,11
F80C,elev_step,inertia_x1.6,dynamic,8,0.0,0.625,8,0.875,1.0,1.0,1.0,0.3,0
F80C,elev_step,inertia_x1.6,static,8,0.125,0.625,8,0.375,1.0,1.0,,,0
F80C,elev_step,cmq_x0.5,dynamic,15,0.0,0.2,15,0.8666666666666667,1.0,1.0,0.9333333333333333,0.23999999999999996,0
F80C,elev_step,cmq_x0.5,static,15,0.0,0.2,15,0.7333333333333333,1.0,1.0,,,0
F80C,elev_step,cmalpha_x0.7,dynamic,20,0.95,1.0,20,0.9,1.0,1.0,1.0,0.43500000000000005,20
F80C,elev_step,cmalpha_x0.7,static,20,0.9,0.9,18,0.8333333333333334,1.0,1.0,,,18
F80C,elev_step,clo_+0.1,dynamic,22,0.7727272727272727,0.9090909090909091,21,0.9047619047619048,1.0,1.0,1.0,0.3857142857142858,21
F80C,elev_step,clo_+0.1,static,22,0.7727272727272727,0.7727272727272727,18,1.0,1.0,1.0,,,18
F80C,aileron_step,inertia_x1.6,dynamic,7,0.0,0.2857142857142857,7,0.7142857142857143,1.0,1.0,0.5714285714285714,0.14285714285714285,0
F80C,aileron_step,inertia_x1.6,static,7,0.0,0.14285714285714285,7,1.0,1.0,1.0,,,0
F80C,aileron_step,cmq_x0.5,dynamic,5,0.4,0.8,5,1.0,1.0,1.0,0.6,0.12000000000000002,0
F80C,aileron_step,cmq_x0.5,static,5,0.2,0.6,5,0.8,1.0,1.0,,,0
F80C,aileron_step,cmalpha_x0.7,dynamic,13,0.6923076923076923,0.9230769230769231,13,0.38461538461538464,1.0,1.0,0.6153846153846154,0.23846153846153845,13
F80C,aileron_step,cmalpha_x0.7,static,13,0.8461538461538461,0.9230769230769231,13,0.38461538461538464,1.0,1.0,,,13
F80C,aileron_step,clo_+0.1,dynamic,18,0.6666666666666666,0.9444444444444444,17,0.5882352941176471,1.0,1.0,0.6470588235294118,0.5647058823529413,17
F80C,aileron_step,clo_+0.1,static,18,0.7222222222222222,0.8333333333333334,17,0.47058823529411764,1.0,1.0,,,17
F80C,rudder_doublet,inertia_x1.6,dynamic,3,0.0,0.6666666666666666,3,1.0,1.0,1.0,0.3333333333333333,0.26666666666666666,0
F80C,rudder_doublet,inertia_x1.6,static,3,0.3333333333333333,0.3333333333333333,3,1.0,1.0,1.0,,,0
F80C,rudder_doublet,cmq_x0.5,dynamic,3,0.3333333333333333,0.6666666666666666,3,0.6666666666666666,1.0,1.0,0.3333333333333333,0.3333333333333333,0
F80C,rudder_doublet,cmq_x0.5,static,3,0.3333333333333333,0.3333333333333333,3,1.0,1.0,1.0,,,0
F80C,rudder_doublet,cmalpha_x0.7,dynamic,16,0.4375,0.75,16,0.6875,1.0,1.0,0.875,0.7125,16
F80C,rudder_doublet,cmalpha_x0.7,static,16,0.3125,0.625,16,0.375,1.0,1.0,,,16
F80C,rudder_doublet,clo_+0.1,dynamic,20,0.45,0.9,19,0.8421052631578947,1.0,1.0,0.8947368421052632,0.7368421052631579,19
F80C,rudder_doublet,clo_+0.1,static,20,0.35,0.55,18,0.4444444444444444,1.0,1.0,,,18
F80C,bank_hold,inertia_x1.6,dynamic,11,0.18181818181818182,0.8181818181818182,11,0.36363636363636365,1.0,1.0,0.45454545454545453,0.08181818181818182,0
F80C,bank_hold,inertia_x1.6,static,11,0.09090909090909091,0.45454545454545453,11,0.7272727272727273,1.0,1.0,,,0
F80C,bank_hold,cmq_x0.5,dynamic,11,0.5454545454545454,0.7272727272727273,11,0.6363636363636364,1.0,1.0,0.36363636363636365,0.17272727272727273,0
F80C,bank_hold,cmq_x0.5,static,11,0.0,0.5454545454545454,10,0.6,1.0,1.0,,,0
F80C,bank_hold,cmalpha_x0.7,dynamic,18,0.4444444444444444,0.8333333333333334,18,0.8333333333333334,1.0,1.0,0.3333333333333333,0.7388888888888888,18
F80C,bank_hold,cmalpha_x0.7,static,18,0.3888888888888889,0.6666666666666666,18,0.8888888888888888,1.0,1.0,,,18
F80C,bank_hold,clo_+0.1,dynamic,19,0.5789473684210527,0.7894736842105263,17,0.7647058823529411,1.0,1.0,0.47058823529411764,0.6882352941176471,17
F80C,bank_hold,clo_+0.1,static,19,0.42105263157894735,0.6842105263157895,17,0.8823529411764706,1.0,1.0,,,17
F80C,flap_extend,inertia_x1.6,dynamic,6,0.3333333333333333,0.5,6,1.0,1.0,1.0,1.0,0.4000000000000001,0
F80C,flap_extend,inertia_x1.6,static,6,0.16666666666666666,0.6666666666666666,6,0.6666666666666666,1.0,1.0,,,0
F80C,flap_extend,cmq_x0.5,dynamic,10,0.2,0.4,10,0.7,1.0,1.0,1.0,0.33999999999999997,0
F80C,flap_extend,cmq_x0.5,static,10,0.0,0.6,10,0.5,1.0,1.0,,,0
F80C,flap_extend,clo_+0.1,dynamic,22,0.9090909090909091,0.9090909090909091,22,0.2727272727272727,1.0,1.0,1.0,0.6863636363636363,22
F80C,flap_extend,clo_+0.1,static,22,0.8636363636363636,0.8636363636363636,22,0.13636363636363635,1.0,1.0,,,22
F80C,climbing_turn,inertia_x1.6,dynamic,10,0.1,0.6,10,0.9,0.5,0.5,0.6,0.16,0
F80C,climbing_turn,inertia_x1.6,static,10,0.0,0.4,10,0.7,0.5,0.5,,,0
F80C,climbing_turn,cmq_x0.5,dynamic,12,0.16666666666666666,0.5833333333333334,12,0.5833333333333334,0.9166666666666666,0.9166666666666666,0.75,0.19999999999999998,0
F80C,climbing_turn,cmq_x0.5,static,12,0.0,0.5,12,0.25,0.9166666666666666,0.9166666666666666,,,0
F80C,climbing_turn,cmalpha_x0.7,dynamic,19,0.7894736842105263,1.0,19,0.42105263157894735,0.631578947368421,0.631578947368421,0.5789473684210527,0.2842105263157894,19
F80C,climbing_turn,cmalpha_x0.7,static,19,0.7894736842105263,0.9473684210526315,19,0.2631578947368421,0.631578947368421,0.631578947368421,,,19
F80C,climbing_turn,clo_+0.1,dynamic,17,0.7647058823529411,0.8823529411764706,16,0.5,0.4375,0.4375,0.5625,0.65,16
F80C,climbing_turn,clo_+0.1,static,17,0.6470588235294118,0.7647058823529411,15,0.6666666666666666,0.4,0.4,,,15
F80C,elev_doublet_distractor,inertia_x1.6,dynamic,11,0.18181818181818182,0.9090909090909091,11,0.36363636363636365,0.7272727272727273,0.7272727272727273,0.7272727272727273,0.18181818181818182,0
F80C,elev_doublet_distractor,inertia_x1.6,static,11,0.18181818181818182,0.5454545454545454,11,0.36363636363636365,0.7272727272727273,0.7272727272727273,,,0
F80C,elev_doublet_distractor,cmq_x0.5,dynamic,7,0.2857142857142857,0.7142857142857143,7,0.2857142857142857,1.0,1.0,0.5714285714285714,0.27142857142857146,0
F80C,elev_doublet_distractor,cmq_x0.5,static,7,0.2857142857142857,1.0,7,0.42857142857142855,1.0,1.0,,,0
F80C,elev_doublet_distractor,cmalpha_x0.7,dynamic,11,0.45454545454545453,0.7272727272727273,11,0.5454545454545454,0.6363636363636364,0.6363636363636364,0.8181818181818182,0.3909090909090909,11
F80C,elev_doublet_distractor,cmalpha_x0.7,static,11,0.2727272727272727,0.6363636363636364,11,0.6363636363636364,0.6363636363636364,0.6363636363636364,,,11
F80C,elev_doublet_distractor,clo_+0.1,dynamic,17,0.23529411764705882,0.5882352941176471,17,0.8823529411764706,0.5294117647058824,0.5294117647058824,0.8823529411764706,0.5588235294117647,17
F80C,elev_doublet_distractor,clo_+0.1,static,17,0.11764705882352941,0.47058823529411764,15,0.5333333333333333,0.4666666666666667,0.4666666666666667,,,15
J3Cub,throttle_step,cmq_x0.5,dynamic,17,0.7058823529411765,0.7647058823529411,17,1.0,1.0,1.0,0.9411764705882353,1.0,0
J3Cub,throttle_step,cmq_x0.5,static,17,0.11764705882352941,0.4117647058823529,17,1.0,1.0,1.0,,,0
J3Cub,throttle_step,cmalpha_x0.7,dynamic,18,0.5555555555555556,0.8333333333333334,18,1.0,1.0,1.0,0.8888888888888888,1.0,0
J3Cub,throttle_step,cmalpha_x0.7,static,18,0.3333333333333333,0.6111111111111112,18,1.0,1.0,1.0,,,0
J3Cub,throttle_step,clo_+0.1,dynamic,18,0.8333333333333334,0.8333333333333334,18,1.0,1.0,1.0,1.0,0.9666666666666666,18
J3Cub,throttle_step,clo_+0.1,static,18,0.3333333333333333,0.6666666666666666,18,1.0,1.0,1.0,,,18
J3Cub,elev_doublet,cmq_x0.5,dynamic,12,0.3333333333333333,0.75,12,1.0,1.0,1.0,1.0,0.6083333333333333,0
J3Cub,elev_doublet,cmq_x0.5,static,12,0.4166666666666667,0.75,12,1.0,1.0,1.0,,,0
J3Cub,elev_doublet,cmalpha_x0.7,dynamic,18,0.16666666666666666,0.7222222222222222,18,1.0,1.0,1.0,0.6111111111111112,0.5222222222222223,0
J3Cub,elev_doublet,cmalpha_x0.7,static,18,0.1111111111111111,0.6111111111111112,18,1.0,1.0,1.0,,,0
J3Cub,elev_doublet,clo_+0.1,dynamic,17,0.4117647058823529,0.7058823529411765,17,1.0,1.0,1.0,0.7058823529411765,0.6000000000000001,17
J3Cub,elev_doublet,clo_+0.1,static,17,0.4117647058823529,0.6470588235294118,17,1.0,1.0,1.0,,,17
J3Cub,elev_step,cmq_x0.5,dynamic,17,0.9411764705882353,0.9411764705882353,17,1.0,1.0,1.0,1.0,0.4764705882352941,0
J3Cub,elev_step,cmq_x0.5,static,17,0.8235294117647058,0.9411764705882353,17,1.0,1.0,1.0,,,0
J3Cub,elev_step,cmalpha_x0.7,dynamic,18,0.8333333333333334,1.0,18,1.0,1.0,1.0,0.9444444444444444,0.5166666666666667,0
J3Cub,elev_step,cmalpha_x0.7,static,18,0.6111111111111112,1.0,18,1.0,1.0,1.0,,,0
J3Cub,elev_step,clo_+0.1,dynamic,10,0.6,0.8,10,1.0,1.0,1.0,0.7,0.64,10
J3Cub,elev_step,clo_+0.1,static,10,0.4,0.8,10,1.0,1.0,1.0,,,10
J3Cub,aileron_step,cmq_x0.5,dynamic,18,0.8333333333333334,1.0,18,1.0,1.0,1.0,0.8888888888888888,0.41111111111111115,0
J3Cub,aileron_step,cmq_x0.5,static,18,0.3888888888888889,0.7222222222222222,18,1.0,1.0,1.0,,,0
J3Cub,aileron_step,cmalpha_x0.7,dynamic,17,0.47058823529411764,0.8823529411764706,17,1.0,1.0,1.0,0.9411764705882353,0.37058823529411766,0
J3Cub,aileron_step,cmalpha_x0.7,static,17,0.058823529411764705,0.23529411764705882,17,1.0,1.0,1.0,,,0
J3Cub,aileron_step,clo_+0.1,dynamic,16,1.0,1.0,16,1.0,1.0,1.0,0.9375,0.46875,16
J3Cub,aileron_step,clo_+0.1,static,16,0.9375,0.9375,16,1.0,1.0,1.0,,,16
J3Cub,rudder_doublet,cmq_x0.5,dynamic,9,0.4444444444444444,0.7777777777777778,9,1.0,1.0,1.0,0.6666666666666666,0.3777777777777778,0
J3Cub,rudder_doublet,cmq_x0.5,static,9,0.1111111111111111,0.3333333333333333,9,1.0,1.0,1.0,,,0
J3Cub,rudder_doublet,cmalpha_x0.7,dynamic,10,0.4,0.6,10,1.0,1.0,1.0,0.6,0.33999999999999997,0
J3Cub,rudder_doublet,cmalpha_x0.7,static,10,0.3,0.5,10,1.0,1.0,1.0,,,0
J3Cub,rudder_doublet,clo_+0.1,dynamic,16,0.75,0.9375,16,1.0,1.0,1.0,0.6875,0.325,16
J3Cub,rudder_doublet,clo_+0.1,static,16,0.6875,0.8125,16,1.0,1.0,1.0,,,16
J3Cub,bank_hold,cmq_x0.5,dynamic,18,0.6111111111111112,0.7222222222222222,18,1.0,1.0,1.0,0.7222222222222222,0.35,0
J3Cub,bank_hold,cmq_x0.5,static,18,0.16666666666666666,0.6666666666666666,18,1.0,1.0,1.0,,,0
J3Cub,bank_hold,cmalpha_x0.7,dynamic,18,0.6666666666666666,1.0,18,1.0,1.0,1.0,0.8888888888888888,0.2777777777777778,0
J3Cub,bank_hold,cmalpha_x0.7,static,18,0.3888888888888889,0.4444444444444444,18,1.0,1.0,1.0,,,0
J3Cub,bank_hold,clo_+0.1,dynamic,17,0.8235294117647058,1.0,17,1.0,1.0,1.0,0.7058823529411765,0.5529411764705882,17
J3Cub,bank_hold,clo_+0.1,static,17,0.8235294117647058,0.8823529411764706,17,1.0,1.0,1.0,,,17
J3Cub,flap_extend,cmq_x0.5,dynamic,11,0.8181818181818182,1.0,11,1.0,1.0,1.0,1.0,1.0,0
J3Cub,flap_extend,cmq_x0.5,static,11,0.5454545454545454,0.9090909090909091,11,1.0,1.0,1.0,,,0
J3Cub,flap_extend,cmalpha_x0.7,dynamic,18,0.8888888888888888,0.9444444444444444,18,1.0,1.0,1.0,0.7777777777777778,0.9444444444444444,0
J3Cub,flap_extend,cmalpha_x0.7,static,18,0.7222222222222222,0.8333333333333334,18,1.0,1.0,1.0,,,0
J3Cub,flap_extend,clo_+0.1,dynamic,20,0.65,0.85,18,1.0,1.0,1.0,0.7777777777777778,0.8999999999999999,18
J3Cub,flap_extend,clo_+0.1,static,20,0.65,0.7,20,1.0,1.0,1.0,,,20
J3Cub,climbing_turn,cmq_x0.5,dynamic,17,1.0,1.0,17,0.5294117647058824,0.5882352941176471,0.5882352941176471,0.7647058823529411,0.1,0
J3Cub,climbing_turn,cmq_x0.5,static,17,0.7058823529411765,0.8823529411764706,17,0.5294117647058824,0.5882352941176471,0.5882352941176471,,,0
J3Cub,climbing_turn,cmalpha_x0.7,dynamic,16,1.0,1.0,16,0.75,0.625,0.625,0.8125,0.11875000000000001,0
J3Cub,climbing_turn,cmalpha_x0.7,static,16,0.5,0.75,16,0.625,0.625,0.625,,,0
J3Cub,climbing_turn,clo_+0.1,dynamic,14,0.9285714285714286,1.0,14,0.2857142857142857,0.6428571428571429,0.6428571428571429,0.8571428571428571,0.2785714285714286,14
J3Cub,climbing_turn,clo_+0.1,static,14,0.7857142857142857,0.8571428571428571,14,0.42857142857142855,0.6428571428571429,0.6428571428571429,,,14
J3Cub,elev_doublet_distractor,cmq_x0.5,dynamic,4,0.25,0.5,4,0.0,1.0,1.0,0.75,0.05,0
J3Cub,elev_doublet_distractor,cmq_x0.5,static,4,0.25,0.75,4,0.0,1.0,1.0,,,0
J3Cub,elev_doublet_distractor,cmalpha_x0.7,dynamic,12,0.5,0.75,12,0.5,0.8333333333333334,0.8333333333333334,0.5,0.21666666666666665,0
J3Cub,elev_doublet_distractor,cmalpha_x0.7,static,12,0.5833333333333334,1.0,12,0.4166666666666667,0.8333333333333334,0.8333333333333334,,,0
J3Cub,elev_doublet_distractor,clo_+0.1,dynamic,10,0.4,0.7,10,0.7,0.9,0.9,0.2,0.48999999999999994,10
J3Cub,elev_doublet_distractor,clo_+0.1,static,10,0.4,0.7,10,0.8,0.9,0.9,,,10
J3Cub,engine_stop,cmq_x0.5,dynamic,18,0.7222222222222222,0.8888888888888888,18,1.0,1.0,1.0,0.8888888888888888,1.0,0
J3Cub,engine_stop,cmq_x0.5,static,18,0.2777777777777778,0.6666666666666666,0,,,,,,0
J3Cub,engine_stop,cmalpha_x0.7,dynamic,17,0.6470588235294118,0.8235294117647058,17,1.0,1.0,1.0,0.9411764705882353,1.0,0
J3Cub,engine_stop,cmalpha_x0.7,static,17,0.5294117647058824,0.7647058823529411,0,,,,,,0
J3Cub,engine_stop,clo_+0.1,dynamic,19,0.8421052631578947,0.9473684210526315,19,1.0,1.0,1.0,1.0,1.0,19
J3Cub,engine_stop,clo_+0.1,static,19,0.3157894736842105,0.5263157894736842,0,,,,,,19
MD11,throttle_step,inertia_x1.6,dynamic,4,0.5,0.5,4,0.75,1.0,1.0,0.25,0.825,0
MD11,throttle_step,inertia_x1.6,static,4,0.0,0.0,4,0.75,1.0,1.0,,,0
MD11,throttle_step,cmq_x0.5,dynamic,11,0.36363636363636365,0.6363636363636364,11,0.7272727272727273,1.0,1.0,0.5454545454545454,0.609090909090909,0
MD11,throttle_step,cmq_x0.5,static,11,0.2727272727272727,0.6363636363636364,11,0.8181818181818182,1.0,1.0,,,0
MD11,throttle_step,cmalpha_x0.7,dynamic,8,0.25,0.375,8,0.75,1.0,1.0,0.625,0.725,8
MD11,throttle_step,cmalpha_x0.7,static,8,0.0,0.125,8,0.875,1.0,1.0,,,8
MD11,throttle_step,clo_+0.1,dynamic,19,0.21052631578947367,0.631578947368421,19,0.47368421052631576,1.0,1.0,0.6842105263157895,0.5157894736842105,19
MD11,throttle_step,clo_+0.1,static,19,0.10526315789473684,0.42105263157894735,19,0.7368421052631579,1.0,1.0,,,19
MD11,elev_doublet,inertia_x1.6,dynamic,5,0.4,1.0,5,1.0,1.0,1.0,0.6,0.86,0
MD11,elev_doublet,inertia_x1.6,static,5,0.0,0.0,5,1.0,1.0,1.0,,,0
MD11,elev_doublet,cmq_x0.5,dynamic,3,0.0,0.6666666666666666,3,1.0,1.0,1.0,0.3333333333333333,0.9666666666666667,0
MD11,elev_doublet,cmq_x0.5,static,3,0.0,0.3333333333333333,3,1.0,1.0,1.0,,,0
MD11,elev_doublet,cmalpha_x0.7,dynamic,17,0.8235294117647058,1.0,17,1.0,1.0,1.0,0.35294117647058826,0.9647058823529411,17
MD11,elev_doublet,cmalpha_x0.7,static,17,0.5294117647058824,0.8823529411764706,17,1.0,1.0,1.0,,,17
MD11,elev_doublet,clo_+0.1,dynamic,19,0.6842105263157895,0.7368421052631579,19,1.0,1.0,1.0,0.7368421052631579,0.8157894736842105,19
MD11,elev_doublet,clo_+0.1,static,19,0.7368421052631579,0.7894736842105263,18,1.0,1.0,1.0,,,18
MD11,elev_step,inertia_x1.6,dynamic,12,1.0,1.0,12,0.6666666666666666,1.0,1.0,0.75,0.5833333333333334,0
MD11,elev_step,inertia_x1.6,static,12,0.75,0.9166666666666666,12,0.75,1.0,1.0,,,0
MD11,elev_step,cmq_x0.5,dynamic,10,0.7,1.0,10,0.8,1.0,1.0,0.8,0.61,0
MD11,elev_step,cmq_x0.5,static,10,0.7,1.0,10,0.7,1.0,1.0,,,0
MD11,elev_step,cmalpha_x0.7,dynamic,21,0.8571428571428571,1.0,21,0.9047619047619048,1.0,1.0,0.6190476190476191,0.8571428571428571,21
MD11,elev_step,cmalpha_x0.7,static,21,0.47619047619047616,0.9047619047619048,21,0.9523809523809523,1.0,1.0,,,21
MD11,elev_step,clo_+0.1,dynamic,17,0.6470588235294118,0.7647058823529411,17,0.8823529411764706,1.0,1.0,0.7647058823529411,0.7,17
MD11,elev_step,clo_+0.1,static,17,0.7647058823529411,0.7647058823529411,17,0.35294117647058826,1.0,1.0,,,17
MD11,aileron_step,inertia_x1.6,dynamic,6,0.16666666666666666,0.6666666666666666,6,1.0,1.0,1.0,0.3333333333333333,0.35000000000000003,0
MD11,aileron_step,inertia_x1.6,static,6,0.0,0.5,6,0.6666666666666666,1.0,1.0,,,0
MD11,aileron_step,cmq_x0.5,dynamic,4,0.0,0.75,4,0.75,1.0,1.0,0.25,0.2,0
MD11,aileron_step,cmq_x0.5,static,4,0.0,0.25,4,1.0,1.0,1.0,,,0
MD11,aileron_step,cmalpha_x0.7,dynamic,5,0.8,1.0,5,1.0,1.0,1.0,0.4,0.66,5
MD11,aileron_step,cmalpha_x0.7,static,5,0.6,1.0,5,1.0,1.0,1.0,,,5
MD11,aileron_step,clo_+0.1,dynamic,19,0.47368421052631576,0.6842105263157895,19,0.9473684210526315,1.0,1.0,0.2631578947368421,0.4473684210526316,19
MD11,aileron_step,clo_+0.1,static,19,0.47368421052631576,0.6842105263157895,17,0.9411764705882353,1.0,1.0,,,17
MD11,rudder_doublet,inertia_x1.6,dynamic,1,0.0,0.0,1,1.0,1.0,1.0,1.0,1.0,0
MD11,rudder_doublet,inertia_x1.6,static,1,0.0,0.0,1,1.0,1.0,1.0,,,0
MD11,rudder_doublet,cmq_x0.5,dynamic,1,0.0,1.0,1,1.0,1.0,1.0,1.0,1.0,0
MD11,rudder_doublet,cmq_x0.5,static,1,0.0,0.0,1,1.0,1.0,1.0,,,0
MD11,rudder_doublet,cmalpha_x0.7,dynamic,7,0.5714285714285714,1.0,7,1.0,1.0,1.0,0.8571428571428571,1.0,7
MD11,rudder_doublet,cmalpha_x0.7,static,7,0.5714285714285714,1.0,7,1.0,1.0,1.0,,,7
MD11,rudder_doublet,clo_+0.1,dynamic,12,0.3333333333333333,1.0,12,1.0,1.0,1.0,0.6666666666666666,0.9166666666666666,12
MD11,rudder_doublet,clo_+0.1,static,12,0.5,0.8333333333333334,12,1.0,1.0,1.0,,,12
MD11,bank_hold,inertia_x1.6,dynamic,2,0.5,0.5,2,0.0,1.0,1.0,1.0,0.0,0
MD11,bank_hold,inertia_x1.6,static,2,0.5,0.5,2,1.0,1.0,1.0,,,0
MD11,bank_hold,cmq_x0.5,dynamic,5,0.0,0.8,5,0.4,1.0,1.0,0.2,0.18,0
MD11,bank_hold,cmq_x0.5,static,5,0.0,0.4,5,0.8,1.0,1.0,,,0
MD11,bank_hold,cmalpha_x0.7,dynamic,5,0.8,1.0,5,1.0,1.0,1.0,0.4,0.34,5
MD11,bank_hold,cmalpha_x0.7,static,5,1.0,1.0,5,1.0,1.0,1.0,,,5
MD11,bank_hold,clo_+0.1,dynamic,16,0.5,0.625,14,0.9285714285714286,1.0,1.0,0.35714285714285715,0.4071428571428572,14
MD11,bank_hold,clo_+0.1,static,16,0.375,0.625,14,0.9285714285714286,1.0,1.0,,,14
MD11,flap_extend,inertia_x1.6,dynamic,21,0.7619047619047619,0.9047619047619048,21,0.5714285714285714,1.0,1.0,0.8095238095238095,0.43809523809523804,0
MD11,flap_extend,inertia_x1.6,static,21,0.2857142857142857,0.5714285714285714,21,0.5238095238095238,1.0,1.0,,,0
MD11,flap_extend,cmq_x0.5,dynamic,21,0.7619047619047619,0.9047619047619048,21,0.5714285714285714,1.0,1.0,0.8571428571428571,0.3047619047619047,0
MD11,flap_extend,cmq_x0.5,static,21,0.6666666666666666,0.8571428571428571,21,0.5714285714285714,1.0,1.0,,,0
MD11,flap_extend,cmalpha_x0.7,dynamic,16,0.25,0.6875,16,0.5,1.0,1.0,0.875,0.27499999999999997,16
MD11,flap_extend,cmalpha_x0.7,static,16,0.0625,0.5625,16,0.5625,1.0,1.0,,,16
MD11,flap_extend,clo_+0.1,dynamic,16,0.3125,0.8125,16,0.5,1.0,1.0,0.8125,0.35,16
MD11,flap_extend,clo_+0.1,static,16,0.625,0.875,16,0.9375,1.0,1.0,,,16
MD11,engine_cut,inertia_x1.6,dynamic,7,0.42857142857142855,0.8571428571428571,7,0.42857142857142855,1.0,1.0,0.14285714285714285,0.5571428571428572,0
MD11,engine_cut,inertia_x1.6,static,7,0.5714285714285714,1.0,7,0.0,1.0,1.0,,,0
MD11,engine_cut,cmq_x0.5,dynamic,8,0.375,0.625,8,0.375,1.0,1.0,0.125,0.55,0
MD11,engine_cut,cmq_x0.5,static,8,0.375,0.875,8,0.0,1.0,1.0,,,0
MD11,engine_cut,cmalpha_x0.7,dynamic,10,0.9,0.9,10,0.3,1.0,1.0,0.1,0.8,10
MD11,engine_cut,cmalpha_x0.7,static,10,0.9,0.9,10,0.0,1.0,1.0,,,10
MD11,engine_cut,clo_+0.1,dynamic,20,0.75,0.95,20,0.1,1.0,1.0,0.4,0.73,20
MD11,engine_cut,clo_+0.1,static,20,0.65,0.8,20,0.0,1.0,1.0,,,20
MD11,climbing_turn,inertia_x1.6,dynamic,15,0.3333333333333333,0.8666666666666667,15,0.5333333333333333,0.5333333333333333,0.5333333333333333,0.6,0.23333333333333334,0
MD11,climbing_turn,inertia_x1.6,static,15,0.0,0.5333333333333333,15,0.4666666666666667,0.5333333333333333,0.5333333333333333,,,0
MD11,climbing_turn,cmq_x0.5,dynamic,9,0.1111111111111111,0.5555555555555556,9,0.6666666666666666,0.8888888888888888,0.8888888888888888,0.7777777777777778,0.2222222222222222,0
MD11,climbing_turn,cmq_x0.5,static,9,0.1111111111111111,0.3333333333333333,9,0.8888888888888888,0.8888888888888888,0.8888888888888888,,,0
MD11,climbing_turn,cmalpha_x0.7,dynamic,21,0.7619047619047619,0.9047619047619048,21,0.8571428571428571,0.6190476190476191,0.6190476190476191,0.42857142857142855,0.6428571428571429,21
MD11,climbing_turn,cmalpha_x0.7,static,21,0.42857142857142855,0.8095238095238095,21,0.7142857142857143,0.6190476190476191,0.6190476190476191,,,21
MD11,climbing_turn,clo_+0.1,dynamic,15,0.26666666666666666,0.8666666666666667,15,0.5333333333333333,0.4666666666666667,0.4666666666666667,0.6,0.5266666666666667,15
MD11,climbing_turn,clo_+0.1,static,15,0.3333333333333333,0.6,15,0.6666666666666666,0.4666666666666667,0.4666666666666667,,,15
MD11,elev_doublet_distractor,inertia_x1.6,dynamic,5,0.8,0.8,5,0.4,0.4,0.4,1.0,0.1,0
MD11,elev_doublet_distractor,inertia_x1.6,static,5,0.4,0.8,5,0.6,0.4,0.4,,,0
MD11,elev_doublet_distractor,cmq_x0.5,dynamic,3,0.0,0.3333333333333333,3,1.0,0.0,0.0,1.0,0.03333333333333333,0
MD11,elev_doublet_distractor,cmq_x0.5,static,3,0.0,0.6666666666666666,3,0.6666666666666666,0.0,0.0,,,0
MD11,elev_doublet_distractor,cmalpha_x0.7,dynamic,7,0.42857142857142855,0.7142857142857143,7,0.5714285714285714,0.8571428571428571,0.8571428571428571,0.5714285714285714,0.4857142857142857,7
MD11,elev_doublet_distractor,cmalpha_x0.7,static,7,0.5714285714285714,0.7142857142857143,7,0.2857142857142857,0.8571428571428571,0.8571428571428571,,,7
MD11,elev_doublet_distractor,clo_+0.1,dynamic,13,0.7692307692307693,0.8461538461538461,13,0.46153846153846156,0.46153846153846156,0.46153846153846156,1.0,0.5153846153846154,13
MD11,elev_doublet_distractor,clo_+0.1,static,13,0.6153846153846154,0.7692307692307693,12,0.5833333333333334,0.4166666666666667,0.4166666666666667,,,12
MD11,engine_restart,inertia_x1.6,dynamic,6,0.3333333333333333,0.6666666666666666,6,0.6666666666666666,1.0,1.0,0.8333333333333334,0.6166666666666667,0
MD11,engine_restart,inertia_x1.6,static,6,0.6666666666666666,0.8333333333333334,6,0.8333333333333334,1.0,1.0,,,0
MD11,engine_restart,cmq_x0.5,dynamic,9,0.8888888888888888,0.8888888888888888,9,0.7777777777777778,1.0,1.0,0.5555555555555556,0.8333333333333334,0
MD11,engine_restart,cmq_x0.5,static,9,0.6666666666666666,0.7777777777777778,9,0.6666666666666666,1.0,1.0,,,0
MD11,engine_restart,cmalpha_x0.7,dynamic,15,1.0,1.0,15,0.4,1.0,1.0,0.8,0.6133333333333334,15
MD11,engine_restart,cmalpha_x0.7,static,15,0.8666666666666667,0.9333333333333333,15,0.6,1.0,1.0,,,15
MD11,engine_restart,clo_+0.1,dynamic,18,0.8888888888888888,0.8888888888888888,18,0.5,1.0,1.0,0.6111111111111112,0.6222222222222222,18
MD11,engine_restart,clo_+0.1,static,18,0.8333333333333334,0.8888888888888888,18,0.4444444444444444,1.0,1.0,,,18
OV10,throttle_step,inertia_x1.6,dynamic,1,0.0,1.0,1,1.0,1.0,1.0,1.0,1.0,0
OV10,throttle_step,inertia_x1.6,static,1,1.0,1.0,1,1.0,1.0,1.0,,,0
OV10,throttle_step,cmq_x0.5,dynamic,9,0.8888888888888888,0.8888888888888888,9,1.0,1.0,1.0,0.7777777777777778,1.0,0
OV10,throttle_step,cmq_x0.5,static,9,0.6666666666666666,0.7777777777777778,9,1.0,1.0,1.0,,,0
OV10,throttle_step,cmalpha_x0.7,dynamic,10,1.0,1.0,10,1.0,1.0,1.0,1.0,1.0,10
OV10,throttle_step,cmalpha_x0.7,static,10,1.0,1.0,10,1.0,1.0,1.0,,,10
OV10,throttle_step,clo_+0.1,dynamic,13,0.3076923076923077,0.6153846153846154,11,1.0,1.0,1.0,1.0,1.0,11
OV10,throttle_step,clo_+0.1,static,13,0.23076923076923078,0.46153846153846156,11,1.0,1.0,1.0,,,11
OV10,elev_doublet,inertia_x1.6,dynamic,5,0.0,0.4,5,1.0,1.0,1.0,1.0,0.43999999999999995,0
OV10,elev_doublet,inertia_x1.6,static,5,0.0,0.4,5,1.0,1.0,1.0,,,0
OV10,elev_doublet,cmq_x0.5,dynamic,7,0.0,0.2857142857142857,7,1.0,1.0,1.0,1.0,0.5000000000000001,0
OV10,elev_doublet,cmq_x0.5,static,7,0.14285714285714285,0.42857142857142855,7,1.0,1.0,1.0,,,0
OV10,elev_doublet,cmalpha_x0.7,dynamic,5,0.8,1.0,5,1.0,1.0,1.0,0.8,0.6399999999999999,0
OV10,elev_doublet,cmalpha_x0.7,static,5,0.6,0.8,5,1.0,1.0,1.0,,,0
OV10,elev_doublet,clo_+0.1,dynamic,2,0.0,0.0,2,1.0,1.0,1.0,1.0,0.30000000000000004,2
OV10,elev_doublet,clo_+0.1,static,2,0.0,0.0,2,1.0,1.0,1.0,,,2
OV10,elev_step,inertia_x1.6,dynamic,8,0.375,1.0,8,1.0,1.0,1.0,0.875,0.3625,0
OV10,elev_step,inertia_x1.6,static,8,0.25,0.5,8,1.0,1.0,1.0,,,0
OV10,elev_step,cmq_x0.5,dynamic,20,0.9,1.0,20,1.0,1.0,1.0,1.0,0.475,0
OV10,elev_step,cmq_x0.5,static,20,0.1,0.35,20,1.0,1.0,1.0,,,0
OV10,elev_step,cmalpha_x0.7,dynamic,20,0.4,0.7,20,1.0,1.0,1.0,0.95,0.74,0
OV10,elev_step,cmalpha_x0.7,static,20,0.2,0.25,20,1.0,1.0,1.0,,,0
OV10,elev_step,clo_+0.1,dynamic,10,0.1,0.8,10,1.0,1.0,1.0,1.0,0.63,10
OV10,elev_step,clo_+0.1,static,10,0.0,0.1,10,1.0,1.0,1.0,,,10
OV10,aileron_step,inertia_x1.6,dynamic,7,0.2857142857142857,0.7142857142857143,7,1.0,1.0,1.0,1.0,0.4857142857142857,0
OV10,aileron_step,inertia_x1.6,static,7,0.14285714285714285,1.0,7,1.0,1.0,1.0,,,0
OV10,aileron_step,cmq_x0.5,dynamic,16,0.875,1.0,16,1.0,1.0,1.0,1.0,0.35,0
OV10,aileron_step,cmq_x0.5,static,16,0.875,1.0,16,1.0,1.0,1.0,,,0
OV10,aileron_step,cmalpha_x0.7,dynamic,14,0.21428571428571427,0.6428571428571429,14,1.0,1.0,1.0,1.0,0.5214285714285715,14
OV10,aileron_step,cmalpha_x0.7,static,14,0.42857142857142855,0.9285714285714286,14,1.0,1.0,1.0,,,14
OV10,aileron_step,clo_+0.1,dynamic,21,0.7142857142857143,0.8571428571428571,21,1.0,1.0,1.0,1.0,0.40476190476190477,21
OV10,aileron_step,clo_+0.1,static,21,0.8095238095238095,0.9047619047619048,21,1.0,1.0,1.0,,,21
OV10,rudder_doublet,inertia_x1.6,dynamic,5,0.0,0.8,5,1.0,1.0,1.0,0.0,0.28,0
OV10,rudder_doublet,inertia_x1.6,static,5,0.0,0.0,5,1.0,1.0,1.0,,,0
OV10,rudder_doublet,cmq_x0.5,dynamic,0,,,0,,,,,,0
OV10,rudder_doublet,cmq_x0.5,static,0,,,0,,,,,,0
OV10,rudder_doublet,cmalpha_x0.7,dynamic,7,0.8571428571428571,1.0,7,1.0,1.0,1.0,0.2857142857142857,0.2714285714285714,0
OV10,rudder_doublet,cmalpha_x0.7,static,7,0.8571428571428571,0.8571428571428571,7,1.0,1.0,1.0,,,0
OV10,rudder_doublet,clo_+0.1,dynamic,4,0.25,0.25,4,1.0,1.0,1.0,0.75,0.1,4
OV10,rudder_doublet,clo_+0.1,static,4,0.0,0.25,4,1.0,1.0,1.0,,,4
OV10,bank_hold,inertia_x1.6,dynamic,9,0.2222222222222222,0.8888888888888888,9,1.0,1.0,1.0,1.0,0.32222222222222224,0
OV10,bank_hold,inertia_x1.6,static,9,0.4444444444444444,1.0,9,1.0,1.0,1.0,,,0
OV10,bank_hold,cmq_x0.5,dynamic,17,0.7058823529411765,1.0,17,1.0,1.0,1.0,1.0,0.15882352941176475,0
OV10,bank_hold,cmq_x0.5,static,17,0.5882352941176471,0.8823529411764706,17,1.0,1.0,1.0,,,0
OV10,bank_hold,cmalpha_x0.7,dynamic,17,0.7647058823529411,0.8823529411764706,17,1.0,1.0,1.0,1.0,0.49411764705882355,17
OV10,bank_hold,cmalpha_x0.7,static,17,0.8823529411764706,0.8823529411764706,17,1.0,1.0,1.0,,,17
OV10,bank_hold,clo_+0.1,dynamic,13,0.8461538461538461,1.0,13,1.0,1.0,1.0,1.0,0.5153846153846154,13
OV10,bank_hold,clo_+0.1,static,13,0.8461538461538461,0.8461538461538461,13,1.0,1.0,1.0,,,13
OV10,flap_extend,inertia_x1.6,dynamic,20,0.65,0.8,20,1.0,1.0,1.0,1.0,0.6799999999999999,0
OV10,flap_extend,inertia_x1.6,static,20,0.35,0.85,20,1.0,1.0,1.0,,,0
OV10,flap_extend,cmq_x0.5,dynamic,22,1.0,1.0,22,1.0,1.0,1.0,0.9090909090909091,0.7545454545454546,0
OV10,flap_extend,cmq_x0.5,static,22,0.6818181818181818,0.9545454545454546,22,1.0,1.0,1.0,,,0
OV10,flap_extend,cmalpha_x0.7,dynamic,22,0.6818181818181818,0.8636363636363636,22,1.0,1.0,1.0,1.0,0.7045454545454546,0
OV10,flap_extend,cmalpha_x0.7,static,22,0.3181818181818182,0.5,22,1.0,1.0,1.0,,,0
OV10,flap_extend,clo_+0.1,dynamic,22,0.5454545454545454,0.9545454545454546,22,1.0,1.0,1.0,1.0,0.5045454545454546,22
OV10,flap_extend,clo_+0.1,static,22,0.22727272727272727,0.5909090909090909,22,1.0,1.0,1.0,,,22
OV10,engine_cut,inertia_x1.6,dynamic,12,0.16666666666666666,0.6666666666666666,12,1.0,1.0,1.0,1.0,1.0,0
OV10,engine_cut,inertia_x1.6,static,12,0.25,0.4166666666666667,0,,,,,,0
OV10,engine_cut,cmq_x0.5,dynamic,19,0.8421052631578947,0.8421052631578947,19,1.0,1.0,1.0,1.0,1.0,0
OV10,engine_cut,cmq_x0.5,static,19,0.47368421052631576,0.6842105263157895,0,,,,,,0
OV10,engine_cut,cmalpha_x0.7,dynamic,16,0.5,0.875,16,1.0,1.0,1.0,1.0,1.0,16
OV10,engine_cut,cmalpha_x0.7,static,16,0.25,0.375,0,,,,,,16
OV10,engine_cut,clo_+0.1,dynamic,19,0.3684210526315789,0.7368421052631579,19,1.0,1.0,1.0,1.0,1.0,19
OV10,engine_cut,clo_+0.1,static,19,0.3157894736842105,0.631578947368421,0,,,,,,19
OV10,elev_doublet_distractor,inertia_x1.6,dynamic,3,0.0,0.0,3,0.3333333333333333,1.0,1.0,1.0,0.16666666666666666,0
OV10,elev_doublet_distractor,inertia_x1.6,static,3,0.0,0.0,3,0.6666666666666666,1.0,1.0,,,0
OV10,elev_doublet_distractor,cmq_x0.5,dynamic,5,0.0,0.0,5,0.4,1.0,1.0,1.0,0.2,0
OV10,elev_doublet_distractor,cmq_x0.5,static,5,0.0,0.0,5,0.2,1.0,1.0,,,0
OV10,elev_doublet_distractor,cmalpha_x0.7,dynamic,6,0.6666666666666666,0.8333333333333334,6,0.6666666666666666,0.5,0.5,1.0,0.2833333333333334,6
OV10,elev_doublet_distractor,cmalpha_x0.7,static,6,0.5,0.8333333333333334,6,0.5,0.5,0.5,,,6
OV10,elev_doublet_distractor,clo_+0.1,dynamic,8,0.25,0.375,8,0.5,0.75,0.75,1.0,0.41250000000000003,8
OV10,elev_doublet_distractor,clo_+0.1,static,8,0.125,0.5,8,0.375,0.75,0.75,,,8
Short_S23,throttle_step,inertia_x1.6,dynamic,4,0.5,0.75,4,1.0,1.0,1.0,1.0,1.0,0
Short_S23,throttle_step,inertia_x1.6,static,4,0.0,0.25,4,1.0,1.0,1.0,,,0
Short_S23,elev_doublet,inertia_x1.6,dynamic,7,0.0,0.8571428571428571,7,1.0,1.0,1.0,0.42857142857142855,0.48571428571428565,0
Short_S23,elev_doublet,inertia_x1.6,static,7,0.0,0.5714285714285714,7,1.0,1.0,1.0,,,0
Short_S23,elev_step,inertia_x1.6,dynamic,3,0.3333333333333333,1.0,3,1.0,1.0,1.0,1.0,0.19999999999999998,0
Short_S23,elev_step,inertia_x1.6,static,3,0.3333333333333333,1.0,3,1.0,1.0,1.0,,,0
Short_S23,aileron_step,inertia_x1.6,dynamic,0,,,0,,,,,,0
Short_S23,aileron_step,inertia_x1.6,static,0,,,0,,,,,,0
Short_S23,rudder_doublet,inertia_x1.6,dynamic,0,,,0,,,,,,0
Short_S23,rudder_doublet,inertia_x1.6,static,0,,,0,,,,,,0
Short_S23,bank_hold,inertia_x1.6,dynamic,5,0.6,0.8,5,1.0,1.0,1.0,1.0,0.38,0
Short_S23,bank_hold,inertia_x1.6,static,5,0.0,0.4,5,1.0,1.0,1.0,,,0
Short_S23,flap_extend,inertia_x1.6,dynamic,0,,,0,,,,,,0
Short_S23,flap_extend,inertia_x1.6,static,0,,,0,,,,,,0
Short_S23,engine_cut,inertia_x1.6,dynamic,0,,,0,,,,,,0
Short_S23,engine_cut,inertia_x1.6,static,0,,,0,,,,,,0
Short_S23,climbing_turn,inertia_x1.6,dynamic,0,,,0,,,,,,0
Short_S23,climbing_turn,inertia_x1.6,static,0,,,0,,,,,,0
Short_S23,elev_doublet_distractor,inertia_x1.6,dynamic,0,,,0,,,,,,0
Short_S23,elev_doublet_distractor,inertia_x1.6,static,0,,,0,,,,,,0
Short_S23,engine_stop,inertia_x1.6,dynamic,2,0.0,0.5,2,1.0,1.0,1.0,1.0,1.0,0
Short_S23,engine_stop,inertia_x1.6,static,2,0.5,1.0,0,,,,,,0
T37,throttle_step,inertia_x1.6,dynamic,7,0.0,0.14285714285714285,7,1.0,1.0,1.0,1.0,1.0,0
T37,throttle_step,inertia_x1.6,static,7,0.14285714285714285,0.42857142857142855,7,1.0,1.0,1.0,,,0
T37,throttle_step,cmq_x0.5,dynamic,12,0.9166666666666666,0.9166666666666666,12,1.0,1.0,1.0,0.9166666666666666,1.0,0
T37,throttle_step,cmq_x0.5,static,12,0.6666666666666666,0.75,12,1.0,1.0,1.0,,,0
T37,throttle_step,cmalpha_x0.7,dynamic,8,0.25,0.75,8,1.0,1.0,1.0,1.0,1.0,8
T37,throttle_step,cmalpha_x0.7,static,8,0.125,0.625,8,1.0,1.0,1.0,,,8
T37,throttle_step,clo_+0.1,dynamic,22,0.9090909090909091,0.9090909090909091,22,1.0,1.0,1.0,1.0,1.0,22
T37,throttle_step,clo_+0.1,static,22,0.9090909090909091,0.9090909090909091,20,1.0,1.0,1.0,,,20
T37,elev_doublet,inertia_x1.6,dynamic,9,0.3333333333333333,0.6666666666666666,9,1.0,1.0,1.0,0.8888888888888888,0.5666666666666668,0
T37,elev_doublet,inertia_x1.6,static,9,0.0,0.4444444444444444,9,1.0,1.0,1.0,,,0
T37,elev_doublet,cmq_x0.5,dynamic,14,0.07142857142857142,0.8571428571428571,14,1.0,1.0,1.0,0.7857142857142857,0.5,0
T37,elev_doublet,cmq_x0.5,static,14,0.07142857142857142,0.5714285714285714,14,1.0,1.0,1.0,,,0
T37,elev_doublet,cmalpha_x0.7,dynamic,14,0.14285714285714285,0.7142857142857143,14,1.0,1.0,1.0,0.6428571428571429,0.5714285714285714,14
T37,elev_doublet,cmalpha_x0.7,static,14,0.35714285714285715,0.6428571428571429,13,1.0,1.0,1.0,,,13
T37,elev_doublet,clo_+0.1,dynamic,21,0.42857142857142855,0.6666666666666666,20,1.0,1.0,1.0,0.8,0.6849999999999999,20
T37,elev_doublet,clo_+0.1,static,21,0.3333333333333333,0.6190476190476191,20,1.0,1.0,1.0,,,20
T37,elev_step,inertia_x1.6,dynamic,3,1.0,1.0,3,1.0,1.0,1.0,1.0,0.3,0
T37,elev_step,inertia_x1.6,static,3,0.0,0.0,3,1.0,1.0,1.0,,,0
T37,elev_step,cmq_x0.5,dynamic,17,0.7647058823529411,1.0,17,1.0,1.0,1.0,1.0,0.4058823529411764,0
T37,elev_step,cmq_x0.5,static,17,0.17647058823529413,0.23529411764705882,17,1.0,1.0,1.0,,,0
T37,elev_step,cmalpha_x0.7,dynamic,20,0.4,0.65,20,1.0,1.0,1.0,0.95,0.605,20
T37,elev_step,cmalpha_x0.7,static,20,0.05,0.3,20,1.0,1.0,1.0,,,20
T37,elev_step,clo_+0.1,dynamic,17,0.7647058823529411,0.8823529411764706,17,1.0,1.0,1.0,1.0,0.6588235294117647,17
T37,elev_step,clo_+0.1,static,17,0.23529411764705882,0.35294117647058826,14,1.0,1.0,1.0,,,14
T37,aileron_step,inertia_x1.6,dynamic,12,0.25,0.5,12,1.0,1.0,1.0,1.0,0.37499999999999994,0
T37,aileron_step,inertia_x1.6,static,12,0.5833333333333334,0.9166666666666666,12,1.0,1.0,1.0,,,0
T37,aileron_step,cmq_x0.5,dynamic,13,0.3076923076923077,0.7692307692307693,13,1.0,1.0,1.0,0.9230769230769231,0.3076923076923077,0
T37,aileron_step,cmq_x0.5,static,13,0.5384615384615384,0.8461538461538461,13,1.0,1.0,1.0,,,0
T37,aileron_step,cmalpha_x0.7,dynamic,15,0.5333333333333333,1.0,15,1.0,1.0,1.0,1.0,0.5133333333333333,15
T37,aileron_step,cmalpha_x0.7,static,15,0.6666666666666666,0.9333333333333333,15,1.0,1.0,1.0,,,15
T37,aileron_step,clo_+0.1,dynamic,17,0.9411764705882353,1.0,17,1.0,1.0,1.0,1.0,0.5294117647058824,17
T37,aileron_step,clo_+0.1,static,17,1.0,1.0,17,1.0,1.0,1.0,,,17
T37,rudder_doublet,inertia_x1.6,dynamic,4,0.75,1.0,4,1.0,1.0,1.0,1.0,0.325,0
T37,rudder_doublet,inertia_x1.6,static,4,0.25,0.75,4,1.0,1.0,1.0,,,0
T37,rudder_doublet,cmq_x0.5,dynamic,6,1.0,1.0,6,1.0,1.0,1.0,1.0,0.4333333333333333,0
T37,rudder_doublet,cmq_x0.5,static,6,0.6666666666666666,0.8333333333333334,6,1.0,1.0,1.0,,,0
T37,rudder_doublet,cmalpha_x0.7,dynamic,7,1.0,1.0,7,1.0,1.0,1.0,0.2857142857142857,0.07142857142857142,7
T37,rudder_doublet,cmalpha_x0.7,static,7,0.8571428571428571,1.0,7,1.0,1.0,1.0,,,7
T37,rudder_doublet,clo_+0.1,dynamic,11,0.6363636363636364,0.6363636363636364,9,1.0,1.0,1.0,1.0,0.5333333333333334,9
T37,rudder_doublet,clo_+0.1,static,11,0.18181818181818182,0.36363636363636365,9,1.0,1.0,1.0,,,9
T37,bank_hold,inertia_x1.6,dynamic,8,0.25,0.5,8,1.0,1.0,1.0,1.0,0.42499999999999993,0
T37,bank_hold,inertia_x1.6,static,8,0.375,0.625,8,1.0,1.0,1.0,,,0
T37,bank_hold,cmq_x0.5,dynamic,12,0.5833333333333334,0.9166666666666666,12,1.0,1.0,1.0,0.9166666666666666,0.29166666666666663,0
T37,bank_hold,cmq_x0.5,static,12,0.8333333333333334,0.9166666666666666,12,1.0,1.0,1.0,,,0
T37,bank_hold,cmalpha_x0.7,dynamic,3,0.0,0.3333333333333333,3,1.0,1.0,1.0,1.0,0.9333333333333332,3
T37,bank_hold,cmalpha_x0.7,static,3,0.6666666666666666,1.0,3,1.0,1.0,1.0,,,3
T37,bank_hold,clo_+0.1,dynamic,12,0.6666666666666666,0.8333333333333334,12,1.0,1.0,1.0,1.0,1.0,12
T37,bank_hold,clo_+0.1,static,12,0.5,0.8333333333333334,12,1.0,1.0,1.0,,,12
T37,flap_extend,inertia_x1.6,dynamic,11,0.18181818181818182,0.6363636363636364,11,1.0,1.0,1.0,1.0,0.6818181818181819,0
T37,flap_extend,inertia_x1.6,static,11,0.18181818181818182,0.2727272727272727,11,1.0,1.0,1.0,,,0
T37,flap_extend,cmq_x0.5,dynamic,22,0.9090909090909091,1.0,22,1.0,1.0,1.0,1.0,0.5954545454545456,0
T37,flap_extend,cmq_x0.5,static,22,0.3181818181818182,0.36363636363636365,22,1.0,1.0,1.0,,,0
T37,flap_extend,cmalpha_x0.7,dynamic,22,0.5454545454545454,0.6818181818181818,22,1.0,1.0,1.0,1.0,0.5227272727272727,22
T37,flap_extend,cmalpha_x0.7,static,22,0.22727272727272727,0.4090909090909091,22,1.0,1.0,1.0,,,22
T37,flap_extend,clo_+0.1,dynamic,21,0.7142857142857143,0.9047619047619048,21,1.0,1.0,1.0,1.0,0.5904761904761904,21
T37,flap_extend,clo_+0.1,static,21,0.23809523809523808,0.38095238095238093,21,1.0,1.0,1.0,,,21
T37,engine_cut,inertia_x1.6,dynamic,9,0.0,0.1111111111111111,9,1.0,1.0,1.0,1.0,1.0,0
T37,engine_cut,inertia_x1.6,static,9,0.4444444444444444,0.6666666666666666,0,,,,,,0
T37,engine_cut,cmq_x0.5,dynamic,19,0.8421052631578947,1.0,19,1.0,1.0,1.0,1.0,1.0,0
T37,engine_cut,cmq_x0.5,static,19,0.2631578947368421,0.42105263157894735,0,,,,,,0
T37,engine_cut,cmalpha_x0.7,dynamic,19,0.6842105263157895,0.7894736842105263,19,1.0,1.0,1.0,1.0,1.0,19
T37,engine_cut,cmalpha_x0.7,static,19,0.5789473684210527,0.5789473684210527,0,,,,,,19
T37,engine_cut,clo_+0.1,dynamic,22,0.9545454545454546,0.9545454545454546,22,1.0,1.0,1.0,1.0,1.0,22
T37,engine_cut,clo_+0.1,static,22,0.3181818181818182,0.4090909090909091,0,,,,,,20
T37,climbing_turn,cmq_x0.5,dynamic,14,0.7142857142857143,1.0,14,0.6428571428571429,0.8571428571428571,0.8571428571428571,0.5,0.17142857142857146,0
T37,climbing_turn,cmq_x0.5,static,14,0.42857142857142855,0.8571428571428571,14,0.7142857142857143,0.8571428571428571,0.8571428571428571,,,0
T37,climbing_turn,clo_+0.1,dynamic,20,0.9,0.9,20,0.35,0.65,0.65,0.7,0.6799999999999999,20
T37,climbing_turn,clo_+0.1,static,20,0.9,0.95,19,0.42105263157894735,0.631578947368421,0.631578947368421,,,19
T37,elev_doublet_distractor,inertia_x1.6,dynamic,6,0.5,0.6666666666666666,6,0.8333333333333334,0.0,0.0,0.8333333333333334,0.20000000000000004,0
T37,elev_doublet_distractor,inertia_x1.6,static,6,0.3333333333333333,0.8333333333333334,6,1.0,0.0,0.0,,,0
T37,elev_doublet_distractor,cmq_x0.5,dynamic,7,0.0,0.8571428571428571,7,0.7142857142857143,1.0,1.0,1.0,0.3142857142857142,0
T37,elev_doublet_distractor,cmq_x0.5,static,7,0.14285714285714285,0.7142857142857143,7,0.42857142857142855,1.0,1.0,,,0
T37,elev_doublet_distractor,cmalpha_x0.7,dynamic,8,0.875,1.0,8,0.375,0.75,0.75,0.5,0.2125,8
T37,elev_doublet_distractor,cmalpha_x0.7,static,8,0.75,1.0,8,0.375,0.75,0.75,,,8
T37,elev_doublet_distractor,clo_+0.1,dynamic,18,0.7222222222222222,0.8333333333333334,18,0.6111111111111112,0.6111111111111112,0.6111111111111112,0.8333333333333334,0.4222222222222222,18
T37,elev_doublet_distractor,clo_+0.1,static,18,0.6111111111111112,0.6666666666666666,18,0.4444444444444444,0.6111111111111112,0.6111111111111112,,,18
T38,throttle_step,inertia_x1.6,dynamic,4,0.0,1.0,4,0.75,1.0,1.0,0.0,0.2,0
T38,throttle_step,inertia_x1.6,static,4,0.0,0.25,4,0.5,1.0,1.0,,,0
T38,throttle_step,cmq_x0.5,dynamic,5,0.4,0.8,5,0.2,1.0,1.0,0.2,0.32,0
T38,throttle_step,cmq_x0.5,static,5,0.4,0.8,5,0.2,1.0,1.0,,,0
T38,throttle_step,cmalpha_x0.7,dynamic,17,0.9411764705882353,0.9411764705882353,17,0.0,1.0,1.0,0.6470588235294118,0.8941176470588235,17
T38,throttle_step,cmalpha_x0.7,static,17,0.47058823529411764,0.8823529411764706,17,0.0,1.0,1.0,,,17
T38,throttle_step,clo_+0.1,dynamic,20,0.95,1.0,20,0.15,1.0,1.0,0.5,0.6150000000000001,20
T38,throttle_step,clo_+0.1,static,20,0.8,0.9,20,0.0,1.0,1.0,,,20
T38,elev_doublet,inertia_x1.6,dynamic,13,0.07692307692307693,0.6153846153846154,13,0.7692307692307693,1.0,1.0,0.6923076923076923,0.7230769230769231,0
T38,elev_doublet,inertia_x1.6,static,13,0.0,0.6153846153846154,13,0.6923076923076923,1.0,1.0,,,0
T38,elev_doublet,cmq_x0.5,dynamic,8,0.0,0.375,8,0.875,1.0,1.0,1.0,0.6125,0
T38,elev_doublet,cmq_x0.5,static,8,0.0,0.625,8,0.625,1.0,1.0,,,0
T38,elev_doublet,cmalpha_x0.7,dynamic,13,0.5384615384615384,0.7692307692307693,12,0.6666666666666666,1.0,1.0,0.9166666666666666,0.625,12
T38,elev_doublet,cmalpha_x0.7,static,13,0.46153846153846156,0.6153846153846154,11,0.18181818181818182,1.0,1.0,,,11
T38,elev_doublet,clo_+0.1,dynamic,20,0.75,0.75,18,1.0,1.0,1.0,0.8888888888888888,0.9222222222222223,18
T38,elev_doublet,clo_+0.1,static,20,0.5,0.75,17,1.0,1.0,1.0,,,17
T38,elev_step,inertia_x1.6,dynamic,10,0.2,0.7,10,0.9,1.0,1.0,0.8,0.73,0
T38,elev_step,inertia_x1.6,static,10,0.0,0.2,10,0.8,1.0,1.0,,,0
T38,elev_step,cmq_x0.5,dynamic,11,0.0,0.8181818181818182,11,1.0,1.0,1.0,1.0,0.6727272727272727,0
T38,elev_step,cmq_x0.5,static,11,0.0,0.2727272727272727,11,0.9090909090909091,1.0,1.0,,,0
T38,elev_step,cmalpha_x0.7,dynamic,18,0.7222222222222222,0.8333333333333334,18,0.7777777777777778,1.0,1.0,0.9444444444444444,0.6222222222222222,18
T38,elev_step,cmalpha_x0.7,static,18,0.5555555555555556,0.7777777777777778,16,0.75,1.0,1.0,,,16
T38,elev_step,clo_+0.1,dynamic,19,0.7368421052631579,0.7368421052631579,17,0.8823529411764706,1.0,1.0,0.9411764705882353,0.7647058823529411,17
T38,elev_step,clo_+0.1,static,19,0.6842105263157895,0.7894736842105263,17,1.0,1.0,1.0,,,17
T38,aileron_step,inertia_x1.6,dynamic,9,0.2222222222222222,0.4444444444444444,9,0.6666666666666666,1.0,1.0,0.7777777777777778,0.17777777777777776,0
T38,aileron_step,inertia_x1.6,static,9,0.2222222222222222,0.5555555555555556,9,0.3333333333333333,1.0,1.0,,,0
T38,aileron_step,cmq_x0.5,dynamic,4,0.0,0.5,4,0.5,1.0,1.0,0.75,0.3,0
T38,aileron_step,cmq_x0.5,static,4,0.0,0.25,4,0.75,1.0,1.0,,,0
T38,aileron_step,cmalpha_x0.7,dynamic,11,0.8181818181818182,1.0,11,0.9090909090909091,1.0,1.0,0.5454545454545454,0.9545454545454546,11
T38,aileron_step,cmalpha_x0.7,static,11,0.45454545454545453,0.7272727272727273,11,0.9090909090909091,1.0,1.0,,,11
T38,aileron_step,clo_+0.1,dynamic,13,0.7692307692307693,0.9230769230769231,13,1.0,1.0,1.0,0.38461538461538464,0.9230769230769231,13
T38,aileron_step,clo_+0.1,static,13,0.5384615384615384,0.8461538461538461,13,0.9230769230769231,1.0,1.0,,,13
T38,rudder_doublet,inertia_x1.6,dynamic,4,0.5,1.0,4,1.0,1.0,1.0,0.5,0.375,0
T38,rudder_doublet,inertia_x1.6,static,4,0.25,0.75,4,1.0,1.0,1.0,,,0
T38,rudder_doublet,cmq_x0.5,dynamic,2,0.5,1.0,2,0.5,1.0,1.0,0.0,0.2,0
T38,rudder_doublet,cmq_x0.5,static,2,0.5,1.0,2,1.0,1.0,1.0,,,0
T38,rudder_doublet,cmalpha_x0.7,dynamic,13,0.38461538461538464,0.8461538461538461,13,0.8461538461538461,1.0,1.0,0.6923076923076923,0.8,13
T38,rudder_doublet,cmalpha_x0.7,static,13,0.23076923076923078,0.7692307692307693,13,0.7692307692307693,1.0,1.0,,,13
T38,rudder_doublet,clo_+0.1,dynamic,20,0.85,0.9,20,0.7,1.0,1.0,0.95,0.7449999999999999,20
T38,rudder_doublet,clo_+0.1,static,20,0.5,0.85,20,0.7,1.0,1.0,,,20
T38,bank_hold,inertia_x1.6,dynamic,9,0.2222222222222222,0.4444444444444444,9,0.3333333333333333,1.0,1.0,0.5555555555555556,0.24444444444444446,0
T38,bank_hold,inertia_x1.6,static,9,0.2222222222222222,0.5555555555555556,9,0.5555555555555556,1.0,1.0,,,0
T38,bank_hold,cmq_x0.5,dynamic,4,0.5,0.75,4,0.0,1.0,1.0,0.5,0.22499999999999998,0
T38,bank_hold,cmq_x0.5,static,4,0.5,0.5,4,0.0,1.0,1.0,,,0
T38,bank_hold,cmalpha_x0.7,dynamic,12,0.8333333333333334,1.0,12,0.9166666666666666,1.0,1.0,0.4166666666666667,0.9666666666666667,12
T38,bank_hold,cmalpha_x0.7,static,12,0.5833333333333334,0.9166666666666666,12,0.9166666666666666,1.0,1.0,,,12
T38,bank_hold,clo_+0.1,dynamic,16,0.9375,1.0,16,0.9375,1.0,1.0,0.5,0.89375,16
T38,bank_hold,clo_+0.1,static,16,0.875,0.9375,16,0.875,1.0,1.0,,,16
T38,flap_extend,inertia_x1.6,dynamic,11,0.36363636363636365,0.9090909090909091,11,0.5454545454545454,1.0,1.0,0.9090909090909091,0.33636363636363636,0
T38,flap_extend,inertia_x1.6,static,11,0.09090909090909091,0.5454545454545454,11,0.45454545454545453,1.0,1.0,,,0
T38,flap_extend,cmq_x0.5,dynamic,17,0.23529411764705882,0.8823529411764706,17,0.8823529411764706,1.0,1.0,1.0,0.2222222222222222,0
T38,flap_extend,cmq_x0.5,static,17,0.17647058823529413,0.4117647058823529,17,0.9411764705882353,1.0,1.0,,,0
T38,flap_extend,clo_+0.1,dynamic,22,0.7727272727272727,0.9545454545454546,22,0.22727272727272727,1.0,1.0,0.9545454545454546,0.6727272727272727,22
T38,flap_extend,clo_+0.1,static,22,0.8636363636363636,0.9090909090909091,20,0.05,1.0,1.0,,,20
T38,engine_cut,inertia_x1.6,dynamic,17,0.7058823529411765,0.8823529411764706,17,0.5294117647058824,1.0,1.0,0.7647058823529411,0.11176470588235293,0
T38,engine_cut,inertia_x1.6,static,17,0.29411764705882354,0.6470588235294118,17,0.0,1.0,1.0,,,0
T38,engine_cut,cmq_x0.5,dynamic,19,0.42105263157894735,0.7894736842105263,19,0.631578947368421,1.0,1.0,0.7368421052631579,0.06315789473684212,0
T38,engine_cut,cmq_x0.5,static,19,0.21052631578947367,0.3684210526315789,19,0.0,1.0,1.0,,,0
T38,engine_cut,cmalpha_x0.7,dynamic,20,0.75,0.95,20,0.3,1.0,1.0,0.85,0.595,20
T38,engine_cut,cmalpha_x0.7,static,20,1.0,1.0,20,0.0,1.0,1.0,,,20
T38,engine_cut,clo_+0.1,dynamic,22,1.0,1.0,22,0.4090909090909091,1.0,1.0,0.7272727272727273,0.5181818181818182,22
T38,engine_cut,clo_+0.1,static,22,1.0,1.0,22,0.0,1.0,1.0,,,22
T38,climbing_turn,inertia_x1.6,dynamic,10,0.1,0.4,10,0.4,0.4,0.4,0.6,0.4444444444444445,0
T38,climbing_turn,inertia_x1.6,static,10,0.0,0.6,10,0.6,0.4,0.4,,,0
T38,climbing_turn,cmq_x0.5,dynamic,9,0.5555555555555556,0.7777777777777778,9,0.2222222222222222,0.4444444444444444,0.4444444444444444,0.8888888888888888,0.1728395061728395,0
T38,climbing_turn,cmq_x0.5,static,9,0.2222222222222222,0.7777777777777778,9,0.3333333333333333,0.4444444444444444,0.4444444444444444,,,0
T38,climbing_turn,cmalpha_x0.7,dynamic,11,0.45454545454545453,0.9090909090909091,11,0.6363636363636364,0.45454545454545453,0.45454545454545453,0.8181818181818182,0.6818181818181818,11
T38,climbing_turn,cmalpha_x0.7,static,11,0.5454545454545454,0.9090909090909091,11,0.7272727272727273,0.45454545454545453,0.45454545454545453,,,11
T38,elev_doublet_distractor,inertia_x1.6,dynamic,12,0.16666666666666666,0.9166666666666666,12,0.8333333333333334,0.5,0.5,1.0,0.18333333333333338,0
T38,elev_doublet_distractor,inertia_x1.6,static,12,0.0,0.3333333333333333,12,0.6666666666666666,0.5,0.5,,,0
T38,elev_doublet_distractor,cmq_x0.5,dynamic,6,0.0,0.8333333333333334,6,0.8333333333333334,1.0,1.0,1.0,0.13333333333333333,0
T38,elev_doublet_distractor,cmq_x0.5,static,6,0.0,0.3333333333333333,6,1.0,1.0,1.0,,,0
T38,elev_doublet_distractor,cmalpha_x0.7,dynamic,15,0.4,0.8666666666666667,15,0.6,0.5333333333333333,0.5333333333333333,0.8666666666666667,0.84,15
T38,elev_doublet_distractor,cmalpha_x0.7,static,15,0.2,0.6,15,0.8,0.5333333333333333,0.5333333333333333,,,15
T38,elev_doublet_distractor,clo_+0.1,dynamic,19,0.6842105263157895,0.8947368421052632,19,0.8421052631578947,0.5789473684210527,0.5789473684210527,0.7368421052631579,0.9736842105263158,19
T38,elev_doublet_distractor,clo_+0.1,static,19,0.3684210526315789,0.7368421052631579,19,0.8947368421052632,0.5789473684210527,0.5789473684210527,,,19
c172p,throttle_step,inertia_x1.6,dynamic,4,0.25,0.75,4,1.0,1.0,1.0,1.0,1.0,0
c172p,throttle_step,inertia_x1.6,static,4,0.0,0.5,4,1.0,1.0,1.0,,,0
c172p,throttle_step,cmq_x0.5,dynamic,7,0.42857142857142855,0.5714285714285714,7,1.0,1.0,1.0,1.0,1.0,0
c172p,throttle_step,cmq_x0.5,static,7,0.5714285714285714,0.7142857142857143,7,1.0,1.0,1.0,,,0
c172p,throttle_step,cmalpha_x0.7,dynamic,16,0.6875,0.9375,16,1.0,1.0,1.0,1.0,1.0,0
c172p,throttle_step,cmalpha_x0.7,static,16,0.25,0.75,16,1.0,1.0,1.0,,,0
c172p,throttle_step,clo_+0.1,dynamic,20,1.0,1.0,20,1.0,1.0,1.0,1.0,1.0,20
c172p,throttle_step,clo_+0.1,static,20,0.9,0.95,20,1.0,1.0,1.0,,,20
c172p,elev_doublet,inertia_x1.6,dynamic,11,0.36363636363636365,0.8181818181818182,11,1.0,1.0,1.0,0.9090909090909091,0.41818181818181804,0
c172p,elev_doublet,inertia_x1.6,static,11,0.0,0.2727272727272727,11,1.0,1.0,1.0,,,0
c172p,elev_doublet,cmq_x0.5,dynamic,10,0.0,0.6,10,1.0,1.0,1.0,1.0,0.36,0
c172p,elev_doublet,cmq_x0.5,static,10,0.1,0.6,10,1.0,1.0,1.0,,,0
c172p,elev_doublet,cmalpha_x0.7,dynamic,11,0.09090909090909091,0.5454545454545454,11,1.0,1.0,1.0,1.0,0.5818181818181818,0
c172p,elev_doublet,cmalpha_x0.7,static,11,0.18181818181818182,0.6363636363636364,11,1.0,1.0,1.0,,,0
c172p,elev_doublet,clo_+0.1,dynamic,16,0.5625,0.8125,16,1.0,1.0,1.0,0.9375,0.525,16
c172p,elev_doublet,clo_+0.1,static,16,0.25,0.6875,16,1.0,1.0,1.0,,,16
c172p,elev_step,inertia_x1.6,dynamic,11,0.09090909090909091,0.6363636363636364,11,1.0,1.0,1.0,1.0,0.19090909090909092,0
c172p,elev_step,inertia_x1.6,static,11,0.09090909090909091,0.6363636363636364,11,1.0,1.0,1.0,,,0
c172p,elev_step,cmq_x0.5,dynamic,18,0.5555555555555556,0.7777777777777778,18,1.0,1.0,1.0,1.0,0.3277777777777777,0
c172p,elev_step,cmq_x0.5,static,18,0.1111111111111111,0.5,18,1.0,1.0,1.0,,,0
c172p,elev_step,cmalpha_x0.7,dynamic,18,0.7222222222222222,0.8888888888888888,18,1.0,1.0,1.0,1.0,0.6111111111111112,0
c172p,elev_step,cmalpha_x0.7,static,18,0.2222222222222222,0.3333333333333333,18,1.0,1.0,1.0,,,0
c172p,elev_step,clo_+0.1,dynamic,21,0.6190476190476191,0.7619047619047619,21,1.0,1.0,1.0,1.0,0.7761904761904764,21
c172p,elev_step,clo_+0.1,static,21,0.14285714285714285,0.5238095238095238,21,1.0,1.0,1.0,,,21
c172p,aileron_step,inertia_x1.6,dynamic,9,0.1111111111111111,0.8888888888888888,9,1.0,1.0,1.0,0.7777777777777778,0.5555555555555556,0
c172p,aileron_step,inertia_x1.6,static,9,0.0,0.5555555555555556,9,1.0,1.0,1.0,,,0
c172p,aileron_step,cmq_x0.5,dynamic,3,0.3333333333333333,1.0,3,1.0,1.0,1.0,0.6666666666666666,0.4000000000000001,0
c172p,aileron_step,cmq_x0.5,static,3,0.6666666666666666,1.0,3,1.0,1.0,1.0,,,0
c172p,aileron_step,cmalpha_x0.7,dynamic,1,0.0,1.0,1,1.0,1.0,1.0,1.0,0.6,0
c172p,aileron_step,cmalpha_x0.7,static,1,0.0,1.0,1,1.0,1.0,1.0,,,0
c172p,aileron_step,clo_+0.1,dynamic,5,0.0,0.2,4,1.0,1.0,1.0,0.75,0.45000000000000007,4
c172p,aileron_step,clo_+0.1,static,5,0.0,0.4,3,1.0,1.0,1.0,,,3
c172p,rudder_doublet,inertia_x1.6,dynamic,13,0.6153846153846154,0.7692307692307693,13,1.0,1.0,1.0,0.8461538461538461,0.46923076923076923,0
c172p,rudder_doublet,inertia_x1.6,static,13,0.3076923076923077,0.7692307692307693,13,1.0,1.0,1.0,,,0
c172p,rudder_doublet,cmq_x0.5,dynamic,4,0.5,1.0,4,1.0,1.0,1.0,1.0,0.6,0
c172p,rudder_doublet,cmq_x0.5,static,4,0.0,0.0,4,1.0,1.0,1.0,,,0
c172p,rudder_doublet,cmalpha_x0.7,dynamic,8,0.25,0.75,8,1.0,1.0,1.0,0.375,0.5,0
c172p,rudder_doublet,cmalpha_x0.7,static,8,0.25,0.5,8,1.0,1.0,1.0,,,0
c172p,rudder_doublet,clo_+0.1,dynamic,6,1.0,1.0,6,1.0,1.0,1.0,0.16666666666666666,0.7333333333333334,6
c172p,rudder_doublet,clo_+0.1,static,6,0.8333333333333334,0.8333333333333334,6,1.0,1.0,1.0,,,6
c172p,bank_hold,inertia_x1.6,dynamic,9,0.1111111111111111,0.6666666666666666,9,1.0,1.0,1.0,1.0,0.2888888888888889,0
c172p,bank_hold,inertia_x1.6,static,9,0.0,0.2222222222222222,9,1.0,1.0,1.0,,,0
c172p,bank_hold,cmq_x0.5,dynamic,10,0.5,0.8,10,1.0,1.0,1.0,0.8,0.23000000000000004,0
c172p,bank_hold,cmq_x0.5,static,10,0.0,0.5,10,1.0,1.0,1.0,,,0
c172p,bank_hold,cmalpha_x0.7,dynamic,1,0.0,1.0,1,1.0,1.0,1.0,1.0,0.2,0
c172p,bank_hold,cmalpha_x0.7,static,1,1.0,1.0,1,1.0,1.0,1.0,,,0
c172p,bank_hold,clo_+0.1,dynamic,11,0.7272727272727273,0.9090909090909091,11,1.0,1.0,1.0,0.8181818181818182,0.19090909090909092,11
c172p,bank_hold,clo_+0.1,static,11,0.45454545454545453,0.8181818181818182,11,1.0,1.0,1.0,,,11
c172p,flap_extend,inertia_x1.6,dynamic,13,0.0,0.3076923076923077,13,1.0,1.0,1.0,1.0,0.5461538461538461,0
c172p,flap_extend,inertia_x1.6,static,13,0.0,0.07692307692307693,13,1.0,1.0,1.0,,,0
c172p,flap_extend,cmq_x0.5,dynamic,15,0.4666666666666667,0.6666666666666666,15,1.0,1.0,1.0,1.0,0.6,0
c172p,flap_extend,cmq_x0.5,static,15,0.06666666666666667,0.5333333333333333,15,1.0,1.0,1.0,,,0
c172p,flap_extend,cmalpha_x0.7,dynamic,22,0.8181818181818182,0.9090909090909091,22,1.0,1.0,1.0,0.5,0.6045454545454546,0
c172p,flap_extend,cmalpha_x0.7,static,22,0.5454545454545454,0.6818181818181818,22,1.0,1.0,1.0,,,0
c172p,flap_extend,clo_+0.1,dynamic,18,0.2777777777777778,0.6111111111111112,18,1.0,1.0,1.0,0.8333333333333334,0.5222222222222223,18
c172p,flap_extend,clo_+0.1,static,18,0.2222222222222222,0.3333333333333333,18,1.0,1.0,1.0,,,18
c172p,climbing_turn,inertia_x1.6,dynamic,13,0.6153846153846154,1.0,13,0.9230769230769231,0.3076923076923077,0.3076923076923077,0.8461538461538461,0.2076923076923077,0
c172p,climbing_turn,inertia_x1.6,static,13,0.15384615384615385,0.5384615384615384,13,0.6923076923076923,0.3076923076923077,0.3076923076923077,,,0
c172p,climbing_turn,cmq_x0.5,dynamic,16,0.4375,0.9375,16,0.75,0.6875,0.6875,0.75,0.20625000000000002,0
c172p,climbing_turn,cmq_x0.5,static,16,0.125,0.8125,16,0.625,0.6875,0.6875,,,0
c172p,climbing_turn,cmalpha_x0.7,dynamic,15,0.6,0.9333333333333333,15,0.6,0.6666666666666666,0.6666666666666666,0.8666666666666667,0.15333333333333335,0
c172p,climbing_turn,cmalpha_x0.7,static,15,0.0,0.6,15,0.6666666666666666,0.6666666666666666,0.6666666666666666,,,0
c172p,climbing_turn,clo_+0.1,dynamic,18,0.9444444444444444,1.0,18,0.5,0.5555555555555556,0.5555555555555556,0.8888888888888888,0.37777777777777777,18
c172p,climbing_turn,clo_+0.1,static,18,0.6666666666666666,0.8888888888888888,18,0.5,0.5555555555555556,0.5555555555555556,,,18
c172p,elev_doublet_distractor,inertia_x1.6,dynamic,11,0.5454545454545454,0.7272727272727273,11,0.6363636363636364,0.36363636363636365,0.36363636363636365,1.0,0.1272727272727273,0
c172p,elev_doublet_distractor,inertia_x1.6,static,11,0.09090909090909091,0.5454545454545454,11,0.7272727272727273,0.36363636363636365,0.36363636363636365,,,0
c172p,elev_doublet_distractor,cmq_x0.5,dynamic,5,0.4,0.6,5,0.2,0.8,0.8,1.0,0.12,0
c172p,elev_doublet_distractor,cmq_x0.5,static,5,0.2,0.4,5,0.4,0.8,0.8,,,0
c172p,elev_doublet_distractor,cmalpha_x0.7,dynamic,5,0.2,0.6,5,0.2,0.8,0.8,1.0,0.12000000000000002,0
c172p,elev_doublet_distractor,cmalpha_x0.7,static,5,0.2,0.8,5,0.2,0.8,0.8,,,0
c172p,elev_doublet_distractor,clo_+0.1,dynamic,15,0.4,0.8,15,0.5333333333333333,0.6,0.6,0.9333333333333333,0.5733333333333335,15
c172p,elev_doublet_distractor,clo_+0.1,static,15,0.4666666666666667,0.7333333333333333,15,0.5333333333333333,0.6,0.6,,,15
c172p,engine_stop,inertia_x1.6,dynamic,2,1.0,1.0,2,1.0,1.0,1.0,1.0,1.0,0
c172p,engine_stop,inertia_x1.6,static,2,0.5,1.0,0,,,,,,0
c172p,engine_stop,cmq_x0.5,dynamic,4,1.0,1.0,4,1.0,1.0,1.0,1.0,1.0,0
c172p,engine_stop,cmq_x0.5,static,4,0.25,0.25,0,,,,,,0
c172p,engine_stop,cmalpha_x0.7,dynamic,12,0.5,0.6666666666666666,12,1.0,1.0,1.0,1.0,1.0,0
c172p,engine_stop,cmalpha_x0.7,static,12,0.5,0.8333333333333334,0,,,,,,0
c172p,engine_stop,clo_+0.1,dynamic,15,0.8,0.8666666666666667,15,1.0,1.0,1.0,1.0,1.0,15
c172p,engine_stop,clo_+0.1,static,15,0.4,0.5333333333333333,0,,,,,,13
c172r,throttle_step,inertia_x1.6,dynamic,10,0.1,0.3,10,1.0,1.0,1.0,1.0,1.0,0
c172r,throttle_step,inertia_x1.6,static,10,0.0,0.3,10,1.0,1.0,1.0,,,0
c172r,throttle_step,cmq_x0.5,dynamic,12,0.3333333333333333,0.6666666666666666,12,1.0,1.0,1.0,1.0,1.0,0
c172r,throttle_step,cmq_x0.5,static,12,0.16666666666666666,0.5,12,1.0,1.0,1.0,,,0
c172r,throttle_step,cmalpha_x0.7,dynamic,18,0.6666666666666666,1.0,18,1.0,1.0,1.0,0.8333333333333334,1.0,0
c172r,throttle_step,cmalpha_x0.7,static,18,0.4444444444444444,0.6111111111111112,18,1.0,1.0,1.0,,,0
c172r,throttle_step,clo_+0.1,dynamic,20,0.95,0.95,20,1.0,1.0,1.0,1.0,0.9600000000000002,20
c172r,throttle_step,clo_+0.1,static,20,0.6,0.8,20,1.0,1.0,1.0,,,20
c172r,elev_doublet,inertia_x1.6,dynamic,11,0.0,0.7272727272727273,11,1.0,1.0,1.0,1.0,0.5181818181818182,0
c172r,elev_doublet,inertia_x1.6,static,11,0.0,0.2727272727272727,11,1.0,1.0,1.0,,,0
c172r,elev_doublet,cmq_x0.5,dynamic,12,0.0,0.5833333333333334,12,1.0,1.0,1.0,1.0,0.46666666666666673,0
c172r,elev_doublet,cmq_x0.5,static,12,0.0,0.5833333333333334,12,1.0,1.0,1.0,,,0
c172r,elev_doublet,cmalpha_x0.7,dynamic,19,0.5263157894736842,0.9473684210526315,19,1.0,1.0,1.0,0.7894736842105263,0.5526315789473684,0
c172r,elev_doublet,cmalpha_x0.7,static,19,0.3684210526315789,0.8947368421052632,19,1.0,1.0,1.0,,,0
c172r,elev_doublet,clo_+0.1,dynamic,17,0.4117647058823529,0.8235294117647058,17,1.0,1.0,1.0,0.8235294117647058,0.5882352941176472,17
c172r,elev_doublet,clo_+0.1,static,17,0.23529411764705882,0.8235294117647058,17,1.0,1.0,1.0,,,17
c172r,elev_step,inertia_x1.6,dynamic,11,0.2727272727272727,0.45454545454545453,11,1.0,1.0,1.0,1.0,0.49090909090909096,0
c172r,elev_step,inertia_x1.6,static,11,0.18181818181818182,0.6363636363636364,11,1.0,1.0,1.0,,,0
c172r,elev_step,cmq_x0.5,dynamic,20,0.4,0.9,20,1.0,1.0,1.0,1.0,0.45,0
c172r,elev_step,cmq_x0.5,static,20,0.1,0.55,20,1.0,1.0,1.0,,,0
c172r,elev_step,cmalpha_x0.7,dynamic,21,0.6666666666666666,0.8571428571428571,21,1.0,1.0,1.0,1.0,0.6000000000000001,0
c172r,elev_step,cmalpha_x0.7,static,21,0.23809523809523808,0.42857142857142855,21,1.0,1.0,1.0,,,0
c172r,elev_step,clo_+0.1,dynamic,21,0.5714285714285714,0.8095238095238095,21,1.0,1.0,1.0,1.0,0.7142857142857143,21
c172r,elev_step,clo_+0.1,static,21,0.2857142857142857,0.2857142857142857,21,1.0,1.0,1.0,,,21
c172r,aileron_step,inertia_x1.6,dynamic,9,0.2222222222222222,0.7777777777777778,9,1.0,1.0,1.0,0.7777777777777778,0.4222222222222223,0
c172r,aileron_step,inertia_x1.6,static,9,0.3333333333333333,0.7777777777777778,9,1.0,1.0,1.0,,,0
c172r,aileron_step,cmq_x0.5,dynamic,7,0.2857142857142857,1.0,7,1.0,1.0,1.0,0.8571428571428571,0.2714285714285714,0
c172r,aileron_step,cmq_x0.5,static,7,0.5714285714285714,0.7142857142857143,7,1.0,1.0,1.0,,,0
c172r,aileron_step,cmalpha_x0.7,dynamic,13,0.23076923076923078,0.6923076923076923,13,1.0,1.0,1.0,0.9230769230769231,0.27692307692307694,13
c172r,aileron_step,cmalpha_x0.7,static,13,0.23076923076923078,0.5384615384615384,13,1.0,1.0,1.0,,,13
c172r,aileron_step,clo_+0.1,dynamic,16,0.75,1.0,16,1.0,1.0,1.0,0.9375,0.36874999999999997,16
c172r,aileron_step,clo_+0.1,static,16,0.6875,0.75,16,1.0,1.0,1.0,,,16
c172r,rudder_doublet,inertia_x1.6,dynamic,11,0.8181818181818182,1.0,11,1.0,1.0,1.0,1.0,0.4818181818181818,0
c172r,rudder_doublet,inertia_x1.6,static,11,0.36363636363636365,0.6363636363636364,11,1.0,1.0,1.0,,,0
c172r,rudder_doublet,cmq_x0.5,dynamic,3,0.0,0.3333333333333333,3,1.0,1.0,1.0,1.0,0.39999999999999997,0
c172r,rudder_doublet,cmq_x0.5,static,3,0.3333333333333333,0.3333333333333333,3,1.0,1.0,1.0,,,0
c172r,rudder_doublet,cmalpha_x0.7,dynamic,6,0.6666666666666666,1.0,6,1.0,1.0,1.0,0.8333333333333334,0.55,6
c172r,rudder_doublet,cmalpha_x0.7,static,6,0.5,0.6666666666666666,6,1.0,1.0,1.0,,,6
c172r,rudder_doublet,clo_+0.1,dynamic,15,0.5333333333333333,0.8666666666666667,15,1.0,1.0,1.0,0.8666666666666667,0.33333333333333337,15
c172r,rudder_doublet,clo_+0.1,static,15,0.26666666666666666,0.8,15,1.0,1.0,1.0,,,15
c172r,bank_hold,inertia_x1.6,dynamic,9,0.3333333333333333,0.8888888888888888,9,1.0,1.0,1.0,0.8888888888888888,0.23333333333333334,0
c172r,bank_hold,inertia_x1.6,static,9,0.1111111111111111,0.5555555555555556,9,1.0,1.0,1.0,,,0
c172r,bank_hold,cmq_x0.5,dynamic,6,0.16666666666666666,0.6666666666666666,6,1.0,1.0,1.0,1.0,0.38333333333333336,0
c172r,bank_hold,cmq_x0.5,static,6,0.16666666666666666,1.0,6,1.0,1.0,1.0,,,0
c172r,bank_hold,cmalpha_x0.7,dynamic,3,0.6666666666666666,1.0,3,1.0,1.0,1.0,1.0,0.4666666666666666,0
c172r,bank_hold,cmalpha_x0.7,static,3,0.3333333333333333,0.6666666666666666,3,1.0,1.0,1.0,,,0
c172r,bank_hold,clo_+0.1,dynamic,8,0.0,0.75,8,1.0,1.0,1.0,1.0,0.32499999999999996,8
c172r,bank_hold,clo_+0.1,static,8,0.375,0.75,8,1.0,1.0,1.0,,,8
c172r,flap_extend,inertia_x1.6,dynamic,15,0.06666666666666667,0.6,15,1.0,1.0,1.0,1.0,0.5800000000000001,0
c172r,flap_extend,inertia_x1.6,static,15,0.13333333333333333,0.4666666666666667,15,1.0,1.0,1.0,,,0
c172r,flap_extend,cmq_x0.5,dynamic,19,0.2631578947368421,0.5789473684210527,19,1.0,1.0,1.0,1.0,0.6526315789473686,0
c172r,flap_extend,cmq_x0.5,static,19,0.15789473684210525,0.47368421052631576,19,1.0,1.0,1.0,,,0
c172r,flap_extend,cmalpha_x0.7,dynamic,22,0.8181818181818182,0.9090909090909091,22,1.0,1.0,1.0,0.5454545454545454,0.7000000000000001,0
c172r,flap_extend,cmalpha_x0.7,static,22,0.7272727272727273,0.8181818181818182,22,1.0,1.0,1.0,,,0
c172r,flap_extend,clo_+0.1,dynamic,20,0.45,0.65,20,1.0,1.0,1.0,0.9,0.6199999999999999,20
c172r,flap_extend,clo_+0.1,static,20,0.3,0.7,20,1.0,1.0,1.0,,,20
c172r,climbing_turn,inertia_x1.6,dynamic,9,0.3333333333333333,0.7777777777777778,9,0.7777777777777778,0.7777777777777778,0.7777777777777778,0.6666666666666666,0.3111111111111111,0
c172r,climbing_turn,inertia_x1.6,static,9,0.0,0.4444444444444444,9,0.7777777777777778,0.7777777777777778,0.7777777777777778,,,0
c172r,climbing_turn,cmq_x0.5,dynamic,8,0.125,0.25,8,0.75,0.25,0.25,0.875,0.22500000000000003,0
c172r,climbing_turn,cmq_x0.5,static,8,0.125,0.625,8,0.375,0.25,0.25,,,0
c172r,climbing_turn,cmalpha_x0.7,dynamic,18,0.3888888888888889,1.0,18,0.6666666666666666,0.3333333333333333,0.3333333333333333,0.8888888888888888,0.2222222222222222,0
c172r,climbing_turn,cmalpha_x0.7,static,18,0.05555555555555555,0.6111111111111112,18,0.6666666666666666,0.3333333333333333,0.3333333333333333,,,0
c172r,climbing_turn,clo_+0.1,dynamic,21,0.47619047619047616,0.8571428571428571,21,0.38095238095238093,0.6190476190476191,0.6190476190476191,0.8571428571428571,0.28095238095238095,21
c172r,climbing_turn,clo_+0.1,static,21,0.3333333333333333,0.8095238095238095,21,0.7619047619047619,0.6190476190476191,0.6190476190476191,,,21
c172r,elev_doublet_distractor,inertia_x1.6,dynamic,12,0.6666666666666666,1.0,12,0.5833333333333334,0.4166666666666667,0.4166666666666667,0.8333333333333334,0.16666666666666666,0
c172r,elev_doublet_distractor,inertia_x1.6,static,12,0.3333333333333333,0.9166666666666666,12,0.4166666666666667,0.4166666666666667,0.4166666666666667,,,0
c172r,elev_doublet_distractor,cmq_x0.5,dynamic,7,0.2857142857142857,1.0,7,0.14285714285714285,1.0,1.0,1.0,0.2285714285714286,0
c172r,elev_doublet_distractor,cmq_x0.5,static,7,0.42857142857142855,1.0,7,0.42857142857142855,1.0,1.0,,,0
c172r,elev_doublet_distractor,cmalpha_x0.7,dynamic,9,0.2222222222222222,0.6666666666666666,9,0.6666666666666666,0.8888888888888888,0.8888888888888888,0.6666666666666666,0.24444444444444446,0
c172r,elev_doublet_distractor,cmalpha_x0.7,static,9,0.3333333333333333,0.5555555555555556,9,0.6666666666666666,0.8888888888888888,0.8888888888888888,,,0
c172r,elev_doublet_distractor,clo_+0.1,dynamic,20,0.65,0.95,20,0.4,0.65,0.65,0.65,0.19,20
c172r,elev_doublet_distractor,clo_+0.1,static,20,0.25,0.85,20,0.55,0.65,0.65,,,20
c172r,engine_stop,inertia_x1.6,dynamic,5,0.0,0.4,5,1.0,1.0,1.0,1.0,1.0,0
c172r,engine_stop,inertia_x1.6,static,5,0.2,0.2,0,,,,,,0
c172r,engine_stop,cmq_x0.5,dynamic,9,0.1111111111111111,0.4444444444444444,9,1.0,1.0,1.0,1.0,1.0,0
c172r,engine_stop,cmq_x0.5,static,9,0.0,0.4444444444444444,0,,,,,,0
c172r,engine_stop,cmalpha_x0.7,dynamic,4,0.0,0.0,4,1.0,1.0,1.0,1.0,1.0,0
c172r,engine_stop,cmalpha_x0.7,static,4,0.0,0.5,0,,,,,,0
c172r,engine_stop,clo_+0.1,dynamic,14,0.7857142857142857,0.9285714285714286,14,1.0,1.0,1.0,1.0,1.0,14
c172r,engine_stop,clo_+0.1,static,14,0.5,0.5,0,,,,,,12
c182,throttle_step,inertia_x1.6,dynamic,7,0.7142857142857143,1.0,7,1.0,1.0,1.0,1.0,1.0,0
c182,throttle_step,inertia_x1.6,static,7,0.5714285714285714,0.7142857142857143,7,1.0,1.0,1.0,,,0
c182,throttle_step,cmq_x0.5,dynamic,18,0.8888888888888888,1.0,18,1.0,1.0,1.0,1.0,1.0,0
c182,throttle_step,cmq_x0.5,static,18,0.3333333333333333,0.7777777777777778,18,1.0,1.0,1.0,,,0
c182,throttle_step,cmalpha_x0.7,dynamic,15,0.7333333333333333,0.9333333333333333,15,1.0,1.0,1.0,1.0,1.0,0
c182,throttle_step,cmalpha_x0.7,static,15,0.3333333333333333,0.5333333333333333,15,1.0,1.0,1.0,,,0
c182,throttle_step,clo_+0.1,dynamic,17,0.8823529411764706,0.8823529411764706,17,1.0,1.0,1.0,0.9411764705882353,0.9588235294117647,17
c182,throttle_step,clo_+0.1,static,17,0.8823529411764706,0.8823529411764706,17,1.0,1.0,1.0,,,17
c182,elev_doublet,inertia_x1.6,dynamic,5,0.0,0.6,5,1.0,1.0,1.0,0.8,0.36,0
c182,elev_doublet,inertia_x1.6,static,5,0.0,0.0,5,1.0,1.0,1.0,,,0
c182,elev_doublet,cmq_x0.5,dynamic,3,0.0,1.0,3,1.0,1.0,1.0,1.0,0.4333333333333333,0
c182,elev_doublet,cmq_x0.5,static,3,0.0,0.3333333333333333,3,1.0,1.0,1.0,,,0
c182,elev_doublet,cmalpha_x0.7,dynamic,0,,,0,,,,,,0
c182,elev_doublet,cmalpha_x0.7,static,0,,,0,,,,,,0
c182,elev_doublet,clo_+0.1,dynamic,17,0.23529411764705882,0.7058823529411765,17,1.0,1.0,1.0,1.0,0.6705882352941176,17
c182,elev_doublet,clo_+0.1,static,17,0.29411764705882354,0.5882352941176471,17,1.0,1.0,1.0,,,17
c182,elev_step,inertia_x1.6,dynamic,2,0.0,0.5,2,1.0,1.0,1.0,1.0,0.25,0
c182,elev_step,inertia_x1.6,static,2,0.0,0.5,2,1.0,1.0,1.0,,,0
c182,elev_step,cmq_x0.5,dynamic,15,0.8666666666666667,1.0,15,1.0,1.0,1.0,1.0,0.48666666666666664,0
c182,elev_step,cmq_x0.5,static,15,0.26666666666666666,0.8666666666666667,15,1.0,1.0,1.0,,,0
c182,elev_step,cmalpha_x0.7,dynamic,12,0.4166666666666667,0.5833333333333334,12,1.0,1.0,1.0,1.0,0.375,0
c182,elev_step,cmalpha_x0.7,static,12,0.25,0.9166666666666666,12,1.0,1.0,1.0,,,0
c182,elev_step,clo_+0.1,dynamic,15,0.6,0.7333333333333333,15,1.0,1.0,1.0,1.0,0.38666666666666666,15
c182,elev_step,clo_+0.1,static,15,0.3333333333333333,0.5333333333333333,15,1.0,1.0,1.0,,,15
c182,aileron_step,inertia_x1.6,dynamic,7,0.14285714285714285,0.7142857142857143,7,1.0,1.0,1.0,1.0,0.21428571428571427,0
c182,aileron_step,inertia_x1.6,static,7,0.14285714285714285,0.7142857142857143,7,1.0,1.0,1.0,,,0
c182,aileron_step,cmq_x0.5,dynamic,8,0.125,1.0,8,1.0,1.0,1.0,0.875,0.15000000000000002,0
c182,aileron_step,cmq_x0.5,static,8,0.125,0.5,8,1.0,1.0,1.0,,,0
c182,aileron_step,cmalpha_x0.7,dynamic,6,0.5,1.0,6,1.0,1.0,1.0,0.5,0.18333333333333332,0
c182,aileron_step,cmalpha_x0.7,static,6,0.16666666666666666,0.5,6,1.0,1.0,1.0,,,0
c182,aileron_step,clo_+0.1,dynamic,21,0.5238095238095238,0.7619047619047619,21,1.0,1.0,1.0,0.9047619047619048,0.280952380952381,21
c182,aileron_step,clo_+0.1,static,21,0.2857142857142857,0.5238095238095238,21,1.0,1.0,1.0,,,21
c182,rudder_doublet,inertia_x1.6,dynamic,15,0.26666666666666666,0.7333333333333333,15,1.0,1.0,1.0,0.8666666666666667,0.42,0
c182,rudder_doublet,inertia_x1.6,static,15,0.13333333333333333,0.6666666666666666,15,1.0,1.0,1.0,,,0
c182,rudder_doublet,cmq_x0.5,dynamic,10,0.4,0.8,10,1.0,1.0,1.0,0.9,0.48,0
c182,rudder_doublet,cmq_x0.5,static,10,0.0,0.2,10,1.0,1.0,1.0,,,0
c182,rudder_doublet,cmalpha_x0.7,dynamic,9,0.2222222222222222,0.6666666666666666,9,1.0,1.0,1.0,0.8888888888888888,0.3222222222222222,0
c182,rudder_doublet,cmalpha_x0.7,static,9,0.2222222222222222,0.8888888888888888,9,1.0,1.0,1.0,,,0
c182,rudder_doublet,clo_+0.1,dynamic,18,0.7777777777777778,0.8888888888888888,18,1.0,1.0,1.0,1.0,0.3222222222222222,18
c182,rudder_doublet,clo_+0.1,static,18,0.6666666666666666,0.8888888888888888,18,1.0,1.0,1.0,,,18
c182,bank_hold,inertia_x1.6,dynamic,7,0.2857142857142857,0.7142857142857143,7,1.0,1.0,1.0,1.0,0.2571428571428572,0
c182,bank_hold,inertia_x1.6,static,7,0.0,0.7142857142857143,7,1.0,1.0,1.0,,,0
c182,bank_hold,cmq_x0.5,dynamic,4,0.5,1.0,4,1.0,1.0,1.0,1.0,0.3,0
c182,bank_hold,cmq_x0.5,static,4,0.25,0.75,4,1.0,1.0,1.0,,,0
c182,bank_hold,cmalpha_x0.7,dynamic,1,0.0,1.0,1,1.0,1.0,1.0,1.0,0.6,0
c182,bank_hold,cmalpha_x0.7,static,1,1.0,1.0,1,1.0,1.0,1.0,,,0
c182,bank_hold,clo_+0.1,dynamic,19,0.5789473684210527,0.7368421052631579,17,1.0,1.0,1.0,0.8235294117647058,0.48235294117647054,17
c182,bank_hold,clo_+0.1,static,19,0.15789473684210525,0.5263157894736842,17,1.0,1.0,1.0,,,17
c182,climbing_turn,inertia_x1.6,dynamic,7,0.42857142857142855,1.0,7,0.14285714285714285,0.0,0.0,0.8571428571428571,0.15714285714285717,0
c182,climbing_turn,inertia_x1.6,static,7,0.14285714285714285,0.42857142857142855,7,0.2857142857142857,0.0,0.0,,,0
c182,climbing_turn,cmq_x0.5,dynamic,15,0.8,1.0,15,0.4666666666666667,0.6666666666666666,0.6666666666666666,0.9333333333333333,0.19333333333333333,0
c182,climbing_turn,cmq_x0.5,static,15,0.5333333333333333,0.7333333333333333,15,0.3333333333333333,0.6666666666666666,0.6666666666666666,,,0
c182,climbing_turn,cmalpha_x0.7,dynamic,15,0.6666666666666666,0.9333333333333333,15,0.6,0.6,0.6,1.0,0.2933333333333333,0
c182,climbing_turn,cmalpha_x0.7,static,15,0.26666666666666666,0.7333333333333333,15,0.6,0.6,0.6,,,0
c182,climbing_turn,clo_+0.1,dynamic,18,0.8888888888888888,1.0,18,0.5,0.6111111111111112,0.6111111111111112,0.9444444444444444,0.3111111111111111,18
c182,climbing_turn,clo_+0.1,static,18,0.6111111111111112,0.8333333333333334,18,0.5555555555555556,0.6111111111111112,0.6111111111111112,,,18
c182,elev_doublet_distractor,inertia_x1.6,dynamic,8,0.25,0.875,8,0.375,0.125,0.125,1.0,0.1625,0
c182,elev_doublet_distractor,inertia_x1.6,static,8,0.0,0.25,8,0.875,0.125,0.125,,,0
c182,elev_doublet_distractor,cmq_x0.5,dynamic,2,0.5,1.0,2,0.5,1.0,1.0,1.0,0.1,0
c182,elev_doublet_distractor,cmq_x0.5,static,2,0.0,1.0,2,0.0,1.0,1.0,,,0
c182,elev_doublet_distractor,cmalpha_x0.7,dynamic,4,0.75,1.0,4,1.0,1.0,1.0,1.0,0.375,0
c182,elev_doublet_distractor,cmalpha_x0.7,static,4,0.0,0.25,4,1.0,1.0,1.0,,,0
c182,elev_doublet_distractor,clo_+0.1,dynamic,17,0.7647058823529411,0.8823529411764706,17,0.4117647058823529,0.5882352941176471,0.5882352941176471,0.8823529411764706,0.6235294117647059,17
c182,elev_doublet_distractor,clo_+0.1,static,17,0.4117647058823529,0.6470588235294118,17,0.47058823529411764,0.5882352941176471,0.5882352941176471,,,17
c182,engine_stop,inertia_x1.6,dynamic,4,0.0,0.0,4,1.0,1.0,1.0,1.0,1.0,0
c182,engine_stop,inertia_x1.6,static,4,0.0,0.25,0,,,,,,0
c182,engine_stop,cmq_x0.5,dynamic,16,0.4375,1.0,16,1.0,1.0,1.0,1.0,1.0,0
c182,engine_stop,cmq_x0.5,static,16,0.1875,0.5625,0,,,,,,0
c182,engine_stop,cmalpha_x0.7,dynamic,9,0.1111111111111111,0.4444444444444444,9,1.0,1.0,1.0,1.0,1.0,0
c182,engine_stop,cmalpha_x0.7,static,9,0.0,0.1111111111111111,0,,,,,,0
c182,engine_stop,clo_+0.1,dynamic,19,0.7368421052631579,0.9473684210526315,19,1.0,1.0,1.0,0.9473684210526315,1.0,19
c182,engine_stop,clo_+0.1,static,19,0.5263157894736842,0.5789473684210527,0,,,,,,19
c310,throttle_step,inertia_x1.6,dynamic,0,,,0,,,,,,0
c310,throttle_step,inertia_x1.6,static,0,,,0,,,,,,0
c310,throttle_step,cmq_x0.5,dynamic,16,0.875,1.0,16,1.0,1.0,1.0,1.0,1.0,0
c310,throttle_step,cmq_x0.5,static,16,0.5,0.75,16,1.0,1.0,1.0,,,0
c310,throttle_step,cmalpha_x0.7,dynamic,12,0.5,1.0,12,1.0,1.0,1.0,1.0,1.0,12
c310,throttle_step,cmalpha_x0.7,static,12,0.16666666666666666,0.25,12,1.0,1.0,1.0,,,12
c310,throttle_step,clo_+0.1,dynamic,7,0.7142857142857143,0.8571428571428571,7,1.0,1.0,1.0,1.0,1.0,7
c310,throttle_step,clo_+0.1,static,7,0.0,0.42857142857142855,7,1.0,1.0,1.0,,,7
c310,elev_doublet,inertia_x1.6,dynamic,0,,,0,,,,,,0
c310,elev_doublet,inertia_x1.6,static,0,,,0,,,,,,0
c310,elev_doublet,cmq_x0.5,dynamic,11,0.8181818181818182,1.0,11,1.0,1.0,1.0,1.0,0.24242424242424246,0
c310,elev_doublet,cmq_x0.5,static,11,0.36363636363636365,0.5454545454545454,11,1.0,1.0,1.0,,,0
c310,elev_doublet,cmalpha_x0.7,dynamic,10,0.6,0.9,10,1.0,1.0,1.0,0.9,0.4666666666666666,0
c310,elev_doublet,cmalpha_x0.7,static,10,0.6,0.7,10,1.0,1.0,1.0,,,0
c310,elev_doublet,clo_+0.1,dynamic,4,0.5,0.75,4,1.0,1.0,1.0,1.0,0.475,4
c310,elev_doublet,clo_+0.1,static,4,0.5,0.5,4,1.0,1.0,1.0,,,4
c310,elev_step,inertia_x1.6,dynamic,0,,,0,,,,,,0
c310,elev_step,inertia_x1.6,static,0,,,0,,,,,,0
c310,elev_step,cmq_x0.5,dynamic,10,1.0,1.0,10,1.0,1.0,1.0,1.0,0.34444444444444444,0
c310,elev_step,cmq_x0.5,static,10,0.2,0.3,10,1.0,1.0,1.0,,,0
c310,elev_step,cmalpha_x0.7,dynamic,9,0.5555555555555556,1.0,9,1.0,1.0,1.0,1.0,0.4938271604938271,0
c310,elev_step,cmalpha_x0.7,static,9,0.6666666666666666,1.0,9,1.0,1.0,1.0,,,0
c310,elev_step,clo_+0.1,dynamic,7,0.14285714285714285,0.8571428571428571,7,1.0,1.0,1.0,1.0,0.38095238095238093,7
c310,elev_step,clo_+0.1,static,7,0.42857142857142855,0.8571428571428571,7,1.0,1.0,1.0,,,7
c310,aileron_step,inertia_x1.6,dynamic,0,,,0,,,,,,0
c310,aileron_step,inertia_x1.6,static,0,,,0,,,,,,0
c310,aileron_step,cmq_x0.5,dynamic,10,0.7,1.0,10,1.0,1.0,1.0,0.4,0.24,0
c310,aileron_step,cmq_x0.5,static,10,0.4,0.8,10,1.0,1.0,1.0,,,0
c310,aileron_step,cmalpha_x0.7,dynamic,7,0.5714285714285714,1.0,7,1.0,1.0,1.0,1.0,0.3714285714285714,7
c310,aileron_step,cmalpha_x0.7,static,7,0.14285714285714285,0.8571428571428571,7,1.0,1.0,1.0,,,7
c310,aileron_step,clo_+0.1,dynamic,9,0.7777777777777778,0.7777777777777778,9,1.0,1.0,1.0,0.8888888888888888,0.4444444444444444,9
c310,aileron_step,clo_+0.1,static,9,0.4444444444444444,0.7777777777777778,9,1.0,1.0,1.0,,,9
c310,rudder_doublet,inertia_x1.6,dynamic,2,0.0,0.5,2,1.0,1.0,1.0,1.0,0.5,0
c310,rudder_doublet,inertia_x1.6,static,2,0.0,0.0,2,1.0,1.0,1.0,,,0
c310,rudder_doublet,cmq_x0.5,dynamic,8,1.0,1.0,8,1.0,1.0,1.0,1.0,0.3,0
c310,rudder_doublet,cmq_x0.5,static,8,0.375,0.75,8,1.0,1.0,1.0,,,0
c310,rudder_doublet,cmalpha_x0.7,dynamic,4,0.5,1.0,4,1.0,1.0,1.0,1.0,0.5,4
c310,rudder_doublet,cmalpha_x0.7,static,4,0.0,0.25,4,1.0,1.0,1.0,,,4
c310,rudder_doublet,clo_+0.1,dynamic,8,0.5,0.875,8,1.0,1.0,1.0,1.0,0.1875,8
c310,rudder_doublet,clo_+0.1,static,8,0.375,0.875,8,1.0,1.0,1.0,,,8
c310,bank_hold,inertia_x1.6,dynamic,2,0.0,1.0,2,1.0,1.0,1.0,1.0,0.6,0
c310,bank_hold,inertia_x1.6,static,2,0.0,1.0,2,1.0,1.0,1.0,,,0
c310,bank_hold,cmq_x0.5,dynamic,7,0.5714285714285714,1.0,7,1.0,1.0,1.0,0.8571428571428571,0.39999999999999997,0
c310,bank_hold,cmq_x0.5,static,7,0.14285714285714285,0.8571428571428571,7,1.0,1.0,1.0,,,0
c310,bank_hold,cmalpha_x0.7,dynamic,8,0.875,1.0,8,1.0,1.0,1.0,1.0,0.325,8
c310,bank_hold,cmalpha_x0.7,static,8,0.625,0.75,8,1.0,1.0,1.0,,,8
c310,bank_hold,clo_+0.1,dynamic,5,1.0,1.0,5,1.0,1.0,1.0,0.6,0.38,5
c310,bank_hold,clo_+0.1,static,5,0.6,1.0,5,1.0,1.0,1.0,,,5
c310,flap_extend,inertia_x1.6,dynamic,4,0.0,1.0,4,1.0,1.0,1.0,1.0,0.44999999999999996,0
c310,flap_extend,inertia_x1.6,static,4,0.0,0.5,4,1.0,1.0,1.0,,,0
c310,flap_extend,cmq_x0.5,dynamic,11,0.5454545454545454,1.0,11,1.0,1.0,1.0,1.0,0.5818181818181818,0
c310,flap_extend,cmq_x0.5,static,11,0.18181818181818182,0.8181818181818182,11,1.0,1.0,1.0,,,0
c310,flap_extend,cmalpha_x0.7,dynamic,14,0.5714285714285714,0.7857142857142857,14,1.0,1.0,1.0,0.7857142857142857,0.5428571428571428,14
c310,flap_extend,cmalpha_x0.7,static,14,0.35714285714285715,0.6428571428571429,14,1.0,1.0,1.0,,,14
c310,flap_extend,clo_+0.1,dynamic,7,0.42857142857142855,0.42857142857142855,7,1.0,1.0,1.0,1.0,0.4714285714285714,7
c310,flap_extend,clo_+0.1,static,7,0.5714285714285714,0.5714285714285714,7,1.0,1.0,1.0,,,7
c310,engine_cut,inertia_x1.6,dynamic,4,0.0,0.5,4,1.0,1.0,1.0,1.0,1.0,0
c310,engine_cut,inertia_x1.6,static,4,0.0,0.25,0,,,,,,0
c310,engine_cut,cmq_x0.5,dynamic,19,0.8421052631578947,1.0,19,1.0,1.0,1.0,1.0,1.0,0
c310,engine_cut,cmq_x0.5,static,19,0.5263157894736842,0.5263157894736842,0,,,,,,0
c310,engine_cut,cmalpha_x0.7,dynamic,14,0.6428571428571429,0.8571428571428571,14,1.0,1.0,1.0,1.0,1.0,14
c310,engine_cut,cmalpha_x0.7,static,14,0.21428571428571427,0.2857142857142857,0,,,,,,14
c310,engine_cut,clo_+0.1,dynamic,19,0.7368421052631579,0.7894736842105263,19,1.0,1.0,1.0,1.0,1.0,19
c310,engine_cut,clo_+0.1,static,19,0.47368421052631576,0.47368421052631576,0,,,,,,19
c310,climbing_turn,inertia_x1.6,dynamic,2,0.0,1.0,2,0.5,0.0,0.0,0.0,0.25,0
c310,climbing_turn,inertia_x1.6,static,2,0.0,1.0,2,1.0,0.0,0.0,,,0
c310,climbing_turn,cmq_x0.5,dynamic,19,0.6842105263157895,0.9473684210526315,19,0.5789473684210527,0.6842105263157895,0.6842105263157895,0.3684210526315789,0.15263157894736845,0
c310,climbing_turn,cmq_x0.5,static,19,0.3684210526315789,0.6842105263157895,19,0.5263157894736842,0.6842105263157895,0.6842105263157895,,,0
c310,climbing_turn,cmalpha_x0.7,dynamic,13,0.6923076923076923,0.7692307692307693,13,0.8461538461538461,0.8461538461538461,0.8461538461538461,0.23076923076923078,0.34615384615384615,0
c310,climbing_turn,cmalpha_x0.7,static,13,0.15384615384615385,0.3076923076923077,13,0.8461538461538461,0.8461538461538461,0.8461538461538461,,,0
c310,climbing_turn,clo_+0.1,dynamic,16,0.8125,0.9375,16,0.625,0.5625,0.5625,0.375,0.21875,16
c310,climbing_turn,clo_+0.1,static,16,0.8125,0.875,16,0.5625,0.5625,0.5625,,,16
c310,elev_doublet_distractor,inertia_x1.6,dynamic,2,0.0,0.0,2,1.0,0.0,0.0,1.0,0.05555555555555555,0
c310,elev_doublet_distractor,inertia_x1.6,static,2,0.0,0.0,2,1.0,0.0,0.0,,,0
c310,elev_doublet_distractor,cmq_x0.5,dynamic,12,0.75,0.8333333333333334,12,0.16666666666666666,0.8333333333333334,0.8333333333333334,0.75,0.05555555555555555,0
c310,elev_doublet_distractor,cmq_x0.5,static,12,0.16666666666666666,0.5833333333333334,12,0.25,0.8333333333333334,0.8333333333333334,,,0
c310,elev_doublet_distractor,cmalpha_x0.7,dynamic,14,0.6428571428571429,0.7142857142857143,14,0.7142857142857143,0.7142857142857143,0.7142857142857143,0.7857142857142857,0.12698412698412698,0
c310,elev_doublet_distractor,cmalpha_x0.7,static,14,0.5,0.5714285714285714,14,0.7142857142857143,0.7142857142857143,0.7142857142857143,,,0
c310,elev_doublet_distractor,clo_+0.1,dynamic,10,0.4,1.0,10,0.5,0.6,0.6,0.6,0.04,10
c310,elev_doublet_distractor,clo_+0.1,static,10,0.3,0.8,10,0.4,0.6,0.6,,,10
c310,engine_stop,inertia_x1.6,dynamic,0,,,0,,,,,,0
c310,engine_stop,inertia_x1.6,static,0,,,0,,,,,,0
c310,engine_stop,cmq_x0.5,dynamic,10,1.0,1.0,10,1.0,1.0,1.0,1.0,1.0,0
c310,engine_stop,cmq_x0.5,static,10,0.7,1.0,0,,,,,,0
c310,engine_stop,cmalpha_x0.7,dynamic,8,0.5,1.0,8,1.0,1.0,1.0,1.0,1.0,8
c310,engine_stop,cmalpha_x0.7,static,8,0.25,0.625,0,,,,,,8
c310,engine_stop,clo_+0.1,dynamic,5,1.0,1.0,5,1.0,1.0,1.0,1.0,1.0,5
c310,engine_stop,clo_+0.1,static,5,0.2,0.2,0,,,,,,5
f15,throttle_step,inertia_x1.6,dynamic,4,0.25,1.0,4,0.75,1.0,1.0,0.25,0.6249999999999999,0
f15,throttle_step,inertia_x1.6,static,4,0.0,1.0,4,1.0,1.0,1.0,,,0
f15,throttle_step,cmq_x0.5,dynamic,5,0.2,1.0,5,0.6,1.0,1.0,0.4,0.5599999999999999,0
f15,throttle_step,cmq_x0.5,static,5,0.0,0.8,5,0.8,1.0,1.0,,,0
f15,throttle_step,cmalpha_x0.7,dynamic,18,0.7777777777777778,0.8888888888888888,16,0.0,1.0,1.0,0.9375,0.9625,16
f15,throttle_step,cmalpha_x0.7,static,18,0.7222222222222222,0.7777777777777778,16,0.0,1.0,1.0,,,16
f15,throttle_step,clo_+0.1,dynamic,20,0.9,0.9,18,0.0,1.0,1.0,1.0,0.9555555555555555,18
f15,throttle_step,clo_+0.1,static,20,0.8,0.9,18,0.1111111111111111,1.0,1.0,,,18
f15,elev_doublet,inertia_x1.6,dynamic,9,0.0,0.5555555555555556,9,1.0,1.0,1.0,0.7777777777777778,0.4444444444444444,0
f15,elev_doublet,inertia_x1.6,static,9,0.0,0.8888888888888888,9,1.0,1.0,1.0,,,0
f15,elev_doublet,cmq_x0.5,dynamic,7,0.0,0.8571428571428571,7,1.0,1.0,1.0,0.7142857142857143,0.5142857142857143,0
f15,elev_doublet,cmq_x0.5,static,7,0.0,0.7142857142857143,7,1.0,1.0,1.0,,,0
f15,elev_doublet,cmalpha_x0.7,dynamic,15,0.2,0.6666666666666666,15,1.0,1.0,1.0,0.7333333333333333,0.7466666666666666,15
f15,elev_doublet,cmalpha_x0.7,static,15,0.26666666666666666,0.6666666666666666,14,1.0,1.0,1.0,,,14
f15,elev_doublet,clo_+0.1,dynamic,20,0.35,0.6,18,1.0,1.0,1.0,0.6666666666666666,0.9888888888888889,18
f15,elev_doublet,clo_+0.1,static,20,0.5,0.75,15,1.0,1.0,1.0,,,15
f15,elev_step,inertia_x1.6,dynamic,8,0.0,0.25,8,1.0,1.0,1.0,1.0,0.525,0
f15,elev_step,inertia_x1.6,static,8,0.0,0.0,8,1.0,1.0,1.0,,,0
f15,elev_step,cmq_x0.5,dynamic,8,0.25,0.5,8,1.0,1.0,1.0,1.0,0.6499999999999999,0
f15,elev_step,cmq_x0.5,static,8,0.125,0.125,8,1.0,1.0,1.0,,,0
f15,elev_step,cmalpha_x0.7,dynamic,14,0.5714285714285714,0.9285714285714286,14,1.0,1.0,1.0,0.8571428571428571,0.5785714285714285,14
f15,elev_step,cmalpha_x0.7,static,14,0.21428571428571427,0.5714285714285714,14,1.0,1.0,1.0,,,14
f15,elev_step,clo_+0.1,dynamic,21,0.5714285714285714,0.7142857142857143,20,1.0,1.0,1.0,0.95,0.8150000000000001,20
f15,elev_step,clo_+0.1,static,21,0.38095238095238093,0.38095238095238093,18,1.0,1.0,1.0,,,18
f15,aileron_step,inertia_x1.6,dynamic,3,0.0,0.0,3,0.3333333333333333,1.0,1.0,0.6666666666666666,0.13333333333333333,0
f15,aileron_step,inertia_x1.6,static,3,0.0,0.6666666666666666,3,0.6666666666666666,1.0,1.0,,,0
f15,aileron_step,cmq_x0.5,dynamic,3,0.0,0.3333333333333333,3,0.3333333333333333,1.0,1.0,0.6666666666666666,0.03333333333333333,0
f15,aileron_step,cmq_x0.5,static,3,0.0,0.6666666666666666,3,1.0,1.0,1.0,,,0
f15,aileron_step,cmalpha_x0.7,dynamic,19,0.6842105263157895,0.9473684210526315,19,1.0,1.0,1.0,0.7894736842105263,0.3684210526315789,19
f15,aileron_step,cmalpha_x0.7,static,19,0.9473684210526315,0.9473684210526315,19,1.0,1.0,1.0,,,19
f15,aileron_step,clo_+0.1,dynamic,22,0.5909090909090909,0.8181818181818182,20,0.95,1.0,1.0,1.0,0.49499999999999994,20
f15,aileron_step,clo_+0.1,static,22,0.6818181818181818,0.8181818181818182,20,1.0,1.0,1.0,,,20
f15,rudder_doublet,inertia_x1.6,dynamic,0,,,0,,,,,,0
f15,rudder_doublet,inertia_x1.6,static,0,,,0,,,,,,0
f15,rudder_doublet,cmq_x0.5,dynamic,0,,,0,,,,,,0
f15,rudder_doublet,cmq_x0.5,static,0,,,0,,,,,,0
f15,rudder_doublet,cmalpha_x0.7,dynamic,11,0.9090909090909091,1.0,11,1.0,1.0,1.0,1.0,0.4636363636363637,11
f15,rudder_doublet,cmalpha_x0.7,static,11,0.9090909090909091,1.0,11,1.0,1.0,1.0,,,11
f15,rudder_doublet,clo_+0.1,dynamic,20,0.7,0.8,20,1.0,1.0,1.0,1.0,0.67,20
f15,rudder_doublet,clo_+0.1,static,20,0.55,0.65,20,1.0,1.0,1.0,,,20
f15,bank_hold,inertia_x1.6,dynamic,2,0.0,0.0,2,0.0,1.0,1.0,0.5,0.05,0
f15,bank_hold,inertia_x1.6,static,2,0.0,0.5,2,0.0,1.0,1.0,,,0
f15,bank_hold,cmq_x0.5,dynamic,1,0.0,1.0,1,1.0,1.0,1.0,0.0,0.0,0
f15,bank_hold,cmq_x0.5,static,1,0.0,1.0,1,1.0,1.0,1.0,,,0
f15,bank_hold,cmalpha_x0.7,dynamic,14,0.42857142857142855,0.8571428571428571,14,0.07142857142857142,1.0,1.0,0.42857142857142855,0.9571428571428572,14
f15,bank_hold,cmalpha_x0.7,static,14,0.5714285714285714,0.7857142857142857,14,0.07142857142857142,1.0,1.0,,,14
f15,bank_hold,clo_+0.1,dynamic,18,0.6111111111111112,0.7222222222222222,17,0.058823529411764705,1.0,1.0,0.7647058823529411,0.9176470588235294,17
f15,bank_hold,clo_+0.1,static,18,0.6111111111111112,0.7777777777777778,16,0.0,1.0,1.0,,,16
f15,flap_extend,inertia_x1.6,dynamic,3,0.0,0.6666666666666666,3,1.0,1.0,1.0,1.0,1.0,0
f15,flap_extend,inertia_x1.6,static,3,0.3333333333333333,1.0,3,1.0,1.0,1.0,,,0
f15,flap_extend,cmq_x0.5,dynamic,3,0.3333333333333333,0.6666666666666666,3,1.0,1.0,1.0,1.0,1.0,0
f15,flap_extend,cmq_x0.5,static,3,1.0,1.0,3,1.0,1.0,1.0,,,0
f15,flap_extend,cmalpha_x0.7,dynamic,18,0.4444444444444444,0.5,16,1.0,1.0,1.0,0.625,0.86875,16
f15,flap_extend,cmalpha_x0.7,static,18,0.3333333333333333,0.5555555555555556,16,1.0,1.0,1.0,,,16
f15,flap_extend,clo_+0.1,dynamic,20,0.55,0.6,16,1.0,1.0,1.0,0.6875,0.9624999999999999,16
f15,flap_extend,clo_+0.1,static,20,0.3,0.55,15,1.0,1.0,1.0,,,15
f15,engine_cut,inertia_x1.6,dynamic,2,0.0,0.5,2,0.0,1.0,1.0,0.5,0.35,0
f15,engine_cut,inertia_x1.6,static,2,0.0,1.0,2,0.0,1.0,1.0,,,0
f15,engine_cut,cmq_x0.5,dynamic,4,0.25,0.75,4,0.25,1.0,1.0,0.5,0.375,0
f15,engine_cut,cmq_x0.5,static,4,0.25,0.75,4,0.0,1.0,1.0,,,0
f15,engine_cut,cmalpha_x0.7,dynamic,22,0.8181818181818182,1.0,22,0.36363636363636365,1.0,1.0,0.7272727272727273,0.4954545454545455,22
f15,engine_cut,cmalpha_x0.7,static,22,0.9545454545454546,0.9545454545454546,22,0.0,1.0,1.0,,,22
f15,engine_cut,clo_+0.1,dynamic,22,0.9090909090909091,0.9090909090909091,20,0.35,1.0,1.0,0.9,0.6,20
f15,engine_cut,clo_+0.1,static,22,0.8636363636363636,0.8636363636363636,20,0.0,1.0,1.0,,,20
f15,climbing_turn,inertia_x1.6,dynamic,2,0.0,0.0,2,0.0,1.0,1.0,0.5,0.0,0
f15,climbing_turn,inertia_x1.6,static,2,0.0,0.5,2,0.0,1.0,1.0,,,0
f15,climbing_turn,cmq_x0.5,dynamic,1,0.0,0.0,1,1.0,1.0,1.0,1.0,0.0,0
f15,climbing_turn,cmq_x0.5,static,1,0.0,1.0,1,0.0,1.0,1.0,,,0
f15,climbing_turn,cmalpha_x0.7,dynamic,19,0.631578947368421,0.8421052631578947,19,0.42105263157894735,0.631578947368421,0.631578947368421,0.8421052631578947,0.5210526315789474,19
f15,climbing_turn,cmalpha_x0.7,static,19,0.7368421052631579,0.8421052631578947,19,0.5263157894736842,0.631578947368421,0.631578947368421,,,19
f15,climbing_turn,clo_+0.1,dynamic,22,0.7727272727272727,0.9545454545454546,22,0.13636363636363635,0.5909090909090909,0.5909090909090909,0.7272727272727273,0.7136363636363637,22
f15,climbing_turn,clo_+0.1,static,22,0.8181818181818182,0.9090909090909091,20,0.5,0.55,0.55,,,20
f15,elev_doublet_distractor,inertia_x1.6,dynamic,5,0.0,0.4,5,0.2,1.0,1.0,1.0,0.32,0
f15,elev_doublet_distractor,inertia_x1.6,static,5,0.0,0.6,5,0.2,1.0,1.0,,,0
f15,elev_doublet_distractor,cmq_x0.5,dynamic,3,0.0,0.0,3,0.3333333333333333,1.0,1.0,1.0,0.2333333333333333,0
f15,elev_doublet_distractor,cmq_x0.5,static,3,0.0,0.3333333333333333,3,0.3333333333333333,1.0,1.0,,,0
f15,elev_doublet_distractor,cmalpha_x0.7,dynamic,17,0.47058823529411764,0.6470588235294118,17,0.8823529411764706,0.5882352941176471,0.5882352941176471,0.8235294117647058,0.6176470588235293,17
f15,elev_doublet_distractor,cmalpha_x0.7,static,17,0.5882352941176471,0.8235294117647058,17,0.7058823529411765,0.5882352941176471,0.5882352941176471,,,17
f15,elev_doublet_distractor,clo_+0.1,dynamic,20,0.5,0.6,19,0.631578947368421,0.631578947368421,0.631578947368421,0.9473684210526315,0.8210526315789475,19
f15,elev_doublet_distractor,clo_+0.1,static,20,0.65,0.75,17,0.8823529411764706,0.5882352941176471,0.5882352941176471,,,17
f15,engine_restart,inertia_x1.6,dynamic,2,0.5,1.0,2,0.5,1.0,1.0,1.0,0.4,0
f15,engine_restart,inertia_x1.6,static,2,0.0,0.5,2,0.0,1.0,1.0,,,0
f15,engine_restart,cmq_x0.5,dynamic,7,0.42857142857142855,1.0,7,0.42857142857142855,1.0,1.0,0.2857142857142857,0.35714285714285715,0
f15,engine_restart,cmq_x0.5,static,7,0.0,0.8571428571428571,7,0.14285714285714285,1.0,1.0,,,0
f15,engine_restart,cmalpha_x0.7,dynamic,22,0.9545454545454546,1.0,22,0.2727272727272727,1.0,1.0,0.6818181818181818,0.4454545454545454,22
f15,engine_restart,cmalpha_x0.7,static,22,0.9090909090909091,0.9090909090909091,22,0.0,1.0,1.0,,,22
f15,engine_restart,clo_+0.1,dynamic,22,1.0,1.0,22,0.13636363636363635,1.0,1.0,0.6818181818181818,0.8181818181818182,22
f15,engine_restart,clo_+0.1,static,22,0.9090909090909091,0.9090909090909091,20,0.0,1.0,1.0,,,20
f16,throttle_step,inertia_x1.6,dynamic,1,0.0,1.0,1,1.0,1.0,1.0,0.0,1.0,0
f16,throttle_step,inertia_x1.6,static,1,0.0,1.0,1,1.0,1.0,1.0,,,0
f16,throttle_step,cmq_x0.5,dynamic,1,0.0,1.0,1,1.0,1.0,1.0,0.0,1.0,0
f16,throttle_step,cmq_x0.5,static,1,0.0,1.0,1,1.0,1.0,1.0,,,0
f16,throttle_step,cmalpha_x0.7,dynamic,8,0.625,0.875,8,0.625,1.0,1.0,0.25,0.18750000000000003,0
f16,throttle_step,cmalpha_x0.7,static,8,0.75,0.75,8,0.0,1.0,1.0,,,0
f16,throttle_step,clo_+0.1,dynamic,20,0.95,0.95,19,0.21052631578947367,1.0,1.0,0.3684210526315789,0.5631578947368421,19
f16,throttle_step,clo_+0.1,static,20,0.9,0.9,19,0.0,1.0,1.0,,,19
f16,elev_doublet,inertia_x1.6,dynamic,1,0.0,1.0,1,1.0,1.0,1.0,0.0,0.2,0
f16,elev_doublet,inertia_x1.6,static,1,0.0,1.0,1,1.0,1.0,1.0,,,0
f16,elev_doublet,cmq_x0.5,dynamic,0,,,0,,,,,,0
f16,elev_doublet,cmq_x0.5,static,0,,,0,,,,,,0
f16,elev_doublet,cmalpha_x0.7,dynamic,10,0.0,0.5,10,0.8,1.0,1.0,0.2,0.23000000000000004,0
f16,elev_doublet,cmalpha_x0.7,static,10,0.2,0.5,10,0.3,1.0,1.0,,,0
f16,elev_doublet,clo_+0.1,dynamic,20,0.65,0.85,18,0.16666666666666666,1.0,1.0,0.6666666666666666,0.41111111111111115,18
f16,elev_doublet,clo_+0.1,static,20,0.8,0.9,18,0.0,1.0,1.0,,,18
f16,elev_step,inertia_x1.6,dynamic,0,,,0,,,,,,0
f16,elev_step,inertia_x1.6,static,0,,,0,,,,,,0
f16,elev_step,cmq_x0.5,dynamic,0,,,0,,,,,,0
f16,elev_step,cmq_x0.5,static,0,,,0,,,,,,0
f16,elev_step,cmalpha_x0.7,dynamic,6,0.16666666666666666,0.8333333333333334,6,0.8333333333333334,1.0,1.0,1.0,0.3833333333333333,0
f16,elev_step,cmalpha_x0.7,static,6,0.5,1.0,6,0.8333333333333334,1.0,1.0,,,0
f16,elev_step,clo_+0.1,dynamic,16,0.9375,1.0,16,0.8125,1.0,1.0,0.6875,0.7749999999999999,16
f16,elev_step,clo_+0.1,static,16,0.9375,1.0,16,0.6875,1.0,1.0,,,16
f16,aileron_step,inertia_x1.6,dynamic,0,,,0,,,,,,0
f16,aileron_step,inertia_x1.6,static,0,,,0,,,,,,0
f16,aileron_step,cmq_x0.5,dynamic,1,1.0,1.0,1,0.0,1.0,1.0,0.0,0.3,0
f16,aileron_step,cmq_x0.5,static,1,1.0,1.0,1,0.0,1.0,1.0,,,0
f16,aileron_step,cmalpha_x0.7,dynamic,14,0.9285714285714286,1.0,14,0.9285714285714286,1.0,1.0,0.5714285714285714,0.6571428571428573,0
f16,aileron_step,cmalpha_x0.7,static,14,1.0,1.0,14,0.2857142857142857,1.0,1.0,,,0
f16,aileron_step,clo_+0.1,dynamic,20,0.85,0.95,20,0.75,1.0,1.0,0.75,0.29,20
f16,aileron_step,clo_+0.1,static,20,0.85,0.9,19,0.5789473684210527,1.0,1.0,,,19
f16,rudder_doublet,inertia_x1.6,dynamic,0,,,0,,,,,,0
f16,rudder_doublet,inertia_x1.6,static,0,,,0,,,,,,0
f16,rudder_doublet,cmq_x0.5,dynamic,0,,,0,,,,,,0
f16,rudder_doublet,cmq_x0.5,static,0,,,0,,,,,,0
f16,rudder_doublet,cmalpha_x0.7,dynamic,0,,,0,,,,,,0
f16,rudder_doublet,cmalpha_x0.7,static,0,,,0,,,,,,0
f16,rudder_doublet,clo_+0.1,dynamic,10,0.7,0.7,10,0.0,1.0,1.0,0.4,0.48,10
f16,rudder_doublet,clo_+0.1,static,10,0.6,1.0,10,0.0,1.0,1.0,,,10
f16,flap_extend,inertia_x1.6,dynamic,9,0.6666666666666666,0.8888888888888888,9,0.7777777777777778,1.0,1.0,1.0,0.47777777777777775,0
f16,flap_extend,inertia_x1.6,static,9,0.3333333333333333,1.0,9,0.0,1.0,1.0,,,0
f16,flap_extend,cmq_x0.5,dynamic,0,,,0,,,,,,0
f16,flap_extend,cmq_x0.5,static,0,,,0,,,,,,0
f16,flap_extend,cmalpha_x0.7,dynamic,14,1.0,1.0,14,0.2857142857142857,1.0,1.0,0.42857142857142855,0.2785714285714286,0
f16,flap_extend,cmalpha_x0.7,static,14,0.5714285714285714,0.5714285714285714,14,0.0,1.0,1.0,,,0
f16,flap_extend,clo_+0.1,dynamic,22,0.7272727272727273,0.7272727272727273,18,0.3888888888888889,1.0,1.0,0.6666666666666666,0.3666666666666667,18
f16,flap_extend,clo_+0.1,static,22,0.6818181818181818,0.7272727272727273,18,0.0,1.0,1.0,,,18
f16,elev_doublet_distractor,inertia_x1.6,dynamic,3,0.0,0.3333333333333333,3,0.6666666666666666,1.0,1.0,0.6666666666666666,0.03333333333333333,0
f16,elev_doublet_distractor,inertia_x1.6,static,3,0.0,0.0,3,0.6666666666666666,1.0,1.0,,,0
f16,elev_doublet_distractor,cmq_x0.5,dynamic,5,0.0,0.2,5,0.4,1.0,1.0,1.0,0.27999999999999997,0
f16,elev_doublet_distractor,cmq_x0.5,static,5,0.0,0.2,5,0.2,1.0,1.0,,,0
f16,elev_doublet_distractor,cmalpha_x0.7,dynamic,15,0.13333333333333333,0.8666666666666667,15,0.6,0.8,0.8,0.6,0.12000000000000002,0
f16,elev_doublet_distractor,cmalpha_x0.7,static,15,0.4,0.7333333333333333,15,0.4,0.8,0.8,,,0
f16,elev_doublet_distractor,clo_+0.1,dynamic,21,0.9047619047619048,0.9047619047619048,21,0.42857142857142855,0.6190476190476191,0.6190476190476191,0.5714285714285714,0.5523809523809524,21
f16,elev_doublet_distractor,clo_+0.1,static,21,0.8095238095238095,0.9047619047619048,21,0.5714285714285714,0.6190476190476191,0.6190476190476191,,,21
global5000,throttle_step,inertia_x1.6,dynamic,5,0.4,0.8,5,1.0,1.0,1.0,0.6,0.7999999999999999,0
global5000,throttle_step,inertia_x1.6,static,5,0.0,0.2,5,0.8,1.0,1.0,,,0
global5000,throttle_step,cmq_x0.5,dynamic,7,0.7142857142857143,1.0,7,0.7142857142857143,1.0,1.0,0.5714285714285714,0.48571428571428577,0
global5000,throttle_step,cmq_x0.5,static,7,0.42857142857142855,0.7142857142857143,7,0.5714285714285714,1.0,1.0,,,0
global5000,throttle_step,cmalpha_x0.7,dynamic,21,0.8095238095238095,0.9047619047619048,21,0.6666666666666666,1.0,1.0,0.6190476190476191,0.6666666666666666,21
global5000,throttle_step,cmalpha_x0.7,static,21,0.5238095238095238,0.6190476190476191,21,0.6666666666666666,1.0,1.0,,,21
global5000,throttle_step,clo_+0.1,dynamic,20,0.9,1.0,20,0.8,1.0,1.0,0.65,0.74,20
global5000,throttle_step,clo_+0.1,static,20,0.9,0.9,20,0.8,1.0,1.0,,,20
global5000,elev_doublet,inertia_x1.6,dynamic,8,0.125,0.5,8,0.375,1.0,1.0,0.875,0.15,0
global5000,elev_doublet,inertia_x1.6,static,8,0.0,0.125,8,0.25,1.0,1.0,,,0
global5000,elev_doublet,cmq_x0.5,dynamic,7,0.0,0.5714285714285714,7,0.14285714285714285,1.0,1.0,1.0,0.08571428571428572,0
global5000,elev_doublet,cmq_x0.5,static,7,0.14285714285714285,0.2857142857142857,7,0.42857142857142855,1.0,1.0,,,0
global5000,elev_doublet,cmalpha_x0.7,dynamic,18,0.5,0.8888888888888888,16,1.0,1.0,1.0,0.625,0.41875,16
global5000,elev_doublet,cmalpha_x0.7,static,18,0.2222222222222222,0.7222222222222222,17,1.0,1.0,1.0,,,17
global5000,elev_doublet,clo_+0.1,dynamic,17,0.35294117647058826,0.7058823529411765,15,1.0,1.0,1.0,0.6666666666666666,0.5533333333333333,15
global5000,elev_doublet,clo_+0.1,static,17,0.47058823529411764,0.7058823529411765,15,0.8666666666666667,1.0,1.0,,,15
global5000,elev_step,inertia_x1.6,dynamic,6,0.3333333333333333,1.0,6,1.0,1.0,1.0,1.0,0.4666666666666666,0
global5000,elev_step,inertia_x1.6,static,6,0.16666666666666666,0.3333333333333333,6,1.0,1.0,1.0,,,0
global5000,elev_step,cmq_x0.5,dynamic,9,0.3333333333333333,1.0,9,0.6666666666666666,1.0,1.0,1.0,0.14444444444444446,0
global5000,elev_step,cmq_x0.5,static,9,0.2222222222222222,0.5555555555555556,9,0.7777777777777778,1.0,1.0,,,0
global5000,elev_step,cmalpha_x0.7,dynamic,20,0.85,0.9,20,0.8,1.0,1.0,0.75,0.3950000000000001,20
global5000,elev_step,cmalpha_x0.7,static,20,0.55,1.0,20,0.85,1.0,1.0,,,20
global5000,elev_step,clo_+0.1,dynamic,17,0.7647058823529411,0.9411764705882353,17,0.7058823529411765,1.0,1.0,0.8823529411764706,0.11176470588235292,17
global5000,elev_step,clo_+0.1,static,17,0.7647058823529411,0.8823529411764706,17,0.4117647058823529,1.0,1.0,,,17
global5000,aileron_step,inertia_x1.6,dynamic,3,0.0,0.6666666666666666,3,0.6666666666666666,1.0,1.0,0.3333333333333333,0.3333333333333333,0
global5000,aileron_step,inertia_x1.6,static,3,0.0,1.0,3,1.0,1.0,1.0,,,0
global5000,aileron_step,cmq_x0.5,dynamic,4,0.0,0.75,4,1.0,1.0,1.0,0.25,0.275,0
global5000,aileron_step,cmq_x0.5,static,4,0.25,0.75,4,1.0,1.0,1.0,,,0
global5000,aileron_step,cmalpha_x0.7,dynamic,4,0.25,0.75,4,1.0,1.0,1.0,0.5,0.975,4
global5000,aileron_step,cmalpha_x0.7,static,4,0.25,1.0,4,1.0,1.0,1.0,,,4
global5000,aileron_step,clo_+0.1,dynamic,12,0.75,0.9166666666666666,12,0.75,1.0,1.0,0.3333333333333333,0.2416666666666667,12
global5000,aileron_step,clo_+0.1,static,12,0.5,0.9166666666666666,12,0.75,1.0,1.0,,,12
global5000,rudder_doublet,inertia_x1.6,dynamic,2,0.0,0.5,2,1.0,1.0,1.0,1.0,0.35,0
global5000,rudder_doublet,inertia_x1.6,static,2,0.0,0.0,2,1.0,1.0,1.0,,,0
global5000,rudder_doublet,cmq_x0.5,dynamic,1,0.0,0.0,1,1.0,1.0,1.0,1.0,0.1,0
global5000,rudder_doublet,cmq_x0.5,static,1,1.0,0.0,1,1.0,1.0,1.0,,,0
global5000,rudder_doublet,cmalpha_x0.7,dynamic,6,0.16666666666666666,0.6666666666666666,6,1.0,1.0,1.0,1.0,1.0,6
global5000,rudder_doublet,cmalpha_x0.7,static,6,0.5,0.3333333333333333,6,1.0,1.0,1.0,,,6
global5000,rudder_doublet,clo_+0.1,dynamic,6,0.16666666666666666,0.3333333333333333,6,1.0,1.0,1.0,0.6666666666666666,0.9333333333333332,6
global5000,rudder_doublet,clo_+0.1,static,6,0.16666666666666666,0.3333333333333333,6,1.0,1.0,1.0,,,6
global5000,bank_hold,inertia_x1.6,dynamic,3,0.3333333333333333,0.3333333333333333,3,1.0,1.0,1.0,0.6666666666666666,0.4333333333333333,0
global5000,bank_hold,inertia_x1.6,static,3,0.3333333333333333,0.3333333333333333,3,1.0,1.0,1.0,,,0
global5000,bank_hold,cmq_x0.5,dynamic,5,0.0,1.0,5,0.4,1.0,1.0,0.4,0.24000000000000005,0
global5000,bank_hold,cmq_x0.5,static,5,0.2,0.6,5,0.8,1.0,1.0,,,0
global5000,bank_hold,cmalpha_x0.7,dynamic,7,0.2857142857142857,0.7142857142857143,7,1.0,1.0,1.0,0.8571428571428571,1.0,7
global5000,bank_hold,cmalpha_x0.7,static,7,0.42857142857142855,0.8571428571428571,7,1.0,1.0,1.0,,,7
global5000,bank_hold,clo_+0.1,dynamic,14,0.6428571428571429,0.8571428571428571,14,0.9285714285714286,1.0,1.0,0.5714285714285714,0.8142857142857143,14
global5000,bank_hold,clo_+0.1,static,14,0.42857142857142855,0.7857142857142857,13,0.7692307692307693,1.0,1.0,,,13
global5000,flap_extend,inertia_x1.6,dynamic,7,0.14285714285714285,0.42857142857142855,7,0.8571428571428571,1.0,1.0,0.42857142857142855,0.42857142857142855,0
global5000,flap_extend,inertia_x1.6,static,7,0.2857142857142857,0.5714285714285714,7,1.0,1.0,1.0,,,0
global5000,flap_extend,cmq_x0.5,dynamic,2,0.5,1.0,2,1.0,1.0,1.0,1.0,0.5,0
global5000,flap_extend,cmq_x0.5,static,2,0.0,0.5,2,1.0,1.0,1.0,,,0
global5000,flap_extend,cmalpha_x0.7,dynamic,13,0.6153846153846154,0.7692307692307693,13,0.9230769230769231,1.0,1.0,0.38461538461538464,0.47692307692307695,13
global5000,flap_extend,cmalpha_x0.7,static,13,0.5384615384615384,0.8461538461538461,13,1.0,1.0,1.0,,,13
global5000,flap_extend,clo_+0.1,dynamic,13,0.38461538461538464,0.6153846153846154,13,0.6923076923076923,1.0,1.0,0.46153846153846156,0.4692307692307693,13
global5000,flap_extend,clo_+0.1,static,13,0.46153846153846156,0.6153846153846154,13,0.9230769230769231,1.0,1.0,,,13
global5000,engine_cut,inertia_x1.6,dynamic,7,0.0,0.7142857142857143,7,0.2857142857142857,1.0,1.0,0.7142857142857143,0.4571428571428572,0
global5000,engine_cut,inertia_x1.6,static,7,0.0,0.7142857142857143,7,0.0,1.0,1.0,,,0
global5000,engine_cut,cmq_x0.5,dynamic,10,0.4,0.5,10,0.4,1.0,1.0,0.7,0.4,0
global5000,engine_cut,cmq_x0.5,static,10,0.3,0.3,10,0.0,1.0,1.0,,,0
global5000,engine_cut,cmalpha_x0.7,dynamic,18,0.5555555555555556,0.5555555555555556,18,0.3333333333333333,1.0,1.0,0.6111111111111112,0.4388888888888889,18
global5000,engine_cut,cmalpha_x0.7,static,18,0.5555555555555556,0.6666666666666666,18,0.0,1.0,1.0,,,18
global5000,engine_cut,clo_+0.1,dynamic,19,0.6842105263157895,0.8421052631578947,19,0.5263157894736842,1.0,1.0,0.47368421052631576,0.7842105263157894,19
global5000,engine_cut,clo_+0.1,static,19,0.7368421052631579,0.8947368421052632,18,0.0,1.0,1.0,,,18
global5000,climbing_turn,inertia_x1.6,dynamic,11,0.18181818181818182,0.36363636363636365,11,0.36363636363636365,0.45454545454545453,0.45454545454545453,0.7272727272727273,0.09090909090909091,0
global5000,climbing_turn,inertia_x1.6,static,11,0.0,0.6363636363636364,11,0.5454545454545454,0.45454545454545453,0.45454545454545453,,,0
global5000,climbing_turn,cmq_x0.5,dynamic,7,0.14285714285714285,0.5714285714285714,7,0.7142857142857143,0.7142857142857143,0.7142857142857143,1.0,0.1571428571428571,0
global5000,climbing_turn,cmq_x0.5,static,7,0.14285714285714285,0.7142857142857143,7,0.5714285714285714,0.7142857142857143,0.7142857142857143,,,0
global5000,climbing_turn,cmalpha_x0.7,dynamic,14,0.42857142857142855,0.6428571428571429,14,0.7142857142857143,0.5714285714285714,0.5714285714285714,0.6428571428571429,0.16428571428571428,14
global5000,climbing_turn,cmalpha_x0.7,static,14,0.5,0.8571428571428571,14,0.5,0.5714285714285714,0.5714285714285714,,,14
global5000,climbing_turn,clo_+0.1,dynamic,18,0.6111111111111112,0.9444444444444444,18,0.2777777777777778,0.6111111111111112,0.6111111111111112,0.5,0.25000000000000006,18
global5000,climbing_turn,clo_+0.1,static,18,0.6111111111111112,0.9444444444444444,18,0.3888888888888889,0.6111111111111112,0.6111111111111112,,,18
global5000,elev_doublet_distractor,inertia_x1.6,dynamic,10,0.2,1.0,10,0.8,1.0,1.0,0.7,0.15,0
global5000,elev_doublet_distractor,inertia_x1.6,static,10,0.1,0.9,10,0.7,1.0,1.0,,,0
global5000,elev_doublet_distractor,cmq_x0.5,dynamic,10,0.2,1.0,10,0.6,1.0,1.0,0.6,0.15000000000000002,0
global5000,elev_doublet_distractor,cmq_x0.5,static,10,0.0,1.0,10,0.7,1.0,1.0,,,0
global5000,elev_doublet_distractor,cmalpha_x0.7,dynamic,11,0.18181818181818182,0.9090909090909091,11,0.5454545454545454,0.9090909090909091,0.9090909090909091,0.6363636363636364,0.6272727272727272,11
global5000,elev_doublet_distractor,cmalpha_x0.7,static,11,0.18181818181818182,0.6363636363636364,11,0.45454545454545453,0.9090909090909091,0.9090909090909091,,,11
global5000,elev_doublet_distractor,clo_+0.1,dynamic,12,0.25,1.0,12,0.6666666666666666,0.8333333333333334,0.8333333333333334,0.75,0.5916666666666667,12
global5000,elev_doublet_distractor,clo_+0.1,static,12,0.25,0.6666666666666666,12,0.4166666666666667,0.8333333333333334,0.8333333333333334,,,12
global5000,engine_restart,inertia_x1.6,dynamic,4,1.0,1.0,4,0.75,1.0,1.0,0.25,0.45000000000000007,0
global5000,engine_restart,inertia_x1.6,static,4,0.25,0.75,4,0.25,1.0,1.0,,,0
global5000,engine_restart,cmq_x0.5,dynamic,7,0.8571428571428571,1.0,7,0.7142857142857143,1.0,1.0,0.5714285714285714,0.5142857142857142,0
global5000,engine_restart,cmq_x0.5,static,7,0.42857142857142855,0.7142857142857143,7,0.42857142857142855,1.0,1.0,,,0
global5000,engine_restart,cmalpha_x0.7,dynamic,18,0.5,0.8888888888888888,18,0.2777777777777778,1.0,1.0,0.5555555555555556,0.5555555555555556,18
global5000,engine_restart,cmalpha_x0.7,static,18,0.5555555555555556,0.7777777777777778,18,0.3888888888888889,1.0,1.0,,,18
global5000,engine_restart,clo_+0.1,dynamic,20,0.95,0.95,20,0.45,1.0,1.0,0.5,0.31,20
global5000,engine_restart,clo_+0.1,static,20,0.75,0.75,20,0.15,1.0,1.0,,,20
pa28,throttle_step,inertia_x1.6,dynamic,0,,,0,,,,,,0
pa28,throttle_step,inertia_x1.6,static,0,,,0,,,,,,0
pa28,throttle_step,cmq_x0.5,dynamic,0,,,0,,,,,,0
pa28,throttle_step,cmq_x0.5,static,0,,,0,,,,,,0
pa28,throttle_step,cmalpha_x0.7,dynamic,5,0.4,1.0,5,1.0,1.0,1.0,0.6,0.6,0
pa28,throttle_step,cmalpha_x0.7,static,5,0.8,1.0,5,1.0,1.0,1.0,,,0
pa28,throttle_step,clo_+0.1,dynamic,14,0.42857142857142855,0.6428571428571429,14,1.0,1.0,1.0,0.8571428571428571,0.5999999999999999,14
pa28,throttle_step,clo_+0.1,static,14,0.5,0.7857142857142857,14,1.0,1.0,1.0,,,14
pa28,elev_doublet,inertia_x1.6,dynamic,7,0.2857142857142857,0.8571428571428571,7,1.0,1.0,1.0,1.0,0.4,0
pa28,elev_doublet,inertia_x1.6,static,7,0.0,0.5714285714285714,7,1.0,1.0,1.0,,,0
pa28,elev_doublet,cmq_x0.5,dynamic,0,,,0,,,,,,0
pa28,elev_doublet,cmq_x0.5,static,0,,,0,,,,,,0
pa28,elev_doublet,cmalpha_x0.7,dynamic,6,0.0,0.5,6,1.0,1.0,1.0,1.0,0.5166666666666666,0
pa28,elev_doublet,cmalpha_x0.7,static,6,0.16666666666666666,0.6666666666666666,6,1.0,1.0,1.0,,,0
pa28,elev_doublet,clo_+0.1,dynamic,17,0.5294117647058824,1.0,17,1.0,1.0,1.0,0.7058823529411765,0.5117647058823529,17
pa28,elev_doublet,clo_+0.1,static,17,0.5882352941176471,0.6470588235294118,17,1.0,1.0,1.0,,,17
pa28,elev_step,inertia_x1.6,dynamic,1,0.0,1.0,1,1.0,1.0,1.0,1.0,0.7,0
pa28,elev_step,inertia_x1.6,static,1,0.0,1.0,1,1.0,1.0,1.0,,,0
pa28,elev_step,cmq_x0.5,dynamic,0,,,0,,,,,,0
pa28,elev_step,cmq_x0.5,static,0,,,0,,,,,,0
pa28,elev_step,cmalpha_x0.7,dynamic,8,0.875,1.0,8,1.0,1.0,1.0,1.0,0.475,0
pa28,elev_step,cmalpha_x0.7,static,8,0.625,1.0,8,1.0,1.0,1.0,,,0
pa28,elev_step,clo_+0.1,dynamic,15,0.7333333333333333,0.8,15,1.0,1.0,1.0,1.0,0.37333333333333335,15
pa28,elev_step,clo_+0.1,static,15,0.4666666666666667,0.6666666666666666,15,1.0,1.0,1.0,,,15
pa28,aileron_step,inertia_x1.6,dynamic,7,0.42857142857142855,0.8571428571428571,7,1.0,1.0,1.0,0.42857142857142855,0.35714285714285715,0
pa28,aileron_step,inertia_x1.6,static,7,0.14285714285714285,0.5714285714285714,7,1.0,1.0,1.0,,,0
pa28,aileron_step,cmq_x0.5,dynamic,1,0.0,0.0,1,1.0,1.0,1.0,1.0,0.1,0
pa28,aileron_step,cmq_x0.5,static,1,0.0,0.0,1,1.0,1.0,1.0,,,0
pa28,aileron_step,cmalpha_x0.7,dynamic,5,0.8,1.0,5,1.0,1.0,1.0,0.0,0.5,0
pa28,aileron_step,cmalpha_x0.7,static,5,0.8,1.0,5,1.0,1.0,1.0,,,0
pa28,aileron_step,clo_+0.1,dynamic,10,0.3,0.5,10,1.0,1.0,1.0,0.8,0.4,10
pa28,aileron_step,clo_+0.1,static,10,0.3,0.4,10,1.0,1.0,1.0,,,10
pa28,rudder_doublet,inertia_x1.6,dynamic,7,0.7142857142857143,0.8571428571428571,7,1.0,1.0,1.0,0.8571428571428571,0.4142857142857142,0
pa28,rudder_doublet,inertia_x1.6,static,7,0.2857142857142857,0.7142857142857143,7,1.0,1.0,1.0,,,0
pa28,rudder_doublet,cmq_x0.5,dynamic,0,,,0,,,,,,0
pa28,rudder_doublet,cmq_x0.5,static,0,,,0,,,,,,0
pa28,rudder_doublet,cmalpha_x0.7,dynamic,0,,,0,,,,,,0
pa28,rudder_doublet,cmalpha_x0.7,static,0,,,0,,,,,,0
pa28,rudder_doublet,clo_+0.1,dynamic,7,0.5714285714285714,0.8571428571428571,7,1.0,1.0,1.0,0.5714285714285714,0.8428571428571429,7
pa28,rudder_doublet,clo_+0.1,static,7,0.5714285714285714,0.7142857142857143,7,1.0,1.0,1.0,,,7
pa28,bank_hold,inertia_x1.6,dynamic,7,0.5714285714285714,1.0,7,1.0,1.0,1.0,0.7142857142857143,0.39999999999999997,0
pa28,bank_hold,inertia_x1.6,static,7,0.0,0.8571428571428571,7,1.0,1.0,1.0,,,0
pa28,bank_hold,cmq_x0.5,dynamic,1,0.0,0.0,1,1.0,1.0,1.0,1.0,0.2,0
pa28,bank_hold,cmq_x0.5,static,1,0.0,1.0,1,1.0,1.0,1.0,,,0
pa28,bank_hold,cmalpha_x0.7,dynamic,2,1.0,1.0,2,1.0,1.0,1.0,0.0,0.30000000000000004,0
pa28,bank_hold,cmalpha_x0.7,static,2,0.5,1.0,2,1.0,1.0,1.0,,,0
pa28,bank_hold,clo_+0.1,dynamic,10,0.5,0.6,10,1.0,1.0,1.0,0.8,0.35,10
pa28,bank_hold,clo_+0.1,static,10,0.0,0.4,10,1.0,1.0,1.0,,,10
pa28,flap_extend,inertia_x1.6,dynamic,1,0.0,0.0,1,1.0,1.0,1.0,1.0,0.9,0
pa28,flap_extend,inertia_x1.6,static,1,0.0,0.0,1,1.0,1.0,1.0,,,0
pa28,flap_extend,cmq_x0.5,dynamic,4,0.0,0.25,4,1.0,1.0,1.0,1.0,0.6499999999999999,0
pa28,flap_extend,cmq_x0.5,static,4,0.0,0.5,4,1.0,1.0,1.0,,,0
pa28,flap_extend,cmalpha_x0.7,dynamic,17,0.8823529411764706,0.8823529411764706,17,1.0,1.0,1.0,1.0,0.5294117647058824,0
pa28,flap_extend,cmalpha_x0.7,static,17,0.6470588235294118,0.7647058823529411,17,1.0,1.0,1.0,,,0
pa28,flap_extend,clo_+0.1,dynamic,12,0.3333333333333333,0.5833333333333334,12,1.0,1.0,1.0,1.0,0.5333333333333333,12
pa28,flap_extend,clo_+0.1,static,12,0.3333333333333333,0.6666666666666666,12,1.0,1.0,1.0,,,12
pa28,climbing_turn,inertia_x1.6,dynamic,7,0.8571428571428571,1.0,7,0.42857142857142855,1.0,1.0,0.8571428571428571,0.21428571428571427,0
pa28,climbing_turn,inertia_x1.6,static,7,0.0,0.5714285714285714,7,0.8571428571428571,1.0,1.0,,,0
pa28,climbing_turn,cmq_x0.5,dynamic,2,1.0,1.0,2,0.0,1.0,1.0,1.0,0.15,0
pa28,climbing_turn,cmq_x0.5,static,2,0.0,0.0,2,1.0,1.0,1.0,,,0
pa28,climbing_turn,cmalpha_x0.7,dynamic,11,0.8181818181818182,1.0,11,0.7272727272727273,0.2727272727272727,0.2727272727272727,0.7272727272727273,0.17272727272727273,0
pa28,climbing_turn,cmalpha_x0.7,static,11,0.5454545454545454,0.9090909090909091,11,0.7272727272727273,0.2727272727272727,0.2727272727272727,,,0
pa28,climbing_turn,clo_+0.1,dynamic,19,0.7894736842105263,0.8947368421052632,19,0.5789473684210527,0.42105263157894735,0.42105263157894735,0.7368421052631579,0.4052631578947368,19
pa28,climbing_turn,clo_+0.1,static,19,0.631578947368421,0.8421052631578947,19,0.5789473684210527,0.42105263157894735,0.42105263157894735,,,19
pa28,elev_doublet_distractor,inertia_x1.6,dynamic,9,0.7777777777777778,1.0,9,0.8888888888888888,0.2222222222222222,0.2222222222222222,1.0,0.17777777777777778,0
pa28,elev_doublet_distractor,inertia_x1.6,static,9,0.5555555555555556,0.7777777777777778,9,0.8888888888888888,0.2222222222222222,0.2222222222222222,,,0
pa28,elev_doublet_distractor,cmq_x0.5,dynamic,3,0.0,0.6666666666666666,3,0.6666666666666666,1.0,1.0,1.0,0.23333333333333336,0
pa28,elev_doublet_distractor,cmq_x0.5,static,3,0.0,0.3333333333333333,3,0.3333333333333333,1.0,1.0,,,0
pa28,elev_doublet_distractor,cmalpha_x0.7,dynamic,2,1.0,1.0,2,1.0,1.0,1.0,1.0,0.55,0
pa28,elev_doublet_distractor,cmalpha_x0.7,static,2,0.5,1.0,2,1.0,1.0,1.0,,,0
pa28,elev_doublet_distractor,clo_+0.1,dynamic,14,0.42857142857142855,0.8571428571428571,14,0.5714285714285714,0.5,0.5,0.8571428571428571,0.8,0
pa28,elev_doublet_distractor,clo_+0.1,static,14,0.35714285714285715,0.6428571428571429,14,0.6428571428571429,0.5,0.5,,,0
pa28,engine_stop,inertia_x1.6,dynamic,8,0.375,0.75,8,1.0,1.0,1.0,0.75,1.0,0
pa28,engine_stop,inertia_x1.6,static,8,0.25,0.75,0,,,,,,0
pa28,engine_stop,cmq_x0.5,dynamic,7,0.2857142857142857,0.5714285714285714,7,1.0,1.0,1.0,0.7142857142857143,1.0,0
pa28,engine_stop,cmq_x0.5,static,7,0.14285714285714285,0.7142857142857143,0,,,,,,0
pa28,engine_stop,cmalpha_x0.7,dynamic,10,0.7,1.0,10,1.0,1.0,1.0,0.9,1.0,0
pa28,engine_stop,cmalpha_x0.7,static,10,0.6,1.0,0,,,,,,0
pa28,engine_stop,clo_+0.1,dynamic,20,0.55,0.9,20,1.0,1.0,1.0,1.0,1.0,20
pa28,engine_stop,clo_+0.1,static,20,0.55,0.7,0,,,,,,20
pc7,throttle_step,inertia_x1.6,dynamic,0,,,0,,,,,,0
pc7,throttle_step,inertia_x1.6,static,0,,,0,,,,,,0
pc7,throttle_step,cmq_x0.5,dynamic,0,,,0,,,,,,0
pc7,throttle_step,cmq_x0.5,static,0,,,0,,,,,,0
pc7,throttle_step,cmalpha_x0.7,dynamic,0,,,0,,,,,,0
pc7,throttle_step,cmalpha_x0.7,static,0,,,0,,,,,,0
pc7,throttle_step,clo_+0.1,dynamic,2,1.0,1.0,2,1.0,1.0,1.0,1.0,1.0,2
pc7,throttle_step,clo_+0.1,static,2,0.0,0.0,2,1.0,1.0,1.0,,,2
pc7,elev_doublet,inertia_x1.6,dynamic,1,0.0,0.0,1,1.0,1.0,1.0,1.0,0.0,0
pc7,elev_doublet,inertia_x1.6,static,1,0.0,0.0,1,1.0,1.0,1.0,,,0
pc7,elev_doublet,cmq_x0.5,dynamic,9,0.1111111111111111,0.2222222222222222,9,1.0,1.0,1.0,1.0,0.4555555555555555,0
pc7,elev_doublet,cmq_x0.5,static,9,0.0,0.1111111111111111,9,1.0,1.0,1.0,,,0
pc7,elev_doublet,cmalpha_x0.7,dynamic,15,0.13333333333333333,0.2,15,1.0,1.0,1.0,1.0,0.38666666666666666,0
pc7,elev_doublet,cmalpha_x0.7,static,15,0.0,0.5333333333333333,15,1.0,1.0,1.0,,,0
pc7,elev_doublet,clo_+0.1,dynamic,1,0.0,0.0,1,1.0,1.0,1.0,1.0,0.0,1
pc7,elev_doublet,clo_+0.1,static,1,0.0,0.0,1,1.0,1.0,1.0,,,1
pc7,elev_step,inertia_x1.6,dynamic,0,,,0,,,,,,0
pc7,elev_step,inertia_x1.6,static,0,,,0,,,,,,0
pc7,elev_step,cmq_x0.5,dynamic,7,0.14285714285714285,0.7142857142857143,7,1.0,1.0,1.0,1.0,0.22857142857142856,0
pc7,elev_step,cmq_x0.5,static,7,0.14285714285714285,0.5714285714285714,7,1.0,1.0,1.0,,,0
pc7,elev_step,cmalpha_x0.7,dynamic,6,0.0,1.0,6,1.0,1.0,1.0,1.0,0.4666666666666666,0
pc7,elev_step,cmalpha_x0.7,static,6,0.3333333333333333,0.5,6,1.0,1.0,1.0,,,0
pc7,elev_step,clo_+0.1,dynamic,8,0.75,0.875,8,1.0,1.0,1.0,1.0,0.7875,8
pc7,elev_step,clo_+0.1,static,8,0.5,0.625,8,1.0,1.0,1.0,,,8
pc7,aileron_step,inertia_x1.6,dynamic,6,0.0,0.3333333333333333,6,1.0,1.0,1.0,1.0,0.3,0
pc7,aileron_step,inertia_x1.6,static,6,0.0,0.6666666666666666,6,1.0,1.0,1.0,,,0
pc7,aileron_step,cmq_x0.5,dynamic,16,0.1875,0.6875,16,1.0,1.0,1.0,1.0,0.33125,0
pc7,aileron_step,cmq_x0.5,static,16,0.0625,0.6875,16,1.0,1.0,1.0,,,0
pc7,aileron_step,cmalpha_x0.7,dynamic,11,0.0,0.8181818181818182,11,1.0,1.0,1.0,1.0,0.3909090909090909,0
pc7,aileron_step,cmalpha_x0.7,static,11,0.0,0.7272727272727273,11,1.0,1.0,1.0,,,0
pc7,aileron_step,clo_+0.1,dynamic,4,0.25,0.75,4,1.0,1.0,1.0,1.0,0.75,4
pc7,aileron_step,clo_+0.1,static,4,0.5,0.5,4,1.0,1.0,1.0,,,4
pc7,rudder_doublet,inertia_x1.6,dynamic,0,,,0,,,,,,0
pc7,rudder_doublet,inertia_x1.6,static,0,,,0,,,,,,0
pc7,rudder_doublet,cmq_x0.5,dynamic,2,0.5,1.0,2,1.0,1.0,1.0,1.0,0.7,0
pc7,rudder_doublet,cmq_x0.5,static,2,0.0,0.0,2,1.0,1.0,1.0,,,0
pc7,rudder_doublet,cmalpha_x0.7,dynamic,2,0.5,0.5,2,1.0,1.0,1.0,1.0,0.6,0
pc7,rudder_doublet,cmalpha_x0.7,static,2,0.0,0.5,2,1.0,1.0,1.0,,,0
pc7,rudder_doublet,clo_+0.1,dynamic,2,1.0,1.0,2,1.0,1.0,1.0,1.0,0.30000000000000004,2
pc7,rudder_doublet,clo_+0.1,static,2,0.0,0.0,2,1.0,1.0,1.0,,,2
pc7,bank_hold,inertia_x1.6,dynamic,9,0.0,0.7777777777777778,9,1.0,1.0,1.0,1.0,0.41111111111111115,0
pc7,bank_hold,inertia_x1.6,static,9,0.0,0.5555555555555556,9,1.0,1.0,1.0,,,0
pc7,bank_hold,cmq_x0.5,dynamic,18,0.7222222222222222,1.0,18,1.0,1.0,1.0,0.9444444444444444,0.24444444444444446,0
pc7,bank_hold,cmq_x0.5,static,18,0.2777777777777778,0.8333333333333334,18,1.0,1.0,1.0,,,0
pc7,bank_hold,cmalpha_x0.7,dynamic,13,0.38461538461538464,1.0,13,1.0,1.0,1.0,0.9230769230769231,0.3923076923076923,0
pc7,bank_hold,cmalpha_x0.7,static,13,0.23076923076923078,0.8461538461538461,13,1.0,1.0,1.0,,,0
pc7,bank_hold,clo_+0.1,dynamic,5,0.8,1.0,5,1.0,1.0,1.0,1.0,0.8,5
pc7,bank_hold,clo_+0.1,static,5,0.4,1.0,5,1.0,1.0,1.0,,,5
pc7,flap_extend,inertia_x1.6,dynamic,0,,,0,,,,,,0
pc7,flap_extend,inertia_x1.6,static,0,,,0,,,,,,0
pc7,flap_extend,cmq_x0.5,dynamic,0,,,0,,,,,,0
pc7,flap_extend,cmq_x0.5,static,0,,,0,,,,,,0
pc7,flap_extend,cmalpha_x0.7,dynamic,0,,,0,,,,,,0
pc7,flap_extend,cmalpha_x0.7,static,0,,,0,,,,,,0
pc7,flap_extend,clo_+0.1,dynamic,12,0.5,1.0,12,1.0,1.0,1.0,0.75,0.4749999999999999,12
pc7,flap_extend,clo_+0.1,static,12,0.3333333333333333,0.9166666666666666,12,1.0,1.0,1.0,,,12
pc7,climbing_turn,inertia_x1.6,dynamic,2,0.0,0.0,2,0.0,0.0,0.0,1.0,0.0,0
pc7,climbing_turn,inertia_x1.6,static,2,0.0,0.0,2,0.0,0.0,0.0,,,0
pc7,climbing_turn,cmq_x0.5,dynamic,10,0.2,0.5,10,0.6,0.5,0.5,0.7,0.09999999999999999,0
pc7,climbing_turn,cmq_x0.5,static,10,0.2,0.9,10,0.6,0.5,0.5,,,0
pc7,climbing_turn,cmalpha_x0.7,dynamic,13,0.07692307692307693,0.38461538461538464,13,0.46153846153846156,0.6153846153846154,0.6153846153846154,0.8461538461538461,0.15384615384615388,0
pc7,climbing_turn,cmalpha_x0.7,static,13,0.23076923076923078,0.5384615384615384,13,0.6153846153846154,0.6153846153846154,0.6153846153846154,,,0
pc7,climbing_turn,clo_+0.1,dynamic,4,0.5,1.0,4,0.25,0.75,0.75,0.25,0.8,0
pc7,climbing_turn,clo_+0.1,static,4,0.5,1.0,4,0.25,0.75,0.75,,,0
pc7,elev_doublet_distractor,inertia_x1.6,dynamic,4,0.5,1.0,4,0.5,0.0,0.0,0.5,0.07500000000000001,0
pc7,elev_doublet_distractor,inertia_x1.6,static,4,0.25,0.25,4,1.0,0.0,0.0,,,0
pc7,elev_doublet_distractor,cmq_x0.5,dynamic,2,0.5,1.0,2,0.5,0.5,0.5,1.0,0.1,0
pc7,elev_doublet_distractor,cmq_x0.5,static,2,0.0,0.5,2,0.5,0.5,0.5,,,0
pc7,elev_doublet_distractor,cmalpha_x0.7,dynamic,14,0.07142857142857142,0.6428571428571429,14,0.5,0.7142857142857143,0.7142857142857143,0.8571428571428571,0.1142857142857143,0
pc7,elev_doublet_distractor,cmalpha_x0.7,static,14,0.14285714285714285,0.5714285714285714,14,0.35714285714285715,0.7142857142857143,0.7142857142857143,,,0
pc7,elev_doublet_distractor,clo_+0.1,dynamic,9,0.6666666666666666,1.0,9,0.2222222222222222,0.5555555555555556,0.5555555555555556,0.6666666666666666,0.05555555555555555,0
pc7,elev_doublet_distractor,clo_+0.1,static,9,0.2222222222222222,0.5555555555555556,9,0.1111111111111111,0.5555555555555556,0.5555555555555556,,,0
t6texan2,throttle_step,inertia_x1.6,dynamic,5,0.6,0.8,5,1.0,1.0,1.0,0.6,1.0,0
t6texan2,throttle_step,inertia_x1.6,static,5,0.4,0.6,5,1.0,1.0,1.0,,,0
t6texan2,throttle_step,cmq_x0.5,dynamic,4,0.75,1.0,4,1.0,1.0,1.0,0.5,1.0,0
t6texan2,throttle_step,cmq_x0.5,static,4,0.0,0.5,4,1.0,1.0,1.0,,,0
t6texan2,throttle_step,cmalpha_x0.7,dynamic,4,0.75,1.0,4,1.0,1.0,1.0,0.75,1.0,4
t6texan2,throttle_step,cmalpha_x0.7,static,4,0.5,0.75,4,1.0,1.0,1.0,,,4
t6texan2,throttle_step,clo_+0.1,dynamic,11,0.8181818181818182,0.8181818181818182,10,1.0,1.0,1.0,1.0,1.0,10
t6texan2,throttle_step,clo_+0.1,static,11,0.7272727272727273,0.7272727272727273,9,1.0,1.0,1.0,,,9
t6texan2,elev_doublet,inertia_x1.6,dynamic,14,0.5,0.7142857142857143,14,1.0,1.0,1.0,0.8571428571428571,0.5642857142857143,0
t6texan2,elev_doublet,inertia_x1.6,static,14,0.35714285714285715,0.8571428571428571,14,1.0,1.0,1.0,,,0
t6texan2,elev_doublet,cmq_x0.5,dynamic,5,0.0,0.8,5,1.0,1.0,1.0,1.0,0.9800000000000001,0
t6texan2,elev_doublet,cmq_x0.5,static,5,0.0,1.0,5,1.0,1.0,1.0,,,0
t6texan2,elev_doublet,cmalpha_x0.7,dynamic,10,0.7,1.0,10,1.0,1.0,1.0,1.0,0.9800000000000001,0
t6texan2,elev_doublet,cmalpha_x0.7,static,10,0.5,0.7,10,1.0,1.0,1.0,,,0
t6texan2,elev_doublet,clo_+0.1,dynamic,18,0.6111111111111112,0.7222222222222222,18,1.0,1.0,1.0,0.8333333333333334,0.7833333333333333,18
t6texan2,elev_doublet,clo_+0.1,static,18,0.6111111111111112,0.7777777777777778,18,1.0,1.0,1.0,,,18
t6texan2,elev_step,inertia_x1.6,dynamic,9,0.1111111111111111,0.6666666666666666,9,1.0,1.0,1.0,1.0,0.6222222222222222,0
t6texan2,elev_step,inertia_x1.6,static,9,0.0,0.4444444444444444,9,1.0,1.0,1.0,,,0
t6texan2,elev_step,cmq_x0.5,dynamic,9,0.1111111111111111,0.5555555555555556,9,1.0,1.0,1.0,1.0,0.7555555555555555,0
t6texan2,elev_step,cmq_x0.5,static,9,0.0,0.2222222222222222,9,1.0,1.0,1.0,,,0
t6texan2,elev_step,cmalpha_x0.7,dynamic,21,0.5238095238095238,0.8571428571428571,21,1.0,1.0,1.0,1.0,0.7857142857142857,0
t6texan2,elev_step,cmalpha_x0.7,static,21,0.42857142857142855,0.5714285714285714,21,1.0,1.0,1.0,,,0
t6texan2,elev_step,clo_+0.1,dynamic,15,0.4,0.6666666666666666,15,1.0,1.0,1.0,1.0,0.7266666666666666,15
t6texan2,elev_step,clo_+0.1,static,15,0.26666666666666666,0.4666666666666667,15,1.0,1.0,1.0,,,15
t6texan2,aileron_step,inertia_x1.6,dynamic,10,0.1,0.6,10,1.0,1.0,1.0,0.4,0.39,0
t6texan2,aileron_step,inertia_x1.6,static,10,0.1,0.6,10,1.0,1.0,1.0,,,0
t6texan2,aileron_step,cmq_x0.5,dynamic,3,0.6666666666666666,0.6666666666666666,3,1.0,1.0,1.0,0.6666666666666666,0.3666666666666667,0
t6texan2,aileron_step,cmq_x0.5,static,3,0.3333333333333333,1.0,3,1.0,1.0,1.0,,,0
t6texan2,aileron_step,cmalpha_x0.7,dynamic,3,1.0,1.0,3,1.0,1.0,1.0,1.0,0.4666666666666666,3
t6texan2,aileron_step,cmalpha_x0.7,static,3,1.0,1.0,3,1.0,1.0,1.0,,,3
t6texan2,aileron_step,clo_+0.1,dynamic,6,0.16666666666666666,0.6666666666666666,5,1.0,1.0,1.0,1.0,0.7,5
t6texan2,aileron_step,clo_+0.1,static,6,0.16666666666666666,0.5,4,1.0,1.0,1.0,,,4
t6texan2,rudder_doublet,inertia_x1.6,dynamic,12,0.6666666666666666,1.0,12,1.0,1.0,1.0,0.8333333333333334,0.42500000000000004,0
t6texan2,rudder_doublet,inertia_x1.6,static,12,0.6666666666666666,0.75,12,1.0,1.0,1.0,,,0
t6texan2,rudder_doublet,cmq_x0.5,dynamic,3,0.0,0.3333333333333333,3,1.0,1.0,1.0,1.0,0.5333333333333333,0
t6texan2,rudder_doublet,cmq_x0.5,static,3,0.0,0.3333333333333333,3,1.0,1.0,1.0,,,0
t6texan2,rudder_doublet,cmalpha_x0.7,dynamic,3,0.6666666666666666,1.0,3,1.0,1.0,1.0,1.0,0.5666666666666667,0
t6texan2,rudder_doublet,cmalpha_x0.7,static,3,0.6666666666666666,1.0,3,1.0,1.0,1.0,,,0
t6texan2,rudder_doublet,clo_+0.1,dynamic,13,0.6153846153846154,0.7692307692307693,13,1.0,1.0,1.0,1.0,0.7692307692307693,13
t6texan2,rudder_doublet,clo_+0.1,static,13,0.3076923076923077,0.6153846153846154,13,1.0,1.0,1.0,,,13
t6texan2,bank_hold,inertia_x1.6,dynamic,9,0.4444444444444444,1.0,9,1.0,1.0,1.0,0.4444444444444444,0.33333333333333337,0
t6texan2,bank_hold,inertia_x1.6,static,9,0.0,0.0,9,1.0,1.0,1.0,,,0
t6texan2,bank_hold,cmq_x0.5,dynamic,3,0.3333333333333333,1.0,3,1.0,1.0,1.0,0.3333333333333333,0.16666666666666666,0
t6texan2,bank_hold,cmq_x0.5,static,3,0.3333333333333333,0.6666666666666666,3,1.0,1.0,1.0,,,0
t6texan2,bank_hold,cmalpha_x0.7,dynamic,8,0.875,1.0,8,1.0,1.0,1.0,0.875,0.2875,0
t6texan2,bank_hold,cmalpha_x0.7,static,8,0.375,0.875,8,1.0,1.0,1.0,,,0
t6texan2,bank_hold,clo_+0.1,dynamic,11,0.36363636363636365,0.7272727272727273,10,1.0,1.0,1.0,1.0,0.5999999999999999,10
t6texan2,bank_hold,clo_+0.1,static,11,0.36363636363636365,0.6363636363636364,9,1.0,1.0,1.0,,,9
t6texan2,flap_extend,inertia_x1.6,dynamic,11,0.2727272727272727,0.45454545454545453,11,1.0,1.0,1.0,1.0,0.5,0
t6texan2,flap_extend,inertia_x1.6,static,11,0.09090909090909091,0.6363636363636364,11,1.0,1.0,1.0,,,0
t6texan2,flap_extend,cmq_x0.5,dynamic,18,0.3333333333333333,0.7222222222222222,18,1.0,1.0,1.0,1.0,0.46111111111111114,0
t6texan2,flap_extend,cmq_x0.5,static,18,0.05555555555555555,0.2777777777777778,18,1.0,1.0,1.0,,,0
t6texan2,flap_extend,cmalpha_x0.7,dynamic,20,0.65,0.85,20,1.0,1.0,1.0,1.0,0.43999999999999995,0
t6texan2,flap_extend,cmalpha_x0.7,static,20,0.4,0.9,20,1.0,1.0,1.0,,,0
t6texan2,flap_extend,clo_+0.1,dynamic,20,0.25,0.4,20,1.0,1.0,1.0,1.0,0.45500000000000007,20
t6texan2,flap_extend,clo_+0.1,static,20,0.05,0.25,20,1.0,1.0,1.0,,,20
t6texan2,climbing_turn,inertia_x1.6,dynamic,20,0.8,0.95,20,0.45,0.65,0.65,0.7,0.315,0
t6texan2,climbing_turn,inertia_x1.6,static,20,0.55,0.65,20,0.4,0.65,0.65,,,0
t6texan2,climbing_turn,cmq_x0.5,dynamic,6,0.16666666666666666,0.6666666666666666,6,0.8333333333333334,0.8333333333333334,0.8333333333333334,1.0,0.43333333333333335,0
t6texan2,climbing_turn,cmq_x0.5,static,6,0.5,1.0,6,0.5,0.8333333333333334,0.8333333333333334,,,0
t6texan2,climbing_turn,cmalpha_x0.7,dynamic,6,0.8333333333333334,1.0,6,0.16666666666666666,1.0,1.0,1.0,0.3166666666666667,6
t6texan2,climbing_turn,cmalpha_x0.7,static,6,0.8333333333333334,1.0,6,0.0,1.0,1.0,,,6
t6texan2,climbing_turn,clo_+0.1,dynamic,18,0.7777777777777778,1.0,18,0.5,0.5555555555555556,0.5555555555555556,0.9444444444444444,0.55,18
t6texan2,climbing_turn,clo_+0.1,static,18,0.7222222222222222,0.8333333333333334,18,0.5,0.5555555555555556,0.5555555555555556,,,18
t6texan2,elev_doublet_distractor,inertia_x1.6,dynamic,12,0.4166666666666667,0.5833333333333334,12,0.5,0.4166666666666667,0.4166666666666667,1.0,0.13333333333333333,0
t6texan2,elev_doublet_distractor,inertia_x1.6,static,12,0.08333333333333333,0.16666666666666666,12,0.75,0.4166666666666667,0.4166666666666667,,,0
t6texan2,elev_doublet_distractor,cmq_x0.5,dynamic,4,0.0,0.5,4,0.5,1.0,1.0,1.0,0.42499999999999993,0
t6texan2,elev_doublet_distractor,cmq_x0.5,static,4,0.0,0.25,4,0.0,1.0,1.0,,,0
t6texan2,elev_doublet_distractor,cmalpha_x0.7,dynamic,10,0.0,0.4,10,1.0,1.0,1.0,0.7,0.9400000000000001,0
t6texan2,elev_doublet_distractor,cmalpha_x0.7,static,10,0.0,0.4,10,0.8,1.0,1.0,,,0
t6texan2,elev_doublet_distractor,clo_+0.1,dynamic,15,0.6666666666666666,0.8,15,0.3333333333333333,0.5333333333333333,0.5333333333333333,0.8,0.5599999999999999,15
t6texan2,elev_doublet_distractor,clo_+0.1,static,15,0.2,0.6666666666666666,15,0.4,0.5333333333333333,0.5333333333333333,,,15
