aircraft,manoeuvre,layer,mode,fault,recall,precision,auc,false_alarm
737,cruise,det,whole,inertia_x1.6,0.09090909090909091,1.0,,
737,cruise,det,win5,inertia_x1.6,0.13636363636363635,1.0,,
737,cruise,det,win10,inertia_x1.6,0.13636363636363635,1.0,,
737,cruise,det,whole,cmq_x0.5,0.0,0.0,0.4358974358974359,
737,cruise,det,win5,cmq_x0.5,0.0,0.0,0.5726495726495727,
737,cruise,det,win10,cmq_x0.5,0.07692307692307693,0.25,0.5897435897435898,
737,cruise,det,whole,cmalpha_x0.7,0.3076923076923077,0.5714285714285714,0.7521367521367521,
737,cruise,det,win5,cmalpha_x0.7,0.15384615384615385,0.5,0.8632478632478633,
737,cruise,det,win10,cmalpha_x0.7,0.15384615384615385,0.6666666666666666,0.8888888888888888,
737,cruise,det,whole,clo_+0.1,0.8461538461538461,0.6875,0.9145299145299146,
737,cruise,det,win5,clo_+0.1,0.8461538461538461,0.6875,0.9230769230769231,
737,cruise,det,win10,clo_+0.1,0.8461538461538461,0.6875,0.9316239316239316,
737,cruise,det,whole,noop,,,,0.09090909090909091
737,cruise,det,win5,noop,,,,0.09090909090909091
737,cruise,det,win10,noop,,,,0.13636363636363635
737,cruise,sig,whole,inertia_x1.6,0.0,,,
737,cruise,sig,win5,inertia_x1.6,0.0,,,
737,cruise,sig,win10,inertia_x1.6,0.045454545454545456,1.0,,
737,cruise,sig,whole,cmq_x0.5,0.0,,0.4700854700854701,
737,cruise,sig,win5,cmq_x0.5,0.0,,0.47008547008547014,
737,cruise,sig,win10,cmq_x0.5,0.07692307692307693,1.0,0.5470085470085471,
737,cruise,sig,whole,cmalpha_x0.7,0.38461538461538464,1.0,0.6153846153846154,
737,cruise,sig,win5,cmalpha_x0.7,0.07692307692307693,0.3333333333333333,0.5128205128205128,
737,cruise,sig,win10,cmalpha_x0.7,0.3076923076923077,0.8,0.5299145299145299,
737,cruise,sig,whole,clo_+0.1,0.3076923076923077,0.5714285714285714,0.5641025641025641,
737,cruise,sig,win5,clo_+0.1,0.07692307692307693,0.5,0.41880341880341876,
737,cruise,sig,win10,clo_+0.1,0.15384615384615385,0.5,0.4700854700854701,
737,cruise,sig,whole,noop,,,,0.0
737,cruise,sig,win5,noop,,,,0.0
737,cruise,sig,win10,noop,,,,0.0
737,throttle_step,det,whole,inertia_x1.6,0.045454545454545456,1.0,,
737,throttle_step,det,win5,inertia_x1.6,0.09090909090909091,1.0,,
737,throttle_step,det,win10,inertia_x1.6,0.09090909090909091,1.0,,
737,throttle_step,det,whole,cmq_x0.5,0.46153846153846156,1.0,0.8803418803418803,
737,throttle_step,det,win5,cmq_x0.5,0.5384615384615384,0.875,0.9316239316239315,
737,throttle_step,det,win10,cmq_x0.5,0.5384615384615384,0.875,0.9316239316239315,
737,throttle_step,det,whole,cmalpha_x0.7,0.07692307692307693,1.0,0.8717948717948718,
737,throttle_step,det,win5,cmalpha_x0.7,0.3076923076923077,0.8,0.9145299145299146,
737,throttle_step,det,win10,cmalpha_x0.7,0.23076923076923078,0.75,0.888888888888889,
737,throttle_step,det,whole,clo_+0.1,0.8461538461538461,0.55,0.717948717948718,
737,throttle_step,det,win5,clo_+0.1,0.7692307692307693,0.5263157894736842,0.5213675213675214,
737,throttle_step,det,win10,clo_+0.1,0.7692307692307693,0.5263157894736842,0.5470085470085471,
737,throttle_step,det,whole,noop,,,,0.0
737,throttle_step,det,win5,noop,,,,0.045454545454545456
737,throttle_step,det,win10,noop,,,,0.045454545454545456
737,throttle_step,sig,whole,inertia_x1.6,0.13636363636363635,1.0,,
737,throttle_step,sig,win5,inertia_x1.6,0.0,,,
737,throttle_step,sig,win10,inertia_x1.6,0.13636363636363635,1.0,,
737,throttle_step,sig,whole,cmq_x0.5,0.23076923076923078,0.75,0.6666666666666667,
737,throttle_step,sig,win5,cmq_x0.5,0.3076923076923077,0.6666666666666666,0.8376068376068376,
737,throttle_step,sig,win10,cmq_x0.5,0.38461538461538464,1.0,0.8376068376068376,
737,throttle_step,sig,whole,cmalpha_x0.7,0.38461538461538464,0.7142857142857143,0.5641025641025641,
737,throttle_step,sig,win5,cmalpha_x0.7,0.15384615384615385,0.5,0.7606837606837606,
737,throttle_step,sig,win10,cmalpha_x0.7,0.3076923076923077,1.0,0.7008547008547009,
737,throttle_step,sig,whole,clo_+0.1,0.38461538461538464,0.7142857142857143,0.6239316239316239,
737,throttle_step,sig,win5,clo_+0.1,0.23076923076923078,0.75,0.6837606837606838,
737,throttle_step,sig,win10,clo_+0.1,0.46153846153846156,0.75,0.7863247863247864,
737,throttle_step,sig,whole,noop,,,,0.13636363636363635
737,throttle_step,sig,win5,noop,,,,0.09090909090909091
737,throttle_step,sig,win10,noop,,,,0.13636363636363635
737,elev_doublet,det,whole,inertia_x1.6,0.36363636363636365,1.0,,
737,elev_doublet,det,win5,inertia_x1.6,0.3181818181818182,1.0,,
737,elev_doublet,det,win10,inertia_x1.6,0.36363636363636365,1.0,,
737,elev_doublet,det,whole,cmq_x0.5,0.46153846153846156,0.75,0.5555555555555556,
737,elev_doublet,det,win5,cmq_x0.5,0.46153846153846156,1.0,0.5213675213675214,
737,elev_doublet,det,win10,cmq_x0.5,0.46153846153846156,0.8571428571428571,0.5641025641025641,
737,elev_doublet,det,whole,cmalpha_x0.7,0.38461538461538464,0.625,0.5384615384615385,
737,elev_doublet,det,win5,cmalpha_x0.7,0.38461538461538464,0.625,0.5811965811965812,
737,elev_doublet,det,win10,cmalpha_x0.7,0.38461538461538464,0.625,0.5982905982905983,
737,elev_doublet,det,whole,clo_+0.1,0.7692307692307693,0.7142857142857143,0.5641025641025641,
737,elev_doublet,det,win5,clo_+0.1,0.6923076923076923,0.6923076923076923,0.5470085470085471,
737,elev_doublet,det,win10,clo_+0.1,0.6923076923076923,0.6923076923076923,0.5470085470085471,
737,elev_doublet,det,whole,noop,,,,0.0
737,elev_doublet,det,win5,noop,,,,0.0
737,elev_doublet,det,win10,noop,,,,0.0
737,elev_doublet,sig,whole,inertia_x1.6,0.09090909090909091,1.0,,
737,elev_doublet,sig,win5,inertia_x1.6,0.09090909090909091,1.0,,
737,elev_doublet,sig,win10,inertia_x1.6,0.045454545454545456,1.0,,
737,elev_doublet,sig,whole,cmq_x0.5,0.07692307692307693,1.0,0.6239316239316239,
737,elev_doublet,sig,win5,cmq_x0.5,0.07692307692307693,0.5,0.5641025641025641,
737,elev_doublet,sig,win10,cmq_x0.5,0.07692307692307693,0.5,0.5641025641025641,
737,elev_doublet,sig,whole,cmalpha_x0.7,0.07692307692307693,0.5,0.5982905982905983,
737,elev_doublet,sig,win5,cmalpha_x0.7,0.07692307692307693,0.5,0.5042735042735043,
737,elev_doublet,sig,win10,cmalpha_x0.7,0.07692307692307693,0.5,0.5897435897435898,
737,elev_doublet,sig,whole,clo_+0.1,0.46153846153846156,0.8571428571428571,0.7521367521367521,
737,elev_doublet,sig,win5,clo_+0.1,0.15384615384615385,0.4,0.7094017094017093,
737,elev_doublet,sig,win10,clo_+0.1,0.15384615384615385,0.6666666666666666,0.7863247863247864,
737,elev_doublet,sig,whole,noop,,,,0.0
737,elev_doublet,sig,win5,noop,,,,0.045454545454545456
737,elev_doublet,sig,win10,noop,,,,0.0
737,elev_step,det,whole,inertia_x1.6,0.2727272727272727,1.0,,
737,elev_step,det,win5,inertia_x1.6,0.3181818181818182,1.0,,
737,elev_step,det,win10,inertia_x1.6,0.2727272727272727,1.0,,
737,elev_step,det,whole,cmq_x0.5,0.5384615384615384,0.7,0.7606837606837606,
737,elev_step,det,win5,cmq_x0.5,0.6153846153846154,0.7272727272727273,0.8461538461538461,
737,elev_step,det,win10,cmq_x0.5,0.6153846153846154,0.7272727272727273,0.8461538461538461,
737,elev_step,det,whole,cmalpha_x0.7,0.6153846153846154,0.6153846153846154,0.6324786324786325,
737,elev_step,det,win5,cmalpha_x0.7,0.6153846153846154,0.5714285714285714,0.8632478632478633,
737,elev_step,det,win10,cmalpha_x0.7,0.6153846153846154,0.5714285714285714,0.8717948717948718,
737,elev_step,det,whole,clo_+0.1,0.8461538461538461,0.7857142857142857,1.0,
737,elev_step,det,win5,clo_+0.1,0.8461538461538461,0.7857142857142857,0.9658119658119658,
737,elev_step,det,win10,clo_+0.1,0.8461538461538461,0.7857142857142857,0.9658119658119658,
737,elev_step,det,whole,noop,,,,0.0
737,elev_step,det,win5,noop,,,,0.0
737,elev_step,det,win10,noop,,,,0.045454545454545456
737,elev_step,sig,whole,inertia_x1.6,0.2727272727272727,1.0,,
737,elev_step,sig,win5,inertia_x1.6,0.045454545454545456,1.0,,
737,elev_step,sig,win10,inertia_x1.6,0.22727272727272727,1.0,,
737,elev_step,sig,whole,cmq_x0.5,0.38461538461538464,0.8333333333333334,0.7435897435897436,
737,elev_step,sig,win5,cmq_x0.5,0.23076923076923078,1.0,0.6324786324786326,
737,elev_step,sig,win10,cmq_x0.5,0.3076923076923077,1.0,0.9145299145299146,
737,elev_step,sig,whole,cmalpha_x0.7,0.6153846153846154,0.6666666666666666,0.9059829059829061,
737,elev_step,sig,win5,cmalpha_x0.7,0.38461538461538464,0.5555555555555556,0.5726495726495726,
737,elev_step,sig,win10,cmalpha_x0.7,0.5384615384615384,0.7,0.7606837606837606,
737,elev_step,sig,whole,clo_+0.1,0.6153846153846154,0.6153846153846154,0.6153846153846154,
737,elev_step,sig,win5,clo_+0.1,0.46153846153846156,0.6,0.49572649572649574,
737,elev_step,sig,win10,clo_+0.1,0.46153846153846156,0.5454545454545454,0.4786324786324787,
737,elev_step,sig,whole,noop,,,,0.2727272727272727
737,elev_step,sig,win5,noop,,,,0.09090909090909091
737,elev_step,sig,win10,noop,,,,0.2727272727272727
737,aileron_step,det,whole,inertia_x1.6,0.22727272727272727,1.0,,
737,aileron_step,det,win5,inertia_x1.6,0.22727272727272727,1.0,,
737,aileron_step,det,win10,inertia_x1.6,0.22727272727272727,1.0,,
737,aileron_step,det,whole,cmq_x0.5,0.15384615384615385,1.0,0.46153846153846156,
737,aileron_step,det,win5,cmq_x0.5,0.15384615384615385,1.0,0.46153846153846156,
737,aileron_step,det,win10,cmq_x0.5,0.15384615384615385,1.0,0.452991452991453,
737,aileron_step,det,whole,cmalpha_x0.7,0.07692307692307693,1.0,0.5470085470085471,
737,aileron_step,det,win5,cmalpha_x0.7,0.07692307692307693,1.0,0.623931623931624,
737,aileron_step,det,win10,cmalpha_x0.7,0.07692307692307693,1.0,0.6153846153846154,
737,aileron_step,det,whole,clo_+0.1,0.6923076923076923,0.5294117647058824,0.5299145299145298,
737,aileron_step,det,win5,clo_+0.1,0.5384615384615384,0.4666666666666667,0.46153846153846156,
737,aileron_step,det,win10,clo_+0.1,0.5384615384615384,0.4666666666666667,0.4700854700854701,
737,aileron_step,det,whole,noop,,,,0.0
737,aileron_step,det,win5,noop,,,,0.0
737,aileron_step,det,win10,noop,,,,0.0
737,aileron_step,sig,whole,inertia_x1.6,0.045454545454545456,1.0,,
737,aileron_step,sig,win5,inertia_x1.6,0.045454545454545456,1.0,,
737,aileron_step,sig,win10,inertia_x1.6,0.09090909090909091,1.0,,
737,aileron_step,sig,whole,cmq_x0.5,0.07692307692307693,1.0,0.5042735042735043,
737,aileron_step,sig,win5,cmq_x0.5,0.15384615384615385,1.0,0.811965811965812,
737,aileron_step,sig,win10,cmq_x0.5,0.07692307692307693,1.0,0.6068376068376068,
737,aileron_step,sig,whole,cmalpha_x0.7,0.15384615384615385,0.6666666666666666,0.6495726495726495,
737,aileron_step,sig,win5,cmalpha_x0.7,0.07692307692307693,0.5,0.9487179487179487,
737,aileron_step,sig,win10,cmalpha_x0.7,0.07692307692307693,1.0,0.7948717948717949,
737,aileron_step,sig,whole,clo_+0.1,0.6923076923076923,0.5625,0.7948717948717949,
737,aileron_step,sig,win5,clo_+0.1,0.23076923076923078,0.3333333333333333,0.5897435897435898,
737,aileron_step,sig,win10,clo_+0.1,0.23076923076923078,0.3,0.6923076923076923,
737,aileron_step,sig,whole,noop,,,,0.0
737,aileron_step,sig,win5,noop,,,,0.045454545454545456
737,aileron_step,sig,win10,noop,,,,0.0
737,rudder_doublet,det,whole,inertia_x1.6,0.09090909090909091,1.0,,
737,rudder_doublet,det,win5,inertia_x1.6,0.18181818181818182,1.0,,
737,rudder_doublet,det,win10,inertia_x1.6,0.18181818181818182,1.0,,
737,rudder_doublet,det,whole,cmq_x0.5,0.0,,0.5299145299145299,
737,rudder_doublet,det,win5,cmq_x0.5,0.15384615384615385,1.0,0.4786324786324786,
737,rudder_doublet,det,win10,cmq_x0.5,0.15384615384615385,1.0,0.5299145299145299,
737,rudder_doublet,det,whole,cmalpha_x0.7,0.07692307692307693,1.0,0.5982905982905984,
737,rudder_doublet,det,win5,cmalpha_x0.7,0.23076923076923078,1.0,0.5213675213675214,
737,rudder_doublet,det,win10,cmalpha_x0.7,0.23076923076923078,1.0,0.5726495726495726,
737,rudder_doublet,det,whole,clo_+0.1,0.46153846153846156,1.0,0.7521367521367522,
737,rudder_doublet,det,win5,clo_+0.1,0.46153846153846156,1.0,0.7179487179487181,
737,rudder_doublet,det,win10,clo_+0.1,0.46153846153846156,1.0,0.7521367521367522,
737,rudder_doublet,det,whole,noop,,,,0.045454545454545456
737,rudder_doublet,det,win5,noop,,,,0.13636363636363635
737,rudder_doublet,det,win10,noop,,,,0.13636363636363635
737,rudder_doublet,sig,whole,inertia_x1.6,0.09090909090909091,1.0,,
737,rudder_doublet,sig,win5,inertia_x1.6,0.0,,,
737,rudder_doublet,sig,win10,inertia_x1.6,0.0,,,
737,rudder_doublet,sig,whole,cmq_x0.5,0.3076923076923077,1.0,0.8974358974358976,
737,rudder_doublet,sig,win5,cmq_x0.5,0.07692307692307693,1.0,0.8632478632478633,
737,rudder_doublet,sig,win10,cmq_x0.5,0.15384615384615385,1.0,0.8717948717948718,
737,rudder_doublet,sig,whole,cmalpha_x0.7,0.15384615384615385,1.0,0.8632478632478633,
737,rudder_doublet,sig,win5,cmalpha_x0.7,0.07692307692307693,1.0,0.8547008547008548,
737,rudder_doublet,sig,win10,cmalpha_x0.7,0.0,,0.9230769230769231,
737,rudder_doublet,sig,whole,clo_+0.1,0.3076923076923077,0.5714285714285714,0.6581196581196581,
737,rudder_doublet,sig,win5,clo_+0.1,0.15384615384615385,0.4,0.6410256410256411,
737,rudder_doublet,sig,win10,clo_+0.1,0.15384615384615385,0.4,0.7008547008547009,
737,rudder_doublet,sig,whole,noop,,,,0.09090909090909091
737,rudder_doublet,sig,win5,noop,,,,0.0
737,rudder_doublet,sig,win10,noop,,,,0.045454545454545456
737,bank_hold,det,whole,inertia_x1.6,0.45454545454545453,1.0,,
737,bank_hold,det,win5,inertia_x1.6,0.4090909090909091,1.0,,
737,bank_hold,det,win10,inertia_x1.6,0.5,1.0,,
737,bank_hold,det,whole,cmq_x0.5,0.46153846153846156,0.6666666666666666,0.6837606837606837,
737,bank_hold,det,win5,cmq_x0.5,0.38461538461538464,0.625,0.8376068376068376,
737,bank_hold,det,win10,cmq_x0.5,0.46153846153846156,0.6666666666666666,0.6923076923076923,
737,bank_hold,det,whole,cmalpha_x0.7,0.38461538461538464,0.625,0.6410256410256411,
737,bank_hold,det,win5,cmalpha_x0.7,0.38461538461538464,0.625,0.5897435897435898,
737,bank_hold,det,win10,cmalpha_x0.7,0.46153846153846156,0.6,0.6068376068376069,
737,bank_hold,det,whole,clo_+0.1,0.6923076923076923,0.5294117647058824,0.5555555555555556,
737,bank_hold,det,win5,clo_+0.1,0.6923076923076923,0.5294117647058824,0.5042735042735044,
737,bank_hold,det,win10,clo_+0.1,0.6153846153846154,0.5,0.5384615384615385,
737,bank_hold,det,whole,noop,,,,0.22727272727272727
737,bank_hold,det,win5,noop,,,,0.18181818181818182
737,bank_hold,det,win10,noop,,,,0.2727272727272727
737,bank_hold,sig,whole,inertia_x1.6,0.3181818181818182,1.0,,
737,bank_hold,sig,win5,inertia_x1.6,0.22727272727272727,1.0,,
737,bank_hold,sig,win10,inertia_x1.6,0.2727272727272727,1.0,,
737,bank_hold,sig,whole,cmq_x0.5,0.46153846153846156,0.8571428571428571,0.5897435897435898,
737,bank_hold,sig,win5,cmq_x0.5,0.3076923076923077,0.6666666666666666,0.7435897435897436,
737,bank_hold,sig,win10,cmq_x0.5,0.3076923076923077,0.6666666666666666,0.6324786324786325,
737,bank_hold,sig,whole,cmalpha_x0.7,0.5384615384615384,0.875,0.6837606837606837,
737,bank_hold,sig,win5,cmalpha_x0.7,0.3076923076923077,0.6666666666666666,0.7692307692307694,
737,bank_hold,sig,win10,cmalpha_x0.7,0.3076923076923077,0.6666666666666666,0.6837606837606839,
737,bank_hold,sig,whole,clo_+0.1,0.38461538461538464,0.5,0.7435897435897436,
737,bank_hold,sig,win5,clo_+0.1,0.5384615384615384,0.5833333333333334,0.6923076923076924,
737,bank_hold,sig,win10,clo_+0.1,0.46153846153846156,0.75,0.7777777777777778,
737,bank_hold,sig,whole,noop,,,,0.3181818181818182
737,bank_hold,sig,win5,noop,,,,0.2727272727272727
737,bank_hold,sig,win10,noop,,,,0.3181818181818182
737,flap_extend,det,whole,inertia_x1.6,0.2727272727272727,1.0,,
737,flap_extend,det,win5,inertia_x1.6,0.36363636363636365,1.0,,
737,flap_extend,det,win10,inertia_x1.6,0.36363636363636365,1.0,,
737,flap_extend,det,whole,cmq_x0.5,0.6153846153846154,1.0,0.9658119658119658,
737,flap_extend,det,win5,cmq_x0.5,0.6153846153846154,1.0,1.0,
737,flap_extend,det,win10,cmq_x0.5,0.6153846153846154,1.0,0.9743589743589745,
737,flap_extend,det,whole,cmalpha_x0.7,0.5384615384615384,1.0,0.9658119658119658,
737,flap_extend,det,win5,cmalpha_x0.7,0.38461538461538464,1.0,1.0,
737,flap_extend,det,win10,cmalpha_x0.7,0.46153846153846156,1.0,0.9829059829059829,
737,flap_extend,det,whole,clo_+0.1,0.8461538461538461,0.6111111111111112,0.5897435897435898,
737,flap_extend,det,win5,clo_+0.1,1.0,0.7222222222222222,0.5384615384615384,
737,flap_extend,det,win10,clo_+0.1,1.0,0.6842105263157895,0.5641025641025641,
737,flap_extend,det,whole,noop,,,,0.0
737,flap_extend,det,win5,noop,,,,0.0
737,flap_extend,det,win10,noop,,,,0.0
737,flap_extend,sig,whole,inertia_x1.6,0.045454545454545456,1.0,,
737,flap_extend,sig,win5,inertia_x1.6,0.0,,,
737,flap_extend,sig,win10,inertia_x1.6,0.0,,,
737,flap_extend,sig,whole,cmq_x0.5,0.23076923076923078,1.0,0.7264957264957266,
737,flap_extend,sig,win5,cmq_x0.5,0.15384615384615385,1.0,0.6752136752136753,
737,flap_extend,sig,win10,cmq_x0.5,0.15384615384615385,1.0,0.6581196581196581,
737,flap_extend,sig,whole,cmalpha_x0.7,0.07692307692307693,1.0,0.4188034188034188,
737,flap_extend,sig,win5,cmalpha_x0.7,0.15384615384615385,1.0,0.36752136752136755,
737,flap_extend,sig,win10,cmalpha_x0.7,0.07692307692307693,1.0,0.4273504273504274,
737,flap_extend,sig,whole,clo_+0.1,0.6153846153846154,0.7272727272727273,0.6324786324786325,
737,flap_extend,sig,win5,clo_+0.1,0.6153846153846154,0.8,0.641025641025641,
737,flap_extend,sig,win10,clo_+0.1,0.6153846153846154,0.6666666666666666,0.6581196581196581,
737,flap_extend,sig,whole,noop,,,,0.0
737,flap_extend,sig,win5,noop,,,,0.0
737,flap_extend,sig,win10,noop,,,,0.0
737,engine_cut,det,whole,inertia_x1.6,0.09090909090909091,1.0,,
737,engine_cut,det,win5,inertia_x1.6,0.09090909090909091,1.0,,
737,engine_cut,det,win10,inertia_x1.6,0.09090909090909091,1.0,,
737,engine_cut,det,whole,cmq_x0.5,0.46153846153846156,0.8571428571428571,0.8205128205128205,
737,engine_cut,det,win5,cmq_x0.5,0.6153846153846154,0.8888888888888888,0.811965811965812,
737,engine_cut,det,win10,cmq_x0.5,0.6153846153846154,0.8888888888888888,0.811965811965812,
737,engine_cut,det,whole,cmalpha_x0.7,0.46153846153846156,1.0,0.717948717948718,
737,engine_cut,det,win5,cmalpha_x0.7,0.46153846153846156,1.0,0.8205128205128206,
737,engine_cut,det,win10,cmalpha_x0.7,0.46153846153846156,1.0,0.829059829059829,
737,engine_cut,det,whole,clo_+0.1,0.8461538461538461,0.55,0.7606837606837606,
737,engine_cut,det,win5,clo_+0.1,1.0,0.5909090909090909,0.7521367521367521,
737,engine_cut,det,win10,clo_+0.1,0.8461538461538461,0.55,0.7435897435897436,
737,engine_cut,det,whole,noop,,,,0.0
737,engine_cut,det,win5,noop,,,,0.0
737,engine_cut,det,win10,noop,,,,0.0
737,engine_cut,sig,whole,inertia_x1.6,0.045454545454545456,1.0,,
737,engine_cut,sig,win5,inertia_x1.6,0.045454545454545456,1.0,,
737,engine_cut,sig,win10,inertia_x1.6,0.0,,,
737,engine_cut,sig,whole,cmq_x0.5,0.15384615384615385,0.6666666666666666,0.6581196581196582,
737,engine_cut,sig,win5,cmq_x0.5,0.23076923076923078,1.0,0.8547008547008547,
737,engine_cut,sig,win10,cmq_x0.5,0.3076923076923077,1.0,0.7777777777777778,
737,engine_cut,sig,whole,cmalpha_x0.7,0.15384615384615385,0.5,0.5897435897435898,
737,engine_cut,sig,win5,cmalpha_x0.7,0.15384615384615385,0.5,0.7606837606837606,
737,engine_cut,sig,win10,cmalpha_x0.7,0.15384615384615385,0.5,0.6752136752136753,
737,engine_cut,sig,whole,clo_+0.1,0.8461538461538461,0.7333333333333333,0.7692307692307694,
737,engine_cut,sig,win5,clo_+0.1,0.6923076923076923,0.6923076923076923,0.7008547008547009,
737,engine_cut,sig,win10,clo_+0.1,0.6923076923076923,0.6923076923076923,0.7521367521367521,
737,engine_cut,sig,whole,noop,,,,0.045454545454545456
737,engine_cut,sig,win5,noop,,,,0.045454545454545456
737,engine_cut,sig,win10,noop,,,,0.0
737,climbing_turn,det,whole,inertia_x1.6,0.22727272727272727,1.0,,
737,climbing_turn,det,win5,inertia_x1.6,0.2727272727272727,1.0,,
737,climbing_turn,det,win10,inertia_x1.6,0.2727272727272727,1.0,,
737,climbing_turn,det,whole,cmq_x0.5,0.3076923076923077,0.8,0.47008547008547014,
737,climbing_turn,det,win5,cmq_x0.5,0.3076923076923077,1.0,0.41880341880341887,
737,climbing_turn,det,win10,cmq_x0.5,0.3076923076923077,1.0,0.46153846153846156,
737,climbing_turn,det,whole,cmalpha_x0.7,0.38461538461538464,0.8333333333333334,0.5726495726495726,
737,climbing_turn,det,win5,cmalpha_x0.7,0.3076923076923077,1.0,0.5982905982905984,
737,climbing_turn,det,win10,cmalpha_x0.7,0.23076923076923078,1.0,0.5641025641025641,
737,climbing_turn,det,whole,clo_+0.1,0.7692307692307693,0.5882352941176471,0.5982905982905984,
737,climbing_turn,det,win5,clo_+0.1,0.6153846153846154,0.5,0.39316239316239315,
737,climbing_turn,det,win10,clo_+0.1,0.6923076923076923,0.5294117647058824,0.4273504273504274,
737,climbing_turn,det,whole,noop,,,,0.045454545454545456
737,climbing_turn,det,win5,noop,,,,0.0
737,climbing_turn,det,win10,noop,,,,0.0
737,climbing_turn,sig,whole,inertia_x1.6,0.045454545454545456,1.0,,
737,climbing_turn,sig,win5,inertia_x1.6,0.0,,,
737,climbing_turn,sig,win10,inertia_x1.6,0.045454545454545456,1.0,,
737,climbing_turn,sig,whole,cmq_x0.5,0.15384615384615385,1.0,0.7606837606837608,
737,climbing_turn,sig,win5,cmq_x0.5,0.15384615384615385,1.0,0.9487179487179488,
737,climbing_turn,sig,win10,cmq_x0.5,0.23076923076923078,1.0,0.9487179487179488,
737,climbing_turn,sig,whole,cmalpha_x0.7,0.0,,0.7863247863247864,
737,climbing_turn,sig,win5,cmalpha_x0.7,0.0,,0.8547008547008548,
737,climbing_turn,sig,win10,cmalpha_x0.7,0.0,,0.8205128205128205,
737,climbing_turn,sig,whole,clo_+0.1,0.23076923076923078,0.6,0.7863247863247864,
737,climbing_turn,sig,win5,clo_+0.1,0.38461538461538464,1.0,0.9059829059829061,
737,climbing_turn,sig,win10,clo_+0.1,0.15384615384615385,0.6666666666666666,0.8205128205128206,
737,climbing_turn,sig,whole,noop,,,,0.045454545454545456
737,climbing_turn,sig,win5,noop,,,,0.0
737,climbing_turn,sig,win10,noop,,,,0.045454545454545456
737,elev_doublet_distractor,det,whole,inertia_x1.6,0.22727272727272727,1.0,,
737,elev_doublet_distractor,det,win5,inertia_x1.6,0.22727272727272727,1.0,,
737,elev_doublet_distractor,det,win10,inertia_x1.6,0.22727272727272727,1.0,,
737,elev_doublet_distractor,det,whole,cmq_x0.5,0.38461538461538464,1.0,0.46153846153846156,
737,elev_doublet_distractor,det,win5,cmq_x0.5,0.38461538461538464,1.0,0.4786324786324787,
737,elev_doublet_distractor,det,win10,cmq_x0.5,0.38461538461538464,1.0,0.4957264957264958,
737,elev_doublet_distractor,det,whole,cmalpha_x0.7,0.15384615384615385,1.0,0.47008547008547014,
737,elev_doublet_distractor,det,win5,cmalpha_x0.7,0.0,,0.4444444444444444,
737,elev_doublet_distractor,det,win10,cmalpha_x0.7,0.15384615384615385,1.0,0.5128205128205128,
737,elev_doublet_distractor,det,whole,clo_+0.1,0.8461538461538461,0.7857142857142857,0.9914529914529914,
737,elev_doublet_distractor,det,win5,clo_+0.1,0.8461538461538461,0.7857142857142857,0.9829059829059829,
737,elev_doublet_distractor,det,win10,clo_+0.1,0.8461538461538461,0.7857142857142857,1.0,
737,elev_doublet_distractor,det,whole,noop,,,,0.0
737,elev_doublet_distractor,det,win5,noop,,,,0.0
737,elev_doublet_distractor,det,win10,noop,,,,0.0
737,elev_doublet_distractor,sig,whole,inertia_x1.6,0.09090909090909091,1.0,,
737,elev_doublet_distractor,sig,win5,inertia_x1.6,0.0,,,
737,elev_doublet_distractor,sig,win10,inertia_x1.6,0.09090909090909091,1.0,,
737,elev_doublet_distractor,sig,whole,cmq_x0.5,0.07692307692307693,1.0,0.7692307692307693,
737,elev_doublet_distractor,sig,win5,cmq_x0.5,0.07692307692307693,1.0,0.7777777777777778,
737,elev_doublet_distractor,sig,win10,cmq_x0.5,0.07692307692307693,1.0,0.829059829059829,
737,elev_doublet_distractor,sig,whole,cmalpha_x0.7,0.0,,0.6837606837606837,
737,elev_doublet_distractor,sig,win5,cmalpha_x0.7,0.0,,0.8034188034188035,
737,elev_doublet_distractor,sig,win10,cmalpha_x0.7,0.0,,0.8376068376068376,
737,elev_doublet_distractor,sig,whole,clo_+0.1,0.3076923076923077,0.5,0.6666666666666667,
737,elev_doublet_distractor,sig,win5,clo_+0.1,0.07692307692307693,0.5,0.6410256410256412,
737,elev_doublet_distractor,sig,win10,clo_+0.1,0.15384615384615385,0.6666666666666666,0.6752136752136753,
737,elev_doublet_distractor,sig,whole,noop,,,,0.0
737,elev_doublet_distractor,sig,win5,noop,,,,0.0
737,elev_doublet_distractor,sig,win10,noop,,,,0.0
737,engine_restart,det,whole,inertia_x1.6,0.4090909090909091,1.0,,
737,engine_restart,det,win5,inertia_x1.6,0.45454545454545453,1.0,,
737,engine_restart,det,win10,inertia_x1.6,0.45454545454545453,1.0,,
737,engine_restart,det,whole,cmq_x0.5,0.6153846153846154,0.6666666666666666,0.811965811965812,
737,engine_restart,det,win5,cmq_x0.5,0.8461538461538461,0.6875,0.8205128205128205,
737,engine_restart,det,win10,cmq_x0.5,0.8461538461538461,0.6875,0.8034188034188035,
737,engine_restart,det,whole,cmalpha_x0.7,0.6153846153846154,0.6666666666666666,0.811965811965812,
737,engine_restart,det,win5,cmalpha_x0.7,0.6153846153846154,0.6666666666666666,0.9230769230769231,
737,engine_restart,det,win10,cmalpha_x0.7,0.6923076923076923,0.75,0.9401709401709402,
737,engine_restart,det,whole,clo_+0.1,1.0,0.5909090909090909,0.8205128205128205,
737,engine_restart,det,win5,clo_+0.1,1.0,0.5909090909090909,0.7435897435897436,
737,engine_restart,det,win10,clo_+0.1,1.0,0.5909090909090909,0.7521367521367521,
737,engine_restart,det,whole,noop,,,,0.36363636363636365
737,engine_restart,det,win5,noop,,,,0.36363636363636365
737,engine_restart,det,win10,noop,,,,0.36363636363636365
737,engine_restart,sig,whole,inertia_x1.6,0.13636363636363635,1.0,,
737,engine_restart,sig,win5,inertia_x1.6,0.18181818181818182,1.0,,
737,engine_restart,sig,win10,inertia_x1.6,0.22727272727272727,1.0,,
737,engine_restart,sig,whole,cmq_x0.5,0.6153846153846154,0.8888888888888888,0.8461538461538461,
737,engine_restart,sig,win5,cmq_x0.5,0.6923076923076923,0.9,0.8376068376068376,
737,engine_restart,sig,win10,cmq_x0.5,0.6923076923076923,0.9,0.8461538461538461,
737,engine_restart,sig,whole,cmalpha_x0.7,0.38461538461538464,0.8333333333333334,0.7264957264957266,
737,engine_restart,sig,win5,cmalpha_x0.7,0.23076923076923078,0.75,0.6752136752136753,
737,engine_restart,sig,win10,cmalpha_x0.7,0.3076923076923077,0.8,0.6837606837606837,
737,engine_restart,sig,whole,clo_+0.1,0.6923076923076923,0.5294117647058824,0.6837606837606838,
737,engine_restart,sig,win5,clo_+0.1,0.6923076923076923,0.5294117647058824,0.6410256410256411,
737,engine_restart,sig,win10,clo_+0.1,0.7692307692307693,0.5555555555555556,0.8034188034188035,
737,engine_restart,sig,whole,noop,,,,0.13636363636363635
737,engine_restart,sig,win5,noop,,,,0.09090909090909091
737,engine_restart,sig,win10,noop,,,,0.18181818181818182
787-8,cruise,det,whole,inertia_x1.6,0.09090909090909091,1.0,,
787-8,cruise,det,win5,inertia_x1.6,0.045454545454545456,1.0,,
787-8,cruise,det,win10,inertia_x1.6,0.045454545454545456,1.0,,
787-8,cruise,det,whole,cmq_x0.5,0.0,0.0,0.38461538461538464,
787-8,cruise,det,win5,cmq_x0.5,0.0,0.0,0.37606837606837606,
787-8,cruise,det,win10,cmq_x0.5,0.0,0.0,0.38461538461538464,
787-8,cruise,det,whole,cmalpha_x0.7,0.7692307692307693,0.6666666666666666,0.7435897435897436,
787-8,cruise,det,win5,cmalpha_x0.7,0.7692307692307693,0.5555555555555556,0.7435897435897436,
787-8,cruise,det,win10,cmalpha_x0.7,0.7692307692307693,0.5882352941176471,0.7435897435897436,
787-8,cruise,det,whole,clo_+0.1,0.7692307692307693,0.625,0.7948717948717949,
787-8,cruise,det,win5,clo_+0.1,0.7692307692307693,0.625,0.7948717948717949,
787-8,cruise,det,win10,clo_+0.1,0.7692307692307693,0.625,0.7948717948717949,
787-8,cruise,det,whole,noop,,,,0.045454545454545456
787-8,cruise,det,win5,noop,,,,0.045454545454545456
787-8,cruise,det,win10,noop,,,,0.045454545454545456
787-8,cruise,sig,whole,inertia_x1.6,0.09090909090909091,1.0,,
787-8,cruise,sig,win5,inertia_x1.6,0.09090909090909091,1.0,,
787-8,cruise,sig,win10,inertia_x1.6,0.09090909090909091,1.0,,
787-8,cruise,sig,whole,cmq_x0.5,0.15384615384615385,0.5,0.4700854700854701,
787-8,cruise,sig,win5,cmq_x0.5,0.07692307692307693,0.25,0.49145299145299143,
787-8,cruise,sig,win10,cmq_x0.5,0.07692307692307693,0.3333333333333333,0.6196581196581197,
787-8,cruise,sig,whole,cmalpha_x0.7,0.38461538461538464,0.7142857142857143,0.6153846153846154,
787-8,cruise,sig,win5,cmalpha_x0.7,0.3076923076923077,0.8,0.5726495726495726,
787-8,cruise,sig,win10,cmalpha_x0.7,0.3076923076923077,0.8,0.5811965811965811,
787-8,cruise,sig,whole,clo_+0.1,0.3076923076923077,0.5714285714285714,0.5299145299145299,
787-8,cruise,sig,win5,clo_+0.1,0.3076923076923077,0.5714285714285714,0.5598290598290598,
787-8,cruise,sig,win10,clo_+0.1,0.23076923076923078,0.75,0.5940170940170941,
787-8,cruise,sig,whole,noop,,,,0.09090909090909091
787-8,cruise,sig,win5,noop,,,,0.09090909090909091
787-8,cruise,sig,win10,noop,,,,0.09090909090909091
787-8,throttle_step,det,whole,inertia_x1.6,0.13636363636363635,1.0,,
787-8,throttle_step,det,win5,inertia_x1.6,0.13636363636363635,1.0,,
787-8,throttle_step,det,win10,inertia_x1.6,0.13636363636363635,1.0,,
787-8,throttle_step,det,whole,cmq_x0.5,0.5384615384615384,1.0,0.6324786324786326,
787-8,throttle_step,det,win5,cmq_x0.5,0.5384615384615384,1.0,0.6495726495726496,
787-8,throttle_step,det,win10,cmq_x0.5,0.6153846153846154,1.0,0.6410256410256411,
787-8,throttle_step,det,whole,cmalpha_x0.7,0.7692307692307693,1.0,0.9487179487179487,
787-8,throttle_step,det,win5,cmalpha_x0.7,0.8461538461538461,1.0,0.9914529914529914,
787-8,throttle_step,det,win10,cmalpha_x0.7,0.8461538461538461,1.0,0.9829059829059829,
787-8,throttle_step,det,whole,clo_+0.1,0.7692307692307693,0.6666666666666666,0.8119658119658121,
787-8,throttle_step,det,win5,clo_+0.1,0.7692307692307693,0.6666666666666666,0.7521367521367521,
787-8,throttle_step,det,win10,clo_+0.1,0.7692307692307693,0.6666666666666666,0.7948717948717949,
787-8,throttle_step,det,whole,noop,,,,0.09090909090909091
787-8,throttle_step,det,win5,noop,,,,0.09090909090909091
787-8,throttle_step,det,win10,noop,,,,0.09090909090909091
787-8,throttle_step,sig,whole,inertia_x1.6,0.0,,,
787-8,throttle_step,sig,win5,inertia_x1.6,0.0,,,
787-8,throttle_step,sig,win10,inertia_x1.6,0.0,,,
787-8,throttle_step,sig,whole,cmq_x0.5,0.38461538461538464,1.0,0.8205128205128206,
787-8,throttle_step,sig,win5,cmq_x0.5,0.23076923076923078,1.0,0.905982905982906,
787-8,throttle_step,sig,win10,cmq_x0.5,0.38461538461538464,1.0,0.9145299145299145,
787-8,throttle_step,sig,whole,cmalpha_x0.7,0.6153846153846154,0.8888888888888888,0.7008547008547008,
787-8,throttle_step,sig,win5,cmalpha_x0.7,0.46153846153846156,0.8571428571428571,0.735042735042735,
787-8,throttle_step,sig,win10,cmalpha_x0.7,0.46153846153846156,0.8571428571428571,0.7777777777777778,
787-8,throttle_step,sig,whole,clo_+0.1,0.38461538461538464,0.7142857142857143,0.6410256410256411,
787-8,throttle_step,sig,win5,clo_+0.1,0.23076923076923078,0.6,0.7264957264957266,
787-8,throttle_step,sig,win10,clo_+0.1,0.38461538461538464,0.8333333333333334,0.7094017094017094,
787-8,throttle_step,sig,whole,noop,,,,0.0
787-8,throttle_step,sig,win5,noop,,,,0.0
787-8,throttle_step,sig,win10,noop,,,,0.0
787-8,elev_doublet,det,whole,inertia_x1.6,0.3181818181818182,1.0,,
787-8,elev_doublet,det,win5,inertia_x1.6,0.3181818181818182,1.0,,
787-8,elev_doublet,det,win10,inertia_x1.6,0.3181818181818182,1.0,,
787-8,elev_doublet,det,whole,cmq_x0.5,0.38461538461538464,0.8333333333333334,0.5213675213675214,
787-8,elev_doublet,det,win5,cmq_x0.5,0.38461538461538464,0.8333333333333334,0.52991452991453,
787-8,elev_doublet,det,win10,cmq_x0.5,0.38461538461538464,0.8333333333333334,0.5384615384615385,
787-8,elev_doublet,det,whole,cmalpha_x0.7,0.6153846153846154,0.47058823529411764,0.3076923076923077,
787-8,elev_doublet,det,win5,cmalpha_x0.7,0.6153846153846154,0.47058823529411764,0.3247863247863248,
787-8,elev_doublet,det,win10,cmalpha_x0.7,0.6153846153846154,0.47058823529411764,0.3247863247863248,
787-8,elev_doublet,det,whole,clo_+0.1,0.7692307692307693,0.5263157894736842,0.38461538461538464,
787-8,elev_doublet,det,win5,clo_+0.1,0.8461538461538461,0.55,0.4188034188034188,
787-8,elev_doublet,det,win10,clo_+0.1,0.8461538461538461,0.55,0.4017094017094017,
787-8,elev_doublet,det,whole,noop,,,,0.0
787-8,elev_doublet,det,win5,noop,,,,0.0
787-8,elev_doublet,det,win10,noop,,,,0.0
787-8,elev_doublet,sig,whole,inertia_x1.6,0.0,,,
787-8,elev_doublet,sig,win5,inertia_x1.6,0.045454545454545456,1.0,,
787-8,elev_doublet,sig,win10,inertia_x1.6,0.045454545454545456,1.0,,
787-8,elev_doublet,sig,whole,cmq_x0.5,0.0,,0.6666666666666667,
787-8,elev_doublet,sig,win5,cmq_x0.5,0.0,,0.6923076923076923,
787-8,elev_doublet,sig,win10,cmq_x0.5,0.07692307692307693,1.0,0.6923076923076923,
787-8,elev_doublet,sig,whole,cmalpha_x0.7,0.15384615384615385,0.6666666666666666,0.6752136752136753,
787-8,elev_doublet,sig,win5,cmalpha_x0.7,0.15384615384615385,0.6666666666666666,0.5897435897435898,
787-8,elev_doublet,sig,win10,cmalpha_x0.7,0.15384615384615385,0.6666666666666666,0.6239316239316239,
787-8,elev_doublet,sig,whole,clo_+0.1,0.38461538461538464,0.5,0.5042735042735043,
787-8,elev_doublet,sig,win5,clo_+0.1,0.46153846153846156,0.5454545454545454,0.5641025641025641,
787-8,elev_doublet,sig,win10,clo_+0.1,0.38461538461538464,0.625,0.5726495726495726,
787-8,elev_doublet,sig,whole,noop,,,,0.0
787-8,elev_doublet,sig,win5,noop,,,,0.045454545454545456
787-8,elev_doublet,sig,win10,noop,,,,0.045454545454545456
787-8,elev_step,det,whole,inertia_x1.6,0.45454545454545453,1.0,,
787-8,elev_step,det,win5,inertia_x1.6,0.5909090909090909,1.0,,
787-8,elev_step,det,win10,inertia_x1.6,0.5454545454545454,1.0,,
787-8,elev_step,det,whole,cmq_x0.5,0.8461538461538461,0.6470588235294118,0.8376068376068376,
787-8,elev_step,det,win5,cmq_x0.5,0.8461538461538461,0.6470588235294118,0.8461538461538461,
787-8,elev_step,det,win10,cmq_x0.5,0.8461538461538461,0.6875,0.8461538461538461,
787-8,elev_step,det,whole,cmalpha_x0.7,0.8461538461538461,0.5789473684210527,0.8803418803418804,
787-8,elev_step,det,win5,cmalpha_x0.7,1.0,0.5909090909090909,0.9145299145299145,
787-8,elev_step,det,win10,cmalpha_x0.7,1.0,0.5909090909090909,0.905982905982906,
787-8,elev_step,det,whole,clo_+0.1,0.8461538461538461,0.6111111111111112,0.7094017094017094,
787-8,elev_step,det,win5,clo_+0.1,0.8461538461538461,0.6111111111111112,0.7179487179487181,
787-8,elev_step,det,win10,clo_+0.1,0.8461538461538461,0.6111111111111112,0.7264957264957265,
787-8,elev_step,det,whole,noop,,,,0.18181818181818182
787-8,elev_step,det,win5,noop,,,,0.2727272727272727
787-8,elev_step,det,win10,noop,,,,0.3181818181818182
787-8,elev_step,sig,whole,inertia_x1.6,0.2727272727272727,1.0,,
787-8,elev_step,sig,win5,inertia_x1.6,0.0,,,
787-8,elev_step,sig,win10,inertia_x1.6,0.13636363636363635,1.0,,
787-8,elev_step,sig,whole,cmq_x0.5,0.15384615384615385,0.5,0.3076923076923077,
787-8,elev_step,sig,win5,cmq_x0.5,0.0,,0.33333333333333337,
787-8,elev_step,sig,win10,cmq_x0.5,0.15384615384615385,0.6666666666666666,0.4444444444444445,
787-8,elev_step,sig,whole,cmalpha_x0.7,0.6153846153846154,0.8888888888888888,0.7692307692307693,
787-8,elev_step,sig,win5,cmalpha_x0.7,0.46153846153846156,0.75,0.4700854700854701,
787-8,elev_step,sig,win10,cmalpha_x0.7,0.6153846153846154,0.7272727272727273,0.6153846153846154,
787-8,elev_step,sig,whole,clo_+0.1,0.5384615384615384,0.6363636363636364,0.45299145299145305,
787-8,elev_step,sig,win5,clo_+0.1,0.3076923076923077,0.5,0.4017094017094017,
787-8,elev_step,sig,win10,clo_+0.1,0.5384615384615384,0.7,0.45299145299145305,
787-8,elev_step,sig,whole,noop,,,,0.18181818181818182
787-8,elev_step,sig,win5,noop,,,,0.0
787-8,elev_step,sig,win10,noop,,,,0.13636363636363635
787-8,aileron_step,det,whole,inertia_x1.6,0.13636363636363635,1.0,,
787-8,aileron_step,det,win5,inertia_x1.6,0.13636363636363635,1.0,,
787-8,aileron_step,det,win10,inertia_x1.6,0.13636363636363635,1.0,,
787-8,aileron_step,det,whole,cmq_x0.5,0.3076923076923077,0.8,0.46153846153846156,
787-8,aileron_step,det,win5,cmq_x0.5,0.3076923076923077,1.0,0.49572649572649574,
787-8,aileron_step,det,win10,cmq_x0.5,0.3076923076923077,1.0,0.46153846153846156,
787-8,aileron_step,det,whole,cmalpha_x0.7,0.6153846153846154,0.8,0.9230769230769231,
787-8,aileron_step,det,win5,cmalpha_x0.7,0.5384615384615384,1.0,0.905982905982906,
787-8,aileron_step,det,win10,cmalpha_x0.7,0.6153846153846154,0.8888888888888888,0.7692307692307693,
787-8,aileron_step,det,whole,clo_+0.1,0.8461538461538461,0.55,0.6324786324786325,
787-8,aileron_step,det,win5,clo_+0.1,0.6923076923076923,0.5294117647058824,0.6153846153846153,
787-8,aileron_step,det,win10,clo_+0.1,0.7692307692307693,0.5263157894736842,0.5982905982905983,
787-8,aileron_step,det,whole,noop,,,,0.045454545454545456
787-8,aileron_step,det,win5,noop,,,,0.045454545454545456
787-8,aileron_step,det,win10,noop,,,,0.045454545454545456
787-8,aileron_step,sig,whole,inertia_x1.6,0.0,,,
787-8,aileron_step,sig,win5,inertia_x1.6,0.0,,,
787-8,aileron_step,sig,win10,inertia_x1.6,0.0,,,
787-8,aileron_step,sig,whole,cmq_x0.5,0.07692307692307693,1.0,0.4358974358974359,
787-8,aileron_step,sig,win5,cmq_x0.5,0.07692307692307693,1.0,0.6068376068376069,
787-8,aileron_step,sig,win10,cmq_x0.5,0.07692307692307693,1.0,0.6752136752136753,
787-8,aileron_step,sig,whole,cmalpha_x0.7,0.23076923076923078,0.75,0.8205128205128206,
787-8,aileron_step,sig,win5,cmalpha_x0.7,0.38461538461538464,0.8333333333333334,0.9487179487179487,
787-8,aileron_step,sig,win10,cmalpha_x0.7,0.46153846153846156,1.0,0.8547008547008548,
787-8,aileron_step,sig,whole,clo_+0.1,0.15384615384615385,0.2857142857142857,0.3931623931623932,
787-8,aileron_step,sig,win5,clo_+0.1,0.15384615384615385,0.3333333333333333,0.3504273504273504,
787-8,aileron_step,sig,win10,clo_+0.1,0.15384615384615385,0.3333333333333333,0.4017094017094017,
787-8,aileron_step,sig,whole,noop,,,,0.0
787-8,aileron_step,sig,win5,noop,,,,0.0
787-8,aileron_step,sig,win10,noop,,,,0.0
787-8,rudder_doublet,det,whole,inertia_x1.6,0.045454545454545456,1.0,,
787-8,rudder_doublet,det,win5,inertia_x1.6,0.045454545454545456,1.0,,
787-8,rudder_doublet,det,win10,inertia_x1.6,0.045454545454545456,1.0,,
787-8,rudder_doublet,det,whole,cmq_x0.5,0.07692307692307693,1.0,0.2564102564102564,
787-8,rudder_doublet,det,win5,cmq_x0.5,0.07692307692307693,1.0,0.26495726495726496,
787-8,rudder_doublet,det,win10,cmq_x0.5,0.07692307692307693,1.0,0.26495726495726496,
787-8,rudder_doublet,det,whole,cmalpha_x0.7,0.38461538461538464,1.0,0.5384615384615385,
787-8,rudder_doublet,det,win5,cmalpha_x0.7,0.38461538461538464,1.0,0.5213675213675214,
787-8,rudder_doublet,det,win10,cmalpha_x0.7,0.38461538461538464,1.0,0.5384615384615385,
787-8,rudder_doublet,det,whole,clo_+0.1,0.7692307692307693,0.9090909090909091,0.829059829059829,
787-8,rudder_doublet,det,win5,clo_+0.1,0.7692307692307693,0.9090909090909091,0.8290598290598291,
787-8,rudder_doublet,det,win10,clo_+0.1,0.7692307692307693,0.9090909090909091,0.8461538461538461,
787-8,rudder_doublet,det,whole,noop,,,,0.0
787-8,rudder_doublet,det,win5,noop,,,,0.0
787-8,rudder_doublet,det,win10,noop,,,,0.0
787-8,rudder_doublet,sig,whole,inertia_x1.6,0.0,,,
787-8,rudder_doublet,sig,win5,inertia_x1.6,0.045454545454545456,1.0,,
787-8,rudder_doublet,sig,win10,inertia_x1.6,0.0,,,
787-8,rudder_doublet,sig,whole,cmq_x0.5,0.0,,0.49572649572649574,
787-8,rudder_doublet,sig,win5,cmq_x0.5,0.0,0.0,0.45299145299145305,
787-8,rudder_doublet,sig,win10,cmq_x0.5,0.0,,0.5213675213675214,
787-8,rudder_doublet,sig,whole,cmalpha_x0.7,0.46153846153846156,1.0,0.811965811965812,
787-8,rudder_doublet,sig,win5,cmalpha_x0.7,0.23076923076923078,1.0,0.8803418803418803,
787-8,rudder_doublet,sig,win10,cmalpha_x0.7,0.46153846153846156,1.0,0.8461538461538461,
787-8,rudder_doublet,sig,whole,clo_+0.1,0.15384615384615385,1.0,0.717948717948718,
787-8,rudder_doublet,sig,win5,clo_+0.1,0.0,0.0,0.7264957264957265,
787-8,rudder_doublet,sig,win10,clo_+0.1,0.15384615384615385,1.0,0.7094017094017094,
787-8,rudder_doublet,sig,whole,noop,,,,0.0
787-8,rudder_doublet,sig,win5,noop,,,,0.045454545454545456
787-8,rudder_doublet,sig,win10,noop,,,,0.0
787-8,bank_hold,det,whole,inertia_x1.6,0.09090909090909091,1.0,,
787-8,bank_hold,det,win5,inertia_x1.6,0.09090909090909091,1.0,,
787-8,bank_hold,det,win10,inertia_x1.6,0.09090909090909091,1.0,,
787-8,bank_hold,det,whole,cmq_x0.5,0.3076923076923077,1.0,0.5555555555555556,
787-8,bank_hold,det,win5,cmq_x0.5,0.3076923076923077,1.0,0.5555555555555556,
787-8,bank_hold,det,win10,cmq_x0.5,0.3076923076923077,1.0,0.5555555555555556,
787-8,bank_hold,det,whole,cmalpha_x0.7,0.6923076923076923,0.9,0.7692307692307693,
787-8,bank_hold,det,win5,cmalpha_x0.7,0.6923076923076923,0.9,0.7692307692307693,
787-8,bank_hold,det,win10,cmalpha_x0.7,0.6923076923076923,0.9,0.7692307692307693,
787-8,bank_hold,det,whole,clo_+0.1,0.8461538461538461,0.6111111111111112,0.8461538461538461,
787-8,bank_hold,det,win5,clo_+0.1,0.9230769230769231,0.631578947368421,0.7521367521367521,
787-8,bank_hold,det,win10,clo_+0.1,0.9230769230769231,0.631578947368421,0.7692307692307692,
787-8,bank_hold,det,whole,noop,,,,0.0
787-8,bank_hold,det,win5,noop,,,,0.0
787-8,bank_hold,det,win10,noop,,,,0.0
787-8,bank_hold,sig,whole,inertia_x1.6,0.0,,,
787-8,bank_hold,sig,win5,inertia_x1.6,0.0,,,
787-8,bank_hold,sig,win10,inertia_x1.6,0.0,,,
787-8,bank_hold,sig,whole,cmq_x0.5,0.23076923076923078,1.0,0.5555555555555556,
787-8,bank_hold,sig,win5,cmq_x0.5,0.3076923076923077,1.0,0.8034188034188035,
787-8,bank_hold,sig,win10,cmq_x0.5,0.15384615384615385,1.0,0.8803418803418803,
787-8,bank_hold,sig,whole,cmalpha_x0.7,0.46153846153846156,0.8571428571428571,0.8376068376068376,
787-8,bank_hold,sig,win5,cmalpha_x0.7,0.38461538461538464,0.8333333333333334,0.8632478632478633,
787-8,bank_hold,sig,win10,cmalpha_x0.7,0.38461538461538464,0.8333333333333334,0.9487179487179487,
787-8,bank_hold,sig,whole,clo_+0.1,0.3076923076923077,0.4444444444444444,0.5897435897435898,
787-8,bank_hold,sig,win5,clo_+0.1,0.23076923076923078,0.42857142857142855,0.4786324786324786,
787-8,bank_hold,sig,win10,clo_+0.1,0.23076923076923078,0.42857142857142855,0.5555555555555556,
787-8,bank_hold,sig,whole,noop,,,,0.0
787-8,bank_hold,sig,win5,noop,,,,0.0
787-8,bank_hold,sig,win10,noop,,,,0.0
787-8,flap_extend,det,whole,inertia_x1.6,0.09090909090909091,1.0,,
787-8,flap_extend,det,win5,inertia_x1.6,0.09090909090909091,1.0,,
787-8,flap_extend,det,win10,inertia_x1.6,0.09090909090909091,1.0,,
787-8,flap_extend,det,whole,cmq_x0.5,0.6923076923076923,0.6,0.6068376068376069,
787-8,flap_extend,det,win5,cmq_x0.5,0.6923076923076923,0.6428571428571429,0.6239316239316239,
787-8,flap_extend,det,win10,cmq_x0.5,0.6923076923076923,0.6,0.6324786324786325,
787-8,flap_extend,det,whole,cmalpha_x0.7,1.0,0.5909090909090909,0.4273504273504274,
787-8,flap_extend,det,win5,cmalpha_x0.7,1.0,0.5909090909090909,0.3846153846153847,
787-8,flap_extend,det,win10,cmalpha_x0.7,1.0,0.5909090909090909,0.4017094017094017,
787-8,flap_extend,det,whole,clo_+0.1,1.0,0.5909090909090909,0.5726495726495726,
787-8,flap_extend,det,win5,clo_+0.1,1.0,0.5909090909090909,0.47008547008547014,
787-8,flap_extend,det,win10,clo_+0.1,1.0,0.5909090909090909,0.5384615384615384,
787-8,flap_extend,det,whole,noop,,,,0.0
787-8,flap_extend,det,win5,noop,,,,0.0
787-8,flap_extend,det,win10,noop,,,,0.0
787-8,flap_extend,sig,whole,inertia_x1.6,0.045454545454545456,1.0,,
787-8,flap_extend,sig,win5,inertia_x1.6,0.045454545454545456,1.0,,
787-8,flap_extend,sig,win10,inertia_x1.6,0.0,,,
787-8,flap_extend,sig,whole,cmq_x0.5,0.23076923076923078,0.6,0.5213675213675214,
787-8,flap_extend,sig,win5,cmq_x0.5,0.23076923076923078,0.75,0.49572649572649574,
787-8,flap_extend,sig,win10,cmq_x0.5,0.23076923076923078,0.75,0.4017094017094017,
787-8,flap_extend,sig,whole,cmalpha_x0.7,0.5384615384615384,0.5833333333333334,0.5299145299145299,
787-8,flap_extend,sig,win5,cmalpha_x0.7,0.5384615384615384,0.7,0.5897435897435896,
787-8,flap_extend,sig,win10,cmalpha_x0.7,0.5384615384615384,0.7,0.5128205128205128,
787-8,flap_extend,sig,whole,clo_+0.1,0.5384615384615384,0.5384615384615384,0.41880341880341876,
787-8,flap_extend,sig,win5,clo_+0.1,0.5384615384615384,0.5833333333333334,0.37606837606837606,
787-8,flap_extend,sig,win10,clo_+0.1,0.5384615384615384,0.5384615384615384,0.41025641025641024,
787-8,flap_extend,sig,whole,noop,,,,0.0
787-8,flap_extend,sig,win5,noop,,,,0.0
787-8,flap_extend,sig,win10,noop,,,,0.0
787-8,engine_cut,det,whole,inertia_x1.6,0.09090909090909091,1.0,,
787-8,engine_cut,det,win5,inertia_x1.6,0.09090909090909091,1.0,,
787-8,engine_cut,det,win10,inertia_x1.6,0.09090909090909091,1.0,,
787-8,engine_cut,det,whole,cmq_x0.5,0.6153846153846154,1.0,0.829059829059829,
787-8,engine_cut,det,win5,cmq_x0.5,0.6153846153846154,1.0,0.7521367521367521,
787-8,engine_cut,det,win10,cmq_x0.5,0.6153846153846154,1.0,0.7606837606837606,
787-8,engine_cut,det,whole,cmalpha_x0.7,0.8461538461538461,0.8461538461538461,1.0,
787-8,engine_cut,det,win5,cmalpha_x0.7,0.8461538461538461,0.9166666666666666,1.0,
787-8,engine_cut,det,win10,cmalpha_x0.7,0.8461538461538461,0.9166666666666666,1.0,
787-8,engine_cut,det,whole,clo_+0.1,0.8461538461538461,0.55,0.7606837606837606,
787-8,engine_cut,det,win5,clo_+0.1,0.8461538461538461,0.6111111111111112,0.7777777777777778,
787-8,engine_cut,det,win10,clo_+0.1,0.8461538461538461,0.5789473684210527,0.7692307692307693,
787-8,engine_cut,det,whole,noop,,,,0.045454545454545456
787-8,engine_cut,det,win5,noop,,,,0.045454545454545456
787-8,engine_cut,det,win10,noop,,,,0.045454545454545456
787-8,engine_cut,sig,whole,inertia_x1.6,0.0,,,
787-8,engine_cut,sig,win5,inertia_x1.6,0.045454545454545456,1.0,,
787-8,engine_cut,sig,win10,inertia_x1.6,0.09090909090909091,1.0,,
787-8,engine_cut,sig,whole,cmq_x0.5,0.23076923076923078,1.0,0.4957264957264958,
787-8,engine_cut,sig,win5,cmq_x0.5,0.15384615384615385,1.0,0.6324786324786325,
787-8,engine_cut,sig,win10,cmq_x0.5,0.15384615384615385,1.0,0.5811965811965812,
787-8,engine_cut,sig,whole,cmalpha_x0.7,0.5384615384615384,0.875,0.717948717948718,
787-8,engine_cut,sig,win5,cmalpha_x0.7,0.3076923076923077,0.8,0.8205128205128206,
787-8,engine_cut,sig,win10,cmalpha_x0.7,0.23076923076923078,0.75,0.7863247863247863,
787-8,engine_cut,sig,whole,clo_+0.1,0.46153846153846156,0.6,0.6324786324786325,
787-8,engine_cut,sig,win5,clo_+0.1,0.5384615384615384,0.6363636363636364,0.6239316239316238,
787-8,engine_cut,sig,win10,clo_+0.1,0.5384615384615384,0.5833333333333334,0.6495726495726496,
787-8,engine_cut,sig,whole,noop,,,,0.0
787-8,engine_cut,sig,win5,noop,,,,0.09090909090909091
787-8,engine_cut,sig,win10,noop,,,,0.045454545454545456
787-8,climbing_turn,det,whole,inertia_x1.6,0.22727272727272727,1.0,,
787-8,climbing_turn,det,win5,inertia_x1.6,0.22727272727272727,1.0,,
787-8,climbing_turn,det,win10,inertia_x1.6,0.22727272727272727,1.0,,
787-8,climbing_turn,det,whole,cmq_x0.5,0.6153846153846154,1.0,0.811965811965812,
787-8,climbing_turn,det,win5,cmq_x0.5,0.6153846153846154,1.0,0.8034188034188035,
787-8,climbing_turn,det,win10,cmq_x0.5,0.6153846153846154,1.0,0.8376068376068376,
787-8,climbing_turn,det,whole,cmalpha_x0.7,1.0,0.6190476190476191,0.9743589743589743,
787-8,climbing_turn,det,win5,cmalpha_x0.7,1.0,0.6842105263157895,0.982905982905983,
787-8,climbing_turn,det,win10,cmalpha_x0.7,1.0,0.8125,0.982905982905983,
787-8,climbing_turn,det,whole,clo_+0.1,0.7692307692307693,0.5555555555555556,0.7350427350427351,
787-8,climbing_turn,det,win5,clo_+0.1,0.7692307692307693,0.5882352941176471,0.7264957264957265,
787-8,climbing_turn,det,win10,clo_+0.1,0.6923076923076923,0.5294117647058824,0.735042735042735,
787-8,climbing_turn,det,whole,noop,,,,0.0
787-8,climbing_turn,det,win5,noop,,,,0.0
787-8,climbing_turn,det,win10,noop,,,,0.0
787-8,climbing_turn,sig,whole,inertia_x1.6,0.09090909090909091,1.0,,
787-8,climbing_turn,sig,win5,inertia_x1.6,0.13636363636363635,1.0,,
787-8,climbing_turn,sig,win10,inertia_x1.6,0.18181818181818182,1.0,,
787-8,climbing_turn,sig,whole,cmq_x0.5,0.38461538461538464,1.0,0.8717948717948718,
787-8,climbing_turn,sig,win5,cmq_x0.5,0.23076923076923078,0.75,0.7606837606837608,
787-8,climbing_turn,sig,win10,cmq_x0.5,0.3076923076923077,1.0,0.7435897435897436,
787-8,climbing_turn,sig,whole,cmalpha_x0.7,0.9230769230769231,0.75,0.9230769230769231,
787-8,climbing_turn,sig,win5,cmalpha_x0.7,0.6153846153846154,0.7272727272727273,0.7606837606837606,
787-8,climbing_turn,sig,win10,cmalpha_x0.7,0.9230769230769231,0.75,0.811965811965812,
787-8,climbing_turn,sig,whole,clo_+0.1,0.6153846153846154,0.5714285714285714,0.6324786324786325,
787-8,climbing_turn,sig,win5,clo_+0.1,0.7692307692307693,0.6666666666666666,0.5384615384615385,
787-8,climbing_turn,sig,win10,clo_+0.1,0.8461538461538461,0.6470588235294118,0.5982905982905984,
787-8,climbing_turn,sig,whole,noop,,,,0.09090909090909091
787-8,climbing_turn,sig,win5,noop,,,,0.13636363636363635
787-8,climbing_turn,sig,win10,noop,,,,0.18181818181818182
787-8,elev_doublet_distractor,det,whole,inertia_x1.6,0.22727272727272727,1.0,,
787-8,elev_doublet_distractor,det,win5,inertia_x1.6,0.22727272727272727,1.0,,
787-8,elev_doublet_distractor,det,win10,inertia_x1.6,0.22727272727272727,1.0,,
787-8,elev_doublet_distractor,det,whole,cmq_x0.5,0.38461538461538464,1.0,0.5726495726495726,
787-8,elev_doublet_distractor,det,win5,cmq_x0.5,0.38461538461538464,1.0,0.452991452991453,
787-8,elev_doublet_distractor,det,win10,cmq_x0.5,0.38461538461538464,1.0,0.4786324786324787,
787-8,elev_doublet_distractor,det,whole,cmalpha_x0.7,0.7692307692307693,0.9090909090909091,1.0,
787-8,elev_doublet_distractor,det,win5,cmalpha_x0.7,0.8461538461538461,0.9166666666666666,1.0,
787-8,elev_doublet_distractor,det,win10,cmalpha_x0.7,0.8461538461538461,0.9166666666666666,1.0,
787-8,elev_doublet_distractor,det,whole,clo_+0.1,0.8461538461538461,0.9166666666666666,0.8461538461538461,
787-8,elev_doublet_distractor,det,win5,clo_+0.1,0.8461538461538461,1.0,0.8461538461538461,
787-8,elev_doublet_distractor,det,win10,clo_+0.1,0.8461538461538461,0.9166666666666666,0.8461538461538461,
787-8,elev_doublet_distractor,det,whole,noop,,,,0.0
787-8,elev_doublet_distractor,det,win5,noop,,,,0.0
787-8,elev_doublet_distractor,det,win10,noop,,,,0.0
787-8,elev_doublet_distractor,sig,whole,inertia_x1.6,0.0,,,
787-8,elev_doublet_distractor,sig,win5,inertia_x1.6,0.0,,,
787-8,elev_doublet_distractor,sig,win10,inertia_x1.6,0.0,,,
787-8,elev_doublet_distractor,sig,whole,cmq_x0.5,0.0,,0.38461538461538464,
787-8,elev_doublet_distractor,sig,win5,cmq_x0.5,0.0,,0.41025641025641035,
787-8,elev_doublet_distractor,sig,win10,cmq_x0.5,0.0,,0.4358974358974359,
787-8,elev_doublet_distractor,sig,whole,cmalpha_x0.7,0.23076923076923078,1.0,0.7008547008547008,
787-8,elev_doublet_distractor,sig,win5,cmalpha_x0.7,0.07692307692307693,1.0,0.811965811965812,
787-8,elev_doublet_distractor,sig,win10,cmalpha_x0.7,0.15384615384615385,1.0,0.8376068376068376,
787-8,elev_doublet_distractor,sig,whole,clo_+0.1,0.07692307692307693,0.25,0.5299145299145299,
787-8,elev_doublet_distractor,sig,win5,clo_+0.1,0.0,0.0,0.6324786324786325,
787-8,elev_doublet_distractor,sig,win10,clo_+0.1,0.0,0.0,0.5982905982905984,
787-8,elev_doublet_distractor,sig,whole,noop,,,,0.0
787-8,elev_doublet_distractor,sig,win5,noop,,,,0.0
787-8,elev_doublet_distractor,sig,win10,noop,,,,0.0
787-8,engine_restart,det,whole,inertia_x1.6,0.045454545454545456,1.0,,
787-8,engine_restart,det,win5,inertia_x1.6,0.045454545454545456,1.0,,
787-8,engine_restart,det,win10,inertia_x1.6,0.045454545454545456,1.0,,
787-8,engine_restart,det,whole,cmq_x0.5,0.6923076923076923,1.0,0.9230769230769231,
787-8,engine_restart,det,win5,cmq_x0.5,0.8461538461538461,1.0,1.0,
787-8,engine_restart,det,win10,cmq_x0.5,0.7692307692307693,0.9090909090909091,1.0,
787-8,engine_restart,det,whole,cmalpha_x0.7,0.7692307692307693,0.625,0.7777777777777778,
787-8,engine_restart,det,win5,cmalpha_x0.7,0.8461538461538461,0.6470588235294118,0.8632478632478633,
787-8,engine_restart,det,win10,cmalpha_x0.7,0.8461538461538461,0.6111111111111112,0.8547008547008548,
787-8,engine_restart,det,whole,clo_+0.1,0.7692307692307693,0.5263157894736842,0.6581196581196582,
787-8,engine_restart,det,win5,clo_+0.1,0.9230769230769231,0.5714285714285714,0.5811965811965812,
787-8,engine_restart,det,win10,clo_+0.1,0.9230769230769231,0.5714285714285714,0.6581196581196582,
787-8,engine_restart,det,whole,noop,,,,0.0
787-8,engine_restart,det,win5,noop,,,,0.0
787-8,engine_restart,det,win10,noop,,,,0.0
787-8,engine_restart,sig,whole,inertia_x1.6,0.18181818181818182,1.0,,
787-8,engine_restart,sig,win5,inertia_x1.6,0.045454545454545456,1.0,,
787-8,engine_restart,sig,win10,inertia_x1.6,0.045454545454545456,1.0,,
787-8,engine_restart,sig,whole,cmq_x0.5,0.46153846153846156,0.75,0.8717948717948718,
787-8,engine_restart,sig,win5,cmq_x0.5,0.6153846153846154,0.8888888888888888,0.7692307692307693,
787-8,engine_restart,sig,win10,cmq_x0.5,0.6153846153846154,0.8888888888888888,0.7948717948717949,
787-8,engine_restart,sig,whole,cmalpha_x0.7,0.8461538461538461,0.9166666666666666,0.829059829059829,
787-8,engine_restart,sig,win5,cmalpha_x0.7,0.6923076923076923,0.8181818181818182,0.9572649572649573,
787-8,engine_restart,sig,win10,cmalpha_x0.7,0.6923076923076923,0.8181818181818182,1.0,
787-8,engine_restart,sig,whole,clo_+0.1,0.6153846153846154,0.5714285714285714,0.829059829059829,
787-8,engine_restart,sig,win5,clo_+0.1,0.6153846153846154,0.6666666666666666,0.905982905982906,
787-8,engine_restart,sig,win10,clo_+0.1,0.6153846153846154,0.6153846153846154,0.8461538461538463,
787-8,engine_restart,sig,whole,noop,,,,0.09090909090909091
787-8,engine_restart,sig,win5,noop,,,,0.045454545454545456
787-8,engine_restart,sig,win10,noop,,,,0.045454545454545456
A320,cruise,det,whole,inertia_x1.6,0.18181818181818182,1.0,,
A320,cruise,det,win5,inertia_x1.6,0.13636363636363635,1.0,,
A320,cruise,det,win10,inertia_x1.6,0.13636363636363635,1.0,,
A320,cruise,det,whole,cmq_x0.5,0.23076923076923078,0.6,0.5042735042735043,
A320,cruise,det,win5,cmq_x0.5,0.23076923076923078,0.75,0.48717948717948717,
A320,cruise,det,win10,cmq_x0.5,0.23076923076923078,1.0,0.4786324786324786,
A320,cruise,det,whole,cmalpha_x0.7,0.6153846153846154,0.8,0.8974358974358975,
A320,cruise,det,win5,cmalpha_x0.7,0.6153846153846154,0.8,0.829059829059829,
A320,cruise,det,win10,cmalpha_x0.7,0.6153846153846154,0.8,0.8632478632478633,
A320,cruise,det,whole,clo_+0.1,0.8461538461538461,0.6470588235294118,0.7179487179487181,
A320,cruise,det,win5,clo_+0.1,0.8461538461538461,0.6470588235294118,0.7264957264957265,
A320,cruise,det,win10,clo_+0.1,0.8461538461538461,0.6470588235294118,0.7264957264957265,
A320,cruise,det,whole,noop,,,,0.22727272727272727
A320,cruise,det,win5,noop,,,,0.18181818181818182
A320,cruise,det,win10,noop,,,,0.13636363636363635
A320,cruise,sig,whole,inertia_x1.6,0.13636363636363635,1.0,,
A320,cruise,sig,win5,inertia_x1.6,0.09090909090909091,1.0,,
A320,cruise,sig,win10,inertia_x1.6,0.045454545454545456,1.0,,
A320,cruise,sig,whole,cmq_x0.5,0.07692307692307693,1.0,0.6410256410256411,
A320,cruise,sig,win5,cmq_x0.5,0.0,,0.5512820512820513,
A320,cruise,sig,win10,cmq_x0.5,0.0,,0.6196581196581197,
A320,cruise,sig,whole,cmalpha_x0.7,0.6923076923076923,0.9,0.8205128205128206,
A320,cruise,sig,win5,cmalpha_x0.7,0.5384615384615384,0.6363636363636364,0.6837606837606838,
A320,cruise,sig,win10,cmalpha_x0.7,0.5384615384615384,0.7777777777777778,0.6923076923076923,
A320,cruise,sig,whole,clo_+0.1,0.23076923076923078,0.5,0.6153846153846154,
A320,cruise,sig,win5,clo_+0.1,0.23076923076923078,0.6,0.6025641025641026,
A320,cruise,sig,win10,clo_+0.1,0.3076923076923077,0.8,0.594017094017094,
A320,cruise,sig,whole,noop,,,,0.0
A320,cruise,sig,win5,noop,,,,0.0
A320,cruise,sig,win10,noop,,,,0.0
A320,throttle_step,det,whole,inertia_x1.6,0.3181818181818182,1.0,,
A320,throttle_step,det,win5,inertia_x1.6,0.2727272727272727,1.0,,
A320,throttle_step,det,win10,inertia_x1.6,0.2727272727272727,1.0,,
A320,throttle_step,det,whole,cmq_x0.5,0.38461538461538464,0.8333333333333334,0.46153846153846156,
A320,throttle_step,det,win5,cmq_x0.5,0.23076923076923078,0.75,0.3504273504273504,
A320,throttle_step,det,win10,cmq_x0.5,0.23076923076923078,0.75,0.36752136752136755,
A320,throttle_step,det,whole,cmalpha_x0.7,0.6923076923076923,0.8181818181818182,0.811965811965812,
A320,throttle_step,det,win5,cmalpha_x0.7,0.6923076923076923,0.9,0.7521367521367521,
A320,throttle_step,det,win10,cmalpha_x0.7,0.6923076923076923,0.9,0.7606837606837606,
A320,throttle_step,det,whole,clo_+0.1,0.8461538461538461,0.6470588235294118,0.7863247863247863,
A320,throttle_step,det,win5,clo_+0.1,0.8461538461538461,0.6470588235294118,0.7692307692307693,
A320,throttle_step,det,win10,clo_+0.1,0.8461538461538461,0.6875,0.7777777777777778,
A320,throttle_step,det,whole,noop,,,,0.18181818181818182
A320,throttle_step,det,win5,noop,,,,0.18181818181818182
A320,throttle_step,det,win10,noop,,,,0.18181818181818182
A320,throttle_step,sig,whole,inertia_x1.6,0.09090909090909091,1.0,,
A320,throttle_step,sig,win5,inertia_x1.6,0.045454545454545456,1.0,,
A320,throttle_step,sig,win10,inertia_x1.6,0.09090909090909091,1.0,,
A320,throttle_step,sig,whole,cmq_x0.5,0.07692307692307693,1.0,0.4871794871794872,
A320,throttle_step,sig,win5,cmq_x0.5,0.07692307692307693,1.0,0.6666666666666667,
A320,throttle_step,sig,win10,cmq_x0.5,0.0,0.0,0.49572649572649574,
A320,throttle_step,sig,whole,cmalpha_x0.7,0.5384615384615384,0.875,0.5897435897435898,
A320,throttle_step,sig,win5,cmalpha_x0.7,0.15384615384615385,0.3333333333333333,0.6410256410256411,
A320,throttle_step,sig,win10,cmalpha_x0.7,0.38461538461538464,0.45454545454545453,0.5213675213675214,
A320,throttle_step,sig,whole,clo_+0.1,0.7692307692307693,0.8333333333333334,0.7435897435897436,
A320,throttle_step,sig,win5,clo_+0.1,0.5384615384615384,0.7,0.7863247863247864,
A320,throttle_step,sig,win10,clo_+0.1,0.46153846153846156,0.6666666666666666,0.7094017094017094,
A320,throttle_step,sig,whole,noop,,,,0.045454545454545456
A320,throttle_step,sig,win5,noop,,,,0.045454545454545456
A320,throttle_step,sig,win10,noop,,,,0.045454545454545456
A320,elev_doublet,det,whole,inertia_x1.6,0.45454545454545453,1.0,,
A320,elev_doublet,det,win5,inertia_x1.6,0.5,1.0,,
A320,elev_doublet,det,win10,inertia_x1.6,0.5454545454545454,1.0,,
A320,elev_doublet,det,whole,cmq_x0.5,0.0,,0.5128205128205129,
A320,elev_doublet,det,win5,cmq_x0.5,0.0,,0.41880341880341887,
A320,elev_doublet,det,win10,cmq_x0.5,0.0,,0.47008547008547014,
A320,elev_doublet,det,whole,cmalpha_x0.7,0.5384615384615384,0.6363636363636364,0.6068376068376069,
A320,elev_doublet,det,win5,cmalpha_x0.7,0.5384615384615384,0.5833333333333334,0.5641025641025641,
A320,elev_doublet,det,win10,cmalpha_x0.7,0.5384615384615384,0.5833333333333334,0.5726495726495726,
A320,elev_doublet,det,whole,clo_+0.1,0.6153846153846154,0.5714285714285714,0.4102564102564103,
A320,elev_doublet,det,win5,clo_+0.1,0.5384615384615384,0.5384615384615384,0.43589743589743596,
A320,elev_doublet,det,win10,clo_+0.1,0.6153846153846154,0.5714285714285714,0.43589743589743596,
A320,elev_doublet,det,whole,noop,,,,0.0
A320,elev_doublet,det,win5,noop,,,,0.0
A320,elev_doublet,det,win10,noop,,,,0.0
A320,elev_doublet,sig,whole,inertia_x1.6,0.13636363636363635,1.0,,
A320,elev_doublet,sig,win5,inertia_x1.6,0.09090909090909091,1.0,,
A320,elev_doublet,sig,win10,inertia_x1.6,0.13636363636363635,1.0,,
A320,elev_doublet,sig,whole,cmq_x0.5,0.0,0.0,0.45299145299145305,
A320,elev_doublet,sig,win5,cmq_x0.5,0.0,0.0,0.5042735042735043,
A320,elev_doublet,sig,win10,cmq_x0.5,0.0,0.0,0.49572649572649574,
A320,elev_doublet,sig,whole,cmalpha_x0.7,0.23076923076923078,0.75,0.6495726495726496,
A320,elev_doublet,sig,win5,cmalpha_x0.7,0.3076923076923077,0.8,0.735042735042735,
A320,elev_doublet,sig,win10,cmalpha_x0.7,0.15384615384615385,0.6666666666666666,0.6581196581196581,
A320,elev_doublet,sig,whole,clo_+0.1,0.15384615384615385,0.5,0.5982905982905984,
A320,elev_doublet,sig,win5,clo_+0.1,0.15384615384615385,1.0,0.6495726495726496,
A320,elev_doublet,sig,win10,clo_+0.1,0.3076923076923077,1.0,0.5982905982905984,
A320,elev_doublet,sig,whole,noop,,,,0.045454545454545456
A320,elev_doublet,sig,win5,noop,,,,0.045454545454545456
A320,elev_doublet,sig,win10,noop,,,,0.045454545454545456
A320,elev_step,det,whole,inertia_x1.6,0.45454545454545453,1.0,,
A320,elev_step,det,win5,inertia_x1.6,0.5454545454545454,1.0,,
A320,elev_step,det,win10,inertia_x1.6,0.45454545454545453,1.0,,
A320,elev_step,det,whole,cmq_x0.5,0.0,0.0,0.13675213675213677,
A320,elev_step,det,win5,cmq_x0.5,0.0,0.0,0.07692307692307694,
A320,elev_step,det,win10,cmq_x0.5,0.0,0.0,0.12820512820512822,
A320,elev_step,det,whole,cmalpha_x0.7,1.0,0.6190476190476191,1.0,
A320,elev_step,det,win5,cmalpha_x0.7,1.0,0.5909090909090909,1.0,
A320,elev_step,det,win10,cmalpha_x0.7,1.0,0.5909090909090909,1.0,
A320,elev_step,det,whole,clo_+0.1,0.8461538461538461,0.55,0.6923076923076923,
A320,elev_step,det,win5,clo_+0.1,0.8461538461538461,0.55,0.7863247863247864,
A320,elev_step,det,win10,clo_+0.1,0.8461538461538461,0.55,0.7777777777777778,
A320,elev_step,det,whole,noop,,,,0.18181818181818182
A320,elev_step,det,win5,noop,,,,0.18181818181818182
A320,elev_step,det,win10,noop,,,,0.18181818181818182
A320,elev_step,sig,whole,inertia_x1.6,0.045454545454545456,1.0,,
A320,elev_step,sig,win5,inertia_x1.6,0.0,,,
A320,elev_step,sig,win10,inertia_x1.6,0.045454545454545456,1.0,,
A320,elev_step,sig,whole,cmq_x0.5,0.0,,0.5726495726495726,
A320,elev_step,sig,win5,cmq_x0.5,0.0,,0.6495726495726497,
A320,elev_step,sig,win10,cmq_x0.5,0.0,,0.6324786324786326,
A320,elev_step,sig,whole,cmalpha_x0.7,0.5384615384615384,0.875,0.7350427350427351,
A320,elev_step,sig,win5,cmalpha_x0.7,0.38461538461538464,0.8333333333333334,0.8205128205128205,
A320,elev_step,sig,win10,cmalpha_x0.7,0.46153846153846156,0.8571428571428571,0.7948717948717948,
A320,elev_step,sig,whole,clo_+0.1,0.3076923076923077,1.0,0.7948717948717949,
A320,elev_step,sig,win5,clo_+0.1,0.3076923076923077,0.4444444444444444,0.7008547008547008,
A320,elev_step,sig,win10,clo_+0.1,0.5384615384615384,0.7,0.7521367521367521,
A320,elev_step,sig,whole,noop,,,,0.0
A320,elev_step,sig,win5,noop,,,,0.0
A320,elev_step,sig,win10,noop,,,,0.0
A320,aileron_step,det,whole,inertia_x1.6,0.3181818181818182,1.0,,
A320,aileron_step,det,win5,inertia_x1.6,0.3181818181818182,1.0,,
A320,aileron_step,det,win10,inertia_x1.6,0.3181818181818182,1.0,,
A320,aileron_step,det,whole,cmq_x0.5,0.07692307692307693,1.0,0.5470085470085471,
A320,aileron_step,det,win5,cmq_x0.5,0.0,,0.4358974358974359,
A320,aileron_step,det,win10,cmq_x0.5,0.07692307692307693,1.0,0.41880341880341887,
A320,aileron_step,det,whole,cmalpha_x0.7,0.3076923076923077,1.0,0.5470085470085471,
A320,aileron_step,det,win5,cmalpha_x0.7,0.3076923076923077,1.0,0.3076923076923077,
A320,aileron_step,det,win10,cmalpha_x0.7,0.3076923076923077,1.0,0.3076923076923077,
A320,aileron_step,det,whole,clo_+0.1,0.9230769230769231,0.6,0.5555555555555556,
A320,aileron_step,det,win5,clo_+0.1,0.7692307692307693,0.5555555555555556,0.4444444444444445,
A320,aileron_step,det,win10,clo_+0.1,0.7692307692307693,0.5555555555555556,0.5299145299145299,
A320,aileron_step,det,whole,noop,,,,0.0
A320,aileron_step,det,win5,noop,,,,0.0
A320,aileron_step,det,win10,noop,,,,0.0
A320,aileron_step,sig,whole,inertia_x1.6,0.045454545454545456,1.0,,
A320,aileron_step,sig,win5,inertia_x1.6,0.045454545454545456,1.0,,
A320,aileron_step,sig,win10,inertia_x1.6,0.045454545454545456,1.0,,
A320,aileron_step,sig,whole,cmq_x0.5,0.0,0.0,0.7692307692307692,
A320,aileron_step,sig,win5,cmq_x0.5,0.0,0.0,0.6752136752136753,
A320,aileron_step,sig,win10,cmq_x0.5,0.0,0.0,0.8034188034188035,
A320,aileron_step,sig,whole,cmalpha_x0.7,0.23076923076923078,0.5,0.7264957264957266,
A320,aileron_step,sig,win5,cmalpha_x0.7,0.15384615384615385,0.4,0.6752136752136753,
A320,aileron_step,sig,win10,cmalpha_x0.7,0.23076923076923078,0.5,0.7435897435897436,
A320,aileron_step,sig,whole,clo_+0.1,0.38461538461538464,0.4166666666666667,0.358974358974359,
A320,aileron_step,sig,win5,clo_+0.1,0.15384615384615385,0.2222222222222222,0.23076923076923078,
A320,aileron_step,sig,win10,clo_+0.1,0.15384615384615385,0.2222222222222222,0.3418803418803419,
A320,aileron_step,sig,whole,noop,,,,0.045454545454545456
A320,aileron_step,sig,win5,noop,,,,0.045454545454545456
A320,aileron_step,sig,win10,noop,,,,0.045454545454545456
A320,rudder_doublet,det,whole,inertia_x1.6,0.3181818181818182,1.0,,
A320,rudder_doublet,det,win5,inertia_x1.6,0.3181818181818182,1.0,,
A320,rudder_doublet,det,win10,inertia_x1.6,0.3181818181818182,1.0,,
A320,rudder_doublet,det,whole,cmq_x0.5,0.23076923076923078,1.0,0.41025641025641024,
A320,rudder_doublet,det,win5,cmq_x0.5,0.3076923076923077,0.8,0.4358974358974359,
A320,rudder_doublet,det,win10,cmq_x0.5,0.23076923076923078,1.0,0.4358974358974359,
A320,rudder_doublet,det,whole,cmalpha_x0.7,0.8461538461538461,1.0,0.905982905982906,
A320,rudder_doublet,det,win5,cmalpha_x0.7,0.7692307692307693,1.0,0.8974358974358976,
A320,rudder_doublet,det,win10,cmalpha_x0.7,0.7692307692307693,1.0,0.888888888888889,
A320,rudder_doublet,det,whole,clo_+0.1,0.46153846153846156,0.8571428571428571,0.7094017094017095,
A320,rudder_doublet,det,win5,clo_+0.1,0.46153846153846156,0.8571428571428571,0.717948717948718,
A320,rudder_doublet,det,win10,clo_+0.1,0.46153846153846156,0.8571428571428571,0.7008547008547009,
A320,rudder_doublet,det,whole,noop,,,,0.13636363636363635
A320,rudder_doublet,det,win5,noop,,,,0.18181818181818182
A320,rudder_doublet,det,win10,noop,,,,0.13636363636363635
A320,rudder_doublet,sig,whole,inertia_x1.6,0.045454545454545456,1.0,,
A320,rudder_doublet,sig,win5,inertia_x1.6,0.0,,,
A320,rudder_doublet,sig,win10,inertia_x1.6,0.045454545454545456,1.0,,
A320,rudder_doublet,sig,whole,cmq_x0.5,0.0,0.0,0.49572649572649574,
A320,rudder_doublet,sig,win5,cmq_x0.5,0.0,0.0,0.5128205128205129,
A320,rudder_doublet,sig,win10,cmq_x0.5,0.0,0.0,0.4786324786324787,
A320,rudder_doublet,sig,whole,cmalpha_x0.7,0.3076923076923077,1.0,0.9743589743589745,
A320,rudder_doublet,sig,win5,cmalpha_x0.7,0.15384615384615385,1.0,0.9230769230769231,
A320,rudder_doublet,sig,win10,cmalpha_x0.7,0.15384615384615385,1.0,0.9572649572649573,
A320,rudder_doublet,sig,whole,clo_+0.1,0.15384615384615385,1.0,0.7008547008547008,
A320,rudder_doublet,sig,win5,clo_+0.1,0.07692307692307693,1.0,0.8461538461538463,
A320,rudder_doublet,sig,win10,clo_+0.1,0.07692307692307693,1.0,0.7692307692307692,
A320,rudder_doublet,sig,whole,noop,,,,0.045454545454545456
A320,rudder_doublet,sig,win5,noop,,,,0.045454545454545456
A320,rudder_doublet,sig,win10,noop,,,,0.045454545454545456
A320,bank_hold,det,whole,inertia_x1.6,0.2727272727272727,1.0,,
A320,bank_hold,det,win5,inertia_x1.6,0.3181818181818182,1.0,,
A320,bank_hold,det,win10,inertia_x1.6,0.3181818181818182,1.0,,
A320,bank_hold,det,whole,cmq_x0.5,0.07692307692307693,1.0,0.15384615384615385,
A320,bank_hold,det,win5,cmq_x0.5,0.07692307692307693,1.0,0.18803418803418803,
A320,bank_hold,det,win10,cmq_x0.5,0.07692307692307693,1.0,0.17094017094017097,
A320,bank_hold,det,whole,cmalpha_x0.7,0.3076923076923077,1.0,0.3076923076923077,
A320,bank_hold,det,win5,cmalpha_x0.7,0.3076923076923077,1.0,0.3076923076923077,
A320,bank_hold,det,win10,cmalpha_x0.7,0.3076923076923077,1.0,0.3076923076923077,
A320,bank_hold,det,whole,clo_+0.1,0.38461538461538464,0.4166666666666667,0.23931623931623933,
A320,bank_hold,det,win5,clo_+0.1,0.3076923076923077,0.36363636363636365,0.23076923076923078,
A320,bank_hold,det,win10,clo_+0.1,0.3076923076923077,0.36363636363636365,0.23931623931623933,
A320,bank_hold,det,whole,noop,,,,0.0
A320,bank_hold,det,win5,noop,,,,0.0
A320,bank_hold,det,win10,noop,,,,0.0
A320,bank_hold,sig,whole,inertia_x1.6,0.09090909090909091,1.0,,
A320,bank_hold,sig,win5,inertia_x1.6,0.09090909090909091,1.0,,
A320,bank_hold,sig,win10,inertia_x1.6,0.09090909090909091,1.0,,
A320,bank_hold,sig,whole,cmq_x0.5,0.07692307692307693,1.0,0.17948717948717952,
A320,bank_hold,sig,win5,cmq_x0.5,0.07692307692307693,1.0,0.5811965811965812,
A320,bank_hold,sig,win10,cmq_x0.5,0.07692307692307693,1.0,0.36752136752136755,
A320,bank_hold,sig,whole,cmalpha_x0.7,0.15384615384615385,1.0,0.5555555555555556,
A320,bank_hold,sig,win5,cmalpha_x0.7,0.07692307692307693,1.0,0.9572649572649573,
A320,bank_hold,sig,win10,cmalpha_x0.7,0.07692307692307693,1.0,0.9401709401709402,
A320,bank_hold,sig,whole,clo_+0.1,0.15384615384615385,0.5,0.5641025641025641,
A320,bank_hold,sig,win5,clo_+0.1,0.15384615384615385,0.4,0.7008547008547008,
A320,bank_hold,sig,win10,clo_+0.1,0.15384615384615385,0.5,0.7094017094017094,
A320,bank_hold,sig,whole,noop,,,,0.045454545454545456
A320,bank_hold,sig,win5,noop,,,,0.045454545454545456
A320,bank_hold,sig,win10,noop,,,,0.045454545454545456
A320,flap_extend,det,whole,inertia_x1.6,0.45454545454545453,1.0,,
A320,flap_extend,det,win5,inertia_x1.6,0.5,1.0,,
A320,flap_extend,det,win10,inertia_x1.6,0.5,1.0,,
A320,flap_extend,det,whole,cmq_x0.5,0.23076923076923078,0.75,0.4017094017094017,
A320,flap_extend,det,win5,cmq_x0.5,0.23076923076923078,0.6,0.36752136752136755,
A320,flap_extend,det,win10,cmq_x0.5,0.23076923076923078,0.6,0.3675213675213675,
A320,flap_extend,det,whole,cmalpha_x0.7,1.0,0.5909090909090909,0.5384615384615385,
A320,flap_extend,det,win5,cmalpha_x0.7,1.0,0.5909090909090909,0.49572649572649574,
A320,flap_extend,det,win10,cmalpha_x0.7,1.0,0.5909090909090909,0.5128205128205129,
A320,flap_extend,det,whole,clo_+0.1,0.7692307692307693,0.5555555555555556,0.4358974358974359,
A320,flap_extend,det,win5,clo_+0.1,0.7692307692307693,0.5555555555555556,0.4444444444444445,
A320,flap_extend,det,win10,clo_+0.1,0.7692307692307693,0.5555555555555556,0.4444444444444445,
A320,flap_extend,det,whole,noop,,,,0.09090909090909091
A320,flap_extend,det,win5,noop,,,,0.13636363636363635
A320,flap_extend,det,win10,noop,,,,0.13636363636363635
A320,flap_extend,sig,whole,inertia_x1.6,0.13636363636363635,1.0,,
A320,flap_extend,sig,win5,inertia_x1.6,0.13636363636363635,1.0,,
A320,flap_extend,sig,win10,inertia_x1.6,0.18181818181818182,1.0,,
A320,flap_extend,sig,whole,cmq_x0.5,0.07692307692307693,1.0,0.4273504273504274,
A320,flap_extend,sig,win5,cmq_x0.5,0.07692307692307693,1.0,0.41880341880341887,
A320,flap_extend,sig,win10,cmq_x0.5,0.07692307692307693,1.0,0.3931623931623932,
A320,flap_extend,sig,whole,cmalpha_x0.7,0.7692307692307693,0.5555555555555556,0.37606837606837606,
A320,flap_extend,sig,win5,cmalpha_x0.7,0.5384615384615384,0.4666666666666667,0.4700854700854701,
A320,flap_extend,sig,win10,cmalpha_x0.7,0.46153846153846156,0.46153846153846156,0.3931623931623932,
A320,flap_extend,sig,whole,clo_+0.1,0.6923076923076923,0.5625,0.4871794871794872,
A320,flap_extend,sig,win5,clo_+0.1,0.6923076923076923,0.5625,0.28205128205128205,
A320,flap_extend,sig,win10,clo_+0.1,0.6153846153846154,0.5333333333333333,0.3247863247863248,
A320,flap_extend,sig,whole,noop,,,,0.045454545454545456
A320,flap_extend,sig,win5,noop,,,,0.045454545454545456
A320,flap_extend,sig,win10,noop,,,,0.045454545454545456
A320,engine_cut,det,whole,inertia_x1.6,0.18181818181818182,1.0,,
A320,engine_cut,det,win5,inertia_x1.6,0.13636363636363635,1.0,,
A320,engine_cut,det,win10,inertia_x1.6,0.13636363636363635,1.0,,
A320,engine_cut,det,whole,cmq_x0.5,0.23076923076923078,1.0,0.5384615384615385,
A320,engine_cut,det,win5,cmq_x0.5,0.07692307692307693,1.0,0.5470085470085471,
A320,engine_cut,det,win10,cmq_x0.5,0.23076923076923078,1.0,0.5555555555555556,
A320,engine_cut,det,whole,cmalpha_x0.7,0.8461538461538461,0.6111111111111112,0.7863247863247864,
A320,engine_cut,det,win5,cmalpha_x0.7,0.8461538461538461,0.5789473684210527,0.7863247863247864,
A320,engine_cut,det,win10,cmalpha_x0.7,0.8461538461538461,0.6111111111111112,0.7863247863247864,
A320,engine_cut,det,whole,clo_+0.1,0.8461538461538461,0.5789473684210527,0.7777777777777779,
A320,engine_cut,det,win5,clo_+0.1,0.8461538461538461,0.5789473684210527,0.8974358974358975,
A320,engine_cut,det,win10,clo_+0.1,0.8461538461538461,0.5789473684210527,0.7948717948717949,
A320,engine_cut,det,whole,noop,,,,0.045454545454545456
A320,engine_cut,det,win5,noop,,,,0.0
A320,engine_cut,det,win10,noop,,,,0.0
A320,engine_cut,sig,whole,inertia_x1.6,0.0,,,
A320,engine_cut,sig,win5,inertia_x1.6,0.045454545454545456,1.0,,
A320,engine_cut,sig,win10,inertia_x1.6,0.0,,,
A320,engine_cut,sig,whole,cmq_x0.5,0.07692307692307693,1.0,0.42735042735042733,
A320,engine_cut,sig,win5,cmq_x0.5,0.23076923076923078,1.0,0.6752136752136753,
A320,engine_cut,sig,win10,cmq_x0.5,0.15384615384615385,1.0,0.6153846153846153,
A320,engine_cut,sig,whole,cmalpha_x0.7,0.15384615384615385,0.3333333333333333,0.5726495726495726,
A320,engine_cut,sig,win5,cmalpha_x0.7,0.3076923076923077,0.36363636363636365,0.6324786324786325,
A320,engine_cut,sig,win10,cmalpha_x0.7,0.23076923076923078,0.42857142857142855,0.6666666666666666,
A320,engine_cut,sig,whole,clo_+0.1,0.46153846153846156,0.42857142857142855,0.5128205128205129,
A320,engine_cut,sig,win5,clo_+0.1,0.46153846153846156,0.4,0.35042735042735046,
A320,engine_cut,sig,win10,clo_+0.1,0.46153846153846156,0.4,0.5299145299145299,
A320,engine_cut,sig,whole,noop,,,,0.0
A320,engine_cut,sig,win5,noop,,,,0.045454545454545456
A320,engine_cut,sig,win10,noop,,,,0.0
A320,climbing_turn,det,whole,inertia_x1.6,0.5,1.0,,
A320,climbing_turn,det,win5,inertia_x1.6,0.5,1.0,,
A320,climbing_turn,det,win10,inertia_x1.6,0.45454545454545453,1.0,,
A320,climbing_turn,det,whole,cmq_x0.5,0.0,0.0,0.36752136752136755,
A320,climbing_turn,det,win5,cmq_x0.5,0.0,0.0,0.4273504273504274,
A320,climbing_turn,det,win10,cmq_x0.5,0.0,0.0,0.4273504273504274,
A320,climbing_turn,det,whole,cmalpha_x0.7,0.5384615384615384,0.5833333333333334,0.8205128205128205,
A320,climbing_turn,det,win5,cmalpha_x0.7,0.7692307692307693,0.6666666666666666,0.7948717948717948,
A320,climbing_turn,det,win10,cmalpha_x0.7,0.6153846153846154,0.6153846153846154,0.7179487179487181,
A320,climbing_turn,det,whole,clo_+0.1,0.3076923076923077,0.3333333333333333,0.2905982905982907,
A320,climbing_turn,det,win5,clo_+0.1,0.38461538461538464,0.38461538461538464,0.2478632478632479,
A320,climbing_turn,det,win10,clo_+0.1,0.3076923076923077,0.3333333333333333,0.23931623931623933,
A320,climbing_turn,det,whole,noop,,,,0.045454545454545456
A320,climbing_turn,det,win5,noop,,,,0.0
A320,climbing_turn,det,win10,noop,,,,0.045454545454545456
A320,climbing_turn,sig,whole,inertia_x1.6,0.22727272727272727,1.0,,
A320,climbing_turn,sig,win5,inertia_x1.6,0.2727272727272727,1.0,,
A320,climbing_turn,sig,win10,inertia_x1.6,0.22727272727272727,1.0,,
A320,climbing_turn,sig,whole,cmq_x0.5,0.07692307692307693,0.3333333333333333,0.7435897435897436,
A320,climbing_turn,sig,win5,cmq_x0.5,0.23076923076923078,0.75,0.5982905982905984,
A320,climbing_turn,sig,win10,cmq_x0.5,0.0,0.0,0.6666666666666667,
A320,climbing_turn,sig,whole,cmalpha_x0.7,0.46153846153846156,0.5454545454545454,0.6324786324786326,
A320,climbing_turn,sig,win5,cmalpha_x0.7,0.46153846153846156,0.6666666666666666,0.7692307692307692,
A320,climbing_turn,sig,win10,cmalpha_x0.7,0.3076923076923077,0.5,0.6666666666666667,
A320,climbing_turn,sig,whole,clo_+0.1,0.3076923076923077,0.5714285714285714,0.4444444444444445,
A320,climbing_turn,sig,win5,clo_+0.1,0.3076923076923077,0.5714285714285714,0.6495726495726496,
A320,climbing_turn,sig,win10,clo_+0.1,0.23076923076923078,0.5,0.5384615384615385,
A320,climbing_turn,sig,whole,noop,,,,0.13636363636363635
A320,climbing_turn,sig,win5,noop,,,,0.22727272727272727
A320,climbing_turn,sig,win10,noop,,,,0.09090909090909091
A320,elev_doublet_distractor,det,whole,inertia_x1.6,0.36363636363636365,1.0,,
A320,elev_doublet_distractor,det,win5,inertia_x1.6,0.36363636363636365,1.0,,
A320,elev_doublet_distractor,det,win10,inertia_x1.6,0.36363636363636365,1.0,,
A320,elev_doublet_distractor,det,whole,cmq_x0.5,0.38461538461538464,1.0,0.7606837606837606,
A320,elev_doublet_distractor,det,win5,cmq_x0.5,0.3076923076923077,1.0,0.7264957264957266,
A320,elev_doublet_distractor,det,win10,cmq_x0.5,0.46153846153846156,1.0,0.7350427350427351,
A320,elev_doublet_distractor,det,whole,cmalpha_x0.7,0.7692307692307693,1.0,0.8461538461538461,
A320,elev_doublet_distractor,det,win5,cmalpha_x0.7,0.7692307692307693,1.0,0.8461538461538461,
A320,elev_doublet_distractor,det,win10,cmalpha_x0.7,0.7692307692307693,1.0,0.8461538461538461,
A320,elev_doublet_distractor,det,whole,clo_+0.1,0.6153846153846154,0.6153846153846154,1.0,
A320,elev_doublet_distractor,det,win5,clo_+0.1,0.6153846153846154,0.6153846153846154,0.982905982905983,
A320,elev_doublet_distractor,det,win10,clo_+0.1,0.6153846153846154,0.6153846153846154,1.0,
A320,elev_doublet_distractor,det,whole,noop,,,,0.0
A320,elev_doublet_distractor,det,win5,noop,,,,0.0
A320,elev_doublet_distractor,det,win10,noop,,,,0.0
A320,elev_doublet_distractor,sig,whole,inertia_x1.6,0.13636363636363635,1.0,,
A320,elev_doublet_distractor,sig,win5,inertia_x1.6,0.045454545454545456,1.0,,
A320,elev_doublet_distractor,sig,win10,inertia_x1.6,0.045454545454545456,1.0,,
A320,elev_doublet_distractor,sig,whole,cmq_x0.5,0.15384615384615385,1.0,0.5982905982905983,
A320,elev_doublet_distractor,sig,win5,cmq_x0.5,0.0,0.0,0.5555555555555556,
A320,elev_doublet_distractor,sig,win10,cmq_x0.5,0.0,0.0,0.5811965811965812,
A320,elev_doublet_distractor,sig,whole,cmalpha_x0.7,0.23076923076923078,1.0,0.7948717948717949,
A320,elev_doublet_distractor,sig,win5,cmalpha_x0.7,0.23076923076923078,1.0,0.9230769230769231,
A320,elev_doublet_distractor,sig,win10,cmalpha_x0.7,0.23076923076923078,1.0,0.8632478632478633,
A320,elev_doublet_distractor,sig,whole,clo_+0.1,0.3076923076923077,0.5714285714285714,0.4444444444444445,
A320,elev_doublet_distractor,sig,win5,clo_+0.1,0.0,0.0,0.5982905982905983,
A320,elev_doublet_distractor,sig,win10,clo_+0.1,0.0,0.0,0.5726495726495726,
A320,elev_doublet_distractor,sig,whole,noop,,,,0.09090909090909091
A320,elev_doublet_distractor,sig,win5,noop,,,,0.045454545454545456
A320,elev_doublet_distractor,sig,win10,noop,,,,0.045454545454545456
A320,engine_restart,det,whole,inertia_x1.6,0.13636363636363635,1.0,,
A320,engine_restart,det,win5,inertia_x1.6,0.13636363636363635,1.0,,
A320,engine_restart,det,win10,inertia_x1.6,0.13636363636363635,1.0,,
A320,engine_restart,det,whole,cmq_x0.5,0.38461538461538464,1.0,0.6923076923076923,
A320,engine_restart,det,win5,cmq_x0.5,0.38461538461538464,1.0,0.7008547008547009,
A320,engine_restart,det,win10,cmq_x0.5,0.38461538461538464,1.0,0.6923076923076923,
A320,engine_restart,det,whole,cmalpha_x0.7,0.8461538461538461,0.6111111111111112,0.7179487179487181,
A320,engine_restart,det,win5,cmalpha_x0.7,0.8461538461538461,0.6111111111111112,0.8205128205128206,
A320,engine_restart,det,win10,cmalpha_x0.7,0.8461538461538461,0.6111111111111112,0.8205128205128206,
A320,engine_restart,det,whole,clo_+0.1,0.6923076923076923,0.5294117647058824,0.7606837606837606,
A320,engine_restart,det,win5,clo_+0.1,1.0,0.6190476190476191,0.7264957264957265,
A320,engine_restart,det,win10,clo_+0.1,0.9230769230769231,0.6,0.7692307692307693,
A320,engine_restart,det,whole,noop,,,,0.09090909090909091
A320,engine_restart,det,win5,noop,,,,0.09090909090909091
A320,engine_restart,det,win10,noop,,,,0.09090909090909091
A320,engine_restart,sig,whole,inertia_x1.6,0.13636363636363635,1.0,,
A320,engine_restart,sig,win5,inertia_x1.6,0.18181818181818182,1.0,,
A320,engine_restart,sig,win10,inertia_x1.6,0.22727272727272727,1.0,,
A320,engine_restart,sig,whole,cmq_x0.5,0.23076923076923078,1.0,0.5555555555555556,
A320,engine_restart,sig,win5,cmq_x0.5,0.07692307692307693,0.5,0.5811965811965811,
A320,engine_restart,sig,win10,cmq_x0.5,0.15384615384615385,0.5,0.5384615384615384,
A320,engine_restart,sig,whole,cmalpha_x0.7,0.7692307692307693,0.625,0.6752136752136753,
A320,engine_restart,sig,win5,cmalpha_x0.7,0.7692307692307693,0.5555555555555556,0.5470085470085471,
A320,engine_restart,sig,win10,cmalpha_x0.7,0.7692307692307693,0.5555555555555556,0.5811965811965811,
A320,engine_restart,sig,whole,clo_+0.1,0.6923076923076923,0.5294117647058824,0.5726495726495727,
A320,engine_restart,sig,win5,clo_+0.1,0.6923076923076923,0.5,0.4444444444444445,
A320,engine_restart,sig,win10,clo_+0.1,0.6923076923076923,0.5,0.6068376068376068,
A320,engine_restart,sig,whole,noop,,,,0.0
A320,engine_restart,sig,win5,noop,,,,0.09090909090909091
A320,engine_restart,sig,win10,noop,,,,0.13636363636363635
A4,cruise,det,whole,inertia_x1.6,0.22727272727272727,1.0,,
A4,cruise,det,win5,inertia_x1.6,0.22727272727272727,1.0,,
A4,cruise,det,win10,inertia_x1.6,0.22727272727272727,1.0,,
A4,cruise,det,whole,cmq_x0.5,0.15384615384615385,0.6666666666666666,0.2991452991452992,
A4,cruise,det,win5,cmq_x0.5,0.15384615384615385,1.0,0.33333333333333337,
A4,cruise,det,win10,cmq_x0.5,0.15384615384615385,1.0,0.3675213675213675,
A4,cruise,det,whole,cmalpha_x0.7,0.3076923076923077,0.6666666666666666,0.3846153846153847,
A4,cruise,det,win5,cmalpha_x0.7,0.23076923076923078,0.5,0.4786324786324786,
A4,cruise,det,win10,cmalpha_x0.7,0.23076923076923078,0.5,0.49572649572649574,
A4,cruise,det,whole,clo_+0.1,0.7692307692307693,0.5882352941176471,0.5897435897435898,
A4,cruise,det,win5,clo_+0.1,0.7692307692307693,0.5882352941176471,0.5726495726495726,
A4,cruise,det,win10,clo_+0.1,0.7692307692307693,0.5882352941176471,0.5726495726495727,
A4,cruise,det,whole,noop,,,,0.045454545454545456
A4,cruise,det,win5,noop,,,,0.045454545454545456
A4,cruise,det,win10,noop,,,,0.045454545454545456
A4,cruise,sig,whole,inertia_x1.6,0.045454545454545456,1.0,,
A4,cruise,sig,win5,inertia_x1.6,0.0,,,
A4,cruise,sig,win10,inertia_x1.6,0.0,,,
A4,cruise,sig,whole,cmq_x0.5,0.0,,0.5128205128205129,
A4,cruise,sig,win5,cmq_x0.5,0.0,,0.5299145299145299,
A4,cruise,sig,win10,cmq_x0.5,0.0,,0.6495726495726497,
A4,cruise,sig,whole,cmalpha_x0.7,0.3076923076923077,0.5714285714285714,0.5641025641025641,
A4,cruise,sig,win5,cmalpha_x0.7,0.3076923076923077,1.0,0.6153846153846154,
A4,cruise,sig,win10,cmalpha_x0.7,0.3076923076923077,1.0,0.5897435897435898,
A4,cruise,sig,whole,clo_+0.1,0.46153846153846156,0.6,0.5982905982905983,
A4,cruise,sig,win5,clo_+0.1,0.38461538461538464,0.5555555555555556,0.5641025641025641,
A4,cruise,sig,win10,clo_+0.1,0.3076923076923077,0.5714285714285714,0.5982905982905984,
A4,cruise,sig,whole,noop,,,,0.0
A4,cruise,sig,win5,noop,,,,0.0
A4,cruise,sig,win10,noop,,,,0.0
A4,throttle_step,det,whole,inertia_x1.6,0.13636363636363635,1.0,,
A4,throttle_step,det,win5,inertia_x1.6,0.13636363636363635,1.0,,
A4,throttle_step,det,win10,inertia_x1.6,0.13636363636363635,1.0,,
A4,throttle_step,det,whole,cmq_x0.5,0.07692307692307693,1.0,0.4700854700854701,
A4,throttle_step,det,win5,cmq_x0.5,0.0,,0.2991452991452992,
A4,throttle_step,det,win10,cmq_x0.5,0.0,,0.28205128205128205,
A4,throttle_step,det,whole,cmalpha_x0.7,0.5384615384615384,0.7777777777777778,0.7692307692307693,
A4,throttle_step,det,win5,cmalpha_x0.7,0.46153846153846156,0.75,0.6153846153846154,
A4,throttle_step,det,win10,cmalpha_x0.7,0.46153846153846156,0.75,0.7521367521367522,
A4,throttle_step,det,whole,clo_+0.1,0.9230769230769231,0.6,0.7094017094017094,
A4,throttle_step,det,win5,clo_+0.1,0.8461538461538461,0.55,0.700854700854701,
A4,throttle_step,det,win10,clo_+0.1,0.8461538461538461,0.55,0.700854700854701,
A4,throttle_step,det,whole,noop,,,,0.0
A4,throttle_step,det,win5,noop,,,,0.0
A4,throttle_step,det,win10,noop,,,,0.0
A4,throttle_step,sig,whole,inertia_x1.6,0.0,,,
A4,throttle_step,sig,win5,inertia_x1.6,0.0,,,
A4,throttle_step,sig,win10,inertia_x1.6,0.0,,,
A4,throttle_step,sig,whole,cmq_x0.5,0.0,,0.6068376068376069,
A4,throttle_step,sig,win5,cmq_x0.5,0.0,,0.5128205128205128,
A4,throttle_step,sig,win10,cmq_x0.5,0.0,,0.5042735042735043,
A4,throttle_step,sig,whole,cmalpha_x0.7,0.46153846153846156,0.8571428571428571,0.6495726495726496,
A4,throttle_step,sig,win5,cmalpha_x0.7,0.3076923076923077,1.0,0.7435897435897436,
A4,throttle_step,sig,win10,cmalpha_x0.7,0.46153846153846156,1.0,0.6581196581196581,
A4,throttle_step,sig,whole,clo_+0.1,0.8461538461538461,0.6111111111111112,0.5470085470085471,
A4,throttle_step,sig,win5,clo_+0.1,0.8461538461538461,0.6111111111111112,0.5128205128205128,
A4,throttle_step,sig,win10,clo_+0.1,0.8461538461538461,0.6111111111111112,0.5811965811965812,
A4,throttle_step,sig,whole,noop,,,,0.0
A4,throttle_step,sig,win5,noop,,,,0.0
A4,throttle_step,sig,win10,noop,,,,0.0
A4,elev_doublet,det,whole,inertia_x1.6,0.6363636363636364,1.0,,
A4,elev_doublet,det,win5,inertia_x1.6,0.6363636363636364,1.0,,
A4,elev_doublet,det,win10,inertia_x1.6,0.6363636363636364,1.0,,
A4,elev_doublet,det,whole,cmq_x0.5,0.15384615384615385,0.25,0.23076923076923078,
A4,elev_doublet,det,win5,cmq_x0.5,0.07692307692307693,0.14285714285714285,0.28205128205128205,
A4,elev_doublet,det,win10,cmq_x0.5,0.15384615384615385,0.25,0.264957264957265,
A4,elev_doublet,det,whole,cmalpha_x0.7,0.46153846153846156,0.42857142857142855,0.33333333333333337,
A4,elev_doublet,det,win5,cmalpha_x0.7,0.5384615384615384,0.4666666666666667,0.37606837606837606,
A4,elev_doublet,det,win10,cmalpha_x0.7,0.5384615384615384,0.4666666666666667,0.3076923076923077,
A4,elev_doublet,det,whole,clo_+0.1,0.7692307692307693,0.5263157894736842,0.5042735042735044,
A4,elev_doublet,det,win5,clo_+0.1,0.7692307692307693,0.5263157894736842,0.5042735042735043,
A4,elev_doublet,det,win10,clo_+0.1,0.7692307692307693,0.5263157894736842,0.5213675213675214,
A4,elev_doublet,det,whole,noop,,,,0.2727272727272727
A4,elev_doublet,det,win5,noop,,,,0.22727272727272727
A4,elev_doublet,det,win10,noop,,,,0.22727272727272727
A4,elev_doublet,sig,whole,inertia_x1.6,0.09090909090909091,1.0,,
A4,elev_doublet,sig,win5,inertia_x1.6,0.045454545454545456,1.0,,
A4,elev_doublet,sig,win10,inertia_x1.6,0.045454545454545456,1.0,,
A4,elev_doublet,sig,whole,cmq_x0.5,0.0,,0.7521367521367521,
A4,elev_doublet,sig,win5,cmq_x0.5,0.0,,0.6324786324786325,
A4,elev_doublet,sig,win10,cmq_x0.5,0.0,,0.5811965811965812,
A4,elev_doublet,sig,whole,cmalpha_x0.7,0.23076923076923078,0.75,0.8974358974358975,
A4,elev_doublet,sig,win5,cmalpha_x0.7,0.3076923076923077,0.8,0.7606837606837606,
A4,elev_doublet,sig,win10,cmalpha_x0.7,0.23076923076923078,0.75,0.7435897435897436,
A4,elev_doublet,sig,whole,clo_+0.1,0.46153846153846156,0.46153846153846156,0.5128205128205129,
A4,elev_doublet,sig,win5,clo_+0.1,0.07692307692307693,0.3333333333333333,0.6068376068376069,
A4,elev_doublet,sig,win10,clo_+0.1,0.23076923076923078,0.5,0.5811965811965812,
A4,elev_doublet,sig,whole,noop,,,,0.0
A4,elev_doublet,sig,win5,noop,,,,0.0
A4,elev_doublet,sig,win10,noop,,,,0.0
A4,elev_step,det,whole,inertia_x1.6,0.5,1.0,,
A4,elev_step,det,win5,inertia_x1.6,0.5,1.0,,
A4,elev_step,det,win10,inertia_x1.6,0.5,1.0,,
A4,elev_step,det,whole,cmq_x0.5,0.46153846153846156,0.6666666666666666,0.5982905982905983,
A4,elev_step,det,win5,cmq_x0.5,0.46153846153846156,0.6666666666666666,0.49572649572649574,
A4,elev_step,det,win10,cmq_x0.5,0.46153846153846156,0.6666666666666666,0.5897435897435898,
A4,elev_step,det,whole,cmalpha_x0.7,0.8461538461538461,0.55,0.9914529914529914,
A4,elev_step,det,win5,cmalpha_x0.7,1.0,0.5909090909090909,0.9914529914529914,
A4,elev_step,det,win10,cmalpha_x0.7,1.0,0.5909090909090909,1.0,
A4,elev_step,det,whole,clo_+0.1,1.0,0.7222222222222222,0.7863247863247864,
A4,elev_step,det,win5,clo_+0.1,1.0,0.65,0.8034188034188035,
A4,elev_step,det,win10,clo_+0.1,1.0,0.6190476190476191,0.8034188034188035,
A4,elev_step,det,whole,noop,,,,0.13636363636363635
A4,elev_step,det,win5,noop,,,,0.13636363636363635
A4,elev_step,det,win10,noop,,,,0.13636363636363635
A4,elev_step,sig,whole,inertia_x1.6,0.18181818181818182,1.0,,
A4,elev_step,sig,win5,inertia_x1.6,0.09090909090909091,1.0,,
A4,elev_step,sig,win10,inertia_x1.6,0.22727272727272727,1.0,,
A4,elev_step,sig,whole,cmq_x0.5,0.0,,0.5042735042735043,
A4,elev_step,sig,win5,cmq_x0.5,0.15384615384615385,1.0,0.7692307692307693,
A4,elev_step,sig,win10,cmq_x0.5,0.0,0.0,0.6410256410256411,
A4,elev_step,sig,whole,cmalpha_x0.7,0.5384615384615384,0.875,0.7094017094017093,
A4,elev_step,sig,win5,cmalpha_x0.7,0.23076923076923078,0.75,0.7521367521367521,
A4,elev_step,sig,win10,cmalpha_x0.7,0.46153846153846156,0.8571428571428571,0.8376068376068376,
A4,elev_step,sig,whole,clo_+0.1,0.7692307692307693,0.5882352941176471,0.6239316239316239,
A4,elev_step,sig,win5,clo_+0.1,0.5384615384615384,0.5384615384615384,0.5982905982905984,
A4,elev_step,sig,win10,clo_+0.1,0.6923076923076923,0.5625,0.52991452991453,
A4,elev_step,sig,whole,noop,,,,0.18181818181818182
A4,elev_step,sig,win5,noop,,,,0.09090909090909091
A4,elev_step,sig,win10,noop,,,,0.2727272727272727
A4,aileron_step,det,whole,inertia_x1.6,0.45454545454545453,1.0,,
A4,aileron_step,det,win5,inertia_x1.6,0.4090909090909091,1.0,,
A4,aileron_step,det,win10,inertia_x1.6,0.45454545454545453,1.0,,
A4,aileron_step,det,whole,cmq_x0.5,0.15384615384615385,1.0,0.2905982905982906,
A4,aileron_step,det,win5,cmq_x0.5,0.15384615384615385,1.0,0.37606837606837606,
A4,aileron_step,det,win10,cmq_x0.5,0.15384615384615385,1.0,0.3162393162393163,
A4,aileron_step,det,whole,cmalpha_x0.7,0.3076923076923077,1.0,0.5641025641025641,
A4,aileron_step,det,win5,cmalpha_x0.7,0.38461538461538464,1.0,0.5299145299145299,
A4,aileron_step,det,win10,cmalpha_x0.7,0.3076923076923077,1.0,0.5299145299145299,
A4,aileron_step,det,whole,clo_+0.1,1.0,0.5909090909090909,0.6239316239316239,
A4,aileron_step,det,win5,clo_+0.1,1.0,0.5909090909090909,0.5641025641025641,
A4,aileron_step,det,win10,clo_+0.1,1.0,0.5909090909090909,0.6068376068376069,
A4,aileron_step,det,whole,noop,,,,0.0
A4,aileron_step,det,win5,noop,,,,0.0
A4,aileron_step,det,win10,noop,,,,0.0
A4,aileron_step,sig,whole,inertia_x1.6,0.45454545454545453,1.0,,
A4,aileron_step,sig,win5,inertia_x1.6,0.4090909090909091,1.0,,
A4,aileron_step,sig,win10,inertia_x1.6,0.4090909090909091,1.0,,
A4,aileron_step,sig,whole,cmq_x0.5,0.23076923076923078,0.75,0.5042735042735044,
A4,aileron_step,sig,win5,cmq_x0.5,0.23076923076923078,1.0,0.6495726495726495,
A4,aileron_step,sig,win10,cmq_x0.5,0.23076923076923078,1.0,0.5470085470085471,
A4,aileron_step,sig,whole,cmalpha_x0.7,0.5384615384615384,0.875,0.8461538461538463,
A4,aileron_step,sig,win5,cmalpha_x0.7,0.46153846153846156,1.0,0.8974358974358974,
A4,aileron_step,sig,win10,cmalpha_x0.7,0.46153846153846156,1.0,0.8974358974358974,
A4,aileron_step,sig,whole,clo_+0.1,0.6923076923076923,0.5294117647058824,0.48717948717948717,
A4,aileron_step,sig,win5,clo_+0.1,0.6923076923076923,0.5294117647058824,0.264957264957265,
A4,aileron_step,sig,win10,clo_+0.1,0.6923076923076923,0.5294117647058824,0.3162393162393163,
A4,aileron_step,sig,whole,noop,,,,0.18181818181818182
A4,aileron_step,sig,win5,noop,,,,0.13636363636363635
A4,aileron_step,sig,win10,noop,,,,0.13636363636363635
A4,rudder_doublet,det,whole,inertia_x1.6,0.3181818181818182,1.0,,
A4,rudder_doublet,det,win5,inertia_x1.6,0.3181818181818182,1.0,,
A4,rudder_doublet,det,win10,inertia_x1.6,0.3181818181818182,1.0,,
A4,rudder_doublet,det,whole,cmq_x0.5,0.23076923076923078,1.0,0.35042735042735046,
A4,rudder_doublet,det,win5,cmq_x0.5,0.23076923076923078,1.0,0.4273504273504274,
A4,rudder_doublet,det,win10,cmq_x0.5,0.23076923076923078,1.0,0.41880341880341887,
A4,rudder_doublet,det,whole,cmalpha_x0.7,0.38461538461538464,1.0,0.5982905982905983,
A4,rudder_doublet,det,win5,cmalpha_x0.7,0.38461538461538464,1.0,0.6239316239316238,
A4,rudder_doublet,det,win10,cmalpha_x0.7,0.38461538461538464,1.0,0.6666666666666667,
A4,rudder_doublet,det,whole,clo_+0.1,0.7692307692307693,0.5555555555555556,0.7692307692307694,
A4,rudder_doublet,det,win5,clo_+0.1,0.7692307692307693,0.5555555555555556,0.7264957264957266,
A4,rudder_doublet,det,win10,clo_+0.1,0.8461538461538461,0.5789473684210527,0.7521367521367522,
A4,rudder_doublet,det,whole,noop,,,,0.0
A4,rudder_doublet,det,win5,noop,,,,0.0
A4,rudder_doublet,det,win10,noop,,,,0.0
A4,rudder_doublet,sig,whole,inertia_x1.6,0.0,,,
A4,rudder_doublet,sig,win5,inertia_x1.6,0.045454545454545456,1.0,,
A4,rudder_doublet,sig,win10,inertia_x1.6,0.0,,,
A4,rudder_doublet,sig,whole,cmq_x0.5,0.0,,0.33333333333333337,
A4,rudder_doublet,sig,win5,cmq_x0.5,0.0,,0.7008547008547008,
A4,rudder_doublet,sig,win10,cmq_x0.5,0.0,,0.4358974358974359,
A4,rudder_doublet,sig,whole,cmalpha_x0.7,0.3076923076923077,1.0,0.6581196581196582,
A4,rudder_doublet,sig,win5,cmalpha_x0.7,0.38461538461538464,1.0,0.9316239316239315,
A4,rudder_doublet,sig,win10,cmalpha_x0.7,0.38461538461538464,1.0,0.8717948717948718,
A4,rudder_doublet,sig,whole,clo_+0.1,0.3076923076923077,0.4,0.27350427350427353,
A4,rudder_doublet,sig,win5,clo_+0.1,0.23076923076923078,0.3333333333333333,0.20512820512820512,
A4,rudder_doublet,sig,win10,clo_+0.1,0.23076923076923078,0.3333333333333333,0.22222222222222227,
A4,rudder_doublet,sig,whole,noop,,,,0.0
A4,rudder_doublet,sig,win5,noop,,,,0.0
A4,rudder_doublet,sig,win10,noop,,,,0.0
A4,bank_hold,det,whole,inertia_x1.6,0.4090909090909091,1.0,,
A4,bank_hold,det,win5,inertia_x1.6,0.4090909090909091,1.0,,
A4,bank_hold,det,win10,inertia_x1.6,0.4090909090909091,1.0,,
A4,bank_hold,det,whole,cmq_x0.5,0.15384615384615385,0.3333333333333333,0.4358974358974359,
A4,bank_hold,det,win5,cmq_x0.5,0.15384615384615385,0.3333333333333333,0.39316239316239315,
A4,bank_hold,det,win10,cmq_x0.5,0.15384615384615385,0.4,0.4017094017094017,
A4,bank_hold,det,whole,cmalpha_x0.7,0.3076923076923077,0.5,0.5470085470085471,
A4,bank_hold,det,win5,cmalpha_x0.7,0.38461538461538464,0.5555555555555556,0.5555555555555556,
A4,bank_hold,det,win10,cmalpha_x0.7,0.3076923076923077,0.5,0.5470085470085471,
A4,bank_hold,det,whole,clo_+0.1,0.8461538461538461,0.5789473684210527,0.6581196581196581,
A4,bank_hold,det,win5,clo_+0.1,0.8461538461538461,0.5789473684210527,0.6239316239316239,
A4,bank_hold,det,win10,clo_+0.1,0.8461538461538461,0.5789473684210527,0.6324786324786325,
A4,bank_hold,det,whole,noop,,,,0.13636363636363635
A4,bank_hold,det,win5,noop,,,,0.18181818181818182
A4,bank_hold,det,win10,noop,,,,0.13636363636363635
A4,bank_hold,sig,whole,inertia_x1.6,0.22727272727272727,1.0,,
A4,bank_hold,sig,win5,inertia_x1.6,0.22727272727272727,1.0,,
A4,bank_hold,sig,win10,inertia_x1.6,0.18181818181818182,1.0,,
A4,bank_hold,sig,whole,cmq_x0.5,0.0,,0.07692307692307694,
A4,bank_hold,sig,win5,cmq_x0.5,0.0,0.0,0.22222222222222227,
A4,bank_hold,sig,win10,cmq_x0.5,0.0,0.0,0.3162393162393163,
A4,bank_hold,sig,whole,cmalpha_x0.7,0.15384615384615385,1.0,0.38461538461538464,
A4,bank_hold,sig,win5,cmalpha_x0.7,0.15384615384615385,0.6666666666666666,0.5726495726495726,
A4,bank_hold,sig,win10,cmalpha_x0.7,0.15384615384615385,0.6666666666666666,0.5470085470085471,
A4,bank_hold,sig,whole,clo_+0.1,0.6153846153846154,0.5,0.3076923076923077,
A4,bank_hold,sig,win5,clo_+0.1,0.38461538461538464,0.38461538461538464,0.16239316239316243,
A4,bank_hold,sig,win10,clo_+0.1,0.38461538461538464,0.38461538461538464,0.23076923076923078,
A4,bank_hold,sig,whole,noop,,,,0.0
A4,bank_hold,sig,win5,noop,,,,0.0
A4,bank_hold,sig,win10,noop,,,,0.0
A4,flap_extend,det,whole,inertia_x1.6,1.0,1.0,,
A4,flap_extend,det,win5,inertia_x1.6,1.0,1.0,,
A4,flap_extend,det,win10,inertia_x1.6,1.0,1.0,,
A4,flap_extend,det,whole,cmq_x0.5,1.0,0.5909090909090909,0.3076923076923077,
A4,flap_extend,det,win5,cmq_x0.5,0.9230769230769231,0.5714285714285714,0.24786324786324787,
A4,flap_extend,det,win10,cmq_x0.5,0.9230769230769231,0.5714285714285714,0.27350427350427353,
A4,flap_extend,det,whole,cmalpha_x0.7,1.0,0.5909090909090909,0.3504273504273504,
A4,flap_extend,det,win5,cmalpha_x0.7,1.0,0.5909090909090909,0.3418803418803419,
A4,flap_extend,det,win10,cmalpha_x0.7,1.0,0.5909090909090909,0.3418803418803419,
A4,flap_extend,det,whole,clo_+0.1,1.0,0.5909090909090909,0.49572649572649574,
A4,flap_extend,det,win5,clo_+0.1,0.9230769230769231,0.5714285714285714,0.4358974358974359,
A4,flap_extend,det,win10,clo_+0.1,1.0,0.5909090909090909,0.49572649572649574,
A4,flap_extend,det,whole,noop,,,,0.2727272727272727
A4,flap_extend,det,win5,noop,,,,0.22727272727272727
A4,flap_extend,det,win10,noop,,,,0.18181818181818182
A4,flap_extend,sig,whole,inertia_x1.6,0.5454545454545454,1.0,,
A4,flap_extend,sig,win5,inertia_x1.6,0.5454545454545454,1.0,,
A4,flap_extend,sig,win10,inertia_x1.6,0.5909090909090909,1.0,,
A4,flap_extend,sig,whole,cmq_x0.5,0.7692307692307693,0.7142857142857143,0.5726495726495726,
A4,flap_extend,sig,win5,cmq_x0.5,0.6923076923076923,0.6923076923076923,0.5982905982905984,
A4,flap_extend,sig,win10,cmq_x0.5,0.7692307692307693,0.6666666666666666,0.5641025641025642,
A4,flap_extend,sig,whole,cmalpha_x0.7,0.6153846153846154,0.5714285714285714,0.5555555555555556,
A4,flap_extend,sig,win5,cmalpha_x0.7,0.6923076923076923,0.6428571428571429,0.5299145299145299,
A4,flap_extend,sig,win10,cmalpha_x0.7,0.6153846153846154,0.5714285714285714,0.5726495726495726,
A4,flap_extend,sig,whole,clo_+0.1,1.0,0.5909090909090909,0.38461538461538464,
A4,flap_extend,sig,win5,clo_+0.1,1.0,0.5909090909090909,0.5982905982905984,
A4,flap_extend,sig,win10,clo_+0.1,1.0,0.5909090909090909,0.5042735042735043,
A4,flap_extend,sig,whole,noop,,,,0.09090909090909091
A4,flap_extend,sig,win5,noop,,,,0.09090909090909091
A4,flap_extend,sig,win10,noop,,,,0.13636363636363635
A4,climbing_turn,det,whole,inertia_x1.6,0.6363636363636364,1.0,,
A4,climbing_turn,det,win5,inertia_x1.6,0.6363636363636364,1.0,,
A4,climbing_turn,det,win10,inertia_x1.6,0.6363636363636364,1.0,,
A4,climbing_turn,det,whole,cmq_x0.5,0.3076923076923077,0.5714285714285714,0.6068376068376069,
A4,climbing_turn,det,win5,cmq_x0.5,0.07692307692307693,0.3333333333333333,0.6666666666666667,
A4,climbing_turn,det,win10,cmq_x0.5,0.07692307692307693,0.25,0.6068376068376069,
A4,climbing_turn,det,whole,cmalpha_x0.7,1.0,0.65,0.8547008547008548,
A4,climbing_turn,det,win5,cmalpha_x0.7,1.0,0.6842105263157895,0.8717948717948718,
A4,climbing_turn,det,win10,cmalpha_x0.7,1.0,0.65,0.8717948717948718,
A4,climbing_turn,det,whole,clo_+0.1,1.0,0.5909090909090909,0.41880341880341887,
A4,climbing_turn,det,win5,clo_+0.1,1.0,0.5909090909090909,0.45299145299145305,
A4,climbing_turn,det,win10,clo_+0.1,1.0,0.5909090909090909,0.4358974358974359,
A4,climbing_turn,det,whole,noop,,,,0.09090909090909091
A4,climbing_turn,det,win5,noop,,,,0.09090909090909091
A4,climbing_turn,det,win10,noop,,,,0.13636363636363635
A4,climbing_turn,sig,whole,inertia_x1.6,0.09090909090909091,1.0,,
A4,climbing_turn,sig,win5,inertia_x1.6,0.0,,,
A4,climbing_turn,sig,win10,inertia_x1.6,0.045454545454545456,1.0,,
A4,climbing_turn,sig,whole,cmq_x0.5,0.15384615384615385,1.0,0.8290598290598291,
A4,climbing_turn,sig,win5,cmq_x0.5,0.23076923076923078,1.0,0.9658119658119657,
A4,climbing_turn,sig,win10,cmq_x0.5,0.15384615384615385,1.0,0.8803418803418804,
A4,climbing_turn,sig,whole,cmalpha_x0.7,0.6153846153846154,1.0,0.905982905982906,
A4,climbing_turn,sig,win5,cmalpha_x0.7,0.46153846153846156,1.0,0.923076923076923,
A4,climbing_turn,sig,win10,cmalpha_x0.7,0.46153846153846156,1.0,1.0,
A4,climbing_turn,sig,whole,clo_+0.1,0.9230769230769231,0.6,0.5213675213675214,
A4,climbing_turn,sig,win5,clo_+0.1,1.0,0.6190476190476191,0.15384615384615388,
A4,climbing_turn,sig,win10,clo_+0.1,0.8461538461538461,0.5789473684210527,0.1367521367521368,
A4,climbing_turn,sig,whole,noop,,,,0.0
A4,climbing_turn,sig,win5,noop,,,,0.045454545454545456
A4,climbing_turn,sig,win10,noop,,,,0.045454545454545456
A4,elev_doublet_distractor,det,whole,inertia_x1.6,0.36363636363636365,1.0,,
A4,elev_doublet_distractor,det,win5,inertia_x1.6,0.36363636363636365,1.0,,
A4,elev_doublet_distractor,det,win10,inertia_x1.6,0.36363636363636365,1.0,,
A4,elev_doublet_distractor,det,whole,cmq_x0.5,0.38461538461538464,0.8333333333333334,0.41880341880341887,
A4,elev_doublet_distractor,det,win5,cmq_x0.5,0.38461538461538464,0.8333333333333334,0.4444444444444444,
A4,elev_doublet_distractor,det,win10,cmq_x0.5,0.38461538461538464,0.8333333333333334,0.4700854700854701,
A4,elev_doublet_distractor,det,whole,cmalpha_x0.7,0.5384615384615384,0.875,0.7863247863247863,
A4,elev_doublet_distractor,det,win5,cmalpha_x0.7,0.46153846153846156,0.8571428571428571,0.7863247863247864,
A4,elev_doublet_distractor,det,win10,cmalpha_x0.7,0.6153846153846154,0.8888888888888888,0.8205128205128205,
A4,elev_doublet_distractor,det,whole,clo_+0.1,0.8461538461538461,0.5789473684210527,0.8803418803418804,
A4,elev_doublet_distractor,det,win5,clo_+0.1,0.8461538461538461,0.5789473684210527,0.8205128205128205,
A4,elev_doublet_distractor,det,win10,clo_+0.1,0.8461538461538461,0.5789473684210527,0.8290598290598291,
A4,elev_doublet_distractor,det,whole,noop,,,,0.045454545454545456
A4,elev_doublet_distractor,det,win5,noop,,,,0.045454545454545456
A4,elev_doublet_distractor,det,win10,noop,,,,0.045454545454545456
A4,elev_doublet_distractor,sig,whole,inertia_x1.6,0.2727272727272727,1.0,,
A4,elev_doublet_distractor,sig,win5,inertia_x1.6,0.13636363636363635,1.0,,
A4,elev_doublet_distractor,sig,win10,inertia_x1.6,0.18181818181818182,1.0,,
A4,elev_doublet_distractor,sig,whole,cmq_x0.5,0.0,,0.27350427350427353,
A4,elev_doublet_distractor,sig,win5,cmq_x0.5,0.0,0.0,0.4358974358974359,
A4,elev_doublet_distractor,sig,win10,cmq_x0.5,0.0,0.0,0.4188034188034188,
A4,elev_doublet_distractor,sig,whole,cmalpha_x0.7,0.15384615384615385,0.5,0.41025641025641024,
A4,elev_doublet_distractor,sig,win5,cmalpha_x0.7,0.07692307692307693,1.0,0.5811965811965812,
A4,elev_doublet_distractor,sig,win10,cmalpha_x0.7,0.15384615384615385,1.0,0.5982905982905984,
A4,elev_doublet_distractor,sig,whole,clo_+0.1,0.46153846153846156,0.4,0.3333333333333333,
A4,elev_doublet_distractor,sig,win5,clo_+0.1,0.23076923076923078,0.25,0.19658119658119658,
A4,elev_doublet_distractor,sig,win10,clo_+0.1,0.23076923076923078,0.2727272727272727,0.2905982905982906,
A4,elev_doublet_distractor,sig,whole,noop,,,,0.0
A4,elev_doublet_distractor,sig,win5,noop,,,,0.045454545454545456
A4,elev_doublet_distractor,sig,win10,noop,,,,0.045454545454545456
B747,cruise,det,whole,inertia_x1.6,0.0,,,
B747,cruise,det,win5,inertia_x1.6,0.0,,,
B747,cruise,det,win10,inertia_x1.6,0.0,,,
B747,cruise,det,whole,cmq_x0.5,0.0,,0.5299145299145299,
B747,cruise,det,win5,cmq_x0.5,0.07692307692307693,0.3333333333333333,0.5384615384615385,
B747,cruise,det,win10,cmq_x0.5,0.07692307692307693,0.3333333333333333,0.5299145299145299,
B747,cruise,det,whole,cmalpha_x0.7,0.6923076923076923,0.6923076923076923,0.6153846153846154,
B747,cruise,det,win5,cmalpha_x0.7,0.5384615384615384,0.6363636363636364,0.6837606837606838,
B747,cruise,det,win10,cmalpha_x0.7,0.6153846153846154,0.6666666666666666,0.6923076923076924,
B747,cruise,det,whole,clo_+0.1,0.8461538461538461,0.6875,0.7008547008547008,
B747,cruise,det,win5,clo_+0.1,0.8461538461538461,0.6875,0.7008547008547008,
B747,cruise,det,win10,clo_+0.1,0.8461538461538461,0.6875,0.7008547008547008,
B747,cruise,det,whole,noop,,,,0.0
B747,cruise,det,win5,noop,,,,0.0
B747,cruise,det,win10,noop,,,,0.0
B747,cruise,sig,whole,inertia_x1.6,0.0,,,
B747,cruise,sig,win5,inertia_x1.6,0.0,,,
B747,cruise,sig,win10,inertia_x1.6,0.045454545454545456,1.0,,
B747,cruise,sig,whole,cmq_x0.5,0.15384615384615385,0.5,0.3076923076923077,
B747,cruise,sig,win5,cmq_x0.5,0.15384615384615385,0.5,0.41880341880341887,
B747,cruise,sig,win10,cmq_x0.5,0.15384615384615385,0.5,0.36752136752136755,
B747,cruise,sig,whole,cmalpha_x0.7,0.38461538461538464,0.8333333333333334,0.5384615384615385,
B747,cruise,sig,win5,cmalpha_x0.7,0.38461538461538464,0.8333333333333334,0.6581196581196582,
B747,cruise,sig,win10,cmalpha_x0.7,0.38461538461538464,0.7142857142857143,0.6239316239316239,
B747,cruise,sig,whole,clo_+0.1,0.23076923076923078,0.3333333333333333,0.4444444444444444,
B747,cruise,sig,win5,clo_+0.1,0.15384615384615385,0.4,0.5299145299145299,
B747,cruise,sig,win10,clo_+0.1,0.15384615384615385,0.4,0.5213675213675214,
B747,cruise,sig,whole,noop,,,,0.0
B747,cruise,sig,win5,noop,,,,0.0
B747,cruise,sig,win10,noop,,,,0.0
B747,throttle_step,det,whole,inertia_x1.6,0.045454545454545456,1.0,,
B747,throttle_step,det,win5,inertia_x1.6,0.09090909090909091,1.0,,
B747,throttle_step,det,win10,inertia_x1.6,0.045454545454545456,1.0,,
B747,throttle_step,det,whole,cmq_x0.5,0.38461538461538464,1.0,0.8461538461538461,
B747,throttle_step,det,win5,cmq_x0.5,0.3076923076923077,1.0,0.8803418803418803,
B747,throttle_step,det,win10,cmq_x0.5,0.3076923076923077,1.0,0.8632478632478633,
B747,throttle_step,det,whole,cmalpha_x0.7,0.3076923076923077,0.8,0.4700854700854701,
B747,throttle_step,det,win5,cmalpha_x0.7,0.3076923076923077,0.8,0.49572649572649574,
B747,throttle_step,det,win10,cmalpha_x0.7,0.3076923076923077,0.8,0.4871794871794872,
B747,throttle_step,det,whole,clo_+0.1,0.38461538461538464,0.4166666666666667,0.38461538461538464,
B747,throttle_step,det,win5,clo_+0.1,0.38461538461538464,0.4166666666666667,0.41880341880341887,
B747,throttle_step,det,win10,clo_+0.1,0.38461538461538464,0.4166666666666667,0.4102564102564103,
B747,throttle_step,det,whole,noop,,,,0.0
B747,throttle_step,det,win5,noop,,,,0.0
B747,throttle_step,det,win10,noop,,,,0.0
B747,throttle_step,sig,whole,inertia_x1.6,0.045454545454545456,1.0,,
B747,throttle_step,sig,win5,inertia_x1.6,0.045454545454545456,1.0,,
B747,throttle_step,sig,win10,inertia_x1.6,0.045454545454545456,1.0,,
B747,throttle_step,sig,whole,cmq_x0.5,0.3076923076923077,1.0,0.7777777777777779,
B747,throttle_step,sig,win5,cmq_x0.5,0.3076923076923077,1.0,0.9658119658119658,
B747,throttle_step,sig,win10,cmq_x0.5,0.3076923076923077,1.0,0.905982905982906,
B747,throttle_step,sig,whole,cmalpha_x0.7,0.23076923076923078,0.75,0.7350427350427351,
B747,throttle_step,sig,win5,cmalpha_x0.7,0.38461538461538464,1.0,0.9487179487179487,
B747,throttle_step,sig,win10,cmalpha_x0.7,0.3076923076923077,1.0,0.9401709401709402,
B747,throttle_step,sig,whole,clo_+0.1,0.15384615384615385,0.6666666666666666,0.6324786324786325,
B747,throttle_step,sig,win5,clo_+0.1,0.38461538461538464,1.0,0.7264957264957266,
B747,throttle_step,sig,win10,clo_+0.1,0.3076923076923077,1.0,0.8461538461538461,
B747,throttle_step,sig,whole,noop,,,,0.0
B747,throttle_step,sig,win5,noop,,,,0.09090909090909091
B747,throttle_step,sig,win10,noop,,,,0.045454545454545456
B747,elev_doublet,det,whole,inertia_x1.6,0.4090909090909091,1.0,,
B747,elev_doublet,det,win5,inertia_x1.6,0.4090909090909091,1.0,,
B747,elev_doublet,det,win10,inertia_x1.6,0.4090909090909091,1.0,,
B747,elev_doublet,det,whole,cmq_x0.5,0.38461538461538464,1.0,0.49572649572649574,
B747,elev_doublet,det,win5,cmq_x0.5,0.38461538461538464,0.8333333333333334,0.3760683760683761,
B747,elev_doublet,det,win10,cmq_x0.5,0.38461538461538464,1.0,0.3760683760683761,
B747,elev_doublet,det,whole,cmalpha_x0.7,0.3076923076923077,0.6666666666666666,0.6239316239316239,
B747,elev_doublet,det,win5,cmalpha_x0.7,0.3076923076923077,0.8,0.4786324786324787,
B747,elev_doublet,det,win10,cmalpha_x0.7,0.23076923076923078,0.6,0.52991452991453,
B747,elev_doublet,det,whole,clo_+0.1,0.8461538461538461,0.6111111111111112,0.5042735042735043,
B747,elev_doublet,det,win5,clo_+0.1,0.8461538461538461,0.6111111111111112,0.5384615384615384,
B747,elev_doublet,det,win10,clo_+0.1,0.8461538461538461,0.6111111111111112,0.5213675213675214,
B747,elev_doublet,det,whole,noop,,,,0.0
B747,elev_doublet,det,win5,noop,,,,0.0
B747,elev_doublet,det,win10,noop,,,,0.0
B747,elev_doublet,sig,whole,inertia_x1.6,0.045454545454545456,1.0,,
B747,elev_doublet,sig,win5,inertia_x1.6,0.0,,,
B747,elev_doublet,sig,win10,inertia_x1.6,0.0,,,
B747,elev_doublet,sig,whole,cmq_x0.5,0.07692307692307693,1.0,0.6196581196581197,
B747,elev_doublet,sig,win5,cmq_x0.5,0.0,,0.5470085470085471,
B747,elev_doublet,sig,win10,cmq_x0.5,0.07692307692307693,1.0,0.6666666666666666,
B747,elev_doublet,sig,whole,cmalpha_x0.7,0.46153846153846156,1.0,0.7521367521367522,
B747,elev_doublet,sig,win5,cmalpha_x0.7,0.38461538461538464,1.0,0.7521367521367521,
B747,elev_doublet,sig,win10,cmalpha_x0.7,0.38461538461538464,0.8333333333333334,0.7948717948717949,
B747,elev_doublet,sig,whole,clo_+0.1,0.5384615384615384,0.5833333333333334,0.7094017094017093,
B747,elev_doublet,sig,win5,clo_+0.1,0.46153846153846156,0.5454545454545454,0.6752136752136753,
B747,elev_doublet,sig,win10,clo_+0.1,0.38461538461538464,0.5555555555555556,0.6752136752136753,
B747,elev_doublet,sig,whole,noop,,,,0.0
B747,elev_doublet,sig,win5,noop,,,,0.0
B747,elev_doublet,sig,win10,noop,,,,0.0
B747,elev_step,det,whole,inertia_x1.6,0.4090909090909091,1.0,,
B747,elev_step,det,win5,inertia_x1.6,0.45454545454545453,1.0,,
B747,elev_step,det,win10,inertia_x1.6,0.45454545454545453,1.0,,
B747,elev_step,det,whole,cmq_x0.5,0.6153846153846154,0.5,0.7692307692307693,
B747,elev_step,det,win5,cmq_x0.5,0.6153846153846154,0.5,0.8974358974358975,
B747,elev_step,det,win10,cmq_x0.5,0.6153846153846154,0.5,0.7521367521367522,
B747,elev_step,det,whole,cmalpha_x0.7,0.8461538461538461,0.5789473684210527,0.8632478632478633,
B747,elev_step,det,win5,cmalpha_x0.7,0.8461538461538461,0.5789473684210527,0.9145299145299145,
B747,elev_step,det,win10,cmalpha_x0.7,0.8461538461538461,0.5789473684210527,0.9401709401709402,
B747,elev_step,det,whole,clo_+0.1,0.7692307692307693,0.6666666666666666,0.7777777777777778,
B747,elev_step,det,win5,clo_+0.1,0.9230769230769231,0.631578947368421,0.8205128205128205,
B747,elev_step,det,win10,clo_+0.1,0.9230769230769231,0.6,0.7948717948717948,
B747,elev_step,det,whole,noop,,,,0.09090909090909091
B747,elev_step,det,win5,noop,,,,0.09090909090909091
B747,elev_step,det,win10,noop,,,,0.045454545454545456
B747,elev_step,sig,whole,inertia_x1.6,0.22727272727272727,1.0,,
B747,elev_step,sig,win5,inertia_x1.6,0.09090909090909091,1.0,,
B747,elev_step,sig,win10,inertia_x1.6,0.0,,,
B747,elev_step,sig,whole,cmq_x0.5,0.0,,0.7264957264957266,
B747,elev_step,sig,win5,cmq_x0.5,0.15384615384615385,0.6666666666666666,0.6666666666666667,
B747,elev_step,sig,win10,cmq_x0.5,0.23076923076923078,1.0,0.6923076923076923,
B747,elev_step,sig,whole,cmalpha_x0.7,0.38461538461538464,0.625,0.5555555555555556,
B747,elev_step,sig,win5,cmalpha_x0.7,0.3076923076923077,0.8,0.6581196581196582,
B747,elev_step,sig,win10,cmalpha_x0.7,0.38461538461538464,0.625,0.5641025641025641,
B747,elev_step,sig,whole,clo_+0.1,0.38461538461538464,0.5,0.5042735042735043,
B747,elev_step,sig,win5,clo_+0.1,0.6153846153846154,0.6153846153846154,0.49572649572649574,
B747,elev_step,sig,win10,clo_+0.1,0.6153846153846154,0.6666666666666666,0.4700854700854701,
B747,elev_step,sig,whole,noop,,,,0.0
B747,elev_step,sig,win5,noop,,,,0.13636363636363635
B747,elev_step,sig,win10,noop,,,,0.0
B747,aileron_step,det,whole,inertia_x1.6,0.45454545454545453,1.0,,
B747,aileron_step,det,win5,inertia_x1.6,0.45454545454545453,1.0,,
B747,aileron_step,det,win10,inertia_x1.6,0.45454545454545453,1.0,,
B747,aileron_step,det,whole,cmq_x0.5,0.15384615384615385,1.0,0.5811965811965811,
B747,aileron_step,det,win5,cmq_x0.5,0.15384615384615385,1.0,0.6153846153846154,
B747,aileron_step,det,win10,cmq_x0.5,0.15384615384615385,1.0,0.6153846153846154,
B747,aileron_step,det,whole,cmalpha_x0.7,0.3076923076923077,0.8,0.46153846153846156,
B747,aileron_step,det,win5,cmalpha_x0.7,0.3076923076923077,0.6666666666666666,0.5384615384615384,
B747,aileron_step,det,win10,cmalpha_x0.7,0.3076923076923077,0.8,0.5384615384615384,
B747,aileron_step,det,whole,clo_+0.1,0.46153846153846156,0.4,0.41025641025641035,
B747,aileron_step,det,win5,clo_+0.1,0.46153846153846156,0.4,0.4273504273504274,
B747,aileron_step,det,win10,clo_+0.1,0.46153846153846156,0.4,0.41025641025641024,
B747,aileron_step,det,whole,noop,,,,0.0
B747,aileron_step,det,win5,noop,,,,0.0
B747,aileron_step,det,win10,noop,,,,0.0
B747,aileron_step,sig,whole,inertia_x1.6,0.13636363636363635,1.0,,
B747,aileron_step,sig,win5,inertia_x1.6,0.0,,,
B747,aileron_step,sig,win10,inertia_x1.6,0.045454545454545456,1.0,,
B747,aileron_step,sig,whole,cmq_x0.5,0.07692307692307693,1.0,0.5641025641025641,
B747,aileron_step,sig,win5,cmq_x0.5,0.07692307692307693,1.0,0.8547008547008548,
B747,aileron_step,sig,win10,cmq_x0.5,0.0,,0.7521367521367521,
B747,aileron_step,sig,whole,cmalpha_x0.7,0.23076923076923078,1.0,0.3504273504273504,
B747,aileron_step,sig,win5,cmalpha_x0.7,0.15384615384615385,1.0,0.5470085470085471,
B747,aileron_step,sig,win10,cmalpha_x0.7,0.23076923076923078,1.0,0.3931623931623932,
B747,aileron_step,sig,whole,clo_+0.1,0.07692307692307693,0.5,0.3076923076923077,
B747,aileron_step,sig,win5,clo_+0.1,0.07692307692307693,0.5,0.3846153846153846,
B747,aileron_step,sig,win10,clo_+0.1,0.15384615384615385,1.0,0.22222222222222224,
B747,aileron_step,sig,whole,noop,,,,0.045454545454545456
B747,aileron_step,sig,win5,noop,,,,0.0
B747,aileron_step,sig,win10,noop,,,,0.0
B747,rudder_doublet,det,whole,inertia_x1.6,0.09090909090909091,1.0,,
B747,rudder_doublet,det,win5,inertia_x1.6,0.09090909090909091,1.0,,
B747,rudder_doublet,det,win10,inertia_x1.6,0.09090909090909091,1.0,,
B747,rudder_doublet,det,whole,cmq_x0.5,0.38461538461538464,1.0,0.5641025641025641,
B747,rudder_doublet,det,win5,cmq_x0.5,0.3076923076923077,0.8,0.5641025641025641,
B747,rudder_doublet,det,win10,cmq_x0.5,0.3076923076923077,1.0,0.5641025641025641,
B747,rudder_doublet,det,whole,cmalpha_x0.7,0.23076923076923078,0.75,0.7094017094017093,
B747,rudder_doublet,det,win5,cmalpha_x0.7,0.38461538461538464,0.8333333333333334,0.7094017094017093,
B747,rudder_doublet,det,win10,cmalpha_x0.7,0.23076923076923078,0.75,0.7094017094017094,
B747,rudder_doublet,det,whole,clo_+0.1,0.23076923076923078,0.5,0.7863247863247864,
B747,rudder_doublet,det,win5,clo_+0.1,0.6153846153846154,0.7272727272727273,0.811965811965812,
B747,rudder_doublet,det,win10,clo_+0.1,0.38461538461538464,0.625,0.7777777777777779,
B747,rudder_doublet,det,whole,noop,,,,0.0
B747,rudder_doublet,det,win5,noop,,,,0.045454545454545456
B747,rudder_doublet,det,win10,noop,,,,0.0
B747,rudder_doublet,sig,whole,inertia_x1.6,0.045454545454545456,1.0,,
B747,rudder_doublet,sig,win5,inertia_x1.6,0.045454545454545456,1.0,,
B747,rudder_doublet,sig,win10,inertia_x1.6,0.045454545454545456,1.0,,
B747,rudder_doublet,sig,whole,cmq_x0.5,0.07692307692307693,1.0,0.27350427350427353,
B747,rudder_doublet,sig,win5,cmq_x0.5,0.07692307692307693,1.0,0.5384615384615385,
B747,rudder_doublet,sig,win10,cmq_x0.5,0.07692307692307693,1.0,0.5555555555555556,
B747,rudder_doublet,sig,whole,cmalpha_x0.7,0.5384615384615384,1.0,0.7094017094017093,
B747,rudder_doublet,sig,win5,cmalpha_x0.7,0.3076923076923077,1.0,0.7094017094017093,
B747,rudder_doublet,sig,win10,cmalpha_x0.7,0.38461538461538464,1.0,0.7094017094017093,
B747,rudder_doublet,sig,whole,clo_+0.1,0.38461538461538464,1.0,0.7008547008547008,
B747,rudder_doublet,sig,win5,clo_+0.1,0.07692307692307693,1.0,0.8205128205128205,
B747,rudder_doublet,sig,win10,clo_+0.1,0.15384615384615385,1.0,0.7692307692307692,
B747,rudder_doublet,sig,whole,noop,,,,0.0
B747,rudder_doublet,sig,win5,noop,,,,0.045454545454545456
B747,rudder_doublet,sig,win10,noop,,,,0.0
B747,bank_hold,det,whole,inertia_x1.6,0.4090909090909091,1.0,,
B747,bank_hold,det,win5,inertia_x1.6,0.4090909090909091,1.0,,
B747,bank_hold,det,win10,inertia_x1.6,0.4090909090909091,1.0,,
B747,bank_hold,det,whole,cmq_x0.5,0.5384615384615384,1.0,0.6153846153846154,
B747,bank_hold,det,win5,cmq_x0.5,0.5384615384615384,1.0,0.6581196581196582,
B747,bank_hold,det,win10,cmq_x0.5,0.5384615384615384,1.0,0.623931623931624,
B747,bank_hold,det,whole,cmalpha_x0.7,0.6153846153846154,1.0,0.8205128205128205,
B747,bank_hold,det,win5,cmalpha_x0.7,0.6153846153846154,1.0,0.8461538461538461,
B747,bank_hold,det,win10,cmalpha_x0.7,0.6153846153846154,1.0,0.8461538461538461,
B747,bank_hold,det,whole,clo_+0.1,0.7692307692307693,0.5555555555555556,0.6068376068376069,
B747,bank_hold,det,win5,clo_+0.1,0.7692307692307693,0.5555555555555556,0.5641025641025641,
B747,bank_hold,det,win10,clo_+0.1,0.7692307692307693,0.5555555555555556,0.5384615384615385,
B747,bank_hold,det,whole,noop,,,,0.0
B747,bank_hold,det,win5,noop,,,,0.045454545454545456
B747,bank_hold,det,win10,noop,,,,0.045454545454545456
B747,bank_hold,sig,whole,inertia_x1.6,0.0,,,
B747,bank_hold,sig,win5,inertia_x1.6,0.09090909090909091,1.0,,
B747,bank_hold,sig,win10,inertia_x1.6,0.0,,,
B747,bank_hold,sig,whole,cmq_x0.5,0.3076923076923077,1.0,0.6324786324786326,
B747,bank_hold,sig,win5,cmq_x0.5,0.07692307692307693,0.5,0.8034188034188035,
B747,bank_hold,sig,win10,cmq_x0.5,0.15384615384615385,1.0,0.8461538461538461,
B747,bank_hold,sig,whole,cmalpha_x0.7,0.23076923076923078,1.0,0.7264957264957265,
B747,bank_hold,sig,win5,cmalpha_x0.7,0.23076923076923078,1.0,0.9316239316239316,
B747,bank_hold,sig,win10,cmalpha_x0.7,0.23076923076923078,1.0,0.8632478632478633,
B747,bank_hold,sig,whole,clo_+0.1,0.15384615384615385,0.4,0.5470085470085471,
B747,bank_hold,sig,win5,clo_+0.1,0.15384615384615385,0.5,0.811965811965812,
B747,bank_hold,sig,win10,clo_+0.1,0.15384615384615385,0.5,0.7692307692307694,
B747,bank_hold,sig,whole,noop,,,,0.0
B747,bank_hold,sig,win5,noop,,,,0.09090909090909091
B747,bank_hold,sig,win10,noop,,,,0.0
B747,flap_extend,det,whole,inertia_x1.6,0.8636363636363636,1.0,,
B747,flap_extend,det,win5,inertia_x1.6,0.8636363636363636,1.0,,
B747,flap_extend,det,win10,inertia_x1.6,0.8636363636363636,1.0,,
B747,flap_extend,det,whole,cmq_x0.5,0.7692307692307693,0.5263157894736842,0.0683760683760684,
B747,flap_extend,det,win5,cmq_x0.5,0.7692307692307693,0.5263157894736842,0.05982905982905984,
B747,flap_extend,det,win10,cmq_x0.5,0.7692307692307693,0.5263157894736842,0.0683760683760684,
B747,flap_extend,det,whole,cmalpha_x0.7,0.8461538461538461,0.6111111111111112,0.2991452991452992,
B747,flap_extend,det,win5,cmalpha_x0.7,0.9230769230769231,0.631578947368421,0.2478632478632479,
B747,flap_extend,det,win10,cmalpha_x0.7,0.9230769230769231,0.631578947368421,0.25641025641025644,
B747,flap_extend,det,whole,clo_+0.1,1.0,0.6190476190476191,0.5897435897435899,
B747,flap_extend,det,win5,clo_+0.1,0.9230769230769231,0.6,0.5128205128205129,
B747,flap_extend,det,win10,clo_+0.1,1.0,0.6190476190476191,0.5811965811965812,
B747,flap_extend,det,whole,noop,,,,0.0
B747,flap_extend,det,win5,noop,,,,0.0
B747,flap_extend,det,win10,noop,,,,0.0
B747,flap_extend,sig,whole,inertia_x1.6,0.36363636363636365,1.0,,
B747,flap_extend,sig,win5,inertia_x1.6,0.45454545454545453,1.0,,
B747,flap_extend,sig,win10,inertia_x1.6,0.5454545454545454,1.0,,
B747,flap_extend,sig,whole,cmq_x0.5,0.6153846153846154,0.5714285714285714,0.45299145299145305,
B747,flap_extend,sig,win5,cmq_x0.5,0.5384615384615384,0.5384615384615384,0.4444444444444445,
B747,flap_extend,sig,win10,cmq_x0.5,0.38461538461538464,0.38461538461538464,0.3846153846153847,
B747,flap_extend,sig,whole,cmalpha_x0.7,0.9230769230769231,0.5714285714285714,0.3846153846153846,
B747,flap_extend,sig,win5,cmalpha_x0.7,1.0,0.5909090909090909,0.37606837606837606,
B747,flap_extend,sig,win10,cmalpha_x0.7,0.9230769230769231,0.5714285714285714,0.35897435897435903,
B747,flap_extend,sig,whole,clo_+0.1,0.7692307692307693,0.5555555555555556,0.5299145299145299,
B747,flap_extend,sig,win5,clo_+0.1,0.8461538461538461,0.6111111111111112,0.5555555555555556,
B747,flap_extend,sig,win10,clo_+0.1,0.6923076923076923,0.6,0.5811965811965811,
B747,flap_extend,sig,whole,noop,,,,0.0
B747,flap_extend,sig,win5,noop,,,,0.045454545454545456
B747,flap_extend,sig,win10,noop,,,,0.045454545454545456
B747,engine_cut,det,whole,inertia_x1.6,0.4090909090909091,1.0,,
B747,engine_cut,det,win5,inertia_x1.6,0.4090909090909091,1.0,,
B747,engine_cut,det,win10,inertia_x1.6,0.36363636363636365,1.0,,
B747,engine_cut,det,whole,cmq_x0.5,0.6153846153846154,0.8888888888888888,0.7521367521367521,
B747,engine_cut,det,win5,cmq_x0.5,0.6153846153846154,0.8888888888888888,0.8803418803418803,
B747,engine_cut,det,win10,cmq_x0.5,0.6153846153846154,0.8888888888888888,0.8547008547008547,
B747,engine_cut,det,whole,cmalpha_x0.7,0.7692307692307693,0.9090909090909091,0.8461538461538461,
B747,engine_cut,det,win5,cmalpha_x0.7,0.8461538461538461,0.9166666666666666,0.8547008547008548,
B747,engine_cut,det,win10,cmalpha_x0.7,0.8461538461538461,0.9166666666666666,0.8461538461538461,
B747,engine_cut,det,whole,clo_+0.1,0.7692307692307693,0.5263157894736842,0.5982905982905983,
B747,engine_cut,det,win5,clo_+0.1,0.8461538461538461,0.55,0.6239316239316239,
B747,engine_cut,det,win10,clo_+0.1,0.8461538461538461,0.55,0.6410256410256411,
B747,engine_cut,det,whole,noop,,,,0.0
B747,engine_cut,det,win5,noop,,,,0.0
B747,engine_cut,det,win10,noop,,,,0.0
B747,engine_cut,sig,whole,inertia_x1.6,0.13636363636363635,1.0,,
B747,engine_cut,sig,win5,inertia_x1.6,0.2727272727272727,1.0,,
B747,engine_cut,sig,win10,inertia_x1.6,0.18181818181818182,1.0,,
B747,engine_cut,sig,whole,cmq_x0.5,0.38461538461538464,1.0,0.7435897435897436,
B747,engine_cut,sig,win5,cmq_x0.5,0.46153846153846156,1.0,0.8461538461538461,
B747,engine_cut,sig,win10,cmq_x0.5,0.46153846153846156,1.0,0.7948717948717949,
B747,engine_cut,sig,whole,cmalpha_x0.7,0.46153846153846156,0.8571428571428571,0.6239316239316239,
B747,engine_cut,sig,win5,cmalpha_x0.7,0.46153846153846156,0.8571428571428571,0.7692307692307693,
B747,engine_cut,sig,win10,cmalpha_x0.7,0.6153846153846154,0.8888888888888888,0.7606837606837606,
B747,engine_cut,sig,whole,clo_+0.1,0.6153846153846154,0.6666666666666666,0.7350427350427351,
B747,engine_cut,sig,win5,clo_+0.1,0.6153846153846154,0.5,0.735042735042735,
B747,engine_cut,sig,win10,clo_+0.1,0.6153846153846154,0.5714285714285714,0.7350427350427351,
B747,engine_cut,sig,whole,noop,,,,0.045454545454545456
B747,engine_cut,sig,win5,noop,,,,0.0
B747,engine_cut,sig,win10,noop,,,,0.0
B747,climbing_turn,det,whole,inertia_x1.6,0.45454545454545453,1.0,,
B747,climbing_turn,det,win5,inertia_x1.6,0.36363636363636365,1.0,,
B747,climbing_turn,det,win10,inertia_x1.6,0.4090909090909091,1.0,,
B747,climbing_turn,det,whole,cmq_x0.5,0.38461538461538464,1.0,0.7777777777777778,
B747,climbing_turn,det,win5,cmq_x0.5,0.5384615384615384,1.0,0.7606837606837606,
B747,climbing_turn,det,win10,cmq_x0.5,0.5384615384615384,1.0,0.7521367521367521,
B747,climbing_turn,det,whole,cmalpha_x0.7,0.5384615384615384,1.0,1.0,
B747,climbing_turn,det,win5,cmalpha_x0.7,0.6153846153846154,1.0,1.0,
B747,climbing_turn,det,win10,cmalpha_x0.7,0.6153846153846154,1.0,1.0,
B747,climbing_turn,det,whole,clo_+0.1,0.5384615384615384,0.5384615384615384,0.7606837606837606,
B747,climbing_turn,det,win5,clo_+0.1,0.5384615384615384,0.5384615384615384,0.6495726495726496,
B747,climbing_turn,det,win10,clo_+0.1,0.5384615384615384,0.5384615384615384,0.6239316239316239,
B747,climbing_turn,det,whole,noop,,,,0.09090909090909091
B747,climbing_turn,det,win5,noop,,,,0.045454545454545456
B747,climbing_turn,det,win10,noop,,,,0.09090909090909091
B747,climbing_turn,sig,whole,inertia_x1.6,0.09090909090909091,1.0,,
B747,climbing_turn,sig,win5,inertia_x1.6,0.045454545454545456,1.0,,
B747,climbing_turn,sig,win10,inertia_x1.6,0.0,,,
B747,climbing_turn,sig,whole,cmq_x0.5,0.23076923076923078,1.0,0.7777777777777778,
B747,climbing_turn,sig,win5,cmq_x0.5,0.07692307692307693,1.0,0.6923076923076924,
B747,climbing_turn,sig,win10,cmq_x0.5,0.07692307692307693,1.0,0.7435897435897436,
B747,climbing_turn,sig,whole,cmalpha_x0.7,0.15384615384615385,1.0,0.7094017094017094,
B747,climbing_turn,sig,win5,cmalpha_x0.7,0.0,,0.6581196581196581,
B747,climbing_turn,sig,win10,cmalpha_x0.7,0.15384615384615385,1.0,0.7692307692307693,
B747,climbing_turn,sig,whole,clo_+0.1,0.23076923076923078,0.75,0.6410256410256411,
B747,climbing_turn,sig,win5,clo_+0.1,0.3076923076923077,1.0,0.7264957264957265,
B747,climbing_turn,sig,win10,clo_+0.1,0.23076923076923078,1.0,0.6324786324786325,
B747,climbing_turn,sig,whole,noop,,,,0.0
B747,climbing_turn,sig,win5,noop,,,,0.0
B747,climbing_turn,sig,win10,noop,,,,0.0
B747,elev_doublet_distractor,det,whole,inertia_x1.6,0.3181818181818182,1.0,,
B747,elev_doublet_distractor,det,win5,inertia_x1.6,0.3181818181818182,1.0,,
B747,elev_doublet_distractor,det,win10,inertia_x1.6,0.3181818181818182,1.0,,
B747,elev_doublet_distractor,det,whole,cmq_x0.5,0.38461538461538464,1.0,0.4871794871794873,
B747,elev_doublet_distractor,det,win5,cmq_x0.5,0.23076923076923078,1.0,0.5897435897435898,
B747,elev_doublet_distractor,det,win10,cmq_x0.5,0.38461538461538464,1.0,0.5470085470085471,
B747,elev_doublet_distractor,det,whole,cmalpha_x0.7,0.3076923076923077,1.0,0.8547008547008547,
B747,elev_doublet_distractor,det,win5,cmalpha_x0.7,0.07692307692307693,1.0,0.7179487179487181,
B747,elev_doublet_distractor,det,win10,cmalpha_x0.7,0.15384615384615385,1.0,0.7008547008547009,
B747,elev_doublet_distractor,det,whole,clo_+0.1,0.8461538461538461,0.8461538461538461,0.8461538461538461,
B747,elev_doublet_distractor,det,win5,clo_+0.1,0.8461538461538461,0.7857142857142857,0.8461538461538461,
B747,elev_doublet_distractor,det,win10,clo_+0.1,0.8461538461538461,0.7857142857142857,0.8461538461538461,
B747,elev_doublet_distractor,det,whole,noop,,,,0.0
B747,elev_doublet_distractor,det,win5,noop,,,,0.0
B747,elev_doublet_distractor,det,win10,noop,,,,0.0
B747,elev_doublet_distractor,sig,whole,inertia_x1.6,0.22727272727272727,1.0,,
B747,elev_doublet_distractor,sig,win5,inertia_x1.6,0.09090909090909091,1.0,,
B747,elev_doublet_distractor,sig,win10,inertia_x1.6,0.18181818181818182,1.0,,
B747,elev_doublet_distractor,sig,whole,cmq_x0.5,0.15384615384615385,1.0,0.6752136752136753,
B747,elev_doublet_distractor,sig,win5,cmq_x0.5,0.0,,0.5811965811965812,
B747,elev_doublet_distractor,sig,win10,cmq_x0.5,0.07692307692307693,1.0,0.6068376068376069,
B747,elev_doublet_distractor,sig,whole,cmalpha_x0.7,0.46153846153846156,1.0,0.7606837606837606,
B747,elev_doublet_distractor,sig,win5,cmalpha_x0.7,0.15384615384615385,1.0,0.8461538461538463,
B747,elev_doublet_distractor,sig,win10,cmalpha_x0.7,0.07692307692307693,1.0,0.8290598290598291,
B747,elev_doublet_distractor,sig,whole,clo_+0.1,0.23076923076923078,0.6,0.28205128205128205,
B747,elev_doublet_distractor,sig,win5,clo_+0.1,0.23076923076923078,1.0,0.46153846153846156,
B747,elev_doublet_distractor,sig,win10,clo_+0.1,0.15384615384615385,0.5,0.4017094017094018,
B747,elev_doublet_distractor,sig,whole,noop,,,,0.0
B747,elev_doublet_distractor,sig,win5,noop,,,,0.0
B747,elev_doublet_distractor,sig,win10,noop,,,,0.045454545454545456
B747,engine_restart,det,whole,inertia_x1.6,0.2727272727272727,1.0,,
B747,engine_restart,det,win5,inertia_x1.6,0.2727272727272727,1.0,,
B747,engine_restart,det,win10,inertia_x1.6,0.2727272727272727,1.0,,
B747,engine_restart,det,whole,cmq_x0.5,0.7692307692307693,0.9090909090909091,0.9658119658119657,
B747,engine_restart,det,win5,cmq_x0.5,1.0,0.9285714285714286,0.9914529914529914,
B747,engine_restart,det,win10,cmq_x0.5,1.0,0.9285714285714286,0.9914529914529914,
B747,engine_restart,det,whole,cmalpha_x0.7,0.6923076923076923,0.9,0.9487179487179487,
B747,engine_restart,det,win5,cmalpha_x0.7,0.6923076923076923,0.9,1.0,
B747,engine_restart,det,win10,cmalpha_x0.7,0.6923076923076923,1.0,0.982905982905983,
B747,engine_restart,det,whole,clo_+0.1,0.7692307692307693,0.5555555555555556,0.6837606837606838,
B747,engine_restart,det,win5,clo_+0.1,0.9230769230769231,0.6,0.6752136752136753,
B747,engine_restart,det,win10,clo_+0.1,0.8461538461538461,0.5789473684210527,0.7094017094017095,
B747,engine_restart,det,whole,noop,,,,0.13636363636363635
B747,engine_restart,det,win5,noop,,,,0.13636363636363635
B747,engine_restart,det,win10,noop,,,,0.18181818181818182
B747,engine_restart,sig,whole,inertia_x1.6,0.13636363636363635,1.0,,
B747,engine_restart,sig,win5,inertia_x1.6,0.13636363636363635,1.0,,
B747,engine_restart,sig,win10,inertia_x1.6,0.09090909090909091,1.0,,
B747,engine_restart,sig,whole,cmq_x0.5,0.6153846153846154,0.8,0.8461538461538461,
B747,engine_restart,sig,win5,cmq_x0.5,0.6153846153846154,0.8,0.7777777777777778,
B747,engine_restart,sig,win10,cmq_x0.5,0.6153846153846154,0.8888888888888888,0.8376068376068376,
B747,engine_restart,sig,whole,cmalpha_x0.7,0.6153846153846154,1.0,1.0,
B747,engine_restart,sig,win5,cmalpha_x0.7,0.6153846153846154,0.8888888888888888,0.905982905982906,
B747,engine_restart,sig,win10,cmalpha_x0.7,0.6153846153846154,1.0,0.9230769230769231,
B747,engine_restart,sig,whole,clo_+0.1,0.6153846153846154,0.8,0.8888888888888888,
B747,engine_restart,sig,win5,clo_+0.1,0.7692307692307693,0.8333333333333334,0.9230769230769231,
B747,engine_restart,sig,win10,clo_+0.1,0.6153846153846154,0.8,0.9487179487179487,
B747,engine_restart,sig,whole,noop,,,,0.0
B747,engine_restart,sig,win5,noop,,,,0.045454545454545456
B747,engine_restart,sig,win10,noop,,,,0.0
Boeing314,cruise,det,whole,inertia_x1.6,0.0,,,
Boeing314,cruise,det,win5,inertia_x1.6,0.0,,,
Boeing314,cruise,det,win10,inertia_x1.6,0.0,,,
Boeing314,cruise,det,whole,cmq_x0.5,0.38461538461538464,1.0,0.45299145299145305,
Boeing314,cruise,det,win5,cmq_x0.5,0.6153846153846154,1.0,0.7521367521367521,
Boeing314,cruise,det,win10,cmq_x0.5,0.6153846153846154,1.0,0.7008547008547008,
Boeing314,cruise,det,whole,cmalpha_x0.7,0.07692307692307693,1.0,0.8461538461538461,
Boeing314,cruise,det,win5,cmalpha_x0.7,0.46153846153846156,1.0,1.0,
Boeing314,cruise,det,win10,cmalpha_x0.7,0.38461538461538464,1.0,0.9914529914529914,
Boeing314,cruise,det,whole,clo_+0.1,0.15384615384615385,0.5,0.13675213675213677,
Boeing314,cruise,det,win5,clo_+0.1,0.46153846153846156,1.0,0.3846153846153846,
Boeing314,cruise,det,win10,clo_+0.1,0.3076923076923077,1.0,0.35042735042735046,
Boeing314,cruise,det,whole,noop,,,,0.0
Boeing314,cruise,det,win5,noop,,,,0.0
Boeing314,cruise,det,win10,noop,,,,0.0
Boeing314,cruise,sig,whole,inertia_x1.6,0.045454545454545456,1.0,,
Boeing314,cruise,sig,win5,inertia_x1.6,0.045454545454545456,1.0,,
Boeing314,cruise,sig,win10,inertia_x1.6,0.09090909090909091,1.0,,
Boeing314,cruise,sig,whole,cmq_x0.5,0.3076923076923077,0.8,0.4102564102564103,
Boeing314,cruise,sig,win5,cmq_x0.5,0.38461538461538464,0.7142857142857143,0.37606837606837606,
Boeing314,cruise,sig,win10,cmq_x0.5,0.23076923076923078,0.6,0.3418803418803419,
Boeing314,cruise,sig,whole,cmalpha_x0.7,0.23076923076923078,1.0,0.1965811965811966,
Boeing314,cruise,sig,win5,cmalpha_x0.7,0.3076923076923077,0.6666666666666666,0.3931623931623932,
Boeing314,cruise,sig,win10,cmalpha_x0.7,0.23076923076923078,0.75,0.44444444444444453,
Boeing314,cruise,sig,whole,clo_+0.1,0.07692307692307693,0.3333333333333333,0.13675213675213677,
Boeing314,cruise,sig,win5,clo_+0.1,0.23076923076923078,0.5,0.33333333333333337,
Boeing314,cruise,sig,win10,clo_+0.1,0.23076923076923078,0.5,0.3418803418803419,
Boeing314,cruise,sig,whole,noop,,,,0.0
Boeing314,cruise,sig,win5,noop,,,,0.0
Boeing314,cruise,sig,win10,noop,,,,0.045454545454545456
Boeing314,throttle_step,det,whole,inertia_x1.6,0.18181818181818182,1.0,,
Boeing314,throttle_step,det,win5,inertia_x1.6,0.13636363636363635,1.0,,
Boeing314,throttle_step,det,win10,inertia_x1.6,0.18181818181818182,1.0,,
Boeing314,throttle_step,det,whole,cmq_x0.5,0.9230769230769231,0.6666666666666666,0.7948717948717948,
Boeing314,throttle_step,det,win5,cmq_x0.5,0.9230769230769231,0.6666666666666666,0.7521367521367521,
Boeing314,throttle_step,det,win10,cmq_x0.5,0.9230769230769231,0.6666666666666666,0.7606837606837606,
Boeing314,throttle_step,det,whole,cmalpha_x0.7,0.6153846153846154,1.0,0.9572649572649572,
Boeing314,throttle_step,det,win5,cmalpha_x0.7,0.6153846153846154,1.0,0.9487179487179487,
Boeing314,throttle_step,det,win10,cmalpha_x0.7,0.6153846153846154,1.0,0.9572649572649572,
Boeing314,throttle_step,det,whole,clo_+0.1,0.7692307692307693,0.9090909090909091,0.829059829059829,
Boeing314,throttle_step,det,win5,clo_+0.1,0.7692307692307693,1.0,0.8632478632478633,
Boeing314,throttle_step,det,win10,clo_+0.1,0.7692307692307693,0.9090909090909091,0.8547008547008548,
Boeing314,throttle_step,det,whole,noop,,,,0.0
Boeing314,throttle_step,det,win5,noop,,,,0.0
Boeing314,throttle_step,det,win10,noop,,,,0.0
Boeing314,throttle_step,sig,whole,inertia_x1.6,0.0,,,
Boeing314,throttle_step,sig,win5,inertia_x1.6,0.0,,,
Boeing314,throttle_step,sig,win10,inertia_x1.6,0.0,,,
Boeing314,throttle_step,sig,whole,cmq_x0.5,0.8461538461538461,0.6111111111111112,0.7521367521367522,
Boeing314,throttle_step,sig,win5,cmq_x0.5,0.9230769230769231,0.6,0.4017094017094017,
Boeing314,throttle_step,sig,win10,cmq_x0.5,1.0,0.6842105263157895,0.6068376068376069,
Boeing314,throttle_step,sig,whole,cmalpha_x0.7,0.6153846153846154,0.7272727272727273,0.8717948717948719,
Boeing314,throttle_step,sig,win5,cmalpha_x0.7,0.46153846153846156,0.75,0.4444444444444445,
Boeing314,throttle_step,sig,win10,cmalpha_x0.7,0.38461538461538464,0.625,0.6410256410256411,
Boeing314,throttle_step,sig,whole,clo_+0.1,0.7692307692307693,0.7692307692307693,0.9401709401709402,
Boeing314,throttle_step,sig,win5,clo_+0.1,0.7692307692307693,0.9090909090909091,0.6837606837606838,
Boeing314,throttle_step,sig,win10,clo_+0.1,0.6923076923076923,0.9,0.8717948717948719,
Boeing314,throttle_step,sig,whole,noop,,,,0.0
Boeing314,throttle_step,sig,win5,noop,,,,0.0
Boeing314,throttle_step,sig,win10,noop,,,,0.0
Boeing314,elev_doublet,det,whole,inertia_x1.6,0.18181818181818182,1.0,,
Boeing314,elev_doublet,det,win5,inertia_x1.6,0.18181818181818182,1.0,,
Boeing314,elev_doublet,det,win10,inertia_x1.6,0.18181818181818182,1.0,,
Boeing314,elev_doublet,det,whole,cmq_x0.5,0.6153846153846154,0.6666666666666666,0.5982905982905983,
Boeing314,elev_doublet,det,win5,cmq_x0.5,0.6153846153846154,0.5714285714285714,0.6324786324786325,
Boeing314,elev_doublet,det,win10,cmq_x0.5,0.6153846153846154,0.6153846153846154,0.6324786324786326,
Boeing314,elev_doublet,det,whole,cmalpha_x0.7,0.15384615384615385,0.4,0.4017094017094017,
Boeing314,elev_doublet,det,win5,cmalpha_x0.7,0.15384615384615385,0.3333333333333333,0.5470085470085471,
Boeing314,elev_doublet,det,win10,cmalpha_x0.7,0.15384615384615385,0.3333333333333333,0.41880341880341887,
Boeing314,elev_doublet,det,whole,clo_+0.1,0.46153846153846156,0.42857142857142855,0.3076923076923077,
Boeing314,elev_doublet,det,win5,clo_+0.1,0.46153846153846156,0.42857142857142855,0.37606837606837606,
Boeing314,elev_doublet,det,win10,clo_+0.1,0.46153846153846156,0.42857142857142855,0.41880341880341887,
Boeing314,elev_doublet,det,whole,noop,,,,0.2727272727272727
Boeing314,elev_doublet,det,win5,noop,,,,0.2727272727272727
Boeing314,elev_doublet,det,win10,noop,,,,0.3181818181818182
Boeing314,elev_doublet,sig,whole,inertia_x1.6,0.09090909090909091,1.0,,
Boeing314,elev_doublet,sig,win5,inertia_x1.6,0.045454545454545456,1.0,,
Boeing314,elev_doublet,sig,win10,inertia_x1.6,0.09090909090909091,1.0,,
Boeing314,elev_doublet,sig,whole,cmq_x0.5,0.46153846153846156,0.6666666666666666,0.4017094017094017,
Boeing314,elev_doublet,sig,win5,cmq_x0.5,0.38461538461538464,0.8333333333333334,0.49572649572649574,
Boeing314,elev_doublet,sig,win10,cmq_x0.5,0.46153846153846156,0.6666666666666666,0.2905982905982906,
Boeing314,elev_doublet,sig,whole,cmalpha_x0.7,0.3076923076923077,0.6666666666666666,0.5042735042735043,
Boeing314,elev_doublet,sig,win5,cmalpha_x0.7,0.3076923076923077,0.6666666666666666,0.4871794871794872,
Boeing314,elev_doublet,sig,win10,cmalpha_x0.7,0.3076923076923077,0.6666666666666666,0.4444444444444445,
Boeing314,elev_doublet,sig,whole,clo_+0.1,0.46153846153846156,0.42857142857142855,0.27350427350427353,
Boeing314,elev_doublet,sig,win5,clo_+0.1,0.5384615384615384,0.5,0.46153846153846156,
Boeing314,elev_doublet,sig,win10,clo_+0.1,0.5384615384615384,0.5,0.4358974358974359,
Boeing314,elev_doublet,sig,whole,noop,,,,0.18181818181818182
Boeing314,elev_doublet,sig,win5,noop,,,,0.09090909090909091
Boeing314,elev_doublet,sig,win10,noop,,,,0.09090909090909091
Boeing314,elev_step,det,whole,inertia_x1.6,0.09090909090909091,1.0,,
Boeing314,elev_step,det,win5,inertia_x1.6,0.09090909090909091,1.0,,
Boeing314,elev_step,det,win10,inertia_x1.6,0.045454545454545456,1.0,,
Boeing314,elev_step,det,whole,cmq_x0.5,1.0,1.0,1.0,
Boeing314,elev_step,det,win5,cmq_x0.5,1.0,1.0,1.0,
Boeing314,elev_step,det,win10,cmq_x0.5,1.0,1.0,1.0,
Boeing314,elev_step,det,whole,cmalpha_x0.7,0.6923076923076923,1.0,0.8888888888888888,
Boeing314,elev_step,det,win5,cmalpha_x0.7,0.6153846153846154,1.0,0.8888888888888888,
Boeing314,elev_step,det,win10,cmalpha_x0.7,0.6923076923076923,1.0,0.8888888888888888,
Boeing314,elev_step,det,whole,clo_+0.1,0.8461538461538461,1.0,0.9829059829059829,
Boeing314,elev_step,det,win5,clo_+0.1,0.8461538461538461,1.0,0.9829059829059829,
Boeing314,elev_step,det,win10,clo_+0.1,0.8461538461538461,1.0,0.9829059829059829,
Boeing314,elev_step,det,whole,noop,,,,0.0
Boeing314,elev_step,det,win5,noop,,,,0.0
Boeing314,elev_step,det,win10,noop,,,,0.0
Boeing314,elev_step,sig,whole,inertia_x1.6,0.045454545454545456,1.0,,
Boeing314,elev_step,sig,win5,inertia_x1.6,0.18181818181818182,1.0,,
Boeing314,elev_step,sig,win10,inertia_x1.6,0.09090909090909091,1.0,,
Boeing314,elev_step,sig,whole,cmq_x0.5,0.8461538461538461,0.7333333333333333,0.6153846153846154,
Boeing314,elev_step,sig,win5,cmq_x0.5,0.7692307692307693,0.7142857142857143,0.8205128205128205,
Boeing314,elev_step,sig,win10,cmq_x0.5,0.8461538461538461,0.7857142857142857,0.8632478632478633,
Boeing314,elev_step,sig,whole,cmalpha_x0.7,0.07692307692307693,0.3333333333333333,0.33333333333333337,
Boeing314,elev_step,sig,win5,cmalpha_x0.7,0.15384615384615385,0.5,0.6752136752136753,
Boeing314,elev_step,sig,win10,cmalpha_x0.7,0.23076923076923078,0.75,0.2905982905982906,
Boeing314,elev_step,sig,whole,clo_+0.1,0.15384615384615385,0.5,0.3760683760683762,
Boeing314,elev_step,sig,win5,clo_+0.1,0.07692307692307693,0.5,0.6923076923076923,
Boeing314,elev_step,sig,win10,clo_+0.1,0.38461538461538464,0.8333333333333334,0.47008547008547014,
Boeing314,elev_step,sig,whole,noop,,,,0.0
Boeing314,elev_step,sig,win5,noop,,,,0.13636363636363635
Boeing314,elev_step,sig,win10,noop,,,,0.09090909090909091
Boeing314,aileron_step,det,whole,inertia_x1.6,0.09090909090909091,1.0,,
Boeing314,aileron_step,det,win5,inertia_x1.6,0.09090909090909091,1.0,,
Boeing314,aileron_step,det,win10,inertia_x1.6,0.09090909090909091,1.0,,
Boeing314,aileron_step,det,whole,cmq_x0.5,0.5384615384615384,0.7,0.5897435897435898,
Boeing314,aileron_step,det,win5,cmq_x0.5,0.5384615384615384,0.7,0.5897435897435898,
Boeing314,aileron_step,det,win10,cmq_x0.5,0.5384615384615384,0.6363636363636364,0.5897435897435898,
Boeing314,aileron_step,det,whole,cmalpha_x0.7,0.38461538461538464,0.8333333333333334,0.7179487179487181,
Boeing314,aileron_step,det,win5,cmalpha_x0.7,0.38461538461538464,0.8333333333333334,0.7606837606837608,
Boeing314,aileron_step,det,win10,cmalpha_x0.7,0.3076923076923077,0.8,0.8034188034188035,
Boeing314,aileron_step,det,whole,clo_+0.1,0.38461538461538464,0.5,0.735042735042735,
Boeing314,aileron_step,det,win5,clo_+0.1,0.38461538461538464,0.45454545454545453,0.5982905982905984,
Boeing314,aileron_step,det,win10,clo_+0.1,0.38461538461538464,0.45454545454545453,0.6324786324786325,
Boeing314,aileron_step,det,whole,noop,,,,0.09090909090909091
Boeing314,aileron_step,det,win5,noop,,,,0.09090909090909091
Boeing314,aileron_step,det,win10,noop,,,,0.13636363636363635
Boeing314,aileron_step,sig,whole,inertia_x1.6,0.0,,,
Boeing314,aileron_step,sig,win5,inertia_x1.6,0.09090909090909091,1.0,,
Boeing314,aileron_step,sig,win10,inertia_x1.6,0.0,,,
Boeing314,aileron_step,sig,whole,cmq_x0.5,0.0,0.0,0.42735042735042733,
Boeing314,aileron_step,sig,win5,cmq_x0.5,0.0,0.0,0.36752136752136755,
Boeing314,aileron_step,sig,win10,cmq_x0.5,0.0,0.0,0.36752136752136755,
Boeing314,aileron_step,sig,whole,cmalpha_x0.7,0.0,0.0,0.3931623931623932,
Boeing314,aileron_step,sig,win5,cmalpha_x0.7,0.07692307692307693,0.25,0.4786324786324787,
Boeing314,aileron_step,sig,win10,cmalpha_x0.7,0.0,0.0,0.6068376068376069,
Boeing314,aileron_step,sig,whole,clo_+0.1,0.23076923076923078,1.0,0.7179487179487181,
Boeing314,aileron_step,sig,win5,clo_+0.1,0.0,0.0,0.7521367521367522,
Boeing314,aileron_step,sig,win10,clo_+0.1,0.0,0.0,0.7606837606837606,
Boeing314,aileron_step,sig,whole,noop,,,,0.09090909090909091
Boeing314,aileron_step,sig,win5,noop,,,,0.13636363636363635
Boeing314,aileron_step,sig,win10,noop,,,,0.13636363636363635
Boeing314,rudder_doublet,det,whole,inertia_x1.6,0.045454545454545456,1.0,,
Boeing314,rudder_doublet,det,win5,inertia_x1.6,0.09090909090909091,1.0,,
Boeing314,rudder_doublet,det,win10,inertia_x1.6,0.045454545454545456,1.0,,
Boeing314,rudder_doublet,det,whole,cmq_x0.5,0.6923076923076923,1.0,0.9059829059829061,
Boeing314,rudder_doublet,det,win5,cmq_x0.5,0.6923076923076923,1.0,0.8547008547008547,
Boeing314,rudder_doublet,det,win10,cmq_x0.5,0.6923076923076923,1.0,0.8974358974358975,
Boeing314,rudder_doublet,det,whole,cmalpha_x0.7,0.46153846153846156,1.0,0.9914529914529914,
Boeing314,rudder_doublet,det,win5,cmalpha_x0.7,0.5384615384615384,1.0,0.9658119658119659,
Boeing314,rudder_doublet,det,win10,cmalpha_x0.7,0.5384615384615384,1.0,0.9743589743589745,
Boeing314,rudder_doublet,det,whole,clo_+0.1,0.6153846153846154,1.0,0.7863247863247864,
Boeing314,rudder_doublet,det,win5,clo_+0.1,0.6153846153846154,1.0,0.8205128205128205,
Boeing314,rudder_doublet,det,win10,clo_+0.1,0.6923076923076923,1.0,0.829059829059829,
Boeing314,rudder_doublet,det,whole,noop,,,,0.0
Boeing314,rudder_doublet,det,win5,noop,,,,0.09090909090909091
Boeing314,rudder_doublet,det,win10,noop,,,,0.0
Boeing314,rudder_doublet,sig,whole,inertia_x1.6,0.09090909090909091,1.0,,
Boeing314,rudder_doublet,sig,win5,inertia_x1.6,0.0,,,
Boeing314,rudder_doublet,sig,win10,inertia_x1.6,0.0,,,
Boeing314,rudder_doublet,sig,whole,cmq_x0.5,0.8461538461538461,0.8461538461538461,0.7863247863247863,
Boeing314,rudder_doublet,sig,win5,cmq_x0.5,0.6153846153846154,1.0,0.9316239316239316,
Boeing314,rudder_doublet,sig,win10,cmq_x0.5,0.8461538461538461,0.9166666666666666,0.9316239316239316,
Boeing314,rudder_doublet,sig,whole,cmalpha_x0.7,0.6153846153846154,0.8888888888888888,0.7777777777777778,
Boeing314,rudder_doublet,sig,win5,cmalpha_x0.7,0.38461538461538464,0.8333333333333334,0.7777777777777779,
Boeing314,rudder_doublet,sig,win10,cmalpha_x0.7,0.6923076923076923,0.8181818181818182,0.8034188034188035,
Boeing314,rudder_doublet,sig,whole,clo_+0.1,0.46153846153846156,0.8571428571428571,0.7435897435897436,
Boeing314,rudder_doublet,sig,win5,clo_+0.1,0.46153846153846156,0.8571428571428571,0.7179487179487181,
Boeing314,rudder_doublet,sig,win10,clo_+0.1,0.46153846153846156,0.8571428571428571,0.7521367521367521,
Boeing314,rudder_doublet,sig,whole,noop,,,,0.0
Boeing314,rudder_doublet,sig,win5,noop,,,,0.0
Boeing314,rudder_doublet,sig,win10,noop,,,,0.0
Boeing314,bank_hold,det,whole,inertia_x1.6,0.09090909090909091,1.0,,
Boeing314,bank_hold,det,win5,inertia_x1.6,0.13636363636363635,1.0,,
Boeing314,bank_hold,det,win10,inertia_x1.6,0.09090909090909091,1.0,,
Boeing314,bank_hold,det,whole,cmq_x0.5,0.7692307692307693,0.9090909090909091,0.9145299145299145,
Boeing314,bank_hold,det,win5,cmq_x0.5,0.9230769230769231,1.0,0.905982905982906,
Boeing314,bank_hold,det,win10,cmq_x0.5,0.9230769230769231,0.9230769230769231,0.8717948717948718,
Boeing314,bank_hold,det,whole,cmalpha_x0.7,0.38461538461538464,0.5,0.5213675213675214,
Boeing314,bank_hold,det,win5,cmalpha_x0.7,0.38461538461538464,0.625,0.6410256410256411,
Boeing314,bank_hold,det,win10,cmalpha_x0.7,0.46153846153846156,0.5454545454545454,0.6068376068376069,
Boeing314,bank_hold,det,whole,clo_+0.1,0.5384615384615384,0.5384615384615384,0.4786324786324786,
Boeing314,bank_hold,det,win5,clo_+0.1,0.46153846153846156,0.46153846153846156,0.5982905982905983,
Boeing314,bank_hold,det,win10,clo_+0.1,0.46153846153846156,0.46153846153846156,0.5982905982905983,
Boeing314,bank_hold,det,whole,noop,,,,0.22727272727272727
Boeing314,bank_hold,det,win5,noop,,,,0.22727272727272727
Boeing314,bank_hold,det,win10,noop,,,,0.18181818181818182
Boeing314,bank_hold,sig,whole,inertia_x1.6,0.045454545454545456,1.0,,
Boeing314,bank_hold,sig,win5,inertia_x1.6,0.09090909090909091,1.0,,
Boeing314,bank_hold,sig,win10,inertia_x1.6,0.045454545454545456,1.0,,
Boeing314,bank_hold,sig,whole,cmq_x0.5,0.6153846153846154,0.6666666666666666,0.7863247863247864,
Boeing314,bank_hold,sig,win5,cmq_x0.5,0.5384615384615384,0.5384615384615384,0.52991452991453,
Boeing314,bank_hold,sig,win10,cmq_x0.5,0.5384615384615384,0.4666666666666667,0.42735042735042733,
Boeing314,bank_hold,sig,whole,cmalpha_x0.7,0.46153846153846156,0.46153846153846156,0.5213675213675215,
Boeing314,bank_hold,sig,win5,cmalpha_x0.7,0.3076923076923077,0.4,0.3076923076923077,
Boeing314,bank_hold,sig,win10,cmalpha_x0.7,0.0,0.0,0.4102564102564103,
Boeing314,bank_hold,sig,whole,clo_+0.1,0.38461538461538464,0.45454545454545453,0.4871794871794872,
Boeing314,bank_hold,sig,win5,clo_+0.1,0.23076923076923078,0.5,0.4444444444444445,
Boeing314,bank_hold,sig,win10,clo_+0.1,0.23076923076923078,0.42857142857142855,0.5555555555555556,
Boeing314,bank_hold,sig,whole,noop,,,,0.0
Boeing314,bank_hold,sig,win5,noop,,,,0.09090909090909091
Boeing314,bank_hold,sig,win10,noop,,,,0.045454545454545456
Boeing314,flap_extend,det,whole,inertia_x1.6,0.3181818181818182,1.0,,
Boeing314,flap_extend,det,win5,inertia_x1.6,0.3181818181818182,1.0,,
Boeing314,flap_extend,det,win10,inertia_x1.6,0.3181818181818182,1.0,,
Boeing314,flap_extend,det,whole,cmq_x0.5,0.7692307692307693,1.0,0.8632478632478632,
Boeing314,flap_extend,det,win5,cmq_x0.5,0.8461538461538461,1.0,0.9914529914529914,
Boeing314,flap_extend,det,win10,cmq_x0.5,0.8461538461538461,1.0,0.982905982905983,
Boeing314,flap_extend,det,whole,cmalpha_x0.7,0.6923076923076923,0.8181818181818182,0.6068376068376069,
Boeing314,flap_extend,det,win5,cmalpha_x0.7,0.6923076923076923,0.75,0.5726495726495727,
Boeing314,flap_extend,det,win10,cmalpha_x0.7,0.6923076923076923,0.75,0.5811965811965812,
Boeing314,flap_extend,det,whole,clo_+0.1,0.6153846153846154,1.0,0.8632478632478632,
Boeing314,flap_extend,det,win5,clo_+0.1,0.6153846153846154,1.0,0.8803418803418803,
Boeing314,flap_extend,det,win10,clo_+0.1,0.6153846153846154,1.0,0.8803418803418803,
Boeing314,flap_extend,det,whole,noop,,,,0.13636363636363635
Boeing314,flap_extend,det,win5,noop,,,,0.18181818181818182
Boeing314,flap_extend,det,win10,noop,,,,0.22727272727272727
Boeing314,flap_extend,sig,whole,inertia_x1.6,0.45454545454545453,1.0,,
Boeing314,flap_extend,sig,win5,inertia_x1.6,0.45454545454545453,1.0,,
Boeing314,flap_extend,sig,win10,inertia_x1.6,0.5454545454545454,1.0,,
Boeing314,flap_extend,sig,whole,cmq_x0.5,0.8461538461538461,0.7857142857142857,0.8803418803418803,
Boeing314,flap_extend,sig,win5,cmq_x0.5,0.8461538461538461,0.8461538461538461,0.8376068376068376,
Boeing314,flap_extend,sig,win10,cmq_x0.5,0.8461538461538461,0.7333333333333333,0.8803418803418803,
Boeing314,flap_extend,sig,whole,cmalpha_x0.7,0.7692307692307693,0.7692307692307693,0.5726495726495726,
Boeing314,flap_extend,sig,win5,cmalpha_x0.7,0.7692307692307693,0.625,0.6153846153846154,
Boeing314,flap_extend,sig,win10,cmalpha_x0.7,0.8461538461538461,0.6875,0.6837606837606838,
Boeing314,flap_extend,sig,whole,clo_+0.1,0.38461538461538464,0.8333333333333334,0.5042735042735043,
Boeing314,flap_extend,sig,win5,clo_+0.1,0.38461538461538464,0.8333333333333334,0.49572649572649574,
Boeing314,flap_extend,sig,win10,clo_+0.1,0.46153846153846156,0.8571428571428571,0.264957264957265,
Boeing314,flap_extend,sig,whole,noop,,,,0.36363636363636365
Boeing314,flap_extend,sig,win5,noop,,,,0.3181818181818182
Boeing314,flap_extend,sig,win10,noop,,,,0.4090909090909091
Boeing314,engine_cut,det,whole,inertia_x1.6,0.0,,,
Boeing314,engine_cut,det,win5,inertia_x1.6,0.0,,,
Boeing314,engine_cut,det,win10,inertia_x1.6,0.0,,,
Boeing314,engine_cut,det,whole,cmq_x0.5,0.3076923076923077,1.0,0.8034188034188036,
Boeing314,engine_cut,det,win5,cmq_x0.5,0.5384615384615384,1.0,0.8974358974358975,
Boeing314,engine_cut,det,win10,cmq_x0.5,0.46153846153846156,1.0,0.8547008547008548,
Boeing314,engine_cut,det,whole,cmalpha_x0.7,0.38461538461538464,1.0,0.7863247863247864,
Boeing314,engine_cut,det,win5,cmalpha_x0.7,0.38461538461538464,1.0,0.9658119658119658,
Boeing314,engine_cut,det,win10,cmalpha_x0.7,0.38461538461538464,1.0,0.8547008547008548,
Boeing314,engine_cut,det,whole,clo_+0.1,0.38461538461538464,1.0,0.829059829059829,
Boeing314,engine_cut,det,win5,clo_+0.1,0.38461538461538464,1.0,0.8205128205128205,
Boeing314,engine_cut,det,win10,clo_+0.1,0.38461538461538464,1.0,0.811965811965812,
Boeing314,engine_cut,det,whole,noop,,,,0.0
Boeing314,engine_cut,det,win5,noop,,,,0.0
Boeing314,engine_cut,det,win10,noop,,,,0.0
Boeing314,engine_cut,sig,whole,inertia_x1.6,0.09090909090909091,1.0,,
Boeing314,engine_cut,sig,win5,inertia_x1.6,0.0,,,
Boeing314,engine_cut,sig,win10,inertia_x1.6,0.0,,,
Boeing314,engine_cut,sig,whole,cmq_x0.5,0.38461538461538464,0.5555555555555556,0.5470085470085471,
Boeing314,engine_cut,sig,win5,cmq_x0.5,0.15384615384615385,0.6666666666666666,0.5128205128205128,
Boeing314,engine_cut,sig,win10,cmq_x0.5,0.3076923076923077,0.5714285714285714,0.38461538461538464,
Boeing314,engine_cut,sig,whole,cmalpha_x0.7,0.38461538461538464,0.7142857142857143,0.6666666666666666,
Boeing314,engine_cut,sig,win5,cmalpha_x0.7,0.3076923076923077,0.6666666666666666,0.4700854700854701,
Boeing314,engine_cut,sig,win10,cmalpha_x0.7,0.3076923076923077,0.6666666666666666,0.4700854700854701,
Boeing314,engine_cut,sig,whole,clo_+0.1,0.38461538461538464,0.7142857142857143,0.5128205128205128,
Boeing314,engine_cut,sig,win5,clo_+0.1,0.38461538461538464,0.7142857142857143,0.5811965811965812,
Boeing314,engine_cut,sig,win10,clo_+0.1,0.38461538461538464,0.8333333333333334,0.5128205128205128,
Boeing314,engine_cut,sig,whole,noop,,,,0.0
Boeing314,engine_cut,sig,win5,noop,,,,0.0
Boeing314,engine_cut,sig,win10,noop,,,,0.0
Boeing314,climbing_turn,det,whole,inertia_x1.6,0.045454545454545456,1.0,,
Boeing314,climbing_turn,det,win5,inertia_x1.6,0.045454545454545456,1.0,,
Boeing314,climbing_turn,det,win10,inertia_x1.6,0.045454545454545456,1.0,,
Boeing314,climbing_turn,det,whole,cmq_x0.5,0.8461538461538461,0.6470588235294118,0.7094017094017093,
Boeing314,climbing_turn,det,win5,cmq_x0.5,1.0,0.6842105263157895,0.7863247863247864,
Boeing314,climbing_turn,det,win10,cmq_x0.5,1.0,0.6842105263157895,0.7863247863247863,
Boeing314,climbing_turn,det,whole,cmalpha_x0.7,0.46153846153846156,0.8571428571428571,0.7350427350427351,
Boeing314,climbing_turn,det,win5,cmalpha_x0.7,0.46153846153846156,1.0,0.888888888888889,
Boeing314,climbing_turn,det,win10,cmalpha_x0.7,0.46153846153846156,1.0,0.7863247863247863,
Boeing314,climbing_turn,det,whole,clo_+0.1,0.6923076923076923,0.9,0.829059829059829,
Boeing314,climbing_turn,det,win5,clo_+0.1,0.7692307692307693,0.9090909090909091,0.8461538461538461,
Boeing314,climbing_turn,det,win10,clo_+0.1,0.7692307692307693,0.9090909090909091,0.8461538461538461,
Boeing314,climbing_turn,det,whole,noop,,,,0.0
Boeing314,climbing_turn,det,win5,noop,,,,0.0
Boeing314,climbing_turn,det,win10,noop,,,,0.0
Boeing314,climbing_turn,sig,whole,inertia_x1.6,0.045454545454545456,1.0,,
Boeing314,climbing_turn,sig,win5,inertia_x1.6,0.045454545454545456,1.0,,
Boeing314,climbing_turn,sig,win10,inertia_x1.6,0.0,,,
Boeing314,climbing_turn,sig,whole,cmq_x0.5,0.8461538461538461,0.7857142857142857,0.8974358974358975,
Boeing314,climbing_turn,sig,win5,cmq_x0.5,1.0,0.6190476190476191,0.7777777777777778,
Boeing314,climbing_turn,sig,win10,cmq_x0.5,1.0,0.65,0.8547008547008548,
Boeing314,climbing_turn,sig,whole,cmalpha_x0.7,0.3076923076923077,1.0,0.8547008547008547,
Boeing314,climbing_turn,sig,win5,cmalpha_x0.7,0.3076923076923077,0.6666666666666666,0.5213675213675214,
Boeing314,climbing_turn,sig,win10,cmalpha_x0.7,0.15384615384615385,0.5,0.452991452991453,
Boeing314,climbing_turn,sig,whole,clo_+0.1,0.46153846153846156,1.0,0.811965811965812,
Boeing314,climbing_turn,sig,win5,clo_+0.1,0.46153846153846156,1.0,0.7948717948717949,
Boeing314,climbing_turn,sig,win10,clo_+0.1,0.38461538461538464,1.0,0.7521367521367522,
Boeing314,climbing_turn,sig,whole,noop,,,,0.0
Boeing314,climbing_turn,sig,win5,noop,,,,0.045454545454545456
Boeing314,climbing_turn,sig,win10,noop,,,,0.0
Boeing314,elev_doublet_distractor,det,whole,inertia_x1.6,0.045454545454545456,1.0,,
Boeing314,elev_doublet_distractor,det,win5,inertia_x1.6,0.045454545454545456,1.0,,
Boeing314,elev_doublet_distractor,det,win10,inertia_x1.6,0.045454545454545456,1.0,,
Boeing314,elev_doublet_distractor,det,whole,cmq_x0.5,0.7692307692307693,1.0,0.811965811965812,
Boeing314,elev_doublet_distractor,det,win5,cmq_x0.5,0.8461538461538461,1.0,0.9487179487179487,
Boeing314,elev_doublet_distractor,det,win10,cmq_x0.5,0.8461538461538461,1.0,0.9230769230769231,
Boeing314,elev_doublet_distractor,det,whole,cmalpha_x0.7,0.46153846153846156,0.8571428571428571,0.8888888888888888,
Boeing314,elev_doublet_distractor,det,win5,cmalpha_x0.7,0.7692307692307693,1.0,0.9316239316239316,
Boeing314,elev_doublet_distractor,det,win10,cmalpha_x0.7,0.6923076923076923,1.0,0.9145299145299146,
Boeing314,elev_doublet_distractor,det,whole,clo_+0.1,0.6153846153846154,0.6153846153846154,0.6752136752136751,
Boeing314,elev_doublet_distractor,det,win5,clo_+0.1,0.6153846153846154,0.7272727272727273,0.7350427350427351,
Boeing314,elev_doublet_distractor,det,win10,clo_+0.1,0.6153846153846154,0.6666666666666666,0.7179487179487181,
Boeing314,elev_doublet_distractor,det,whole,noop,,,,0.0
Boeing314,elev_doublet_distractor,det,win5,noop,,,,0.0
Boeing314,elev_doublet_distractor,det,win10,noop,,,,0.0
Boeing314,elev_doublet_distractor,sig,whole,inertia_x1.6,0.0,,,
Boeing314,elev_doublet_distractor,sig,win5,inertia_x1.6,0.0,,,
Boeing314,elev_doublet_distractor,sig,win10,inertia_x1.6,0.045454545454545456,1.0,,
Boeing314,elev_doublet_distractor,sig,whole,cmq_x0.5,0.7692307692307693,1.0,1.0,
Boeing314,elev_doublet_distractor,sig,win5,cmq_x0.5,0.6923076923076923,1.0,0.9487179487179488,
Boeing314,elev_doublet_distractor,sig,win10,cmq_x0.5,0.7692307692307693,1.0,0.9401709401709403,
Boeing314,elev_doublet_distractor,sig,whole,cmalpha_x0.7,0.38461538461538464,1.0,0.982905982905983,
Boeing314,elev_doublet_distractor,sig,win5,cmalpha_x0.7,0.07692307692307693,1.0,0.7606837606837606,
Boeing314,elev_doublet_distractor,sig,win10,cmalpha_x0.7,0.5384615384615384,1.0,0.7863247863247863,
Boeing314,elev_doublet_distractor,sig,whole,clo_+0.1,0.38461538461538464,0.7142857142857143,0.811965811965812,
Boeing314,elev_doublet_distractor,sig,win5,clo_+0.1,0.3076923076923077,0.6666666666666666,0.48717948717948717,
Boeing314,elev_doublet_distractor,sig,win10,clo_+0.1,0.38461538461538464,0.8333333333333334,0.5811965811965812,
Boeing314,elev_doublet_distractor,sig,whole,noop,,,,0.0
Boeing314,elev_doublet_distractor,sig,win5,noop,,,,0.0
Boeing314,elev_doublet_distractor,sig,win10,noop,,,,0.0
Boeing314,engine_stop,det,whole,inertia_x1.6,0.045454545454545456,1.0,,
Boeing314,engine_stop,det,win5,inertia_x1.6,0.045454545454545456,1.0,,
Boeing314,engine_stop,det,win10,inertia_x1.6,0.09090909090909091,1.0,,
Boeing314,engine_stop,det,whole,cmq_x0.5,0.7692307692307693,1.0,0.9914529914529914,
Boeing314,engine_stop,det,win5,cmq_x0.5,0.9230769230769231,1.0,0.9914529914529914,
Boeing314,engine_stop,det,win10,cmq_x0.5,0.9230769230769231,1.0,0.9829059829059829,
Boeing314,engine_stop,det,whole,cmalpha_x0.7,0.6923076923076923,1.0,1.0,
Boeing314,engine_stop,det,win5,cmalpha_x0.7,0.6923076923076923,1.0,0.9743589743589743,
Boeing314,engine_stop,det,win10,cmalpha_x0.7,0.6923076923076923,1.0,0.9743589743589743,
Boeing314,engine_stop,det,whole,clo_+0.1,0.38461538461538464,1.0,0.8290598290598291,
Boeing314,engine_stop,det,win5,clo_+0.1,0.38461538461538464,1.0,0.9401709401709402,
Boeing314,engine_stop,det,win10,clo_+0.1,0.38461538461538464,1.0,0.8888888888888888,
Boeing314,engine_stop,det,whole,noop,,,,0.045454545454545456
Boeing314,engine_stop,det,win5,noop,,,,0.0
Boeing314,engine_stop,det,win10,noop,,,,0.045454545454545456
Boeing314,engine_stop,sig,whole,inertia_x1.6,0.045454545454545456,1.0,,
Boeing314,engine_stop,sig,win5,inertia_x1.6,0.18181818181818182,1.0,,
Boeing314,engine_stop,sig,win10,inertia_x1.6,0.09090909090909091,1.0,,
Boeing314,engine_stop,sig,whole,cmq_x0.5,0.8461538461538461,0.7333333333333333,0.7435897435897436,
Boeing314,engine_stop,sig,win5,cmq_x0.5,0.7692307692307693,0.6666666666666666,0.7008547008547009,
Boeing314,engine_stop,sig,win10,cmq_x0.5,0.8461538461538461,0.6875,0.7094017094017094,
Boeing314,engine_stop,sig,whole,cmalpha_x0.7,0.7692307692307693,0.7142857142857143,0.8205128205128206,
Boeing314,engine_stop,sig,win5,cmalpha_x0.7,0.6153846153846154,0.7272727272727273,0.7606837606837606,
Boeing314,engine_stop,sig,win10,cmalpha_x0.7,0.6153846153846154,0.6666666666666666,0.7863247863247864,
Boeing314,engine_stop,sig,whole,clo_+0.1,0.3076923076923077,1.0,0.7948717948717948,
Boeing314,engine_stop,sig,win5,clo_+0.1,0.3076923076923077,1.0,0.46153846153846156,
Boeing314,engine_stop,sig,win10,clo_+0.1,0.3076923076923077,1.0,0.4871794871794872,
Boeing314,engine_stop,sig,whole,noop,,,,0.0
Boeing314,engine_stop,sig,win5,noop,,,,0.045454545454545456
Boeing314,engine_stop,sig,win10,noop,,,,0.045454545454545456
Camel,cruise,det,whole,cmq_x0.5,0.07692307692307693,0.5,0.3162393162393163,
Camel,cruise,det,win5,cmq_x0.5,0.23076923076923078,0.25,0.38461538461538464,
Camel,cruise,det,win10,cmq_x0.5,0.07692307692307693,0.1,0.29914529914529914,
Camel,cruise,det,whole,cmalpha_x0.7,0.38461538461538464,0.38461538461538464,0.3418803418803419,
Camel,cruise,det,win5,cmalpha_x0.7,0.5384615384615384,0.4375,0.3504273504273505,
Camel,cruise,det,win10,cmalpha_x0.7,0.46153846153846156,0.4,0.35042735042735046,
Camel,cruise,det,whole,clo_+0.1,0.46153846153846156,1.0,0.7179487179487181,
Camel,cruise,det,win5,clo_+0.1,0.6923076923076923,0.8181818181818182,0.7435897435897436,
Camel,cruise,det,win10,clo_+0.1,0.6923076923076923,0.9,0.7264957264957266,
Camel,cruise,det,whole,noop,,,,0.045454545454545456
Camel,cruise,det,win5,noop,,,,0.13636363636363635
Camel,cruise,det,win10,noop,,,,0.09090909090909091
Camel,cruise,sig,whole,cmq_x0.5,0.0,,0.1965811965811966,
Camel,cruise,sig,win5,cmq_x0.5,0.0,0.0,0.17094017094017094,
Camel,cruise,sig,win10,cmq_x0.5,0.0,0.0,0.25641025641025644,
Camel,cruise,sig,whole,cmalpha_x0.7,0.3076923076923077,0.5,0.3931623931623932,
Camel,cruise,sig,win5,cmalpha_x0.7,0.23076923076923078,0.5,0.3504273504273504,
Camel,cruise,sig,win10,cmalpha_x0.7,0.23076923076923078,0.6,0.32478632478632485,
Camel,cruise,sig,whole,clo_+0.1,0.23076923076923078,0.5,0.5128205128205128,
Camel,cruise,sig,win5,clo_+0.1,0.07692307692307693,0.2,0.5299145299145299,
Camel,cruise,sig,win10,clo_+0.1,0.07692307692307693,0.25,0.5726495726495726,
Camel,cruise,sig,whole,noop,,,,0.0
Camel,cruise,sig,win5,noop,,,,0.045454545454545456
Camel,cruise,sig,win10,noop,,,,0.0
Camel,throttle_step,det,whole,cmq_x0.5,0.7692307692307693,0.6666666666666666,0.7264957264957266,
Camel,throttle_step,det,win5,cmq_x0.5,0.8461538461538461,0.6470588235294118,0.7521367521367521,
Camel,throttle_step,det,win10,cmq_x0.5,0.8461538461538461,0.6875,0.6923076923076923,
Camel,throttle_step,det,whole,cmalpha_x0.7,0.7692307692307693,0.5882352941176471,0.7350427350427351,
Camel,throttle_step,det,win5,cmalpha_x0.7,0.7692307692307693,0.5882352941176471,0.7264957264957265,
Camel,throttle_step,det,win10,cmalpha_x0.7,0.7692307692307693,0.5882352941176471,0.7264957264957265,
Camel,throttle_step,det,whole,clo_+0.1,0.7692307692307693,0.7692307692307693,0.8034188034188033,
Camel,throttle_step,det,win5,clo_+0.1,0.6153846153846154,0.8,0.8461538461538461,
Camel,throttle_step,det,win10,clo_+0.1,0.6153846153846154,0.8,0.8376068376068377,
Camel,throttle_step,det,whole,noop,,,,0.0
Camel,throttle_step,det,win5,noop,,,,0.0
Camel,throttle_step,det,win10,noop,,,,0.0
Camel,throttle_step,sig,whole,cmq_x0.5,0.3076923076923077,0.36363636363636365,0.43589743589743596,
Camel,throttle_step,sig,win5,cmq_x0.5,0.23076923076923078,0.5,0.33333333333333337,
Camel,throttle_step,sig,win10,cmq_x0.5,0.38461538461538464,0.5555555555555556,0.3846153846153847,
Camel,throttle_step,sig,whole,cmalpha_x0.7,0.46153846153846156,0.5454545454545454,0.4358974358974359,
Camel,throttle_step,sig,win5,cmalpha_x0.7,0.46153846153846156,0.46153846153846156,0.36752136752136755,
Camel,throttle_step,sig,win10,cmalpha_x0.7,0.46153846153846156,0.5,0.4957264957264958,
Camel,throttle_step,sig,whole,clo_+0.1,0.38461538461538464,0.7142857142857143,0.6495726495726497,
Camel,throttle_step,sig,win5,clo_+0.1,0.46153846153846156,0.75,0.5299145299145299,
Camel,throttle_step,sig,win10,clo_+0.1,0.5384615384615384,0.7,0.5470085470085471,
Camel,throttle_step,sig,whole,noop,,,,0.0
Camel,throttle_step,sig,win5,noop,,,,0.0
Camel,throttle_step,sig,win10,noop,,,,0.0
Camel,elev_doublet,det,whole,cmq_x0.5,0.15384615384615385,0.25,0.4017094017094017,
Camel,elev_doublet,det,win5,cmq_x0.5,0.23076923076923078,0.3333333333333333,0.49572649572649574,
Camel,elev_doublet,det,win10,cmq_x0.5,0.15384615384615385,0.25,0.3504273504273504,
Camel,elev_doublet,det,whole,cmalpha_x0.7,0.46153846153846156,0.8571428571428571,0.641025641025641,
Camel,elev_doublet,det,win5,cmalpha_x0.7,0.5384615384615384,0.875,0.6153846153846153,
Camel,elev_doublet,det,win10,cmalpha_x0.7,0.46153846153846156,0.8571428571428571,0.5982905982905983,
Camel,elev_doublet,det,whole,clo_+0.1,0.23076923076923078,0.75,0.3931623931623932,
Camel,elev_doublet,det,win5,clo_+0.1,0.23076923076923078,0.6,0.3076923076923077,
Camel,elev_doublet,det,win10,clo_+0.1,0.23076923076923078,0.75,0.3418803418803419,
Camel,elev_doublet,det,whole,noop,,,,0.045454545454545456
Camel,elev_doublet,det,win5,noop,,,,0.045454545454545456
Camel,elev_doublet,det,win10,noop,,,,0.045454545454545456
Camel,elev_doublet,sig,whole,cmq_x0.5,0.0,,0.5555555555555556,
Camel,elev_doublet,sig,win5,cmq_x0.5,0.0,,0.3418803418803419,
Camel,elev_doublet,sig,win10,cmq_x0.5,0.0,,0.4102564102564103,
Camel,elev_doublet,sig,whole,cmalpha_x0.7,0.23076923076923078,1.0,0.6324786324786326,
Camel,elev_doublet,sig,win5,cmalpha_x0.7,0.07692307692307693,0.5,0.3675213675213676,
Camel,elev_doublet,sig,win10,cmalpha_x0.7,0.15384615384615385,1.0,0.5641025641025642,
Camel,elev_doublet,sig,whole,clo_+0.1,0.3076923076923077,1.0,0.7777777777777778,
Camel,elev_doublet,sig,win5,clo_+0.1,0.07692307692307693,1.0,0.6068376068376069,
Camel,elev_doublet,sig,win10,clo_+0.1,0.3076923076923077,1.0,0.6666666666666667,
Camel,elev_doublet,sig,whole,noop,,,,0.0
Camel,elev_doublet,sig,win5,noop,,,,0.045454545454545456
Camel,elev_doublet,sig,win10,noop,,,,0.0
Camel,elev_step,det,whole,cmq_x0.5,0.38461538461538464,0.4166666666666667,0.23076923076923075,
Camel,elev_step,det,win5,cmq_x0.5,0.38461538461538464,0.4166666666666667,0.20512820512820512,
Camel,elev_step,det,win10,cmq_x0.5,0.38461538461538464,0.4166666666666667,0.23076923076923078,
Camel,elev_step,det,whole,cmalpha_x0.7,1.0,0.5909090909090909,0.08547008547008547,
Camel,elev_step,det,win5,cmalpha_x0.7,1.0,0.5909090909090909,0.07692307692307693,
Camel,elev_step,det,win10,cmalpha_x0.7,1.0,0.5909090909090909,0.08547008547008547,
Camel,elev_step,det,whole,clo_+0.1,0.46153846153846156,0.75,0.7008547008547009,
Camel,elev_step,det,win5,clo_+0.1,0.46153846153846156,1.0,0.7777777777777779,
Camel,elev_step,det,win10,clo_+0.1,0.5384615384615384,0.7777777777777778,0.7692307692307693,
Camel,elev_step,det,whole,noop,,,,0.0
Camel,elev_step,det,win5,noop,,,,0.0
Camel,elev_step,det,win10,noop,,,,0.0
Camel,elev_step,sig,whole,cmq_x0.5,0.3076923076923077,0.5,0.3675213675213675,
Camel,elev_step,sig,win5,cmq_x0.5,0.46153846153846156,0.5454545454545454,0.41025641025641024,
Camel,elev_step,sig,win10,cmq_x0.5,0.5384615384615384,0.5833333333333334,0.5042735042735043,
Camel,elev_step,sig,whole,cmalpha_x0.7,1.0,0.6190476190476191,0.5299145299145299,
Camel,elev_step,sig,win5,cmalpha_x0.7,0.6923076923076923,0.5294117647058824,0.358974358974359,
Camel,elev_step,sig,win10,cmalpha_x0.7,0.7692307692307693,0.5555555555555556,0.38461538461538464,
Camel,elev_step,sig,whole,clo_+0.1,0.9230769230769231,0.631578947368421,0.7350427350427351,
Camel,elev_step,sig,win5,clo_+0.1,0.7692307692307693,0.625,0.5470085470085471,
Camel,elev_step,sig,win10,clo_+0.1,0.6923076923076923,0.5,0.5641025641025641,
Camel,elev_step,sig,whole,noop,,,,0.0
Camel,elev_step,sig,win5,noop,,,,0.0
Camel,elev_step,sig,win10,noop,,,,0.0
Camel,aileron_step,det,whole,cmq_x0.5,0.38461538461538464,0.8333333333333334,0.6837606837606838,
Camel,aileron_step,det,win5,cmq_x0.5,0.6153846153846154,0.8888888888888888,0.8717948717948718,
Camel,aileron_step,det,win10,cmq_x0.5,0.38461538461538464,0.8333333333333334,0.811965811965812,
Camel,aileron_step,det,whole,cmalpha_x0.7,0.3076923076923077,0.8,0.717948717948718,
Camel,aileron_step,det,win5,cmalpha_x0.7,0.46153846153846156,0.8571428571428571,0.6923076923076924,
Camel,aileron_step,det,win10,cmalpha_x0.7,0.46153846153846156,0.8571428571428571,0.6923076923076924,
Camel,aileron_step,det,whole,clo_+0.1,0.46153846153846156,0.6666666666666666,0.6068376068376068,
Camel,aileron_step,det,win5,clo_+0.1,0.46153846153846156,0.75,0.811965811965812,
Camel,aileron_step,det,win10,clo_+0.1,0.46153846153846156,0.75,0.7435897435897436,
Camel,aileron_step,det,whole,noop,,,,0.0
Camel,aileron_step,det,win5,noop,,,,0.0
Camel,aileron_step,det,win10,noop,,,,0.0
Camel,aileron_step,sig,whole,cmq_x0.5,0.38461538461538464,0.45454545454545453,0.5897435897435899,
Camel,aileron_step,sig,win5,cmq_x0.5,0.46153846153846156,0.5454545454545454,0.5641025641025641,
Camel,aileron_step,sig,win10,cmq_x0.5,0.46153846153846156,0.5,0.47863247863247865,
Camel,aileron_step,sig,whole,cmalpha_x0.7,0.38461538461538464,0.5555555555555556,0.6410256410256411,
Camel,aileron_step,sig,win5,cmalpha_x0.7,0.6153846153846154,0.5714285714285714,0.5897435897435898,
Camel,aileron_step,sig,win10,cmalpha_x0.7,0.6153846153846154,0.6153846153846154,0.5384615384615384,
Camel,aileron_step,sig,whole,clo_+0.1,0.5384615384615384,0.5,0.5470085470085471,
Camel,aileron_step,sig,win5,clo_+0.1,0.6153846153846154,0.5333333333333333,0.4871794871794872,
Camel,aileron_step,sig,win10,clo_+0.1,0.6153846153846154,0.5714285714285714,0.5470085470085471,
Camel,aileron_step,sig,whole,noop,,,,0.0
Camel,aileron_step,sig,win5,noop,,,,0.0
Camel,aileron_step,sig,win10,noop,,,,0.0
Camel,rudder_doublet,det,whole,cmq_x0.5,0.15384615384615385,0.4,0.4871794871794872,
Camel,rudder_doublet,det,win5,cmq_x0.5,0.15384615384615385,0.4,0.38461538461538464,
Camel,rudder_doublet,det,win10,cmq_x0.5,0.15384615384615385,0.4,0.47863247863247865,
Camel,rudder_doublet,det,whole,cmalpha_x0.7,0.07692307692307693,0.2,0.264957264957265,
Camel,rudder_doublet,det,win5,cmalpha_x0.7,0.15384615384615385,0.3333333333333333,0.264957264957265,
Camel,rudder_doublet,det,win10,cmalpha_x0.7,0.07692307692307693,0.25,0.264957264957265,
Camel,rudder_doublet,det,whole,clo_+0.1,0.3076923076923077,0.5,0.5470085470085471,
Camel,rudder_doublet,det,win5,clo_+0.1,0.3076923076923077,0.5,0.5384615384615385,
Camel,rudder_doublet,det,win10,clo_+0.1,0.3076923076923077,0.5,0.5555555555555555,
Camel,rudder_doublet,det,whole,noop,,,,0.22727272727272727
Camel,rudder_doublet,det,win5,noop,,,,0.22727272727272727
Camel,rudder_doublet,det,win10,noop,,,,0.22727272727272727
Camel,rudder_doublet,sig,whole,cmq_x0.5,0.0,,0.49572649572649574,
Camel,rudder_doublet,sig,win5,cmq_x0.5,0.0,0.0,0.2905982905982906,
Camel,rudder_doublet,sig,win10,cmq_x0.5,0.0,,0.28205128205128205,
Camel,rudder_doublet,sig,whole,cmalpha_x0.7,0.0,,0.5384615384615384,
Camel,rudder_doublet,sig,win5,cmalpha_x0.7,0.0,,0.4700854700854701,
Camel,rudder_doublet,sig,win10,cmalpha_x0.7,0.0,,0.47863247863247865,
Camel,rudder_doublet,sig,whole,clo_+0.1,0.15384615384615385,1.0,0.7094017094017095,
Camel,rudder_doublet,sig,win5,clo_+0.1,0.07692307692307693,1.0,0.7008547008547008,
Camel,rudder_doublet,sig,win10,clo_+0.1,0.23076923076923078,1.0,0.7264957264957266,
Camel,rudder_doublet,sig,whole,noop,,,,0.0
Camel,rudder_doublet,sig,win5,noop,,,,0.0
Camel,rudder_doublet,sig,win10,noop,,,,0.0
Camel,bank_hold,det,whole,cmq_x0.5,0.6923076923076923,0.6,0.7692307692307693,
Camel,bank_hold,det,win5,cmq_x0.5,0.6923076923076923,0.6,0.9230769230769231,
Camel,bank_hold,det,win10,cmq_x0.5,0.6923076923076923,0.6,0.8974358974358974,
Camel,bank_hold,det,whole,cmalpha_x0.7,0.6923076923076923,0.75,0.7094017094017094,
Camel,bank_hold,det,win5,cmalpha_x0.7,0.6923076923076923,0.75,0.7264957264957265,
Camel,bank_hold,det,win10,cmalpha_x0.7,0.6923076923076923,0.75,0.7094017094017094,
Camel,bank_hold,det,whole,clo_+0.1,0.5384615384615384,0.5384615384615384,0.6666666666666667,
Camel,bank_hold,det,win5,clo_+0.1,0.6923076923076923,0.6,0.6666666666666667,
Camel,bank_hold,det,win10,clo_+0.1,0.6923076923076923,0.6,0.6837606837606838,
Camel,bank_hold,det,whole,noop,,,,0.09090909090909091
Camel,bank_hold,det,win5,noop,,,,0.045454545454545456
Camel,bank_hold,det,win10,noop,,,,0.045454545454545456
Camel,bank_hold,sig,whole,cmq_x0.5,0.46153846153846156,0.42857142857142855,0.3247863247863248,
Camel,bank_hold,sig,win5,cmq_x0.5,0.5384615384615384,0.4666666666666667,0.35042735042735046,
Camel,bank_hold,sig,win10,cmq_x0.5,0.46153846153846156,0.42857142857142855,0.2991452991452992,
Camel,bank_hold,sig,whole,cmalpha_x0.7,0.6923076923076923,0.5,0.6153846153846154,
Camel,bank_hold,sig,win5,cmalpha_x0.7,0.7692307692307693,0.5263157894736842,0.28205128205128205,
Camel,bank_hold,sig,win10,cmalpha_x0.7,0.6923076923076923,0.5,0.26495726495726496,
Camel,bank_hold,sig,whole,clo_+0.1,0.6153846153846154,0.47058823529411764,0.4444444444444445,
Camel,bank_hold,sig,win5,clo_+0.1,0.6153846153846154,0.47058823529411764,0.2905982905982906,
Camel,bank_hold,sig,win10,clo_+0.1,0.6153846153846154,0.47058823529411764,0.36752136752136755,
Camel,bank_hold,sig,whole,noop,,,,0.3181818181818182
Camel,bank_hold,sig,win5,noop,,,,0.18181818181818182
Camel,bank_hold,sig,win10,noop,,,,0.18181818181818182
Camel,flap_extend,det,whole,cmq_x0.5,0.38461538461538464,0.38461538461538464,0.5128205128205128,
Camel,flap_extend,det,win5,cmq_x0.5,0.38461538461538464,0.35714285714285715,0.35042735042735046,
Camel,flap_extend,det,win10,cmq_x0.5,0.38461538461538464,0.35714285714285715,0.38461538461538464,
Camel,flap_extend,det,whole,cmalpha_x0.7,0.6923076923076923,0.5,0.5299145299145299,
Camel,flap_extend,det,win5,cmalpha_x0.7,0.6923076923076923,0.5,0.452991452991453,
Camel,flap_extend,det,win10,cmalpha_x0.7,0.6923076923076923,0.5,0.452991452991453,
Camel,flap_extend,det,whole,clo_+0.1,0.6153846153846154,0.47058823529411764,0.5982905982905983,
Camel,flap_extend,det,win5,clo_+0.1,0.6153846153846154,0.47058823529411764,0.5213675213675214,
Camel,flap_extend,det,win10,clo_+0.1,0.6153846153846154,0.47058823529411764,0.5726495726495726,
Camel,flap_extend,det,whole,noop,,,,0.13636363636363635
Camel,flap_extend,det,win5,noop,,,,0.13636363636363635
Camel,flap_extend,det,win10,noop,,,,0.13636363636363635
Camel,flap_extend,sig,whole,cmq_x0.5,0.38461538461538464,0.35714285714285715,0.6239316239316239,
Camel,flap_extend,sig,win5,cmq_x0.5,0.46153846153846156,0.5454545454545454,0.4572649572649573,
Camel,flap_extend,sig,win10,cmq_x0.5,0.46153846153846156,0.5,0.6068376068376069,
Camel,flap_extend,sig,whole,cmalpha_x0.7,0.3076923076923077,0.4,0.48717948717948717,
Camel,flap_extend,sig,win5,cmalpha_x0.7,0.38461538461538464,0.4166666666666667,0.4786324786324786,
Camel,flap_extend,sig,win10,cmalpha_x0.7,0.38461538461538464,0.45454545454545453,0.4358974358974359,
Camel,flap_extend,sig,whole,clo_+0.1,0.7692307692307693,0.5263157894736842,0.5811965811965812,
Camel,flap_extend,sig,win5,clo_+0.1,0.7692307692307693,0.5555555555555556,0.5128205128205128,
Camel,flap_extend,sig,win10,clo_+0.1,0.6923076923076923,0.5,0.48717948717948717,
Camel,flap_extend,sig,whole,noop,,,,0.045454545454545456
Camel,flap_extend,sig,win5,noop,,,,0.045454545454545456
Camel,flap_extend,sig,win10,noop,,,,0.045454545454545456
Camel,climbing_turn,det,whole,cmq_x0.5,0.7692307692307693,0.5263157894736842,0.5982905982905984,
Camel,climbing_turn,det,win5,cmq_x0.5,0.6923076923076923,0.5294117647058824,0.52991452991453,
Camel,climbing_turn,det,win10,cmq_x0.5,0.5384615384615384,0.5384615384615384,0.5384615384615384,
Camel,climbing_turn,det,whole,cmalpha_x0.7,0.3076923076923077,0.5,0.3247863247863248,
Camel,climbing_turn,det,win5,cmalpha_x0.7,0.15384615384615385,0.4,0.46153846153846156,
Camel,climbing_turn,det,win10,cmalpha_x0.7,0.15384615384615385,0.6666666666666666,0.3846153846153847,
Camel,climbing_turn,det,whole,clo_+0.1,0.5384615384615384,1.0,0.7606837606837606,
Camel,climbing_turn,det,win5,clo_+0.1,0.46153846153846156,1.0,0.8461538461538461,
Camel,climbing_turn,det,win10,clo_+0.1,0.5384615384615384,1.0,0.8376068376068376,
Camel,climbing_turn,det,whole,noop,,,,0.0
Camel,climbing_turn,det,win5,noop,,,,0.0
Camel,climbing_turn,det,win10,noop,,,,0.0
Camel,climbing_turn,sig,whole,cmq_x0.5,0.8461538461538461,0.55,0.452991452991453,
Camel,climbing_turn,sig,win5,cmq_x0.5,0.7692307692307693,0.5882352941176471,0.49572649572649574,
Camel,climbing_turn,sig,win10,cmq_x0.5,0.8461538461538461,0.55,0.35042735042735046,
Camel,climbing_turn,sig,whole,cmalpha_x0.7,0.7692307692307693,0.6666666666666666,0.5042735042735043,
Camel,climbing_turn,sig,win5,cmalpha_x0.7,0.46153846153846156,0.6,0.4444444444444445,
Camel,climbing_turn,sig,win10,cmalpha_x0.7,0.6153846153846154,0.7272727272727273,0.6495726495726496,
Camel,climbing_turn,sig,whole,clo_+0.1,0.6923076923076923,0.75,0.7264957264957265,
Camel,climbing_turn,sig,win5,clo_+0.1,0.8461538461538461,0.7333333333333333,0.7863247863247864,
Camel,climbing_turn,sig,win10,clo_+0.1,0.8461538461538461,0.7333333333333333,0.7179487179487181,
Camel,climbing_turn,sig,whole,noop,,,,0.0
Camel,climbing_turn,sig,win5,noop,,,,0.09090909090909091
Camel,climbing_turn,sig,win10,noop,,,,0.09090909090909091
Camel,elev_doublet_distractor,det,whole,cmq_x0.5,0.3076923076923077,0.4,0.5897435897435896,
Camel,elev_doublet_distractor,det,win5,cmq_x0.5,0.38461538461538464,0.4166666666666667,0.5470085470085471,
Camel,elev_doublet_distractor,det,win10,cmq_x0.5,0.38461538461538464,0.45454545454545453,0.5470085470085471,
Camel,elev_doublet_distractor,det,whole,cmalpha_x0.7,0.7692307692307693,0.5882352941176471,0.6324786324786325,
Camel,elev_doublet_distractor,det,win5,cmalpha_x0.7,0.7692307692307693,0.5882352941176471,0.7692307692307694,
Camel,elev_doublet_distractor,det,win10,cmalpha_x0.7,0.7692307692307693,0.5882352941176471,0.7606837606837608,
Camel,elev_doublet_distractor,det,whole,clo_+0.1,0.23076923076923078,0.75,0.44444444444444453,
Camel,elev_doublet_distractor,det,win5,clo_+0.1,0.3076923076923077,0.6666666666666666,0.4529914529914531,
Camel,elev_doublet_distractor,det,win10,clo_+0.1,0.3076923076923077,0.8,0.4529914529914531,
Camel,elev_doublet_distractor,det,whole,noop,,,,0.0
Camel,elev_doublet_distractor,det,win5,noop,,,,0.045454545454545456
Camel,elev_doublet_distractor,det,win10,noop,,,,0.045454545454545456
Camel,elev_doublet_distractor,sig,whole,cmq_x0.5,0.0,,0.5811965811965812,
Camel,elev_doublet_distractor,sig,win5,cmq_x0.5,0.0,,0.17948717948717952,
Camel,elev_doublet_distractor,sig,win10,cmq_x0.5,0.0,,0.3162393162393163,
Camel,elev_doublet_distractor,sig,whole,cmalpha_x0.7,0.07692307692307693,0.5,0.3162393162393162,
Camel,elev_doublet_distractor,sig,win5,cmalpha_x0.7,0.07692307692307693,1.0,0.24786324786324793,
Camel,elev_doublet_distractor,sig,win10,cmalpha_x0.7,0.23076923076923078,0.75,0.2307692307692308,
Camel,elev_doublet_distractor,sig,whole,clo_+0.1,0.23076923076923078,0.42857142857142855,0.32478632478632485,
Camel,elev_doublet_distractor,sig,win5,clo_+0.1,0.07692307692307693,0.5,0.20512820512820518,
Camel,elev_doublet_distractor,sig,win10,clo_+0.1,0.0,0.0,0.27350427350427353,
Camel,elev_doublet_distractor,sig,whole,noop,,,,0.0
Camel,elev_doublet_distractor,sig,win5,noop,,,,0.0
Camel,elev_doublet_distractor,sig,win10,noop,,,,0.0
Camel,engine_stop,det,whole,cmq_x0.5,0.8461538461538461,0.6470588235294118,0.811965811965812,
Camel,engine_stop,det,win5,cmq_x0.5,0.8461538461538461,0.6470588235294118,0.8205128205128205,
Camel,engine_stop,det,win10,cmq_x0.5,0.8461538461538461,0.6470588235294118,0.8205128205128205,
Camel,engine_stop,det,whole,cmalpha_x0.7,0.8461538461538461,0.6470588235294118,0.811965811965812,
Camel,engine_stop,det,win5,cmalpha_x0.7,1.0,0.7222222222222222,0.8461538461538463,
Camel,engine_stop,det,win10,cmalpha_x0.7,0.8461538461538461,0.6470588235294118,0.811965811965812,
Camel,engine_stop,det,whole,clo_+0.1,0.8461538461538461,0.6875,0.7863247863247864,
Camel,engine_stop,det,win5,clo_+0.1,1.0,0.7222222222222222,0.8803418803418803,
Camel,engine_stop,det,win10,clo_+0.1,0.8461538461538461,0.6875,0.8632478632478633,
Camel,engine_stop,det,whole,noop,,,,0.09090909090909091
Camel,engine_stop,det,win5,noop,,,,0.09090909090909091
Camel,engine_stop,det,win10,noop,,,,0.09090909090909091
Camel,engine_stop,sig,whole,cmq_x0.5,0.8461538461538461,0.6111111111111112,0.5213675213675214,
Camel,engine_stop,sig,win5,cmq_x0.5,0.5384615384615384,0.5833333333333334,0.3247863247863248,
Camel,engine_stop,sig,win10,cmq_x0.5,0.6153846153846154,0.5333333333333333,0.452991452991453,
Camel,engine_stop,sig,whole,cmalpha_x0.7,0.6153846153846154,0.5714285714285714,0.33333333333333337,
Camel,engine_stop,sig,win5,cmalpha_x0.7,0.6923076923076923,0.5625,0.28205128205128205,
Camel,engine_stop,sig,win10,cmalpha_x0.7,0.46153846153846156,0.46153846153846156,0.3076923076923077,
Camel,engine_stop,sig,whole,clo_+0.1,0.6923076923076923,0.6,0.5982905982905983,
Camel,engine_stop,sig,win5,clo_+0.1,0.6923076923076923,0.5625,0.43589743589743596,
Camel,engine_stop,sig,win10,clo_+0.1,0.7692307692307693,0.5882352941176471,0.5811965811965812,
Camel,engine_stop,sig,whole,noop,,,,0.0
Camel,engine_stop,sig,win5,noop,,,,0.0
Camel,engine_stop,sig,win10,noop,,,,0.0
F4N,cruise,det,whole,inertia_x1.6,0.045454545454545456,1.0,,
F4N,cruise,det,win5,inertia_x1.6,0.0,,,
F4N,cruise,det,win10,inertia_x1.6,0.0,,,
F4N,cruise,det,whole,cmq_x0.5,0.15384615384615385,0.5,0.36752136752136755,
F4N,cruise,det,win5,cmq_x0.5,0.15384615384615385,0.5,0.36752136752136755,
F4N,cruise,det,win10,cmq_x0.5,0.15384615384615385,0.5,0.4188034188034188,
F4N,cruise,det,whole,cmalpha_x0.7,0.3076923076923077,0.5,0.7606837606837606,
F4N,cruise,det,win5,cmalpha_x0.7,0.3076923076923077,0.4444444444444444,0.7606837606837606,
F4N,cruise,det,win10,cmalpha_x0.7,0.3076923076923077,0.4444444444444444,0.735042735042735,
F4N,cruise,det,whole,clo_+0.1,0.8461538461538461,0.6875,0.717948717948718,
F4N,cruise,det,win5,clo_+0.1,0.8461538461538461,0.6111111111111112,0.7094017094017093,
F4N,cruise,det,win10,clo_+0.1,0.8461538461538461,0.6111111111111112,0.7094017094017093,
F4N,cruise,det,whole,noop,,,,0.045454545454545456
F4N,cruise,det,win5,noop,,,,0.0
F4N,cruise,det,win10,noop,,,,0.0
F4N,cruise,sig,whole,inertia_x1.6,0.045454545454545456,1.0,,
F4N,cruise,sig,win5,inertia_x1.6,0.0,,,
F4N,cruise,sig,win10,inertia_x1.6,0.045454545454545456,1.0,,
F4N,cruise,sig,whole,cmq_x0.5,0.15384615384615385,0.6666666666666666,0.5384615384615384,
F4N,cruise,sig,win5,cmq_x0.5,0.15384615384615385,1.0,0.641025641025641,
F4N,cruise,sig,win10,cmq_x0.5,0.15384615384615385,0.6666666666666666,0.6581196581196581,
F4N,cruise,sig,whole,cmalpha_x0.7,0.23076923076923078,0.75,0.7008547008547008,
F4N,cruise,sig,win5,cmalpha_x0.7,0.3076923076923077,0.8,0.5982905982905984,
F4N,cruise,sig,win10,cmalpha_x0.7,0.3076923076923077,0.6666666666666666,0.5042735042735043,
F4N,cruise,sig,whole,clo_+0.1,0.3076923076923077,0.5,0.5811965811965812,
F4N,cruise,sig,win5,clo_+0.1,0.46153846153846156,0.6666666666666666,0.6324786324786325,
F4N,cruise,sig,win10,clo_+0.1,0.3076923076923077,0.5,0.6068376068376069,
F4N,cruise,sig,whole,noop,,,,0.045454545454545456
F4N,cruise,sig,win5,noop,,,,0.0
F4N,cruise,sig,win10,noop,,,,0.045454545454545456
F4N,throttle_step,det,whole,inertia_x1.6,0.5,1.0,,
F4N,throttle_step,det,win5,inertia_x1.6,0.4090909090909091,1.0,,
F4N,throttle_step,det,win10,inertia_x1.6,0.4090909090909091,1.0,,
F4N,throttle_step,det,whole,cmq_x0.5,1.0,0.6842105263157895,0.9829059829059829,
F4N,throttle_step,det,win5,cmq_x0.5,0.9230769230769231,0.7058823529411765,0.9829059829059829,
F4N,throttle_step,det,win10,cmq_x0.5,0.9230769230769231,0.7058823529411765,0.9743589743589743,
F4N,throttle_step,det,whole,cmalpha_x0.7,0.7692307692307693,0.625,0.8461538461538461,
F4N,throttle_step,det,win5,cmalpha_x0.7,0.9230769230769231,0.631578947368421,0.8803418803418804,
F4N,throttle_step,det,win10,cmalpha_x0.7,0.9230769230769231,0.6666666666666666,0.8717948717948718,
F4N,throttle_step,det,whole,clo_+0.1,0.8461538461538461,0.55,0.6666666666666666,
F4N,throttle_step,det,win5,clo_+0.1,0.8461538461538461,0.55,0.6752136752136753,
F4N,throttle_step,det,win10,clo_+0.1,0.8461538461538461,0.55,0.6837606837606838,
F4N,throttle_step,det,whole,noop,,,,0.45454545454545453
F4N,throttle_step,det,win5,noop,,,,0.36363636363636365
F4N,throttle_step,det,win10,noop,,,,0.4090909090909091
F4N,throttle_step,sig,whole,inertia_x1.6,0.6818181818181818,1.0,,
F4N,throttle_step,sig,win5,inertia_x1.6,0.45454545454545453,1.0,,
F4N,throttle_step,sig,win10,inertia_x1.6,0.5909090909090909,1.0,,
F4N,throttle_step,sig,whole,cmq_x0.5,1.0,0.65,1.0,
F4N,throttle_step,sig,win5,cmq_x0.5,1.0,0.6842105263157895,1.0,
F4N,throttle_step,sig,win10,cmq_x0.5,1.0,0.65,1.0,
F4N,throttle_step,sig,whole,cmalpha_x0.7,0.8461538461538461,0.5789473684210527,0.7350427350427351,
F4N,throttle_step,sig,win5,cmalpha_x0.7,0.8461538461538461,0.6111111111111112,0.6581196581196581,
F4N,throttle_step,sig,win10,cmalpha_x0.7,0.7692307692307693,0.5555555555555556,0.7521367521367521,
F4N,throttle_step,sig,whole,clo_+0.1,0.7692307692307693,0.625,0.7094017094017094,
F4N,throttle_step,sig,win5,clo_+0.1,0.6923076923076923,0.6428571428571429,0.6752136752136753,
F4N,throttle_step,sig,win10,clo_+0.1,0.7692307692307693,0.625,0.6923076923076923,
F4N,throttle_step,sig,whole,noop,,,,0.6818181818181818
F4N,throttle_step,sig,win5,noop,,,,0.4090909090909091
F4N,throttle_step,sig,win10,noop,,,,0.5454545454545454
F4N,elev_doublet,det,whole,inertia_x1.6,0.2727272727272727,1.0,,
F4N,elev_doublet,det,win5,inertia_x1.6,0.3181818181818182,1.0,,
F4N,elev_doublet,det,win10,inertia_x1.6,0.2727272727272727,1.0,,
F4N,elev_doublet,det,whole,cmq_x0.5,0.38461538461538464,0.8333333333333334,0.5897435897435898,
F4N,elev_doublet,det,win5,cmq_x0.5,0.38461538461538464,0.8333333333333334,0.6666666666666667,
F4N,elev_doublet,det,win10,cmq_x0.5,0.38461538461538464,0.8333333333333334,0.6581196581196582,
F4N,elev_doublet,det,whole,cmalpha_x0.7,0.3076923076923077,0.5714285714285714,0.4444444444444444,
F4N,elev_doublet,det,win5,cmalpha_x0.7,0.38461538461538464,0.625,0.5128205128205128,
F4N,elev_doublet,det,win10,cmalpha_x0.7,0.38461538461538464,0.625,0.46153846153846156,
F4N,elev_doublet,det,whole,clo_+0.1,0.8461538461538461,0.55,0.46153846153846156,
F4N,elev_doublet,det,win5,clo_+0.1,0.8461538461538461,0.55,0.5128205128205128,
F4N,elev_doublet,det,win10,clo_+0.1,0.8461538461538461,0.5789473684210527,0.4957264957264958,
F4N,elev_doublet,det,whole,noop,,,,0.0
F4N,elev_doublet,det,win5,noop,,,,0.0
F4N,elev_doublet,det,win10,noop,,,,0.0
F4N,elev_doublet,sig,whole,inertia_x1.6,0.0,,,
F4N,elev_doublet,sig,win5,inertia_x1.6,0.0,,,
F4N,elev_doublet,sig,win10,inertia_x1.6,0.0,,,
F4N,elev_doublet,sig,whole,cmq_x0.5,0.0,,0.6666666666666666,
F4N,elev_doublet,sig,win5,cmq_x0.5,0.0,,0.7008547008547009,
F4N,elev_doublet,sig,win10,cmq_x0.5,0.0,,0.7606837606837606,
F4N,elev_doublet,sig,whole,cmalpha_x0.7,0.15384615384615385,1.0,0.6923076923076923,
F4N,elev_doublet,sig,win5,cmalpha_x0.7,0.0,,0.6923076923076923,
F4N,elev_doublet,sig,win10,cmalpha_x0.7,0.0,,0.9230769230769231,
F4N,elev_doublet,sig,whole,clo_+0.1,0.15384615384615385,0.4,0.5641025641025642,
F4N,elev_doublet,sig,win5,clo_+0.1,0.07692307692307693,0.5,0.4786324786324787,
F4N,elev_doublet,sig,win10,clo_+0.1,0.0,0.0,0.6752136752136753,
F4N,elev_doublet,sig,whole,noop,,,,0.0
F4N,elev_doublet,sig,win5,noop,,,,0.0
F4N,elev_doublet,sig,win10,noop,,,,0.0
F4N,elev_step,det,whole,inertia_x1.6,0.18181818181818182,1.0,,
F4N,elev_step,det,win5,inertia_x1.6,0.36363636363636365,1.0,,
F4N,elev_step,det,win10,inertia_x1.6,0.2727272727272727,1.0,,
F4N,elev_step,det,whole,cmq_x0.5,0.6153846153846154,0.5,0.5897435897435898,
F4N,elev_step,det,win5,cmq_x0.5,0.6153846153846154,0.5,0.6923076923076922,
F4N,elev_step,det,win10,cmq_x0.5,0.6153846153846154,0.5,0.6068376068376069,
F4N,elev_step,det,whole,cmalpha_x0.7,0.9230769230769231,0.631578947368421,0.9316239316239316,
F4N,elev_step,det,win5,cmalpha_x0.7,0.9230769230769231,0.5714285714285714,0.9316239316239316,
F4N,elev_step,det,win10,cmalpha_x0.7,0.9230769230769231,0.5714285714285714,0.9230769230769231,
F4N,elev_step,det,whole,clo_+0.1,0.9230769230769231,0.631578947368421,0.8205128205128206,
F4N,elev_step,det,win5,clo_+0.1,1.0,0.65,0.8290598290598291,
F4N,elev_step,det,win10,clo_+0.1,1.0,0.65,0.8290598290598291,
F4N,elev_step,det,whole,noop,,,,0.0
F4N,elev_step,det,win5,noop,,,,0.0
F4N,elev_step,det,win10,noop,,,,0.0
F4N,elev_step,sig,whole,inertia_x1.6,0.0,,,
F4N,elev_step,sig,win5,inertia_x1.6,0.045454545454545456,1.0,,
F4N,elev_step,sig,win10,inertia_x1.6,0.045454545454545456,1.0,,
F4N,elev_step,sig,whole,cmq_x0.5,0.0,,0.41880341880341887,
F4N,elev_step,sig,win5,cmq_x0.5,0.0,,0.5641025641025641,
F4N,elev_step,sig,win10,cmq_x0.5,0.0,0.0,0.25641025641025644,
F4N,elev_step,sig,whole,cmalpha_x0.7,0.7692307692307693,0.7692307692307693,0.7094017094017094,
F4N,elev_step,sig,win5,cmalpha_x0.7,0.6153846153846154,0.6666666666666666,0.6068376068376069,
F4N,elev_step,sig,win10,cmalpha_x0.7,0.6923076923076923,0.6,0.5470085470085471,
F4N,elev_step,sig,whole,clo_+0.1,0.3076923076923077,0.36363636363636365,0.25641025641025644,
F4N,elev_step,sig,win5,clo_+0.1,0.3076923076923077,0.4,0.4017094017094017,
F4N,elev_step,sig,win10,clo_+0.1,0.5384615384615384,0.5384615384615384,0.358974358974359,
F4N,elev_step,sig,whole,noop,,,,0.0
F4N,elev_step,sig,win5,noop,,,,0.045454545454545456
F4N,elev_step,sig,win10,noop,,,,0.045454545454545456
F4N,aileron_step,det,whole,inertia_x1.6,0.36363636363636365,1.0,,
F4N,aileron_step,det,win5,inertia_x1.6,0.3181818181818182,1.0,,
F4N,aileron_step,det,win10,inertia_x1.6,0.36363636363636365,1.0,,
F4N,aileron_step,det,whole,cmq_x0.5,0.38461538461538464,1.0,0.5384615384615383,
F4N,aileron_step,det,win5,cmq_x0.5,0.38461538461538464,1.0,0.5128205128205128,
F4N,aileron_step,det,win10,cmq_x0.5,0.23076923076923078,1.0,0.5299145299145299,
F4N,aileron_step,det,whole,cmalpha_x0.7,0.3076923076923077,0.5714285714285714,0.6410256410256411,
F4N,aileron_step,det,win5,cmalpha_x0.7,0.3076923076923077,0.5,0.7008547008547008,
F4N,aileron_step,det,win10,cmalpha_x0.7,0.3076923076923077,0.5,0.6581196581196581,
F4N,aileron_step,det,whole,clo_+0.1,0.6153846153846154,0.5,0.4358974358974359,
F4N,aileron_step,det,win5,clo_+0.1,0.6923076923076923,0.5294117647058824,0.2991452991452992,
F4N,aileron_step,det,win10,clo_+0.1,0.6153846153846154,0.5,0.3418803418803419,
F4N,aileron_step,det,whole,noop,,,,0.0
F4N,aileron_step,det,win5,noop,,,,0.0
F4N,aileron_step,det,win10,noop,,,,0.0
F4N,aileron_step,sig,whole,inertia_x1.6,0.0,,,
F4N,aileron_step,sig,win5,inertia_x1.6,0.0,,,
F4N,aileron_step,sig,win10,inertia_x1.6,0.0,,,
F4N,aileron_step,sig,whole,cmq_x0.5,0.07692307692307693,1.0,0.6666666666666667,
F4N,aileron_step,sig,win5,cmq_x0.5,0.15384615384615385,1.0,0.8974358974358975,
F4N,aileron_step,sig,win10,cmq_x0.5,0.0,,0.811965811965812,
F4N,aileron_step,sig,whole,cmalpha_x0.7,0.23076923076923078,0.42857142857142855,0.40170940170940167,
F4N,aileron_step,sig,win5,cmalpha_x0.7,0.0,0.0,0.4871794871794872,
F4N,aileron_step,sig,win10,cmalpha_x0.7,0.15384615384615385,0.3333333333333333,0.3931623931623932,
F4N,aileron_step,sig,whole,clo_+0.1,0.3076923076923077,0.4,0.3333333333333333,
F4N,aileron_step,sig,win5,clo_+0.1,0.3076923076923077,0.4444444444444444,0.5042735042735043,
F4N,aileron_step,sig,win10,clo_+0.1,0.23076923076923078,0.375,0.4188034188034188,
F4N,aileron_step,sig,whole,noop,,,,0.0
F4N,aileron_step,sig,win5,noop,,,,0.0
F4N,aileron_step,sig,win10,noop,,,,0.0
F4N,rudder_doublet,det,whole,inertia_x1.6,0.09090909090909091,1.0,,
F4N,rudder_doublet,det,win5,inertia_x1.6,0.09090909090909091,1.0,,
F4N,rudder_doublet,det,win10,inertia_x1.6,0.09090909090909091,1.0,,
F4N,rudder_doublet,det,whole,cmq_x0.5,0.3076923076923077,1.0,0.6837606837606837,
F4N,rudder_doublet,det,win5,cmq_x0.5,0.3076923076923077,1.0,0.6837606837606837,
F4N,rudder_doublet,det,win10,cmq_x0.5,0.3076923076923077,1.0,0.6837606837606837,
F4N,rudder_doublet,det,whole,cmalpha_x0.7,0.3076923076923077,1.0,0.5470085470085471,
F4N,rudder_doublet,det,win5,cmalpha_x0.7,0.3076923076923077,1.0,0.5811965811965812,
F4N,rudder_doublet,det,win10,cmalpha_x0.7,0.3076923076923077,1.0,0.5555555555555556,
F4N,rudder_doublet,det,whole,clo_+0.1,0.6923076923076923,0.75,0.7606837606837606,
F4N,rudder_doublet,det,win5,clo_+0.1,0.6923076923076923,0.75,0.7606837606837606,
F4N,rudder_doublet,det,win10,clo_+0.1,0.6923076923076923,0.75,0.7521367521367521,
F4N,rudder_doublet,det,whole,noop,,,,0.0
F4N,rudder_doublet,det,win5,noop,,,,0.0
F4N,rudder_doublet,det,win10,noop,,,,0.0
F4N,rudder_doublet,sig,whole,inertia_x1.6,0.045454545454545456,1.0,,
F4N,rudder_doublet,sig,win5,inertia_x1.6,0.0,,,
F4N,rudder_doublet,sig,win10,inertia_x1.6,0.09090909090909091,1.0,,
F4N,rudder_doublet,sig,whole,cmq_x0.5,0.07692307692307693,1.0,0.9572649572649573,
F4N,rudder_doublet,sig,win5,cmq_x0.5,0.23076923076923078,1.0,0.9230769230769231,
F4N,rudder_doublet,sig,win10,cmq_x0.5,0.07692307692307693,1.0,0.982905982905983,
F4N,rudder_doublet,sig,whole,cmalpha_x0.7,0.46153846153846156,1.0,0.7948717948717949,
F4N,rudder_doublet,sig,win5,cmalpha_x0.7,0.46153846153846156,0.8571428571428571,0.7008547008547008,
F4N,rudder_doublet,sig,win10,cmalpha_x0.7,0.38461538461538464,1.0,0.8376068376068376,
F4N,rudder_doublet,sig,whole,clo_+0.1,0.15384615384615385,1.0,0.7008547008547009,
F4N,rudder_doublet,sig,win5,clo_+0.1,0.15384615384615385,0.6666666666666666,0.6239316239316239,
F4N,rudder_doublet,sig,win10,clo_+0.1,0.07692307692307693,1.0,0.6923076923076923,
F4N,rudder_doublet,sig,whole,noop,,,,0.045454545454545456
F4N,rudder_doublet,sig,win5,noop,,,,0.0
F4N,rudder_doublet,sig,win10,noop,,,,0.045454545454545456
F4N,bank_hold,det,whole,inertia_x1.6,0.6363636363636364,1.0,,
F4N,bank_hold,det,win5,inertia_x1.6,0.5909090909090909,1.0,,
F4N,bank_hold,det,win10,inertia_x1.6,0.5454545454545454,1.0,,
F4N,bank_hold,det,whole,cmq_x0.5,1.0,0.7222222222222222,1.0,
F4N,bank_hold,det,win5,cmq_x0.5,1.0,0.7647058823529411,1.0,
F4N,bank_hold,det,win10,cmq_x0.5,1.0,0.7222222222222222,1.0,
F4N,bank_hold,det,whole,cmalpha_x0.7,0.5384615384615384,0.5,0.6153846153846154,
F4N,bank_hold,det,win5,cmalpha_x0.7,0.46153846153846156,0.46153846153846156,0.6239316239316239,
F4N,bank_hold,det,win10,cmalpha_x0.7,0.5384615384615384,0.4375,0.6923076923076923,
F4N,bank_hold,det,whole,clo_+0.1,0.8461538461538461,0.55,0.41880341880341876,
F4N,bank_hold,det,win5,clo_+0.1,0.7692307692307693,0.5263157894736842,0.30769230769230776,
F4N,bank_hold,det,win10,clo_+0.1,0.8461538461538461,0.55,0.3418803418803419,
F4N,bank_hold,det,whole,noop,,,,0.36363636363636365
F4N,bank_hold,det,win5,noop,,,,0.36363636363636365
F4N,bank_hold,det,win10,noop,,,,0.36363636363636365
F4N,bank_hold,sig,whole,inertia_x1.6,0.5454545454545454,1.0,,
F4N,bank_hold,sig,win5,inertia_x1.6,0.4090909090909091,1.0,,
F4N,bank_hold,sig,win10,inertia_x1.6,0.5454545454545454,1.0,,
F4N,bank_hold,sig,whole,cmq_x0.5,0.8461538461538461,0.7857142857142857,0.9829059829059829,
F4N,bank_hold,sig,win5,cmq_x0.5,0.6153846153846154,0.6153846153846154,0.8888888888888888,
F4N,bank_hold,sig,win10,cmq_x0.5,0.9230769230769231,0.75,0.9743589743589743,
F4N,bank_hold,sig,whole,cmalpha_x0.7,0.38461538461538464,0.5,0.6239316239316239,
F4N,bank_hold,sig,win5,cmalpha_x0.7,0.23076923076923078,0.5,0.8205128205128206,
F4N,bank_hold,sig,win10,cmalpha_x0.7,0.46153846153846156,0.8571428571428571,0.7606837606837606,
F4N,bank_hold,sig,whole,clo_+0.1,0.38461538461538464,0.45454545454545453,0.5897435897435898,
F4N,bank_hold,sig,win5,clo_+0.1,0.5384615384615384,0.5,0.6153846153846154,
F4N,bank_hold,sig,win10,clo_+0.1,0.38461538461538464,0.5555555555555556,0.7008547008547008,
F4N,bank_hold,sig,whole,noop,,,,0.45454545454545453
F4N,bank_hold,sig,win5,noop,,,,0.36363636363636365
F4N,bank_hold,sig,win10,noop,,,,0.45454545454545453
F4N,flap_extend,det,whole,inertia_x1.6,0.22727272727272727,1.0,,
F4N,flap_extend,det,win5,inertia_x1.6,0.22727272727272727,1.0,,
F4N,flap_extend,det,win10,inertia_x1.6,0.22727272727272727,1.0,,
F4N,flap_extend,det,whole,cmq_x0.5,1.0,0.5909090909090909,0.18803418803418803,
F4N,flap_extend,det,win5,cmq_x0.5,1.0,0.5909090909090909,0.11965811965811966,
F4N,flap_extend,det,win10,cmq_x0.5,1.0,0.5909090909090909,0.11965811965811968,
F4N,flap_extend,det,whole,cmalpha_x0.7,0.8461538461538461,0.7333333333333333,0.5897435897435898,
F4N,flap_extend,det,win5,cmalpha_x0.7,0.9230769230769231,0.8,0.6923076923076923,
F4N,flap_extend,det,win10,cmalpha_x0.7,1.0,0.7647058823529411,0.6495726495726496,
F4N,flap_extend,det,whole,clo_+0.1,1.0,0.65,0.5897435897435898,
F4N,flap_extend,det,win5,clo_+0.1,1.0,0.6842105263157895,0.6410256410256411,
F4N,flap_extend,det,win10,clo_+0.1,1.0,0.6842105263157895,0.6324786324786325,
F4N,flap_extend,det,whole,noop,,,,0.0
F4N,flap_extend,det,win5,noop,,,,0.0
F4N,flap_extend,det,win10,noop,,,,0.0
F4N,flap_extend,sig,whole,inertia_x1.6,0.045454545454545456,1.0,,
F4N,flap_extend,sig,win5,inertia_x1.6,0.045454545454545456,1.0,,
F4N,flap_extend,sig,win10,inertia_x1.6,0.09090909090909091,1.0,,
F4N,flap_extend,sig,whole,cmq_x0.5,0.46153846153846156,0.8571428571428571,0.4871794871794872,
F4N,flap_extend,sig,win5,cmq_x0.5,0.38461538461538464,0.8333333333333334,0.5641025641025641,
F4N,flap_extend,sig,win10,cmq_x0.5,0.3076923076923077,0.6666666666666666,0.4273504273504274,
F4N,flap_extend,sig,whole,cmalpha_x0.7,0.5384615384615384,0.4666666666666667,0.3076923076923077,
F4N,flap_extend,sig,win5,cmalpha_x0.7,0.6153846153846154,0.5333333333333333,0.4017094017094017,
F4N,flap_extend,sig,win10,cmalpha_x0.7,0.3076923076923077,0.36363636363636365,0.3076923076923077,
F4N,flap_extend,sig,whole,clo_+0.1,0.7692307692307693,0.5882352941176471,0.3931623931623932,
F4N,flap_extend,sig,win5,clo_+0.1,0.8461538461538461,0.5789473684210527,0.5726495726495726,
F4N,flap_extend,sig,win10,clo_+0.1,0.8461538461538461,0.55,0.5384615384615385,
F4N,flap_extend,sig,whole,noop,,,,0.0
F4N,flap_extend,sig,win5,noop,,,,0.0
F4N,flap_extend,sig,win10,noop,,,,0.0
F4N,engine_cut,det,whole,inertia_x1.6,0.13636363636363635,1.0,,
F4N,engine_cut,det,win5,inertia_x1.6,0.13636363636363635,1.0,,
F4N,engine_cut,det,win10,inertia_x1.6,0.13636363636363635,1.0,,
F4N,engine_cut,det,whole,cmq_x0.5,0.8461538461538461,0.8461538461538461,0.9658119658119658,
F4N,engine_cut,det,win5,cmq_x0.5,1.0,0.8666666666666667,1.0,
F4N,engine_cut,det,win10,cmq_x0.5,0.8461538461538461,0.8461538461538461,1.0,
F4N,engine_cut,det,whole,cmalpha_x0.7,0.8461538461538461,0.6470588235294118,0.888888888888889,
F4N,engine_cut,det,win5,cmalpha_x0.7,1.0,0.6842105263157895,0.9743589743589745,
F4N,engine_cut,det,win10,cmalpha_x0.7,1.0,0.6842105263157895,0.9658119658119658,
F4N,engine_cut,det,whole,clo_+0.1,0.7692307692307693,0.5263157894736842,0.6581196581196581,
F4N,engine_cut,det,win5,clo_+0.1,0.9230769230769231,0.5714285714285714,0.6068376068376069,
F4N,engine_cut,det,win10,clo_+0.1,0.9230769230769231,0.5714285714285714,0.6495726495726497,
F4N,engine_cut,det,whole,noop,,,,0.0
F4N,engine_cut,det,win5,noop,,,,0.0
F4N,engine_cut,det,win10,noop,,,,0.0
F4N,engine_cut,sig,whole,inertia_x1.6,0.0,,,
F4N,engine_cut,sig,win5,inertia_x1.6,0.0,,,
F4N,engine_cut,sig,win10,inertia_x1.6,0.0,,,
F4N,engine_cut,sig,whole,cmq_x0.5,0.46153846153846156,0.8571428571428571,0.7948717948717949,
F4N,engine_cut,sig,win5,cmq_x0.5,0.6153846153846154,0.8888888888888888,0.7863247863247863,
F4N,engine_cut,sig,win10,cmq_x0.5,0.46153846153846156,0.8571428571428571,0.7094017094017093,
F4N,engine_cut,sig,whole,cmalpha_x0.7,0.7692307692307693,0.8333333333333334,0.7863247863247863,
F4N,engine_cut,sig,win5,cmalpha_x0.7,0.7692307692307693,0.8333333333333334,0.8461538461538461,
F4N,engine_cut,sig,win10,cmalpha_x0.7,0.8461538461538461,0.8461538461538461,0.7863247863247863,
F4N,engine_cut,sig,whole,clo_+0.1,0.6923076923076923,0.5,0.4273504273504274,
F4N,engine_cut,sig,win5,clo_+0.1,0.7692307692307693,0.5263157894736842,0.7264957264957266,
F4N,engine_cut,sig,win10,clo_+0.1,0.6153846153846154,0.47058823529411764,0.5213675213675214,
F4N,engine_cut,sig,whole,noop,,,,0.0
F4N,engine_cut,sig,win5,noop,,,,0.0
F4N,engine_cut,sig,win10,noop,,,,0.0
F4N,climbing_turn,det,whole,inertia_x1.6,0.18181818181818182,1.0,,
F4N,climbing_turn,det,win5,inertia_x1.6,0.18181818181818182,1.0,,
F4N,climbing_turn,det,win10,inertia_x1.6,0.18181818181818182,1.0,,
F4N,climbing_turn,det,whole,cmq_x0.5,1.0,0.7222222222222222,0.8974358974358975,
F4N,climbing_turn,det,win5,cmq_x0.5,1.0,0.8125,0.8888888888888888,
F4N,climbing_turn,det,win10,cmq_x0.5,1.0,0.7647058823529411,0.8803418803418803,
F4N,climbing_turn,det,whole,cmalpha_x0.7,0.6923076923076923,0.75,0.8547008547008549,
F4N,climbing_turn,det,win5,cmalpha_x0.7,0.5384615384615384,0.7,0.8547008547008549,
F4N,climbing_turn,det,win10,cmalpha_x0.7,0.6153846153846154,0.7272727272727273,0.8547008547008549,
F4N,climbing_turn,det,whole,clo_+0.1,0.6923076923076923,0.5,0.5470085470085471,
F4N,climbing_turn,det,win5,clo_+0.1,0.6923076923076923,0.5,0.4615384615384616,
F4N,climbing_turn,det,win10,clo_+0.1,0.6923076923076923,0.5,0.47863247863247865,
F4N,climbing_turn,det,whole,noop,,,,0.045454545454545456
F4N,climbing_turn,det,win5,noop,,,,0.0
F4N,climbing_turn,det,win10,noop,,,,0.045454545454545456
F4N,climbing_turn,sig,whole,inertia_x1.6,0.045454545454545456,1.0,,
F4N,climbing_turn,sig,win5,inertia_x1.6,0.0,,,
F4N,climbing_turn,sig,win10,inertia_x1.6,0.045454545454545456,1.0,,
F4N,climbing_turn,sig,whole,cmq_x0.5,0.46153846153846156,0.75,0.8717948717948718,
F4N,climbing_turn,sig,win5,cmq_x0.5,0.23076923076923078,0.6,0.5726495726495727,
F4N,climbing_turn,sig,win10,cmq_x0.5,0.3076923076923077,0.6666666666666666,0.7008547008547009,
F4N,climbing_turn,sig,whole,cmalpha_x0.7,0.15384615384615385,0.3333333333333333,0.3760683760683761,
F4N,climbing_turn,sig,win5,cmalpha_x0.7,0.15384615384615385,0.6666666666666666,0.37606837606837606,
F4N,climbing_turn,sig,win10,cmalpha_x0.7,0.07692307692307693,0.25,0.23931623931623933,
F4N,climbing_turn,sig,whole,clo_+0.1,0.5384615384615384,0.5384615384615384,0.4871794871794872,
F4N,climbing_turn,sig,win5,clo_+0.1,0.38461538461538464,0.45454545454545453,0.25641025641025644,
F4N,climbing_turn,sig,win10,clo_+0.1,0.38461538461538464,0.5555555555555556,0.4273504273504274,
F4N,climbing_turn,sig,whole,noop,,,,0.0
F4N,climbing_turn,sig,win5,noop,,,,0.0
F4N,climbing_turn,sig,win10,noop,,,,0.045454545454545456
F4N,elev_doublet_distractor,det,whole,inertia_x1.6,0.22727272727272727,1.0,,
F4N,elev_doublet_distractor,det,win5,inertia_x1.6,0.22727272727272727,1.0,,
F4N,elev_doublet_distractor,det,win10,inertia_x1.6,0.22727272727272727,1.0,,
F4N,elev_doublet_distractor,det,whole,cmq_x0.5,0.3076923076923077,1.0,0.8461538461538461,
F4N,elev_doublet_distractor,det,win5,cmq_x0.5,0.3076923076923077,1.0,1.0,
F4N,elev_doublet_distractor,det,win10,cmq_x0.5,0.3076923076923077,1.0,0.9145299145299145,
F4N,elev_doublet_distractor,det,whole,cmalpha_x0.7,0.3076923076923077,1.0,0.7777777777777779,
F4N,elev_doublet_distractor,det,win5,cmalpha_x0.7,0.23076923076923078,0.75,0.7863247863247864,
F4N,elev_doublet_distractor,det,win10,cmalpha_x0.7,0.23076923076923078,0.75,0.7692307692307692,
F4N,elev_doublet_distractor,det,whole,clo_+0.1,0.7692307692307693,0.5882352941176471,0.811965811965812,
F4N,elev_doublet_distractor,det,win5,clo_+0.1,0.7692307692307693,0.5882352941176471,0.8034188034188035,
F4N,elev_doublet_distractor,det,win10,clo_+0.1,0.7692307692307693,0.5882352941176471,0.8205128205128205,
F4N,elev_doublet_distractor,det,whole,noop,,,,0.0
F4N,elev_doublet_distractor,det,win5,noop,,,,0.0
F4N,elev_doublet_distractor,det,win10,noop,,,,0.0
F4N,elev_doublet_distractor,sig,whole,inertia_x1.6,0.09090909090909091,1.0,,
F4N,elev_doublet_distractor,sig,win5,inertia_x1.6,0.09090909090909091,1.0,,
F4N,elev_doublet_distractor,sig,win10,inertia_x1.6,0.09090909090909091,1.0,,
F4N,elev_doublet_distractor,sig,whole,cmq_x0.5,0.15384615384615385,1.0,0.8974358974358976,
F4N,elev_doublet_distractor,sig,win5,cmq_x0.5,0.15384615384615385,1.0,0.9145299145299145,
F4N,elev_doublet_distractor,sig,win10,cmq_x0.5,0.15384615384615385,1.0,0.9572649572649572,
F4N,elev_doublet_distractor,sig,whole,cmalpha_x0.7,0.6153846153846154,1.0,1.0,
F4N,elev_doublet_distractor,sig,win5,cmalpha_x0.7,0.46153846153846156,1.0,0.8461538461538463,
F4N,elev_doublet_distractor,sig,win10,cmalpha_x0.7,0.23076923076923078,1.0,1.0,
F4N,elev_doublet_distractor,sig,whole,clo_+0.1,0.38461538461538464,0.38461538461538464,0.6666666666666667,
F4N,elev_doublet_distractor,sig,win5,clo_+0.1,0.15384615384615385,0.2857142857142857,0.37606837606837606,
F4N,elev_doublet_distractor,sig,win10,clo_+0.1,0.0,0.0,0.5897435897435898,
F4N,elev_doublet_distractor,sig,whole,noop,,,,0.09090909090909091
F4N,elev_doublet_distractor,sig,win5,noop,,,,0.09090909090909091
F4N,elev_doublet_distractor,sig,win10,noop,,,,0.09090909090909091
F4N,engine_restart,det,whole,inertia_x1.6,0.045454545454545456,1.0,,
F4N,engine_restart,det,win5,inertia_x1.6,0.09090909090909091,1.0,,
F4N,engine_restart,det,win10,inertia_x1.6,0.09090909090909091,1.0,,
F4N,engine_restart,det,whole,cmq_x0.5,0.8461538461538461,1.0,1.0,
F4N,engine_restart,det,win5,cmq_x0.5,1.0,0.9285714285714286,1.0,
F4N,engine_restart,det,win10,cmq_x0.5,1.0,0.9285714285714286,1.0,
F4N,engine_restart,det,whole,cmalpha_x0.7,0.9230769230769231,0.75,0.9145299145299145,
F4N,engine_restart,det,win5,cmalpha_x0.7,0.9230769230769231,0.75,0.8888888888888891,
F4N,engine_restart,det,win10,cmalpha_x0.7,0.9230769230769231,0.7058823529411765,0.8888888888888891,
F4N,engine_restart,det,whole,clo_+0.1,0.9230769230769231,0.6,0.7094017094017093,
F4N,engine_restart,det,win5,clo_+0.1,0.9230769230769231,0.6,0.7350427350427351,
F4N,engine_restart,det,win10,clo_+0.1,0.9230769230769231,0.6,0.7264957264957266,
F4N,engine_restart,det,whole,noop,,,,0.0
F4N,engine_restart,det,win5,noop,,,,0.0
F4N,engine_restart,det,win10,noop,,,,0.0
F4N,engine_restart,sig,whole,inertia_x1.6,0.18181818181818182,1.0,,
F4N,engine_restart,sig,win5,inertia_x1.6,0.09090909090909091,1.0,,
F4N,engine_restart,sig,win10,inertia_x1.6,0.13636363636363635,1.0,,
F4N,engine_restart,sig,whole,cmq_x0.5,0.8461538461538461,0.9166666666666666,1.0,
F4N,engine_restart,sig,win5,cmq_x0.5,0.8461538461538461,0.8461538461538461,0.9829059829059829,
F4N,engine_restart,sig,win10,cmq_x0.5,0.8461538461538461,0.7857142857142857,0.9658119658119658,
F4N,engine_restart,sig,whole,cmalpha_x0.7,0.8461538461538461,0.6875,0.8803418803418803,
F4N,engine_restart,sig,win5,cmalpha_x0.7,0.8461538461538461,0.55,0.811965811965812,
F4N,engine_restart,sig,win10,cmalpha_x0.7,0.6923076923076923,0.5294117647058824,0.811965811965812,
F4N,engine_restart,sig,whole,clo_+0.1,0.6153846153846154,0.5,0.5726495726495726,
F4N,engine_restart,sig,win5,clo_+0.1,0.6923076923076923,0.5294117647058824,0.641025641025641,
F4N,engine_restart,sig,win10,clo_+0.1,0.6923076923076923,0.5294117647058824,0.6239316239316239,
F4N,engine_restart,sig,whole,noop,,,,0.13636363636363635
F4N,engine_restart,sig,win5,noop,,,,0.13636363636363635
F4N,engine_restart,sig,win10,noop,,,,0.13636363636363635
F80C,cruise,det,whole,inertia_x1.6,0.2727272727272727,1.0,,
F80C,cruise,det,win5,inertia_x1.6,0.3181818181818182,1.0,,
F80C,cruise,det,win10,inertia_x1.6,0.3181818181818182,1.0,,
F80C,cruise,det,whole,cmq_x0.5,0.15384615384615385,0.5,0.22222222222222227,
F80C,cruise,det,win5,cmq_x0.5,0.23076923076923078,0.6,0.41025641025641024,
F80C,cruise,det,win10,cmq_x0.5,0.23076923076923078,0.75,0.37606837606837606,
F80C,cruise,det,whole,cmalpha_x0.7,0.5384615384615384,0.5384615384615384,0.5811965811965811,
F80C,cruise,det,win5,cmalpha_x0.7,0.6153846153846154,0.5714285714285714,0.6495726495726497,
F80C,cruise,det,win10,cmalpha_x0.7,0.6153846153846154,0.5714285714285714,0.6495726495726497,
F80C,cruise,det,whole,clo_+0.1,0.6153846153846154,0.5333333333333333,0.6410256410256411,
F80C,cruise,det,win5,clo_+0.1,0.6153846153846154,0.5,0.6153846153846154,
F80C,cruise,det,win10,clo_+0.1,0.6153846153846154,0.5,0.6153846153846154,
F80C,cruise,det,whole,noop,,,,0.09090909090909091
F80C,cruise,det,win5,noop,,,,0.09090909090909091
F80C,cruise,det,win10,noop,,,,0.045454545454545456
F80C,cruise,sig,whole,inertia_x1.6,0.0,,,
F80C,cruise,sig,win5,inertia_x1.6,0.0,,,
F80C,cruise,sig,win10,inertia_x1.6,0.0,,,
F80C,cruise,sig,whole,cmq_x0.5,0.15384615384615385,1.0,0.5811965811965812,
F80C,cruise,sig,win5,cmq_x0.5,0.07692307692307693,1.0,0.6581196581196582,
F80C,cruise,sig,win10,cmq_x0.5,0.15384615384615385,1.0,0.6239316239316239,
F80C,cruise,sig,whole,cmalpha_x0.7,0.6153846153846154,0.7272727272727273,0.7863247863247864,
F80C,cruise,sig,win5,cmalpha_x0.7,0.46153846153846156,0.5454545454545454,0.7350427350427351,
F80C,cruise,sig,win10,cmalpha_x0.7,0.46153846153846156,0.6666666666666666,0.7606837606837608,
F80C,cruise,sig,whole,clo_+0.1,0.5384615384615384,0.7,0.7777777777777779,
F80C,cruise,sig,win5,clo_+0.1,0.46153846153846156,0.6,0.7264957264957266,
F80C,cruise,sig,win10,clo_+0.1,0.5384615384615384,0.7,0.7606837606837608,
F80C,cruise,sig,whole,noop,,,,0.0
F80C,cruise,sig,win5,noop,,,,0.0
F80C,cruise,sig,win10,noop,,,,0.0
F80C,throttle_step,det,whole,inertia_x1.6,0.045454545454545456,1.0,,
F80C,throttle_step,det,win5,inertia_x1.6,0.045454545454545456,1.0,,
F80C,throttle_step,det,win10,inertia_x1.6,0.045454545454545456,1.0,,
F80C,throttle_step,det,whole,cmq_x0.5,0.3076923076923077,1.0,0.5811965811965811,
F80C,throttle_step,det,win5,cmq_x0.5,0.23076923076923078,0.75,0.5897435897435898,
F80C,throttle_step,det,win10,cmq_x0.5,0.23076923076923078,1.0,0.5555555555555556,
F80C,throttle_step,det,whole,cmalpha_x0.7,1.0,0.65,0.8717948717948718,
F80C,throttle_step,det,win5,cmalpha_x0.7,1.0,0.65,0.9487179487179487,
F80C,throttle_step,det,win10,cmalpha_x0.7,1.0,0.65,0.9316239316239316,
F80C,throttle_step,det,whole,clo_+0.1,1.0,0.5909090909090909,0.8034188034188035,
F80C,throttle_step,det,win5,clo_+0.1,1.0,0.5909090909090909,0.905982905982906,
F80C,throttle_step,det,win10,clo_+0.1,1.0,0.5909090909090909,0.8974358974358975,
F80C,throttle_step,det,whole,noop,,,,0.0
F80C,throttle_step,det,win5,noop,,,,0.0
F80C,throttle_step,det,win10,noop,,,,0.0
F80C,throttle_step,sig,whole,inertia_x1.6,0.0,,,
F80C,throttle_step,sig,win5,inertia_x1.6,0.0,,,
F80C,throttle_step,sig,win10,inertia_x1.6,0.0,,,
F80C,throttle_step,sig,whole,cmq_x0.5,0.07692307692307693,1.0,0.6581196581196582,
F80C,throttle_step,sig,win5,cmq_x0.5,0.07692307692307693,1.0,0.8461538461538463,
F80C,throttle_step,sig,win10,cmq_x0.5,0.07692307692307693,1.0,0.8547008547008548,
F80C,throttle_step,sig,whole,cmalpha_x0.7,0.6923076923076923,0.5,0.5641025641025641,
F80C,throttle_step,sig,win5,cmalpha_x0.7,0.6923076923076923,0.5625,0.3076923076923077,
F80C,throttle_step,sig,win10,cmalpha_x0.7,0.8461538461538461,0.5789473684210527,0.28205128205128205,
F80C,throttle_step,sig,whole,clo_+0.1,0.8461538461538461,0.55,0.3162393162393163,
F80C,throttle_step,sig,win5,clo_+0.1,0.6153846153846154,0.5,0.264957264957265,
F80C,throttle_step,sig,win10,clo_+0.1,0.7692307692307693,0.5263157894736842,0.2991452991452992,
F80C,throttle_step,sig,whole,noop,,,,0.0
F80C,throttle_step,sig,win5,noop,,,,0.0
F80C,throttle_step,sig,win10,noop,,,,0.0
F80C,elev_doublet,det,whole,inertia_x1.6,0.3181818181818182,1.0,,
F80C,elev_doublet,det,win5,inertia_x1.6,0.36363636363636365,1.0,,
F80C,elev_doublet,det,win10,inertia_x1.6,0.36363636363636365,1.0,,
F80C,elev_doublet,det,whole,cmq_x0.5,0.23076923076923078,0.75,0.5299145299145299,
F80C,elev_doublet,det,win5,cmq_x0.5,0.3076923076923077,0.6666666666666666,0.5213675213675214,
F80C,elev_doublet,det,win10,cmq_x0.5,0.3076923076923077,0.6666666666666666,0.5128205128205128,
F80C,elev_doublet,det,whole,cmalpha_x0.7,0.8461538461538461,0.6470588235294118,0.5299145299145299,
F80C,elev_doublet,det,win5,cmalpha_x0.7,0.7692307692307693,0.5882352941176471,0.5213675213675214,
F80C,elev_doublet,det,win10,cmalpha_x0.7,0.8461538461538461,0.6470588235294118,0.5213675213675214,
F80C,elev_doublet,det,whole,clo_+0.1,0.6923076923076923,0.6,0.717948717948718,
F80C,elev_doublet,det,win5,clo_+0.1,0.6923076923076923,0.6,0.6752136752136753,
F80C,elev_doublet,det,win10,clo_+0.1,0.6923076923076923,0.6,0.6837606837606839,
F80C,elev_doublet,det,whole,noop,,,,0.045454545454545456
F80C,elev_doublet,det,win5,noop,,,,0.0
F80C,elev_doublet,det,win10,noop,,,,0.045454545454545456
F80C,elev_doublet,sig,whole,inertia_x1.6,0.0,,,
F80C,elev_doublet,sig,win5,inertia_x1.6,0.0,,,
F80C,elev_doublet,sig,win10,inertia_x1.6,0.0,,,
F80C,elev_doublet,sig,whole,cmq_x0.5,0.0,,0.3504273504273505,
F80C,elev_doublet,sig,win5,cmq_x0.5,0.0,,0.23931623931623935,
F80C,elev_doublet,sig,win10,cmq_x0.5,0.0,,0.3418803418803419,
F80C,elev_doublet,sig,whole,cmalpha_x0.7,0.3076923076923077,1.0,0.7948717948717949,
F80C,elev_doublet,sig,win5,cmalpha_x0.7,0.15384615384615385,1.0,0.5470085470085471,
F80C,elev_doublet,sig,win10,cmalpha_x0.7,0.15384615384615385,1.0,0.7008547008547009,
F80C,elev_doublet,sig,whole,clo_+0.1,0.07692307692307693,1.0,0.6153846153846154,
F80C,elev_doublet,sig,win5,clo_+0.1,0.0,,0.4786324786324787,
F80C,elev_doublet,sig,win10,clo_+0.1,0.07692307692307693,0.5,0.43589743589743596,
F80C,elev_doublet,sig,whole,noop,,,,0.0
F80C,elev_doublet,sig,win5,noop,,,,0.0
F80C,elev_doublet,sig,win10,noop,,,,0.0
F80C,elev_step,det,whole,inertia_x1.6,0.36363636363636365,1.0,,
F80C,elev_step,det,win5,inertia_x1.6,0.36363636363636365,1.0,,
F80C,elev_step,det,win10,inertia_x1.6,0.36363636363636365,1.0,,
F80C,elev_step,det,whole,cmq_x0.5,0.6153846153846154,0.5333333333333333,0.7863247863247864,
F80C,elev_step,det,win5,cmq_x0.5,0.46153846153846156,0.46153846153846156,0.8205128205128205,
F80C,elev_step,det,win10,cmq_x0.5,0.6153846153846154,0.5333333333333333,0.8034188034188035,
F80C,elev_step,det,whole,cmalpha_x0.7,0.8461538461538461,0.55,0.905982905982906,
F80C,elev_step,det,win5,cmalpha_x0.7,1.0,0.5909090909090909,0.9658119658119657,
F80C,elev_step,det,win10,cmalpha_x0.7,1.0,0.5909090909090909,0.9401709401709402,
F80C,elev_step,det,whole,clo_+0.1,1.0,0.5909090909090909,0.8034188034188035,
F80C,elev_step,det,win5,clo_+0.1,1.0,0.5909090909090909,0.8376068376068376,
F80C,elev_step,det,win10,clo_+0.1,1.0,0.5909090909090909,0.8290598290598291,
F80C,elev_step,det,whole,noop,,,,0.0
F80C,elev_step,det,win5,noop,,,,0.0
F80C,elev_step,det,win10,noop,,,,0.0
F80C,elev_step,sig,whole,inertia_x1.6,0.0,,,
F80C,elev_step,sig,win5,inertia_x1.6,0.0,,,
F80C,elev_step,sig,win10,inertia_x1.6,0.0,,,
F80C,elev_step,sig,whole,cmq_x0.5,0.0,,0.5555555555555556,
F80C,elev_step,sig,win5,cmq_x0.5,0.07692307692307693,1.0,0.717948717948718,
F80C,elev_step,sig,win10,cmq_x0.5,0.0,,0.6837606837606838,
F80C,elev_step,sig,whole,cmalpha_x0.7,0.7692307692307693,0.5263157894736842,0.5213675213675214,
F80C,elev_step,sig,win5,cmalpha_x0.7,0.7692307692307693,0.5882352941176471,0.39316239316239315,
F80C,elev_step,sig,win10,cmalpha_x0.7,0.8461538461538461,0.5789473684210527,0.3846153846153847,
F80C,elev_step,sig,whole,clo_+0.1,0.7692307692307693,0.5882352941176471,0.5897435897435898,
F80C,elev_step,sig,win5,clo_+0.1,0.8461538461538461,0.6111111111111112,0.47863247863247865,
F80C,elev_step,sig,win10,clo_+0.1,0.8461538461538461,0.6111111111111112,0.5128205128205128,
F80C,elev_step,sig,whole,noop,,,,0.045454545454545456
F80C,elev_step,sig,win5,noop,,,,0.045454545454545456
F80C,elev_step,sig,win10,noop,,,,0.13636363636363635
F80C,aileron_step,det,whole,inertia_x1.6,0.3181818181818182,1.0,,
F80C,aileron_step,det,win5,inertia_x1.6,0.36363636363636365,1.0,,
F80C,aileron_step,det,win10,inertia_x1.6,0.36363636363636365,1.0,,
F80C,aileron_step,det,whole,cmq_x0.5,0.38461538461538464,1.0,0.5384615384615384,
F80C,aileron_step,det,win5,cmq_x0.5,0.38461538461538464,1.0,0.5384615384615384,
F80C,aileron_step,det,win10,cmq_x0.5,0.38461538461538464,1.0,0.5470085470085471,
F80C,aileron_step,det,whole,cmalpha_x0.7,0.7692307692307693,0.7692307692307693,0.7521367521367521,
F80C,aileron_step,det,win5,cmalpha_x0.7,0.5384615384615384,0.7,0.8461538461538461,
F80C,aileron_step,det,win10,cmalpha_x0.7,0.38461538461538464,0.625,0.8547008547008547,
F80C,aileron_step,det,whole,clo_+0.1,0.7692307692307693,0.5555555555555556,0.5897435897435898,
F80C,aileron_step,det,win5,clo_+0.1,0.6153846153846154,0.5,0.52991452991453,
F80C,aileron_step,det,win10,clo_+0.1,0.6153846153846154,0.5,0.5213675213675215,
F80C,aileron_step,det,whole,noop,,,,0.0
F80C,aileron_step,det,win5,noop,,,,0.0
F80C,aileron_step,det,win10,noop,,,,0.0
F80C,aileron_step,sig,whole,inertia_x1.6,0.0,,,
F80C,aileron_step,sig,win5,inertia_x1.6,0.0,,,
F80C,aileron_step,sig,win10,inertia_x1.6,0.0,,,
F80C,aileron_step,sig,whole,cmq_x0.5,0.3076923076923077,1.0,0.5897435897435898,
F80C,aileron_step,sig,win5,cmq_x0.5,0.23076923076923078,0.75,0.829059829059829,
F80C,aileron_step,sig,win10,cmq_x0.5,0.3076923076923077,1.0,0.7692307692307694,
F80C,aileron_step,sig,whole,cmalpha_x0.7,0.6923076923076923,0.75,0.7863247863247864,
F80C,aileron_step,sig,win5,cmalpha_x0.7,0.3076923076923077,0.5,0.8547008547008548,
F80C,aileron_step,sig,win10,cmalpha_x0.7,0.46153846153846156,0.75,0.9487179487179487,
F80C,aileron_step,sig,whole,clo_+0.1,0.5384615384615384,0.5384615384615384,0.5897435897435898,
F80C,aileron_step,sig,win5,clo_+0.1,0.3076923076923077,0.4,0.5042735042735043,
F80C,aileron_step,sig,win10,clo_+0.1,0.38461538461538464,0.45454545454545453,0.5641025641025641,
F80C,aileron_step,sig,whole,noop,,,,0.0
F80C,aileron_step,sig,win5,noop,,,,0.0
F80C,aileron_step,sig,win10,noop,,,,0.0
F80C,rudder_doublet,det,whole,inertia_x1.6,0.13636363636363635,1.0,,
F80C,rudder_doublet,det,win5,inertia_x1.6,0.13636363636363635,1.0,,
F80C,rudder_doublet,det,win10,inertia_x1.6,0.13636363636363635,1.0,,
F80C,rudder_doublet,det,whole,cmq_x0.5,0.23076923076923078,1.0,0.8632478632478634,
F80C,rudder_doublet,det,win5,cmq_x0.5,0.15384615384615385,1.0,0.8376068376068376,
F80C,rudder_doublet,det,win10,cmq_x0.5,0.15384615384615385,1.0,0.8376068376068376,
F80C,rudder_doublet,det,whole,cmalpha_x0.7,0.7692307692307693,0.625,0.9145299145299146,
F80C,rudder_doublet,det,win5,cmalpha_x0.7,0.7692307692307693,0.625,0.9145299145299146,
F80C,rudder_doublet,det,win10,cmalpha_x0.7,0.6923076923076923,0.6,0.9145299145299146,
F80C,rudder_doublet,det,whole,clo_+0.1,0.8461538461538461,0.55,0.9316239316239316,
F80C,rudder_doublet,det,win5,clo_+0.1,0.8461538461538461,0.6111111111111112,0.9145299145299146,
F80C,rudder_doublet,det,win10,clo_+0.1,0.8461538461538461,0.5789473684210527,0.9145299145299146,
F80C,rudder_doublet,det,whole,noop,,,,0.09090909090909091
F80C,rudder_doublet,det,win5,noop,,,,0.045454545454545456
F80C,rudder_doublet,det,win10,noop,,,,0.045454545454545456
F80C,rudder_doublet,sig,whole,inertia_x1.6,0.0,,,
F80C,rudder_doublet,sig,win5,inertia_x1.6,0.0,,,
F80C,rudder_doublet,sig,win10,inertia_x1.6,0.0,,,
F80C,rudder_doublet,sig,whole,cmq_x0.5,0.23076923076923078,1.0,0.7350427350427351,
F80C,rudder_doublet,sig,win5,cmq_x0.5,0.15384615384615385,1.0,0.8461538461538461,
F80C,rudder_doublet,sig,win10,cmq_x0.5,0.23076923076923078,1.0,0.8376068376068376,
F80C,rudder_doublet,sig,whole,cmalpha_x0.7,0.46153846153846156,0.8571428571428571,0.8803418803418803,
F80C,rudder_doublet,sig,win5,cmalpha_x0.7,0.3076923076923077,1.0,0.7948717948717947,
F80C,rudder_doublet,sig,win10,cmalpha_x0.7,0.5384615384615384,0.875,0.8290598290598291,
F80C,rudder_doublet,sig,whole,clo_+0.1,0.46153846153846156,0.6666666666666666,0.7094017094017094,
F80C,rudder_doublet,sig,win5,clo_+0.1,0.38461538461538464,0.7142857142857143,0.7350427350427351,
F80C,rudder_doublet,sig,win10,clo_+0.1,0.38461538461538464,0.625,0.6837606837606838,
F80C,rudder_doublet,sig,whole,noop,,,,0.0
F80C,rudder_doublet,sig,win5,noop,,,,0.0
F80C,rudder_doublet,sig,win10,noop,,,,0.0
F80C,bank_hold,det,whole,inertia_x1.6,0.5,1.0,,
F80C,bank_hold,det,win5,inertia_x1.6,0.5454545454545454,1.0,,
F80C,bank_hold,det,win10,inertia_x1.6,0.5454545454545454,1.0,,
F80C,bank_hold,det,whole,cmq_x0.5,0.6923076923076923,0.8181818181818182,0.9743589743589743,
F80C,bank_hold,det,win5,cmq_x0.5,0.6923076923076923,0.75,0.9316239316239315,
F80C,bank_hold,det,win10,cmq_x0.5,0.6923076923076923,0.75,0.923076923076923,
F80C,bank_hold,det,whole,cmalpha_x0.7,0.8461538461538461,0.6111111111111112,0.8034188034188035,
F80C,bank_hold,det,win5,cmalpha_x0.7,0.8461538461538461,0.6111111111111112,0.7350427350427351,
F80C,bank_hold,det,win10,cmalpha_x0.7,0.8461538461538461,0.55,0.7350427350427351,
F80C,bank_hold,det,whole,clo_+0.1,0.8461538461538461,0.5789473684210527,0.6666666666666666,
F80C,bank_hold,det,win5,clo_+0.1,0.8461538461538461,0.55,0.5213675213675214,
F80C,bank_hold,det,win10,clo_+0.1,0.8461538461538461,0.55,0.5470085470085471,
F80C,bank_hold,det,whole,noop,,,,0.09090909090909091
F80C,bank_hold,det,win5,noop,,,,0.18181818181818182
F80C,bank_hold,det,win10,noop,,,,0.22727272727272727
F80C,bank_hold,sig,whole,inertia_x1.6,0.2727272727272727,1.0,,
F80C,bank_hold,sig,win5,inertia_x1.6,0.0,,,
F80C,bank_hold,sig,win10,inertia_x1.6,0.18181818181818182,1.0,,
F80C,bank_hold,sig,whole,cmq_x0.5,0.5384615384615384,0.6363636363636364,0.7777777777777777,
F80C,bank_hold,sig,win5,cmq_x0.5,0.38461538461538464,0.8333333333333334,0.811965811965812,
F80C,bank_hold,sig,win10,cmq_x0.5,0.38461538461538464,0.5555555555555556,0.7863247863247863,
F80C,bank_hold,sig,whole,cmalpha_x0.7,0.3076923076923077,0.5,0.7692307692307692,
F80C,bank_hold,sig,win5,cmalpha_x0.7,0.0,0.0,0.49572649572649574,
F80C,bank_hold,sig,win10,cmalpha_x0.7,0.23076923076923078,0.375,0.7008547008547009,
F80C,bank_hold,sig,whole,clo_+0.1,0.46153846153846156,0.5454545454545454,0.6239316239316239,
F80C,bank_hold,sig,win5,clo_+0.1,0.23076923076923078,0.375,0.34188034188034183,
F80C,bank_hold,sig,win10,clo_+0.1,0.38461538461538464,0.4166666666666667,0.4017094017094017,
F80C,bank_hold,sig,whole,noop,,,,0.22727272727272727
F80C,bank_hold,sig,win5,noop,,,,0.0
F80C,bank_hold,sig,win10,noop,,,,0.18181818181818182
F80C,flap_extend,det,whole,inertia_x1.6,0.2727272727272727,1.0,,
F80C,flap_extend,det,win5,inertia_x1.6,0.2727272727272727,1.0,,
F80C,flap_extend,det,win10,inertia_x1.6,0.2727272727272727,1.0,,
F80C,flap_extend,det,whole,cmq_x0.5,0.46153846153846156,0.6,0.5811965811965811,
F80C,flap_extend,det,win5,cmq_x0.5,0.6153846153846154,0.6153846153846154,0.5982905982905983,
F80C,flap_extend,det,win10,cmq_x0.5,0.6923076923076923,0.6428571428571429,0.6239316239316239,
F80C,flap_extend,det,whole,clo_+0.1,1.0,0.5909090909090909,0.3504273504273504,
F80C,flap_extend,det,win5,clo_+0.1,1.0,0.5909090909090909,0.3675213675213676,
F80C,flap_extend,det,win10,clo_+0.1,1.0,0.5909090909090909,0.3760683760683761,
F80C,flap_extend,det,whole,noop,,,,0.045454545454545456
F80C,flap_extend,det,win5,noop,,,,0.045454545454545456
F80C,flap_extend,det,win10,noop,,,,0.045454545454545456
F80C,flap_extend,sig,whole,inertia_x1.6,0.09090909090909091,1.0,,
F80C,flap_extend,sig,win5,inertia_x1.6,0.045454545454545456,1.0,,
F80C,flap_extend,sig,win10,inertia_x1.6,0.045454545454545456,1.0,,
F80C,flap_extend,sig,whole,cmq_x0.5,0.07692307692307693,0.5,0.4444444444444445,
F80C,flap_extend,sig,win5,cmq_x0.5,0.0,0.0,0.6666666666666667,
F80C,flap_extend,sig,win10,cmq_x0.5,0.0,0.0,0.5897435897435898,
F80C,flap_extend,sig,whole,clo_+0.1,0.8461538461538461,0.55,0.36752136752136755,
F80C,flap_extend,sig,win5,clo_+0.1,0.9230769230769231,0.5714285714285714,0.24786324786324787,
F80C,flap_extend,sig,win10,clo_+0.1,0.9230769230769231,0.5714285714285714,0.1965811965811966,
F80C,flap_extend,sig,whole,noop,,,,0.0
F80C,flap_extend,sig,win5,noop,,,,0.0
F80C,flap_extend,sig,win10,noop,,,,0.0
F80C,climbing_turn,det,whole,inertia_x1.6,0.45454545454545453,1.0,,
F80C,climbing_turn,det,win5,inertia_x1.6,0.45454545454545453,1.0,,
F80C,climbing_turn,det,win10,inertia_x1.6,0.45454545454545453,1.0,,
F80C,climbing_turn,det,whole,cmq_x0.5,0.8461538461538461,0.9166666666666666,0.8803418803418803,
F80C,climbing_turn,det,win5,cmq_x0.5,0.8461538461538461,1.0,1.0,
F80C,climbing_turn,det,win10,cmq_x0.5,0.8461538461538461,0.8461538461538461,0.9914529914529914,
F80C,climbing_turn,det,whole,cmalpha_x0.7,0.9230769230769231,0.631578947368421,0.9487179487179487,
F80C,climbing_turn,det,win5,cmalpha_x0.7,1.0,0.65,0.9401709401709402,
F80C,climbing_turn,det,win10,cmalpha_x0.7,1.0,0.65,0.9487179487179487,
F80C,climbing_turn,det,whole,clo_+0.1,0.6153846153846154,0.47058823529411764,0.5811965811965812,
F80C,climbing_turn,det,win5,clo_+0.1,0.7692307692307693,0.5555555555555556,0.6666666666666666,
F80C,climbing_turn,det,win10,clo_+0.1,0.7692307692307693,0.5555555555555556,0.6666666666666666,
F80C,climbing_turn,det,whole,noop,,,,0.045454545454545456
F80C,climbing_turn,det,win5,noop,,,,0.045454545454545456
F80C,climbing_turn,det,win10,noop,,,,0.045454545454545456
F80C,climbing_turn,sig,whole,inertia_x1.6,0.09090909090909091,1.0,,
F80C,climbing_turn,sig,win5,inertia_x1.6,0.045454545454545456,1.0,,
F80C,climbing_turn,sig,win10,inertia_x1.6,0.0,,,
F80C,climbing_turn,sig,whole,cmq_x0.5,0.15384615384615385,0.6666666666666666,0.5982905982905983,
F80C,climbing_turn,sig,win5,cmq_x0.5,0.07692307692307693,1.0,0.7264957264957265,
F80C,climbing_turn,sig,win10,cmq_x0.5,0.07692307692307693,1.0,0.7264957264957266,
F80C,climbing_turn,sig,whole,cmalpha_x0.7,0.7692307692307693,0.5555555555555556,0.7777777777777779,
F80C,climbing_turn,sig,win5,cmalpha_x0.7,0.5384615384615384,0.5384615384615384,0.6239316239316239,
F80C,climbing_turn,sig,win10,cmalpha_x0.7,0.6153846153846154,0.5333333333333333,0.7008547008547009,
F80C,climbing_turn,sig,whole,clo_+0.1,0.46153846153846156,0.46153846153846156,0.5470085470085471,
F80C,climbing_turn,sig,win5,clo_+0.1,0.46153846153846156,0.42857142857142855,0.3846153846153847,
F80C,climbing_turn,sig,win10,clo_+0.1,0.6153846153846154,0.5333333333333333,0.5384615384615385,
F80C,climbing_turn,sig,whole,noop,,,,0.0
F80C,climbing_turn,sig,win5,noop,,,,0.0
F80C,climbing_turn,sig,win10,noop,,,,0.0
F80C,elev_doublet_distractor,det,whole,inertia_x1.6,0.5,1.0,,
F80C,elev_doublet_distractor,det,win5,inertia_x1.6,0.5,1.0,,
F80C,elev_doublet_distractor,det,win10,inertia_x1.6,0.5,1.0,,
F80C,elev_doublet_distractor,det,whole,cmq_x0.5,0.5384615384615384,1.0,0.7008547008547008,
F80C,elev_doublet_distractor,det,win5,cmq_x0.5,0.5384615384615384,1.0,0.7521367521367521,
F80C,elev_doublet_distractor,det,win10,cmq_x0.5,0.5384615384615384,1.0,0.7179487179487181,
F80C,elev_doublet_distractor,det,whole,cmalpha_x0.7,0.5384615384615384,0.6363636363636364,0.6837606837606838,
F80C,elev_doublet_distractor,det,win5,cmalpha_x0.7,0.6153846153846154,0.6666666666666666,0.6923076923076923,
F80C,elev_doublet_distractor,det,win10,cmalpha_x0.7,0.6153846153846154,0.7272727272727273,0.7008547008547009,
F80C,elev_doublet_distractor,det,whole,clo_+0.1,0.6923076923076923,0.5294117647058824,0.7606837606837606,
F80C,elev_doublet_distractor,det,win5,clo_+0.1,0.6923076923076923,0.6428571428571429,0.7350427350427351,
F80C,elev_doublet_distractor,det,win10,clo_+0.1,0.6923076923076923,0.5294117647058824,0.7521367521367521,
F80C,elev_doublet_distractor,det,whole,noop,,,,0.13636363636363635
F80C,elev_doublet_distractor,det,win5,noop,,,,0.13636363636363635
F80C,elev_doublet_distractor,det,win10,noop,,,,0.13636363636363635
F80C,elev_doublet_distractor,sig,whole,inertia_x1.6,0.09090909090909091,1.0,,
F80C,elev_doublet_distractor,sig,win5,inertia_x1.6,0.045454545454545456,1.0,,
F80C,elev_doublet_distractor,sig,win10,inertia_x1.6,0.045454545454545456,1.0,,
F80C,elev_doublet_distractor,sig,whole,cmq_x0.5,0.15384615384615385,1.0,0.8974358974358976,
F80C,elev_doublet_distractor,sig,win5,cmq_x0.5,0.0,,0.811965811965812,
F80C,elev_doublet_distractor,sig,win10,cmq_x0.5,0.07692307692307693,1.0,0.9316239316239316,
F80C,elev_doublet_distractor,sig,whole,cmalpha_x0.7,0.3076923076923077,0.6666666666666666,0.5982905982905983,
F80C,elev_doublet_distractor,sig,win5,cmalpha_x0.7,0.15384615384615385,0.5,0.641025641025641,
F80C,elev_doublet_distractor,sig,win10,cmalpha_x0.7,0.15384615384615385,0.6666666666666666,0.7350427350427351,
F80C,elev_doublet_distractor,sig,whole,clo_+0.1,0.15384615384615385,0.5,0.41880341880341887,
F80C,elev_doublet_distractor,sig,win5,clo_+0.1,0.0,0.0,0.6153846153846154,
F80C,elev_doublet_distractor,sig,win10,clo_+0.1,0.0,0.0,0.7179487179487181,
F80C,elev_doublet_distractor,sig,whole,noop,,,,0.09090909090909091
F80C,elev_doublet_distractor,sig,win5,noop,,,,0.0
F80C,elev_doublet_distractor,sig,win10,noop,,,,0.045454545454545456
J3Cub,cruise,det,whole,cmq_x0.5,0.15384615384615385,0.6666666666666666,0.452991452991453,
J3Cub,cruise,det,win5,cmq_x0.5,0.15384615384615385,0.5,0.5811965811965812,
J3Cub,cruise,det,win10,cmq_x0.5,0.15384615384615385,0.6666666666666666,0.46153846153846156,
J3Cub,cruise,det,whole,cmalpha_x0.7,0.07692307692307693,1.0,0.24786324786324787,
J3Cub,cruise,det,win5,cmalpha_x0.7,0.07692307692307693,0.3333333333333333,0.18803418803418803,
J3Cub,cruise,det,win10,cmalpha_x0.7,0.07692307692307693,0.3333333333333333,0.2393162393162393,
J3Cub,cruise,det,whole,clo_+0.1,0.5384615384615384,1.0,0.7264957264957266,
J3Cub,cruise,det,win5,clo_+0.1,0.5384615384615384,1.0,0.5555555555555556,
J3Cub,cruise,det,win10,clo_+0.1,0.5384615384615384,0.875,0.5897435897435899,
J3Cub,cruise,det,whole,noop,,,,0.0
J3Cub,cruise,det,win5,noop,,,,0.0
J3Cub,cruise,det,win10,noop,,,,0.0
J3Cub,cruise,sig,whole,cmq_x0.5,0.23076923076923078,0.6,0.46153846153846156,
J3Cub,cruise,sig,win5,cmq_x0.5,0.23076923076923078,1.0,0.5042735042735044,
J3Cub,cruise,sig,win10,cmq_x0.5,0.15384615384615385,1.0,0.47863247863247865,
J3Cub,cruise,sig,whole,cmalpha_x0.7,0.6923076923076923,0.75,0.888888888888889,
J3Cub,cruise,sig,win5,cmalpha_x0.7,0.8461538461538461,0.8461538461538461,0.9145299145299146,
J3Cub,cruise,sig,win10,cmalpha_x0.7,0.7692307692307693,1.0,0.9230769230769231,
J3Cub,cruise,sig,whole,clo_+0.1,0.46153846153846156,0.5,0.5641025641025641,
J3Cub,cruise,sig,win5,clo_+0.1,0.46153846153846156,0.6666666666666666,0.5811965811965812,
J3Cub,cruise,sig,win10,clo_+0.1,0.23076923076923078,0.42857142857142855,0.5384615384615385,
J3Cub,cruise,sig,whole,noop,,,,0.0
J3Cub,cruise,sig,win5,noop,,,,0.045454545454545456
J3Cub,cruise,sig,win10,noop,,,,0.045454545454545456
J3Cub,throttle_step,det,whole,cmq_x0.5,0.7692307692307693,0.5882352941176471,0.7264957264957265,
J3Cub,throttle_step,det,win5,cmq_x0.5,0.8461538461538461,0.6111111111111112,0.7350427350427351,
J3Cub,throttle_step,det,win10,cmq_x0.5,0.8461538461538461,0.6470588235294118,0.7350427350427351,
J3Cub,throttle_step,det,whole,cmalpha_x0.7,0.8461538461538461,0.6111111111111112,0.811965811965812,
J3Cub,throttle_step,det,win5,cmalpha_x0.7,0.8461538461538461,0.5789473684210527,0.8034188034188033,
J3Cub,throttle_step,det,win10,cmalpha_x0.7,0.8461538461538461,0.5789473684210527,0.829059829059829,
J3Cub,throttle_step,det,whole,clo_+0.1,0.8461538461538461,0.6111111111111112,0.6666666666666667,
J3Cub,throttle_step,det,win5,clo_+0.1,0.8461538461538461,0.5789473684210527,0.6837606837606838,
J3Cub,throttle_step,det,win10,clo_+0.1,0.8461538461538461,0.5789473684210527,0.6410256410256411,
J3Cub,throttle_step,det,whole,noop,,,,0.3181818181818182
J3Cub,throttle_step,det,win5,noop,,,,0.18181818181818182
J3Cub,throttle_step,det,win10,noop,,,,0.13636363636363635
J3Cub,throttle_step,sig,whole,cmq_x0.5,0.6923076923076923,0.6923076923076923,0.7008547008547008,
J3Cub,throttle_step,sig,win5,cmq_x0.5,0.6153846153846154,0.6666666666666666,0.6068376068376069,
J3Cub,throttle_step,sig,win10,cmq_x0.5,0.6923076923076923,0.75,0.7350427350427351,
J3Cub,throttle_step,sig,whole,cmalpha_x0.7,0.5384615384615384,0.5833333333333334,0.48717948717948717,
J3Cub,throttle_step,sig,win5,cmalpha_x0.7,0.5384615384615384,0.7,0.4786324786324787,
J3Cub,throttle_step,sig,win10,cmalpha_x0.7,0.6923076923076923,0.75,0.6068376068376069,
J3Cub,throttle_step,sig,whole,clo_+0.1,0.6153846153846154,0.47058823529411764,0.4017094017094017,
J3Cub,throttle_step,sig,win5,clo_+0.1,0.5384615384615384,0.5384615384615384,0.37606837606837606,
J3Cub,throttle_step,sig,win10,clo_+0.1,0.6923076923076923,0.6,0.452991452991453,
J3Cub,throttle_step,sig,whole,noop,,,,0.045454545454545456
J3Cub,throttle_step,sig,win5,noop,,,,0.0
J3Cub,throttle_step,sig,win10,noop,,,,0.09090909090909091
J3Cub,elev_doublet,det,whole,cmq_x0.5,0.38461538461538464,0.4166666666666667,0.23931623931623935,
J3Cub,elev_doublet,det,win5,cmq_x0.5,0.38461538461538464,0.4166666666666667,0.0683760683760684,
J3Cub,elev_doublet,det,win10,cmq_x0.5,0.38461538461538464,0.4166666666666667,0.06837606837606838,
J3Cub,elev_doublet,det,whole,cmalpha_x0.7,0.6923076923076923,0.5,0.6581196581196581,
J3Cub,elev_doublet,det,win5,cmalpha_x0.7,0.7692307692307693,0.5263157894736842,0.5726495726495727,
J3Cub,elev_doublet,det,win10,cmalpha_x0.7,0.7692307692307693,0.5263157894736842,0.5897435897435898,
J3Cub,elev_doublet,det,whole,clo_+0.1,0.8461538461538461,0.6470588235294118,0.7264957264957266,
J3Cub,elev_doublet,det,win5,clo_+0.1,0.7692307692307693,0.6666666666666666,0.7521367521367522,
J3Cub,elev_doublet,det,win10,clo_+0.1,0.7692307692307693,0.625,0.7435897435897436,
J3Cub,elev_doublet,det,whole,noop,,,,0.0
J3Cub,elev_doublet,det,win5,noop,,,,0.0
J3Cub,elev_doublet,det,win10,noop,,,,0.0
J3Cub,elev_doublet,sig,whole,cmq_x0.5,0.23076923076923078,0.5,0.49572649572649574,
J3Cub,elev_doublet,sig,win5,cmq_x0.5,0.07692307692307693,0.2,0.5641025641025641,
J3Cub,elev_doublet,sig,win10,cmq_x0.5,0.15384615384615385,0.4,0.3931623931623932,
J3Cub,elev_doublet,sig,whole,cmalpha_x0.7,0.15384615384615385,0.6666666666666666,0.7521367521367521,
J3Cub,elev_doublet,sig,win5,cmalpha_x0.7,0.0,0.0,0.5555555555555556,
J3Cub,elev_doublet,sig,win10,cmalpha_x0.7,0.15384615384615385,0.6666666666666666,0.7008547008547009,
J3Cub,elev_doublet,sig,whole,clo_+0.1,0.3076923076923077,0.5,0.5470085470085471,
J3Cub,elev_doublet,sig,win5,clo_+0.1,0.3076923076923077,0.5714285714285714,0.49572649572649574,
J3Cub,elev_doublet,sig,win10,clo_+0.1,0.23076923076923078,0.42857142857142855,0.4358974358974359,
J3Cub,elev_doublet,sig,whole,noop,,,,0.0
J3Cub,elev_doublet,sig,win5,noop,,,,0.0
J3Cub,elev_doublet,sig,win10,noop,,,,0.0
J3Cub,elev_step,det,whole,cmq_x0.5,0.6923076923076923,0.5294117647058824,0.7008547008547009,
J3Cub,elev_step,det,win5,cmq_x0.5,0.7692307692307693,0.5555555555555556,0.7094017094017094,
J3Cub,elev_step,det,win10,cmq_x0.5,0.7692307692307693,0.5555555555555556,0.6923076923076923,
J3Cub,elev_step,det,whole,cmalpha_x0.7,0.7692307692307693,0.5555555555555556,0.6410256410256411,
J3Cub,elev_step,det,win5,cmalpha_x0.7,0.7692307692307693,0.5555555555555556,0.6666666666666666,
J3Cub,elev_step,det,win10,cmalpha_x0.7,0.7692307692307693,0.5555555555555556,0.5982905982905984,
J3Cub,elev_step,det,whole,clo_+0.1,0.6153846153846154,0.8,0.7606837606837606,
J3Cub,elev_step,det,win5,clo_+0.1,0.5384615384615384,0.7777777777777778,0.6923076923076923,
J3Cub,elev_step,det,win10,clo_+0.1,0.6153846153846154,0.8888888888888888,0.7264957264957265,
J3Cub,elev_step,det,whole,noop,,,,0.0
J3Cub,elev_step,det,win5,noop,,,,0.0
J3Cub,elev_step,det,win10,noop,,,,0.0
J3Cub,elev_step,sig,whole,cmq_x0.5,0.6923076923076923,0.5294117647058824,0.4871794871794872,
J3Cub,elev_step,sig,win5,cmq_x0.5,0.6923076923076923,0.6,0.5555555555555556,
J3Cub,elev_step,sig,win10,cmq_x0.5,0.46153846153846156,0.5454545454545454,0.5555555555555556,
J3Cub,elev_step,sig,whole,cmalpha_x0.7,0.8461538461538461,0.6470588235294118,0.8717948717948718,
J3Cub,elev_step,sig,win5,cmalpha_x0.7,0.6923076923076923,0.6,0.5982905982905983,
J3Cub,elev_step,sig,win10,cmalpha_x0.7,0.7692307692307693,0.6666666666666666,0.7606837606837606,
J3Cub,elev_step,sig,whole,clo_+0.1,0.5384615384615384,0.5833333333333334,0.5555555555555556,
J3Cub,elev_step,sig,win5,clo_+0.1,0.6153846153846154,0.6666666666666666,0.5726495726495726,
J3Cub,elev_step,sig,win10,clo_+0.1,0.46153846153846156,0.6,0.42735042735042733,
J3Cub,elev_step,sig,whole,noop,,,,0.0
J3Cub,elev_step,sig,win5,noop,,,,0.0
J3Cub,elev_step,sig,win10,noop,,,,0.0
J3Cub,aileron_step,det,whole,cmq_x0.5,0.8461538461538461,0.6111111111111112,0.7521367521367521,
J3Cub,aileron_step,det,win5,cmq_x0.5,0.8461538461538461,0.6111111111111112,0.6324786324786326,
J3Cub,aileron_step,det,win10,cmq_x0.5,0.8461538461538461,0.6111111111111112,0.7179487179487181,
J3Cub,aileron_step,det,whole,cmalpha_x0.7,0.8461538461538461,0.6470588235294118,0.7863247863247863,
J3Cub,aileron_step,det,win5,cmalpha_x0.7,0.8461538461538461,0.6470588235294118,0.8034188034188036,
J3Cub,aileron_step,det,win10,cmalpha_x0.7,0.8461538461538461,0.6875,0.8034188034188035,
J3Cub,aileron_step,det,whole,clo_+0.1,0.7692307692307693,0.625,0.717948717948718,
J3Cub,aileron_step,det,win5,clo_+0.1,0.7692307692307693,0.625,0.6581196581196581,
J3Cub,aileron_step,det,win10,clo_+0.1,0.6923076923076923,0.6,0.6581196581196582,
J3Cub,aileron_step,det,whole,noop,,,,0.0
J3Cub,aileron_step,det,win5,noop,,,,0.045454545454545456
J3Cub,aileron_step,det,win10,noop,,,,0.0
J3Cub,aileron_step,sig,whole,cmq_x0.5,0.6153846153846154,0.47058823529411764,0.5641025641025641,
J3Cub,aileron_step,sig,win5,cmq_x0.5,0.6153846153846154,0.47058823529411764,0.3162393162393163,
J3Cub,aileron_step,sig,win10,cmq_x0.5,0.5384615384615384,0.4375,0.5299145299145299,
J3Cub,aileron_step,sig,whole,cmalpha_x0.7,0.5384615384615384,0.7777777777777778,0.52991452991453,
J3Cub,aileron_step,sig,win5,cmalpha_x0.7,0.5384615384615384,0.7,0.6666666666666667,
J3Cub,aileron_step,sig,win10,cmalpha_x0.7,0.38461538461538464,0.5555555555555556,0.5982905982905984,
J3Cub,aileron_step,sig,whole,clo_+0.1,0.8461538461538461,0.55,0.6581196581196582,
J3Cub,aileron_step,sig,win5,clo_+0.1,0.7692307692307693,0.5882352941176471,0.6068376068376069,
J3Cub,aileron_step,sig,win10,clo_+0.1,0.8461538461538461,0.5789473684210527,0.7008547008547009,
J3Cub,aileron_step,sig,whole,noop,,,,0.0
J3Cub,aileron_step,sig,win5,noop,,,,0.045454545454545456
J3Cub,aileron_step,sig,win10,noop,,,,0.09090909090909091
J3Cub,rudder_doublet,det,whole,cmq_x0.5,0.6923076923076923,1.0,0.9743589743589743,
J3Cub,rudder_doublet,det,win5,cmq_x0.5,0.8461538461538461,0.9166666666666666,1.0,
J3Cub,rudder_doublet,det,win10,cmq_x0.5,0.6923076923076923,1.0,1.0,
J3Cub,rudder_doublet,det,whole,cmalpha_x0.7,0.6923076923076923,0.9,0.9658119658119658,
J3Cub,rudder_doublet,det,win5,cmalpha_x0.7,0.6923076923076923,0.9,0.9829059829059829,
J3Cub,rudder_doublet,det,win10,cmalpha_x0.7,0.6923076923076923,0.9,0.982905982905983,
J3Cub,rudder_doublet,det,whole,clo_+0.1,0.7692307692307693,0.625,0.6495726495726496,
J3Cub,rudder_doublet,det,win5,clo_+0.1,0.6923076923076923,0.6,0.6581196581196581,
J3Cub,rudder_doublet,det,win10,clo_+0.1,0.7692307692307693,0.625,0.6495726495726496,
J3Cub,rudder_doublet,det,whole,noop,,,,0.0
J3Cub,rudder_doublet,det,win5,noop,,,,0.045454545454545456
J3Cub,rudder_doublet,det,win10,noop,,,,0.0
J3Cub,rudder_doublet,sig,whole,cmq_x0.5,0.3076923076923077,0.4444444444444444,0.2222222222222223,
J3Cub,rudder_doublet,sig,win5,cmq_x0.5,0.3076923076923077,0.4,0.14529914529914528,
J3Cub,rudder_doublet,sig,win10,cmq_x0.5,0.38461538461538464,0.625,0.15384615384615385,
J3Cub,rudder_doublet,sig,whole,cmalpha_x0.7,0.46153846153846156,0.6,0.52991452991453,
J3Cub,rudder_doublet,sig,win5,cmalpha_x0.7,0.6153846153846154,0.5714285714285714,0.3418803418803419,
J3Cub,rudder_doublet,sig,win10,cmalpha_x0.7,0.46153846153846156,0.6,0.29914529914529914,
J3Cub,rudder_doublet,sig,whole,clo_+0.1,0.6923076923076923,0.6428571428571429,0.7094017094017095,
J3Cub,rudder_doublet,sig,win5,clo_+0.1,0.6923076923076923,0.75,0.7264957264957264,
J3Cub,rudder_doublet,sig,win10,clo_+0.1,0.6923076923076923,0.6428571428571429,0.6923076923076923,
J3Cub,rudder_doublet,sig,whole,noop,,,,0.09090909090909091
J3Cub,rudder_doublet,sig,win5,noop,,,,0.09090909090909091
J3Cub,rudder_doublet,sig,win10,noop,,,,0.045454545454545456
J3Cub,bank_hold,det,whole,cmq_x0.5,0.8461538461538461,0.6111111111111112,0.49572649572649574,
J3Cub,bank_hold,det,win5,cmq_x0.5,0.8461538461538461,0.6111111111111112,0.5042735042735043,
J3Cub,bank_hold,det,win10,cmq_x0.5,0.8461538461538461,0.6111111111111112,0.5213675213675214,
J3Cub,bank_hold,det,whole,cmalpha_x0.7,1.0,0.7222222222222222,0.9487179487179488,
J3Cub,bank_hold,det,win5,cmalpha_x0.7,1.0,0.7222222222222222,0.9145299145299146,
J3Cub,bank_hold,det,win10,cmalpha_x0.7,1.0,0.6842105263157895,0.9230769230769231,
J3Cub,bank_hold,det,whole,clo_+0.1,0.8461538461538461,0.6470588235294118,0.7521367521367521,
J3Cub,bank_hold,det,win5,clo_+0.1,0.8461538461538461,0.6470588235294118,0.7264957264957265,
J3Cub,bank_hold,det,win10,clo_+0.1,0.8461538461538461,0.6470588235294118,0.6923076923076923,
J3Cub,bank_hold,det,whole,noop,,,,0.0
J3Cub,bank_hold,det,win5,noop,,,,0.0
J3Cub,bank_hold,det,win10,noop,,,,0.0
J3Cub,bank_hold,sig,whole,cmq_x0.5,0.5384615384615384,0.5833333333333334,0.48717948717948717,
J3Cub,bank_hold,sig,win5,cmq_x0.5,0.46153846153846156,0.46153846153846156,0.3504273504273504,
J3Cub,bank_hold,sig,win10,cmq_x0.5,0.5384615384615384,0.5384615384615384,0.45299145299145305,
J3Cub,bank_hold,sig,whole,cmalpha_x0.7,0.6153846153846154,0.5714285714285714,0.5555555555555556,
J3Cub,bank_hold,sig,win5,cmalpha_x0.7,0.46153846153846156,0.6,0.5726495726495727,
J3Cub,bank_hold,sig,win10,cmalpha_x0.7,0.6153846153846154,0.7272727272727273,0.5213675213675214,
J3Cub,bank_hold,sig,whole,clo_+0.1,0.6923076923076923,0.5625,0.4188034188034188,
J3Cub,bank_hold,sig,win5,clo_+0.1,0.8461538461538461,0.6111111111111112,0.6837606837606838,
J3Cub,bank_hold,sig,win10,clo_+0.1,0.8461538461538461,0.6111111111111112,0.5384615384615385,
J3Cub,bank_hold,sig,whole,noop,,,,0.045454545454545456
J3Cub,bank_hold,sig,win5,noop,,,,0.13636363636363635
J3Cub,bank_hold,sig,win10,noop,,,,0.13636363636363635
J3Cub,flap_extend,det,whole,cmq_x0.5,0.38461538461538464,0.45454545454545453,0.5897435897435896,
J3Cub,flap_extend,det,win5,cmq_x0.5,0.38461538461538464,0.45454545454545453,0.5726495726495726,
J3Cub,flap_extend,det,win10,cmq_x0.5,0.38461538461538464,0.45454545454545453,0.5897435897435896,
J3Cub,flap_extend,det,whole,cmalpha_x0.7,0.6923076923076923,0.5,0.7179487179487181,
J3Cub,flap_extend,det,win5,cmalpha_x0.7,0.6923076923076923,0.5,0.7094017094017094,
J3Cub,flap_extend,det,win10,cmalpha_x0.7,0.6923076923076923,0.5,0.7179487179487181,
J3Cub,flap_extend,det,whole,clo_+0.1,0.8461538461538461,0.55,0.5470085470085471,
J3Cub,flap_extend,det,win5,clo_+0.1,0.8461538461538461,0.55,0.5470085470085471,
J3Cub,flap_extend,det,win10,clo_+0.1,0.8461538461538461,0.55,0.5299145299145299,
J3Cub,flap_extend,det,whole,noop,,,,0.0
J3Cub,flap_extend,det,win5,noop,,,,0.045454545454545456
J3Cub,flap_extend,det,win10,noop,,,,0.045454545454545456
J3Cub,flap_extend,sig,whole,cmq_x0.5,0.38461538461538464,0.5555555555555556,0.46153846153846156,
J3Cub,flap_extend,sig,win5,cmq_x0.5,0.3076923076923077,0.5714285714285714,0.46153846153846156,
J3Cub,flap_extend,sig,win10,cmq_x0.5,0.3076923076923077,0.5,0.37606837606837606,
J3Cub,flap_extend,sig,whole,cmalpha_x0.7,0.8461538461538461,0.6111111111111112,0.9230769230769231,
J3Cub,flap_extend,sig,win5,cmalpha_x0.7,0.8461538461538461,0.6111111111111112,0.7948717948717948,
J3Cub,flap_extend,sig,win10,cmalpha_x0.7,0.8461538461538461,0.5789473684210527,0.8034188034188035,
J3Cub,flap_extend,sig,whole,clo_+0.1,0.46153846153846156,0.46153846153846156,0.4700854700854701,
J3Cub,flap_extend,sig,win5,clo_+0.1,0.38461538461538464,0.4166666666666667,0.3931623931623932,
J3Cub,flap_extend,sig,win10,clo_+0.1,0.5384615384615384,0.5833333333333334,0.5213675213675213,
J3Cub,flap_extend,sig,whole,noop,,,,0.045454545454545456
J3Cub,flap_extend,sig,win5,noop,,,,0.045454545454545456
J3Cub,flap_extend,sig,win10,noop,,,,0.045454545454545456
J3Cub,climbing_turn,det,whole,cmq_x0.5,0.7692307692307693,0.5882352941176471,0.46153846153846156,
J3Cub,climbing_turn,det,win5,cmq_x0.5,0.7692307692307693,0.5882352941176471,0.452991452991453,
J3Cub,climbing_turn,det,win10,cmq_x0.5,0.7692307692307693,0.5882352941176471,0.4444444444444445,
J3Cub,climbing_turn,det,whole,cmalpha_x0.7,0.7692307692307693,0.625,0.6581196581196582,
J3Cub,climbing_turn,det,win5,cmalpha_x0.7,0.7692307692307693,0.625,0.6239316239316239,
J3Cub,climbing_turn,det,win10,cmalpha_x0.7,0.7692307692307693,0.625,0.6581196581196581,
J3Cub,climbing_turn,det,whole,clo_+0.1,0.6923076923076923,0.6428571428571429,0.6239316239316239,
J3Cub,climbing_turn,det,win5,clo_+0.1,0.6923076923076923,0.6923076923076923,0.5897435897435899,
J3Cub,climbing_turn,det,win10,clo_+0.1,0.6923076923076923,0.6428571428571429,0.5897435897435898,
J3Cub,climbing_turn,det,whole,noop,,,,0.0
J3Cub,climbing_turn,det,win5,noop,,,,0.045454545454545456
J3Cub,climbing_turn,det,win10,noop,,,,0.0
J3Cub,climbing_turn,sig,whole,cmq_x0.5,0.8461538461538461,0.55,0.5470085470085471,
J3Cub,climbing_turn,sig,win5,cmq_x0.5,0.8461538461538461,0.55,0.3931623931623932,
J3Cub,climbing_turn,sig,win10,cmq_x0.5,0.8461538461538461,0.55,0.5555555555555556,
J3Cub,climbing_turn,sig,whole,cmalpha_x0.7,0.8461538461538461,0.55,0.6153846153846154,
J3Cub,climbing_turn,sig,win5,cmalpha_x0.7,0.8461538461538461,0.55,0.45299145299145305,
J3Cub,climbing_turn,sig,win10,cmalpha_x0.7,0.8461538461538461,0.5789473684210527,0.7435897435897436,
J3Cub,climbing_turn,sig,whole,clo_+0.1,0.6923076923076923,0.5294117647058824,0.4700854700854701,
J3Cub,climbing_turn,sig,win5,clo_+0.1,0.6153846153846154,0.5714285714285714,0.6581196581196582,
J3Cub,climbing_turn,sig,win10,clo_+0.1,0.7692307692307693,0.625,0.6666666666666667,
J3Cub,climbing_turn,sig,whole,noop,,,,0.045454545454545456
J3Cub,climbing_turn,sig,win5,noop,,,,0.0
J3Cub,climbing_turn,sig,win10,noop,,,,0.0
J3Cub,elev_doublet_distractor,det,whole,cmq_x0.5,0.3076923076923077,1.0,0.4358974358974359,
J3Cub,elev_doublet_distractor,det,win5,cmq_x0.5,0.5384615384615384,0.875,0.4358974358974359,
J3Cub,elev_doublet_distractor,det,win10,cmq_x0.5,0.5384615384615384,1.0,0.4444444444444445,
J3Cub,elev_doublet_distractor,det,whole,cmalpha_x0.7,0.7692307692307693,0.8333333333333334,0.5811965811965812,
J3Cub,elev_doublet_distractor,det,win5,cmalpha_x0.7,0.7692307692307693,0.8333333333333334,0.5811965811965812,
J3Cub,elev_doublet_distractor,det,win10,cmalpha_x0.7,0.7692307692307693,0.9090909090909091,0.5897435897435898,
J3Cub,elev_doublet_distractor,det,whole,clo_+0.1,0.6923076923076923,0.9,0.6837606837606837,
J3Cub,elev_doublet_distractor,det,win5,clo_+0.1,0.6923076923076923,0.9,0.6752136752136753,
J3Cub,elev_doublet_distractor,det,win10,clo_+0.1,0.6923076923076923,0.9,0.6581196581196581,
J3Cub,elev_doublet_distractor,det,whole,noop,,,,0.13636363636363635
J3Cub,elev_doublet_distractor,det,win5,noop,,,,0.13636363636363635
J3Cub,elev_doublet_distractor,det,win10,noop,,,,0.13636363636363635
J3Cub,elev_doublet_distractor,sig,whole,cmq_x0.5,0.07692307692307693,0.16666666666666666,0.22222222222222224,
J3Cub,elev_doublet_distractor,sig,win5,cmq_x0.5,0.07692307692307693,1.0,0.20512820512820515,
J3Cub,elev_doublet_distractor,sig,win10,cmq_x0.5,0.15384615384615385,1.0,0.17094017094017097,
J3Cub,elev_doublet_distractor,sig,whole,cmalpha_x0.7,0.46153846153846156,1.0,0.6752136752136753,
J3Cub,elev_doublet_distractor,sig,win5,cmalpha_x0.7,0.23076923076923078,0.6,0.5213675213675214,
J3Cub,elev_doublet_distractor,sig,win10,cmalpha_x0.7,0.15384615384615385,0.6666666666666666,0.6239316239316239,
J3Cub,elev_doublet_distractor,sig,whole,clo_+0.1,0.3076923076923077,0.5,0.47863247863247865,
J3Cub,elev_doublet_distractor,sig,win5,clo_+0.1,0.38461538461538464,1.0,0.5982905982905983,
J3Cub,elev_doublet_distractor,sig,win10,clo_+0.1,0.3076923076923077,0.8,0.44444444444444453,
J3Cub,elev_doublet_distractor,sig,whole,noop,,,,0.22727272727272727
J3Cub,elev_doublet_distractor,sig,win5,noop,,,,0.045454545454545456
J3Cub,elev_doublet_distractor,sig,win10,noop,,,,0.045454545454545456
J3Cub,engine_stop,det,whole,cmq_x0.5,0.8461538461538461,0.6111111111111112,0.6239316239316239,
J3Cub,engine_stop,det,win5,cmq_x0.5,0.8461538461538461,0.6111111111111112,0.5555555555555556,
J3Cub,engine_stop,det,win10,cmq_x0.5,0.8461538461538461,0.5789473684210527,0.5555555555555556,
J3Cub,engine_stop,det,whole,cmalpha_x0.7,0.8461538461538461,0.6470588235294118,0.7094017094017094,
J3Cub,engine_stop,det,win5,cmalpha_x0.7,0.8461538461538461,0.5789473684210527,0.6581196581196582,
J3Cub,engine_stop,det,win10,cmalpha_x0.7,0.8461538461538461,0.5789473684210527,0.6581196581196582,
J3Cub,engine_stop,det,whole,clo_+0.1,0.8461538461538461,0.5789473684210527,0.641025641025641,
J3Cub,engine_stop,det,win5,clo_+0.1,0.8461538461538461,0.5789473684210527,0.5982905982905984,
J3Cub,engine_stop,det,win10,clo_+0.1,0.8461538461538461,0.5789473684210527,0.5897435897435898,
J3Cub,engine_stop,det,whole,noop,,,,0.0
J3Cub,engine_stop,det,win5,noop,,,,0.0
J3Cub,engine_stop,det,win10,noop,,,,0.0
J3Cub,engine_stop,sig,whole,cmq_x0.5,0.7692307692307693,0.7142857142857143,0.888888888888889,
J3Cub,engine_stop,sig,win5,cmq_x0.5,0.7692307692307693,0.6666666666666666,0.6239316239316239,
J3Cub,engine_stop,sig,win10,cmq_x0.5,0.8461538461538461,0.7333333333333333,0.7350427350427351,
J3Cub,engine_stop,sig,whole,cmalpha_x0.7,0.6923076923076923,0.6923076923076923,0.6923076923076923,
J3Cub,engine_stop,sig,win5,cmalpha_x0.7,1.0,0.6842105263157895,0.7350427350427351,
J3Cub,engine_stop,sig,win10,cmalpha_x0.7,0.9230769230769231,0.7058823529411765,0.7606837606837606,
J3Cub,engine_stop,sig,whole,clo_+0.1,0.6923076923076923,0.5625,0.6666666666666667,
J3Cub,engine_stop,sig,win5,clo_+0.1,0.6923076923076923,0.5294117647058824,0.3846153846153847,
J3Cub,engine_stop,sig,win10,clo_+0.1,0.6923076923076923,0.5625,0.5897435897435898,
J3Cub,engine_stop,sig,whole,noop,,,,0.0
J3Cub,engine_stop,sig,win5,noop,,,,0.0
J3Cub,engine_stop,sig,win10,noop,,,,0.0
MD11,cruise,det,whole,inertia_x1.6,0.09090909090909091,1.0,,
MD11,cruise,det,win5,inertia_x1.6,0.045454545454545456,1.0,,
MD11,cruise,det,win10,inertia_x1.6,0.045454545454545456,1.0,,
MD11,cruise,det,whole,cmq_x0.5,0.15384615384615385,1.0,0.35042735042735046,
MD11,cruise,det,win5,cmq_x0.5,0.15384615384615385,1.0,0.35897435897435903,
MD11,cruise,det,win10,cmq_x0.5,0.15384615384615385,1.0,0.33333333333333337,
MD11,cruise,det,whole,cmalpha_x0.7,0.6923076923076923,0.5625,0.6068376068376069,
MD11,cruise,det,win5,cmalpha_x0.7,0.6923076923076923,0.5625,0.6837606837606838,
MD11,cruise,det,win10,cmalpha_x0.7,0.6923076923076923,0.5625,0.7094017094017094,
MD11,cruise,det,whole,clo_+0.1,0.8461538461538461,0.6111111111111112,0.7094017094017093,
MD11,cruise,det,win5,clo_+0.1,0.8461538461538461,0.6111111111111112,0.7179487179487181,
MD11,cruise,det,win10,clo_+0.1,0.8461538461538461,0.6111111111111112,0.7179487179487181,
MD11,cruise,det,whole,noop,,,,0.0
MD11,cruise,det,win5,noop,,,,0.0
MD11,cruise,det,win10,noop,,,,0.0
MD11,cruise,sig,whole,inertia_x1.6,0.045454545454545456,1.0,,
MD11,cruise,sig,win5,inertia_x1.6,0.045454545454545456,1.0,,
MD11,cruise,sig,win10,inertia_x1.6,0.0,,,
MD11,cruise,sig,whole,cmq_x0.5,0.07692307692307693,0.5,0.4358974358974359,
MD11,cruise,sig,win5,cmq_x0.5,0.0,,0.5085470085470086,
MD11,cruise,sig,win10,cmq_x0.5,0.0,0.0,0.517094017094017,
MD11,cruise,sig,whole,cmalpha_x0.7,0.38461538461538464,0.8333333333333334,0.7264957264957266,
MD11,cruise,sig,win5,cmalpha_x0.7,0.23076923076923078,0.6,0.6923076923076924,
MD11,cruise,sig,win10,cmalpha_x0.7,0.3076923076923077,0.6666666666666666,0.6239316239316239,
MD11,cruise,sig,whole,clo_+0.1,0.38461538461538464,0.7142857142857143,0.49572649572649574,
MD11,cruise,sig,win5,clo_+0.1,0.07692307692307693,0.3333333333333333,0.5555555555555556,
MD11,cruise,sig,win10,clo_+0.1,0.23076923076923078,0.6,0.5470085470085471,
MD11,cruise,sig,whole,noop,,,,0.0
MD11,cruise,sig,win5,noop,,,,0.0
MD11,cruise,sig,win10,noop,,,,0.0
MD11,throttle_step,det,whole,inertia_x1.6,0.18181818181818182,1.0,,
MD11,throttle_step,det,win5,inertia_x1.6,0.36363636363636365,1.0,,
MD11,throttle_step,det,win10,inertia_x1.6,0.22727272727272727,1.0,,
MD11,throttle_step,det,whole,cmq_x0.5,0.8461538461538461,1.0,1.0,
MD11,throttle_step,det,win5,cmq_x0.5,1.0,0.9285714285714286,1.0,
MD11,throttle_step,det,win10,cmq_x0.5,0.8461538461538461,0.9166666666666666,1.0,
MD11,throttle_step,det,whole,cmalpha_x0.7,0.6153846153846154,1.0,0.9658119658119659,
MD11,throttle_step,det,win5,cmalpha_x0.7,0.7692307692307693,0.8333333333333334,0.8376068376068376,
MD11,throttle_step,det,win10,cmalpha_x0.7,0.5384615384615384,0.875,0.8461538461538463,
MD11,throttle_step,det,whole,clo_+0.1,0.8461538461538461,0.5789473684210527,0.7692307692307693,
MD11,throttle_step,det,win5,clo_+0.1,0.8461538461538461,0.5789473684210527,0.5982905982905984,
MD11,throttle_step,det,win10,clo_+0.1,0.8461538461538461,0.5789473684210527,0.6666666666666667,
MD11,throttle_step,det,whole,noop,,,,0.0
MD11,throttle_step,det,win5,noop,,,,0.13636363636363635
MD11,throttle_step,det,win10,noop,,,,0.045454545454545456
MD11,throttle_step,sig,whole,inertia_x1.6,0.18181818181818182,1.0,,
MD11,throttle_step,sig,win5,inertia_x1.6,0.09090909090909091,1.0,,
MD11,throttle_step,sig,win10,inertia_x1.6,0.09090909090909091,1.0,,
MD11,throttle_step,sig,whole,cmq_x0.5,0.46153846153846156,1.0,0.6837606837606837,
MD11,throttle_step,sig,win5,cmq_x0.5,0.46153846153846156,0.8571428571428571,1.0,
MD11,throttle_step,sig,win10,cmq_x0.5,0.38461538461538464,0.8333333333333334,0.9572649572649573,
MD11,throttle_step,sig,whole,cmalpha_x0.7,0.3076923076923077,1.0,0.5213675213675213,
MD11,throttle_step,sig,win5,cmalpha_x0.7,0.07692307692307693,1.0,0.7777777777777777,
MD11,throttle_step,sig,win10,cmalpha_x0.7,0.07692307692307693,1.0,0.6495726495726495,
MD11,throttle_step,sig,whole,clo_+0.1,0.38461538461538464,0.8333333333333334,0.4871794871794872,
MD11,throttle_step,sig,win5,clo_+0.1,0.23076923076923078,0.75,0.6923076923076923,
MD11,throttle_step,sig,win10,clo_+0.1,0.23076923076923078,0.6,0.7094017094017094,
MD11,throttle_step,sig,whole,noop,,,,0.09090909090909091
MD11,throttle_step,sig,win5,noop,,,,0.09090909090909091
MD11,throttle_step,sig,win10,noop,,,,0.0
MD11,elev_doublet,det,whole,inertia_x1.6,0.22727272727272727,1.0,,
MD11,elev_doublet,det,win5,inertia_x1.6,0.2727272727272727,1.0,,
MD11,elev_doublet,det,win10,inertia_x1.6,0.22727272727272727,1.0,,
MD11,elev_doublet,det,whole,cmq_x0.5,0.15384615384615385,0.6666666666666666,0.33333333333333337,
MD11,elev_doublet,det,win5,cmq_x0.5,0.0,,0.28205128205128205,
MD11,elev_doublet,det,win10,cmq_x0.5,0.07692307692307693,1.0,0.3247863247863248,
MD11,elev_doublet,det,whole,cmalpha_x0.7,0.6153846153846154,0.47058823529411764,0.41025641025641024,
MD11,elev_doublet,det,win5,cmalpha_x0.7,0.46153846153846156,0.4,0.43589743589743596,
MD11,elev_doublet,det,win10,cmalpha_x0.7,0.5384615384615384,0.4375,0.4358974358974359,
MD11,elev_doublet,det,whole,clo_+0.1,0.8461538461538461,0.5789473684210527,0.47863247863247865,
MD11,elev_doublet,det,win5,clo_+0.1,0.7692307692307693,0.5555555555555556,0.4700854700854701,
MD11,elev_doublet,det,win10,clo_+0.1,0.7692307692307693,0.5555555555555556,0.4700854700854701,
MD11,elev_doublet,det,whole,noop,,,,0.09090909090909091
MD11,elev_doublet,det,win5,noop,,,,0.0
MD11,elev_doublet,det,win10,noop,,,,0.045454545454545456
MD11,elev_doublet,sig,whole,inertia_x1.6,0.13636363636363635,1.0,,
MD11,elev_doublet,sig,win5,inertia_x1.6,0.22727272727272727,1.0,,
MD11,elev_doublet,sig,win10,inertia_x1.6,0.045454545454545456,1.0,,
MD11,elev_doublet,sig,whole,cmq_x0.5,0.0,0.0,0.5982905982905984,
MD11,elev_doublet,sig,win5,cmq_x0.5,0.07692307692307693,0.5,0.3931623931623932,
MD11,elev_doublet,sig,win10,cmq_x0.5,0.0,0.0,0.5726495726495727,
MD11,elev_doublet,sig,whole,cmalpha_x0.7,0.8461538461538461,0.6470588235294118,0.6282051282051282,
MD11,elev_doublet,sig,win5,cmalpha_x0.7,0.6923076923076923,0.6,0.4444444444444445,
MD11,elev_doublet,sig,win10,cmalpha_x0.7,0.7692307692307693,0.625,0.5726495726495726,
MD11,elev_doublet,sig,whole,clo_+0.1,0.6153846153846154,0.5714285714285714,0.4871794871794872,
MD11,elev_doublet,sig,win5,clo_+0.1,0.46153846153846156,0.5,0.37606837606837606,
MD11,elev_doublet,sig,win10,clo_+0.1,0.6153846153846154,0.5714285714285714,0.35897435897435903,
MD11,elev_doublet,sig,whole,noop,,,,0.045454545454545456
MD11,elev_doublet,sig,win5,noop,,,,0.045454545454545456
MD11,elev_doublet,sig,win10,noop,,,,0.0
MD11,elev_step,det,whole,inertia_x1.6,0.5454545454545454,1.0,,
MD11,elev_step,det,win5,inertia_x1.6,0.5454545454545454,1.0,,
MD11,elev_step,det,win10,inertia_x1.6,0.5454545454545454,1.0,,
MD11,elev_step,det,whole,cmq_x0.5,0.5384615384615384,0.7,1.0,
MD11,elev_step,det,win5,cmq_x0.5,0.8461538461538461,0.6470588235294118,1.0,
MD11,elev_step,det,win10,cmq_x0.5,0.8461538461538461,0.6470588235294118,1.0,
MD11,elev_step,det,whole,cmalpha_x0.7,1.0,0.6190476190476191,1.0,
MD11,elev_step,det,win5,cmalpha_x0.7,1.0,0.6190476190476191,1.0,
MD11,elev_step,det,win10,cmalpha_x0.7,1.0,0.6190476190476191,1.0,
MD11,elev_step,det,whole,clo_+0.1,1.0,0.7647058823529411,0.9743589743589743,
MD11,elev_step,det,win5,clo_+0.1,1.0,0.7222222222222222,1.0,
MD11,elev_step,det,win10,clo_+0.1,1.0,0.7222222222222222,0.9658119658119658,
MD11,elev_step,det,whole,noop,,,,0.18181818181818182
MD11,elev_step,det,win5,noop,,,,0.13636363636363635
MD11,elev_step,det,win10,noop,,,,0.22727272727272727
MD11,elev_step,sig,whole,inertia_x1.6,0.6818181818181818,1.0,,
MD11,elev_step,sig,win5,inertia_x1.6,0.7272727272727273,1.0,,
MD11,elev_step,sig,win10,inertia_x1.6,0.5909090909090909,1.0,,
MD11,elev_step,sig,whole,cmq_x0.5,0.7692307692307693,0.6666666666666666,0.7264957264957266,
MD11,elev_step,sig,win5,cmq_x0.5,0.6923076923076923,0.6923076923076923,0.7094017094017094,
MD11,elev_step,sig,win10,cmq_x0.5,0.6153846153846154,0.6666666666666666,0.7521367521367521,
MD11,elev_step,sig,whole,cmalpha_x0.7,0.8461538461538461,0.5789473684210527,0.6324786324786325,
MD11,elev_step,sig,win5,cmalpha_x0.7,0.8461538461538461,0.55,0.5726495726495727,
MD11,elev_step,sig,win10,cmalpha_x0.7,0.8461538461538461,0.6111111111111112,0.6666666666666667,
MD11,elev_step,sig,whole,clo_+0.1,0.6923076923076923,0.5625,0.5982905982905983,
MD11,elev_step,sig,win5,clo_+0.1,0.8461538461538461,0.6470588235294118,0.49572649572649574,
MD11,elev_step,sig,win10,clo_+0.1,0.8461538461538461,0.6875,0.5726495726495726,
MD11,elev_step,sig,whole,noop,,,,0.5454545454545454
MD11,elev_step,sig,win5,noop,,,,0.6363636363636364
MD11,elev_step,sig,win10,noop,,,,0.5909090909090909
MD11,aileron_step,det,whole,inertia_x1.6,0.2727272727272727,1.0,,
MD11,aileron_step,det,win5,inertia_x1.6,0.3181818181818182,1.0,,
MD11,aileron_step,det,win10,inertia_x1.6,0.2727272727272727,1.0,,
MD11,aileron_step,det,whole,cmq_x0.5,0.3076923076923077,1.0,0.6153846153846154,
MD11,aileron_step,det,win5,cmq_x0.5,0.3076923076923077,1.0,0.6153846153846154,
MD11,aileron_step,det,win10,cmq_x0.5,0.3076923076923077,1.0,0.5726495726495726,
MD11,aileron_step,det,whole,cmalpha_x0.7,0.3076923076923077,0.8,0.6239316239316239,
MD11,aileron_step,det,win5,cmalpha_x0.7,0.3076923076923077,0.8,0.6068376068376069,
MD11,aileron_step,det,win10,cmalpha_x0.7,0.3076923076923077,0.8,0.6153846153846153,
MD11,aileron_step,det,whole,clo_+0.1,0.8461538461538461,0.5789473684210527,0.6752136752136753,
MD11,aileron_step,det,win5,clo_+0.1,0.8461538461538461,0.5789473684210527,0.6153846153846154,
MD11,aileron_step,det,win10,clo_+0.1,0.8461538461538461,0.5789473684210527,0.6752136752136753,
MD11,aileron_step,det,whole,noop,,,,0.0
MD11,aileron_step,det,win5,noop,,,,0.0
MD11,aileron_step,det,win10,noop,,,,0.0
MD11,aileron_step,sig,whole,inertia_x1.6,0.045454545454545456,1.0,,
MD11,aileron_step,sig,win5,inertia_x1.6,0.045454545454545456,1.0,,
MD11,aileron_step,sig,win10,inertia_x1.6,0.045454545454545456,1.0,,
MD11,aileron_step,sig,whole,cmq_x0.5,0.0,,0.905982905982906,
MD11,aileron_step,sig,win5,cmq_x0.5,0.0,,0.8803418803418803,
MD11,aileron_step,sig,win10,cmq_x0.5,0.0,,0.8974358974358976,
MD11,aileron_step,sig,whole,cmalpha_x0.7,0.46153846153846156,0.8571428571428571,0.6794871794871794,
MD11,aileron_step,sig,win5,cmalpha_x0.7,0.23076923076923078,0.75,0.6923076923076923,
MD11,aileron_step,sig,win10,cmalpha_x0.7,0.3076923076923077,1.0,0.7435897435897435,
MD11,aileron_step,sig,whole,clo_+0.1,0.3076923076923077,0.4444444444444444,0.5811965811965812,
MD11,aileron_step,sig,win5,clo_+0.1,0.3076923076923077,0.5714285714285714,0.5726495726495726,
MD11,aileron_step,sig,win10,clo_+0.1,0.23076923076923078,0.42857142857142855,0.5982905982905983,
MD11,aileron_step,sig,whole,noop,,,,0.0
MD11,aileron_step,sig,win5,noop,,,,0.0
MD11,aileron_step,sig,win10,noop,,,,0.0
MD11,rudder_doublet,det,whole,inertia_x1.6,0.045454545454545456,1.0,,
MD11,rudder_doublet,det,win5,inertia_x1.6,0.13636363636363635,1.0,,
MD11,rudder_doublet,det,win10,inertia_x1.6,0.09090909090909091,1.0,,
MD11,rudder_doublet,det,whole,cmq_x0.5,0.07692307692307693,1.0,0.49572649572649574,
MD11,rudder_doublet,det,win5,cmq_x0.5,0.15384615384615385,1.0,0.4871794871794872,
MD11,rudder_doublet,det,win10,cmq_x0.5,0.07692307692307693,1.0,0.49572649572649574,
MD11,rudder_doublet,det,whole,cmalpha_x0.7,0.5384615384615384,1.0,0.5555555555555556,
MD11,rudder_doublet,det,win5,cmalpha_x0.7,0.46153846153846156,0.8571428571428571,0.49572649572649585,
MD11,rudder_doublet,det,win10,cmalpha_x0.7,0.46153846153846156,1.0,0.5299145299145299,
MD11,rudder_doublet,det,whole,clo_+0.1,0.6923076923076923,0.75,0.717948717948718,
MD11,rudder_doublet,det,win5,clo_+0.1,0.6153846153846154,0.7272727272727273,0.6495726495726495,
MD11,rudder_doublet,det,win10,clo_+0.1,0.6153846153846154,0.8,0.6923076923076923,
MD11,rudder_doublet,det,whole,noop,,,,0.045454545454545456
MD11,rudder_doublet,det,win5,noop,,,,0.09090909090909091
MD11,rudder_doublet,det,win10,noop,,,,0.09090909090909091
MD11,rudder_doublet,sig,whole,inertia_x1.6,0.045454545454545456,1.0,,
MD11,rudder_doublet,sig,win5,inertia_x1.6,0.09090909090909091,1.0,,
MD11,rudder_doublet,sig,win10,inertia_x1.6,0.09090909090909091,1.0,,
MD11,rudder_doublet,sig,whole,cmq_x0.5,0.0,,0.47863247863247865,
MD11,rudder_doublet,sig,win5,cmq_x0.5,0.0,,0.7692307692307694,
MD11,rudder_doublet,sig,win10,cmq_x0.5,0.0,,0.7094017094017094,
MD11,rudder_doublet,sig,whole,cmalpha_x0.7,0.46153846153846156,0.75,0.8974358974358975,
MD11,rudder_doublet,sig,win5,cmalpha_x0.7,0.7692307692307693,1.0,0.905982905982906,
MD11,rudder_doublet,sig,win10,cmalpha_x0.7,0.6153846153846154,0.8,0.8547008547008547,
MD11,rudder_doublet,sig,whole,clo_+0.1,0.3076923076923077,0.5714285714285714,0.782051282051282,
MD11,rudder_doublet,sig,win5,clo_+0.1,0.38461538461538464,0.8333333333333334,0.7606837606837606,
MD11,rudder_doublet,sig,win10,clo_+0.1,0.38461538461538464,0.5555555555555556,0.7264957264957265,
MD11,rudder_doublet,sig,whole,noop,,,,0.0
MD11,rudder_doublet,sig,win5,noop,,,,0.0
MD11,rudder_doublet,sig,win10,noop,,,,0.0
MD11,bank_hold,det,whole,inertia_x1.6,0.09090909090909091,1.0,,
MD11,bank_hold,det,win5,inertia_x1.6,0.22727272727272727,1.0,,
MD11,bank_hold,det,win10,inertia_x1.6,0.18181818181818182,1.0,,
MD11,bank_hold,det,whole,cmq_x0.5,0.38461538461538464,1.0,0.5982905982905983,
MD11,bank_hold,det,win5,cmq_x0.5,0.3076923076923077,1.0,0.6837606837606838,
MD11,bank_hold,det,win10,cmq_x0.5,0.23076923076923078,1.0,0.6068376068376068,
MD11,bank_hold,det,whole,cmalpha_x0.7,0.38461538461538464,1.0,0.4273504273504274,
MD11,bank_hold,det,win5,cmalpha_x0.7,0.3076923076923077,1.0,0.5811965811965812,
MD11,bank_hold,det,win10,cmalpha_x0.7,0.3076923076923077,1.0,0.547008547008547,
MD11,bank_hold,det,whole,clo_+0.1,0.6923076923076923,0.5625,0.6410256410256411,
MD11,bank_hold,det,win5,clo_+0.1,0.6153846153846154,0.5333333333333333,0.6324786324786325,
MD11,bank_hold,det,win10,clo_+0.1,0.6153846153846154,0.5333333333333333,0.6153846153846154,
MD11,bank_hold,det,whole,noop,,,,0.0
MD11,bank_hold,det,win5,noop,,,,0.0
MD11,bank_hold,det,win10,noop,,,,0.0
MD11,bank_hold,sig,whole,inertia_x1.6,0.045454545454545456,1.0,,
MD11,bank_hold,sig,win5,inertia_x1.6,0.045454545454545456,1.0,,
MD11,bank_hold,sig,win10,inertia_x1.6,0.045454545454545456,1.0,,
MD11,bank_hold,sig,whole,cmq_x0.5,0.0,,0.5384615384615384,
MD11,bank_hold,sig,win5,cmq_x0.5,0.07692307692307693,1.0,0.829059829059829,
MD11,bank_hold,sig,win10,cmq_x0.5,0.07692307692307693,1.0,0.7948717948717949,
MD11,bank_hold,sig,whole,cmalpha_x0.7,0.3076923076923077,1.0,0.6068376068376068,
MD11,bank_hold,sig,win5,cmalpha_x0.7,0.23076923076923078,1.0,0.7948717948717949,
MD11,bank_hold,sig,win10,cmalpha_x0.7,0.23076923076923078,1.0,0.8205128205128205,
MD11,bank_hold,sig,whole,clo_+0.1,0.23076923076923078,0.375,0.35897435897435903,
MD11,bank_hold,sig,win5,clo_+0.1,0.15384615384615385,0.5,0.5982905982905983,
MD11,bank_hold,sig,win10,clo_+0.1,0.23076923076923078,0.6,0.675213675213675,
MD11,bank_hold,sig,whole,noop,,,,0.0
MD11,bank_hold,sig,win5,noop,,,,0.0
MD11,bank_hold,sig,win10,noop,,,,0.0
MD11,flap_extend,det,whole,inertia_x1.6,0.9545454545454546,1.0,,
MD11,flap_extend,det,win5,inertia_x1.6,0.9545454545454546,1.0,,
MD11,flap_extend,det,win10,inertia_x1.6,0.9545454545454546,1.0,,
MD11,flap_extend,det,whole,cmq_x0.5,0.9230769230769231,0.5714285714285714,0.2991452991452992,
MD11,flap_extend,det,win5,cmq_x0.5,0.9230769230769231,0.6,0.23931623931623935,
MD11,flap_extend,det,win10,cmq_x0.5,0.9230769230769231,0.5714285714285714,0.27350427350427353,
MD11,flap_extend,det,whole,cmalpha_x0.7,0.7692307692307693,0.625,0.5213675213675214,
MD11,flap_extend,det,win5,cmalpha_x0.7,0.6923076923076923,0.6,0.45299145299145305,
MD11,flap_extend,det,win10,cmalpha_x0.7,0.7692307692307693,0.625,0.4444444444444445,
MD11,flap_extend,det,whole,clo_+0.1,0.7692307692307693,0.625,0.811965811965812,
MD11,flap_extend,det,win5,clo_+0.1,0.8461538461538461,0.6470588235294118,0.6923076923076923,
MD11,flap_extend,det,win10,clo_+0.1,0.8461538461538461,0.6470588235294118,0.7094017094017095,
MD11,flap_extend,det,whole,noop,,,,0.0
MD11,flap_extend,det,win5,noop,,,,0.0
MD11,flap_extend,det,win10,noop,,,,0.0
MD11,flap_extend,sig,whole,inertia_x1.6,0.7727272727272727,1.0,,
MD11,flap_extend,sig,win5,inertia_x1.6,0.7727272727272727,1.0,,
MD11,flap_extend,sig,win10,inertia_x1.6,0.8181818181818182,1.0,,
MD11,flap_extend,sig,whole,cmq_x0.5,0.6153846153846154,0.47058823529411764,0.5299145299145299,
MD11,flap_extend,sig,win5,cmq_x0.5,0.6153846153846154,0.47058823529411764,0.4273504273504274,
MD11,flap_extend,sig,win10,cmq_x0.5,0.5384615384615384,0.4375,0.452991452991453,
MD11,flap_extend,sig,whole,cmalpha_x0.7,0.23076923076923078,0.6,0.5042735042735043,
MD11,flap_extend,sig,win5,cmalpha_x0.7,0.07692307692307693,0.25,0.5384615384615385,
MD11,flap_extend,sig,win10,cmalpha_x0.7,0.15384615384615385,0.5,0.45299145299145305,
MD11,flap_extend,sig,whole,clo_+0.1,0.23076923076923078,0.42857142857142855,0.4786324786324787,
MD11,flap_extend,sig,win5,clo_+0.1,0.23076923076923078,0.42857142857142855,0.4786324786324787,
MD11,flap_extend,sig,win10,clo_+0.1,0.23076923076923078,0.42857142857142855,0.41025641025641024,
MD11,flap_extend,sig,whole,noop,,,,0.0
MD11,flap_extend,sig,win5,noop,,,,0.0
MD11,flap_extend,sig,win10,noop,,,,0.0
MD11,engine_cut,det,whole,inertia_x1.6,0.3181818181818182,1.0,,
MD11,engine_cut,det,win5,inertia_x1.6,0.36363636363636365,1.0,,
MD11,engine_cut,det,win10,inertia_x1.6,0.36363636363636365,1.0,,
MD11,engine_cut,det,whole,cmq_x0.5,0.6153846153846154,1.0,0.6153846153846154,
MD11,engine_cut,det,win5,cmq_x0.5,0.6153846153846154,1.0,0.7435897435897436,
MD11,engine_cut,det,win10,cmq_x0.5,0.6153846153846154,1.0,0.7521367521367521,
MD11,engine_cut,det,whole,cmalpha_x0.7,0.6923076923076923,0.9,0.9145299145299145,
MD11,engine_cut,det,win5,cmalpha_x0.7,0.6923076923076923,0.9,1.0,
MD11,engine_cut,det,win10,cmalpha_x0.7,0.6923076923076923,0.9,0.9914529914529914,
MD11,engine_cut,det,whole,clo_+0.1,0.8461538461538461,0.55,0.5811965811965812,
MD11,engine_cut,det,win5,clo_+0.1,0.8461538461538461,0.55,0.45299145299145305,
MD11,engine_cut,det,win10,clo_+0.1,0.8461538461538461,0.55,0.47863247863247865,
MD11,engine_cut,det,whole,noop,,,,0.0
MD11,engine_cut,det,win5,noop,,,,0.0
MD11,engine_cut,det,win10,noop,,,,0.0
MD11,engine_cut,sig,whole,inertia_x1.6,0.13636363636363635,1.0,,
MD11,engine_cut,sig,win5,inertia_x1.6,0.18181818181818182,1.0,,
MD11,engine_cut,sig,win10,inertia_x1.6,0.13636363636363635,1.0,,
MD11,engine_cut,sig,whole,cmq_x0.5,0.23076923076923078,1.0,0.6752136752136751,
MD11,engine_cut,sig,win5,cmq_x0.5,0.3076923076923077,0.8,0.8034188034188035,
MD11,engine_cut,sig,win10,cmq_x0.5,0.23076923076923078,1.0,0.8547008547008548,
MD11,engine_cut,sig,whole,cmalpha_x0.7,0.8461538461538461,1.0,1.0,
MD11,engine_cut,sig,win5,cmalpha_x0.7,0.8461538461538461,0.9166666666666666,1.0,
MD11,engine_cut,sig,win10,cmalpha_x0.7,0.6923076923076923,0.9,1.0,
MD11,engine_cut,sig,whole,clo_+0.1,0.6923076923076923,0.6,0.6324786324786325,
MD11,engine_cut,sig,win5,clo_+0.1,0.6923076923076923,0.6,0.8205128205128205,
MD11,engine_cut,sig,win10,clo_+0.1,0.6923076923076923,0.5625,0.7094017094017093,
MD11,engine_cut,sig,whole,noop,,,,0.0
MD11,engine_cut,sig,win5,noop,,,,0.09090909090909091
MD11,engine_cut,sig,win10,noop,,,,0.0
MD11,climbing_turn,det,whole,inertia_x1.6,0.6818181818181818,1.0,,
MD11,climbing_turn,det,win5,inertia_x1.6,0.5454545454545454,1.0,,
MD11,climbing_turn,det,win10,inertia_x1.6,0.5454545454545454,1.0,,
MD11,climbing_turn,det,whole,cmq_x0.5,0.6153846153846154,0.8888888888888888,0.8461538461538461,
MD11,climbing_turn,det,win5,cmq_x0.5,0.5384615384615384,0.7777777777777778,0.8461538461538461,
MD11,climbing_turn,det,win10,cmq_x0.5,0.6153846153846154,0.8888888888888888,0.8461538461538461,
MD11,climbing_turn,det,whole,cmalpha_x0.7,1.0,0.6190476190476191,1.0,
MD11,climbing_turn,det,win5,cmalpha_x0.7,1.0,0.6842105263157895,1.0,
MD11,climbing_turn,det,win10,cmalpha_x0.7,1.0,0.6842105263157895,1.0,
MD11,climbing_turn,det,whole,clo_+0.1,0.5384615384615384,0.4666666666666667,0.6923076923076924,
MD11,climbing_turn,det,win5,clo_+0.1,0.5384615384615384,0.4666666666666667,0.6666666666666667,
MD11,climbing_turn,det,win10,clo_+0.1,0.5384615384615384,0.5,0.7008547008547009,
MD11,climbing_turn,det,whole,noop,,,,0.045454545454545456
MD11,climbing_turn,det,win5,noop,,,,0.0
MD11,climbing_turn,det,win10,noop,,,,0.045454545454545456
MD11,climbing_turn,sig,whole,inertia_x1.6,0.3181818181818182,1.0,,
MD11,climbing_turn,sig,win5,inertia_x1.6,0.22727272727272727,1.0,,
MD11,climbing_turn,sig,win10,inertia_x1.6,0.22727272727272727,1.0,,
MD11,climbing_turn,sig,whole,cmq_x0.5,0.07692307692307693,1.0,0.3504273504273504,
MD11,climbing_turn,sig,win5,cmq_x0.5,0.15384615384615385,1.0,0.7435897435897436,
MD11,climbing_turn,sig,win10,cmq_x0.5,0.07692307692307693,1.0,0.7863247863247864,
MD11,climbing_turn,sig,whole,cmalpha_x0.7,1.0,0.8125,1.0,
MD11,climbing_turn,sig,win5,cmalpha_x0.7,1.0,1.0,0.9572649572649572,
MD11,climbing_turn,sig,win10,cmalpha_x0.7,1.0,1.0,1.0,
MD11,climbing_turn,sig,whole,clo_+0.1,0.5384615384615384,1.0,0.8034188034188035,
MD11,climbing_turn,sig,win5,clo_+0.1,0.5384615384615384,1.0,0.8461538461538461,
MD11,climbing_turn,sig,win10,clo_+0.1,0.5384615384615384,1.0,0.8205128205128206,
MD11,climbing_turn,sig,whole,noop,,,,0.0
MD11,climbing_turn,sig,win5,noop,,,,0.0
MD11,climbing_turn,sig,win10,noop,,,,0.0
MD11,elev_doublet_distractor,det,whole,inertia_x1.6,0.22727272727272727,1.0,,
MD11,elev_doublet_distractor,det,win5,inertia_x1.6,0.22727272727272727,1.0,,
MD11,elev_doublet_distractor,det,win10,inertia_x1.6,0.18181818181818182,1.0,,
MD11,elev_doublet_distractor,det,whole,cmq_x0.5,0.0,0.0,0.4188034188034188,
MD11,elev_doublet_distractor,det,win5,cmq_x0.5,0.0,0.0,0.3162393162393162,
MD11,elev_doublet_distractor,det,win10,cmq_x0.5,0.0,0.0,0.4017094017094017,
MD11,elev_doublet_distractor,det,whole,cmalpha_x0.7,0.46153846153846156,0.8571428571428571,0.8632478632478633,
MD11,elev_doublet_distractor,det,win5,cmalpha_x0.7,0.23076923076923078,1.0,0.8461538461538463,
MD11,elev_doublet_distractor,det,win10,cmalpha_x0.7,0.23076923076923078,1.0,0.8461538461538463,
MD11,elev_doublet_distractor,det,whole,clo_+0.1,0.46153846153846156,0.46153846153846156,0.6752136752136751,
MD11,elev_doublet_distractor,det,win5,clo_+0.1,0.46153846153846156,0.46153846153846156,0.5982905982905984,
MD11,elev_doublet_distractor,det,win10,clo_+0.1,0.46153846153846156,0.46153846153846156,0.6239316239316239,
MD11,elev_doublet_distractor,det,whole,noop,,,,0.13636363636363635
MD11,elev_doublet_distractor,det,win5,noop,,,,0.13636363636363635
MD11,elev_doublet_distractor,det,win10,noop,,,,0.09090909090909091
MD11,elev_doublet_distractor,sig,whole,inertia_x1.6,0.22727272727272727,1.0,,
MD11,elev_doublet_distractor,sig,win5,inertia_x1.6,0.18181818181818182,1.0,,
MD11,elev_doublet_distractor,sig,win10,inertia_x1.6,0.18181818181818182,1.0,,
MD11,elev_doublet_distractor,sig,whole,cmq_x0.5,0.07692307692307693,1.0,0.6837606837606838,
MD11,elev_doublet_distractor,sig,win5,cmq_x0.5,0.07692307692307693,0.5,0.6837606837606838,
MD11,elev_doublet_distractor,sig,win10,cmq_x0.5,0.0,,0.717948717948718,
MD11,elev_doublet_distractor,sig,whole,cmalpha_x0.7,0.38461538461538464,0.45454545454545453,0.5982905982905983,
MD11,elev_doublet_distractor,sig,win5,cmalpha_x0.7,0.38461538461538464,0.5555555555555556,0.47863247863247865,
MD11,elev_doublet_distractor,sig,win10,cmalpha_x0.7,0.23076923076923078,0.42857142857142855,0.6752136752136753,
MD11,elev_doublet_distractor,sig,whole,clo_+0.1,0.23076923076923078,0.3,0.3846153846153846,
MD11,elev_doublet_distractor,sig,win5,clo_+0.1,0.23076923076923078,0.375,0.3760683760683761,
MD11,elev_doublet_distractor,sig,win10,clo_+0.1,0.23076923076923078,0.42857142857142855,0.4273504273504274,
MD11,elev_doublet_distractor,sig,whole,noop,,,,0.0
MD11,elev_doublet_distractor,sig,win5,noop,,,,0.045454545454545456
MD11,elev_doublet_distractor,sig,win10,noop,,,,0.0
MD11,engine_restart,det,whole,inertia_x1.6,0.2727272727272727,1.0,,
MD11,engine_restart,det,win5,inertia_x1.6,0.36363636363636365,1.0,,
MD11,engine_restart,det,win10,inertia_x1.6,0.3181818181818182,1.0,,
MD11,engine_restart,det,whole,cmq_x0.5,0.6923076923076923,1.0,0.8461538461538461,
MD11,engine_restart,det,win5,cmq_x0.5,0.8461538461538461,1.0,1.0,
MD11,engine_restart,det,win10,cmq_x0.5,0.8461538461538461,1.0,1.0,
MD11,engine_restart,det,whole,cmalpha_x0.7,0.8461538461538461,0.7333333333333333,0.8974358974358975,
MD11,engine_restart,det,win5,cmalpha_x0.7,1.0,0.8125,0.8290598290598291,
MD11,engine_restart,det,win10,cmalpha_x0.7,1.0,0.7647058823529411,0.8290598290598291,
MD11,engine_restart,det,whole,clo_+0.1,0.7692307692307693,0.5555555555555556,0.5384615384615385,
MD11,engine_restart,det,win5,clo_+0.1,0.8461538461538461,0.5789473684210527,0.5384615384615385,
MD11,engine_restart,det,win10,clo_+0.1,0.8461538461538461,0.6111111111111112,0.52991452991453,
MD11,engine_restart,det,whole,noop,,,,0.0
MD11,engine_restart,det,win5,noop,,,,0.0
MD11,engine_restart,det,win10,noop,,,,0.0
MD11,engine_restart,sig,whole,inertia_x1.6,0.22727272727272727,1.0,,
MD11,engine_restart,sig,win5,inertia_x1.6,0.22727272727272727,1.0,,
MD11,engine_restart,sig,win10,inertia_x1.6,0.36363636363636365,1.0,,
MD11,engine_restart,sig,whole,cmq_x0.5,0.6153846153846154,0.8,0.6153846153846154,
MD11,engine_restart,sig,win5,cmq_x0.5,0.6153846153846154,0.8888888888888888,0.7863247863247864,
MD11,engine_restart,sig,win10,cmq_x0.5,0.6153846153846154,0.7272727272727273,0.6153846153846154,
MD11,engine_restart,sig,whole,cmalpha_x0.7,0.8461538461538461,0.6111111111111112,0.9572649572649573,
MD11,engine_restart,sig,win5,cmalpha_x0.7,1.0,0.65,0.905982905982906,
MD11,engine_restart,sig,win10,cmalpha_x0.7,1.0,0.65,0.9401709401709402,
MD11,engine_restart,sig,whole,clo_+0.1,0.7692307692307693,0.5882352941176471,0.811965811965812,
MD11,engine_restart,sig,win5,clo_+0.1,0.7692307692307693,0.5882352941176471,0.7521367521367521,
MD11,engine_restart,sig,win10,clo_+0.1,0.8461538461538461,0.6111111111111112,0.8034188034188033,
MD11,engine_restart,sig,whole,noop,,,,0.09090909090909091
MD11,engine_restart,sig,win5,noop,,,,0.09090909090909091
MD11,engine_restart,sig,win10,noop,,,,0.13636363636363635
OV10,cruise,det,whole,inertia_x1.6,0.09090909090909091,1.0,,
OV10,cruise,det,win5,inertia_x1.6,0.045454545454545456,1.0,,
OV10,cruise,det,win10,inertia_x1.6,0.045454545454545456,1.0,,
OV10,cruise,det,whole,cmq_x0.5,0.15384615384615385,1.0,0.4273504273504274,
OV10,cruise,det,win5,cmq_x0.5,0.3076923076923077,1.0,0.5384615384615385,
OV10,cruise,det,win10,cmq_x0.5,0.3076923076923077,1.0,0.4786324786324787,
OV10,cruise,det,whole,cmalpha_x0.7,0.6153846153846154,0.8888888888888888,0.9316239316239316,
OV10,cruise,det,win5,cmalpha_x0.7,0.8461538461538461,0.8461538461538461,0.9487179487179487,
OV10,cruise,det,win10,cmalpha_x0.7,0.7692307692307693,0.8333333333333334,0.9401709401709402,
OV10,cruise,det,whole,clo_+0.1,0.6923076923076923,0.75,0.8632478632478633,
OV10,cruise,det,win5,clo_+0.1,0.8461538461538461,0.8461538461538461,0.8974358974358975,
OV10,cruise,det,win10,clo_+0.1,0.8461538461538461,0.7333333333333333,0.8974358974358975,
OV10,cruise,det,whole,noop,,,,0.0
OV10,cruise,det,win5,noop,,,,0.0
OV10,cruise,det,win10,noop,,,,0.0
OV10,cruise,sig,whole,inertia_x1.6,0.2727272727272727,1.0,,
OV10,cruise,sig,win5,inertia_x1.6,0.045454545454545456,1.0,,
OV10,cruise,sig,win10,inertia_x1.6,0.045454545454545456,1.0,,
OV10,cruise,sig,whole,cmq_x0.5,0.23076923076923078,0.5,0.7393162393162392,
OV10,cruise,sig,win5,cmq_x0.5,0.15384615384615385,1.0,0.6068376068376069,
OV10,cruise,sig,win10,cmq_x0.5,0.07692307692307693,1.0,0.7264957264957266,
OV10,cruise,sig,whole,cmalpha_x0.7,0.5384615384615384,0.7777777777777778,0.8418803418803419,
OV10,cruise,sig,win5,cmalpha_x0.7,0.5384615384615384,0.7777777777777778,0.7692307692307693,
OV10,cruise,sig,win10,cmalpha_x0.7,0.5384615384615384,0.875,0.8034188034188035,
OV10,cruise,sig,whole,clo_+0.1,0.38461538461538464,0.5,0.5598290598290598,
OV10,cruise,sig,win5,clo_+0.1,0.38461538461538464,0.625,0.5555555555555556,
OV10,cruise,sig,win10,clo_+0.1,0.38461538461538464,0.625,0.5470085470085471,
OV10,cruise,sig,whole,noop,,,,0.0
OV10,cruise,sig,win5,noop,,,,0.0
OV10,cruise,sig,win10,noop,,,,0.0
OV10,throttle_step,det,whole,inertia_x1.6,0.045454545454545456,1.0,,
OV10,throttle_step,det,win5,inertia_x1.6,0.045454545454545456,1.0,,
OV10,throttle_step,det,win10,inertia_x1.6,0.045454545454545456,1.0,,
OV10,throttle_step,det,whole,cmq_x0.5,0.6153846153846154,0.8888888888888888,0.8376068376068376,
OV10,throttle_step,det,win5,cmq_x0.5,0.6923076923076923,0.75,0.829059829059829,
OV10,throttle_step,det,win10,cmq_x0.5,0.6923076923076923,0.75,0.829059829059829,
OV10,throttle_step,det,whole,cmalpha_x0.7,0.7692307692307693,1.0,0.8205128205128206,
OV10,throttle_step,det,win5,cmalpha_x0.7,0.7692307692307693,1.0,0.811965811965812,
OV10,throttle_step,det,win10,cmalpha_x0.7,0.7692307692307693,1.0,0.8205128205128206,
OV10,throttle_step,det,whole,clo_+0.1,0.6923076923076923,0.6923076923076923,0.7777777777777778,
OV10,throttle_step,det,win5,clo_+0.1,0.7692307692307693,0.7142857142857143,0.7863247863247863,
OV10,throttle_step,det,win10,clo_+0.1,0.7692307692307693,0.7142857142857143,0.7777777777777778,
OV10,throttle_step,det,whole,noop,,,,0.0
OV10,throttle_step,det,win5,noop,,,,0.0
OV10,throttle_step,det,win10,noop,,,,0.0
OV10,throttle_step,sig,whole,inertia_x1.6,0.09090909090909091,1.0,,
OV10,throttle_step,sig,win5,inertia_x1.6,0.09090909090909091,1.0,,
OV10,throttle_step,sig,win10,inertia_x1.6,0.18181818181818182,1.0,,
OV10,throttle_step,sig,whole,cmq_x0.5,0.8461538461538461,0.7333333333333333,1.0,
OV10,throttle_step,sig,win5,cmq_x0.5,1.0,0.7647058823529411,0.5897435897435898,
OV10,throttle_step,sig,win10,cmq_x0.5,1.0,0.7222222222222222,0.8717948717948718,
OV10,throttle_step,sig,whole,cmalpha_x0.7,0.8461538461538461,0.6111111111111112,0.8974358974358975,
OV10,throttle_step,sig,win5,cmalpha_x0.7,1.0,0.8125,0.6581196581196581,
OV10,throttle_step,sig,win10,cmalpha_x0.7,0.7692307692307693,0.6666666666666666,0.8376068376068376,
OV10,throttle_step,sig,whole,clo_+0.1,0.3076923076923077,1.0,0.52991452991453,
OV10,throttle_step,sig,win5,clo_+0.1,0.23076923076923078,0.75,0.6666666666666669,
OV10,throttle_step,sig,win10,clo_+0.1,0.3076923076923077,1.0,0.6837606837606838,
OV10,throttle_step,sig,whole,noop,,,,0.13636363636363635
OV10,throttle_step,sig,win5,noop,,,,0.045454545454545456
OV10,throttle_step,sig,win10,noop,,,,0.13636363636363635
OV10,elev_doublet,det,whole,inertia_x1.6,0.22727272727272727,1.0,,
OV10,elev_doublet,det,win5,inertia_x1.6,0.3181818181818182,1.0,,
OV10,elev_doublet,det,win10,inertia_x1.6,0.3181818181818182,1.0,,
OV10,elev_doublet,det,whole,cmq_x0.5,0.38461538461538464,0.7142857142857143,0.5213675213675214,
OV10,elev_doublet,det,win5,cmq_x0.5,0.38461538461538464,0.7142857142857143,0.5641025641025641,
OV10,elev_doublet,det,win10,cmq_x0.5,0.38461538461538464,0.7142857142857143,0.5555555555555556,
OV10,elev_doublet,det,whole,cmalpha_x0.7,0.3076923076923077,0.8,0.6068376068376069,
OV10,elev_doublet,det,win5,cmalpha_x0.7,0.46153846153846156,0.8571428571428571,0.6410256410256411,
OV10,elev_doublet,det,win10,cmalpha_x0.7,0.46153846153846156,0.8571428571428571,0.6752136752136753,
OV10,elev_doublet,det,whole,clo_+0.1,0.15384615384615385,1.0,0.5982905982905984,
OV10,elev_doublet,det,win5,clo_+0.1,0.15384615384615385,1.0,0.5641025641025641,
OV10,elev_doublet,det,win10,clo_+0.1,0.15384615384615385,1.0,0.5555555555555556,
OV10,elev_doublet,det,whole,noop,,,,0.0
OV10,elev_doublet,det,win5,noop,,,,0.0
OV10,elev_doublet,det,win10,noop,,,,0.0
OV10,elev_doublet,sig,whole,inertia_x1.6,0.09090909090909091,1.0,,
OV10,elev_doublet,sig,win5,inertia_x1.6,0.0,,,
OV10,elev_doublet,sig,win10,inertia_x1.6,0.0,,,
OV10,elev_doublet,sig,whole,cmq_x0.5,0.15384615384615385,1.0,0.5470085470085471,
OV10,elev_doublet,sig,win5,cmq_x0.5,0.0,,0.35897435897435903,
OV10,elev_doublet,sig,win10,cmq_x0.5,0.0,,0.5042735042735043,
OV10,elev_doublet,sig,whole,cmalpha_x0.7,0.5384615384615384,0.7777777777777778,0.7094017094017094,
OV10,elev_doublet,sig,win5,cmalpha_x0.7,0.38461538461538464,0.8333333333333334,0.5213675213675213,
OV10,elev_doublet,sig,win10,cmalpha_x0.7,0.38461538461538464,0.8333333333333334,0.6837606837606838,
OV10,elev_doublet,sig,whole,clo_+0.1,0.46153846153846156,0.8571428571428571,0.7435897435897436,
OV10,elev_doublet,sig,win5,clo_+0.1,0.0,0.0,0.3076923076923077,
OV10,elev_doublet,sig,win10,clo_+0.1,0.15384615384615385,0.5,0.5641025641025641,
OV10,elev_doublet,sig,whole,noop,,,,0.09090909090909091
OV10,elev_doublet,sig,win5,noop,,,,0.0
OV10,elev_doublet,sig,win10,noop,,,,0.0
OV10,elev_step,det,whole,inertia_x1.6,0.36363636363636365,1.0,,
OV10,elev_step,det,win5,inertia_x1.6,0.45454545454545453,1.0,,
OV10,elev_step,det,win10,inertia_x1.6,0.4090909090909091,1.0,,
OV10,elev_step,det,whole,cmq_x0.5,1.0,0.65,1.0,
OV10,elev_step,det,win5,cmq_x0.5,1.0,0.5909090909090909,1.0,
OV10,elev_step,det,win10,cmq_x0.5,1.0,0.6190476190476191,1.0,
OV10,elev_step,det,whole,cmalpha_x0.7,0.8461538461538461,0.55,0.9230769230769231,
OV10,elev_step,det,win5,cmalpha_x0.7,0.9230769230769231,0.5714285714285714,0.9230769230769231,
OV10,elev_step,det,win10,cmalpha_x0.7,1.0,0.5909090909090909,0.9230769230769231,
OV10,elev_step,det,whole,clo_+0.1,0.6923076923076923,0.9,0.9145299145299145,
OV10,elev_step,det,win5,clo_+0.1,0.6153846153846154,1.0,0.9230769230769231,
OV10,elev_step,det,win10,clo_+0.1,0.6923076923076923,1.0,0.9230769230769231,
OV10,elev_step,det,whole,noop,,,,0.18181818181818182
OV10,elev_step,det,win5,noop,,,,0.18181818181818182
OV10,elev_step,det,win10,noop,,,,0.22727272727272727
OV10,elev_step,sig,whole,inertia_x1.6,0.18181818181818182,1.0,,
OV10,elev_step,sig,win5,inertia_x1.6,0.22727272727272727,1.0,,
OV10,elev_step,sig,win10,inertia_x1.6,0.22727272727272727,1.0,,
OV10,elev_step,sig,whole,cmq_x0.5,0.9230769230769231,0.631578947368421,0.6495726495726497,
OV10,elev_step,sig,win5,cmq_x0.5,1.0,0.6190476190476191,0.3931623931623932,
OV10,elev_step,sig,win10,cmq_x0.5,0.6923076923076923,0.5294117647058824,0.4444444444444445,
OV10,elev_step,sig,whole,cmalpha_x0.7,0.3076923076923077,0.5,0.4358974358974359,
OV10,elev_step,sig,win5,cmalpha_x0.7,0.38461538461538464,0.5555555555555556,0.4188034188034188,
OV10,elev_step,sig,win10,cmalpha_x0.7,0.3076923076923077,0.5714285714285714,0.35042735042735046,
OV10,elev_step,sig,whole,clo_+0.1,0.07692307692307693,0.3333333333333333,0.5299145299145299,
OV10,elev_step,sig,win5,clo_+0.1,0.23076923076923078,1.0,0.8376068376068376,
OV10,elev_step,sig,win10,clo_+0.1,0.07692307692307693,1.0,0.6495726495726495,
OV10,elev_step,sig,whole,noop,,,,0.0
OV10,elev_step,sig,win5,noop,,,,0.09090909090909091
OV10,elev_step,sig,win10,noop,,,,0.09090909090909091
OV10,aileron_step,det,whole,inertia_x1.6,0.3181818181818182,1.0,,
OV10,aileron_step,det,win5,inertia_x1.6,0.45454545454545453,1.0,,
OV10,aileron_step,det,win10,inertia_x1.6,0.4090909090909091,1.0,,
OV10,aileron_step,det,whole,cmq_x0.5,0.9230769230769231,0.75,0.9230769230769231,
OV10,aileron_step,det,win5,cmq_x0.5,0.9230769230769231,0.75,0.9316239316239316,
OV10,aileron_step,det,win10,cmq_x0.5,0.9230769230769231,0.75,0.9230769230769231,
OV10,aileron_step,det,whole,cmalpha_x0.7,0.6153846153846154,0.5714285714285714,0.7521367521367522,
OV10,aileron_step,det,win5,cmalpha_x0.7,0.5384615384615384,0.7,0.7948717948717949,
OV10,aileron_step,det,win10,cmalpha_x0.7,0.6153846153846154,0.6153846153846154,0.8205128205128205,
OV10,aileron_step,det,whole,clo_+0.1,1.0,0.6190476190476191,0.9059829059829061,
OV10,aileron_step,det,win5,clo_+0.1,1.0,0.6190476190476191,0.8547008547008548,
OV10,aileron_step,det,win10,clo_+0.1,1.0,0.6190476190476191,0.8547008547008548,
OV10,aileron_step,det,whole,noop,,,,0.7272727272727273
OV10,aileron_step,det,win5,noop,,,,0.6363636363636364
OV10,aileron_step,det,win10,noop,,,,0.7727272727272727
OV10,aileron_step,sig,whole,inertia_x1.6,0.18181818181818182,1.0,,
OV10,aileron_step,sig,win5,inertia_x1.6,0.36363636363636365,1.0,,
OV10,aileron_step,sig,win10,inertia_x1.6,0.3181818181818182,1.0,,
OV10,aileron_step,sig,whole,cmq_x0.5,0.9230769230769231,0.7058823529411765,0.7606837606837609,
OV10,aileron_step,sig,win5,cmq_x0.5,0.7692307692307693,0.5555555555555556,0.6324786324786325,
OV10,aileron_step,sig,win10,cmq_x0.5,0.8461538461538461,0.6875,0.6410256410256411,
OV10,aileron_step,sig,whole,cmalpha_x0.7,0.23076923076923078,0.42857142857142855,0.3162393162393163,
OV10,aileron_step,sig,win5,cmalpha_x0.7,0.15384615384615385,0.3333333333333333,0.3504273504273505,
OV10,aileron_step,sig,win10,cmalpha_x0.7,0.23076923076923078,0.42857142857142855,0.37606837606837606,
OV10,aileron_step,sig,whole,clo_+0.1,0.6923076923076923,0.5625,0.5299145299145299,
OV10,aileron_step,sig,win5,clo_+0.1,0.6153846153846154,0.5333333333333333,0.5128205128205129,
OV10,aileron_step,sig,win10,clo_+0.1,0.5384615384615384,0.5833333333333334,0.6068376068376069,
OV10,aileron_step,sig,whole,noop,,,,0.13636363636363635
OV10,aileron_step,sig,win5,noop,,,,0.2727272727272727
OV10,aileron_step,sig,win10,noop,,,,0.22727272727272727
OV10,rudder_doublet,det,whole,inertia_x1.6,0.22727272727272727,1.0,,
OV10,rudder_doublet,det,win5,inertia_x1.6,0.22727272727272727,1.0,,
OV10,rudder_doublet,det,win10,inertia_x1.6,0.22727272727272727,1.0,,
OV10,rudder_doublet,det,whole,cmq_x0.5,0.0,,0.43589743589743596,
OV10,rudder_doublet,det,win5,cmq_x0.5,0.0,,0.47008547008547014,
OV10,rudder_doublet,det,win10,cmq_x0.5,0.0,,0.4615384615384616,
OV10,rudder_doublet,det,whole,cmalpha_x0.7,0.5384615384615384,1.0,0.6324786324786325,
OV10,rudder_doublet,det,win5,cmalpha_x0.7,0.5384615384615384,1.0,0.6923076923076923,
OV10,rudder_doublet,det,win10,cmalpha_x0.7,0.5384615384615384,1.0,0.6068376068376069,
OV10,rudder_doublet,det,whole,clo_+0.1,0.3076923076923077,1.0,0.6923076923076923,
OV10,rudder_doublet,det,win5,clo_+0.1,0.3076923076923077,1.0,0.6923076923076923,
OV10,rudder_doublet,det,win10,clo_+0.1,0.3076923076923077,1.0,0.6923076923076923,
OV10,rudder_doublet,det,whole,noop,,,,0.0
OV10,rudder_doublet,det,win5,noop,,,,0.0
OV10,rudder_doublet,det,win10,noop,,,,0.0
OV10,rudder_doublet,sig,whole,inertia_x1.6,0.09090909090909091,1.0,,
OV10,rudder_doublet,sig,win5,inertia_x1.6,0.0,,,
OV10,rudder_doublet,sig,win10,inertia_x1.6,0.09090909090909091,1.0,,
OV10,rudder_doublet,sig,whole,cmq_x0.5,0.07692307692307693,1.0,0.3162393162393162,
OV10,rudder_doublet,sig,win5,cmq_x0.5,0.07692307692307693,1.0,0.29059829059829057,
OV10,rudder_doublet,sig,win10,cmq_x0.5,0.07692307692307693,1.0,0.2136752136752137,
OV10,rudder_doublet,sig,whole,cmalpha_x0.7,0.46153846153846156,0.6666666666666666,0.7863247863247863,
OV10,rudder_doublet,sig,win5,cmalpha_x0.7,0.46153846153846156,0.6666666666666666,0.5897435897435898,
OV10,rudder_doublet,sig,win10,cmalpha_x0.7,0.38461538461538464,0.7142857142857143,0.6581196581196581,
OV10,rudder_doublet,sig,whole,clo_+0.1,0.3076923076923077,0.4444444444444444,0.45299145299145294,
OV10,rudder_doublet,sig,win5,clo_+0.1,0.07692307692307693,0.25,0.28205128205128205,
OV10,rudder_doublet,sig,win10,clo_+0.1,0.07692307692307693,0.25,0.3162393162393162,
OV10,rudder_doublet,sig,whole,noop,,,,0.0
OV10,rudder_doublet,sig,win5,noop,,,,0.0
OV10,rudder_doublet,sig,win10,noop,,,,0.0
OV10,bank_hold,det,whole,inertia_x1.6,0.4090909090909091,1.0,,
OV10,bank_hold,det,win5,inertia_x1.6,0.3181818181818182,1.0,,
OV10,bank_hold,det,win10,inertia_x1.6,0.36363636363636365,1.0,,
OV10,bank_hold,det,whole,cmq_x0.5,1.0,0.7647058823529411,0.9145299145299145,
OV10,bank_hold,det,win5,cmq_x0.5,1.0,0.7222222222222222,0.9230769230769231,
OV10,bank_hold,det,win10,cmq_x0.5,1.0,0.7647058823529411,0.9145299145299146,
OV10,bank_hold,det,whole,cmalpha_x0.7,0.9230769230769231,0.7058823529411765,0.9316239316239316,
OV10,bank_hold,det,win5,cmalpha_x0.7,0.9230769230769231,0.7058823529411765,0.982905982905983,
OV10,bank_hold,det,win10,cmalpha_x0.7,0.9230769230769231,0.7058823529411765,0.982905982905983,
OV10,bank_hold,det,whole,clo_+0.1,0.46153846153846156,0.46153846153846156,0.47863247863247865,
OV10,bank_hold,det,win5,clo_+0.1,0.5384615384615384,0.5,0.4017094017094017,
OV10,bank_hold,det,win10,clo_+0.1,0.5384615384615384,0.5,0.43589743589743596,
OV10,bank_hold,det,whole,noop,,,,0.0
OV10,bank_hold,det,win5,noop,,,,0.045454545454545456
OV10,bank_hold,det,win10,noop,,,,0.0
OV10,bank_hold,sig,whole,inertia_x1.6,0.2727272727272727,1.0,,
OV10,bank_hold,sig,win5,inertia_x1.6,0.09090909090909091,1.0,,
OV10,bank_hold,sig,win10,inertia_x1.6,0.18181818181818182,1.0,,
OV10,bank_hold,sig,whole,cmq_x0.5,0.6153846153846154,0.47058823529411764,0.3162393162393163,
OV10,bank_hold,sig,win5,cmq_x0.5,0.6153846153846154,0.5,0.23076923076923078,
OV10,bank_hold,sig,win10,cmq_x0.5,0.6153846153846154,0.47058823529411764,0.3162393162393162,
OV10,bank_hold,sig,whole,cmalpha_x0.7,0.7692307692307693,0.625,0.5042735042735043,
OV10,bank_hold,sig,win5,cmalpha_x0.7,0.5384615384615384,0.5,0.5384615384615384,
OV10,bank_hold,sig,win10,cmalpha_x0.7,0.6923076923076923,0.5294117647058824,0.6068376068376069,
OV10,bank_hold,sig,whole,clo_+0.1,0.5384615384615384,0.4375,0.39316239316239315,
OV10,bank_hold,sig,win5,clo_+0.1,0.6153846153846154,0.5333333333333333,0.5299145299145299,
OV10,bank_hold,sig,win10,clo_+0.1,0.6923076923076923,0.5294117647058824,0.42735042735042744,
OV10,bank_hold,sig,whole,noop,,,,0.0
OV10,bank_hold,sig,win5,noop,,,,0.0
OV10,bank_hold,sig,win10,noop,,,,0.0
OV10,flap_extend,det,whole,inertia_x1.6,0.9090909090909091,1.0,,
OV10,flap_extend,det,win5,inertia_x1.6,0.9090909090909091,1.0,,
OV10,flap_extend,det,win10,inertia_x1.6,0.8636363636363636,1.0,,
OV10,flap_extend,det,whole,cmq_x0.5,1.0,0.5909090909090909,0.7606837606837606,
OV10,flap_extend,det,win5,cmq_x0.5,1.0,0.5909090909090909,0.6068376068376069,
OV10,flap_extend,det,win10,cmq_x0.5,1.0,0.5909090909090909,0.6068376068376069,
OV10,flap_extend,det,whole,cmalpha_x0.7,1.0,0.5909090909090909,0.5470085470085471,
OV10,flap_extend,det,win5,cmalpha_x0.7,1.0,0.5909090909090909,0.45299145299145305,
OV10,flap_extend,det,win10,cmalpha_x0.7,1.0,0.5909090909090909,0.5042735042735043,
OV10,flap_extend,det,whole,clo_+0.1,1.0,0.5909090909090909,0.46153846153846156,
OV10,flap_extend,det,win5,clo_+0.1,1.0,0.5909090909090909,0.37606837606837606,
OV10,flap_extend,det,win10,clo_+0.1,1.0,0.5909090909090909,0.4444444444444444,
OV10,flap_extend,det,whole,noop,,,,0.18181818181818182
OV10,flap_extend,det,win5,noop,,,,0.18181818181818182
OV10,flap_extend,det,win10,noop,,,,0.22727272727272727
OV10,flap_extend,sig,whole,inertia_x1.6,0.5909090909090909,1.0,,
OV10,flap_extend,sig,win5,inertia_x1.6,0.45454545454545453,1.0,,
OV10,flap_extend,sig,win10,inertia_x1.6,0.5,1.0,,
OV10,flap_extend,sig,whole,cmq_x0.5,1.0,0.5909090909090909,0.4017094017094017,
OV10,flap_extend,sig,win5,cmq_x0.5,0.8461538461538461,0.5789473684210527,0.5726495726495727,
OV10,flap_extend,sig,win10,cmq_x0.5,1.0,0.6190476190476191,0.46153846153846156,
OV10,flap_extend,sig,whole,cmalpha_x0.7,0.7692307692307693,0.6666666666666666,0.5982905982905984,
OV10,flap_extend,sig,win5,cmalpha_x0.7,0.38461538461538464,0.5,0.6068376068376069,
OV10,flap_extend,sig,win10,cmalpha_x0.7,0.6923076923076923,0.75,0.5726495726495726,
OV10,flap_extend,sig,whole,clo_+0.1,0.46153846153846156,0.5,0.452991452991453,
OV10,flap_extend,sig,win5,clo_+0.1,0.3076923076923077,0.5714285714285714,0.5128205128205129,
OV10,flap_extend,sig,win10,clo_+0.1,0.6923076923076923,0.6923076923076923,0.5555555555555556,
OV10,flap_extend,sig,whole,noop,,,,0.3181818181818182
OV10,flap_extend,sig,win5,noop,,,,0.3181818181818182
OV10,flap_extend,sig,win10,noop,,,,0.36363636363636365
OV10,engine_cut,det,whole,inertia_x1.6,0.5454545454545454,1.0,,
OV10,engine_cut,det,win5,inertia_x1.6,0.36363636363636365,1.0,,
OV10,engine_cut,det,win10,inertia_x1.6,0.4090909090909091,1.0,,
OV10,engine_cut,det,whole,cmq_x0.5,1.0,0.6842105263157895,0.8547008547008548,
OV10,engine_cut,det,win5,cmq_x0.5,0.9230769230769231,0.7058823529411765,0.8803418803418804,
OV10,engine_cut,det,win10,cmq_x0.5,0.9230769230769231,0.6666666666666666,0.8888888888888888,
OV10,engine_cut,det,whole,cmalpha_x0.7,0.7692307692307693,0.625,0.6752136752136753,
OV10,engine_cut,det,win5,cmalpha_x0.7,0.7692307692307693,0.625,0.6837606837606838,
OV10,engine_cut,det,win10,cmalpha_x0.7,0.7692307692307693,0.625,0.6923076923076923,
OV10,engine_cut,det,whole,clo_+0.1,0.7692307692307693,0.5263157894736842,0.6837606837606838,
OV10,engine_cut,det,win5,clo_+0.1,0.7692307692307693,0.5882352941176471,0.7179487179487181,
OV10,engine_cut,det,win10,clo_+0.1,0.7692307692307693,0.5882352941176471,0.6923076923076924,
OV10,engine_cut,det,whole,noop,,,,0.0
OV10,engine_cut,det,win5,noop,,,,0.0
OV10,engine_cut,det,win10,noop,,,,0.0
OV10,engine_cut,sig,whole,inertia_x1.6,0.09090909090909091,1.0,,
OV10,engine_cut,sig,win5,inertia_x1.6,0.2727272727272727,1.0,,
OV10,engine_cut,sig,win10,inertia_x1.6,0.3181818181818182,1.0,,
OV10,engine_cut,sig,whole,cmq_x0.5,0.8461538461538461,0.5789473684210527,0.47863247863247865,
OV10,engine_cut,sig,win5,cmq_x0.5,0.6923076923076923,0.5625,0.47008547008547014,
OV10,engine_cut,sig,win10,cmq_x0.5,0.8461538461538461,0.5789473684210527,0.45299145299145305,
OV10,engine_cut,sig,whole,cmalpha_x0.7,0.6153846153846154,0.6666666666666666,0.6495726495726496,
OV10,engine_cut,sig,win5,cmalpha_x0.7,0.7692307692307693,0.5882352941176471,0.7350427350427351,
OV10,engine_cut,sig,win10,cmalpha_x0.7,0.9230769230769231,0.6666666666666666,0.7948717948717949,
OV10,engine_cut,sig,whole,clo_+0.1,0.23076923076923078,0.42857142857142855,0.4102564102564103,
OV10,engine_cut,sig,win5,clo_+0.1,0.38461538461538464,0.625,0.5641025641025641,
OV10,engine_cut,sig,win10,clo_+0.1,0.23076923076923078,0.375,0.6410256410256411,
OV10,engine_cut,sig,whole,noop,,,,0.045454545454545456
OV10,engine_cut,sig,win5,noop,,,,0.0
OV10,engine_cut,sig,win10,noop,,,,0.045454545454545456
OV10,elev_doublet_distractor,det,whole,inertia_x1.6,0.13636363636363635,1.0,,
OV10,elev_doublet_distractor,det,win5,inertia_x1.6,0.22727272727272727,1.0,,
OV10,elev_doublet_distractor,det,win10,inertia_x1.6,0.22727272727272727,1.0,,
OV10,elev_doublet_distractor,det,whole,cmq_x0.5,0.38461538461538464,1.0,0.38461538461538464,
OV10,elev_doublet_distractor,det,win5,cmq_x0.5,0.38461538461538464,1.0,0.38461538461538464,
OV10,elev_doublet_distractor,det,win10,cmq_x0.5,0.38461538461538464,1.0,0.4444444444444444,
OV10,elev_doublet_distractor,det,whole,cmalpha_x0.7,0.23076923076923078,0.5,0.6923076923076924,
OV10,elev_doublet_distractor,det,win5,cmalpha_x0.7,0.23076923076923078,0.75,0.6153846153846154,
OV10,elev_doublet_distractor,det,win10,cmalpha_x0.7,0.23076923076923078,0.6,0.700854700854701,
OV10,elev_doublet_distractor,det,whole,clo_+0.1,0.46153846153846156,0.75,0.5042735042735043,
OV10,elev_doublet_distractor,det,win5,clo_+0.1,0.5384615384615384,0.7777777777777778,0.5726495726495726,
OV10,elev_doublet_distractor,det,win10,clo_+0.1,0.5384615384615384,0.875,0.6324786324786326,
OV10,elev_doublet_distractor,det,whole,noop,,,,0.0
OV10,elev_doublet_distractor,det,win5,noop,,,,0.0
OV10,elev_doublet_distractor,det,win10,noop,,,,0.0
OV10,elev_doublet_distractor,sig,whole,inertia_x1.6,0.045454545454545456,1.0,,
OV10,elev_doublet_distractor,sig,win5,inertia_x1.6,0.045454545454545456,1.0,,
OV10,elev_doublet_distractor,sig,win10,inertia_x1.6,0.045454545454545456,1.0,,
OV10,elev_doublet_distractor,sig,whole,cmq_x0.5,0.0,,0.3076923076923077,
OV10,elev_doublet_distractor,sig,win5,cmq_x0.5,0.0,,0.41025641025641035,
OV10,elev_doublet_distractor,sig,win10,cmq_x0.5,0.0,,0.46153846153846156,
OV10,elev_doublet_distractor,sig,whole,cmalpha_x0.7,0.38461538461538464,0.625,0.6068376068376068,
OV10,elev_doublet_distractor,sig,win5,cmalpha_x0.7,0.07692307692307693,1.0,0.4700854700854701,
OV10,elev_doublet_distractor,sig,win10,cmalpha_x0.7,0.0,,0.5555555555555556,
OV10,elev_doublet_distractor,sig,whole,clo_+0.1,0.07692307692307693,0.3333333333333333,0.6153846153846154,
OV10,elev_doublet_distractor,sig,win5,clo_+0.1,0.07692307692307693,1.0,0.5470085470085471,
OV10,elev_doublet_distractor,sig,win10,clo_+0.1,0.0,,0.641025641025641,
OV10,elev_doublet_distractor,sig,whole,noop,,,,0.0
OV10,elev_doublet_distractor,sig,win5,noop,,,,0.0
OV10,elev_doublet_distractor,sig,win10,noop,,,,0.0
Short_S23,cruise,det,whole,inertia_x1.6,0.0,,,
Short_S23,cruise,det,win5,inertia_x1.6,0.0,,,
Short_S23,cruise,det,win10,inertia_x1.6,0.0,,,
Short_S23,cruise,det,whole,noop,,,,0.0
Short_S23,cruise,det,win5,noop,,,,0.0
Short_S23,cruise,det,win10,noop,,,,0.0
Short_S23,cruise,sig,whole,inertia_x1.6,0.0,,,
Short_S23,cruise,sig,win5,inertia_x1.6,0.0,,,
Short_S23,cruise,sig,win10,inertia_x1.6,0.0,,,
Short_S23,cruise,sig,whole,noop,,,,0.0
Short_S23,cruise,sig,win5,noop,,,,0.0
Short_S23,cruise,sig,win10,noop,,,,0.0
Short_S23,throttle_step,det,whole,inertia_x1.6,0.18181818181818182,1.0,,
Short_S23,throttle_step,det,win5,inertia_x1.6,0.18181818181818182,1.0,,
Short_S23,throttle_step,det,win10,inertia_x1.6,0.18181818181818182,1.0,,
Short_S23,throttle_step,det,whole,noop,,,,0.22727272727272727
Short_S23,throttle_step,det,win5,noop,,,,0.22727272727272727
Short_S23,throttle_step,det,win10,noop,,,,0.22727272727272727
Short_S23,throttle_step,sig,whole,inertia_x1.6,0.36363636363636365,1.0,,
Short_S23,throttle_step,sig,win5,inertia_x1.6,0.13636363636363635,1.0,,
Short_S23,throttle_step,sig,win10,inertia_x1.6,0.18181818181818182,1.0,,
Short_S23,throttle_step,sig,whole,noop,,,,0.13636363636363635
Short_S23,throttle_step,sig,win5,noop,,,,0.045454545454545456
Short_S23,throttle_step,sig,win10,noop,,,,0.09090909090909091
Short_S23,elev_doublet,det,whole,inertia_x1.6,0.3181818181818182,1.0,,
Short_S23,elev_doublet,det,win5,inertia_x1.6,0.22727272727272727,1.0,,
Short_S23,elev_doublet,det,win10,inertia_x1.6,0.22727272727272727,1.0,,
Short_S23,elev_doublet,det,whole,noop,,,,0.22727272727272727
Short_S23,elev_doublet,det,win5,noop,,,,0.18181818181818182
Short_S23,elev_doublet,det,win10,noop,,,,0.13636363636363635
Short_S23,elev_doublet,sig,whole,inertia_x1.6,0.09090909090909091,1.0,,
Short_S23,elev_doublet,sig,win5,inertia_x1.6,0.13636363636363635,1.0,,
Short_S23,elev_doublet,sig,win10,inertia_x1.6,0.0,,,
Short_S23,elev_doublet,sig,whole,noop,,,,0.0
Short_S23,elev_doublet,sig,win5,noop,,,,0.0
Short_S23,elev_doublet,sig,win10,noop,,,,0.0
Short_S23,elev_step,det,whole,inertia_x1.6,0.13636363636363635,1.0,,
Short_S23,elev_step,det,win5,inertia_x1.6,0.09090909090909091,1.0,,
Short_S23,elev_step,det,win10,inertia_x1.6,0.13636363636363635,1.0,,
Short_S23,elev_step,det,whole,noop,,,,0.0
Short_S23,elev_step,det,win5,noop,,,,0.0
Short_S23,elev_step,det,win10,noop,,,,0.0
Short_S23,elev_step,sig,whole,inertia_x1.6,0.13636363636363635,1.0,,
Short_S23,elev_step,sig,win5,inertia_x1.6,0.13636363636363635,1.0,,
Short_S23,elev_step,sig,win10,inertia_x1.6,0.13636363636363635,1.0,,
Short_S23,elev_step,sig,whole,noop,,,,0.0
Short_S23,elev_step,sig,win5,noop,,,,0.0
Short_S23,elev_step,sig,win10,noop,,,,0.0
Short_S23,aileron_step,det,whole,inertia_x1.6,0.0,,,
Short_S23,aileron_step,det,win5,inertia_x1.6,0.0,,,
Short_S23,aileron_step,det,win10,inertia_x1.6,0.0,,,
Short_S23,aileron_step,det,whole,noop,,,,0.0
Short_S23,aileron_step,det,win5,noop,,,,0.0
Short_S23,aileron_step,det,win10,noop,,,,0.0
Short_S23,aileron_step,sig,whole,inertia_x1.6,0.045454545454545456,1.0,,
Short_S23,aileron_step,sig,win5,inertia_x1.6,0.0,,,
Short_S23,aileron_step,sig,win10,inertia_x1.6,0.09090909090909091,1.0,,
Short_S23,aileron_step,sig,whole,noop,,,,0.045454545454545456
Short_S23,aileron_step,sig,win5,noop,,,,0.045454545454545456
Short_S23,aileron_step,sig,win10,noop,,,,0.09090909090909091
Short_S23,rudder_doublet,det,whole,inertia_x1.6,0.0,,,
Short_S23,rudder_doublet,det,win5,inertia_x1.6,0.0,,,
Short_S23,rudder_doublet,det,win10,inertia_x1.6,0.0,,,
Short_S23,rudder_doublet,det,whole,noop,,,,0.0
Short_S23,rudder_doublet,det,win5,noop,,,,0.0
Short_S23,rudder_doublet,det,win10,noop,,,,0.0
Short_S23,rudder_doublet,sig,whole,inertia_x1.6,0.0,,,
Short_S23,rudder_doublet,sig,win5,inertia_x1.6,0.0,,,
Short_S23,rudder_doublet,sig,win10,inertia_x1.6,0.0,,,
Short_S23,rudder_doublet,sig,whole,noop,,,,0.0
Short_S23,rudder_doublet,sig,win5,noop,,,,0.0
Short_S23,rudder_doublet,sig,win10,noop,,,,0.0
Short_S23,bank_hold,det,whole,inertia_x1.6,0.22727272727272727,1.0,,
Short_S23,bank_hold,det,win5,inertia_x1.6,0.2727272727272727,1.0,,
Short_S23,bank_hold,det,win10,inertia_x1.6,0.3181818181818182,1.0,,
Short_S23,bank_hold,det,whole,noop,,,,0.13636363636363635
Short_S23,bank_hold,det,win5,noop,,,,0.09090909090909091
Short_S23,bank_hold,det,win10,noop,,,,0.09090909090909091
Short_S23,bank_hold,sig,whole,inertia_x1.6,0.4090909090909091,1.0,,
Short_S23,bank_hold,sig,win5,inertia_x1.6,0.36363636363636365,1.0,,
Short_S23,bank_hold,sig,win10,inertia_x1.6,0.2727272727272727,1.0,,
Short_S23,bank_hold,sig,whole,noop,,,,0.18181818181818182
Short_S23,bank_hold,sig,win5,noop,,,,0.13636363636363635
Short_S23,bank_hold,sig,win10,noop,,,,0.09090909090909091
Short_S23,flap_extend,det,whole,inertia_x1.6,0.0,,,
Short_S23,flap_extend,det,win5,inertia_x1.6,0.0,,,
Short_S23,flap_extend,det,win10,inertia_x1.6,0.0,,,
Short_S23,flap_extend,det,whole,noop,,,,0.0
Short_S23,flap_extend,det,win5,noop,,,,0.0
Short_S23,flap_extend,det,win10,noop,,,,0.0
Short_S23,flap_extend,sig,whole,inertia_x1.6,0.0,,,
Short_S23,flap_extend,sig,win5,inertia_x1.6,0.0,,,
Short_S23,flap_extend,sig,win10,inertia_x1.6,0.0,,,
Short_S23,flap_extend,sig,whole,noop,,,,0.0
Short_S23,flap_extend,sig,win5,noop,,,,0.0
Short_S23,flap_extend,sig,win10,noop,,,,0.0
Short_S23,engine_cut,det,whole,inertia_x1.6,0.0,,,
Short_S23,engine_cut,det,win5,inertia_x1.6,0.0,,,
Short_S23,engine_cut,det,win10,inertia_x1.6,0.0,,,
Short_S23,engine_cut,det,whole,noop,,,,0.0
Short_S23,engine_cut,det,win5,noop,,,,0.0
Short_S23,engine_cut,det,win10,noop,,,,0.0
Short_S23,engine_cut,sig,whole,inertia_x1.6,0.045454545454545456,1.0,,
Short_S23,engine_cut,sig,win5,inertia_x1.6,0.13636363636363635,1.0,,
Short_S23,engine_cut,sig,win10,inertia_x1.6,0.045454545454545456,1.0,,
Short_S23,engine_cut,sig,whole,noop,,,,0.045454545454545456
Short_S23,engine_cut,sig,win5,noop,,,,0.045454545454545456
Short_S23,engine_cut,sig,win10,noop,,,,0.0
Short_S23,climbing_turn,det,whole,inertia_x1.6,0.0,,,
Short_S23,climbing_turn,det,win5,inertia_x1.6,0.0,,,
Short_S23,climbing_turn,det,win10,inertia_x1.6,0.0,,,
Short_S23,climbing_turn,det,whole,noop,,,,0.0
Short_S23,climbing_turn,det,win5,noop,,,,0.0
Short_S23,climbing_turn,det,win10,noop,,,,0.0
Short_S23,climbing_turn,sig,whole,inertia_x1.6,0.09090909090909091,1.0,,
Short_S23,climbing_turn,sig,win5,inertia_x1.6,0.09090909090909091,1.0,,
Short_S23,climbing_turn,sig,win10,inertia_x1.6,0.045454545454545456,1.0,,
Short_S23,climbing_turn,sig,whole,noop,,,,0.045454545454545456
Short_S23,climbing_turn,sig,win5,noop,,,,0.045454545454545456
Short_S23,climbing_turn,sig,win10,noop,,,,0.045454545454545456
Short_S23,elev_doublet_distractor,det,whole,inertia_x1.6,0.0,,,
Short_S23,elev_doublet_distractor,det,win5,inertia_x1.6,0.0,,,
Short_S23,elev_doublet_distractor,det,win10,inertia_x1.6,0.0,,,
Short_S23,elev_doublet_distractor,det,whole,noop,,,,0.0
Short_S23,elev_doublet_distractor,det,win5,noop,,,,0.0
Short_S23,elev_doublet_distractor,det,win10,noop,,,,0.0
Short_S23,elev_doublet_distractor,sig,whole,inertia_x1.6,0.045454545454545456,1.0,,
Short_S23,elev_doublet_distractor,sig,win5,inertia_x1.6,0.045454545454545456,1.0,,
Short_S23,elev_doublet_distractor,sig,win10,inertia_x1.6,0.045454545454545456,1.0,,
Short_S23,elev_doublet_distractor,sig,whole,noop,,,,0.045454545454545456
Short_S23,elev_doublet_distractor,sig,win5,noop,,,,0.045454545454545456
Short_S23,elev_doublet_distractor,sig,win10,noop,,,,0.045454545454545456
Short_S23,engine_stop,det,whole,inertia_x1.6,0.09090909090909091,1.0,,
Short_S23,engine_stop,det,win5,inertia_x1.6,0.09090909090909091,1.0,,
Short_S23,engine_stop,det,win10,inertia_x1.6,0.13636363636363635,1.0,,
Short_S23,engine_stop,det,whole,noop,,,,0.0
Short_S23,engine_stop,det,win5,noop,,,,0.0
Short_S23,engine_stop,det,win10,noop,,,,0.0
Short_S23,engine_stop,sig,whole,inertia_x1.6,0.0,,,
Short_S23,engine_stop,sig,win5,inertia_x1.6,0.13636363636363635,1.0,,
Short_S23,engine_stop,sig,win10,inertia_x1.6,0.09090909090909091,1.0,,
Short_S23,engine_stop,sig,whole,noop,,,,0.0
Short_S23,engine_stop,sig,win5,noop,,,,0.045454545454545456
Short_S23,engine_stop,sig,win10,noop,,,,0.0
T37,cruise,det,whole,inertia_x1.6,0.45454545454545453,1.0,,
T37,cruise,det,win5,inertia_x1.6,0.5,1.0,,
T37,cruise,det,win10,inertia_x1.6,0.5,1.0,,
T37,cruise,det,whole,cmq_x0.5,0.23076923076923078,1.0,0.2307692307692308,
T37,cruise,det,win5,cmq_x0.5,0.3076923076923077,0.8,0.35897435897435903,
T37,cruise,det,win10,cmq_x0.5,0.23076923076923078,1.0,0.2991452991452992,
T37,cruise,det,whole,cmalpha_x0.7,0.5384615384615384,0.6363636363636364,0.5811965811965811,
T37,cruise,det,win5,cmalpha_x0.7,0.6923076923076923,0.6,0.5726495726495726,
T37,cruise,det,win10,cmalpha_x0.7,0.6923076923076923,0.6,0.5555555555555556,
T37,cruise,det,whole,clo_+0.1,0.7692307692307693,0.625,0.5470085470085471,
T37,cruise,det,win5,clo_+0.1,0.8461538461538461,0.6111111111111112,0.5384615384615384,
T37,cruise,det,win10,clo_+0.1,0.7692307692307693,0.5882352941176471,0.5384615384615384,
T37,cruise,det,whole,noop,,,,0.045454545454545456
T37,cruise,det,win5,noop,,,,0.0
T37,cruise,det,win10,noop,,,,0.0
T37,cruise,sig,whole,inertia_x1.6,0.09090909090909091,1.0,,
T37,cruise,sig,win5,inertia_x1.6,0.09090909090909091,1.0,,
T37,cruise,sig,win10,inertia_x1.6,0.09090909090909091,1.0,,
T37,cruise,sig,whole,cmq_x0.5,0.15384615384615385,1.0,0.6495726495726497,
T37,cruise,sig,win5,cmq_x0.5,0.07692307692307693,0.5,0.5854700854700855,
T37,cruise,sig,win10,cmq_x0.5,0.15384615384615385,1.0,0.5854700854700856,
T37,cruise,sig,whole,cmalpha_x0.7,0.6923076923076923,0.5625,0.6410256410256411,
T37,cruise,sig,win5,cmalpha_x0.7,0.3076923076923077,0.4,0.6153846153846154,
T37,cruise,sig,win10,cmalpha_x0.7,0.38461538461538464,0.5,0.6153846153846154,
T37,cruise,sig,whole,clo_+0.1,0.3076923076923077,0.36363636363636365,0.3247863247863248,
T37,cruise,sig,win5,clo_+0.1,0.3076923076923077,0.4444444444444444,0.3547008547008547,
T37,cruise,sig,win10,clo_+0.1,0.3076923076923077,0.4444444444444444,0.38888888888888895,
T37,cruise,sig,whole,noop,,,,0.045454545454545456
T37,cruise,sig,win5,noop,,,,0.0
T37,cruise,sig,win10,noop,,,,0.0
T37,throttle_step,det,whole,inertia_x1.6,0.3181818181818182,1.0,,
T37,throttle_step,det,win5,inertia_x1.6,0.3181818181818182,1.0,,
T37,throttle_step,det,win10,inertia_x1.6,0.3181818181818182,1.0,,
T37,throttle_step,det,whole,cmq_x0.5,0.8461538461538461,0.9166666666666666,1.0,
T37,throttle_step,det,win5,cmq_x0.5,0.9230769230769231,0.75,1.0,
T37,throttle_step,det,win10,cmq_x0.5,0.9230769230769231,0.8571428571428571,1.0,
T37,throttle_step,det,whole,cmalpha_x0.7,0.3076923076923077,0.5,0.5982905982905983,
T37,throttle_step,det,win5,cmalpha_x0.7,0.23076923076923078,0.375,0.5811965811965811,
T37,throttle_step,det,win10,cmalpha_x0.7,0.23076923076923078,0.5,0.5811965811965811,
T37,throttle_step,det,whole,clo_+0.1,1.0,0.5909090909090909,0.7435897435897436,
T37,throttle_step,det,win5,clo_+0.1,1.0,0.5909090909090909,0.7521367521367521,
T37,throttle_step,det,win10,clo_+0.1,1.0,0.5909090909090909,0.7264957264957266,
T37,throttle_step,det,whole,noop,,,,0.0
T37,throttle_step,det,win5,noop,,,,0.0
T37,throttle_step,det,win10,noop,,,,0.0
T37,throttle_step,sig,whole,inertia_x1.6,0.045454545454545456,1.0,,
T37,throttle_step,sig,win5,inertia_x1.6,0.13636363636363635,1.0,,
T37,throttle_step,sig,win10,inertia_x1.6,0.09090909090909091,1.0,,
T37,throttle_step,sig,whole,cmq_x0.5,0.7692307692307693,0.8333333333333334,0.829059829059829,
T37,throttle_step,sig,win5,cmq_x0.5,0.8461538461538461,0.7333333333333333,0.6666666666666667,
T37,throttle_step,sig,win10,cmq_x0.5,0.7692307692307693,0.7142857142857143,0.7606837606837609,
T37,throttle_step,sig,whole,cmalpha_x0.7,0.15384615384615385,0.5,0.41880341880341876,
T37,throttle_step,sig,win5,cmalpha_x0.7,0.15384615384615385,0.5,0.6923076923076924,
T37,throttle_step,sig,win10,cmalpha_x0.7,0.15384615384615385,0.6666666666666666,0.7008547008547009,
T37,throttle_step,sig,whole,clo_+0.1,0.8461538461538461,0.55,0.5299145299145299,
T37,throttle_step,sig,win5,clo_+0.1,1.0,0.5909090909090909,0.23076923076923078,
T37,throttle_step,sig,win10,clo_+0.1,0.8461538461538461,0.55,0.33333333333333337,
T37,throttle_step,sig,whole,noop,,,,0.09090909090909091
T37,throttle_step,sig,win5,noop,,,,0.0
T37,throttle_step,sig,win10,noop,,,,0.0
T37,elev_doublet,det,whole,inertia_x1.6,0.4090909090909091,1.0,,
T37,elev_doublet,det,win5,inertia_x1.6,0.5454545454545454,1.0,,
T37,elev_doublet,det,win10,inertia_x1.6,0.5,1.0,,
T37,elev_doublet,det,whole,cmq_x0.5,0.5384615384615384,0.5,0.8034188034188036,
T37,elev_doublet,det,win5,cmq_x0.5,0.5384615384615384,0.4666666666666667,0.8376068376068377,
T37,elev_doublet,det,win10,cmq_x0.5,0.5384615384615384,0.5,0.8376068376068376,
T37,elev_doublet,det,whole,cmalpha_x0.7,0.6923076923076923,0.6428571428571429,0.5042735042735044,
T37,elev_doublet,det,win5,cmalpha_x0.7,0.7692307692307693,0.625,0.47008547008547014,
T37,elev_doublet,det,win10,cmalpha_x0.7,0.7692307692307693,0.6666666666666666,0.47008547008547014,
T37,elev_doublet,det,whole,clo_+0.1,1.0,0.6190476190476191,0.6068376068376069,
T37,elev_doublet,det,win5,clo_+0.1,1.0,0.6190476190476191,0.6324786324786325,
T37,elev_doublet,det,win10,clo_+0.1,1.0,0.65,0.6324786324786325,
T37,elev_doublet,det,whole,noop,,,,0.13636363636363635
T37,elev_doublet,det,win5,noop,,,,0.13636363636363635
T37,elev_doublet,det,win10,noop,,,,0.09090909090909091
T37,elev_doublet,sig,whole,inertia_x1.6,0.13636363636363635,1.0,,
T37,elev_doublet,sig,win5,inertia_x1.6,0.18181818181818182,1.0,,
T37,elev_doublet,sig,win10,inertia_x1.6,0.13636363636363635,1.0,,
T37,elev_doublet,sig,whole,cmq_x0.5,0.07692307692307693,1.0,0.5470085470085471,
T37,elev_doublet,sig,win5,cmq_x0.5,0.0,0.0,0.20512820512820515,
T37,elev_doublet,sig,win10,cmq_x0.5,0.15384615384615385,0.6666666666666666,0.5299145299145299,
T37,elev_doublet,sig,whole,cmalpha_x0.7,0.07692307692307693,0.3333333333333333,0.7521367521367521,
T37,elev_doublet,sig,win5,cmalpha_x0.7,0.07692307692307693,0.5,0.46153846153846156,
T37,elev_doublet,sig,win10,cmalpha_x0.7,0.07692307692307693,0.5,0.5299145299145299,
T37,elev_doublet,sig,whole,clo_+0.1,0.3076923076923077,0.4444444444444444,0.4786324786324787,
T37,elev_doublet,sig,win5,clo_+0.1,0.23076923076923078,0.6,0.46153846153846156,
T37,elev_doublet,sig,win10,clo_+0.1,0.23076923076923078,0.6,0.5384615384615385,
T37,elev_doublet,sig,whole,noop,,,,0.0
T37,elev_doublet,sig,win5,noop,,,,0.09090909090909091
T37,elev_doublet,sig,win10,noop,,,,0.0
T37,elev_step,det,whole,inertia_x1.6,0.13636363636363635,1.0,,
T37,elev_step,det,win5,inertia_x1.6,0.22727272727272727,1.0,,
T37,elev_step,det,win10,inertia_x1.6,0.18181818181818182,1.0,,
T37,elev_step,det,whole,cmq_x0.5,0.7692307692307693,0.5882352941176471,0.7777777777777778,
T37,elev_step,det,win5,cmq_x0.5,0.7692307692307693,0.5555555555555556,0.9316239316239316,
T37,elev_step,det,win10,cmq_x0.5,0.7692307692307693,0.5555555555555556,0.9230769230769231,
T37,elev_step,det,whole,cmalpha_x0.7,0.9230769230769231,0.6,0.8632478632478633,
T37,elev_step,det,win5,cmalpha_x0.7,0.9230769230769231,0.5714285714285714,0.8803418803418805,
T37,elev_step,det,win10,cmalpha_x0.7,0.9230769230769231,0.5714285714285714,0.8803418803418805,
T37,elev_step,det,whole,clo_+0.1,0.8461538461538461,0.6470588235294118,0.6752136752136751,
T37,elev_step,det,win5,clo_+0.1,0.8461538461538461,0.6111111111111112,0.6752136752136751,
T37,elev_step,det,win10,clo_+0.1,0.8461538461538461,0.6111111111111112,0.6752136752136751,
T37,elev_step,det,whole,noop,,,,0.045454545454545456
T37,elev_step,det,win5,noop,,,,0.045454545454545456
T37,elev_step,det,win10,noop,,,,0.045454545454545456
T37,elev_step,sig,whole,inertia_x1.6,0.18181818181818182,1.0,,
T37,elev_step,sig,win5,inertia_x1.6,0.2727272727272727,1.0,,
T37,elev_step,sig,win10,inertia_x1.6,0.2727272727272727,1.0,,
T37,elev_step,sig,whole,cmq_x0.5,0.6153846153846154,0.5714285714285714,0.5299145299145299,
T37,elev_step,sig,win5,cmq_x0.5,0.7692307692307693,0.625,0.35897435897435903,
T37,elev_step,sig,win10,cmq_x0.5,0.6153846153846154,0.5,0.4017094017094017,
T37,elev_step,sig,whole,cmalpha_x0.7,0.46153846153846156,0.6666666666666666,0.7521367521367522,
T37,elev_step,sig,win5,cmalpha_x0.7,0.5384615384615384,0.5833333333333334,0.4871794871794872,
T37,elev_step,sig,win10,cmalpha_x0.7,0.46153846153846156,0.5454545454545454,0.4871794871794872,
T37,elev_step,sig,whole,clo_+0.1,0.6153846153846154,0.5,0.35897435897435903,
T37,elev_step,sig,win5,clo_+0.1,0.7692307692307693,0.5555555555555556,0.2905982905982907,
T37,elev_step,sig,win10,clo_+0.1,0.6153846153846154,0.5,0.45299145299145305,
T37,elev_step,sig,whole,noop,,,,0.13636363636363635
T37,elev_step,sig,win5,noop,,,,0.22727272727272727
T37,elev_step,sig,win10,noop,,,,0.22727272727272727
T37,aileron_step,det,whole,inertia_x1.6,0.5454545454545454,1.0,,
T37,aileron_step,det,win5,inertia_x1.6,0.5454545454545454,1.0,,
T37,aileron_step,det,win10,inertia_x1.6,0.5909090909090909,1.0,,
T37,aileron_step,det,whole,cmq_x0.5,0.8461538461538461,0.8461538461538461,0.7863247863247863,
T37,aileron_step,det,win5,cmq_x0.5,0.8461538461538461,0.7857142857142857,0.811965811965812,
T37,aileron_step,det,win10,cmq_x0.5,0.8461538461538461,0.8461538461538461,0.8034188034188035,
T37,aileron_step,det,whole,cmalpha_x0.7,0.9230769230769231,0.8,0.8888888888888888,
T37,aileron_step,det,win5,cmalpha_x0.7,0.8461538461538461,0.7333333333333333,0.8717948717948718,
T37,aileron_step,det,win10,cmalpha_x0.7,0.8461538461538461,0.7333333333333333,0.8974358974358975,
T37,aileron_step,det,whole,clo_+0.1,0.6153846153846154,0.47058823529411764,0.6581196581196581,
T37,aileron_step,det,win5,clo_+0.1,0.6153846153846154,0.47058823529411764,0.6239316239316239,
T37,aileron_step,det,win10,clo_+0.1,0.5384615384615384,0.4375,0.641025641025641,
T37,aileron_step,det,whole,noop,,,,0.09090909090909091
T37,aileron_step,det,win5,noop,,,,0.13636363636363635
T37,aileron_step,det,win10,noop,,,,0.09090909090909091
T37,aileron_step,sig,whole,inertia_x1.6,0.18181818181818182,1.0,,
T37,aileron_step,sig,win5,inertia_x1.6,0.36363636363636365,1.0,,
T37,aileron_step,sig,win10,inertia_x1.6,0.3181818181818182,1.0,,
T37,aileron_step,sig,whole,cmq_x0.5,0.23076923076923078,0.375,0.6581196581196581,
T37,aileron_step,sig,win5,cmq_x0.5,0.23076923076923078,0.375,0.4871794871794872,
T37,aileron_step,sig,win10,cmq_x0.5,0.23076923076923078,0.375,0.5726495726495726,
T37,aileron_step,sig,whole,cmalpha_x0.7,0.46153846153846156,0.42857142857142855,0.8034188034188035,
T37,aileron_step,sig,win5,cmalpha_x0.7,0.38461538461538464,0.38461538461538464,0.5470085470085471,
T37,aileron_step,sig,win10,cmalpha_x0.7,0.38461538461538464,0.38461538461538464,0.6581196581196581,
T37,aileron_step,sig,whole,clo_+0.1,0.7692307692307693,0.5263157894736842,0.5299145299145299,
T37,aileron_step,sig,win5,clo_+0.1,0.7692307692307693,0.5263157894736842,0.6923076923076923,
T37,aileron_step,sig,win10,clo_+0.1,0.5384615384615384,0.4666666666666667,0.6837606837606838,
T37,aileron_step,sig,whole,noop,,,,0.0
T37,aileron_step,sig,win5,noop,,,,0.0
T37,aileron_step,sig,win10,noop,,,,0.0
T37,rudder_doublet,det,whole,inertia_x1.6,0.18181818181818182,1.0,,
T37,rudder_doublet,det,win5,inertia_x1.6,0.2727272727272727,1.0,,
T37,rudder_doublet,det,win10,inertia_x1.6,0.2727272727272727,1.0,,
T37,rudder_doublet,det,whole,cmq_x0.5,0.38461538461538464,0.8333333333333334,0.6666666666666667,
T37,rudder_doublet,det,win5,cmq_x0.5,0.38461538461538464,0.8333333333333334,0.7606837606837606,
T37,rudder_doublet,det,win10,cmq_x0.5,0.38461538461538464,0.8333333333333334,0.735042735042735,
T37,rudder_doublet,det,whole,cmalpha_x0.7,0.5384615384615384,1.0,0.8376068376068375,
T37,rudder_doublet,det,win5,cmalpha_x0.7,0.5384615384615384,1.0,0.9487179487179488,
T37,rudder_doublet,det,win10,cmalpha_x0.7,0.5384615384615384,1.0,0.9401709401709402,
T37,rudder_doublet,det,whole,clo_+0.1,0.8461538461538461,1.0,0.8974358974358975,
T37,rudder_doublet,det,win5,clo_+0.1,0.8461538461538461,1.0,0.982905982905983,
T37,rudder_doublet,det,win10,clo_+0.1,0.8461538461538461,1.0,0.9487179487179488,
T37,rudder_doublet,det,whole,noop,,,,0.045454545454545456
T37,rudder_doublet,det,win5,noop,,,,0.045454545454545456
T37,rudder_doublet,det,win10,noop,,,,0.09090909090909091
T37,rudder_doublet,sig,whole,inertia_x1.6,0.45454545454545453,1.0,,
T37,rudder_doublet,sig,win5,inertia_x1.6,0.6363636363636364,1.0,,
T37,rudder_doublet,sig,win10,inertia_x1.6,0.6818181818181818,1.0,,
T37,rudder_doublet,sig,whole,cmq_x0.5,0.46153846153846156,0.6666666666666666,0.5555555555555556,
T37,rudder_doublet,sig,win5,cmq_x0.5,0.38461538461538464,0.625,0.6068376068376069,
T37,rudder_doublet,sig,win10,cmq_x0.5,0.3076923076923077,0.5,0.5641025641025642,
T37,rudder_doublet,sig,whole,cmalpha_x0.7,0.7692307692307693,0.625,0.8803418803418803,
T37,rudder_doublet,sig,win5,cmalpha_x0.7,0.46153846153846156,0.6666666666666666,0.905982905982906,
T37,rudder_doublet,sig,win10,cmalpha_x0.7,0.7692307692307693,0.6666666666666666,0.8547008547008548,
T37,rudder_doublet,sig,whole,clo_+0.1,0.6923076923076923,0.5625,0.6068376068376068,
T37,rudder_doublet,sig,win5,clo_+0.1,0.6153846153846154,0.5333333333333333,0.49572649572649574,
T37,rudder_doublet,sig,win10,clo_+0.1,0.6923076923076923,0.5625,0.5982905982905984,
T37,rudder_doublet,sig,whole,noop,,,,0.13636363636363635
T37,rudder_doublet,sig,win5,noop,,,,0.18181818181818182
T37,rudder_doublet,sig,win10,noop,,,,0.22727272727272727
T37,bank_hold,det,whole,inertia_x1.6,0.36363636363636365,1.0,,
T37,bank_hold,det,win5,inertia_x1.6,0.36363636363636365,1.0,,
T37,bank_hold,det,win10,inertia_x1.6,0.36363636363636365,1.0,,
T37,bank_hold,det,whole,cmq_x0.5,0.7692307692307693,0.8333333333333334,0.9401709401709402,
T37,bank_hold,det,win5,cmq_x0.5,0.8461538461538461,0.8461538461538461,0.9572649572649572,
T37,bank_hold,det,win10,cmq_x0.5,0.8461538461538461,0.8461538461538461,0.9572649572649572,
T37,bank_hold,det,whole,cmalpha_x0.7,0.23076923076923078,1.0,0.3076923076923077,
T37,bank_hold,det,win5,cmalpha_x0.7,0.3076923076923077,1.0,0.3504273504273505,
T37,bank_hold,det,win10,cmalpha_x0.7,0.23076923076923078,1.0,0.36752136752136755,
T37,bank_hold,det,whole,clo_+0.1,0.7692307692307693,0.8333333333333334,0.8974358974358976,
T37,bank_hold,det,win5,clo_+0.1,0.7692307692307693,0.9090909090909091,0.9145299145299145,
T37,bank_hold,det,win10,clo_+0.1,0.7692307692307693,0.8333333333333334,0.888888888888889,
T37,bank_hold,det,whole,noop,,,,0.0
T37,bank_hold,det,win5,noop,,,,0.0
T37,bank_hold,det,win10,noop,,,,0.0
T37,bank_hold,sig,whole,inertia_x1.6,0.18181818181818182,1.0,,
T37,bank_hold,sig,win5,inertia_x1.6,0.22727272727272727,1.0,,
T37,bank_hold,sig,win10,inertia_x1.6,0.13636363636363635,1.0,,
T37,bank_hold,sig,whole,cmq_x0.5,0.6153846153846154,0.5333333333333333,0.6410256410256411,
T37,bank_hold,sig,win5,cmq_x0.5,0.7692307692307693,0.5555555555555556,0.358974358974359,
T37,bank_hold,sig,win10,cmq_x0.5,0.7692307692307693,0.5555555555555556,0.3760683760683761,
T37,bank_hold,sig,whole,cmalpha_x0.7,0.15384615384615385,0.3333333333333333,0.264957264957265,
T37,bank_hold,sig,win5,cmalpha_x0.7,0.3076923076923077,0.4,0.2820512820512821,
T37,bank_hold,sig,win10,cmalpha_x0.7,0.3076923076923077,0.4,0.33333333333333337,
T37,bank_hold,sig,whole,clo_+0.1,0.6153846153846154,0.5333333333333333,0.41880341880341887,
T37,bank_hold,sig,win5,clo_+0.1,0.8461538461538461,0.6111111111111112,0.38461538461538464,
T37,bank_hold,sig,win10,clo_+0.1,0.6153846153846154,0.5333333333333333,0.4358974358974359,
T37,bank_hold,sig,whole,noop,,,,0.09090909090909091
T37,bank_hold,sig,win5,noop,,,,0.09090909090909091
T37,bank_hold,sig,win10,noop,,,,0.13636363636363635
T37,flap_extend,det,whole,inertia_x1.6,0.5,1.0,,
T37,flap_extend,det,win5,inertia_x1.6,0.5,1.0,,
T37,flap_extend,det,win10,inertia_x1.6,0.5454545454545454,1.0,,
T37,flap_extend,det,whole,cmq_x0.5,1.0,0.5909090909090909,0.39316239316239315,
T37,flap_extend,det,win5,cmq_x0.5,1.0,0.5909090909090909,0.35897435897435903,
T37,flap_extend,det,win10,cmq_x0.5,1.0,0.5909090909090909,0.3931623931623932,
T37,flap_extend,det,whole,cmalpha_x0.7,1.0,0.5909090909090909,0.05982905982905984,
T37,flap_extend,det,win5,cmalpha_x0.7,1.0,0.5909090909090909,0.05128205128205128,
T37,flap_extend,det,win10,cmalpha_x0.7,1.0,0.5909090909090909,0.08547008547008547,
T37,flap_extend,det,whole,clo_+0.1,1.0,0.6190476190476191,0.33333333333333337,
T37,flap_extend,det,win5,clo_+0.1,1.0,0.6190476190476191,0.33333333333333337,
T37,flap_extend,det,win10,clo_+0.1,1.0,0.6190476190476191,0.3760683760683761,
T37,flap_extend,det,whole,noop,,,,0.0
T37,flap_extend,det,win5,noop,,,,0.045454545454545456
T37,flap_extend,det,win10,noop,,,,0.045454545454545456
T37,flap_extend,sig,whole,inertia_x1.6,0.22727272727272727,1.0,,
T37,flap_extend,sig,win5,inertia_x1.6,0.3181818181818182,1.0,,
T37,flap_extend,sig,win10,inertia_x1.6,0.18181818181818182,1.0,,
T37,flap_extend,sig,whole,cmq_x0.5,0.8461538461538461,0.55,0.3760683760683761,
T37,flap_extend,sig,win5,cmq_x0.5,0.8461538461538461,0.55,0.36752136752136755,
T37,flap_extend,sig,win10,cmq_x0.5,0.8461538461538461,0.55,0.35042735042735046,
T37,flap_extend,sig,whole,cmalpha_x0.7,0.46153846153846156,0.5,0.3162393162393163,
T37,flap_extend,sig,win5,cmalpha_x0.7,0.8461538461538461,0.5789473684210527,0.3162393162393163,
T37,flap_extend,sig,win10,cmalpha_x0.7,0.6153846153846154,0.5,0.264957264957265,
T37,flap_extend,sig,whole,clo_+0.1,0.6923076923076923,0.5625,0.3162393162393162,
T37,flap_extend,sig,win5,clo_+0.1,0.7692307692307693,0.5882352941176471,0.26495726495726496,
T37,flap_extend,sig,win10,clo_+0.1,0.7692307692307693,0.5882352941176471,0.38461538461538464,
T37,flap_extend,sig,whole,noop,,,,0.18181818181818182
T37,flap_extend,sig,win5,noop,,,,0.22727272727272727
T37,flap_extend,sig,win10,noop,,,,0.09090909090909091
T37,engine_cut,det,whole,inertia_x1.6,0.4090909090909091,1.0,,
T37,engine_cut,det,win5,inertia_x1.6,0.4090909090909091,1.0,,
T37,engine_cut,det,win10,inertia_x1.6,0.4090909090909091,1.0,,
T37,engine_cut,det,whole,cmq_x0.5,1.0,0.6842105263157895,0.8888888888888888,
T37,engine_cut,det,win5,cmq_x0.5,1.0,0.65,0.8803418803418803,
T37,engine_cut,det,win10,cmq_x0.5,1.0,0.6842105263157895,0.8803418803418803,
T37,engine_cut,det,whole,cmalpha_x0.7,0.8461538461538461,0.5789473684210527,0.8205128205128205,
T37,engine_cut,det,win5,cmalpha_x0.7,0.8461538461538461,0.55,0.8034188034188036,
T37,engine_cut,det,win10,cmalpha_x0.7,0.8461538461538461,0.5789473684210527,0.811965811965812,
T37,engine_cut,det,whole,clo_+0.1,1.0,0.5909090909090909,0.8205128205128205,
T37,engine_cut,det,win5,clo_+0.1,1.0,0.5909090909090909,0.8547008547008548,
T37,engine_cut,det,win10,clo_+0.1,1.0,0.5909090909090909,0.8461538461538461,
T37,engine_cut,det,whole,noop,,,,0.09090909090909091
T37,engine_cut,det,win5,noop,,,,0.13636363636363635
T37,engine_cut,det,win10,noop,,,,0.09090909090909091
T37,engine_cut,sig,whole,inertia_x1.6,0.0,,,
T37,engine_cut,sig,win5,inertia_x1.6,0.22727272727272727,1.0,,
T37,engine_cut,sig,win10,inertia_x1.6,0.045454545454545456,1.0,,
T37,engine_cut,sig,whole,cmq_x0.5,0.8461538461538461,0.6111111111111112,0.9572649572649573,
T37,engine_cut,sig,win5,cmq_x0.5,0.6153846153846154,0.6153846153846154,0.7692307692307694,
T37,engine_cut,sig,win10,cmq_x0.5,0.5384615384615384,0.5384615384615384,0.7264957264957265,
T37,engine_cut,sig,whole,cmalpha_x0.7,0.8461538461538461,0.7857142857142857,0.7606837606837608,
T37,engine_cut,sig,win5,cmalpha_x0.7,0.6153846153846154,0.6153846153846154,0.9316239316239316,
T37,engine_cut,sig,win10,cmalpha_x0.7,0.7692307692307693,0.7142857142857143,0.9059829059829061,
T37,engine_cut,sig,whole,clo_+0.1,1.0,0.6190476190476191,0.7863247863247864,
T37,engine_cut,sig,win5,clo_+0.1,0.8461538461538461,0.55,0.5726495726495726,
T37,engine_cut,sig,win10,clo_+0.1,0.8461538461538461,0.55,0.735042735042735,
T37,engine_cut,sig,whole,noop,,,,0.0
T37,engine_cut,sig,win5,noop,,,,0.0
T37,engine_cut,sig,win10,noop,,,,0.0
T37,climbing_turn,det,whole,cmq_x0.5,0.9230769230769231,0.8571428571428571,0.8888888888888888,
T37,climbing_turn,det,win5,cmq_x0.5,0.9230769230769231,0.8571428571428571,0.8803418803418804,
T37,climbing_turn,det,win10,cmq_x0.5,0.9230769230769231,0.8571428571428571,0.8717948717948718,
T37,climbing_turn,det,whole,clo_+0.1,1.0,0.65,0.811965811965812,
T37,climbing_turn,det,win5,clo_+0.1,1.0,0.6842105263157895,0.8290598290598291,
T37,climbing_turn,det,win10,clo_+0.1,1.0,0.6842105263157895,0.8461538461538463,
T37,climbing_turn,sig,whole,cmq_x0.5,0.7692307692307693,0.9090909090909091,0.9316239316239315,
T37,climbing_turn,sig,win5,cmq_x0.5,0.8461538461538461,0.9166666666666666,0.8888888888888888,
T37,climbing_turn,sig,win10,cmq_x0.5,0.9230769230769231,0.9230769230769231,0.9743589743589743,
T37,climbing_turn,sig,whole,clo_+0.1,0.8461538461538461,0.55,0.4700854700854701,
T37,climbing_turn,sig,win5,clo_+0.1,0.6923076923076923,0.5,0.22222222222222227,
T37,climbing_turn,sig,win10,clo_+0.1,0.8461538461538461,0.55,0.3760683760683762,
T37,elev_doublet_distractor,det,whole,inertia_x1.6,0.2727272727272727,1.0,,
T37,elev_doublet_distractor,det,win5,inertia_x1.6,0.3181818181818182,1.0,,
T37,elev_doublet_distractor,det,win10,inertia_x1.6,0.3181818181818182,1.0,,
T37,elev_doublet_distractor,det,whole,cmq_x0.5,0.5384615384615384,1.0,0.6581196581196581,
T37,elev_doublet_distractor,det,win5,cmq_x0.5,0.5384615384615384,1.0,0.6581196581196582,
T37,elev_doublet_distractor,det,win10,cmq_x0.5,0.5384615384615384,1.0,0.6666666666666667,
T37,elev_doublet_distractor,det,whole,cmalpha_x0.7,0.46153846153846156,0.75,0.8717948717948718,
T37,elev_doublet_distractor,det,win5,cmalpha_x0.7,0.46153846153846156,0.8571428571428571,0.8717948717948719,
T37,elev_doublet_distractor,det,win10,cmalpha_x0.7,0.46153846153846156,1.0,0.8803418803418804,
T37,elev_doublet_distractor,det,whole,clo_+0.1,0.8461538461538461,0.6111111111111112,0.982905982905983,
T37,elev_doublet_distractor,det,win5,clo_+0.1,0.8461538461538461,0.6111111111111112,1.0,
T37,elev_doublet_distractor,det,win10,clo_+0.1,0.8461538461538461,0.6111111111111112,1.0,
T37,elev_doublet_distractor,det,whole,noop,,,,0.045454545454545456
T37,elev_doublet_distractor,det,win5,noop,,,,0.09090909090909091
T37,elev_doublet_distractor,det,win10,noop,,,,0.0
T37,elev_doublet_distractor,sig,whole,inertia_x1.6,0.18181818181818182,1.0,,
T37,elev_doublet_distractor,sig,win5,inertia_x1.6,0.18181818181818182,1.0,,
T37,elev_doublet_distractor,sig,win10,inertia_x1.6,0.22727272727272727,1.0,,
T37,elev_doublet_distractor,sig,whole,cmq_x0.5,0.07692307692307693,0.25,0.7692307692307693,
T37,elev_doublet_distractor,sig,win5,cmq_x0.5,0.0,0.0,0.6837606837606838,
T37,elev_doublet_distractor,sig,win10,cmq_x0.5,0.0,0.0,0.8205128205128205,
T37,elev_doublet_distractor,sig,whole,cmalpha_x0.7,0.6923076923076923,0.5625,0.8290598290598291,
T37,elev_doublet_distractor,sig,win5,cmalpha_x0.7,0.3076923076923077,0.4444444444444444,0.5299145299145299,
T37,elev_doublet_distractor,sig,win10,cmalpha_x0.7,0.3076923076923077,0.4444444444444444,0.8290598290598291,
T37,elev_doublet_distractor,sig,whole,clo_+0.1,0.46153846153846156,0.46153846153846156,0.6495726495726496,
T37,elev_doublet_distractor,sig,win5,clo_+0.1,0.38461538461538464,0.8333333333333334,0.5213675213675215,
T37,elev_doublet_distractor,sig,win10,clo_+0.1,0.38461538461538464,0.45454545454545453,0.5555555555555556,
T37,elev_doublet_distractor,sig,whole,noop,,,,0.0
T37,elev_doublet_distractor,sig,win5,noop,,,,0.0
T37,elev_doublet_distractor,sig,win10,noop,,,,0.0
T38,cruise,det,whole,inertia_x1.6,0.0,,,
T38,cruise,det,win5,inertia_x1.6,0.0,,,
T38,cruise,det,win10,inertia_x1.6,0.0,,,
T38,cruise,det,whole,cmq_x0.5,0.0,,0.3076923076923077,
T38,cruise,det,win5,cmq_x0.5,0.0,,0.36752136752136755,
T38,cruise,det,win10,cmq_x0.5,0.0,,0.3504273504273505,
T38,cruise,det,whole,cmalpha_x0.7,0.38461538461538464,0.4166666666666667,0.6068376068376069,
T38,cruise,det,win5,cmalpha_x0.7,0.6153846153846154,0.6153846153846154,0.5982905982905983,
T38,cruise,det,win10,cmalpha_x0.7,0.6923076923076923,0.6,0.6239316239316239,
T38,cruise,det,whole,clo_+0.1,0.7692307692307693,0.5555555555555556,0.6239316239316239,
T38,cruise,det,win5,clo_+0.1,0.7692307692307693,0.625,0.6837606837606838,
T38,cruise,det,win10,clo_+0.1,0.8461538461538461,0.6470588235294118,0.6495726495726496,
T38,cruise,det,whole,noop,,,,0.0
T38,cruise,det,win5,noop,,,,0.0
T38,cruise,det,win10,noop,,,,0.0
T38,cruise,sig,whole,inertia_x1.6,0.4090909090909091,1.0,,
T38,cruise,sig,win5,inertia_x1.6,0.13636363636363635,1.0,,
T38,cruise,sig,win10,inertia_x1.6,0.18181818181818182,1.0,,
T38,cruise,sig,whole,cmq_x0.5,0.07692307692307693,0.5,0.37606837606837606,
T38,cruise,sig,win5,cmq_x0.5,0.0,0.0,0.46153846153846156,
T38,cruise,sig,win10,cmq_x0.5,0.0,0.0,0.3846153846153847,
T38,cruise,sig,whole,cmalpha_x0.7,0.5384615384615384,0.6363636363636364,0.6837606837606838,
T38,cruise,sig,win5,cmalpha_x0.7,0.38461538461538464,0.5,0.7692307692307693,
T38,cruise,sig,win10,cmalpha_x0.7,0.46153846153846156,0.5454545454545454,0.7435897435897436,
T38,cruise,sig,whole,clo_+0.1,0.7692307692307693,0.625,0.641025641025641,
T38,cruise,sig,win5,clo_+0.1,0.6923076923076923,0.6,0.8803418803418804,
T38,cruise,sig,win10,clo_+0.1,0.6923076923076923,0.6,0.888888888888889,
T38,cruise,sig,whole,noop,,,,0.09090909090909091
T38,cruise,sig,win5,noop,,,,0.045454545454545456
T38,cruise,sig,win10,noop,,,,0.045454545454545456
T38,throttle_step,det,whole,inertia_x1.6,0.18181818181818182,1.0,,
T38,throttle_step,det,win5,inertia_x1.6,0.18181818181818182,1.0,,
T38,throttle_step,det,win10,inertia_x1.6,0.22727272727272727,1.0,,
T38,throttle_step,det,whole,cmq_x0.5,0.3076923076923077,0.8,0.6495726495726496,
T38,throttle_step,det,win5,cmq_x0.5,0.3076923076923077,0.8,0.6666666666666667,
T38,throttle_step,det,win10,cmq_x0.5,0.3076923076923077,0.8,0.6495726495726496,
T38,throttle_step,det,whole,cmalpha_x0.7,0.8461538461538461,0.6470588235294118,0.811965811965812,
T38,throttle_step,det,win5,cmalpha_x0.7,1.0,0.6842105263157895,0.7948717948717948,
T38,throttle_step,det,win10,cmalpha_x0.7,1.0,0.6842105263157895,0.7948717948717948,
T38,throttle_step,det,whole,clo_+0.1,0.8461538461538461,0.55,0.6324786324786326,
T38,throttle_step,det,win5,clo_+0.1,0.7692307692307693,0.5263157894736842,0.6153846153846154,
T38,throttle_step,det,win10,clo_+0.1,0.8461538461538461,0.55,0.6153846153846154,
T38,throttle_step,det,whole,noop,,,,0.09090909090909091
T38,throttle_step,det,win5,noop,,,,0.09090909090909091
T38,throttle_step,det,win10,noop,,,,0.09090909090909091
T38,throttle_step,sig,whole,inertia_x1.6,0.13636363636363635,1.0,,
T38,throttle_step,sig,win5,inertia_x1.6,0.13636363636363635,1.0,,
T38,throttle_step,sig,win10,inertia_x1.6,0.22727272727272727,1.0,,
T38,throttle_step,sig,whole,cmq_x0.5,0.38461538461538464,0.7142857142857143,0.5811965811965812,
T38,throttle_step,sig,win5,cmq_x0.5,0.46153846153846156,0.75,0.8717948717948718,
T38,throttle_step,sig,win10,cmq_x0.5,0.46153846153846156,0.75,0.9316239316239316,
T38,throttle_step,sig,whole,cmalpha_x0.7,0.7692307692307693,0.5555555555555556,0.5213675213675214,
T38,throttle_step,sig,win5,cmalpha_x0.7,0.6923076923076923,0.5294117647058824,0.4017094017094017,
T38,throttle_step,sig,win10,cmalpha_x0.7,0.7692307692307693,0.5555555555555556,0.39316239316239315,
T38,throttle_step,sig,whole,clo_+0.1,0.7692307692307693,0.5263157894736842,0.6495726495726496,
T38,throttle_step,sig,win5,clo_+0.1,0.7692307692307693,0.5263157894736842,0.3504273504273504,
T38,throttle_step,sig,win10,clo_+0.1,0.7692307692307693,0.5263157894736842,0.3931623931623932,
T38,throttle_step,sig,whole,noop,,,,0.18181818181818182
T38,throttle_step,sig,win5,noop,,,,0.18181818181818182
T38,throttle_step,sig,win10,noop,,,,0.2727272727272727
T38,elev_doublet,det,whole,inertia_x1.6,0.5909090909090909,1.0,,
T38,elev_doublet,det,win5,inertia_x1.6,0.5909090909090909,1.0,,
T38,elev_doublet,det,win10,inertia_x1.6,0.5909090909090909,1.0,,
T38,elev_doublet,det,whole,cmq_x0.5,0.38461538461538464,0.625,0.6068376068376068,
T38,elev_doublet,det,win5,cmq_x0.5,0.46153846153846156,0.75,0.7094017094017094,
T38,elev_doublet,det,win10,cmq_x0.5,0.46153846153846156,0.6666666666666666,0.717948717948718,
T38,elev_doublet,det,whole,cmalpha_x0.7,0.5384615384615384,0.5384615384615384,0.47008547008547014,
T38,elev_doublet,det,win5,cmalpha_x0.7,0.5384615384615384,0.6363636363636364,0.4957264957264958,
T38,elev_doublet,det,win10,cmalpha_x0.7,0.5384615384615384,0.5384615384615384,0.452991452991453,
T38,elev_doublet,det,whole,clo_+0.1,0.8461538461538461,0.55,0.5811965811965812,
T38,elev_doublet,det,win5,clo_+0.1,0.8461538461538461,0.5789473684210527,0.5726495726495727,
T38,elev_doublet,det,win10,clo_+0.1,0.8461538461538461,0.55,0.5811965811965812,
T38,elev_doublet,det,whole,noop,,,,0.09090909090909091
T38,elev_doublet,det,win5,noop,,,,0.09090909090909091
T38,elev_doublet,det,win10,noop,,,,0.09090909090909091
T38,elev_doublet,sig,whole,inertia_x1.6,0.045454545454545456,1.0,,
T38,elev_doublet,sig,win5,inertia_x1.6,0.0,,,
T38,elev_doublet,sig,win10,inertia_x1.6,0.045454545454545456,1.0,,
T38,elev_doublet,sig,whole,cmq_x0.5,0.0,,0.8034188034188035,
T38,elev_doublet,sig,win5,cmq_x0.5,0.0,0.0,0.6324786324786325,
T38,elev_doublet,sig,win10,cmq_x0.5,0.0,,0.717948717948718,
T38,elev_doublet,sig,whole,cmalpha_x0.7,0.6153846153846154,0.7272727272727273,0.8547008547008548,
T38,elev_doublet,sig,win5,cmalpha_x0.7,0.15384615384615385,0.3333333333333333,0.4786324786324787,
T38,elev_doublet,sig,win10,cmalpha_x0.7,0.3076923076923077,0.5714285714285714,0.641025641025641,
T38,elev_doublet,sig,whole,clo_+0.1,0.8461538461538461,0.6875,0.7008547008547009,
T38,elev_doublet,sig,win5,clo_+0.1,0.3076923076923077,0.4444444444444444,0.5384615384615384,
T38,elev_doublet,sig,win10,clo_+0.1,0.3076923076923077,0.4444444444444444,0.6068376068376069,
T38,elev_doublet,sig,whole,noop,,,,0.0
T38,elev_doublet,sig,win5,noop,,,,0.045454545454545456
T38,elev_doublet,sig,win10,noop,,,,0.0
T38,elev_step,det,whole,inertia_x1.6,0.45454545454545453,1.0,,
T38,elev_step,det,win5,inertia_x1.6,0.5,1.0,,
T38,elev_step,det,win10,inertia_x1.6,0.5,1.0,,
T38,elev_step,det,whole,cmq_x0.5,0.46153846153846156,0.5454545454545454,0.8205128205128206,
T38,elev_step,det,win5,cmq_x0.5,0.46153846153846156,0.6,0.8803418803418803,
T38,elev_step,det,win10,cmq_x0.5,0.5384615384615384,0.6363636363636364,0.8717948717948718,
T38,elev_step,det,whole,cmalpha_x0.7,0.7692307692307693,0.5555555555555556,0.7435897435897436,
T38,elev_step,det,win5,cmalpha_x0.7,1.0,0.6190476190476191,0.7350427350427351,
T38,elev_step,det,win10,cmalpha_x0.7,1.0,0.6190476190476191,0.7435897435897436,
T38,elev_step,det,whole,clo_+0.1,0.8461538461538461,0.5789473684210527,0.6068376068376069,
T38,elev_step,det,win5,clo_+0.1,0.8461538461538461,0.55,0.7606837606837606,
T38,elev_step,det,win10,clo_+0.1,0.8461538461538461,0.5789473684210527,0.7606837606837606,
T38,elev_step,det,whole,noop,,,,0.0
T38,elev_step,det,win5,noop,,,,0.045454545454545456
T38,elev_step,det,win10,noop,,,,0.0
T38,elev_step,sig,whole,inertia_x1.6,0.13636363636363635,1.0,,
T38,elev_step,sig,win5,inertia_x1.6,0.13636363636363635,1.0,,
T38,elev_step,sig,win10,inertia_x1.6,0.045454545454545456,1.0,,
T38,elev_step,sig,whole,cmq_x0.5,0.0,,0.3504273504273504,
T38,elev_step,sig,win5,cmq_x0.5,0.0,,0.39316239316239315,
T38,elev_step,sig,win10,cmq_x0.5,0.0,,0.4444444444444445,
T38,elev_step,sig,whole,cmalpha_x0.7,0.5384615384615384,0.5,0.4273504273504274,
T38,elev_step,sig,win5,cmalpha_x0.7,0.3076923076923077,0.4,0.3418803418803419,
T38,elev_step,sig,win10,cmalpha_x0.7,0.38461538461538464,0.38461538461538464,0.36752136752136755,
T38,elev_step,sig,whole,clo_+0.1,0.6923076923076923,0.6,0.5128205128205128,
T38,elev_step,sig,win5,clo_+0.1,0.5384615384615384,0.5,0.5384615384615385,
T38,elev_step,sig,win10,clo_+0.1,0.5384615384615384,0.5,0.46153846153846156,
T38,elev_step,sig,whole,noop,,,,0.0
T38,elev_step,sig,win5,noop,,,,0.045454545454545456
T38,elev_step,sig,win10,noop,,,,0.0
T38,aileron_step,det,whole,inertia_x1.6,0.4090909090909091,1.0,,
T38,aileron_step,det,win5,inertia_x1.6,0.4090909090909091,1.0,,
T38,aileron_step,det,win10,inertia_x1.6,0.4090909090909091,1.0,,
T38,aileron_step,det,whole,cmq_x0.5,0.23076923076923078,0.75,0.25641025641025644,
T38,aileron_step,det,win5,cmq_x0.5,0.23076923076923078,1.0,0.2820512820512821,
T38,aileron_step,det,win10,cmq_x0.5,0.23076923076923078,0.75,0.2564102564102564,
T38,aileron_step,det,whole,cmalpha_x0.7,0.3076923076923077,0.36363636363636365,0.25641025641025644,
T38,aileron_step,det,win5,cmalpha_x0.7,0.3076923076923077,0.36363636363636365,0.27350427350427353,
T38,aileron_step,det,win10,cmalpha_x0.7,0.3076923076923077,0.36363636363636365,0.27350427350427353,
T38,aileron_step,det,whole,clo_+0.1,0.3076923076923077,0.3076923076923077,0.20512820512820512,
T38,aileron_step,det,win5,clo_+0.1,0.3076923076923077,0.3076923076923077,0.1965811965811966,
T38,aileron_step,det,win10,clo_+0.1,0.3076923076923077,0.3076923076923077,0.21367521367521367,
T38,aileron_step,det,whole,noop,,,,0.0
T38,aileron_step,det,win5,noop,,,,0.0
T38,aileron_step,det,win10,noop,,,,0.0
T38,aileron_step,sig,whole,inertia_x1.6,0.13636363636363635,1.0,,
T38,aileron_step,sig,win5,inertia_x1.6,0.09090909090909091,1.0,,
T38,aileron_step,sig,win10,inertia_x1.6,0.18181818181818182,1.0,,
T38,aileron_step,sig,whole,cmq_x0.5,0.0,,0.45299145299145305,
T38,aileron_step,sig,win5,cmq_x0.5,0.0,,0.6495726495726496,
T38,aileron_step,sig,win10,cmq_x0.5,0.0,,0.5042735042735043,
T38,aileron_step,sig,whole,cmalpha_x0.7,0.3076923076923077,0.4444444444444444,0.5128205128205129,
T38,aileron_step,sig,win5,cmalpha_x0.7,0.15384615384615385,0.5,0.5982905982905984,
T38,aileron_step,sig,win10,cmalpha_x0.7,0.23076923076923078,0.6,0.6239316239316239,
T38,aileron_step,sig,whole,clo_+0.1,0.6153846153846154,0.5714285714285714,0.49572649572649574,
T38,aileron_step,sig,win5,clo_+0.1,0.3076923076923077,0.5714285714285714,0.5982905982905984,
T38,aileron_step,sig,win10,clo_+0.1,0.46153846153846156,0.5454545454545454,0.45299145299145305,
T38,aileron_step,sig,whole,noop,,,,0.0
T38,aileron_step,sig,win5,noop,,,,0.0
T38,aileron_step,sig,win10,noop,,,,0.0
T38,rudder_doublet,det,whole,inertia_x1.6,0.18181818181818182,1.0,,
T38,rudder_doublet,det,win5,inertia_x1.6,0.18181818181818182,1.0,,
T38,rudder_doublet,det,win10,inertia_x1.6,0.18181818181818182,1.0,,
T38,rudder_doublet,det,whole,cmq_x0.5,0.15384615384615385,1.0,0.3162393162393163,
T38,rudder_doublet,det,win5,cmq_x0.5,0.07692307692307693,1.0,0.3247863247863248,
T38,rudder_doublet,det,win10,cmq_x0.5,0.15384615384615385,1.0,0.32478632478632485,
T38,rudder_doublet,det,whole,cmalpha_x0.7,0.5384615384615384,0.5384615384615384,0.4358974358974359,
T38,rudder_doublet,det,win5,cmalpha_x0.7,0.38461538461538464,0.5,0.4700854700854702,
T38,rudder_doublet,det,win10,cmalpha_x0.7,0.5384615384615384,0.5,0.44444444444444453,
T38,rudder_doublet,det,whole,clo_+0.1,0.8461538461538461,0.55,0.7094017094017094,
T38,rudder_doublet,det,win5,clo_+0.1,0.8461538461538461,0.5789473684210527,0.7264957264957266,
T38,rudder_doublet,det,win10,clo_+0.1,0.8461538461538461,0.5789473684210527,0.7008547008547009,
T38,rudder_doublet,det,whole,noop,,,,0.0
T38,rudder_doublet,det,win5,noop,,,,0.0
T38,rudder_doublet,det,win10,noop,,,,0.0
T38,rudder_doublet,sig,whole,inertia_x1.6,0.22727272727272727,1.0,,
T38,rudder_doublet,sig,win5,inertia_x1.6,0.18181818181818182,1.0,,
T38,rudder_doublet,sig,win10,inertia_x1.6,0.3181818181818182,1.0,,
T38,rudder_doublet,sig,whole,cmq_x0.5,0.15384615384615385,0.6666666666666666,0.7521367521367522,
T38,rudder_doublet,sig,win5,cmq_x0.5,0.15384615384615385,0.5,0.6324786324786325,
T38,rudder_doublet,sig,win10,cmq_x0.5,0.15384615384615385,1.0,0.7094017094017094,
T38,rudder_doublet,sig,whole,cmalpha_x0.7,0.38461538461538464,0.7142857142857143,0.6923076923076923,
T38,rudder_doublet,sig,win5,cmalpha_x0.7,0.38461538461538464,0.7142857142857143,0.6239316239316239,
T38,rudder_doublet,sig,win10,cmalpha_x0.7,0.38461538461538464,0.625,0.6666666666666666,
T38,rudder_doublet,sig,whole,clo_+0.1,0.6923076923076923,0.5294117647058824,0.6581196581196581,
T38,rudder_doublet,sig,win5,clo_+0.1,0.6923076923076923,0.6,0.32478632478632485,
T38,rudder_doublet,sig,win10,clo_+0.1,0.6923076923076923,0.5625,0.3931623931623932,
T38,rudder_doublet,sig,whole,noop,,,,0.09090909090909091
T38,rudder_doublet,sig,win5,noop,,,,0.09090909090909091
T38,rudder_doublet,sig,win10,noop,,,,0.045454545454545456
T38,bank_hold,det,whole,inertia_x1.6,0.4090909090909091,1.0,,
T38,bank_hold,det,win5,inertia_x1.6,0.4090909090909091,1.0,,
T38,bank_hold,det,win10,inertia_x1.6,0.4090909090909091,1.0,,
T38,bank_hold,det,whole,cmq_x0.5,0.3076923076923077,1.0,0.4786324786324786,
T38,bank_hold,det,win5,cmq_x0.5,0.3076923076923077,1.0,0.4700854700854701,
T38,bank_hold,det,win10,cmq_x0.5,0.3076923076923077,1.0,0.5384615384615384,
T38,bank_hold,det,whole,cmalpha_x0.7,0.46153846153846156,0.5,0.6153846153846154,
T38,bank_hold,det,win5,cmalpha_x0.7,0.38461538461538464,0.5,0.6239316239316239,
T38,bank_hold,det,win10,cmalpha_x0.7,0.38461538461538464,0.5,0.6153846153846154,
T38,bank_hold,det,whole,clo_+0.1,0.6153846153846154,0.5,0.36752136752136755,
T38,bank_hold,det,win5,clo_+0.1,0.5384615384615384,0.4666666666666667,0.3076923076923077,
T38,bank_hold,det,win10,clo_+0.1,0.5384615384615384,0.4666666666666667,0.2991452991452992,
T38,bank_hold,det,whole,noop,,,,0.0
T38,bank_hold,det,win5,noop,,,,0.0
T38,bank_hold,det,win10,noop,,,,0.0
T38,bank_hold,sig,whole,inertia_x1.6,0.13636363636363635,1.0,,
T38,bank_hold,sig,win5,inertia_x1.6,0.13636363636363635,1.0,,
T38,bank_hold,sig,win10,inertia_x1.6,0.13636363636363635,1.0,,
T38,bank_hold,sig,whole,cmq_x0.5,0.15384615384615385,0.6666666666666666,0.3162393162393162,
T38,bank_hold,sig,win5,cmq_x0.5,0.0,,0.6068376068376069,
T38,bank_hold,sig,win10,cmq_x0.5,0.07692307692307693,0.5,0.5726495726495727,
T38,bank_hold,sig,whole,cmalpha_x0.7,0.3076923076923077,0.36363636363636365,0.6837606837606838,
T38,bank_hold,sig,win5,cmalpha_x0.7,0.46153846153846156,0.6,0.6923076923076924,
T38,bank_hold,sig,win10,cmalpha_x0.7,0.3076923076923077,0.4444444444444444,0.6581196581196581,
T38,bank_hold,sig,whole,clo_+0.1,1.0,0.6190476190476191,0.7863247863247863,
T38,bank_hold,sig,win5,clo_+0.1,0.8461538461538461,0.5789473684210527,0.39316239316239315,
T38,bank_hold,sig,win10,clo_+0.1,1.0,0.65,0.5982905982905984,
T38,bank_hold,sig,whole,noop,,,,0.045454545454545456
T38,bank_hold,sig,win5,noop,,,,0.0
T38,bank_hold,sig,win10,noop,,,,0.045454545454545456
T38,flap_extend,det,whole,inertia_x1.6,0.5,1.0,,
T38,flap_extend,det,win5,inertia_x1.6,0.5909090909090909,1.0,,
T38,flap_extend,det,win10,inertia_x1.6,0.5909090909090909,1.0,,
T38,flap_extend,det,whole,cmq_x0.5,0.7692307692307693,0.5882352941176471,0.5384615384615385,
T38,flap_extend,det,win5,cmq_x0.5,0.7692307692307693,0.625,0.5641025641025642,
T38,flap_extend,det,win10,cmq_x0.5,0.7692307692307693,0.5882352941176471,0.5641025641025641,
T38,flap_extend,det,whole,clo_+0.1,1.0,0.5909090909090909,0.4017094017094017,
T38,flap_extend,det,win5,clo_+0.1,1.0,0.5909090909090909,0.37606837606837606,
T38,flap_extend,det,win10,clo_+0.1,1.0,0.5909090909090909,0.4102564102564103,
T38,flap_extend,det,whole,noop,,,,0.045454545454545456
T38,flap_extend,det,win5,noop,,,,0.045454545454545456
T38,flap_extend,det,win10,noop,,,,0.045454545454545456
T38,flap_extend,sig,whole,inertia_x1.6,0.18181818181818182,1.0,,
T38,flap_extend,sig,win5,inertia_x1.6,0.09090909090909091,1.0,,
T38,flap_extend,sig,win10,inertia_x1.6,0.18181818181818182,1.0,,
T38,flap_extend,sig,whole,cmq_x0.5,0.23076923076923078,0.5,0.4871794871794872,
T38,flap_extend,sig,win5,cmq_x0.5,0.07692307692307693,0.3333333333333333,0.5555555555555556,
T38,flap_extend,sig,win10,cmq_x0.5,0.15384615384615385,0.4,0.46153846153846156,
T38,flap_extend,sig,whole,clo_+0.1,0.6923076923076923,0.5294117647058824,0.3418803418803419,
T38,flap_extend,sig,win5,clo_+0.1,0.6153846153846154,0.5333333333333333,0.27350427350427353,
T38,flap_extend,sig,win10,clo_+0.1,0.6153846153846154,0.5,0.33333333333333337,
T38,flap_extend,sig,whole,noop,,,,0.0
T38,flap_extend,sig,win5,noop,,,,0.0
T38,flap_extend,sig,win10,noop,,,,0.045454545454545456
T38,engine_cut,det,whole,inertia_x1.6,0.7727272727272727,1.0,,
T38,engine_cut,det,win5,inertia_x1.6,0.8636363636363636,1.0,,
T38,engine_cut,det,win10,inertia_x1.6,0.8636363636363636,1.0,,
T38,engine_cut,det,whole,cmq_x0.5,1.0,0.6842105263157895,0.8974358974358975,
T38,engine_cut,det,win5,cmq_x0.5,1.0,0.6842105263157895,0.8974358974358975,
T38,engine_cut,det,win10,cmq_x0.5,1.0,0.6842105263157895,0.8974358974358975,
T38,engine_cut,det,whole,cmalpha_x0.7,1.0,0.65,0.9059829059829061,
T38,engine_cut,det,win5,cmalpha_x0.7,1.0,0.6842105263157895,1.0,
T38,engine_cut,det,win10,cmalpha_x0.7,1.0,0.65,0.982905982905983,
T38,engine_cut,det,whole,clo_+0.1,1.0,0.5909090909090909,0.7606837606837608,
T38,engine_cut,det,win5,clo_+0.1,1.0,0.5909090909090909,0.7264957264957266,
T38,engine_cut,det,win10,clo_+0.1,1.0,0.5909090909090909,0.7435897435897436,
T38,engine_cut,det,whole,noop,,,,0.13636363636363635
T38,engine_cut,det,win5,noop,,,,0.13636363636363635
T38,engine_cut,det,win10,noop,,,,0.09090909090909091
T38,engine_cut,sig,whole,inertia_x1.6,0.5454545454545454,1.0,,
T38,engine_cut,sig,win5,inertia_x1.6,0.45454545454545453,1.0,,
T38,engine_cut,sig,win10,inertia_x1.6,0.45454545454545453,1.0,,
T38,engine_cut,sig,whole,cmq_x0.5,0.5384615384615384,0.6363636363636364,0.6581196581196581,
T38,engine_cut,sig,win5,cmq_x0.5,0.5384615384615384,0.7777777777777778,0.6923076923076923,
T38,engine_cut,sig,win10,cmq_x0.5,0.5384615384615384,0.7,0.6752136752136753,
T38,engine_cut,sig,whole,cmalpha_x0.7,0.6923076923076923,0.6,0.5470085470085471,
T38,engine_cut,sig,win5,cmalpha_x0.7,0.38461538461538464,0.5555555555555556,0.5128205128205128,
T38,engine_cut,sig,win10,cmalpha_x0.7,0.38461538461538464,0.5555555555555556,0.4786324786324787,
T38,engine_cut,sig,whole,clo_+0.1,1.0,0.5909090909090909,0.4957264957264958,
T38,engine_cut,sig,win5,clo_+0.1,0.9230769230769231,0.5714285714285714,0.6068376068376069,
T38,engine_cut,sig,win10,clo_+0.1,1.0,0.5909090909090909,0.6495726495726496,
T38,engine_cut,sig,whole,noop,,,,0.0
T38,engine_cut,sig,win5,noop,,,,0.0
T38,engine_cut,sig,win10,noop,,,,0.0
T38,climbing_turn,det,whole,inertia_x1.6,0.45454545454545453,1.0,,
T38,climbing_turn,det,win5,inertia_x1.6,0.5454545454545454,1.0,,
T38,climbing_turn,det,win10,inertia_x1.6,0.5,1.0,,
T38,climbing_turn,det,whole,cmq_x0.5,0.3076923076923077,0.4444444444444444,0.6752136752136753,
T38,climbing_turn,det,win5,cmq_x0.5,0.38461538461538464,0.5555555555555556,0.7350427350427351,
T38,climbing_turn,det,win10,cmq_x0.5,0.3076923076923077,0.4444444444444444,0.6581196581196581,
T38,climbing_turn,det,whole,cmalpha_x0.7,0.38461538461538464,0.45454545454545453,0.4700854700854702,
T38,climbing_turn,det,win5,cmalpha_x0.7,0.38461538461538464,0.5,0.46153846153846156,
T38,climbing_turn,det,win10,cmalpha_x0.7,0.38461538461538464,0.5555555555555556,0.44444444444444453,
T38,climbing_turn,det,whole,noop,,,,0.045454545454545456
T38,climbing_turn,det,win5,noop,,,,0.0
T38,climbing_turn,det,win10,noop,,,,0.045454545454545456
T38,climbing_turn,sig,whole,inertia_x1.6,0.13636363636363635,1.0,,
T38,climbing_turn,sig,win5,inertia_x1.6,0.045454545454545456,1.0,,
T38,climbing_turn,sig,win10,inertia_x1.6,0.045454545454545456,1.0,,
T38,climbing_turn,sig,whole,cmq_x0.5,0.3076923076923077,0.8,0.5042735042735043,
T38,climbing_turn,sig,win5,cmq_x0.5,0.15384615384615385,0.5,0.4444444444444444,
T38,climbing_turn,sig,win10,cmq_x0.5,0.15384615384615385,0.6666666666666666,0.5042735042735043,
T38,climbing_turn,sig,whole,cmalpha_x0.7,0.3076923076923077,0.6666666666666666,0.4615384615384616,
T38,climbing_turn,sig,win5,cmalpha_x0.7,0.23076923076923078,1.0,0.49572649572649574,
T38,climbing_turn,sig,win10,cmalpha_x0.7,0.3076923076923077,0.8,0.48717948717948717,
T38,climbing_turn,sig,whole,noop,,,,0.0
T38,climbing_turn,sig,win5,noop,,,,0.0
T38,climbing_turn,sig,win10,noop,,,,0.0
T38,elev_doublet_distractor,det,whole,inertia_x1.6,0.5454545454545454,1.0,,
T38,elev_doublet_distractor,det,win5,inertia_x1.6,0.5909090909090909,1.0,,
T38,elev_doublet_distractor,det,win10,inertia_x1.6,0.5909090909090909,1.0,,
T38,elev_doublet_distractor,det,whole,cmq_x0.5,0.46153846153846156,1.0,0.46153846153846156,
T38,elev_doublet_distractor,det,win5,cmq_x0.5,0.46153846153846156,1.0,0.5042735042735043,
T38,elev_doublet_distractor,det,win10,cmq_x0.5,0.46153846153846156,1.0,0.46153846153846156,
T38,elev_doublet_distractor,det,whole,cmalpha_x0.7,0.6153846153846154,0.5333333333333333,0.4871794871794872,
T38,elev_doublet_distractor,det,win5,cmalpha_x0.7,0.46153846153846156,0.5,0.37606837606837606,
T38,elev_doublet_distractor,det,win10,cmalpha_x0.7,0.6153846153846154,0.5333333333333333,0.4273504273504274,
T38,elev_doublet_distractor,det,whole,clo_+0.1,0.8461538461538461,0.5789473684210527,0.9145299145299146,
T38,elev_doublet_distractor,det,win5,clo_+0.1,0.8461538461538461,0.5789473684210527,0.7948717948717949,
T38,elev_doublet_distractor,det,win10,clo_+0.1,0.8461538461538461,0.5789473684210527,0.8205128205128205,
T38,elev_doublet_distractor,det,whole,noop,,,,0.0
T38,elev_doublet_distractor,det,win5,noop,,,,0.0
T38,elev_doublet_distractor,det,win10,noop,,,,0.0
T38,elev_doublet_distractor,sig,whole,inertia_x1.6,0.13636363636363635,1.0,,
T38,elev_doublet_distractor,sig,win5,inertia_x1.6,0.13636363636363635,1.0,,
T38,elev_doublet_distractor,sig,win10,inertia_x1.6,0.045454545454545456,1.0,,
T38,elev_doublet_distractor,sig,whole,cmq_x0.5,0.0,,0.5128205128205129,
T38,elev_doublet_distractor,sig,win5,cmq_x0.5,0.0,,0.7863247863247864,
T38,elev_doublet_distractor,sig,win10,cmq_x0.5,0.0,,0.6495726495726497,
T38,elev_doublet_distractor,sig,whole,cmalpha_x0.7,0.3076923076923077,0.6666666666666666,0.7179487179487181,
T38,elev_doublet_distractor,sig,win5,cmalpha_x0.7,0.23076923076923078,0.75,0.7350427350427351,
T38,elev_doublet_distractor,sig,win10,cmalpha_x0.7,0.23076923076923078,0.75,0.7521367521367521,
T38,elev_doublet_distractor,sig,whole,clo_+0.1,0.8461538461538461,0.6875,0.9145299145299145,
T38,elev_doublet_distractor,sig,win5,clo_+0.1,0.15384615384615385,0.4,0.6837606837606838,
T38,elev_doublet_distractor,sig,win10,clo_+0.1,0.23076923076923078,0.6,0.7863247863247863,
T38,elev_doublet_distractor,sig,whole,noop,,,,0.0
T38,elev_doublet_distractor,sig,win5,noop,,,,0.0
T38,elev_doublet_distractor,sig,win10,noop,,,,0.0
c172p,cruise,det,whole,inertia_x1.6,0.4090909090909091,1.0,,
c172p,cruise,det,win5,inertia_x1.6,0.4090909090909091,1.0,,
c172p,cruise,det,win10,inertia_x1.6,0.4090909090909091,1.0,,
c172p,cruise,det,whole,cmq_x0.5,0.07692307692307693,0.5,0.3076923076923077,
c172p,cruise,det,win5,cmq_x0.5,0.3076923076923077,0.5,0.28205128205128205,
c172p,cruise,det,win10,cmq_x0.5,0.23076923076923078,0.75,0.20512820512820515,
c172p,cruise,det,whole,cmalpha_x0.7,0.38461538461538464,0.5555555555555556,0.6324786324786325,
c172p,cruise,det,win5,cmalpha_x0.7,0.38461538461538464,0.38461538461538464,0.5811965811965812,
c172p,cruise,det,win10,cmalpha_x0.7,0.38461538461538464,0.38461538461538464,0.5982905982905984,
c172p,cruise,det,whole,clo_+0.1,0.6153846153846154,0.7272727272727273,0.8717948717948718,
c172p,cruise,det,win5,clo_+0.1,0.7692307692307693,0.5882352941176471,0.8034188034188035,
c172p,cruise,det,win10,clo_+0.1,0.6923076923076923,0.6428571428571429,0.8034188034188033,
c172p,cruise,det,whole,noop,,,,0.0
c172p,cruise,det,win5,noop,,,,0.0
c172p,cruise,det,win10,noop,,,,0.0
c172p,cruise,sig,whole,inertia_x1.6,0.22727272727272727,1.0,,
c172p,cruise,sig,win5,inertia_x1.6,0.045454545454545456,1.0,,
c172p,cruise,sig,win10,inertia_x1.6,0.045454545454545456,1.0,,
c172p,cruise,sig,whole,cmq_x0.5,0.07692307692307693,0.3333333333333333,0.3418803418803419,
c172p,cruise,sig,win5,cmq_x0.5,0.07692307692307693,0.3333333333333333,0.35042735042735046,
c172p,cruise,sig,win10,cmq_x0.5,0.07692307692307693,0.3333333333333333,0.4444444444444445,
c172p,cruise,sig,whole,cmalpha_x0.7,0.07692307692307693,0.14285714285714285,0.12820512820512822,
c172p,cruise,sig,win5,cmalpha_x0.7,0.07692307692307693,0.2,0.15384615384615385,
c172p,cruise,sig,win10,cmalpha_x0.7,0.07692307692307693,0.16666666666666666,0.12820512820512822,
c172p,cruise,sig,whole,clo_+0.1,0.46153846153846156,0.6,0.6581196581196582,
c172p,cruise,sig,win5,clo_+0.1,0.3076923076923077,0.6666666666666666,0.52991452991453,
c172p,cruise,sig,win10,clo_+0.1,0.3076923076923077,0.8,0.5726495726495726,
c172p,cruise,sig,whole,noop,,,,0.0
c172p,cruise,sig,win5,noop,,,,0.0
c172p,cruise,sig,win10,noop,,,,0.0
c172p,throttle_step,det,whole,inertia_x1.6,0.18181818181818182,1.0,,
c172p,throttle_step,det,win5,inertia_x1.6,0.22727272727272727,1.0,,
c172p,throttle_step,det,win10,inertia_x1.6,0.22727272727272727,1.0,,
c172p,throttle_step,det,whole,cmq_x0.5,0.46153846153846156,0.8571428571428571,0.8205128205128205,
c172p,throttle_step,det,win5,cmq_x0.5,0.46153846153846156,0.75,0.9401709401709403,
c172p,throttle_step,det,win10,cmq_x0.5,0.46153846153846156,0.75,0.8632478632478632,
c172p,throttle_step,det,whole,cmalpha_x0.7,0.6923076923076923,0.5625,0.6410256410256411,
c172p,throttle_step,det,win5,cmalpha_x0.7,0.6923076923076923,0.5625,0.8034188034188035,
c172p,throttle_step,det,win10,cmalpha_x0.7,0.6923076923076923,0.5625,0.7692307692307693,
c172p,throttle_step,det,whole,clo_+0.1,0.8461538461538461,0.55,0.7863247863247864,
c172p,throttle_step,det,win5,clo_+0.1,0.8461538461538461,0.55,0.8290598290598291,
c172p,throttle_step,det,win10,clo_+0.1,0.8461538461538461,0.55,0.7948717948717948,
c172p,throttle_step,det,whole,noop,,,,0.0
c172p,throttle_step,det,win5,noop,,,,0.0
c172p,throttle_step,det,win10,noop,,,,0.0
c172p,throttle_step,sig,whole,inertia_x1.6,0.09090909090909091,1.0,,
c172p,throttle_step,sig,win5,inertia_x1.6,0.045454545454545456,1.0,,
c172p,throttle_step,sig,win10,inertia_x1.6,0.0,,,
c172p,throttle_step,sig,whole,cmq_x0.5,0.15384615384615385,0.4,0.2564102564102564,
c172p,throttle_step,sig,win5,cmq_x0.5,0.23076923076923078,0.6,0.5128205128205129,
c172p,throttle_step,sig,win10,cmq_x0.5,0.23076923076923078,0.6,0.5982905982905983,
c172p,throttle_step,sig,whole,cmalpha_x0.7,0.38461538461538464,0.38461538461538464,0.23931623931623935,
c172p,throttle_step,sig,win5,cmalpha_x0.7,0.6153846153846154,0.47058823529411764,0.1880341880341881,
c172p,throttle_step,sig,win10,cmalpha_x0.7,0.6153846153846154,0.5333333333333333,0.33333333333333337,
c172p,throttle_step,sig,whole,clo_+0.1,0.8461538461538461,0.55,0.6581196581196581,
c172p,throttle_step,sig,win5,clo_+0.1,0.7692307692307693,0.5263157894736842,0.3076923076923077,
c172p,throttle_step,sig,win10,clo_+0.1,0.8461538461538461,0.55,0.29059829059829057,
c172p,throttle_step,sig,whole,noop,,,,0.045454545454545456
c172p,throttle_step,sig,win5,noop,,,,0.045454545454545456
c172p,throttle_step,sig,win10,noop,,,,0.0
c172p,elev_doublet,det,whole,inertia_x1.6,0.5,1.0,,
c172p,elev_doublet,det,win5,inertia_x1.6,0.5,1.0,,
c172p,elev_doublet,det,win10,inertia_x1.6,0.5,1.0,,
c172p,elev_doublet,det,whole,cmq_x0.5,0.3076923076923077,0.4,0.41025641025641024,
c172p,elev_doublet,det,win5,cmq_x0.5,0.3076923076923077,0.4,0.4358974358974359,
c172p,elev_doublet,det,win10,cmq_x0.5,0.3076923076923077,0.4,0.42735042735042733,
c172p,elev_doublet,det,whole,cmalpha_x0.7,0.3076923076923077,0.36363636363636365,0.22222222222222227,
c172p,elev_doublet,det,win5,cmalpha_x0.7,0.3076923076923077,0.36363636363636365,0.27350427350427353,
c172p,elev_doublet,det,win10,cmalpha_x0.7,0.3076923076923077,0.36363636363636365,0.35042735042735046,
c172p,elev_doublet,det,whole,clo_+0.1,0.6153846153846154,0.5,0.5982905982905984,
c172p,elev_doublet,det,win5,clo_+0.1,0.6153846153846154,0.5333333333333333,0.5811965811965812,
c172p,elev_doublet,det,win10,clo_+0.1,0.6153846153846154,0.5333333333333333,0.6239316239316239,
c172p,elev_doublet,det,whole,noop,,,,0.09090909090909091
c172p,elev_doublet,det,win5,noop,,,,0.09090909090909091
c172p,elev_doublet,det,win10,noop,,,,0.09090909090909091
c172p,elev_doublet,sig,whole,inertia_x1.6,0.18181818181818182,1.0,,
c172p,elev_doublet,sig,win5,inertia_x1.6,0.0,,,
c172p,elev_doublet,sig,win10,inertia_x1.6,0.0,,,
c172p,elev_doublet,sig,whole,cmq_x0.5,0.0,,0.46153846153846156,
c172p,elev_doublet,sig,win5,cmq_x0.5,0.0,,0.5128205128205129,
c172p,elev_doublet,sig,win10,cmq_x0.5,0.0,,0.5641025641025641,
c172p,elev_doublet,sig,whole,cmalpha_x0.7,0.07692307692307693,1.0,0.47863247863247865,
c172p,elev_doublet,sig,win5,cmalpha_x0.7,0.07692307692307693,0.5,0.39316239316239315,
c172p,elev_doublet,sig,win10,cmalpha_x0.7,0.07692307692307693,1.0,0.5555555555555556,
c172p,elev_doublet,sig,whole,clo_+0.1,0.5384615384615384,0.5384615384615384,0.48717948717948717,
c172p,elev_doublet,sig,win5,clo_+0.1,0.23076923076923078,0.6,0.33333333333333337,
c172p,elev_doublet,sig,win10,clo_+0.1,0.38461538461538464,0.5555555555555556,0.37606837606837606,
c172p,elev_doublet,sig,whole,noop,,,,0.0
c172p,elev_doublet,sig,win5,noop,,,,0.0
c172p,elev_doublet,sig,win10,noop,,,,0.0
c172p,elev_step,det,whole,inertia_x1.6,0.5,1.0,,
c172p,elev_step,det,win5,inertia_x1.6,0.4090909090909091,1.0,,
c172p,elev_step,det,win10,inertia_x1.6,0.36363636363636365,1.0,,
c172p,elev_step,det,whole,cmq_x0.5,0.7692307692307693,0.5555555555555556,0.5726495726495726,
c172p,elev_step,det,win5,cmq_x0.5,0.7692307692307693,0.5555555555555556,0.5811965811965811,
c172p,elev_step,det,win10,cmq_x0.5,0.7692307692307693,0.5882352941176471,0.5982905982905983,
c172p,elev_step,det,whole,cmalpha_x0.7,0.6923076923076923,0.5,0.4615384615384615,
c172p,elev_step,det,win5,cmalpha_x0.7,0.6923076923076923,0.5,0.4273504273504274,
c172p,elev_step,det,win10,cmalpha_x0.7,0.6923076923076923,0.5,0.4017094017094017,
c172p,elev_step,det,whole,clo_+0.1,1.0,0.6190476190476191,0.5982905982905984,
c172p,elev_step,det,win5,clo_+0.1,1.0,0.6190476190476191,0.5384615384615384,
c172p,elev_step,det,win10,clo_+0.1,1.0,0.6190476190476191,0.5042735042735043,
c172p,elev_step,det,whole,noop,,,,0.18181818181818182
c172p,elev_step,det,win5,noop,,,,0.13636363636363635
c172p,elev_step,det,win10,noop,,,,0.09090909090909091
c172p,elev_step,sig,whole,inertia_x1.6,0.13636363636363635,1.0,,
c172p,elev_step,sig,win5,inertia_x1.6,0.36363636363636365,1.0,,
c172p,elev_step,sig,win10,inertia_x1.6,0.4090909090909091,1.0,,
c172p,elev_step,sig,whole,cmq_x0.5,0.23076923076923078,0.2727272727272727,0.20512820512820518,
c172p,elev_step,sig,win5,cmq_x0.5,0.3076923076923077,0.36363636363636365,0.1965811965811966,
c172p,elev_step,sig,win10,cmq_x0.5,0.38461538461538464,0.38461538461538464,0.17094017094017094,
c172p,elev_step,sig,whole,cmalpha_x0.7,0.6153846153846154,0.5333333333333333,0.4358974358974359,
c172p,elev_step,sig,win5,cmalpha_x0.7,0.7692307692307693,0.5555555555555556,0.3504273504273504,
c172p,elev_step,sig,win10,cmalpha_x0.7,0.7692307692307693,0.5882352941176471,0.5213675213675214,
c172p,elev_step,sig,whole,clo_+0.1,0.38461538461538464,0.38461538461538464,0.3162393162393163,
c172p,elev_step,sig,win5,clo_+0.1,0.5384615384615384,0.5,0.3504273504273504,
c172p,elev_step,sig,win10,clo_+0.1,0.38461538461538464,0.4166666666666667,0.41025641025641035,
c172p,elev_step,sig,whole,noop,,,,0.22727272727272727
c172p,elev_step,sig,win5,noop,,,,0.36363636363636365
c172p,elev_step,sig,win10,noop,,,,0.2727272727272727
c172p,aileron_step,det,whole,inertia_x1.6,0.4090909090909091,1.0,,
c172p,aileron_step,det,win5,inertia_x1.6,0.4090909090909091,1.0,,
c172p,aileron_step,det,win10,inertia_x1.6,0.4090909090909091,1.0,,
c172p,aileron_step,det,whole,cmq_x0.5,0.23076923076923078,1.0,0.8461538461538461,
c172p,aileron_step,det,win5,cmq_x0.5,0.3076923076923077,1.0,0.8461538461538461,
c172p,aileron_step,det,win10,cmq_x0.5,0.3076923076923077,1.0,0.7948717948717948,
c172p,aileron_step,det,whole,cmalpha_x0.7,0.07692307692307693,1.0,0.28205128205128205,
c172p,aileron_step,det,win5,cmalpha_x0.7,0.07692307692307693,1.0,0.32478632478632485,
c172p,aileron_step,det,win10,cmalpha_x0.7,0.07692307692307693,1.0,0.29914529914529914,
c172p,aileron_step,det,whole,clo_+0.1,0.3076923076923077,0.8,0.4444444444444445,
c172p,aileron_step,det,win5,clo_+0.1,0.3076923076923077,0.6666666666666666,0.4273504273504274,
c172p,aileron_step,det,win10,clo_+0.1,0.23076923076923078,0.75,0.41025641025641035,
c172p,aileron_step,det,whole,noop,,,,0.0
c172p,aileron_step,det,win5,noop,,,,0.0
c172p,aileron_step,det,win10,noop,,,,0.0
c172p,aileron_step,sig,whole,inertia_x1.6,0.13636363636363635,1.0,,
c172p,aileron_step,sig,win5,inertia_x1.6,0.045454545454545456,1.0,,
c172p,aileron_step,sig,win10,inertia_x1.6,0.09090909090909091,1.0,,
c172p,aileron_step,sig,whole,cmq_x0.5,0.23076923076923078,0.6,0.6495726495726497,
c172p,aileron_step,sig,win5,cmq_x0.5,0.07692307692307693,0.5,0.6153846153846154,
c172p,aileron_step,sig,win10,cmq_x0.5,0.3076923076923077,0.8,0.6752136752136753,
c172p,aileron_step,sig,whole,cmalpha_x0.7,0.23076923076923078,1.0,0.7521367521367521,
c172p,aileron_step,sig,win5,cmalpha_x0.7,0.23076923076923078,1.0,0.8547008547008547,
c172p,aileron_step,sig,win10,cmalpha_x0.7,0.23076923076923078,1.0,0.8461538461538461,
c172p,aileron_step,sig,whole,clo_+0.1,0.07692307692307693,1.0,0.4871794871794872,
c172p,aileron_step,sig,win5,clo_+0.1,0.23076923076923078,1.0,0.6068376068376068,
c172p,aileron_step,sig,win10,clo_+0.1,0.15384615384615385,1.0,0.5299145299145298,
c172p,aileron_step,sig,whole,noop,,,,0.09090909090909091
c172p,aileron_step,sig,win5,noop,,,,0.0
c172p,aileron_step,sig,win10,noop,,,,0.0
c172p,rudder_doublet,det,whole,inertia_x1.6,0.5909090909090909,1.0,,
c172p,rudder_doublet,det,win5,inertia_x1.6,0.6363636363636364,1.0,,
c172p,rudder_doublet,det,win10,inertia_x1.6,0.6363636363636364,1.0,,
c172p,rudder_doublet,det,whole,cmq_x0.5,0.3076923076923077,1.0,0.7008547008547008,
c172p,rudder_doublet,det,win5,cmq_x0.5,0.46153846153846156,1.0,0.6923076923076923,
c172p,rudder_doublet,det,win10,cmq_x0.5,0.46153846153846156,1.0,0.7008547008547008,
c172p,rudder_doublet,det,whole,cmalpha_x0.7,0.6153846153846154,1.0,0.7863247863247864,
c172p,rudder_doublet,det,win5,cmalpha_x0.7,0.5384615384615384,1.0,0.7863247863247864,
c172p,rudder_doublet,det,win10,cmalpha_x0.7,0.5384615384615384,1.0,0.7948717948717949,
c172p,rudder_doublet,det,whole,clo_+0.1,0.46153846153846156,1.0,0.7948717948717949,
c172p,rudder_doublet,det,win5,clo_+0.1,0.46153846153846156,1.0,0.7863247863247864,
c172p,rudder_doublet,det,win10,clo_+0.1,0.38461538461538464,1.0,0.811965811965812,
c172p,rudder_doublet,det,whole,noop,,,,0.045454545454545456
c172p,rudder_doublet,det,win5,noop,,,,0.045454545454545456
c172p,rudder_doublet,det,win10,noop,,,,0.045454545454545456
c172p,rudder_doublet,sig,whole,inertia_x1.6,0.4090909090909091,1.0,,
c172p,rudder_doublet,sig,win5,inertia_x1.6,0.3181818181818182,1.0,,
c172p,rudder_doublet,sig,win10,inertia_x1.6,0.3181818181818182,1.0,,
c172p,rudder_doublet,sig,whole,cmq_x0.5,0.23076923076923078,1.0,0.45299145299145294,
c172p,rudder_doublet,sig,win5,cmq_x0.5,0.23076923076923078,1.0,0.452991452991453,
c172p,rudder_doublet,sig,win10,cmq_x0.5,0.38461538461538464,1.0,0.5299145299145299,
c172p,rudder_doublet,sig,whole,cmalpha_x0.7,0.3076923076923077,1.0,0.6324786324786325,
c172p,rudder_doublet,sig,win5,cmalpha_x0.7,0.23076923076923078,0.75,0.7350427350427351,
c172p,rudder_doublet,sig,win10,cmalpha_x0.7,0.15384615384615385,0.6666666666666666,0.6324786324786325,
c172p,rudder_doublet,sig,whole,clo_+0.1,0.6923076923076923,0.5625,0.7692307692307692,
c172p,rudder_doublet,sig,win5,clo_+0.1,0.6153846153846154,0.8,0.7008547008547009,
c172p,rudder_doublet,sig,win10,clo_+0.1,0.6923076923076923,0.75,0.7008547008547009,
c172p,rudder_doublet,sig,whole,noop,,,,0.045454545454545456
c172p,rudder_doublet,sig,win5,noop,,,,0.0
c172p,rudder_doublet,sig,win10,noop,,,,0.0
c172p,bank_hold,det,whole,inertia_x1.6,0.4090909090909091,1.0,,
c172p,bank_hold,det,win5,inertia_x1.6,0.4090909090909091,1.0,,
c172p,bank_hold,det,win10,inertia_x1.6,0.4090909090909091,1.0,,
c172p,bank_hold,det,whole,cmq_x0.5,0.7692307692307693,1.0,0.8547008547008548,
c172p,bank_hold,det,win5,cmq_x0.5,0.6153846153846154,1.0,0.8461538461538463,
c172p,bank_hold,det,win10,cmq_x0.5,0.6923076923076923,1.0,0.905982905982906,
c172p,bank_hold,det,whole,cmalpha_x0.7,0.07692307692307693,1.0,0.33333333333333337,
c172p,bank_hold,det,win5,cmalpha_x0.7,0.07692307692307693,1.0,0.36752136752136755,
c172p,bank_hold,det,win10,cmalpha_x0.7,0.07692307692307693,1.0,0.33333333333333337,
c172p,bank_hold,det,whole,clo_+0.1,0.46153846153846156,0.5454545454545454,0.7521367521367521,
c172p,bank_hold,det,win5,clo_+0.1,0.46153846153846156,0.5454545454545454,0.6923076923076923,
c172p,bank_hold,det,win10,clo_+0.1,0.46153846153846156,0.5,0.6581196581196582,
c172p,bank_hold,det,whole,noop,,,,0.0
c172p,bank_hold,det,win5,noop,,,,0.0
c172p,bank_hold,det,win10,noop,,,,0.0
c172p,bank_hold,sig,whole,inertia_x1.6,0.045454545454545456,1.0,,
c172p,bank_hold,sig,win5,inertia_x1.6,0.0,,,
c172p,bank_hold,sig,win10,inertia_x1.6,0.0,,,
c172p,bank_hold,sig,whole,cmq_x0.5,0.38461538461538464,1.0,0.717948717948718,
c172p,bank_hold,sig,win5,cmq_x0.5,0.23076923076923078,1.0,0.5042735042735043,
c172p,bank_hold,sig,win10,cmq_x0.5,0.38461538461538464,0.8333333333333334,0.6752136752136753,
c172p,bank_hold,sig,whole,cmalpha_x0.7,0.0,,0.5299145299145299,
c172p,bank_hold,sig,win5,cmalpha_x0.7,0.07692307692307693,1.0,0.4358974358974359,
c172p,bank_hold,sig,win10,cmalpha_x0.7,0.0,,0.5299145299145299,
c172p,bank_hold,sig,whole,clo_+0.1,0.6923076923076923,0.8181818181818182,0.8376068376068377,
c172p,bank_hold,sig,win5,clo_+0.1,0.6153846153846154,0.8,0.7863247863247864,
c172p,bank_hold,sig,win10,clo_+0.1,0.7692307692307693,0.7142857142857143,0.717948717948718,
c172p,bank_hold,sig,whole,noop,,,,0.0
c172p,bank_hold,sig,win5,noop,,,,0.0
c172p,bank_hold,sig,win10,noop,,,,0.0
c172p,flap_extend,det,whole,inertia_x1.6,0.5909090909090909,1.0,,
c172p,flap_extend,det,win5,inertia_x1.6,0.5909090909090909,1.0,,
c172p,flap_extend,det,win10,inertia_x1.6,0.5454545454545454,1.0,,
c172p,flap_extend,det,whole,cmq_x0.5,0.5384615384615384,0.4666666666666667,0.4273504273504274,
c172p,flap_extend,det,win5,cmq_x0.5,0.7692307692307693,0.5555555555555556,0.45299145299145305,
c172p,flap_extend,det,win10,cmq_x0.5,0.7692307692307693,0.5263157894736842,0.41880341880341887,
c172p,flap_extend,det,whole,cmalpha_x0.7,1.0,0.5909090909090909,0.2905982905982907,
c172p,flap_extend,det,win5,cmalpha_x0.7,1.0,0.5909090909090909,0.3076923076923077,
c172p,flap_extend,det,win10,cmalpha_x0.7,1.0,0.5909090909090909,0.2991452991452992,
c172p,flap_extend,det,whole,clo_+0.1,0.7692307692307693,0.5555555555555556,0.4871794871794872,
c172p,flap_extend,det,win5,clo_+0.1,0.7692307692307693,0.5555555555555556,0.47863247863247865,
c172p,flap_extend,det,win10,clo_+0.1,0.7692307692307693,0.5555555555555556,0.48717948717948717,
c172p,flap_extend,det,whole,noop,,,,0.13636363636363635
c172p,flap_extend,det,win5,noop,,,,0.13636363636363635
c172p,flap_extend,det,win10,noop,,,,0.13636363636363635
c172p,flap_extend,sig,whole,inertia_x1.6,0.0,,,
c172p,flap_extend,sig,win5,inertia_x1.6,0.045454545454545456,1.0,,
c172p,flap_extend,sig,win10,inertia_x1.6,0.045454545454545456,1.0,,
c172p,flap_extend,sig,whole,cmq_x0.5,0.15384615384615385,0.2857142857142857,0.3162393162393162,
c172p,flap_extend,sig,win5,cmq_x0.5,0.15384615384615385,0.3333333333333333,0.5470085470085471,
c172p,flap_extend,sig,win10,cmq_x0.5,0.15384615384615385,0.4,0.41025641025641035,
c172p,flap_extend,sig,whole,cmalpha_x0.7,0.6923076923076923,0.5,0.3076923076923077,
c172p,flap_extend,sig,win5,cmalpha_x0.7,0.6923076923076923,0.5,0.452991452991453,
c172p,flap_extend,sig,win10,cmalpha_x0.7,0.6923076923076923,0.5,0.28205128205128205,
c172p,flap_extend,sig,whole,clo_+0.1,0.07692307692307693,0.16666666666666666,0.27350427350427353,
c172p,flap_extend,sig,win5,clo_+0.1,0.3076923076923077,0.5,0.35042735042735046,
c172p,flap_extend,sig,win10,clo_+0.1,0.3076923076923077,0.4,0.3076923076923077,
c172p,flap_extend,sig,whole,noop,,,,0.0
c172p,flap_extend,sig,win5,noop,,,,0.0
c172p,flap_extend,sig,win10,noop,,,,0.0
c172p,climbing_turn,det,whole,inertia_x1.6,0.5909090909090909,1.0,,
c172p,climbing_turn,det,win5,inertia_x1.6,0.45454545454545453,1.0,,
c172p,climbing_turn,det,win10,inertia_x1.6,0.5,1.0,,
c172p,climbing_turn,det,whole,cmq_x0.5,0.8461538461538461,0.6875,0.6752136752136753,
c172p,climbing_turn,det,win5,cmq_x0.5,0.9230769230769231,0.75,0.7008547008547008,
c172p,climbing_turn,det,win10,cmq_x0.5,0.9230769230769231,0.75,0.6666666666666667,
c172p,climbing_turn,det,whole,cmalpha_x0.7,0.7692307692307693,0.6666666666666666,0.8376068376068377,
c172p,climbing_turn,det,win5,cmalpha_x0.7,0.9230769230769231,0.75,0.9230769230769231,
c172p,climbing_turn,det,win10,cmalpha_x0.7,0.8461538461538461,0.7333333333333333,0.8974358974358975,
c172p,climbing_turn,det,whole,clo_+0.1,0.7692307692307693,0.5555555555555556,0.5726495726495727,
c172p,climbing_turn,det,win5,clo_+0.1,0.7692307692307693,0.5555555555555556,0.5213675213675215,
c172p,climbing_turn,det,win10,clo_+0.1,0.8461538461538461,0.5789473684210527,0.5555555555555556,
c172p,climbing_turn,det,whole,noop,,,,0.22727272727272727
c172p,climbing_turn,det,win5,noop,,,,0.13636363636363635
c172p,climbing_turn,det,win10,noop,,,,0.22727272727272727
c172p,climbing_turn,sig,whole,inertia_x1.6,0.36363636363636365,1.0,,
c172p,climbing_turn,sig,win5,inertia_x1.6,0.18181818181818182,1.0,,
c172p,climbing_turn,sig,win10,inertia_x1.6,0.18181818181818182,1.0,,
c172p,climbing_turn,sig,whole,cmq_x0.5,0.5384615384615384,0.7,0.6239316239316239,
c172p,climbing_turn,sig,win5,cmq_x0.5,0.46153846153846156,0.6666666666666666,0.49572649572649574,
c172p,climbing_turn,sig,win10,cmq_x0.5,0.5384615384615384,0.5833333333333334,0.46153846153846156,
c172p,climbing_turn,sig,whole,cmalpha_x0.7,0.6153846153846154,0.6666666666666666,0.36752136752136755,
c172p,climbing_turn,sig,win5,cmalpha_x0.7,0.38461538461538464,0.5,0.35042735042735046,
c172p,climbing_turn,sig,win10,cmalpha_x0.7,0.15384615384615385,0.4,0.3076923076923077,
c172p,climbing_turn,sig,whole,clo_+0.1,0.6923076923076923,0.5,0.4273504273504274,
c172p,climbing_turn,sig,win5,clo_+0.1,0.6923076923076923,0.6,0.41025641025641035,
c172p,climbing_turn,sig,win10,clo_+0.1,0.6153846153846154,0.47058823529411764,0.36752136752136755,
c172p,climbing_turn,sig,whole,noop,,,,0.13636363636363635
c172p,climbing_turn,sig,win5,noop,,,,0.2727272727272727
c172p,climbing_turn,sig,win10,noop,,,,0.18181818181818182
c172p,elev_doublet_distractor,det,whole,inertia_x1.6,0.5,1.0,,
c172p,elev_doublet_distractor,det,win5,inertia_x1.6,0.5,1.0,,
c172p,elev_doublet_distractor,det,win10,inertia_x1.6,0.5,1.0,,
c172p,elev_doublet_distractor,det,whole,cmq_x0.5,0.3076923076923077,0.8,0.5555555555555555,
c172p,elev_doublet_distractor,det,win5,cmq_x0.5,0.3076923076923077,1.0,0.6239316239316239,
c172p,elev_doublet_distractor,det,win10,cmq_x0.5,0.3076923076923077,0.8,0.6495726495726496,
c172p,elev_doublet_distractor,det,whole,cmalpha_x0.7,0.3076923076923077,0.8,0.6068376068376069,
c172p,elev_doublet_distractor,det,win5,cmalpha_x0.7,0.3076923076923077,1.0,0.5213675213675215,
c172p,elev_doublet_distractor,det,win10,cmalpha_x0.7,0.3076923076923077,0.8,0.5982905982905983,
c172p,elev_doublet_distractor,det,whole,clo_+0.1,0.6923076923076923,0.6,0.8547008547008548,
c172p,elev_doublet_distractor,det,win5,clo_+0.1,0.6923076923076923,0.8181818181818182,0.8461538461538461,
c172p,elev_doublet_distractor,det,win10,clo_+0.1,0.6923076923076923,0.6923076923076923,0.8632478632478633,
c172p,elev_doublet_distractor,det,whole,noop,,,,0.045454545454545456
c172p,elev_doublet_distractor,det,win5,noop,,,,0.0
c172p,elev_doublet_distractor,det,win10,noop,,,,0.045454545454545456
c172p,elev_doublet_distractor,sig,whole,inertia_x1.6,0.2727272727272727,1.0,,
c172p,elev_doublet_distractor,sig,win5,inertia_x1.6,0.18181818181818182,1.0,,
c172p,elev_doublet_distractor,sig,win10,inertia_x1.6,0.18181818181818182,1.0,,
c172p,elev_doublet_distractor,sig,whole,cmq_x0.5,0.07692307692307693,0.5,0.4444444444444444,
c172p,elev_doublet_distractor,sig,win5,cmq_x0.5,0.07692307692307693,0.5,0.25641025641025644,
c172p,elev_doublet_distractor,sig,win10,cmq_x0.5,0.07692307692307693,0.5,0.36752136752136755,
c172p,elev_doublet_distractor,sig,whole,cmalpha_x0.7,0.07692307692307693,1.0,0.6410256410256412,
c172p,elev_doublet_distractor,sig,win5,cmalpha_x0.7,0.0,,0.5470085470085471,
c172p,elev_doublet_distractor,sig,win10,cmalpha_x0.7,0.07692307692307693,1.0,0.5811965811965812,
c172p,elev_doublet_distractor,sig,whole,clo_+0.1,0.38461538461538464,0.5,0.5384615384615384,
c172p,elev_doublet_distractor,sig,win5,clo_+0.1,0.3076923076923077,0.8,0.35042735042735046,
c172p,elev_doublet_distractor,sig,win10,clo_+0.1,0.3076923076923077,0.8,0.6324786324786325,
c172p,elev_doublet_distractor,sig,whole,noop,,,,0.0
c172p,elev_doublet_distractor,sig,win5,noop,,,,0.0
c172p,elev_doublet_distractor,sig,win10,noop,,,,0.0
c172p,engine_stop,det,whole,inertia_x1.6,0.09090909090909091,1.0,,
c172p,engine_stop,det,win5,inertia_x1.6,0.18181818181818182,1.0,,
c172p,engine_stop,det,win10,inertia_x1.6,0.22727272727272727,1.0,,
c172p,engine_stop,det,whole,cmq_x0.5,0.3076923076923077,1.0,0.8461538461538461,
c172p,engine_stop,det,win5,cmq_x0.5,0.6153846153846154,1.0,0.829059829059829,
c172p,engine_stop,det,win10,cmq_x0.5,0.5384615384615384,1.0,0.8376068376068376,
c172p,engine_stop,det,whole,cmalpha_x0.7,0.6923076923076923,0.75,0.6837606837606838,
c172p,engine_stop,det,win5,cmalpha_x0.7,0.6923076923076923,0.75,0.6752136752136753,
c172p,engine_stop,det,win10,cmalpha_x0.7,0.6923076923076923,0.6923076923076923,0.6666666666666667,
c172p,engine_stop,det,whole,clo_+0.1,0.8461538461538461,0.7333333333333333,0.7264957264957266,
c172p,engine_stop,det,win5,clo_+0.1,0.9230769230769231,0.75,0.7692307692307692,
c172p,engine_stop,det,win10,clo_+0.1,0.9230769230769231,0.75,0.7606837606837606,
c172p,engine_stop,det,whole,noop,,,,0.0
c172p,engine_stop,det,win5,noop,,,,0.0
c172p,engine_stop,det,win10,noop,,,,0.0
c172p,engine_stop,sig,whole,inertia_x1.6,0.22727272727272727,1.0,,
c172p,engine_stop,sig,win5,inertia_x1.6,0.13636363636363635,1.0,,
c172p,engine_stop,sig,win10,inertia_x1.6,0.13636363636363635,1.0,,
c172p,engine_stop,sig,whole,cmq_x0.5,0.6153846153846154,0.8,0.811965811965812,
c172p,engine_stop,sig,win5,cmq_x0.5,0.5384615384615384,0.875,0.8547008547008548,
c172p,engine_stop,sig,win10,cmq_x0.5,0.46153846153846156,0.75,0.8717948717948719,
c172p,engine_stop,sig,whole,cmalpha_x0.7,0.5384615384615384,0.5384615384615384,0.4615384615384616,
c172p,engine_stop,sig,win5,cmalpha_x0.7,0.38461538461538464,0.4166666666666667,0.4017094017094018,
c172p,engine_stop,sig,win10,cmalpha_x0.7,0.38461538461538464,0.4166666666666667,0.4444444444444445,
c172p,engine_stop,sig,whole,clo_+0.1,0.6153846153846154,0.6153846153846154,0.5128205128205128,
c172p,engine_stop,sig,win5,clo_+0.1,0.9230769230769231,0.7058823529411765,0.5641025641025641,
c172p,engine_stop,sig,win10,clo_+0.1,0.6153846153846154,0.6153846153846154,0.5726495726495727,
c172p,engine_stop,sig,whole,noop,,,,0.0
c172p,engine_stop,sig,win5,noop,,,,0.0
c172p,engine_stop,sig,win10,noop,,,,0.0
c172r,cruise,det,whole,inertia_x1.6,0.5909090909090909,1.0,,
c172r,cruise,det,win5,inertia_x1.6,0.5,1.0,,
c172r,cruise,det,win10,inertia_x1.6,0.5454545454545454,1.0,,
c172r,cruise,det,whole,cmq_x0.5,0.07692307692307693,1.0,0.27350427350427353,
c172r,cruise,det,win5,cmq_x0.5,0.0,,0.11111111111111113,
c172r,cruise,det,win10,cmq_x0.5,0.07692307692307693,0.5,0.1452991452991453,
c172r,cruise,det,whole,cmalpha_x0.7,0.3076923076923077,0.6666666666666666,0.4188034188034188,
c172r,cruise,det,win5,cmalpha_x0.7,0.38461538461538464,0.5,0.41025641025641024,
c172r,cruise,det,win10,cmalpha_x0.7,0.3076923076923077,0.4444444444444444,0.4017094017094017,
c172r,cruise,det,whole,clo_+0.1,0.8461538461538461,0.7333333333333333,0.8974358974358975,
c172r,cruise,det,win5,clo_+0.1,0.8461538461538461,0.6470588235294118,0.8717948717948718,
c172r,cruise,det,win10,clo_+0.1,0.8461538461538461,0.7333333333333333,0.8717948717948718,
c172r,cruise,det,whole,noop,,,,0.0
c172r,cruise,det,win5,noop,,,,0.0
c172r,cruise,det,win10,noop,,,,0.0
c172r,cruise,sig,whole,inertia_x1.6,0.22727272727272727,1.0,,
c172r,cruise,sig,win5,inertia_x1.6,0.18181818181818182,1.0,,
c172r,cruise,sig,win10,inertia_x1.6,0.13636363636363635,1.0,,
c172r,cruise,sig,whole,cmq_x0.5,0.15384615384615385,0.2857142857142857,0.39316239316239315,
c172r,cruise,sig,win5,cmq_x0.5,0.15384615384615385,0.5,0.36752136752136755,
c172r,cruise,sig,win10,cmq_x0.5,0.15384615384615385,0.6666666666666666,0.4017094017094017,
c172r,cruise,sig,whole,cmalpha_x0.7,0.07692307692307693,0.25,0.32478632478632485,
c172r,cruise,sig,win5,cmalpha_x0.7,0.15384615384615385,0.5,0.41025641025641035,
c172r,cruise,sig,win10,cmalpha_x0.7,0.15384615384615385,0.6666666666666666,0.4444444444444444,
c172r,cruise,sig,whole,clo_+0.1,0.3076923076923077,0.4444444444444444,0.6837606837606838,
c172r,cruise,sig,win5,clo_+0.1,0.07692307692307693,0.5,0.6239316239316239,
c172r,cruise,sig,win10,clo_+0.1,0.07692307692307693,0.3333333333333333,0.5982905982905984,
c172r,cruise,sig,whole,noop,,,,0.0
c172r,cruise,sig,win5,noop,,,,0.0
c172r,cruise,sig,win10,noop,,,,0.045454545454545456
c172r,throttle_step,det,whole,inertia_x1.6,0.45454545454545453,1.0,,
c172r,throttle_step,det,win5,inertia_x1.6,0.2727272727272727,1.0,,
c172r,throttle_step,det,win10,inertia_x1.6,0.2727272727272727,1.0,,
c172r,throttle_step,det,whole,cmq_x0.5,0.46153846153846156,0.5,0.4871794871794872,
c172r,throttle_step,det,win5,cmq_x0.5,0.38461538461538464,0.4166666666666667,0.39316239316239326,
c172r,throttle_step,det,win10,cmq_x0.5,0.38461538461538464,0.4166666666666667,0.3418803418803419,
c172r,throttle_step,det,whole,cmalpha_x0.7,0.6923076923076923,0.5,0.811965811965812,
c172r,throttle_step,det,win5,cmalpha_x0.7,0.8461538461538461,0.55,0.7521367521367521,
c172r,throttle_step,det,win10,cmalpha_x0.7,0.8461538461538461,0.55,0.7692307692307693,
c172r,throttle_step,det,whole,clo_+0.1,0.8461538461538461,0.55,0.6581196581196581,
c172r,throttle_step,det,win5,clo_+0.1,0.8461538461538461,0.55,0.7008547008547008,
c172r,throttle_step,det,win10,clo_+0.1,0.8461538461538461,0.55,0.6837606837606838,
c172r,throttle_step,det,whole,noop,,,,0.2727272727272727
c172r,throttle_step,det,win5,noop,,,,0.36363636363636365
c172r,throttle_step,det,win10,noop,,,,0.36363636363636365
c172r,throttle_step,sig,whole,inertia_x1.6,0.045454545454545456,1.0,,
c172r,throttle_step,sig,win5,inertia_x1.6,0.09090909090909091,1.0,,
c172r,throttle_step,sig,win10,inertia_x1.6,0.045454545454545456,1.0,,
c172r,throttle_step,sig,whole,cmq_x0.5,0.23076923076923078,0.6,0.7863247863247864,
c172r,throttle_step,sig,win5,cmq_x0.5,0.38461538461538464,0.7142857142857143,0.7521367521367522,
c172r,throttle_step,sig,win10,cmq_x0.5,0.38461538461538464,0.7142857142857143,0.8461538461538463,
c172r,throttle_step,sig,whole,cmalpha_x0.7,0.6923076923076923,0.6428571428571429,0.6324786324786325,
c172r,throttle_step,sig,win5,cmalpha_x0.7,0.46153846153846156,0.5,0.4871794871794872,
c172r,throttle_step,sig,win10,cmalpha_x0.7,0.46153846153846156,0.5,0.49572649572649574,
c172r,throttle_step,sig,whole,clo_+0.1,0.7692307692307693,0.5263157894736842,0.41880341880341887,
c172r,throttle_step,sig,win5,clo_+0.1,0.8461538461538461,0.55,0.5726495726495726,
c172r,throttle_step,sig,win10,clo_+0.1,0.8461538461538461,0.55,0.23931623931623935,
c172r,throttle_step,sig,whole,noop,,,,0.0
c172r,throttle_step,sig,win5,noop,,,,0.045454545454545456
c172r,throttle_step,sig,win10,noop,,,,0.0
c172r,elev_doublet,det,whole,inertia_x1.6,0.5,1.0,,
c172r,elev_doublet,det,win5,inertia_x1.6,0.5,1.0,,
c172r,elev_doublet,det,win10,inertia_x1.6,0.45454545454545453,1.0,,
c172r,elev_doublet,det,whole,cmq_x0.5,0.38461538461538464,0.4166666666666667,0.4273504273504274,
c172r,elev_doublet,det,win5,cmq_x0.5,0.38461538461538464,0.4166666666666667,0.4358974358974359,
c172r,elev_doublet,det,win10,cmq_x0.5,0.38461538461538464,0.4166666666666667,0.4273504273504274,
c172r,elev_doublet,det,whole,cmalpha_x0.7,0.7692307692307693,0.5263157894736842,0.3247863247863248,
c172r,elev_doublet,det,win5,cmalpha_x0.7,0.6923076923076923,0.5,0.37606837606837606,
c172r,elev_doublet,det,win10,cmalpha_x0.7,0.6923076923076923,0.5,0.28205128205128205,
c172r,elev_doublet,det,whole,clo_+0.1,0.7692307692307693,0.5882352941176471,0.5726495726495726,
c172r,elev_doublet,det,win5,clo_+0.1,0.6923076923076923,0.5625,0.5897435897435898,
c172r,elev_doublet,det,win10,clo_+0.1,0.7692307692307693,0.5882352941176471,0.5726495726495726,
c172r,elev_doublet,det,whole,noop,,,,0.13636363636363635
c172r,elev_doublet,det,win5,noop,,,,0.18181818181818182
c172r,elev_doublet,det,win10,noop,,,,0.045454545454545456
c172r,elev_doublet,sig,whole,inertia_x1.6,0.13636363636363635,1.0,,
c172r,elev_doublet,sig,win5,inertia_x1.6,0.13636363636363635,1.0,,
c172r,elev_doublet,sig,win10,inertia_x1.6,0.18181818181818182,1.0,,
c172r,elev_doublet,sig,whole,cmq_x0.5,0.23076923076923078,1.0,0.6025641025641025,
c172r,elev_doublet,sig,win5,cmq_x0.5,0.15384615384615385,1.0,0.11965811965811966,
c172r,elev_doublet,sig,win10,cmq_x0.5,0.3076923076923077,1.0,0.4786324786324787,
c172r,elev_doublet,sig,whole,cmalpha_x0.7,0.46153846153846156,0.6,0.5982905982905984,
c172r,elev_doublet,sig,win5,cmalpha_x0.7,0.15384615384615385,0.6666666666666666,0.2478632478632479,
c172r,elev_doublet,sig,win10,cmalpha_x0.7,0.3076923076923077,0.6666666666666666,0.3931623931623932,
c172r,elev_doublet,sig,whole,clo_+0.1,0.15384615384615385,0.2857142857142857,0.15384615384615385,
c172r,elev_doublet,sig,win5,clo_+0.1,0.0,0.0,0.14529914529914534,
c172r,elev_doublet,sig,win10,clo_+0.1,0.23076923076923078,0.75,0.3076923076923077,
c172r,elev_doublet,sig,whole,noop,,,,0.13636363636363635
c172r,elev_doublet,sig,win5,noop,,,,0.09090909090909091
c172r,elev_doublet,sig,win10,noop,,,,0.13636363636363635
c172r,elev_step,det,whole,inertia_x1.6,0.5,1.0,,
c172r,elev_step,det,win5,inertia_x1.6,0.5,1.0,,
c172r,elev_step,det,win10,inertia_x1.6,0.5454545454545454,1.0,,
c172r,elev_step,det,whole,cmq_x0.5,0.9230769230769231,0.6,0.8034188034188035,
c172r,elev_step,det,win5,cmq_x0.5,0.9230769230769231,0.631578947368421,0.8290598290598291,
c172r,elev_step,det,win10,cmq_x0.5,0.9230769230769231,0.631578947368421,0.8461538461538463,
c172r,elev_step,det,whole,cmalpha_x0.7,0.9230769230769231,0.5714285714285714,0.6239316239316239,
c172r,elev_step,det,win5,cmalpha_x0.7,0.9230769230769231,0.5714285714285714,0.5299145299145299,
c172r,elev_step,det,win10,cmalpha_x0.7,0.9230769230769231,0.5714285714285714,0.5042735042735043,
c172r,elev_step,det,whole,clo_+0.1,1.0,0.6190476190476191,0.7606837606837608,
c172r,elev_step,det,win5,clo_+0.1,1.0,0.5909090909090909,0.7264957264957265,
c172r,elev_step,det,win10,clo_+0.1,1.0,0.5909090909090909,0.7692307692307693,
c172r,elev_step,det,whole,noop,,,,0.2727272727272727
c172r,elev_step,det,win5,noop,,,,0.22727272727272727
c172r,elev_step,det,win10,noop,,,,0.2727272727272727
c172r,elev_step,sig,whole,inertia_x1.6,0.18181818181818182,1.0,,
c172r,elev_step,sig,win5,inertia_x1.6,0.09090909090909091,1.0,,
c172r,elev_step,sig,win10,inertia_x1.6,0.13636363636363635,1.0,,
c172r,elev_step,sig,whole,cmq_x0.5,0.46153846153846156,0.6666666666666666,0.7264957264957265,
c172r,elev_step,sig,win5,cmq_x0.5,0.3076923076923077,0.5714285714285714,0.6324786324786326,
c172r,elev_step,sig,win10,cmq_x0.5,0.5384615384615384,0.7,0.7008547008547008,
c172r,elev_step,sig,whole,cmalpha_x0.7,0.6923076923076923,0.6428571428571429,0.6752136752136753,
c172r,elev_step,sig,win5,cmalpha_x0.7,0.38461538461538464,0.38461538461538464,0.36752136752136755,
c172r,elev_step,sig,win10,cmalpha_x0.7,0.38461538461538464,0.45454545454545453,0.3760683760683761,
c172r,elev_step,sig,whole,clo_+0.1,0.6923076923076923,0.6923076923076923,0.5384615384615384,
c172r,elev_step,sig,win5,clo_+0.1,0.38461538461538464,0.625,0.5384615384615385,
c172r,elev_step,sig,win10,clo_+0.1,0.46153846153846156,0.46153846153846156,0.3760683760683761,
c172r,elev_step,sig,whole,noop,,,,0.0
c172r,elev_step,sig,win5,noop,,,,0.13636363636363635
c172r,elev_step,sig,win10,noop,,,,0.045454545454545456
c172r,aileron_step,det,whole,inertia_x1.6,0.4090909090909091,1.0,,
c172r,aileron_step,det,win5,inertia_x1.6,0.4090909090909091,1.0,,
c172r,aileron_step,det,win10,inertia_x1.6,0.4090909090909091,1.0,,
c172r,aileron_step,det,whole,cmq_x0.5,0.5384615384615384,1.0,0.9230769230769231,
c172r,aileron_step,det,win5,cmq_x0.5,0.6153846153846154,1.0,0.9230769230769231,
c172r,aileron_step,det,win10,cmq_x0.5,0.6923076923076923,1.0,0.9230769230769231,
c172r,aileron_step,det,whole,cmalpha_x0.7,0.7692307692307693,0.7692307692307693,0.7863247863247864,
c172r,aileron_step,det,win5,cmalpha_x0.7,0.7692307692307693,0.9090909090909091,0.811965811965812,
c172r,aileron_step,det,win10,cmalpha_x0.7,0.7692307692307693,0.7692307692307693,0.8205128205128206,
c172r,aileron_step,det,whole,clo_+0.1,0.6923076923076923,0.5625,0.6239316239316239,
c172r,aileron_step,det,win5,clo_+0.1,0.46153846153846156,0.46153846153846156,0.5213675213675214,
c172r,aileron_step,det,win10,clo_+0.1,0.6153846153846154,0.5333333333333333,0.5384615384615385,
c172r,aileron_step,det,whole,noop,,,,0.0
c172r,aileron_step,det,win5,noop,,,,0.0
c172r,aileron_step,det,win10,noop,,,,0.045454545454545456
c172r,aileron_step,sig,whole,inertia_x1.6,0.22727272727272727,1.0,,
c172r,aileron_step,sig,win5,inertia_x1.6,0.18181818181818182,1.0,,
c172r,aileron_step,sig,win10,inertia_x1.6,0.22727272727272727,1.0,,
c172r,aileron_step,sig,whole,cmq_x0.5,0.23076923076923078,0.5,0.47008547008547014,
c172r,aileron_step,sig,win5,cmq_x0.5,0.3076923076923077,0.4444444444444444,0.2905982905982906,
c172r,aileron_step,sig,win10,cmq_x0.5,0.23076923076923078,0.5,0.4444444444444444,
c172r,aileron_step,sig,whole,cmalpha_x0.7,0.15384615384615385,0.4,0.452991452991453,
c172r,aileron_step,sig,win5,cmalpha_x0.7,0.07692307692307693,0.16666666666666666,0.41880341880341887,
c172r,aileron_step,sig,win10,cmalpha_x0.7,0.15384615384615385,0.3333333333333333,0.4700854700854701,
c172r,aileron_step,sig,whole,clo_+0.1,0.46153846153846156,0.46153846153846156,0.3162393162393163,
c172r,aileron_step,sig,win5,clo_+0.1,0.38461538461538464,0.38461538461538464,0.1965811965811966,
c172r,aileron_step,sig,win10,clo_+0.1,0.38461538461538464,0.45454545454545453,0.3418803418803419,
c172r,aileron_step,sig,whole,noop,,,,0.13636363636363635
c172r,aileron_step,sig,win5,noop,,,,0.09090909090909091
c172r,aileron_step,sig,win10,noop,,,,0.13636363636363635
c172r,rudder_doublet,det,whole,inertia_x1.6,0.5,1.0,,
c172r,rudder_doublet,det,win5,inertia_x1.6,0.5,1.0,,
c172r,rudder_doublet,det,win10,inertia_x1.6,0.5,1.0,,
c172r,rudder_doublet,det,whole,cmq_x0.5,0.23076923076923078,1.0,0.4871794871794872,
c172r,rudder_doublet,det,win5,cmq_x0.5,0.23076923076923078,1.0,0.44444444444444453,
c172r,rudder_doublet,det,win10,cmq_x0.5,0.07692307692307693,1.0,0.4871794871794872,
c172r,rudder_doublet,det,whole,cmalpha_x0.7,0.46153846153846156,1.0,0.7777777777777779,
c172r,rudder_doublet,det,win5,cmalpha_x0.7,0.5384615384615384,1.0,0.7777777777777778,
c172r,rudder_doublet,det,win10,cmalpha_x0.7,0.46153846153846156,1.0,0.7777777777777779,
c172r,rudder_doublet,det,whole,clo_+0.1,0.6923076923076923,0.6,0.547008547008547,
c172r,rudder_doublet,det,win5,clo_+0.1,0.6923076923076923,0.5625,0.5555555555555556,
c172r,rudder_doublet,det,win10,clo_+0.1,0.6923076923076923,0.6428571428571429,0.547008547008547,
c172r,rudder_doublet,det,whole,noop,,,,0.0
c172r,rudder_doublet,det,win5,noop,,,,0.0
c172r,rudder_doublet,det,win10,noop,,,,0.0
c172r,rudder_doublet,sig,whole,inertia_x1.6,0.4090909090909091,1.0,,
c172r,rudder_doublet,sig,win5,inertia_x1.6,0.36363636363636365,1.0,,
c172r,rudder_doublet,sig,win10,inertia_x1.6,0.36363636363636365,1.0,,
c172r,rudder_doublet,sig,whole,cmq_x0.5,0.07692307692307693,0.5,0.33333333333333337,
c172r,rudder_doublet,sig,win5,cmq_x0.5,0.07692307692307693,0.5,0.33333333333333337,
c172r,rudder_doublet,sig,win10,cmq_x0.5,0.15384615384615385,1.0,0.28205128205128205,
c172r,rudder_doublet,sig,whole,cmalpha_x0.7,0.46153846153846156,0.8571428571428571,0.9230769230769231,
c172r,rudder_doublet,sig,win5,cmalpha_x0.7,0.6153846153846154,1.0,0.8547008547008548,
c172r,rudder_doublet,sig,win10,cmalpha_x0.7,0.5384615384615384,1.0,0.7863247863247863,
c172r,rudder_doublet,sig,whole,clo_+0.1,0.6153846153846154,0.7272727272727273,0.7094017094017094,
c172r,rudder_doublet,sig,win5,clo_+0.1,0.6923076923076923,0.9,0.6923076923076923,
c172r,rudder_doublet,sig,win10,clo_+0.1,0.6923076923076923,0.9,0.6495726495726496,
c172r,rudder_doublet,sig,whole,noop,,,,0.045454545454545456
c172r,rudder_doublet,sig,win5,noop,,,,0.045454545454545456
c172r,rudder_doublet,sig,win10,noop,,,,0.0
c172r,bank_hold,det,whole,inertia_x1.6,0.4090909090909091,1.0,,
c172r,bank_hold,det,win5,inertia_x1.6,0.4090909090909091,1.0,,
c172r,bank_hold,det,win10,inertia_x1.6,0.4090909090909091,1.0,,
c172r,bank_hold,det,whole,cmq_x0.5,0.38461538461538464,0.8333333333333334,0.811965811965812,
c172r,bank_hold,det,win5,cmq_x0.5,0.15384615384615385,1.0,0.7606837606837606,
c172r,bank_hold,det,win10,cmq_x0.5,0.23076923076923078,0.75,0.8034188034188035,
c172r,bank_hold,det,whole,cmalpha_x0.7,0.15384615384615385,0.6666666666666666,0.7863247863247864,
c172r,bank_hold,det,win5,cmalpha_x0.7,0.3076923076923077,1.0,0.7948717948717948,
c172r,bank_hold,det,win10,cmalpha_x0.7,0.23076923076923078,0.75,0.9145299145299145,
c172r,bank_hold,det,whole,clo_+0.1,0.23076923076923078,0.375,0.2905982905982906,
c172r,bank_hold,det,win5,clo_+0.1,0.23076923076923078,0.375,0.23931623931623933,
c172r,bank_hold,det,win10,clo_+0.1,0.23076923076923078,0.375,0.2564102564102564,
c172r,bank_hold,det,whole,noop,,,,0.045454545454545456
c172r,bank_hold,det,win5,noop,,,,0.0
c172r,bank_hold,det,win10,noop,,,,0.045454545454545456
c172r,bank_hold,sig,whole,inertia_x1.6,0.13636363636363635,1.0,,
c172r,bank_hold,sig,win5,inertia_x1.6,0.045454545454545456,1.0,,
c172r,bank_hold,sig,win10,inertia_x1.6,0.09090909090909091,1.0,,
c172r,bank_hold,sig,whole,cmq_x0.5,0.23076923076923078,0.75,0.6752136752136753,
c172r,bank_hold,sig,win5,cmq_x0.5,0.23076923076923078,1.0,0.5811965811965812,
c172r,bank_hold,sig,win10,cmq_x0.5,0.23076923076923078,0.75,0.4358974358974359,
c172r,bank_hold,sig,whole,cmalpha_x0.7,0.23076923076923078,0.5,0.41025641025641035,
c172r,bank_hold,sig,win5,cmalpha_x0.7,0.23076923076923078,1.0,0.4273504273504274,
c172r,bank_hold,sig,win10,cmalpha_x0.7,0.15384615384615385,0.4,0.6410256410256411,
c172r,bank_hold,sig,whole,clo_+0.1,0.23076923076923078,0.75,0.5042735042735043,
c172r,bank_hold,sig,win5,clo_+0.1,0.23076923076923078,0.6,0.41025641025641024,
c172r,bank_hold,sig,win10,clo_+0.1,0.3076923076923077,0.5714285714285714,0.452991452991453,
c172r,bank_hold,sig,whole,noop,,,,0.045454545454545456
c172r,bank_hold,sig,win5,noop,,,,0.0
c172r,bank_hold,sig,win10,noop,,,,0.0
c172r,flap_extend,det,whole,inertia_x1.6,0.6818181818181818,1.0,,
c172r,flap_extend,det,win5,inertia_x1.6,0.5909090909090909,1.0,,
c172r,flap_extend,det,win10,inertia_x1.6,0.6363636363636364,1.0,,
c172r,flap_extend,det,whole,cmq_x0.5,0.8461538461538461,0.5789473684210527,0.6153846153846154,
c172r,flap_extend,det,win5,cmq_x0.5,0.8461538461538461,0.55,0.7094017094017094,
c172r,flap_extend,det,win10,cmq_x0.5,0.8461538461538461,0.55,0.6153846153846154,
c172r,flap_extend,det,whole,cmalpha_x0.7,1.0,0.5909090909090909,0.3162393162393163,
c172r,flap_extend,det,win5,cmalpha_x0.7,1.0,0.5909090909090909,0.35042735042735046,
c172r,flap_extend,det,win10,cmalpha_x0.7,1.0,0.5909090909090909,0.33333333333333337,
c172r,flap_extend,det,whole,clo_+0.1,0.9230769230769231,0.6,0.7094017094017093,
c172r,flap_extend,det,win5,clo_+0.1,0.9230769230769231,0.6,0.6923076923076923,
c172r,flap_extend,det,win10,clo_+0.1,0.9230769230769231,0.6,0.6752136752136754,
c172r,flap_extend,det,whole,noop,,,,0.22727272727272727
c172r,flap_extend,det,win5,noop,,,,0.22727272727272727
c172r,flap_extend,det,win10,noop,,,,0.22727272727272727
c172r,flap_extend,sig,whole,inertia_x1.6,0.045454545454545456,1.0,,
c172r,flap_extend,sig,win5,inertia_x1.6,0.13636363636363635,1.0,,
c172r,flap_extend,sig,win10,inertia_x1.6,0.045454545454545456,1.0,,
c172r,flap_extend,sig,whole,cmq_x0.5,0.0,0.0,0.2991452991452992,
c172r,flap_extend,sig,win5,cmq_x0.5,0.0,0.0,0.36752136752136755,
c172r,flap_extend,sig,win10,cmq_x0.5,0.07692307692307693,0.2,0.28205128205128205,
c172r,flap_extend,sig,whole,cmalpha_x0.7,0.6923076923076923,0.5,0.17948717948717952,
c172r,flap_extend,sig,win5,cmalpha_x0.7,0.7692307692307693,0.5263157894736842,0.41025641025641024,
c172r,flap_extend,sig,win10,cmalpha_x0.7,0.7692307692307693,0.5263157894736842,0.3076923076923077,
c172r,flap_extend,sig,whole,clo_+0.1,0.38461538461538464,0.5555555555555556,0.6239316239316239,
c172r,flap_extend,sig,win5,clo_+0.1,0.23076923076923078,0.5,0.4871794871794872,
c172r,flap_extend,sig,win10,clo_+0.1,0.38461538461538464,0.5555555555555556,0.6068376068376069,
c172r,flap_extend,sig,whole,noop,,,,0.0
c172r,flap_extend,sig,win5,noop,,,,0.09090909090909091
c172r,flap_extend,sig,win10,noop,,,,0.0
c172r,climbing_turn,det,whole,inertia_x1.6,0.4090909090909091,1.0,,
c172r,climbing_turn,det,win5,inertia_x1.6,0.4090909090909091,1.0,,
c172r,climbing_turn,det,win10,inertia_x1.6,0.4090909090909091,1.0,,
c172r,climbing_turn,det,whole,cmq_x0.5,0.46153846153846156,0.75,0.8205128205128206,
c172r,climbing_turn,det,win5,cmq_x0.5,0.3076923076923077,0.8,0.8205128205128206,
c172r,climbing_turn,det,win10,cmq_x0.5,0.3076923076923077,0.8,0.8205128205128206,
c172r,climbing_turn,det,whole,cmalpha_x0.7,0.9230769230769231,0.6666666666666666,0.8803418803418804,
c172r,climbing_turn,det,win5,cmalpha_x0.7,0.8461538461538461,0.6470588235294118,0.8547008547008548,
c172r,climbing_turn,det,win10,cmalpha_x0.7,0.8461538461538461,0.6875,0.8547008547008547,
c172r,climbing_turn,det,whole,clo_+0.1,1.0,0.6190476190476191,0.6923076923076923,
c172r,climbing_turn,det,win5,clo_+0.1,1.0,0.6190476190476191,0.6666666666666667,
c172r,climbing_turn,det,win10,clo_+0.1,1.0,0.6190476190476191,0.6837606837606838,
c172r,climbing_turn,det,whole,noop,,,,0.0
c172r,climbing_turn,det,win5,noop,,,,0.0
c172r,climbing_turn,det,win10,noop,,,,0.0
c172r,climbing_turn,sig,whole,inertia_x1.6,0.13636363636363635,1.0,,
c172r,climbing_turn,sig,win5,inertia_x1.6,0.0,,,
c172r,climbing_turn,sig,win10,inertia_x1.6,0.045454545454545456,1.0,,
c172r,climbing_turn,sig,whole,cmq_x0.5,0.07692307692307693,1.0,0.5555555555555556,
c172r,climbing_turn,sig,win5,cmq_x0.5,0.07692307692307693,1.0,0.6666666666666667,
c172r,climbing_turn,sig,win10,cmq_x0.5,0.07692307692307693,1.0,0.5299145299145299,
c172r,climbing_turn,sig,whole,cmalpha_x0.7,0.46153846153846156,0.6666666666666666,0.6666666666666667,
c172r,climbing_turn,sig,win5,cmalpha_x0.7,0.38461538461538464,0.5,0.3846153846153847,
c172r,climbing_turn,sig,win10,cmalpha_x0.7,0.46153846153846156,0.6666666666666666,0.5470085470085471,
c172r,climbing_turn,sig,whole,clo_+0.1,0.5384615384615384,0.7,0.6923076923076923,
c172r,climbing_turn,sig,win5,clo_+0.1,0.38461538461538464,0.5555555555555556,0.4444444444444444,
c172r,climbing_turn,sig,win10,clo_+0.1,0.38461538461538464,0.625,0.6068376068376068,
c172r,climbing_turn,sig,whole,noop,,,,0.0
c172r,climbing_turn,sig,win5,noop,,,,0.0
c172r,climbing_turn,sig,win10,noop,,,,0.0
c172r,elev_doublet_distractor,det,whole,inertia_x1.6,0.5454545454545454,1.0,,
c172r,elev_doublet_distractor,det,win5,inertia_x1.6,0.5454545454545454,1.0,,
c172r,elev_doublet_distractor,det,win10,inertia_x1.6,0.5454545454545454,1.0,,
c172r,elev_doublet_distractor,det,whole,cmq_x0.5,0.5384615384615384,1.0,0.7435897435897436,
c172r,elev_doublet_distractor,det,win5,cmq_x0.5,0.38461538461538464,1.0,0.8461538461538463,
c172r,elev_doublet_distractor,det,win10,cmq_x0.5,0.38461538461538464,1.0,0.7863247863247863,
c172r,elev_doublet_distractor,det,whole,cmalpha_x0.7,0.6153846153846154,0.8888888888888888,0.8632478632478633,
c172r,elev_doublet_distractor,det,win5,cmalpha_x0.7,0.5384615384615384,0.875,0.8717948717948718,
c172r,elev_doublet_distractor,det,win10,cmalpha_x0.7,0.6153846153846154,0.8888888888888888,0.8632478632478633,
c172r,elev_doublet_distractor,det,whole,clo_+0.1,1.0,0.65,0.9829059829059829,
c172r,elev_doublet_distractor,det,win5,clo_+0.1,0.8461538461538461,0.6875,0.9829059829059829,
c172r,elev_doublet_distractor,det,win10,clo_+0.1,0.8461538461538461,0.6875,0.9743589743589743,
c172r,elev_doublet_distractor,det,whole,noop,,,,0.09090909090909091
c172r,elev_doublet_distractor,det,win5,noop,,,,0.0
c172r,elev_doublet_distractor,det,win10,noop,,,,0.0
c172r,elev_doublet_distractor,sig,whole,inertia_x1.6,0.5,1.0,,
c172r,elev_doublet_distractor,sig,win5,inertia_x1.6,0.22727272727272727,1.0,,
c172r,elev_doublet_distractor,sig,win10,inertia_x1.6,0.22727272727272727,1.0,,
c172r,elev_doublet_distractor,sig,whole,cmq_x0.5,0.23076923076923078,1.0,0.641025641025641,
c172r,elev_doublet_distractor,sig,win5,cmq_x0.5,0.0,0.0,0.5726495726495726,
c172r,elev_doublet_distractor,sig,win10,cmq_x0.5,0.07692307692307693,1.0,0.5128205128205128,
c172r,elev_doublet_distractor,sig,whole,cmalpha_x0.7,0.3076923076923077,0.5714285714285714,0.5128205128205129,
c172r,elev_doublet_distractor,sig,win5,cmalpha_x0.7,0.15384615384615385,0.3333333333333333,0.5042735042735043,
c172r,elev_doublet_distractor,sig,win10,cmalpha_x0.7,0.15384615384615385,0.5,0.38461538461538464,
c172r,elev_doublet_distractor,sig,whole,clo_+0.1,0.5384615384615384,0.4666666666666667,0.5470085470085471,
c172r,elev_doublet_distractor,sig,win5,clo_+0.1,0.07692307692307693,0.2,0.45299145299145294,
c172r,elev_doublet_distractor,sig,win10,clo_+0.1,0.15384615384615385,0.25,0.3418803418803419,
c172r,elev_doublet_distractor,sig,whole,noop,,,,0.22727272727272727
c172r,elev_doublet_distractor,sig,win5,noop,,,,0.045454545454545456
c172r,elev_doublet_distractor,sig,win10,noop,,,,0.09090909090909091
c172r,engine_stop,det,whole,inertia_x1.6,0.22727272727272727,1.0,,
c172r,engine_stop,det,win5,inertia_x1.6,0.22727272727272727,1.0,,
c172r,engine_stop,det,win10,inertia_x1.6,0.22727272727272727,1.0,,
c172r,engine_stop,det,whole,cmq_x0.5,0.46153846153846156,0.6666666666666666,0.8547008547008548,
c172r,engine_stop,det,win5,cmq_x0.5,0.6153846153846154,0.7272727272727273,0.8974358974358975,
c172r,engine_stop,det,win10,cmq_x0.5,0.6153846153846154,0.8,0.8974358974358975,
c172r,engine_stop,det,whole,cmalpha_x0.7,0.3076923076923077,1.0,0.7863247863247864,
c172r,engine_stop,det,win5,cmalpha_x0.7,0.5384615384615384,1.0,0.7777777777777778,
c172r,engine_stop,det,win10,cmalpha_x0.7,0.5384615384615384,1.0,0.7606837606837606,
c172r,engine_stop,det,whole,clo_+0.1,0.6923076923076923,0.6428571428571429,0.7264957264957266,
c172r,engine_stop,det,win5,clo_+0.1,0.8461538461538461,0.6470588235294118,0.7094017094017095,
c172r,engine_stop,det,win10,clo_+0.1,0.8461538461538461,0.6470588235294118,0.7179487179487181,
c172r,engine_stop,det,whole,noop,,,,0.0
c172r,engine_stop,det,win5,noop,,,,0.0
c172r,engine_stop,det,win10,noop,,,,0.0
c172r,engine_stop,sig,whole,inertia_x1.6,0.045454545454545456,1.0,,
c172r,engine_stop,sig,win5,inertia_x1.6,0.0,,,
c172r,engine_stop,sig,win10,inertia_x1.6,0.09090909090909091,1.0,,
c172r,engine_stop,sig,whole,cmq_x0.5,0.23076923076923078,0.6,0.5641025641025641,
c172r,engine_stop,sig,win5,cmq_x0.5,0.07692307692307693,0.25,0.52991452991453,
c172r,engine_stop,sig,win10,cmq_x0.5,0.3076923076923077,0.5714285714285714,0.6068376068376069,
c172r,engine_stop,sig,whole,cmalpha_x0.7,0.0,0.0,0.07692307692307693,
c172r,engine_stop,sig,win5,cmalpha_x0.7,0.07692307692307693,0.5,0.5641025641025641,
c172r,engine_stop,sig,win10,cmalpha_x0.7,0.07692307692307693,0.3333333333333333,0.39316239316239315,
c172r,engine_stop,sig,whole,clo_+0.1,0.5384615384615384,0.5384615384615384,0.3418803418803419,
c172r,engine_stop,sig,win5,clo_+0.1,0.46153846153846156,0.42857142857142855,0.27350427350427353,
c172r,engine_stop,sig,win10,clo_+0.1,0.5384615384615384,0.5384615384615384,0.45299145299145305,
c172r,engine_stop,sig,whole,noop,,,,0.0
c172r,engine_stop,sig,win5,noop,,,,0.0
c172r,engine_stop,sig,win10,noop,,,,0.0
c182,cruise,det,whole,inertia_x1.6,0.3181818181818182,1.0,,
c182,cruise,det,win5,inertia_x1.6,0.36363636363636365,1.0,,
c182,cruise,det,win10,inertia_x1.6,0.36363636363636365,1.0,,
c182,cruise,det,whole,cmq_x0.5,0.6923076923076923,1.0,0.8205128205128205,
c182,cruise,det,win5,cmq_x0.5,0.6923076923076923,0.6428571428571429,0.8717948717948718,
c182,cruise,det,win10,cmq_x0.5,0.6923076923076923,0.6428571428571429,0.7863247863247864,
c182,cruise,det,whole,cmalpha_x0.7,0.38461538461538464,0.625,0.5042735042735043,
c182,cruise,det,win5,cmalpha_x0.7,0.8461538461538461,0.6470588235294118,0.7777777777777778,
c182,cruise,det,win10,cmalpha_x0.7,0.6923076923076923,0.6923076923076923,0.7179487179487181,
c182,cruise,det,whole,clo_+0.1,0.7692307692307693,0.7692307692307693,0.7948717948717949,
c182,cruise,det,win5,clo_+0.1,0.9230769230769231,0.7058823529411765,0.7863247863247863,
c182,cruise,det,win10,clo_+0.1,0.9230769230769231,0.7058823529411765,0.7606837606837606,
c182,cruise,det,whole,noop,,,,0.22727272727272727
c182,cruise,det,win5,noop,,,,0.22727272727272727
c182,cruise,det,win10,noop,,,,0.22727272727272727
c182,cruise,sig,whole,inertia_x1.6,0.2727272727272727,1.0,,
c182,cruise,sig,win5,inertia_x1.6,0.09090909090909091,1.0,,
c182,cruise,sig,win10,inertia_x1.6,0.2727272727272727,1.0,,
c182,cruise,sig,whole,cmq_x0.5,0.5384615384615384,0.7777777777777778,0.905982905982906,
c182,cruise,sig,win5,cmq_x0.5,0.3076923076923077,0.8,0.7008547008547009,
c182,cruise,sig,win10,cmq_x0.5,0.46153846153846156,0.8571428571428571,0.7008547008547009,
c182,cruise,sig,whole,cmalpha_x0.7,0.07692307692307693,0.5,0.5982905982905983,
c182,cruise,sig,win5,cmalpha_x0.7,0.23076923076923078,1.0,0.641025641025641,
c182,cruise,sig,win10,cmalpha_x0.7,0.3076923076923077,1.0,0.7606837606837606,
c182,cruise,sig,whole,clo_+0.1,0.5384615384615384,0.875,0.9059829059829061,
c182,cruise,sig,win5,clo_+0.1,0.46153846153846156,0.75,0.8632478632478633,
c182,cruise,sig,win10,clo_+0.1,0.46153846153846156,0.6666666666666666,0.7521367521367521,
c182,cruise,sig,whole,noop,,,,0.18181818181818182
c182,cruise,sig,win5,noop,,,,0.09090909090909091
c182,cruise,sig,win10,noop,,,,0.2727272727272727
c182,throttle_step,det,whole,inertia_x1.6,0.3181818181818182,1.0,,
c182,throttle_step,det,win5,inertia_x1.6,0.36363636363636365,1.0,,
c182,throttle_step,det,win10,inertia_x1.6,0.36363636363636365,1.0,,
c182,throttle_step,det,whole,cmq_x0.5,0.8461538461538461,0.6111111111111112,0.7692307692307693,
c182,throttle_step,det,win5,cmq_x0.5,0.9230769230769231,0.631578947368421,0.7606837606837606,
c182,throttle_step,det,win10,cmq_x0.5,0.9230769230769231,0.631578947368421,0.7521367521367521,
c182,throttle_step,det,whole,cmalpha_x0.7,0.6923076923076923,0.6,0.7777777777777777,
c182,throttle_step,det,win5,cmalpha_x0.7,0.8461538461538461,0.6111111111111112,0.7863247863247863,
c182,throttle_step,det,win10,cmalpha_x0.7,0.7692307692307693,0.5882352941176471,0.7863247863247863,
c182,throttle_step,det,whole,clo_+0.1,0.8461538461538461,0.6470588235294118,0.7948717948717949,
c182,throttle_step,det,win5,clo_+0.1,0.8461538461538461,0.6111111111111112,0.8034188034188035,
c182,throttle_step,det,win10,clo_+0.1,0.8461538461538461,0.6111111111111112,0.7692307692307693,
c182,throttle_step,det,whole,noop,,,,0.18181818181818182
c182,throttle_step,det,win5,noop,,,,0.13636363636363635
c182,throttle_step,det,win10,noop,,,,0.13636363636363635
c182,throttle_step,sig,whole,inertia_x1.6,0.4090909090909091,1.0,,
c182,throttle_step,sig,win5,inertia_x1.6,0.2727272727272727,1.0,,
c182,throttle_step,sig,win10,inertia_x1.6,0.4090909090909091,1.0,,
c182,throttle_step,sig,whole,cmq_x0.5,0.6923076923076923,0.5,0.5042735042735043,
c182,throttle_step,sig,win5,cmq_x0.5,0.7692307692307693,0.5263157894736842,0.23076923076923078,
c182,throttle_step,sig,win10,cmq_x0.5,0.6923076923076923,0.5294117647058824,0.28205128205128205,
c182,throttle_step,sig,whole,cmalpha_x0.7,0.6923076923076923,0.5625,0.37606837606837606,
c182,throttle_step,sig,win5,cmalpha_x0.7,0.38461538461538464,0.45454545454545453,0.24786324786324793,
c182,throttle_step,sig,win10,cmalpha_x0.7,0.5384615384615384,0.5384615384615384,0.41025641025641035,
c182,throttle_step,sig,whole,clo_+0.1,0.6923076923076923,0.5,0.49572649572649574,
c182,throttle_step,sig,win5,clo_+0.1,0.6923076923076923,0.5,0.3162393162393163,
c182,throttle_step,sig,win10,clo_+0.1,0.6923076923076923,0.5,0.2307692307692308,
c182,throttle_step,sig,whole,noop,,,,0.2727272727272727
c182,throttle_step,sig,win5,noop,,,,0.09090909090909091
c182,throttle_step,sig,win10,noop,,,,0.18181818181818182
c182,elev_doublet,det,whole,inertia_x1.6,0.22727272727272727,1.0,,
c182,elev_doublet,det,win5,inertia_x1.6,0.36363636363636365,1.0,,
c182,elev_doublet,det,win10,inertia_x1.6,0.22727272727272727,1.0,,
c182,elev_doublet,det,whole,cmq_x0.5,0.23076923076923078,1.0,0.3931623931623932,
c182,elev_doublet,det,win5,cmq_x0.5,0.23076923076923078,1.0,0.36752136752136755,
c182,elev_doublet,det,win10,cmq_x0.5,0.23076923076923078,1.0,0.3760683760683761,
c182,elev_doublet,det,whole,cmalpha_x0.7,0.0,,0.5811965811965812,
c182,elev_doublet,det,win5,cmalpha_x0.7,0.0,,0.5213675213675214,
c182,elev_doublet,det,win10,cmalpha_x0.7,0.0,,0.5726495726495727,
c182,elev_doublet,det,whole,clo_+0.1,0.7692307692307693,0.5882352941176471,0.888888888888889,
c182,elev_doublet,det,win5,clo_+0.1,0.8461538461538461,0.5789473684210527,0.9145299145299146,
c182,elev_doublet,det,win10,clo_+0.1,0.8461538461538461,0.6111111111111112,0.9145299145299146,
c182,elev_doublet,det,whole,noop,,,,0.0
c182,elev_doublet,det,win5,noop,,,,0.0
c182,elev_doublet,det,win10,noop,,,,0.0
c182,elev_doublet,sig,whole,inertia_x1.6,0.0,,,
c182,elev_doublet,sig,win5,inertia_x1.6,0.0,,,
c182,elev_doublet,sig,win10,inertia_x1.6,0.0,,,
c182,elev_doublet,sig,whole,cmq_x0.5,0.0,,0.46153846153846156,
c182,elev_doublet,sig,win5,cmq_x0.5,0.07692307692307693,1.0,0.6068376068376069,
c182,elev_doublet,sig,win10,cmq_x0.5,0.0,,0.7606837606837606,
c182,elev_doublet,sig,whole,cmalpha_x0.7,0.3076923076923077,1.0,0.6923076923076923,
c182,elev_doublet,sig,win5,cmalpha_x0.7,0.3076923076923077,1.0,0.6324786324786325,
c182,elev_doublet,sig,win10,cmalpha_x0.7,0.3076923076923077,1.0,0.6153846153846153,
c182,elev_doublet,sig,whole,clo_+0.1,0.46153846153846156,1.0,0.8461538461538461,
c182,elev_doublet,sig,win5,clo_+0.1,0.3076923076923077,1.0,0.8205128205128206,
c182,elev_doublet,sig,win10,clo_+0.1,0.3076923076923077,0.8,0.8290598290598291,
c182,elev_doublet,sig,whole,noop,,,,0.0
c182,elev_doublet,sig,win5,noop,,,,0.0
c182,elev_doublet,sig,win10,noop,,,,0.0
c182,elev_step,det,whole,inertia_x1.6,0.09090909090909091,1.0,,
c182,elev_step,det,win5,inertia_x1.6,0.09090909090909091,1.0,,
c182,elev_step,det,win10,inertia_x1.6,0.09090909090909091,1.0,,
c182,elev_step,det,whole,cmq_x0.5,0.7692307692307693,0.6666666666666666,0.8632478632478633,
c182,elev_step,det,win5,cmq_x0.5,0.9230769230769231,0.6666666666666666,0.8290598290598291,
c182,elev_step,det,win10,cmq_x0.5,1.0,0.6842105263157895,0.8205128205128205,
c182,elev_step,det,whole,cmalpha_x0.7,0.6153846153846154,0.6666666666666666,0.6495726495726497,
c182,elev_step,det,win5,cmalpha_x0.7,0.6923076923076923,0.6,0.6410256410256411,
c182,elev_step,det,win10,cmalpha_x0.7,0.6923076923076923,0.6,0.6239316239316239,
c182,elev_step,det,whole,clo_+0.1,0.8461538461538461,0.7333333333333333,0.9572649572649572,
c182,elev_step,det,win5,clo_+0.1,0.8461538461538461,0.7333333333333333,0.9572649572649572,
c182,elev_step,det,win10,clo_+0.1,0.8461538461538461,0.6875,0.9487179487179487,
c182,elev_step,det,whole,noop,,,,0.0
c182,elev_step,det,win5,noop,,,,0.0
c182,elev_step,det,win10,noop,,,,0.0
c182,elev_step,sig,whole,inertia_x1.6,0.0,,,
c182,elev_step,sig,win5,inertia_x1.6,0.0,,,
c182,elev_step,sig,win10,inertia_x1.6,0.09090909090909091,1.0,,
c182,elev_step,sig,whole,cmq_x0.5,0.6923076923076923,0.6,0.5213675213675214,
c182,elev_step,sig,win5,cmq_x0.5,0.5384615384615384,0.5384615384615384,0.4871794871794872,
c182,elev_step,sig,win10,cmq_x0.5,0.6923076923076923,0.6,0.5042735042735043,
c182,elev_step,sig,whole,cmalpha_x0.7,0.15384615384615385,0.2857142857142857,0.34188034188034194,
c182,elev_step,sig,win5,cmalpha_x0.7,0.23076923076923078,0.42857142857142855,0.35897435897435903,
c182,elev_step,sig,win10,cmalpha_x0.7,0.23076923076923078,0.3333333333333333,0.45299145299145305,
c182,elev_step,sig,whole,clo_+0.1,0.46153846153846156,0.5454545454545454,0.4871794871794872,
c182,elev_step,sig,win5,clo_+0.1,0.6153846153846154,0.5714285714285714,0.38461538461538464,
c182,elev_step,sig,win10,clo_+0.1,0.5384615384615384,0.5384615384615384,0.4700854700854701,
c182,elev_step,sig,whole,noop,,,,0.0
c182,elev_step,sig,win5,noop,,,,0.0
c182,elev_step,sig,win10,noop,,,,0.09090909090909091
c182,aileron_step,det,whole,inertia_x1.6,0.3181818181818182,1.0,,
c182,aileron_step,det,win5,inertia_x1.6,0.3181818181818182,1.0,,
c182,aileron_step,det,win10,inertia_x1.6,0.3181818181818182,1.0,,
c182,aileron_step,det,whole,cmq_x0.5,0.6153846153846154,1.0,0.6495726495726497,
c182,aileron_step,det,win5,cmq_x0.5,0.5384615384615384,1.0,0.6666666666666667,
c182,aileron_step,det,win10,cmq_x0.5,0.46153846153846156,0.8571428571428571,0.5982905982905983,
c182,aileron_step,det,whole,cmalpha_x0.7,0.46153846153846156,1.0,0.7094017094017093,
c182,aileron_step,det,win5,cmalpha_x0.7,0.3076923076923077,1.0,0.7777777777777778,
c182,aileron_step,det,win10,cmalpha_x0.7,0.46153846153846156,1.0,0.7692307692307693,
c182,aileron_step,det,whole,clo_+0.1,1.0,0.6190476190476191,0.7094017094017094,
c182,aileron_step,det,win5,clo_+0.1,1.0,0.65,0.717948717948718,
c182,aileron_step,det,win10,clo_+0.1,1.0,0.65,0.717948717948718,
c182,aileron_step,det,whole,noop,,,,0.0
c182,aileron_step,det,win5,noop,,,,0.0
c182,aileron_step,det,win10,noop,,,,0.0
c182,aileron_step,sig,whole,inertia_x1.6,0.18181818181818182,1.0,,
c182,aileron_step,sig,win5,inertia_x1.6,0.13636363636363635,1.0,,
c182,aileron_step,sig,win10,inertia_x1.6,0.2727272727272727,1.0,,
c182,aileron_step,sig,whole,cmq_x0.5,0.15384615384615385,0.4,0.5299145299145299,
c182,aileron_step,sig,win5,cmq_x0.5,0.15384615384615385,0.5,0.5641025641025641,
c182,aileron_step,sig,win10,cmq_x0.5,0.23076923076923078,0.6,0.6837606837606838,
c182,aileron_step,sig,whole,cmalpha_x0.7,0.23076923076923078,1.0,0.8290598290598291,
c182,aileron_step,sig,win5,cmalpha_x0.7,0.15384615384615385,1.0,0.6666666666666667,
c182,aileron_step,sig,win10,cmalpha_x0.7,0.23076923076923078,1.0,0.8205128205128205,
c182,aileron_step,sig,whole,clo_+0.1,0.6153846153846154,0.7272727272727273,0.7008547008547009,
c182,aileron_step,sig,win5,clo_+0.1,0.38461538461538464,0.5555555555555556,0.6153846153846154,
c182,aileron_step,sig,win10,clo_+0.1,0.38461538461538464,0.625,0.6239316239316239,
c182,aileron_step,sig,whole,noop,,,,0.13636363636363635
c182,aileron_step,sig,win5,noop,,,,0.09090909090909091
c182,aileron_step,sig,win10,noop,,,,0.045454545454545456
c182,rudder_doublet,det,whole,inertia_x1.6,0.6818181818181818,1.0,,
c182,rudder_doublet,det,win5,inertia_x1.6,0.6818181818181818,1.0,,
c182,rudder_doublet,det,win10,inertia_x1.6,0.6818181818181818,1.0,,
c182,rudder_doublet,det,whole,cmq_x0.5,0.6923076923076923,0.9,0.623931623931624,
c182,rudder_doublet,det,win5,cmq_x0.5,0.6923076923076923,1.0,0.6666666666666667,
c182,rudder_doublet,det,win10,cmq_x0.5,0.6923076923076923,0.9,0.6153846153846154,
c182,rudder_doublet,det,whole,cmalpha_x0.7,0.6153846153846154,0.8888888888888888,0.5726495726495726,
c182,rudder_doublet,det,win5,cmalpha_x0.7,0.6153846153846154,0.8888888888888888,0.5726495726495727,
c182,rudder_doublet,det,win10,cmalpha_x0.7,0.6153846153846154,0.8888888888888888,0.5982905982905983,
c182,rudder_doublet,det,whole,clo_+0.1,0.8461538461538461,0.6111111111111112,0.641025641025641,
c182,rudder_doublet,det,win5,clo_+0.1,0.8461538461538461,0.6111111111111112,0.6410256410256411,
c182,rudder_doublet,det,win10,clo_+0.1,0.8461538461538461,0.6111111111111112,0.6239316239316239,
c182,rudder_doublet,det,whole,noop,,,,0.13636363636363635
c182,rudder_doublet,det,win5,noop,,,,0.13636363636363635
c182,rudder_doublet,det,win10,noop,,,,0.18181818181818182
c182,rudder_doublet,sig,whole,inertia_x1.6,0.22727272727272727,1.0,,
c182,rudder_doublet,sig,win5,inertia_x1.6,0.22727272727272727,1.0,,
c182,rudder_doublet,sig,win10,inertia_x1.6,0.22727272727272727,1.0,,
c182,rudder_doublet,sig,whole,cmq_x0.5,0.3076923076923077,0.8,0.7435897435897436,
c182,rudder_doublet,sig,win5,cmq_x0.5,0.38461538461538464,0.8333333333333334,0.717948717948718,
c182,rudder_doublet,sig,win10,cmq_x0.5,0.23076923076923078,0.75,0.5042735042735043,
c182,rudder_doublet,sig,whole,cmalpha_x0.7,0.23076923076923078,1.0,0.5299145299145299,
c182,rudder_doublet,sig,win5,cmalpha_x0.7,0.23076923076923078,1.0,0.5811965811965812,
c182,rudder_doublet,sig,win10,cmalpha_x0.7,0.23076923076923078,1.0,0.5384615384615385,
c182,rudder_doublet,sig,whole,clo_+0.1,0.7692307692307693,0.7142857142857143,0.905982905982906,
c182,rudder_doublet,sig,win5,clo_+0.1,0.6923076923076923,0.75,0.8461538461538461,
c182,rudder_doublet,sig,win10,clo_+0.1,0.9230769230769231,0.75,0.8034188034188035,
c182,rudder_doublet,sig,whole,noop,,,,0.0
c182,rudder_doublet,sig,win5,noop,,,,0.0
c182,rudder_doublet,sig,win10,noop,,,,0.0
c182,bank_hold,det,whole,inertia_x1.6,0.3181818181818182,1.0,,
c182,bank_hold,det,win5,inertia_x1.6,0.3181818181818182,1.0,,
c182,bank_hold,det,win10,inertia_x1.6,0.3181818181818182,1.0,,
c182,bank_hold,det,whole,cmq_x0.5,0.3076923076923077,1.0,0.8034188034188035,
c182,bank_hold,det,win5,cmq_x0.5,0.3076923076923077,1.0,0.7606837606837608,
c182,bank_hold,det,win10,cmq_x0.5,0.15384615384615385,1.0,0.6923076923076923,
c182,bank_hold,det,whole,cmalpha_x0.7,0.07692307692307693,1.0,0.8547008547008548,
c182,bank_hold,det,win5,cmalpha_x0.7,0.23076923076923078,1.0,0.8803418803418803,
c182,bank_hold,det,win10,cmalpha_x0.7,0.23076923076923078,1.0,0.829059829059829,
c182,bank_hold,det,whole,clo_+0.1,0.8461538461538461,0.5789473684210527,0.6239316239316239,
c182,bank_hold,det,win5,clo_+0.1,0.8461538461538461,0.5789473684210527,0.6324786324786325,
c182,bank_hold,det,win10,clo_+0.1,0.8461538461538461,0.5789473684210527,0.6239316239316239,
c182,bank_hold,det,whole,noop,,,,0.0
c182,bank_hold,det,win5,noop,,,,0.0
c182,bank_hold,det,win10,noop,,,,0.0
c182,bank_hold,sig,whole,inertia_x1.6,0.13636363636363635,1.0,,
c182,bank_hold,sig,win5,inertia_x1.6,0.045454545454545456,1.0,,
c182,bank_hold,sig,win10,inertia_x1.6,0.045454545454545456,1.0,,
c182,bank_hold,sig,whole,cmq_x0.5,0.23076923076923078,1.0,0.7094017094017094,
c182,bank_hold,sig,win5,cmq_x0.5,0.23076923076923078,0.6,0.44444444444444453,
c182,bank_hold,sig,win10,cmq_x0.5,0.38461538461538464,0.7142857142857143,0.42735042735042733,
c182,bank_hold,sig,whole,cmalpha_x0.7,0.07692307692307693,0.5,0.4871794871794872,
c182,bank_hold,sig,win5,cmalpha_x0.7,0.23076923076923078,0.5,0.47863247863247865,
c182,bank_hold,sig,win10,cmalpha_x0.7,0.15384615384615385,0.6666666666666666,0.6752136752136753,
c182,bank_hold,sig,whole,clo_+0.1,0.5384615384615384,0.5833333333333334,0.4957264957264957,
c182,bank_hold,sig,win5,clo_+0.1,0.6153846153846154,0.5714285714285714,0.3162393162393162,
c182,bank_hold,sig,win10,clo_+0.1,0.38461538461538464,0.5,0.38461538461538464,
c182,bank_hold,sig,whole,noop,,,,0.0
c182,bank_hold,sig,win5,noop,,,,0.0
c182,bank_hold,sig,win10,noop,,,,0.0
c182,climbing_turn,det,whole,inertia_x1.6,0.3181818181818182,1.0,,
c182,climbing_turn,det,win5,inertia_x1.6,0.36363636363636365,1.0,,
c182,climbing_turn,det,win10,inertia_x1.6,0.45454545454545453,1.0,,
c182,climbing_turn,det,whole,cmq_x0.5,0.7692307692307693,0.6666666666666666,0.6837606837606838,
c182,climbing_turn,det,win5,cmq_x0.5,0.6923076923076923,0.6,0.7948717948717949,
c182,climbing_turn,det,win10,cmq_x0.5,0.6923076923076923,0.6,0.7692307692307693,
c182,climbing_turn,det,whole,cmalpha_x0.7,0.6923076923076923,0.6,0.5897435897435899,
c182,climbing_turn,det,win5,cmalpha_x0.7,0.6923076923076923,0.6,0.6752136752136753,
c182,climbing_turn,det,win10,cmalpha_x0.7,0.6923076923076923,0.6428571428571429,0.6495726495726497,
c182,climbing_turn,det,whole,clo_+0.1,0.8461538461538461,0.6111111111111112,0.7264957264957266,
c182,climbing_turn,det,win5,clo_+0.1,0.8461538461538461,0.6111111111111112,0.829059829059829,
c182,climbing_turn,det,win10,clo_+0.1,0.8461538461538461,0.6111111111111112,0.8205128205128205,
c182,climbing_turn,det,whole,noop,,,,0.0
c182,climbing_turn,det,win5,noop,,,,0.13636363636363635
c182,climbing_turn,det,win10,noop,,,,0.09090909090909091
c182,climbing_turn,sig,whole,inertia_x1.6,0.2727272727272727,1.0,,
c182,climbing_turn,sig,win5,inertia_x1.6,0.36363636363636365,1.0,,
c182,climbing_turn,sig,win10,inertia_x1.6,0.09090909090909091,1.0,,
c182,climbing_turn,sig,whole,cmq_x0.5,0.6923076923076923,0.5625,0.6495726495726497,
c182,climbing_turn,sig,win5,cmq_x0.5,0.6923076923076923,0.6428571428571429,0.6153846153846154,
c182,climbing_turn,sig,win10,cmq_x0.5,0.6923076923076923,0.6428571428571429,0.6239316239316239,
c182,climbing_turn,sig,whole,cmalpha_x0.7,0.6153846153846154,0.6153846153846154,0.25641025641025644,
c182,climbing_turn,sig,win5,cmalpha_x0.7,0.6153846153846154,0.6666666666666666,0.6239316239316239,
c182,climbing_turn,sig,win10,cmalpha_x0.7,0.6153846153846154,0.6153846153846154,0.4358974358974359,
c182,climbing_turn,sig,whole,clo_+0.1,0.8461538461538461,0.6111111111111112,0.5299145299145299,
c182,climbing_turn,sig,win5,clo_+0.1,0.8461538461538461,0.6111111111111112,0.8632478632478633,
c182,climbing_turn,sig,win10,clo_+0.1,0.7692307692307693,0.6666666666666666,0.7777777777777779,
c182,climbing_turn,sig,whole,noop,,,,0.18181818181818182
c182,climbing_turn,sig,win5,noop,,,,0.09090909090909091
c182,climbing_turn,sig,win10,noop,,,,0.13636363636363635
c182,elev_doublet_distractor,det,whole,inertia_x1.6,0.36363636363636365,1.0,,
c182,elev_doublet_distractor,det,win5,inertia_x1.6,0.36363636363636365,1.0,,
c182,elev_doublet_distractor,det,win10,inertia_x1.6,0.36363636363636365,1.0,,
c182,elev_doublet_distractor,det,whole,cmq_x0.5,0.15384615384615385,1.0,0.5726495726495727,
c182,elev_doublet_distractor,det,win5,cmq_x0.5,0.15384615384615385,1.0,0.7094017094017094,
c182,elev_doublet_distractor,det,win10,cmq_x0.5,0.15384615384615385,1.0,0.6666666666666667,
c182,elev_doublet_distractor,det,whole,cmalpha_x0.7,0.3076923076923077,1.0,0.8376068376068376,
c182,elev_doublet_distractor,det,win5,cmalpha_x0.7,0.23076923076923078,1.0,0.8632478632478633,
c182,elev_doublet_distractor,det,win10,cmalpha_x0.7,0.46153846153846156,1.0,0.8632478632478633,
c182,elev_doublet_distractor,det,whole,clo_+0.1,0.7692307692307693,0.5882352941176471,0.7692307692307693,
c182,elev_doublet_distractor,det,win5,clo_+0.1,0.6923076923076923,0.5625,0.7692307692307693,
c182,elev_doublet_distractor,det,win10,clo_+0.1,0.6923076923076923,0.5625,0.7948717948717948,
c182,elev_doublet_distractor,det,whole,noop,,,,0.0
c182,elev_doublet_distractor,det,win5,noop,,,,0.0
c182,elev_doublet_distractor,det,win10,noop,,,,0.0
c182,elev_doublet_distractor,sig,whole,inertia_x1.6,0.09090909090909091,1.0,,
c182,elev_doublet_distractor,sig,win5,inertia_x1.6,0.13636363636363635,1.0,,
c182,elev_doublet_distractor,sig,win10,inertia_x1.6,0.09090909090909091,1.0,,
c182,elev_doublet_distractor,sig,whole,cmq_x0.5,0.23076923076923078,0.75,0.5982905982905983,
c182,elev_doublet_distractor,sig,win5,cmq_x0.5,0.15384615384615385,0.5,0.6752136752136753,
c182,elev_doublet_distractor,sig,win10,cmq_x0.5,0.15384615384615385,0.5,0.5982905982905984,
c182,elev_doublet_distractor,sig,whole,cmalpha_x0.7,0.38461538461538464,1.0,0.7264957264957266,
c182,elev_doublet_distractor,sig,win5,cmalpha_x0.7,0.38461538461538464,1.0,0.8547008547008547,
c182,elev_doublet_distractor,sig,win10,cmalpha_x0.7,0.3076923076923077,0.8,0.888888888888889,
c182,elev_doublet_distractor,sig,whole,clo_+0.1,0.6153846153846154,0.5333333333333333,0.6153846153846154,
c182,elev_doublet_distractor,sig,win5,clo_+0.1,0.6153846153846154,0.6666666666666666,0.6495726495726496,
c182,elev_doublet_distractor,sig,win10,clo_+0.1,0.5384615384615384,0.5384615384615384,0.5897435897435898,
c182,elev_doublet_distractor,sig,whole,noop,,,,0.0
c182,elev_doublet_distractor,sig,win5,noop,,,,0.0
c182,elev_doublet_distractor,sig,win10,noop,,,,0.0
c182,engine_stop,det,whole,inertia_x1.6,0.18181818181818182,1.0,,
c182,engine_stop,det,win5,inertia_x1.6,0.13636363636363635,1.0,,
c182,engine_stop,det,win10,inertia_x1.6,0.13636363636363635,1.0,,
c182,engine_stop,det,whole,cmq_x0.5,0.8461538461538461,0.6875,0.7948717948717949,
c182,engine_stop,det,win5,cmq_x0.5,0.8461538461538461,0.6875,0.8461538461538461,
c182,engine_stop,det,win10,cmq_x0.5,0.8461538461538461,0.6875,0.8461538461538461,
c182,engine_stop,det,whole,cmalpha_x0.7,0.6153846153846154,0.8888888888888888,0.7948717948717949,
c182,engine_stop,det,win5,cmalpha_x0.7,0.6153846153846154,0.8888888888888888,0.7863247863247864,
c182,engine_stop,det,win10,cmalpha_x0.7,0.6153846153846154,0.8888888888888888,0.7179487179487181,
c182,engine_stop,det,whole,clo_+0.1,1.0,0.6842105263157895,0.7777777777777778,
c182,engine_stop,det,win5,clo_+0.1,1.0,0.6842105263157895,0.7606837606837606,
c182,engine_stop,det,win10,clo_+0.1,1.0,0.6842105263157895,0.7692307692307693,
c182,engine_stop,det,whole,noop,,,,0.13636363636363635
c182,engine_stop,det,win5,noop,,,,0.09090909090909091
c182,engine_stop,det,win10,noop,,,,0.09090909090909091
c182,engine_stop,sig,whole,inertia_x1.6,0.0,,,
c182,engine_stop,sig,win5,inertia_x1.6,0.045454545454545456,1.0,,
c182,engine_stop,sig,win10,inertia_x1.6,0.0,,,
c182,engine_stop,sig,whole,cmq_x0.5,0.46153846153846156,0.6,0.6068376068376069,
c182,engine_stop,sig,win5,cmq_x0.5,0.5384615384615384,0.7,0.6581196581196581,
c182,engine_stop,sig,win10,cmq_x0.5,0.46153846153846156,0.6666666666666666,0.6153846153846154,
c182,engine_stop,sig,whole,cmalpha_x0.7,0.07692307692307693,1.0,0.49572649572649585,
c182,engine_stop,sig,win5,cmalpha_x0.7,0.15384615384615385,0.6666666666666666,0.7521367521367522,
c182,engine_stop,sig,win10,cmalpha_x0.7,0.15384615384615385,1.0,0.5897435897435898,
c182,engine_stop,sig,whole,clo_+0.1,0.6153846153846154,0.5,0.4358974358974359,
c182,engine_stop,sig,win5,clo_+0.1,0.8461538461538461,0.6111111111111112,0.358974358974359,
c182,engine_stop,sig,win10,clo_+0.1,0.6923076923076923,0.5625,0.4444444444444445,
c182,engine_stop,sig,whole,noop,,,,0.0
c182,engine_stop,sig,win5,noop,,,,0.0
c182,engine_stop,sig,win10,noop,,,,0.0
c310,cruise,det,whole,inertia_x1.6,0.13636363636363635,1.0,,
c310,cruise,det,win5,inertia_x1.6,0.09090909090909091,1.0,,
c310,cruise,det,win10,inertia_x1.6,0.09090909090909091,1.0,,
c310,cruise,det,whole,cmq_x0.5,0.46153846153846156,0.8571428571428571,0.5470085470085471,
c310,cruise,det,win5,cmq_x0.5,0.8461538461538461,0.9166666666666666,0.7521367521367521,
c310,cruise,det,win10,cmq_x0.5,0.6153846153846154,0.8888888888888888,0.7521367521367521,
c310,cruise,det,whole,cmalpha_x0.7,0.6153846153846154,1.0,0.7606837606837606,
c310,cruise,det,win5,cmalpha_x0.7,0.6923076923076923,1.0,0.811965811965812,
c310,cruise,det,win10,cmalpha_x0.7,0.6923076923076923,1.0,0.8376068376068376,
c310,cruise,det,whole,clo_+0.1,0.3076923076923077,0.5714285714285714,0.17094017094017094,
c310,cruise,det,win5,clo_+0.1,0.38461538461538464,0.7142857142857143,0.5641025641025641,
c310,cruise,det,win10,clo_+0.1,0.38461538461538464,0.625,0.5811965811965812,
c310,cruise,det,whole,noop,,,,0.09090909090909091
c310,cruise,det,win5,noop,,,,0.09090909090909091
c310,cruise,det,win10,noop,,,,0.09090909090909091
c310,cruise,sig,whole,inertia_x1.6,0.0,,,
c310,cruise,sig,win5,inertia_x1.6,0.09090909090909091,1.0,,
c310,cruise,sig,win10,inertia_x1.6,0.22727272727272727,1.0,,
c310,cruise,sig,whole,cmq_x0.5,0.23076923076923078,1.0,0.5299145299145299,
c310,cruise,sig,win5,cmq_x0.5,0.15384615384615385,0.3333333333333333,0.2820512820512821,
c310,cruise,sig,win10,cmq_x0.5,0.38461538461538464,0.5555555555555556,0.4871794871794872,
c310,cruise,sig,whole,cmalpha_x0.7,0.23076923076923078,0.75,0.6495726495726496,
c310,cruise,sig,win5,cmalpha_x0.7,0.46153846153846156,0.8571428571428571,0.47863247863247865,
c310,cruise,sig,win10,cmalpha_x0.7,0.38461538461538464,0.8333333333333334,0.5897435897435898,
c310,cruise,sig,whole,clo_+0.1,0.3076923076923077,1.0,0.6752136752136753,
c310,cruise,sig,win5,clo_+0.1,0.15384615384615385,0.5,0.44444444444444453,
c310,cruise,sig,win10,clo_+0.1,0.3076923076923077,0.8,0.5128205128205128,
c310,cruise,sig,whole,noop,,,,0.18181818181818182
c310,cruise,sig,win5,noop,,,,0.045454545454545456
c310,cruise,sig,win10,noop,,,,0.18181818181818182
c310,throttle_step,det,whole,inertia_x1.6,0.0,,,
c310,throttle_step,det,win5,inertia_x1.6,0.0,,,
c310,throttle_step,det,win10,inertia_x1.6,0.0,,,
c310,throttle_step,det,whole,cmq_x0.5,1.0,0.8125,0.8974358974358975,
c310,throttle_step,det,win5,cmq_x0.5,1.0,0.9285714285714286,0.9316239316239316,
c310,throttle_step,det,win10,cmq_x0.5,1.0,0.9285714285714286,0.9230769230769231,
c310,throttle_step,det,whole,cmalpha_x0.7,0.8461538461538461,0.9166666666666666,0.9145299145299146,
c310,throttle_step,det,win5,cmalpha_x0.7,0.8461538461538461,0.9166666666666666,0.9230769230769231,
c310,throttle_step,det,win10,cmalpha_x0.7,0.8461538461538461,0.9166666666666666,0.9316239316239316,
c310,throttle_step,det,whole,clo_+0.1,0.5384615384615384,1.0,0.8888888888888888,
c310,throttle_step,det,win5,clo_+0.1,0.5384615384615384,1.0,0.9230769230769231,
c310,throttle_step,det,win10,clo_+0.1,0.6153846153846154,1.0,0.9145299145299146,
c310,throttle_step,det,whole,noop,,,,0.0
c310,throttle_step,det,win5,noop,,,,0.0
c310,throttle_step,det,win10,noop,,,,0.0
c310,throttle_step,sig,whole,inertia_x1.6,0.0,,,
c310,throttle_step,sig,win5,inertia_x1.6,0.0,,,
c310,throttle_step,sig,win10,inertia_x1.6,0.09090909090909091,1.0,,
c310,throttle_step,sig,whole,cmq_x0.5,1.0,0.65,0.9658119658119658,
c310,throttle_step,sig,win5,cmq_x0.5,0.8461538461538461,0.6111111111111112,0.6837606837606838,
c310,throttle_step,sig,win10,cmq_x0.5,1.0,0.6190476190476191,0.8376068376068376,
c310,throttle_step,sig,whole,cmalpha_x0.7,0.5384615384615384,0.6363636363636364,0.5726495726495726,
c310,throttle_step,sig,win5,cmalpha_x0.7,0.6153846153846154,0.6153846153846154,0.47008547008547014,
c310,throttle_step,sig,win10,cmalpha_x0.7,0.6153846153846154,0.7272727272727273,0.6068376068376069,
c310,throttle_step,sig,whole,clo_+0.1,0.7692307692307693,0.8333333333333334,0.7948717948717949,
c310,throttle_step,sig,win5,clo_+0.1,0.5384615384615384,0.7777777777777778,0.6581196581196581,
c310,throttle_step,sig,win10,clo_+0.1,0.6923076923076923,0.9,0.7179487179487181,
c310,throttle_step,sig,whole,noop,,,,0.0
c310,throttle_step,sig,win5,noop,,,,0.0
c310,throttle_step,sig,win10,noop,,,,0.09090909090909091
c310,elev_doublet,det,whole,inertia_x1.6,0.0,,,
c310,elev_doublet,det,win5,inertia_x1.6,0.0,,,
c310,elev_doublet,det,win10,inertia_x1.6,0.0,,,
c310,elev_doublet,det,whole,cmq_x0.5,0.8461538461538461,1.0,1.0,
c310,elev_doublet,det,win5,cmq_x0.5,0.8461538461538461,1.0,1.0,
c310,elev_doublet,det,win10,cmq_x0.5,0.8461538461538461,1.0,1.0,
c310,elev_doublet,det,whole,cmalpha_x0.7,0.7692307692307693,1.0,0.8547008547008547,
c310,elev_doublet,det,win5,cmalpha_x0.7,0.7692307692307693,1.0,0.8632478632478633,
c310,elev_doublet,det,win10,cmalpha_x0.7,0.7692307692307693,1.0,0.8632478632478633,
c310,elev_doublet,det,whole,clo_+0.1,0.3076923076923077,1.0,1.0,
c310,elev_doublet,det,win5,clo_+0.1,0.38461538461538464,1.0,1.0,
c310,elev_doublet,det,win10,clo_+0.1,0.46153846153846156,1.0,1.0,
c310,elev_doublet,det,whole,noop,,,,0.0
c310,elev_doublet,det,win5,noop,,,,0.0
c310,elev_doublet,det,win10,noop,,,,0.0
c310,elev_doublet,sig,whole,inertia_x1.6,0.0,,,
c310,elev_doublet,sig,win5,inertia_x1.6,0.0,,,
c310,elev_doublet,sig,win10,inertia_x1.6,0.0,,,
c310,elev_doublet,sig,whole,cmq_x0.5,0.6923076923076923,0.8181818181818182,0.7094017094017094,
c310,elev_doublet,sig,win5,cmq_x0.5,0.5384615384615384,0.7,0.6324786324786326,
c310,elev_doublet,sig,win10,cmq_x0.5,0.7692307692307693,0.8333333333333334,0.7008547008547008,
c310,elev_doublet,sig,whole,cmalpha_x0.7,0.5384615384615384,0.5833333333333334,0.28205128205128205,
c310,elev_doublet,sig,win5,cmalpha_x0.7,0.5384615384615384,0.6363636363636364,0.6581196581196581,
c310,elev_doublet,sig,win10,cmalpha_x0.7,0.38461538461538464,0.5555555555555556,0.4786324786324787,
c310,elev_doublet,sig,whole,clo_+0.1,0.23076923076923078,1.0,0.9145299145299146,
c310,elev_doublet,sig,win5,clo_+0.1,0.38461538461538464,1.0,0.7948717948717948,
c310,elev_doublet,sig,win10,clo_+0.1,0.38461538461538464,1.0,0.8205128205128206,
c310,elev_doublet,sig,whole,noop,,,,0.0
c310,elev_doublet,sig,win5,noop,,,,0.0
c310,elev_doublet,sig,win10,noop,,,,0.0
c310,elev_step,det,whole,inertia_x1.6,0.0,,,
c310,elev_step,det,win5,inertia_x1.6,0.0,,,
c310,elev_step,det,win10,inertia_x1.6,0.0,,,
c310,elev_step,det,whole,cmq_x0.5,0.7692307692307693,1.0,0.8803418803418803,
c310,elev_step,det,win5,cmq_x0.5,0.7692307692307693,1.0,1.0,
c310,elev_step,det,win10,cmq_x0.5,0.7692307692307693,1.0,1.0,
c310,elev_step,det,whole,cmalpha_x0.7,0.6923076923076923,1.0,0.8632478632478633,
c310,elev_step,det,win5,cmalpha_x0.7,0.6923076923076923,1.0,0.8803418803418803,
c310,elev_step,det,win10,cmalpha_x0.7,0.6923076923076923,1.0,0.8803418803418803,
c310,elev_step,det,whole,clo_+0.1,0.5384615384615384,1.0,0.8803418803418803,
c310,elev_step,det,win5,clo_+0.1,0.6153846153846154,1.0,0.9829059829059829,
c310,elev_step,det,win10,clo_+0.1,0.6923076923076923,1.0,0.9829059829059829,
c310,elev_step,det,whole,noop,,,,0.0
c310,elev_step,det,win5,noop,,,,0.0
c310,elev_step,det,win10,noop,,,,0.0
c310,elev_step,sig,whole,inertia_x1.6,0.045454545454545456,1.0,,
c310,elev_step,sig,win5,inertia_x1.6,0.045454545454545456,1.0,,
c310,elev_step,sig,win10,inertia_x1.6,0.0,,,
c310,elev_step,sig,whole,cmq_x0.5,0.8461538461538461,0.6875,0.6324786324786325,
c310,elev_step,sig,win5,cmq_x0.5,0.5384615384615384,0.7,0.6666666666666666,
c310,elev_step,sig,win10,cmq_x0.5,0.46153846153846156,0.75,0.8974358974358974,
c310,elev_step,sig,whole,cmalpha_x0.7,0.5384615384615384,0.6363636363636364,0.5897435897435899,
c310,elev_step,sig,win5,cmalpha_x0.7,0.6923076923076923,0.6923076923076923,0.7008547008547009,
c310,elev_step,sig,win10,cmalpha_x0.7,0.5384615384615384,0.6363636363636364,0.811965811965812,
c310,elev_step,sig,whole,clo_+0.1,0.3076923076923077,1.0,0.7521367521367524,
c310,elev_step,sig,win5,clo_+0.1,0.6923076923076923,0.8181818181818182,0.8632478632478632,
c310,elev_step,sig,win10,clo_+0.1,0.5384615384615384,0.7777777777777778,0.6923076923076924,
c310,elev_step,sig,whole,noop,,,,0.045454545454545456
c310,elev_step,sig,win5,noop,,,,0.045454545454545456
c310,elev_step,sig,win10,noop,,,,0.0
c310,aileron_step,det,whole,inertia_x1.6,0.0,,,
c310,aileron_step,det,win5,inertia_x1.6,0.0,,,
c310,aileron_step,det,win10,inertia_x1.6,0.0,,,
c310,aileron_step,det,whole,cmq_x0.5,0.7692307692307693,1.0,0.829059829059829,
c310,aileron_step,det,win5,cmq_x0.5,0.7692307692307693,1.0,0.9145299145299145,
c310,aileron_step,det,win10,cmq_x0.5,0.7692307692307693,1.0,0.9230769230769231,
c310,aileron_step,det,whole,cmalpha_x0.7,0.38461538461538464,0.7142857142857143,0.5555555555555556,
c310,aileron_step,det,win5,cmalpha_x0.7,0.38461538461538464,0.625,0.4871794871794872,
c310,aileron_step,det,win10,cmalpha_x0.7,0.38461538461538464,0.625,0.5042735042735043,
c310,aileron_step,det,whole,clo_+0.1,0.5384615384615384,0.7777777777777778,0.5213675213675214,
c310,aileron_step,det,win5,clo_+0.1,0.5384615384615384,0.875,0.5213675213675214,
c310,aileron_step,det,win10,clo_+0.1,0.5384615384615384,0.7777777777777778,0.5470085470085471,
c310,aileron_step,det,whole,noop,,,,0.045454545454545456
c310,aileron_step,det,win5,noop,,,,0.0
c310,aileron_step,det,win10,noop,,,,0.0
c310,aileron_step,sig,whole,inertia_x1.6,0.045454545454545456,1.0,,
c310,aileron_step,sig,win5,inertia_x1.6,0.045454545454545456,1.0,,
c310,aileron_step,sig,win10,inertia_x1.6,0.045454545454545456,1.0,,
c310,aileron_step,sig,whole,cmq_x0.5,0.6153846153846154,0.8888888888888888,0.9487179487179487,
c310,aileron_step,sig,win5,cmq_x0.5,0.15384615384615385,0.6666666666666666,0.6495726495726496,
c310,aileron_step,sig,win10,cmq_x0.5,0.38461538461538464,0.8333333333333334,0.7521367521367521,
c310,aileron_step,sig,whole,cmalpha_x0.7,0.6153846153846154,1.0,1.0,
c310,aileron_step,sig,win5,cmalpha_x0.7,0.38461538461538464,0.8333333333333334,0.7863247863247864,
c310,aileron_step,sig,win10,cmalpha_x0.7,0.46153846153846156,0.8571428571428571,0.9743589743589743,
c310,aileron_step,sig,whole,clo_+0.1,0.6153846153846154,0.8888888888888888,0.8034188034188035,
c310,aileron_step,sig,win5,clo_+0.1,0.38461538461538464,0.625,0.5299145299145299,
c310,aileron_step,sig,win10,clo_+0.1,0.3076923076923077,0.6666666666666666,0.6666666666666666,
c310,aileron_step,sig,whole,noop,,,,0.0
c310,aileron_step,sig,win5,noop,,,,0.045454545454545456
c310,aileron_step,sig,win10,noop,,,,0.045454545454545456
c310,rudder_doublet,det,whole,inertia_x1.6,0.09090909090909091,1.0,,
c310,rudder_doublet,det,win5,inertia_x1.6,0.0,,,
c310,rudder_doublet,det,win10,inertia_x1.6,0.045454545454545456,1.0,,
c310,rudder_doublet,det,whole,cmq_x0.5,0.6153846153846154,1.0,0.8461538461538461,
c310,rudder_doublet,det,win5,cmq_x0.5,0.6923076923076923,1.0,0.8632478632478633,
c310,rudder_doublet,det,win10,cmq_x0.5,0.6923076923076923,1.0,0.8632478632478633,
c310,rudder_doublet,det,whole,cmalpha_x0.7,0.3076923076923077,1.0,0.5641025641025641,
c310,rudder_doublet,det,win5,cmalpha_x0.7,0.5384615384615384,1.0,0.6153846153846154,
c310,rudder_doublet,det,win10,cmalpha_x0.7,0.5384615384615384,1.0,0.6068376068376069,
c310,rudder_doublet,det,whole,clo_+0.1,0.5384615384615384,0.875,0.5555555555555556,
c310,rudder_doublet,det,win5,clo_+0.1,0.5384615384615384,0.875,0.5726495726495726,
c310,rudder_doublet,det,win10,clo_+0.1,0.6153846153846154,0.8888888888888888,0.5726495726495726,
c310,rudder_doublet,det,whole,noop,,,,0.045454545454545456
c310,rudder_doublet,det,win5,noop,,,,0.0
c310,rudder_doublet,det,win10,noop,,,,0.0
c310,rudder_doublet,sig,whole,inertia_x1.6,0.0,,,
c310,rudder_doublet,sig,win5,inertia_x1.6,0.0,,,
c310,rudder_doublet,sig,win10,inertia_x1.6,0.0,,,
c310,rudder_doublet,sig,whole,cmq_x0.5,0.8461538461538461,1.0,1.0,
c310,rudder_doublet,sig,win5,cmq_x0.5,0.6923076923076923,1.0,0.7863247863247863,
c310,rudder_doublet,sig,win10,cmq_x0.5,0.8461538461538461,1.0,0.9145299145299146,
c310,rudder_doublet,sig,whole,cmalpha_x0.7,0.3076923076923077,1.0,0.7777777777777778,
c310,rudder_doublet,sig,win5,cmalpha_x0.7,0.38461538461538464,0.8333333333333334,0.735042735042735,
c310,rudder_doublet,sig,win10,cmalpha_x0.7,0.23076923076923078,1.0,0.6495726495726496,
c310,rudder_doublet,sig,whole,clo_+0.1,0.46153846153846156,1.0,0.9743589743589743,
c310,rudder_doublet,sig,win5,clo_+0.1,0.38461538461538464,1.0,0.7606837606837608,
c310,rudder_doublet,sig,win10,clo_+0.1,0.46153846153846156,1.0,0.7692307692307693,
c310,rudder_doublet,sig,whole,noop,,,,0.0
c310,rudder_doublet,sig,win5,noop,,,,0.0
c310,rudder_doublet,sig,win10,noop,,,,0.0
c310,bank_hold,det,whole,inertia_x1.6,0.09090909090909091,1.0,,
c310,bank_hold,det,win5,inertia_x1.6,0.09090909090909091,1.0,,
c310,bank_hold,det,win10,inertia_x1.6,0.09090909090909091,1.0,,
c310,bank_hold,det,whole,cmq_x0.5,0.5384615384615384,1.0,1.0,
c310,bank_hold,det,win5,cmq_x0.5,0.7692307692307693,1.0,1.0,
c310,bank_hold,det,win10,cmq_x0.5,0.7692307692307693,1.0,1.0,
c310,bank_hold,det,whole,cmalpha_x0.7,0.6153846153846154,1.0,1.0,
c310,bank_hold,det,win5,cmalpha_x0.7,0.6923076923076923,1.0,1.0,
c310,bank_hold,det,win10,cmalpha_x0.7,0.6923076923076923,1.0,1.0,
c310,bank_hold,det,whole,clo_+0.1,0.38461538461538464,1.0,0.8461538461538461,
c310,bank_hold,det,win5,clo_+0.1,0.38461538461538464,1.0,0.8461538461538461,
c310,bank_hold,det,win10,clo_+0.1,0.46153846153846156,1.0,0.8461538461538461,
c310,bank_hold,det,whole,noop,,,,0.09090909090909091
c310,bank_hold,det,win5,noop,,,,0.09090909090909091
c310,bank_hold,det,win10,noop,,,,0.09090909090909091
c310,bank_hold,sig,whole,inertia_x1.6,0.0,,,
c310,bank_hold,sig,win5,inertia_x1.6,0.0,,,
c310,bank_hold,sig,win10,inertia_x1.6,0.0,,,
c310,bank_hold,sig,whole,cmq_x0.5,0.7692307692307693,0.9090909090909091,0.9914529914529914,
c310,bank_hold,sig,win5,cmq_x0.5,0.46153846153846156,0.8571428571428571,0.6923076923076923,
c310,bank_hold,sig,win10,cmq_x0.5,0.15384615384615385,0.6666666666666666,0.8547008547008548,
c310,bank_hold,sig,whole,cmalpha_x0.7,0.7692307692307693,0.8333333333333334,0.8803418803418803,
c310,bank_hold,sig,win5,cmalpha_x0.7,0.6923076923076923,0.9,0.6495726495726496,
c310,bank_hold,sig,win10,cmalpha_x0.7,0.6153846153846154,1.0,0.8290598290598291,
c310,bank_hold,sig,whole,clo_+0.1,0.46153846153846156,0.8571428571428571,0.829059829059829,
c310,bank_hold,sig,win5,clo_+0.1,0.23076923076923078,0.75,0.7692307692307693,
c310,bank_hold,sig,win10,clo_+0.1,0.23076923076923078,0.75,0.8205128205128205,
c310,bank_hold,sig,whole,noop,,,,0.0
c310,bank_hold,sig,win5,noop,,,,0.0
c310,bank_hold,sig,win10,noop,,,,0.0
c310,flap_extend,det,whole,inertia_x1.6,0.18181818181818182,1.0,,
c310,flap_extend,det,win5,inertia_x1.6,0.22727272727272727,1.0,,
c310,flap_extend,det,win10,inertia_x1.6,0.22727272727272727,1.0,,
c310,flap_extend,det,whole,cmq_x0.5,0.8461538461538461,1.0,0.6837606837606838,
c310,flap_extend,det,win5,cmq_x0.5,0.7692307692307693,1.0,0.8290598290598291,
c310,flap_extend,det,win10,cmq_x0.5,0.7692307692307693,1.0,0.8205128205128206,
c310,flap_extend,det,whole,cmalpha_x0.7,0.8461538461538461,0.7857142857142857,0.7692307692307693,
c310,flap_extend,det,win5,cmalpha_x0.7,0.9230769230769231,0.8,0.8461538461538463,
c310,flap_extend,det,win10,cmalpha_x0.7,0.9230769230769231,0.8,0.8205128205128205,
c310,flap_extend,det,whole,clo_+0.1,0.5384615384615384,1.0,0.547008547008547,
c310,flap_extend,det,win5,clo_+0.1,0.6153846153846154,1.0,0.6495726495726496,
c310,flap_extend,det,win10,clo_+0.1,0.6153846153846154,1.0,0.6581196581196582,
c310,flap_extend,det,whole,noop,,,,0.18181818181818182
c310,flap_extend,det,win5,noop,,,,0.22727272727272727
c310,flap_extend,det,win10,noop,,,,0.22727272727272727
c310,flap_extend,sig,whole,inertia_x1.6,0.045454545454545456,1.0,,
c310,flap_extend,sig,win5,inertia_x1.6,0.09090909090909091,1.0,,
c310,flap_extend,sig,win10,inertia_x1.6,0.045454545454545456,1.0,,
c310,flap_extend,sig,whole,cmq_x0.5,0.46153846153846156,0.6,0.7863247863247864,
c310,flap_extend,sig,win5,cmq_x0.5,0.38461538461538464,0.625,0.6837606837606838,
c310,flap_extend,sig,win10,cmq_x0.5,0.46153846153846156,0.6666666666666666,0.7692307692307692,
c310,flap_extend,sig,whole,cmalpha_x0.7,0.6923076923076923,0.6428571428571429,0.5982905982905983,
c310,flap_extend,sig,win5,cmalpha_x0.7,0.6923076923076923,0.6923076923076923,0.7264957264957265,
c310,flap_extend,sig,win10,cmalpha_x0.7,0.6923076923076923,0.5294117647058824,0.6153846153846154,
c310,flap_extend,sig,whole,clo_+0.1,0.3076923076923077,0.8,0.4273504273504274,
c310,flap_extend,sig,win5,clo_+0.1,0.38461538461538464,0.7142857142857143,0.5128205128205128,
c310,flap_extend,sig,win10,clo_+0.1,0.23076923076923078,0.75,0.4871794871794872,
c310,flap_extend,sig,whole,noop,,,,0.09090909090909091
c310,flap_extend,sig,win5,noop,,,,0.09090909090909091
c310,flap_extend,sig,win10,noop,,,,0.045454545454545456
c310,engine_cut,det,whole,inertia_x1.6,0.18181818181818182,1.0,,
c310,engine_cut,det,win5,inertia_x1.6,0.18181818181818182,1.0,,
c310,engine_cut,det,win10,inertia_x1.6,0.13636363636363635,1.0,,
c310,engine_cut,det,whole,cmq_x0.5,1.0,0.6842105263157895,0.6923076923076924,
c310,engine_cut,det,win5,cmq_x0.5,1.0,0.6190476190476191,0.6752136752136753,
c310,engine_cut,det,win10,cmq_x0.5,1.0,0.6842105263157895,0.6923076923076923,
c310,engine_cut,det,whole,cmalpha_x0.7,0.7692307692307693,0.7142857142857143,0.7094017094017095,
c310,engine_cut,det,win5,cmalpha_x0.7,0.8461538461538461,0.6875,0.7606837606837606,
c310,engine_cut,det,win10,cmalpha_x0.7,0.8461538461538461,0.7333333333333333,0.7521367521367521,
c310,engine_cut,det,whole,clo_+0.1,0.8461538461538461,0.5789473684210527,0.5384615384615384,
c310,engine_cut,det,win5,clo_+0.1,0.8461538461538461,0.5789473684210527,0.6495726495726496,
c310,engine_cut,det,win10,clo_+0.1,0.8461538461538461,0.5789473684210527,0.6495726495726496,
c310,engine_cut,det,whole,noop,,,,0.045454545454545456
c310,engine_cut,det,win5,noop,,,,0.09090909090909091
c310,engine_cut,det,win10,noop,,,,0.09090909090909091
c310,engine_cut,sig,whole,inertia_x1.6,0.045454545454545456,1.0,,
c310,engine_cut,sig,win5,inertia_x1.6,0.09090909090909091,1.0,,
c310,engine_cut,sig,win10,inertia_x1.6,0.13636363636363635,1.0,,
c310,engine_cut,sig,whole,cmq_x0.5,0.8461538461538461,0.6875,0.7521367521367521,
c310,engine_cut,sig,win5,cmq_x0.5,0.8461538461538461,0.6111111111111112,0.7264957264957266,
c310,engine_cut,sig,win10,cmq_x0.5,0.9230769230769231,0.6,0.7264957264957266,
c310,engine_cut,sig,whole,cmalpha_x0.7,0.6153846153846154,0.6153846153846154,0.5641025641025641,
c310,engine_cut,sig,win5,cmalpha_x0.7,0.5384615384615384,0.6363636363636364,0.6068376068376069,
c310,engine_cut,sig,win10,cmalpha_x0.7,0.46153846153846156,0.6,0.6153846153846154,
c310,engine_cut,sig,whole,clo_+0.1,0.5384615384615384,0.4666666666666667,0.46153846153846156,
c310,engine_cut,sig,win5,clo_+0.1,0.5384615384615384,0.4666666666666667,0.3162393162393163,
c310,engine_cut,sig,win10,clo_+0.1,0.5384615384615384,0.5,0.30769230769230765,
c310,engine_cut,sig,whole,noop,,,,0.0
c310,engine_cut,sig,win5,noop,,,,0.13636363636363635
c310,engine_cut,sig,win10,noop,,,,0.0
c310,climbing_turn,det,whole,inertia_x1.6,0.09090909090909091,1.0,,
c310,climbing_turn,det,win5,inertia_x1.6,0.09090909090909091,1.0,,
c310,climbing_turn,det,win10,inertia_x1.6,0.09090909090909091,1.0,,
c310,climbing_turn,det,whole,cmq_x0.5,1.0,0.6842105263157895,0.7777777777777778,
c310,climbing_turn,det,win5,cmq_x0.5,0.9230769230769231,0.7058823529411765,0.7863247863247863,
c310,climbing_turn,det,win10,cmq_x0.5,0.9230769230769231,0.7058823529411765,0.7863247863247864,
c310,climbing_turn,det,whole,cmalpha_x0.7,0.8461538461538461,0.8461538461538461,0.7948717948717949,
c310,climbing_turn,det,win5,cmalpha_x0.7,0.8461538461538461,0.9166666666666666,0.8376068376068376,
c310,climbing_turn,det,win10,cmalpha_x0.7,0.9230769230769231,0.9230769230769231,0.8205128205128206,
c310,climbing_turn,det,whole,clo_+0.1,0.6923076923076923,0.5625,0.547008547008547,
c310,climbing_turn,det,win5,clo_+0.1,0.6923076923076923,0.5625,0.6324786324786325,
c310,climbing_turn,det,win10,clo_+0.1,0.7692307692307693,0.625,0.7777777777777778,
c310,climbing_turn,det,whole,noop,,,,0.3181818181818182
c310,climbing_turn,det,win5,noop,,,,0.36363636363636365
c310,climbing_turn,det,win10,noop,,,,0.3181818181818182
c310,climbing_turn,sig,whole,inertia_x1.6,0.0,,,
c310,climbing_turn,sig,win5,inertia_x1.6,0.0,,,
c310,climbing_turn,sig,win10,inertia_x1.6,0.0,,,
c310,climbing_turn,sig,whole,cmq_x0.5,0.8461538461538461,0.7333333333333333,0.9487179487179487,
c310,climbing_turn,sig,win5,cmq_x0.5,1.0,0.7647058823529411,0.9059829059829061,
c310,climbing_turn,sig,win10,cmq_x0.5,1.0,0.7222222222222222,0.8974358974358976,
c310,climbing_turn,sig,whole,cmalpha_x0.7,0.6153846153846154,0.6666666666666666,0.6153846153846154,
c310,climbing_turn,sig,win5,cmalpha_x0.7,0.6923076923076923,0.6428571428571429,0.6837606837606838,
c310,climbing_turn,sig,win10,cmalpha_x0.7,0.6153846153846154,0.6666666666666666,0.7350427350427351,
c310,climbing_turn,sig,whole,clo_+0.1,0.6923076923076923,0.5294117647058824,0.36752136752136755,
c310,climbing_turn,sig,win5,clo_+0.1,0.6923076923076923,0.5294117647058824,0.5726495726495726,
c310,climbing_turn,sig,win10,clo_+0.1,0.6923076923076923,0.5625,0.5128205128205128,
c310,climbing_turn,sig,whole,noop,,,,0.0
c310,climbing_turn,sig,win5,noop,,,,0.0
c310,climbing_turn,sig,win10,noop,,,,0.045454545454545456
c310,elev_doublet_distractor,det,whole,inertia_x1.6,0.09090909090909091,1.0,,
c310,elev_doublet_distractor,det,win5,inertia_x1.6,0.09090909090909091,1.0,,
c310,elev_doublet_distractor,det,win10,inertia_x1.6,0.09090909090909091,1.0,,
c310,elev_doublet_distractor,det,whole,cmq_x0.5,0.7692307692307693,0.8333333333333334,0.7435897435897436,
c310,elev_doublet_distractor,det,win5,cmq_x0.5,0.7692307692307693,0.7692307692307693,0.9316239316239316,
c310,elev_doublet_distractor,det,win10,cmq_x0.5,0.7692307692307693,0.7692307692307693,0.9059829059829061,
c310,elev_doublet_distractor,det,whole,cmalpha_x0.7,0.7692307692307693,0.7142857142857143,0.6837606837606838,
c310,elev_doublet_distractor,det,win5,cmalpha_x0.7,0.7692307692307693,0.7142857142857143,0.7350427350427351,
c310,elev_doublet_distractor,det,win10,cmalpha_x0.7,0.7692307692307693,0.7142857142857143,0.7521367521367521,
c310,elev_doublet_distractor,det,whole,clo_+0.1,0.46153846153846156,0.6,0.6837606837606838,
c310,elev_doublet_distractor,det,win5,clo_+0.1,0.5384615384615384,0.6363636363636364,0.6324786324786325,
c310,elev_doublet_distractor,det,win10,clo_+0.1,0.6153846153846154,0.6666666666666666,0.6068376068376069,
c310,elev_doublet_distractor,det,whole,noop,,,,0.045454545454545456
c310,elev_doublet_distractor,det,win5,noop,,,,0.13636363636363635
c310,elev_doublet_distractor,det,win10,noop,,,,0.09090909090909091
c310,elev_doublet_distractor,sig,whole,inertia_x1.6,0.0,,,
c310,elev_doublet_distractor,sig,win5,inertia_x1.6,0.045454545454545456,1.0,,
c310,elev_doublet_distractor,sig,win10,inertia_x1.6,0.045454545454545456,1.0,,
c310,elev_doublet_distractor,sig,whole,cmq_x0.5,0.7692307692307693,1.0,0.9829059829059829,
c310,elev_doublet_distractor,sig,win5,cmq_x0.5,0.46153846153846156,1.0,0.8376068376068377,
c310,elev_doublet_distractor,sig,win10,cmq_x0.5,0.6153846153846154,1.0,0.9145299145299146,
c310,elev_doublet_distractor,sig,whole,cmalpha_x0.7,0.7692307692307693,1.0,1.0,
c310,elev_doublet_distractor,sig,win5,cmalpha_x0.7,0.38461538461538464,0.8333333333333334,0.8717948717948718,
c310,elev_doublet_distractor,sig,win10,cmalpha_x0.7,0.6923076923076923,1.0,0.9658119658119658,
c310,elev_doublet_distractor,sig,whole,clo_+0.1,0.3076923076923077,0.5,0.35897435897435903,
c310,elev_doublet_distractor,sig,win5,clo_+0.1,0.38461538461538464,0.5,0.35897435897435903,
c310,elev_doublet_distractor,sig,win10,clo_+0.1,0.5384615384615384,0.7,0.4700854700854701,
c310,elev_doublet_distractor,sig,whole,noop,,,,0.0
c310,elev_doublet_distractor,sig,win5,noop,,,,0.045454545454545456
c310,elev_doublet_distractor,sig,win10,noop,,,,0.045454545454545456
c310,engine_stop,det,whole,inertia_x1.6,0.0,,,
c310,engine_stop,det,win5,inertia_x1.6,0.0,,,
c310,engine_stop,det,win10,inertia_x1.6,0.0,,,
c310,engine_stop,det,whole,cmq_x0.5,0.7692307692307693,1.0,0.8632478632478633,
c310,engine_stop,det,win5,cmq_x0.5,0.7692307692307693,1.0,0.9914529914529914,
c310,engine_stop,det,win10,cmq_x0.5,0.7692307692307693,1.0,0.9914529914529914,
c310,engine_stop,det,whole,cmalpha_x0.7,0.6153846153846154,1.0,0.6837606837606838,
c310,engine_stop,det,win5,cmalpha_x0.7,0.6923076923076923,1.0,0.8376068376068376,
c310,engine_stop,det,win10,cmalpha_x0.7,0.7692307692307693,1.0,0.811965811965812,
c310,engine_stop,det,whole,clo_+0.1,0.3076923076923077,0.8,0.7606837606837606,
c310,engine_stop,det,win5,clo_+0.1,0.6923076923076923,0.9,0.8290598290598291,
c310,engine_stop,det,win10,clo_+0.1,0.6153846153846154,0.8,0.8034188034188035,
c310,engine_stop,det,whole,noop,,,,0.0
c310,engine_stop,det,win5,noop,,,,0.0
c310,engine_stop,det,win10,noop,,,,0.0
c310,engine_stop,sig,whole,inertia_x1.6,0.0,,,
c310,engine_stop,sig,win5,inertia_x1.6,0.13636363636363635,1.0,,
c310,engine_stop,sig,win10,inertia_x1.6,0.09090909090909091,1.0,,
c310,engine_stop,sig,whole,cmq_x0.5,0.8461538461538461,0.7333333333333333,0.7948717948717948,
c310,engine_stop,sig,win5,cmq_x0.5,0.8461538461538461,0.6875,0.8034188034188033,
c310,engine_stop,sig,win10,cmq_x0.5,0.8461538461538461,0.6875,0.8888888888888888,
c310,engine_stop,sig,whole,cmalpha_x0.7,0.46153846153846156,0.6,0.5555555555555556,
c310,engine_stop,sig,win5,cmalpha_x0.7,0.5384615384615384,0.7,0.7264957264957266,
c310,engine_stop,sig,win10,cmalpha_x0.7,0.46153846153846156,0.6,0.5726495726495726,
c310,engine_stop,sig,whole,clo_+0.1,0.5384615384615384,0.7777777777777778,0.6153846153846154,
c310,engine_stop,sig,win5,clo_+0.1,0.6153846153846154,0.6666666666666666,0.7692307692307693,
c310,engine_stop,sig,win10,clo_+0.1,0.7692307692307693,0.7692307692307693,0.6324786324786326,
c310,engine_stop,sig,whole,noop,,,,0.0
c310,engine_stop,sig,win5,noop,,,,0.13636363636363635
c310,engine_stop,sig,win10,noop,,,,0.09090909090909091
f15,cruise,det,whole,inertia_x1.6,0.18181818181818182,1.0,,
f15,cruise,det,win5,inertia_x1.6,0.09090909090909091,1.0,,
f15,cruise,det,win10,inertia_x1.6,0.09090909090909091,1.0,,
f15,cruise,det,whole,cmq_x0.5,0.15384615384615385,0.5,0.5641025641025641,
f15,cruise,det,win5,cmq_x0.5,0.07692307692307693,0.5,0.5384615384615385,
f15,cruise,det,win10,cmq_x0.5,0.07692307692307693,0.5,0.5897435897435898,
f15,cruise,det,whole,cmalpha_x0.7,0.23076923076923078,0.25,0.1965811965811966,
f15,cruise,det,win5,cmalpha_x0.7,0.3076923076923077,0.3076923076923077,0.22222222222222224,
f15,cruise,det,win10,cmalpha_x0.7,0.3076923076923077,0.3076923076923077,0.18803418803418803,
f15,cruise,det,whole,clo_+0.1,0.7692307692307693,0.5263157894736842,0.5897435897435898,
f15,cruise,det,win5,clo_+0.1,0.6153846153846154,0.47058823529411764,0.5384615384615384,
f15,cruise,det,win10,clo_+0.1,0.6153846153846154,0.47058823529411764,0.5641025641025641,
f15,cruise,det,whole,noop,,,,0.09090909090909091
f15,cruise,det,win5,noop,,,,0.045454545454545456
f15,cruise,det,win10,noop,,,,0.045454545454545456
f15,cruise,sig,whole,inertia_x1.6,0.0,,,
f15,cruise,sig,win5,inertia_x1.6,0.0,,,
f15,cruise,sig,win10,inertia_x1.6,0.0,,,
f15,cruise,sig,whole,cmq_x0.5,0.15384615384615385,1.0,0.5384615384615385,
f15,cruise,sig,win5,cmq_x0.5,0.0,0.0,0.7606837606837606,
f15,cruise,sig,win10,cmq_x0.5,0.15384615384615385,0.6666666666666666,0.7435897435897436,
f15,cruise,sig,whole,cmalpha_x0.7,0.3076923076923077,0.5,0.7777777777777778,
f15,cruise,sig,win5,cmalpha_x0.7,0.23076923076923078,0.375,0.6837606837606838,
f15,cruise,sig,win10,cmalpha_x0.7,0.3076923076923077,0.5,0.6581196581196581,
f15,cruise,sig,whole,clo_+0.1,0.3076923076923077,0.5,0.6581196581196581,
f15,cruise,sig,win5,clo_+0.1,0.38461538461538464,0.45454545454545453,0.5042735042735043,
f15,cruise,sig,win10,clo_+0.1,0.38461538461538464,0.45454545454545453,0.5299145299145299,
f15,cruise,sig,whole,noop,,,,0.0
f15,cruise,sig,win5,noop,,,,0.0
f15,cruise,sig,win10,noop,,,,0.0
f15,throttle_step,det,whole,inertia_x1.6,0.18181818181818182,1.0,,
f15,throttle_step,det,win5,inertia_x1.6,0.18181818181818182,1.0,,
f15,throttle_step,det,win10,inertia_x1.6,0.18181818181818182,1.0,,
f15,throttle_step,det,whole,cmq_x0.5,0.38461538461538464,1.0,0.5384615384615384,
f15,throttle_step,det,win5,cmq_x0.5,0.38461538461538464,1.0,0.5726495726495727,
f15,throttle_step,det,win10,cmq_x0.5,0.38461538461538464,1.0,0.5811965811965811,
f15,throttle_step,det,whole,cmalpha_x0.7,0.7692307692307693,0.5555555555555556,0.5384615384615384,
f15,throttle_step,det,win5,cmalpha_x0.7,0.7692307692307693,0.5555555555555556,0.45299145299145305,
f15,throttle_step,det,win10,cmalpha_x0.7,0.7692307692307693,0.5555555555555556,0.4871794871794872,
f15,throttle_step,det,whole,clo_+0.1,0.8461538461538461,0.55,0.5897435897435896,
f15,throttle_step,det,win5,clo_+0.1,0.8461538461538461,0.5789473684210527,0.5641025641025641,
f15,throttle_step,det,win10,clo_+0.1,0.8461538461538461,0.55,0.5555555555555556,
f15,throttle_step,det,whole,noop,,,,0.13636363636363635
f15,throttle_step,det,win5,noop,,,,0.13636363636363635
f15,throttle_step,det,win10,noop,,,,0.13636363636363635
f15,throttle_step,sig,whole,inertia_x1.6,0.045454545454545456,1.0,,
f15,throttle_step,sig,win5,inertia_x1.6,0.09090909090909091,1.0,,
f15,throttle_step,sig,win10,inertia_x1.6,0.045454545454545456,1.0,,
f15,throttle_step,sig,whole,cmq_x0.5,0.07692307692307693,1.0,0.6581196581196582,
f15,throttle_step,sig,win5,cmq_x0.5,0.15384615384615385,1.0,0.7094017094017094,
f15,throttle_step,sig,win10,cmq_x0.5,0.07692307692307693,1.0,0.7692307692307693,
f15,throttle_step,sig,whole,cmalpha_x0.7,0.6923076923076923,0.5625,0.5299145299145299,
f15,throttle_step,sig,win5,cmalpha_x0.7,0.5384615384615384,0.4375,0.17948717948717952,
f15,throttle_step,sig,win10,cmalpha_x0.7,0.5384615384615384,0.5,0.3162393162393162,
f15,throttle_step,sig,whole,clo_+0.1,0.6923076923076923,0.5,0.3931623931623932,
f15,throttle_step,sig,win5,clo_+0.1,0.6153846153846154,0.47058823529411764,0.1965811965811966,
f15,throttle_step,sig,win10,clo_+0.1,0.6153846153846154,0.47058823529411764,0.25641025641025644,
f15,throttle_step,sig,whole,noop,,,,0.0
f15,throttle_step,sig,win5,noop,,,,0.045454545454545456
f15,throttle_step,sig,win10,noop,,,,0.045454545454545456
f15,elev_doublet,det,whole,inertia_x1.6,0.4090909090909091,1.0,,
f15,elev_doublet,det,win5,inertia_x1.6,0.45454545454545453,1.0,,
f15,elev_doublet,det,win10,inertia_x1.6,0.45454545454545453,1.0,,
f15,elev_doublet,det,whole,cmq_x0.5,0.46153846153846156,0.8571428571428571,0.6837606837606838,
f15,elev_doublet,det,win5,cmq_x0.5,0.46153846153846156,0.8571428571428571,0.7521367521367521,
f15,elev_doublet,det,win10,cmq_x0.5,0.46153846153846156,0.8571428571428571,0.7435897435897436,
f15,elev_doublet,det,whole,cmalpha_x0.7,0.8461538461538461,0.7333333333333333,0.641025641025641,
f15,elev_doublet,det,win5,cmalpha_x0.7,0.9230769230769231,0.7058823529411765,0.6581196581196582,
f15,elev_doublet,det,win10,cmalpha_x0.7,0.9230769230769231,0.7058823529411765,0.641025641025641,
f15,elev_doublet,det,whole,clo_+0.1,0.9230769230769231,0.6,0.5811965811965812,
f15,elev_doublet,det,win5,clo_+0.1,0.9230769230769231,0.6,0.5555555555555556,
f15,elev_doublet,det,win10,clo_+0.1,0.9230769230769231,0.6,0.5726495726495727,
f15,elev_doublet,det,whole,noop,,,,0.18181818181818182
f15,elev_doublet,det,win5,noop,,,,0.13636363636363635
f15,elev_doublet,det,win10,noop,,,,0.18181818181818182
f15,elev_doublet,sig,whole,inertia_x1.6,0.0,,,
f15,elev_doublet,sig,win5,inertia_x1.6,0.0,,,
f15,elev_doublet,sig,win10,inertia_x1.6,0.0,,,
f15,elev_doublet,sig,whole,cmq_x0.5,0.0,,0.6752136752136753,
f15,elev_doublet,sig,win5,cmq_x0.5,0.0,,0.6239316239316239,
f15,elev_doublet,sig,win10,cmq_x0.5,0.0,,0.6153846153846155,
f15,elev_doublet,sig,whole,cmalpha_x0.7,0.07692307692307693,0.25,0.6324786324786325,
f15,elev_doublet,sig,win5,cmalpha_x0.7,0.0,0.0,0.6495726495726496,
f15,elev_doublet,sig,win10,cmalpha_x0.7,0.0,0.0,0.5982905982905984,
f15,elev_doublet,sig,whole,clo_+0.1,0.07692307692307693,0.14285714285714285,0.45299145299145305,
f15,elev_doublet,sig,win5,clo_+0.1,0.07692307692307693,0.25,0.2991452991452992,
f15,elev_doublet,sig,win10,clo_+0.1,0.0,0.0,0.27350427350427353,
f15,elev_doublet,sig,whole,noop,,,,0.0
f15,elev_doublet,sig,win5,noop,,,,0.0
f15,elev_doublet,sig,win10,noop,,,,0.0
f15,elev_step,det,whole,inertia_x1.6,0.36363636363636365,1.0,,
f15,elev_step,det,win5,inertia_x1.6,0.36363636363636365,1.0,,
f15,elev_step,det,win10,inertia_x1.6,0.36363636363636365,1.0,,
f15,elev_step,det,whole,cmq_x0.5,0.15384615384615385,0.25,0.47863247863247865,
f15,elev_step,det,win5,cmq_x0.5,0.15384615384615385,0.25,0.5042735042735043,
f15,elev_step,det,win10,cmq_x0.5,0.23076923076923078,0.3333333333333333,0.5128205128205128,
f15,elev_step,det,whole,cmalpha_x0.7,0.6923076923076923,0.6428571428571429,0.7521367521367522,
f15,elev_step,det,win5,cmalpha_x0.7,0.9230769230769231,0.6666666666666666,0.8632478632478633,
f15,elev_step,det,win10,cmalpha_x0.7,0.9230769230769231,0.7058823529411765,0.8376068376068376,
f15,elev_step,det,whole,clo_+0.1,1.0,0.6190476190476191,0.7863247863247864,
f15,elev_step,det,win5,clo_+0.1,1.0,0.5909090909090909,0.8034188034188035,
f15,elev_step,det,win10,clo_+0.1,1.0,0.6190476190476191,0.7863247863247864,
f15,elev_step,det,whole,noop,,,,0.045454545454545456
f15,elev_step,det,win5,noop,,,,0.045454545454545456
f15,elev_step,det,win10,noop,,,,0.0
f15,elev_step,sig,whole,inertia_x1.6,0.09090909090909091,1.0,,
f15,elev_step,sig,win5,inertia_x1.6,0.09090909090909091,1.0,,
f15,elev_step,sig,win10,inertia_x1.6,0.18181818181818182,1.0,,
f15,elev_step,sig,whole,cmq_x0.5,0.0,0.0,0.2136752136752137,
f15,elev_step,sig,win5,cmq_x0.5,0.07692307692307693,0.5,0.3931623931623932,
f15,elev_step,sig,win10,cmq_x0.5,0.07692307692307693,0.3333333333333333,0.2905982905982906,
f15,elev_step,sig,whole,cmalpha_x0.7,0.46153846153846156,0.75,0.6410256410256411,
f15,elev_step,sig,win5,cmalpha_x0.7,0.5384615384615384,0.6363636363636364,0.6324786324786325,
f15,elev_step,sig,win10,cmalpha_x0.7,0.38461538461538464,0.625,0.6581196581196582,
f15,elev_step,sig,whole,clo_+0.1,0.5384615384615384,0.5833333333333334,0.6752136752136753,
f15,elev_step,sig,win5,clo_+0.1,0.5384615384615384,0.6363636363636364,0.5641025641025641,
f15,elev_step,sig,win10,clo_+0.1,0.8461538461538461,0.6875,0.7179487179487181,
f15,elev_step,sig,whole,noop,,,,0.045454545454545456
f15,elev_step,sig,win5,noop,,,,0.045454545454545456
f15,elev_step,sig,win10,noop,,,,0.09090909090909091
f15,aileron_step,det,whole,inertia_x1.6,0.13636363636363635,1.0,,
f15,aileron_step,det,win5,inertia_x1.6,0.18181818181818182,1.0,,
f15,aileron_step,det,win10,inertia_x1.6,0.13636363636363635,1.0,,
f15,aileron_step,det,whole,cmq_x0.5,0.15384615384615385,0.6666666666666666,0.35042735042735046,
f15,aileron_step,det,win5,cmq_x0.5,0.15384615384615385,0.6666666666666666,0.3760683760683761,
f15,aileron_step,det,win10,cmq_x0.5,0.15384615384615385,0.6666666666666666,0.35897435897435903,
f15,aileron_step,det,whole,cmalpha_x0.7,0.8461538461538461,0.5789473684210527,0.6153846153846154,
f15,aileron_step,det,win5,cmalpha_x0.7,0.7692307692307693,0.5555555555555556,0.5811965811965812,
f15,aileron_step,det,win10,cmalpha_x0.7,0.7692307692307693,0.5555555555555556,0.6068376068376068,
f15,aileron_step,det,whole,clo_+0.1,1.0,0.5909090909090909,0.6581196581196581,
f15,aileron_step,det,win5,clo_+0.1,0.9230769230769231,0.5714285714285714,0.5811965811965811,
f15,aileron_step,det,win10,clo_+0.1,0.9230769230769231,0.5714285714285714,0.641025641025641,
f15,aileron_step,det,whole,noop,,,,0.045454545454545456
f15,aileron_step,det,win5,noop,,,,0.045454545454545456
f15,aileron_step,det,win10,noop,,,,0.045454545454545456
f15,aileron_step,sig,whole,inertia_x1.6,0.0,,,
f15,aileron_step,sig,win5,inertia_x1.6,0.0,,,
f15,aileron_step,sig,win10,inertia_x1.6,0.0,,,
f15,aileron_step,sig,whole,cmq_x0.5,0.0,,0.5641025641025641,
f15,aileron_step,sig,win5,cmq_x0.5,0.0,,0.4957264957264958,
f15,aileron_step,sig,win10,cmq_x0.5,0.0,,0.5213675213675214,
f15,aileron_step,sig,whole,cmalpha_x0.7,0.46153846153846156,0.42857142857142855,0.3247863247863248,
f15,aileron_step,sig,win5,cmalpha_x0.7,0.38461538461538464,0.35714285714285715,0.35897435897435903,
f15,aileron_step,sig,win10,cmalpha_x0.7,0.38461538461538464,0.35714285714285715,0.3760683760683762,
f15,aileron_step,sig,whole,clo_+0.1,0.38461538461538464,0.38461538461538464,0.3504273504273504,
f15,aileron_step,sig,win5,clo_+0.1,0.38461538461538464,0.5,0.35042735042735046,
f15,aileron_step,sig,win10,clo_+0.1,0.38461538461538464,0.5,0.46153846153846156,
f15,aileron_step,sig,whole,noop,,,,0.0
f15,aileron_step,sig,win5,noop,,,,0.0
f15,aileron_step,sig,win10,noop,,,,0.0
f15,rudder_doublet,det,whole,inertia_x1.6,0.0,,,
f15,rudder_doublet,det,win5,inertia_x1.6,0.0,,,
f15,rudder_doublet,det,win10,inertia_x1.6,0.0,,,
f15,rudder_doublet,det,whole,cmq_x0.5,0.0,,0.5897435897435898,
f15,rudder_doublet,det,win5,cmq_x0.5,0.0,,0.5384615384615384,
f15,rudder_doublet,det,win10,cmq_x0.5,0.0,,0.5726495726495727,
f15,rudder_doublet,det,whole,cmalpha_x0.7,0.46153846153846156,0.5454545454545454,0.5555555555555556,
f15,rudder_doublet,det,win5,cmalpha_x0.7,0.46153846153846156,1.0,0.5726495726495727,
f15,rudder_doublet,det,win10,cmalpha_x0.7,0.23076923076923078,0.375,0.5470085470085471,
f15,rudder_doublet,det,whole,clo_+0.1,1.0,0.65,0.735042735042735,
f15,rudder_doublet,det,win5,clo_+0.1,1.0,0.65,0.8034188034188035,
f15,rudder_doublet,det,win10,clo_+0.1,1.0,0.65,0.8034188034188035,
f15,rudder_doublet,det,whole,noop,,,,0.0
f15,rudder_doublet,det,win5,noop,,,,0.0
f15,rudder_doublet,det,win10,noop,,,,0.0
f15,rudder_doublet,sig,whole,inertia_x1.6,0.13636363636363635,1.0,,
f15,rudder_doublet,sig,win5,inertia_x1.6,0.0,,,
f15,rudder_doublet,sig,win10,inertia_x1.6,0.045454545454545456,1.0,,
f15,rudder_doublet,sig,whole,cmq_x0.5,0.15384615384615385,1.0,0.6410256410256411,
f15,rudder_doublet,sig,win5,cmq_x0.5,0.07692307692307693,1.0,0.7777777777777779,
f15,rudder_doublet,sig,win10,cmq_x0.5,0.07692307692307693,1.0,0.6153846153846154,
f15,rudder_doublet,sig,whole,cmalpha_x0.7,0.6153846153846154,0.47058823529411764,0.26495726495726496,
f15,rudder_doublet,sig,win5,cmalpha_x0.7,0.5384615384615384,0.4666666666666667,0.3076923076923077,
f15,rudder_doublet,sig,win10,cmalpha_x0.7,0.5384615384615384,0.4666666666666667,0.264957264957265,
f15,rudder_doublet,sig,whole,clo_+0.1,0.5384615384615384,0.4375,0.27350427350427353,
f15,rudder_doublet,sig,win5,clo_+0.1,0.5384615384615384,0.5384615384615384,0.3418803418803419,
f15,rudder_doublet,sig,win10,clo_+0.1,0.46153846153846156,0.46153846153846156,0.3162393162393162,
f15,rudder_doublet,sig,whole,noop,,,,0.045454545454545456
f15,rudder_doublet,sig,win5,noop,,,,0.0
f15,rudder_doublet,sig,win10,noop,,,,0.0
f15,bank_hold,det,whole,inertia_x1.6,0.09090909090909091,1.0,,
f15,bank_hold,det,win5,inertia_x1.6,0.045454545454545456,1.0,,
f15,bank_hold,det,win10,inertia_x1.6,0.045454545454545456,1.0,,
f15,bank_hold,det,whole,cmq_x0.5,0.07692307692307693,1.0,0.358974358974359,
f15,bank_hold,det,win5,cmq_x0.5,0.07692307692307693,1.0,0.37606837606837606,
f15,bank_hold,det,win10,cmq_x0.5,0.07692307692307693,1.0,0.4273504273504274,
f15,bank_hold,det,whole,cmalpha_x0.7,0.6923076923076923,0.6428571428571429,0.6068376068376069,
f15,bank_hold,det,win5,cmalpha_x0.7,0.8461538461538461,0.6470588235294118,0.6666666666666667,
f15,bank_hold,det,win10,cmalpha_x0.7,0.8461538461538461,0.6875,0.6581196581196581,
f15,bank_hold,det,whole,clo_+0.1,0.8461538461538461,0.6111111111111112,0.5897435897435898,
f15,bank_hold,det,win5,clo_+0.1,0.8461538461538461,0.6111111111111112,0.6068376068376069,
f15,bank_hold,det,win10,clo_+0.1,0.8461538461538461,0.6111111111111112,0.623931623931624,
f15,bank_hold,det,whole,noop,,,,0.0
f15,bank_hold,det,win5,noop,,,,0.0
f15,bank_hold,det,win10,noop,,,,0.0
f15,bank_hold,sig,whole,inertia_x1.6,0.09090909090909091,1.0,,
f15,bank_hold,sig,win5,inertia_x1.6,0.0,,,
f15,bank_hold,sig,win10,inertia_x1.6,0.0,,,
f15,bank_hold,sig,whole,cmq_x0.5,0.15384615384615385,1.0,0.25641025641025644,
f15,bank_hold,sig,win5,cmq_x0.5,0.0,,0.5726495726495726,
f15,bank_hold,sig,win10,cmq_x0.5,0.0,,0.8205128205128205,
f15,bank_hold,sig,whole,cmalpha_x0.7,0.23076923076923078,0.3,0.25641025641025644,
f15,bank_hold,sig,win5,cmalpha_x0.7,0.6153846153846154,0.5333333333333333,0.3418803418803419,
f15,bank_hold,sig,win10,cmalpha_x0.7,0.38461538461538464,0.5555555555555556,0.41880341880341887,
f15,bank_hold,sig,whole,clo_+0.1,0.46153846153846156,0.4,0.2991452991452992,
f15,bank_hold,sig,win5,clo_+0.1,0.46153846153846156,0.46153846153846156,0.20512820512820512,
f15,bank_hold,sig,win10,clo_+0.1,0.5384615384615384,0.6363636363636364,0.2905982905982906,
f15,bank_hold,sig,whole,noop,,,,0.09090909090909091
f15,bank_hold,sig,win5,noop,,,,0.0
f15,bank_hold,sig,win10,noop,,,,0.0
f15,flap_extend,det,whole,inertia_x1.6,0.13636363636363635,1.0,,
f15,flap_extend,det,win5,inertia_x1.6,0.13636363636363635,1.0,,
f15,flap_extend,det,win10,inertia_x1.6,0.13636363636363635,1.0,,
f15,flap_extend,det,whole,cmq_x0.5,0.23076923076923078,1.0,0.47863247863247865,
f15,flap_extend,det,win5,cmq_x0.5,0.23076923076923078,0.75,0.5042735042735043,
f15,flap_extend,det,win10,cmq_x0.5,0.23076923076923078,1.0,0.5128205128205128,
f15,flap_extend,det,whole,cmalpha_x0.7,0.7692307692307693,0.5555555555555556,0.5299145299145299,
f15,flap_extend,det,win5,cmalpha_x0.7,0.7692307692307693,0.5263157894736842,0.5299145299145299,
f15,flap_extend,det,win10,cmalpha_x0.7,0.7692307692307693,0.5263157894736842,0.5384615384615384,
f15,flap_extend,det,whole,clo_+0.1,0.8461538461538461,0.55,0.6324786324786325,
f15,flap_extend,det,win5,clo_+0.1,0.8461538461538461,0.55,0.6324786324786325,
f15,flap_extend,det,win10,clo_+0.1,0.8461538461538461,0.55,0.6495726495726496,
f15,flap_extend,det,whole,noop,,,,0.045454545454545456
f15,flap_extend,det,win5,noop,,,,0.045454545454545456
f15,flap_extend,det,win10,noop,,,,0.045454545454545456
f15,flap_extend,sig,whole,inertia_x1.6,0.045454545454545456,1.0,,
f15,flap_extend,sig,win5,inertia_x1.6,0.0,,,
f15,flap_extend,sig,win10,inertia_x1.6,0.0,,,
f15,flap_extend,sig,whole,cmq_x0.5,0.07692307692307693,0.5,0.5982905982905984,
f15,flap_extend,sig,win5,cmq_x0.5,0.23076923076923078,0.75,0.5641025641025641,
f15,flap_extend,sig,win10,cmq_x0.5,0.23076923076923078,0.75,0.5897435897435898,
f15,flap_extend,sig,whole,cmalpha_x0.7,0.3076923076923077,0.5,0.5299145299145299,
f15,flap_extend,sig,win5,cmalpha_x0.7,0.38461538461538464,0.45454545454545453,0.46153846153846156,
f15,flap_extend,sig,win10,cmalpha_x0.7,0.46153846153846156,0.5,0.5042735042735043,
f15,flap_extend,sig,whole,clo_+0.1,0.38461538461538464,0.45454545454545453,0.36752136752136755,
f15,flap_extend,sig,win5,clo_+0.1,0.46153846153846156,0.5,0.4871794871794872,
f15,flap_extend,sig,win10,clo_+0.1,0.46153846153846156,0.5,0.4444444444444445,
f15,flap_extend,sig,whole,noop,,,,0.0
f15,flap_extend,sig,win5,noop,,,,0.0
f15,flap_extend,sig,win10,noop,,,,0.0
f15,engine_cut,det,whole,inertia_x1.6,0.09090909090909091,1.0,,
f15,engine_cut,det,win5,inertia_x1.6,0.09090909090909091,1.0,,
f15,engine_cut,det,win10,inertia_x1.6,0.09090909090909091,1.0,,
f15,engine_cut,det,whole,cmq_x0.5,0.3076923076923077,1.0,0.7777777777777777,
f15,engine_cut,det,win5,cmq_x0.5,0.3076923076923077,1.0,0.7777777777777778,
f15,engine_cut,det,win10,cmq_x0.5,0.3076923076923077,1.0,0.7521367521367521,
f15,engine_cut,det,whole,cmalpha_x0.7,1.0,0.5909090909090909,0.5641025641025641,
f15,engine_cut,det,win5,cmalpha_x0.7,1.0,0.5909090909090909,0.4786324786324787,
f15,engine_cut,det,win10,cmalpha_x0.7,1.0,0.5909090909090909,0.49572649572649574,
f15,engine_cut,det,whole,clo_+0.1,1.0,0.5909090909090909,0.7863247863247864,
f15,engine_cut,det,win5,clo_+0.1,1.0,0.5909090909090909,0.7777777777777778,
f15,engine_cut,det,win10,clo_+0.1,1.0,0.5909090909090909,0.7777777777777778,
f15,engine_cut,det,whole,noop,,,,0.0
f15,engine_cut,det,win5,noop,,,,0.0
f15,engine_cut,det,win10,noop,,,,0.0
f15,engine_cut,sig,whole,inertia_x1.6,0.0,,,
f15,engine_cut,sig,win5,inertia_x1.6,0.09090909090909091,1.0,,
f15,engine_cut,sig,win10,inertia_x1.6,0.0,,,
f15,engine_cut,sig,whole,cmq_x0.5,0.07692307692307693,1.0,0.32478632478632485,
f15,engine_cut,sig,win5,cmq_x0.5,0.07692307692307693,1.0,0.48717948717948717,
f15,engine_cut,sig,win10,cmq_x0.5,0.07692307692307693,1.0,0.47008547008547014,
f15,engine_cut,sig,whole,cmalpha_x0.7,0.8461538461538461,0.6111111111111112,0.6666666666666667,
f15,engine_cut,sig,win5,cmalpha_x0.7,0.7692307692307693,0.625,0.5726495726495726,
f15,engine_cut,sig,win10,cmalpha_x0.7,1.0,0.5909090909090909,0.7008547008547008,
f15,engine_cut,sig,whole,clo_+0.1,0.8461538461538461,0.55,0.6410256410256411,
f15,engine_cut,sig,win5,clo_+0.1,0.8461538461538461,0.55,0.452991452991453,
f15,engine_cut,sig,win10,clo_+0.1,0.8461538461538461,0.55,0.4957264957264958,
f15,engine_cut,sig,whole,noop,,,,0.0
f15,engine_cut,sig,win5,noop,,,,0.0
f15,engine_cut,sig,win10,noop,,,,0.0
f15,climbing_turn,det,whole,inertia_x1.6,0.09090909090909091,1.0,,
f15,climbing_turn,det,win5,inertia_x1.6,0.13636363636363635,1.0,,
f15,climbing_turn,det,win10,inertia_x1.6,0.09090909090909091,1.0,,
f15,climbing_turn,det,whole,cmq_x0.5,0.07692307692307693,1.0,0.6239316239316239,
f15,climbing_turn,det,win5,cmq_x0.5,0.07692307692307693,1.0,0.4102564102564103,
f15,climbing_turn,det,win10,cmq_x0.5,0.07692307692307693,1.0,0.36752136752136755,
f15,climbing_turn,det,whole,cmalpha_x0.7,0.9230769230769231,0.631578947368421,0.6923076923076923,
f15,climbing_turn,det,win5,cmalpha_x0.7,1.0,0.65,0.717948717948718,
f15,climbing_turn,det,win10,cmalpha_x0.7,0.9230769230769231,0.631578947368421,0.7094017094017093,
f15,climbing_turn,det,whole,clo_+0.1,1.0,0.5909090909090909,0.6410256410256411,
f15,climbing_turn,det,win5,clo_+0.1,1.0,0.5909090909090909,0.6837606837606838,
f15,climbing_turn,det,win10,clo_+0.1,1.0,0.5909090909090909,0.6837606837606838,
f15,climbing_turn,det,whole,noop,,,,0.0
f15,climbing_turn,det,win5,noop,,,,0.0
f15,climbing_turn,det,win10,noop,,,,0.0
f15,climbing_turn,sig,whole,inertia_x1.6,0.0,,,
f15,climbing_turn,sig,win5,inertia_x1.6,0.045454545454545456,1.0,,
f15,climbing_turn,sig,win10,inertia_x1.6,0.13636363636363635,1.0,,
f15,climbing_turn,sig,whole,cmq_x0.5,0.07692307692307693,1.0,0.6068376068376068,
f15,climbing_turn,sig,win5,cmq_x0.5,0.0,,0.3675213675213675,
f15,climbing_turn,sig,win10,cmq_x0.5,0.07692307692307693,1.0,0.36752136752136755,
f15,climbing_turn,sig,whole,cmalpha_x0.7,0.5384615384615384,0.5,0.1965811965811966,
f15,climbing_turn,sig,win5,cmalpha_x0.7,0.46153846153846156,0.42857142857142855,0.2478632478632479,
f15,climbing_turn,sig,win10,cmalpha_x0.7,0.7692307692307693,0.5882352941176471,0.3418803418803419,
f15,climbing_turn,sig,whole,clo_+0.1,0.6923076923076923,0.5294117647058824,0.3162393162393163,
f15,climbing_turn,sig,win5,clo_+0.1,0.9230769230769231,0.5714285714285714,0.17948717948717952,
f15,climbing_turn,sig,win10,clo_+0.1,0.8461538461538461,0.55,0.2564102564102565,
f15,climbing_turn,sig,whole,noop,,,,0.0
f15,climbing_turn,sig,win5,noop,,,,0.045454545454545456
f15,climbing_turn,sig,win10,noop,,,,0.13636363636363635
f15,elev_doublet_distractor,det,whole,inertia_x1.6,0.22727272727272727,1.0,,
f15,elev_doublet_distractor,det,win5,inertia_x1.6,0.22727272727272727,1.0,,
f15,elev_doublet_distractor,det,win10,inertia_x1.6,0.22727272727272727,1.0,,
f15,elev_doublet_distractor,det,whole,cmq_x0.5,0.23076923076923078,1.0,0.7521367521367521,
f15,elev_doublet_distractor,det,win5,cmq_x0.5,0.23076923076923078,1.0,0.6923076923076923,
f15,elev_doublet_distractor,det,win10,cmq_x0.5,0.23076923076923078,1.0,0.735042735042735,
f15,elev_doublet_distractor,det,whole,cmalpha_x0.7,0.7692307692307693,0.5882352941176471,0.3076923076923077,
f15,elev_doublet_distractor,det,win5,cmalpha_x0.7,0.7692307692307693,0.5882352941176471,0.3418803418803419,
f15,elev_doublet_distractor,det,win10,cmalpha_x0.7,0.7692307692307693,0.5882352941176471,0.33333333333333337,
f15,elev_doublet_distractor,det,whole,clo_+0.1,1.0,0.65,0.6495726495726495,
f15,elev_doublet_distractor,det,win5,clo_+0.1,1.0,0.65,0.717948717948718,
f15,elev_doublet_distractor,det,win10,clo_+0.1,1.0,0.65,0.7094017094017093,
f15,elev_doublet_distractor,det,whole,noop,,,,0.0
f15,elev_doublet_distractor,det,win5,noop,,,,0.0
f15,elev_doublet_distractor,det,win10,noop,,,,0.0
f15,elev_doublet_distractor,sig,whole,inertia_x1.6,0.0,,,
f15,elev_doublet_distractor,sig,win5,inertia_x1.6,0.0,,,
f15,elev_doublet_distractor,sig,win10,inertia_x1.6,0.0,,,
f15,elev_doublet_distractor,sig,whole,cmq_x0.5,0.0,,0.6239316239316239,
f15,elev_doublet_distractor,sig,win5,cmq_x0.5,0.0,,0.7008547008547008,
f15,elev_doublet_distractor,sig,win10,cmq_x0.5,0.0,,0.6153846153846154,
f15,elev_doublet_distractor,sig,whole,cmalpha_x0.7,0.15384615384615385,0.25,0.11965811965811968,
f15,elev_doublet_distractor,sig,win5,cmalpha_x0.7,0.15384615384615385,0.4,0.15384615384615385,
f15,elev_doublet_distractor,sig,win10,cmalpha_x0.7,0.15384615384615385,0.2857142857142857,0.17948717948717952,
f15,elev_doublet_distractor,sig,whole,clo_+0.1,0.23076923076923078,0.3,0.17094017094017094,
f15,elev_doublet_distractor,sig,win5,clo_+0.1,0.3076923076923077,0.5,0.23931623931623933,
f15,elev_doublet_distractor,sig,win10,clo_+0.1,0.3076923076923077,0.4,0.28205128205128205,
f15,elev_doublet_distractor,sig,whole,noop,,,,0.0
f15,elev_doublet_distractor,sig,win5,noop,,,,0.0
f15,elev_doublet_distractor,sig,win10,noop,,,,0.0
f15,engine_restart,det,whole,inertia_x1.6,0.09090909090909091,1.0,,
f15,engine_restart,det,win5,inertia_x1.6,0.18181818181818182,1.0,,
f15,engine_restart,det,win10,inertia_x1.6,0.13636363636363635,1.0,,
f15,engine_restart,det,whole,cmq_x0.5,0.46153846153846156,0.8571428571428571,0.700854700854701,
f15,engine_restart,det,win5,cmq_x0.5,0.6153846153846154,0.8888888888888888,0.8119658119658121,
f15,engine_restart,det,win10,cmq_x0.5,0.6153846153846154,0.8888888888888888,0.7863247863247864,
f15,engine_restart,det,whole,cmalpha_x0.7,1.0,0.5909090909090909,0.5641025641025642,
f15,engine_restart,det,win5,cmalpha_x0.7,1.0,0.5909090909090909,0.6153846153846154,
f15,engine_restart,det,win10,cmalpha_x0.7,1.0,0.5909090909090909,0.6239316239316239,
f15,engine_restart,det,whole,clo_+0.1,1.0,0.5909090909090909,0.7435897435897436,
f15,engine_restart,det,win5,clo_+0.1,1.0,0.5909090909090909,0.7008547008547009,
f15,engine_restart,det,win10,clo_+0.1,1.0,0.5909090909090909,0.7008547008547009,
f15,engine_restart,det,whole,noop,,,,0.0
f15,engine_restart,det,win5,noop,,,,0.0
f15,engine_restart,det,win10,noop,,,,0.0
f15,engine_restart,sig,whole,inertia_x1.6,0.18181818181818182,1.0,,
f15,engine_restart,sig,win5,inertia_x1.6,0.3181818181818182,1.0,,
f15,engine_restart,sig,win10,inertia_x1.6,0.22727272727272727,1.0,,
f15,engine_restart,sig,whole,cmq_x0.5,0.5384615384615384,0.875,0.8547008547008548,
f15,engine_restart,sig,win5,cmq_x0.5,0.6153846153846154,0.6666666666666666,0.7863247863247864,
f15,engine_restart,sig,win10,cmq_x0.5,0.5384615384615384,0.7,0.8461538461538461,
f15,engine_restart,sig,whole,cmalpha_x0.7,0.9230769230769231,0.5714285714285714,0.358974358974359,
f15,engine_restart,sig,win5,cmalpha_x0.7,0.9230769230769231,0.5714285714285714,0.4358974358974359,
f15,engine_restart,sig,win10,cmalpha_x0.7,0.8461538461538461,0.55,0.4273504273504274,
f15,engine_restart,sig,whole,clo_+0.1,1.0,0.5909090909090909,0.6068376068376069,
f15,engine_restart,sig,win5,clo_+0.1,1.0,0.5909090909090909,0.4358974358974359,
f15,engine_restart,sig,win10,clo_+0.1,1.0,0.5909090909090909,0.6324786324786326,
f15,engine_restart,sig,whole,noop,,,,0.09090909090909091
f15,engine_restart,sig,win5,noop,,,,0.22727272727272727
f15,engine_restart,sig,win10,noop,,,,0.13636363636363635
f16,cruise,det,whole,inertia_x1.6,0.09090909090909091,1.0,,
f16,cruise,det,win5,inertia_x1.6,0.09090909090909091,1.0,,
f16,cruise,det,win10,inertia_x1.6,0.09090909090909091,1.0,,
f16,cruise,det,whole,cmq_x0.5,0.0,,0.17094017094017094,
f16,cruise,det,win5,cmq_x0.5,0.0,,0.17094017094017094,
f16,cruise,det,win10,cmq_x0.5,0.0,,0.17094017094017094,
f16,cruise,det,whole,cmalpha_x0.7,0.46153846153846156,0.4,0.18803418803418803,
f16,cruise,det,win5,cmalpha_x0.7,0.5384615384615384,0.4375,0.16239316239316243,
f16,cruise,det,win10,cmalpha_x0.7,0.5384615384615384,0.4375,0.1794871794871795,
f16,cruise,det,whole,clo_+0.1,0.8461538461538461,0.5789473684210527,0.9487179487179488,
f16,cruise,det,win5,clo_+0.1,1.0,0.6190476190476191,0.9658119658119658,
f16,cruise,det,win10,clo_+0.1,1.0,0.6190476190476191,0.9572649572649573,
f16,cruise,det,whole,noop,,,,0.0
f16,cruise,det,win5,noop,,,,0.0
f16,cruise,det,win10,noop,,,,0.0
f16,cruise,sig,whole,inertia_x1.6,0.13636363636363635,1.0,,
f16,cruise,sig,win5,inertia_x1.6,0.0,,,
f16,cruise,sig,win10,inertia_x1.6,0.0,,,
f16,cruise,sig,whole,cmq_x0.5,0.0,,0.15384615384615385,
f16,cruise,sig,win5,cmq_x0.5,0.0,,0.6666666666666667,
f16,cruise,sig,win10,cmq_x0.5,0.0,,0.5128205128205128,
f16,cruise,sig,whole,cmalpha_x0.7,0.38461538461538464,0.8333333333333334,0.7521367521367521,
f16,cruise,sig,win5,cmalpha_x0.7,0.38461538461538464,0.8333333333333334,0.829059829059829,
f16,cruise,sig,win10,cmalpha_x0.7,0.3076923076923077,0.8,0.7777777777777777,
f16,cruise,sig,whole,clo_+0.1,0.6923076923076923,0.5625,0.18803418803418803,
f16,cruise,sig,win5,clo_+0.1,0.6923076923076923,0.5625,0.27350427350427353,
f16,cruise,sig,win10,clo_+0.1,0.6923076923076923,0.5625,0.24786324786324787,
f16,cruise,sig,whole,noop,,,,0.0
f16,cruise,sig,win5,noop,,,,0.0
f16,cruise,sig,win10,noop,,,,0.0
f16,throttle_step,det,whole,inertia_x1.6,0.045454545454545456,1.0,,
f16,throttle_step,det,win5,inertia_x1.6,0.045454545454545456,1.0,,
f16,throttle_step,det,win10,inertia_x1.6,0.045454545454545456,1.0,,
f16,throttle_step,det,whole,cmq_x0.5,0.07692307692307693,1.0,0.4871794871794872,
f16,throttle_step,det,win5,cmq_x0.5,0.07692307692307693,1.0,0.5042735042735043,
f16,throttle_step,det,win10,cmq_x0.5,0.07692307692307693,1.0,0.49572649572649574,
f16,throttle_step,det,whole,cmalpha_x0.7,0.46153846153846156,0.75,0.7435897435897435,
f16,throttle_step,det,win5,cmalpha_x0.7,0.46153846153846156,0.8571428571428571,0.6666666666666666,
f16,throttle_step,det,win10,cmalpha_x0.7,0.46153846153846156,0.8571428571428571,0.6666666666666666,
f16,throttle_step,det,whole,clo_+0.1,1.0,0.65,0.9487179487179488,
f16,throttle_step,det,win5,clo_+0.1,1.0,0.65,0.9145299145299146,
f16,throttle_step,det,win10,clo_+0.1,1.0,0.65,0.9316239316239318,
f16,throttle_step,det,whole,noop,,,,0.045454545454545456
f16,throttle_step,det,win5,noop,,,,0.045454545454545456
f16,throttle_step,det,win10,noop,,,,0.045454545454545456
f16,throttle_step,sig,whole,inertia_x1.6,0.0,,,
f16,throttle_step,sig,win5,inertia_x1.6,0.0,,,
f16,throttle_step,sig,win10,inertia_x1.6,0.0,,,
f16,throttle_step,sig,whole,cmq_x0.5,0.0,,0.6068376068376069,
f16,throttle_step,sig,win5,cmq_x0.5,0.07692307692307693,1.0,0.6923076923076923,
f16,throttle_step,sig,win10,cmq_x0.5,0.0,,0.5897435897435896,
f16,throttle_step,sig,whole,cmalpha_x0.7,0.6153846153846154,1.0,0.8461538461538461,
f16,throttle_step,sig,win5,cmalpha_x0.7,0.6153846153846154,0.8,0.8974358974358975,
f16,throttle_step,sig,win10,cmalpha_x0.7,0.5384615384615384,0.7777777777777778,0.9230769230769231,
f16,throttle_step,sig,whole,clo_+0.1,0.9230769230769231,0.5714285714285714,0.8888888888888891,
f16,throttle_step,sig,win5,clo_+0.1,0.9230769230769231,0.5714285714285714,0.4017094017094017,
f16,throttle_step,sig,win10,clo_+0.1,0.9230769230769231,0.5714285714285714,0.6837606837606838,
f16,throttle_step,sig,whole,noop,,,,0.0
f16,throttle_step,sig,win5,noop,,,,0.0
f16,throttle_step,sig,win10,noop,,,,0.045454545454545456
f16,elev_doublet,det,whole,inertia_x1.6,0.045454545454545456,1.0,,
f16,elev_doublet,det,win5,inertia_x1.6,0.045454545454545456,1.0,,
f16,elev_doublet,det,win10,inertia_x1.6,0.045454545454545456,1.0,,
f16,elev_doublet,det,whole,cmq_x0.5,0.0,,0.3418803418803419,
f16,elev_doublet,det,win5,cmq_x0.5,0.0,,0.2905982905982906,
f16,elev_doublet,det,win10,cmq_x0.5,0.0,,0.2905982905982906,
f16,elev_doublet,det,whole,cmalpha_x0.7,0.15384615384615385,0.2,0.1538461538461539,
f16,elev_doublet,det,win5,cmalpha_x0.7,0.15384615384615385,0.2,0.07692307692307696,
f16,elev_doublet,det,win10,cmalpha_x0.7,0.15384615384615385,0.2,0.10256410256410259,
f16,elev_doublet,det,whole,clo_+0.1,0.8461538461538461,0.55,0.23076923076923078,
f16,elev_doublet,det,win5,clo_+0.1,0.8461538461538461,0.55,0.2307692307692308,
f16,elev_doublet,det,win10,clo_+0.1,0.8461538461538461,0.55,0.2136752136752137,
f16,elev_doublet,det,whole,noop,,,,0.0
f16,elev_doublet,det,win5,noop,,,,0.0
f16,elev_doublet,det,win10,noop,,,,0.0
f16,elev_doublet,sig,whole,inertia_x1.6,0.0,,,
f16,elev_doublet,sig,win5,inertia_x1.6,0.0,,,
f16,elev_doublet,sig,win10,inertia_x1.6,0.0,,,
f16,elev_doublet,sig,whole,cmq_x0.5,0.0,,0.4700854700854701,
f16,elev_doublet,sig,win5,cmq_x0.5,0.0,,0.52991452991453,
f16,elev_doublet,sig,win10,cmq_x0.5,0.0,,0.5384615384615385,
f16,elev_doublet,sig,whole,cmalpha_x0.7,0.07692307692307693,0.5,0.5897435897435898,
f16,elev_doublet,sig,win5,cmalpha_x0.7,0.15384615384615385,0.5,0.5470085470085471,
f16,elev_doublet,sig,win10,cmalpha_x0.7,0.07692307692307693,0.3333333333333333,0.6239316239316239,
f16,elev_doublet,sig,whole,clo_+0.1,0.6153846153846154,0.6153846153846154,0.4444444444444444,
f16,elev_doublet,sig,win5,clo_+0.1,0.38461538461538464,0.5,0.5042735042735044,
f16,elev_doublet,sig,win10,clo_+0.1,0.46153846153846156,0.5454545454545454,0.4358974358974359,
f16,elev_doublet,sig,whole,noop,,,,0.0
f16,elev_doublet,sig,win5,noop,,,,0.0
f16,elev_doublet,sig,win10,noop,,,,0.0
f16,elev_step,det,whole,inertia_x1.6,0.0,,,
f16,elev_step,det,win5,inertia_x1.6,0.0,,,
f16,elev_step,det,win10,inertia_x1.6,0.0,,,
f16,elev_step,det,whole,cmq_x0.5,0.0,,0.3076923076923077,
f16,elev_step,det,win5,cmq_x0.5,0.0,,0.5128205128205128,
f16,elev_step,det,win10,cmq_x0.5,0.0,,0.4358974358974359,
f16,elev_step,det,whole,cmalpha_x0.7,0.46153846153846156,1.0,0.7606837606837606,
f16,elev_step,det,win5,cmalpha_x0.7,0.46153846153846156,1.0,0.8717948717948718,
f16,elev_step,det,win10,cmalpha_x0.7,0.46153846153846156,1.0,0.8717948717948718,
f16,elev_step,det,whole,clo_+0.1,1.0,0.8125,1.0,
f16,elev_step,det,win5,clo_+0.1,1.0,0.9285714285714286,1.0,
f16,elev_step,det,win10,clo_+0.1,1.0,0.8666666666666667,1.0,
f16,elev_step,det,whole,noop,,,,0.0
f16,elev_step,det,win5,noop,,,,0.0
f16,elev_step,det,win10,noop,,,,0.0
f16,elev_step,sig,whole,inertia_x1.6,0.0,,,
f16,elev_step,sig,win5,inertia_x1.6,0.0,,,
f16,elev_step,sig,win10,inertia_x1.6,0.0,,,
f16,elev_step,sig,whole,cmq_x0.5,0.0,,0.23931623931623933,
f16,elev_step,sig,win5,cmq_x0.5,0.0,,0.6324786324786325,
f16,elev_step,sig,win10,cmq_x0.5,0.0,,0.5811965811965812,
f16,elev_step,sig,whole,cmalpha_x0.7,0.07692307692307693,1.0,0.623931623931624,
f16,elev_step,sig,win5,cmalpha_x0.7,0.07692307692307693,1.0,0.7521367521367521,
f16,elev_step,sig,win10,cmalpha_x0.7,0.0,,0.717948717948718,
f16,elev_step,sig,whole,clo_+0.1,0.9230769230769231,0.5714285714285714,0.7435897435897437,
f16,elev_step,sig,win5,clo_+0.1,0.7692307692307693,0.5263157894736842,0.07692307692307696,
f16,elev_step,sig,win10,clo_+0.1,0.9230769230769231,0.5714285714285714,0.19658119658119658,
f16,elev_step,sig,whole,noop,,,,0.045454545454545456
f16,elev_step,sig,win5,noop,,,,0.0
f16,elev_step,sig,win10,noop,,,,0.0
f16,aileron_step,det,whole,inertia_x1.6,0.0,,,
f16,aileron_step,det,win5,inertia_x1.6,0.0,,,
f16,aileron_step,det,win10,inertia_x1.6,0.0,,,
f16,aileron_step,det,whole,cmq_x0.5,0.07692307692307693,1.0,0.8461538461538461,
f16,aileron_step,det,win5,cmq_x0.5,0.0,,0.8205128205128205,
f16,aileron_step,det,win10,cmq_x0.5,0.15384615384615385,1.0,0.8547008547008547,
f16,aileron_step,det,whole,cmalpha_x0.7,0.8461538461538461,0.7857142857142857,0.8376068376068376,
f16,aileron_step,det,win5,cmalpha_x0.7,0.8461538461538461,0.8461538461538461,0.8376068376068376,
f16,aileron_step,det,win10,cmalpha_x0.7,0.8461538461538461,0.8461538461538461,0.8205128205128206,
f16,aileron_step,det,whole,clo_+0.1,1.0,0.65,0.8034188034188036,
f16,aileron_step,det,win5,clo_+0.1,1.0,0.65,0.7692307692307692,
f16,aileron_step,det,win10,clo_+0.1,1.0,0.65,0.7692307692307692,
f16,aileron_step,det,whole,noop,,,,0.0
f16,aileron_step,det,win5,noop,,,,0.0
f16,aileron_step,det,win10,noop,,,,0.0
f16,aileron_step,sig,whole,inertia_x1.6,0.045454545454545456,1.0,,
f16,aileron_step,sig,win5,inertia_x1.6,0.045454545454545456,1.0,,
f16,aileron_step,sig,win10,inertia_x1.6,0.0,,,
f16,aileron_step,sig,whole,cmq_x0.5,0.3076923076923077,1.0,0.5641025641025641,
f16,aileron_step,sig,win5,cmq_x0.5,0.3076923076923077,1.0,0.5641025641025641,
f16,aileron_step,sig,win10,cmq_x0.5,0.3076923076923077,1.0,0.435897435897436,
f16,aileron_step,sig,whole,cmalpha_x0.7,1.0,0.7222222222222222,0.923076923076923,
f16,aileron_step,sig,win5,cmalpha_x0.7,1.0,0.7222222222222222,0.8461538461538461,
f16,aileron_step,sig,win10,cmalpha_x0.7,1.0,0.7222222222222222,0.8632478632478633,
f16,aileron_step,sig,whole,clo_+0.1,0.9230769230769231,0.631578947368421,0.7094017094017094,
f16,aileron_step,sig,win5,clo_+0.1,1.0,0.65,0.5128205128205129,
f16,aileron_step,sig,win10,clo_+0.1,1.0,0.65,0.7521367521367521,
f16,aileron_step,sig,whole,noop,,,,0.0
f16,aileron_step,sig,win5,noop,,,,0.0
f16,aileron_step,sig,win10,noop,,,,0.0
f16,rudder_doublet,det,whole,inertia_x1.6,0.0,,,
f16,rudder_doublet,det,win5,inertia_x1.6,0.0,,,
f16,rudder_doublet,det,win10,inertia_x1.6,0.0,,,
f16,rudder_doublet,det,whole,cmq_x0.5,0.0,,0.5555555555555556,
f16,rudder_doublet,det,win5,cmq_x0.5,0.0,,0.4786324786324786,
f16,rudder_doublet,det,win10,cmq_x0.5,0.0,,0.45299145299145305,
f16,rudder_doublet,det,whole,cmalpha_x0.7,0.0,,0.8205128205128206,
f16,rudder_doublet,det,win5,cmalpha_x0.7,0.0,,0.7435897435897436,
f16,rudder_doublet,det,win10,cmalpha_x0.7,0.0,,0.7350427350427351,
f16,rudder_doublet,det,whole,clo_+0.1,0.7692307692307693,1.0,0.9401709401709402,
f16,rudder_doublet,det,win5,clo_+0.1,0.7692307692307693,1.0,0.9230769230769231,
f16,rudder_doublet,det,win10,clo_+0.1,0.7692307692307693,1.0,0.9145299145299145,
f16,rudder_doublet,det,whole,noop,,,,0.0
f16,rudder_doublet,det,win5,noop,,,,0.0
f16,rudder_doublet,det,win10,noop,,,,0.0
f16,rudder_doublet,sig,whole,inertia_x1.6,0.09090909090909091,1.0,,
f16,rudder_doublet,sig,win5,inertia_x1.6,0.09090909090909091,1.0,,
f16,rudder_doublet,sig,win10,inertia_x1.6,0.09090909090909091,1.0,,
f16,rudder_doublet,sig,whole,cmq_x0.5,0.0,0.0,0.5811965811965812,
f16,rudder_doublet,sig,win5,cmq_x0.5,0.0,0.0,0.5811965811965812,
f16,rudder_doublet,sig,win10,cmq_x0.5,0.0,0.0,0.5641025641025641,
f16,rudder_doublet,sig,whole,cmalpha_x0.7,0.07692307692307693,0.3333333333333333,0.6666666666666667,
f16,rudder_doublet,sig,win5,cmalpha_x0.7,0.0,0.0,0.4700854700854701,
f16,rudder_doublet,sig,win10,cmalpha_x0.7,0.07692307692307693,0.3333333333333333,0.5555555555555556,
f16,rudder_doublet,sig,whole,clo_+0.1,0.5384615384615384,0.7,0.7948717948717949,
f16,rudder_doublet,sig,win5,clo_+0.1,0.46153846153846156,0.6666666666666666,0.5384615384615385,
f16,rudder_doublet,sig,win10,clo_+0.1,0.5384615384615384,0.6363636363636364,0.6495726495726496,
f16,rudder_doublet,sig,whole,noop,,,,0.045454545454545456
f16,rudder_doublet,sig,win5,noop,,,,0.045454545454545456
f16,rudder_doublet,sig,win10,noop,,,,0.045454545454545456
f16,flap_extend,det,whole,inertia_x1.6,0.4090909090909091,1.0,,
f16,flap_extend,det,win5,inertia_x1.6,0.45454545454545453,1.0,,
f16,flap_extend,det,win10,inertia_x1.6,0.4090909090909091,1.0,,
f16,flap_extend,det,whole,cmq_x0.5,0.0,,0.4188034188034188,
f16,flap_extend,det,win5,cmq_x0.5,0.07692307692307693,1.0,0.4700854700854701,
f16,flap_extend,det,win10,cmq_x0.5,0.0,,0.46153846153846156,
f16,flap_extend,det,whole,cmalpha_x0.7,0.38461538461538464,0.35714285714285715,0.025641025641025654,
f16,flap_extend,det,win5,cmalpha_x0.7,0.38461538461538464,0.35714285714285715,0.008547008547008551,
f16,flap_extend,det,win10,cmalpha_x0.7,0.38461538461538464,0.35714285714285715,0.025641025641025654,
f16,flap_extend,det,whole,clo_+0.1,1.0,0.5909090909090909,0.5897435897435899,
f16,flap_extend,det,win5,clo_+0.1,1.0,0.5909090909090909,0.6324786324786325,
f16,flap_extend,det,win10,clo_+0.1,1.0,0.5909090909090909,0.6324786324786325,
f16,flap_extend,det,whole,noop,,,,0.0
f16,flap_extend,det,win5,noop,,,,0.0
f16,flap_extend,det,win10,noop,,,,0.0
f16,flap_extend,sig,whole,inertia_x1.6,0.2727272727272727,1.0,,
f16,flap_extend,sig,win5,inertia_x1.6,0.22727272727272727,1.0,,
f16,flap_extend,sig,win10,inertia_x1.6,0.3181818181818182,1.0,,
f16,flap_extend,sig,whole,cmq_x0.5,0.0,,0.2905982905982907,
f16,flap_extend,sig,win5,cmq_x0.5,0.0,,0.38461538461538464,
f16,flap_extend,sig,win10,cmq_x0.5,0.0,,0.2991452991452992,
f16,flap_extend,sig,whole,cmalpha_x0.7,0.38461538461538464,0.35714285714285715,0.06837606837606838,
f16,flap_extend,sig,win5,cmalpha_x0.7,0.3076923076923077,0.3076923076923077,0.08547008547008549,
f16,flap_extend,sig,win10,cmalpha_x0.7,0.38461538461538464,0.35714285714285715,0.04273504273504276,
f16,flap_extend,sig,whole,clo_+0.1,0.6923076923076923,0.5625,0.3846153846153847,
f16,flap_extend,sig,win5,clo_+0.1,0.6153846153846154,0.5333333333333333,0.29914529914529914,
f16,flap_extend,sig,win10,clo_+0.1,0.6923076923076923,0.5625,0.3162393162393162,
f16,flap_extend,sig,whole,noop,,,,0.0
f16,flap_extend,sig,win5,noop,,,,0.0
f16,flap_extend,sig,win10,noop,,,,0.0
f16,elev_doublet_distractor,det,whole,inertia_x1.6,0.13636363636363635,1.0,,
f16,elev_doublet_distractor,det,win5,inertia_x1.6,0.13636363636363635,1.0,,
f16,elev_doublet_distractor,det,win10,inertia_x1.6,0.13636363636363635,1.0,,
f16,elev_doublet_distractor,det,whole,cmq_x0.5,0.38461538461538464,1.0,0.8461538461538461,
f16,elev_doublet_distractor,det,win5,cmq_x0.5,0.23076923076923078,1.0,0.811965811965812,
f16,elev_doublet_distractor,det,win10,cmq_x0.5,0.3076923076923077,1.0,0.8034188034188035,
f16,elev_doublet_distractor,det,whole,cmalpha_x0.7,0.9230769230769231,0.8,0.9145299145299146,
f16,elev_doublet_distractor,det,win5,cmalpha_x0.7,0.9230769230769231,0.8,0.9230769230769231,
f16,elev_doublet_distractor,det,win10,cmalpha_x0.7,0.9230769230769231,0.8,0.9145299145299145,
f16,elev_doublet_distractor,det,whole,clo_+0.1,1.0,0.6190476190476191,0.8632478632478633,
f16,elev_doublet_distractor,det,win5,clo_+0.1,1.0,0.6190476190476191,0.8547008547008548,
f16,elev_doublet_distractor,det,win10,clo_+0.1,1.0,0.6190476190476191,0.8547008547008548,
f16,elev_doublet_distractor,det,whole,noop,,,,0.13636363636363635
f16,elev_doublet_distractor,det,win5,noop,,,,0.045454545454545456
f16,elev_doublet_distractor,det,win10,noop,,,,0.045454545454545456
f16,elev_doublet_distractor,sig,whole,inertia_x1.6,0.09090909090909091,1.0,,
f16,elev_doublet_distractor,sig,win5,inertia_x1.6,0.0,,,
f16,elev_doublet_distractor,sig,win10,inertia_x1.6,0.045454545454545456,1.0,,
f16,elev_doublet_distractor,sig,whole,cmq_x0.5,0.0,,0.4871794871794872,
f16,elev_doublet_distractor,sig,win5,cmq_x0.5,0.0,,0.7094017094017094,
f16,elev_doublet_distractor,sig,win10,cmq_x0.5,0.0,,0.6581196581196581,
f16,elev_doublet_distractor,sig,whole,cmalpha_x0.7,0.15384615384615385,0.2222222222222222,0.5128205128205129,
f16,elev_doublet_distractor,sig,win5,cmalpha_x0.7,0.0,0.0,0.4871794871794872,
f16,elev_doublet_distractor,sig,win10,cmalpha_x0.7,0.07692307692307693,0.16666666666666666,0.5470085470085471,
f16,elev_doublet_distractor,sig,whole,clo_+0.1,0.8461538461538461,0.5789473684210527,0.5470085470085471,
f16,elev_doublet_distractor,sig,win5,clo_+0.1,0.5384615384615384,0.4666666666666667,0.2564102564102564,
f16,elev_doublet_distractor,sig,win10,clo_+0.1,0.6923076923076923,0.5,0.3504273504273504,
f16,elev_doublet_distractor,sig,whole,noop,,,,0.0
f16,elev_doublet_distractor,sig,win5,noop,,,,0.0
f16,elev_doublet_distractor,sig,win10,noop,,,,0.0
global5000,cruise,det,whole,inertia_x1.6,0.09090909090909091,1.0,,
global5000,cruise,det,win5,inertia_x1.6,0.045454545454545456,1.0,,
global5000,cruise,det,win10,inertia_x1.6,0.045454545454545456,1.0,,
global5000,cruise,det,whole,cmq_x0.5,0.23076923076923078,0.75,0.48717948717948717,
global5000,cruise,det,win5,cmq_x0.5,0.23076923076923078,1.0,0.5726495726495727,
global5000,cruise,det,win10,cmq_x0.5,0.23076923076923078,1.0,0.5299145299145299,
global5000,cruise,det,whole,cmalpha_x0.7,0.9230769230769231,0.6,0.8290598290598291,
global5000,cruise,det,win5,cmalpha_x0.7,0.9230769230769231,0.6,0.8632478632478634,
global5000,cruise,det,win10,cmalpha_x0.7,0.9230769230769231,0.6,0.8717948717948718,
global5000,cruise,det,whole,clo_+0.1,0.9230769230769231,0.6,0.8376068376068377,
global5000,cruise,det,win5,clo_+0.1,0.9230769230769231,0.6,0.8376068376068377,
global5000,cruise,det,win10,clo_+0.1,0.9230769230769231,0.6,0.8376068376068377,
global5000,cruise,det,whole,noop,,,,0.09090909090909091
global5000,cruise,det,win5,noop,,,,0.045454545454545456
global5000,cruise,det,win10,noop,,,,0.045454545454545456
global5000,cruise,sig,whole,inertia_x1.6,0.0,,,
global5000,cruise,sig,win5,inertia_x1.6,0.045454545454545456,1.0,,
global5000,cruise,sig,win10,inertia_x1.6,0.0,,,
global5000,cruise,sig,whole,cmq_x0.5,0.07692307692307693,0.5,0.4444444444444444,
global5000,cruise,sig,win5,cmq_x0.5,0.0,0.0,0.3760683760683761,
global5000,cruise,sig,win10,cmq_x0.5,0.07692307692307693,1.0,0.4017094017094017,
global5000,cruise,sig,whole,cmalpha_x0.7,0.7692307692307693,0.7142857142857143,0.7350427350427351,
global5000,cruise,sig,win5,cmalpha_x0.7,0.6153846153846154,0.8,0.8632478632478633,
global5000,cruise,sig,win10,cmalpha_x0.7,0.5384615384615384,0.7777777777777778,0.8290598290598291,
global5000,cruise,sig,whole,clo_+0.1,0.5384615384615384,0.7,0.6153846153846154,
global5000,cruise,sig,win5,clo_+0.1,0.5384615384615384,0.6363636363636364,0.6581196581196581,
global5000,cruise,sig,win10,clo_+0.1,0.46153846153846156,0.6,0.6153846153846154,
global5000,cruise,sig,whole,noop,,,,0.0
global5000,cruise,sig,win5,noop,,,,0.0
global5000,cruise,sig,win10,noop,,,,0.0
global5000,throttle_step,det,whole,inertia_x1.6,0.22727272727272727,1.0,,
global5000,throttle_step,det,win5,inertia_x1.6,0.22727272727272727,1.0,,
global5000,throttle_step,det,win10,inertia_x1.6,0.18181818181818182,1.0,,
global5000,throttle_step,det,whole,cmq_x0.5,0.5384615384615384,1.0,0.6923076923076923,
global5000,throttle_step,det,win5,cmq_x0.5,0.5384615384615384,1.0,0.717948717948718,
global5000,throttle_step,det,win10,cmq_x0.5,0.5384615384615384,1.0,0.7350427350427351,
global5000,throttle_step,det,whole,cmalpha_x0.7,1.0,0.6190476190476191,0.9572649572649573,
global5000,throttle_step,det,win5,cmalpha_x0.7,1.0,0.6842105263157895,0.9572649572649573,
global5000,throttle_step,det,win10,cmalpha_x0.7,1.0,0.6842105263157895,0.9572649572649573,
global5000,throttle_step,det,whole,clo_+0.1,0.8461538461538461,0.55,0.6666666666666666,
global5000,throttle_step,det,win5,clo_+0.1,0.8461538461538461,0.55,0.6923076923076924,
global5000,throttle_step,det,win10,clo_+0.1,0.8461538461538461,0.55,0.6923076923076924,
global5000,throttle_step,det,whole,noop,,,,0.09090909090909091
global5000,throttle_step,det,win5,noop,,,,0.13636363636363635
global5000,throttle_step,det,win10,noop,,,,0.13636363636363635
global5000,throttle_step,sig,whole,inertia_x1.6,0.13636363636363635,1.0,,
global5000,throttle_step,sig,win5,inertia_x1.6,0.045454545454545456,1.0,,
global5000,throttle_step,sig,win10,inertia_x1.6,0.09090909090909091,1.0,,
global5000,throttle_step,sig,whole,cmq_x0.5,0.38461538461538464,0.8333333333333334,0.8461538461538461,
global5000,throttle_step,sig,win5,cmq_x0.5,0.3076923076923077,1.0,0.9572649572649573,
global5000,throttle_step,sig,win10,cmq_x0.5,0.38461538461538464,1.0,0.9572649572649573,
global5000,throttle_step,sig,whole,cmalpha_x0.7,1.0,0.7647058823529411,1.0,
global5000,throttle_step,sig,win5,cmalpha_x0.7,0.6153846153846154,0.6153846153846154,0.8888888888888888,
global5000,throttle_step,sig,win10,cmalpha_x0.7,0.6923076923076923,0.6923076923076923,0.9829059829059829,
global5000,throttle_step,sig,whole,clo_+0.1,0.6923076923076923,0.5,0.4358974358974359,
global5000,throttle_step,sig,win5,clo_+0.1,0.6153846153846154,0.47058823529411764,0.2136752136752137,
global5000,throttle_step,sig,win10,clo_+0.1,0.6923076923076923,0.5,0.23931623931623935,
global5000,throttle_step,sig,whole,noop,,,,0.09090909090909091
global5000,throttle_step,sig,win5,noop,,,,0.0
global5000,throttle_step,sig,win10,noop,,,,0.0
global5000,elev_doublet,det,whole,inertia_x1.6,0.36363636363636365,1.0,,
global5000,elev_doublet,det,win5,inertia_x1.6,0.4090909090909091,1.0,,
global5000,elev_doublet,det,win10,inertia_x1.6,0.36363636363636365,1.0,,
global5000,elev_doublet,det,whole,cmq_x0.5,0.46153846153846156,0.8571428571428571,0.5470085470085471,
global5000,elev_doublet,det,win5,cmq_x0.5,0.38461538461538464,0.7142857142857143,0.641025641025641,
global5000,elev_doublet,det,win10,cmq_x0.5,0.46153846153846156,0.8571428571428571,0.6153846153846153,
global5000,elev_doublet,det,whole,cmalpha_x0.7,0.6923076923076923,0.5,0.33333333333333337,
global5000,elev_doublet,det,win5,cmalpha_x0.7,0.6153846153846154,0.47058823529411764,0.33333333333333337,
global5000,elev_doublet,det,win10,cmalpha_x0.7,0.6923076923076923,0.5294117647058824,0.33333333333333337,
global5000,elev_doublet,det,whole,clo_+0.1,0.7692307692307693,0.5882352941176471,0.4444444444444445,
global5000,elev_doublet,det,win5,clo_+0.1,0.6923076923076923,0.5625,0.45299145299145305,
global5000,elev_doublet,det,win10,clo_+0.1,0.7692307692307693,0.5882352941176471,0.4444444444444445,
global5000,elev_doublet,det,whole,noop,,,,0.0
global5000,elev_doublet,det,win5,noop,,,,0.0
global5000,elev_doublet,det,win10,noop,,,,0.0
global5000,elev_doublet,sig,whole,inertia_x1.6,0.045454545454545456,1.0,,
global5000,elev_doublet,sig,win5,inertia_x1.6,0.045454545454545456,1.0,,
global5000,elev_doublet,sig,win10,inertia_x1.6,0.045454545454545456,1.0,,
global5000,elev_doublet,sig,whole,cmq_x0.5,0.0,,0.47863247863247865,
global5000,elev_doublet,sig,win5,cmq_x0.5,0.0,,0.37606837606837606,
global5000,elev_doublet,sig,win10,cmq_x0.5,0.0,,0.49572649572649574,
global5000,elev_doublet,sig,whole,cmalpha_x0.7,0.38461538461538464,0.5555555555555556,0.6752136752136753,
global5000,elev_doublet,sig,win5,cmalpha_x0.7,0.23076923076923078,0.42857142857142855,0.6495726495726496,
global5000,elev_doublet,sig,win10,cmalpha_x0.7,0.38461538461538464,0.5,0.6068376068376069,
global5000,elev_doublet,sig,whole,clo_+0.1,0.3076923076923077,0.5,0.4700854700854701,
global5000,elev_doublet,sig,win5,clo_+0.1,0.3076923076923077,0.6666666666666666,0.5726495726495726,
global5000,elev_doublet,sig,win10,clo_+0.1,0.15384615384615385,0.2857142857142857,0.36752136752136755,
global5000,elev_doublet,sig,whole,noop,,,,0.0
global5000,elev_doublet,sig,win5,noop,,,,0.0
global5000,elev_doublet,sig,win10,noop,,,,0.0
global5000,elev_step,det,whole,inertia_x1.6,0.2727272727272727,1.0,,
global5000,elev_step,det,win5,inertia_x1.6,0.2727272727272727,1.0,,
global5000,elev_step,det,win10,inertia_x1.6,0.2727272727272727,1.0,,
global5000,elev_step,det,whole,cmq_x0.5,0.38461538461538464,0.5555555555555556,0.38461538461538464,
global5000,elev_step,det,win5,cmq_x0.5,0.38461538461538464,0.5555555555555556,0.6153846153846154,
global5000,elev_step,det,win10,cmq_x0.5,0.38461538461538464,0.5555555555555556,0.6153846153846154,
global5000,elev_step,det,whole,cmalpha_x0.7,0.8461538461538461,0.55,0.9914529914529914,
global5000,elev_step,det,win5,cmalpha_x0.7,1.0,0.5909090909090909,1.0,
global5000,elev_step,det,win10,cmalpha_x0.7,0.8461538461538461,0.55,1.0,
global5000,elev_step,det,whole,clo_+0.1,0.9230769230769231,0.7058823529411765,0.8632478632478633,
global5000,elev_step,det,win5,clo_+0.1,1.0,0.7647058823529411,0.8974358974358975,
global5000,elev_step,det,win10,clo_+0.1,1.0,0.7647058823529411,0.8803418803418803,
global5000,elev_step,det,whole,noop,,,,0.0
global5000,elev_step,det,win5,noop,,,,0.0
global5000,elev_step,det,win10,noop,,,,0.0
global5000,elev_step,sig,whole,inertia_x1.6,0.09090909090909091,1.0,,
global5000,elev_step,sig,win5,inertia_x1.6,0.0,,,
global5000,elev_step,sig,win10,inertia_x1.6,0.045454545454545456,1.0,,
global5000,elev_step,sig,whole,cmq_x0.5,0.23076923076923078,1.0,0.4017094017094017,
global5000,elev_step,sig,win5,cmq_x0.5,0.3076923076923077,1.0,0.7008547008547009,
global5000,elev_step,sig,win10,cmq_x0.5,0.15384615384615385,1.0,0.5042735042735043,
global5000,elev_step,sig,whole,cmalpha_x0.7,0.6923076923076923,0.5294117647058824,0.6752136752136753,
global5000,elev_step,sig,win5,cmalpha_x0.7,0.5384615384615384,0.5,0.2820512820512821,
global5000,elev_step,sig,win10,cmalpha_x0.7,0.6153846153846154,0.5,0.358974358974359,
global5000,elev_step,sig,whole,clo_+0.1,0.7692307692307693,0.5882352941176471,0.5982905982905984,
global5000,elev_step,sig,win5,clo_+0.1,0.9230769230769231,0.631578947368421,0.3504273504273504,
global5000,elev_step,sig,win10,clo_+0.1,0.9230769230769231,0.631578947368421,0.35897435897435903,
global5000,elev_step,sig,whole,noop,,,,0.0
global5000,elev_step,sig,win5,noop,,,,0.0
global5000,elev_step,sig,win10,noop,,,,0.0
global5000,aileron_step,det,whole,inertia_x1.6,0.13636363636363635,1.0,,
global5000,aileron_step,det,win5,inertia_x1.6,0.13636363636363635,1.0,,
global5000,aileron_step,det,win10,inertia_x1.6,0.13636363636363635,1.0,,
global5000,aileron_step,det,whole,cmq_x0.5,0.3076923076923077,1.0,0.38461538461538464,
global5000,aileron_step,det,win5,cmq_x0.5,0.3076923076923077,1.0,0.46153846153846156,
global5000,aileron_step,det,win10,cmq_x0.5,0.3076923076923077,1.0,0.4102564102564103,
global5000,aileron_step,det,whole,cmalpha_x0.7,0.23076923076923078,0.75,0.4444444444444444,
global5000,aileron_step,det,win5,cmalpha_x0.7,0.23076923076923078,0.75,0.4786324786324786,
global5000,aileron_step,det,win10,cmalpha_x0.7,0.23076923076923078,0.75,0.47863247863247865,
global5000,aileron_step,det,whole,clo_+0.1,0.46153846153846156,0.5,0.5384615384615384,
global5000,aileron_step,det,win5,clo_+0.1,0.46153846153846156,0.5,0.5299145299145299,
global5000,aileron_step,det,win10,clo_+0.1,0.5384615384615384,0.5384615384615384,0.5299145299145299,
global5000,aileron_step,det,whole,noop,,,,0.0
global5000,aileron_step,det,win5,noop,,,,0.0
global5000,aileron_step,det,win10,noop,,,,0.0
global5000,aileron_step,sig,whole,inertia_x1.6,0.09090909090909091,1.0,,
global5000,aileron_step,sig,win5,inertia_x1.6,0.045454545454545456,1.0,,
global5000,aileron_step,sig,win10,inertia_x1.6,0.09090909090909091,1.0,,
global5000,aileron_step,sig,whole,cmq_x0.5,0.0,0.0,0.547008547008547,
global5000,aileron_step,sig,win5,cmq_x0.5,0.07692307692307693,0.3333333333333333,0.905982905982906,
global5000,aileron_step,sig,win10,cmq_x0.5,0.07692307692307693,0.3333333333333333,0.7179487179487178,
global5000,aileron_step,sig,whole,cmalpha_x0.7,0.3076923076923077,0.5714285714285714,0.6923076923076923,
global5000,aileron_step,sig,win5,cmalpha_x0.7,0.15384615384615385,0.5,0.8547008547008549,
global5000,aileron_step,sig,win10,cmalpha_x0.7,0.23076923076923078,0.5,0.9487179487179487,
global5000,aileron_step,sig,whole,clo_+0.1,0.46153846153846156,0.46153846153846156,0.6324786324786326,
global5000,aileron_step,sig,win5,clo_+0.1,0.5384615384615384,0.5,0.7350427350427351,
global5000,aileron_step,sig,win10,clo_+0.1,0.46153846153846156,0.46153846153846156,0.8632478632478634,
global5000,aileron_step,sig,whole,noop,,,,0.045454545454545456
global5000,aileron_step,sig,win5,noop,,,,0.045454545454545456
global5000,aileron_step,sig,win10,noop,,,,0.045454545454545456
global5000,rudder_doublet,det,whole,inertia_x1.6,0.09090909090909091,1.0,,
global5000,rudder_doublet,det,win5,inertia_x1.6,0.18181818181818182,1.0,,
global5000,rudder_doublet,det,win10,inertia_x1.6,0.18181818181818182,1.0,,
global5000,rudder_doublet,det,whole,cmq_x0.5,0.07692307692307693,1.0,0.623931623931624,
global5000,rudder_doublet,det,win5,cmq_x0.5,0.15384615384615385,1.0,0.6239316239316239,
global5000,rudder_doublet,det,win10,cmq_x0.5,0.15384615384615385,1.0,0.623931623931624,
global5000,rudder_doublet,det,whole,cmalpha_x0.7,0.46153846153846156,1.0,0.7350427350427351,
global5000,rudder_doublet,det,win5,cmalpha_x0.7,0.46153846153846156,1.0,0.7350427350427351,
global5000,rudder_doublet,det,win10,cmalpha_x0.7,0.46153846153846156,1.0,0.7350427350427351,
global5000,rudder_doublet,det,whole,clo_+0.1,0.46153846153846156,1.0,0.8717948717948718,
global5000,rudder_doublet,det,win5,clo_+0.1,0.46153846153846156,1.0,0.8803418803418803,
global5000,rudder_doublet,det,win10,clo_+0.1,0.46153846153846156,1.0,0.8717948717948718,
global5000,rudder_doublet,det,whole,noop,,,,0.0
global5000,rudder_doublet,det,win5,noop,,,,0.09090909090909091
global5000,rudder_doublet,det,win10,noop,,,,0.09090909090909091
global5000,rudder_doublet,sig,whole,inertia_x1.6,0.0,,,
global5000,rudder_doublet,sig,win5,inertia_x1.6,0.0,,,
global5000,rudder_doublet,sig,win10,inertia_x1.6,0.0,,,
global5000,rudder_doublet,sig,whole,cmq_x0.5,0.0,,0.5811965811965812,
global5000,rudder_doublet,sig,win5,cmq_x0.5,0.0,,0.6837606837606837,
global5000,rudder_doublet,sig,win10,cmq_x0.5,0.07692307692307693,1.0,0.5299145299145299,
global5000,rudder_doublet,sig,whole,cmalpha_x0.7,0.3076923076923077,0.5714285714285714,0.8547008547008547,
global5000,rudder_doublet,sig,win5,cmalpha_x0.7,0.15384615384615385,0.4,0.6495726495726497,
global5000,rudder_doublet,sig,win10,cmalpha_x0.7,0.3076923076923077,0.5714285714285714,0.7606837606837606,
global5000,rudder_doublet,sig,whole,clo_+0.1,0.3076923076923077,0.5714285714285714,0.5641025641025641,
global5000,rudder_doublet,sig,win5,clo_+0.1,0.15384615384615385,0.4,0.5811965811965812,
global5000,rudder_doublet,sig,win10,clo_+0.1,0.3076923076923077,0.5714285714285714,0.5726495726495726,
global5000,rudder_doublet,sig,whole,noop,,,,0.0
global5000,rudder_doublet,sig,win5,noop,,,,0.0
global5000,rudder_doublet,sig,win10,noop,,,,0.0
global5000,bank_hold,det,whole,inertia_x1.6,0.13636363636363635,1.0,,
global5000,bank_hold,det,win5,inertia_x1.6,0.13636363636363635,1.0,,
global5000,bank_hold,det,win10,inertia_x1.6,0.13636363636363635,1.0,,
global5000,bank_hold,det,whole,cmq_x0.5,0.38461538461538464,1.0,0.5982905982905984,
global5000,bank_hold,det,win5,cmq_x0.5,0.3076923076923077,1.0,0.6837606837606838,
global5000,bank_hold,det,win10,cmq_x0.5,0.3076923076923077,1.0,0.6752136752136753,
global5000,bank_hold,det,whole,cmalpha_x0.7,0.46153846153846156,0.8571428571428571,0.7008547008547008,
global5000,bank_hold,det,win5,cmalpha_x0.7,0.46153846153846156,0.8571428571428571,0.6410256410256411,
global5000,bank_hold,det,win10,cmalpha_x0.7,0.46153846153846156,0.8571428571428571,0.6581196581196582,
global5000,bank_hold,det,whole,clo_+0.1,0.5384615384615384,0.5,0.6495726495726496,
global5000,bank_hold,det,win5,clo_+0.1,0.6153846153846154,0.5333333333333333,0.5555555555555556,
global5000,bank_hold,det,win10,clo_+0.1,0.6153846153846154,0.5333333333333333,0.5982905982905984,
global5000,bank_hold,det,whole,noop,,,,0.045454545454545456
global5000,bank_hold,det,win5,noop,,,,0.045454545454545456
global5000,bank_hold,det,win10,noop,,,,0.045454545454545456
global5000,bank_hold,sig,whole,inertia_x1.6,0.09090909090909091,1.0,,
global5000,bank_hold,sig,win5,inertia_x1.6,0.09090909090909091,1.0,,
global5000,bank_hold,sig,win10,inertia_x1.6,0.09090909090909091,1.0,,
global5000,bank_hold,sig,whole,cmq_x0.5,0.0,0.0,0.7264957264957266,
global5000,bank_hold,sig,win5,cmq_x0.5,0.0,0.0,0.7521367521367521,
global5000,bank_hold,sig,win10,cmq_x0.5,0.0,0.0,0.7350427350427351,
global5000,bank_hold,sig,whole,cmalpha_x0.7,0.15384615384615385,0.4,0.45299145299145305,
global5000,bank_hold,sig,win5,cmalpha_x0.7,0.15384615384615385,0.6666666666666666,0.5042735042735043,
global5000,bank_hold,sig,win10,cmalpha_x0.7,0.15384615384615385,0.2857142857142857,0.36752136752136755,
global5000,bank_hold,sig,whole,clo_+0.1,0.15384615384615385,0.2222222222222222,0.5128205128205129,
global5000,bank_hold,sig,win5,clo_+0.1,0.15384615384615385,0.25,0.4273504273504274,
global5000,bank_hold,sig,win10,clo_+0.1,0.15384615384615385,0.2222222222222222,0.4358974358974359,
global5000,bank_hold,sig,whole,noop,,,,0.045454545454545456
global5000,bank_hold,sig,win5,noop,,,,0.09090909090909091
global5000,bank_hold,sig,win10,noop,,,,0.09090909090909091
global5000,flap_extend,det,whole,inertia_x1.6,0.3181818181818182,1.0,,
global5000,flap_extend,det,win5,inertia_x1.6,0.2727272727272727,1.0,,
global5000,flap_extend,det,win10,inertia_x1.6,0.2727272727272727,1.0,,
global5000,flap_extend,det,whole,cmq_x0.5,0.15384615384615385,1.0,0.5128205128205129,
global5000,flap_extend,det,win5,cmq_x0.5,0.23076923076923078,0.6,0.5128205128205129,
global5000,flap_extend,det,win10,cmq_x0.5,0.07692307692307693,0.5,0.4871794871794872,
global5000,flap_extend,det,whole,cmalpha_x0.7,0.8461538461538461,0.8461538461538461,0.9145299145299146,
global5000,flap_extend,det,win5,cmalpha_x0.7,1.0,0.8666666666666667,0.9059829059829061,
global5000,flap_extend,det,win10,cmalpha_x0.7,1.0,0.8666666666666667,0.9145299145299146,
global5000,flap_extend,det,whole,clo_+0.1,0.9230769230769231,0.9230769230769231,0.8888888888888888,
global5000,flap_extend,det,win5,clo_+0.1,0.8461538461538461,0.9166666666666666,0.9145299145299145,
global5000,flap_extend,det,win10,clo_+0.1,0.9230769230769231,0.9230769230769231,0.8974358974358974,
global5000,flap_extend,det,whole,noop,,,,0.045454545454545456
global5000,flap_extend,det,win5,noop,,,,0.0
global5000,flap_extend,det,win10,noop,,,,0.0
global5000,flap_extend,sig,whole,inertia_x1.6,0.13636363636363635,1.0,,
global5000,flap_extend,sig,win5,inertia_x1.6,0.18181818181818182,1.0,,
global5000,flap_extend,sig,win10,inertia_x1.6,0.09090909090909091,1.0,,
global5000,flap_extend,sig,whole,cmq_x0.5,0.46153846153846156,0.46153846153846156,0.5811965811965812,
global5000,flap_extend,sig,win5,cmq_x0.5,0.38461538461538464,0.4166666666666667,0.5982905982905983,
global5000,flap_extend,sig,win10,cmq_x0.5,0.6153846153846154,0.5714285714285714,0.6495726495726496,
global5000,flap_extend,sig,whole,cmalpha_x0.7,0.46153846153846156,0.5454545454545454,0.3675213675213675,
global5000,flap_extend,sig,win5,cmalpha_x0.7,0.3076923076923077,0.3076923076923077,0.20512820512820518,
global5000,flap_extend,sig,win10,cmalpha_x0.7,0.3076923076923077,0.3333333333333333,0.24786324786324787,
global5000,flap_extend,sig,whole,clo_+0.1,0.38461538461538464,0.5,0.5213675213675214,
global5000,flap_extend,sig,win5,clo_+0.1,0.3076923076923077,0.36363636363636365,0.4700854700854701,
global5000,flap_extend,sig,win10,clo_+0.1,0.3076923076923077,0.36363636363636365,0.4188034188034189,
global5000,flap_extend,sig,whole,noop,,,,0.13636363636363635
global5000,flap_extend,sig,win5,noop,,,,0.09090909090909091
global5000,flap_extend,sig,win10,noop,,,,0.045454545454545456
global5000,engine_cut,det,whole,inertia_x1.6,0.3181818181818182,1.0,,
global5000,engine_cut,det,win5,inertia_x1.6,0.3181818181818182,1.0,,
global5000,engine_cut,det,win10,inertia_x1.6,0.2727272727272727,1.0,,
global5000,engine_cut,det,whole,cmq_x0.5,0.5384615384615384,0.7,0.5811965811965811,
global5000,engine_cut,det,win5,cmq_x0.5,0.6153846153846154,0.7272727272727273,0.623931623931624,
global5000,engine_cut,det,win10,cmq_x0.5,0.6153846153846154,0.7272727272727273,0.6153846153846154,
global5000,engine_cut,det,whole,cmalpha_x0.7,0.9230769230769231,0.6666666666666666,0.9401709401709402,
global5000,engine_cut,det,win5,cmalpha_x0.7,1.0,0.6842105263157895,0.9487179487179488,
global5000,engine_cut,det,win10,cmalpha_x0.7,1.0,0.6842105263157895,0.9230769230769231,
global5000,engine_cut,det,whole,clo_+0.1,0.7692307692307693,0.5263157894736842,0.6068376068376069,
global5000,engine_cut,det,win5,clo_+0.1,0.8461538461538461,0.55,0.5726495726495726,
global5000,engine_cut,det,win10,clo_+0.1,0.8461538461538461,0.55,0.6153846153846154,
global5000,engine_cut,det,whole,noop,,,,0.09090909090909091
global5000,engine_cut,det,win5,noop,,,,0.09090909090909091
global5000,engine_cut,det,win10,noop,,,,0.09090909090909091
global5000,engine_cut,sig,whole,inertia_x1.6,0.0,,,
global5000,engine_cut,sig,win5,inertia_x1.6,0.09090909090909091,1.0,,
global5000,engine_cut,sig,win10,inertia_x1.6,0.0,,,
global5000,engine_cut,sig,whole,cmq_x0.5,0.3076923076923077,1.0,0.33333333333333337,
global5000,engine_cut,sig,win5,cmq_x0.5,0.3076923076923077,0.8,0.5384615384615384,
global5000,engine_cut,sig,win10,cmq_x0.5,0.23076923076923078,0.75,0.24786324786324787,
global5000,engine_cut,sig,whole,cmalpha_x0.7,0.6153846153846154,0.7272727272727273,0.6666666666666666,
global5000,engine_cut,sig,win5,cmalpha_x0.7,0.6153846153846154,0.6153846153846154,0.8376068376068375,
global5000,engine_cut,sig,win10,cmalpha_x0.7,0.6153846153846154,0.7272727272727273,0.7606837606837608,
global5000,engine_cut,sig,whole,clo_+0.1,0.6153846153846154,0.5714285714285714,0.7350427350427351,
global5000,engine_cut,sig,win5,clo_+0.1,0.6923076923076923,0.5,0.3418803418803419,
global5000,engine_cut,sig,win10,clo_+0.1,0.6923076923076923,0.5294117647058824,0.4871794871794872,
global5000,engine_cut,sig,whole,noop,,,,0.0
global5000,engine_cut,sig,win5,noop,,,,0.045454545454545456
global5000,engine_cut,sig,win10,noop,,,,0.0
global5000,climbing_turn,det,whole,inertia_x1.6,0.5,1.0,,
global5000,climbing_turn,det,win5,inertia_x1.6,0.5,1.0,,
global5000,climbing_turn,det,win10,inertia_x1.6,0.5,1.0,,
global5000,climbing_turn,det,whole,cmq_x0.5,0.38461538461538464,0.7142857142857143,0.46153846153846156,
global5000,climbing_turn,det,win5,cmq_x0.5,0.38461538461538464,0.8333333333333334,0.48717948717948717,
global5000,climbing_turn,det,win10,cmq_x0.5,0.38461538461538464,0.7142857142857143,0.5128205128205129,
global5000,climbing_turn,det,whole,cmalpha_x0.7,0.6153846153846154,0.5714285714285714,0.6581196581196581,
global5000,climbing_turn,det,win5,cmalpha_x0.7,0.6153846153846154,0.6153846153846154,0.6410256410256411,
global5000,climbing_turn,det,win10,cmalpha_x0.7,0.6153846153846154,0.5714285714285714,0.5982905982905983,
global5000,climbing_turn,det,whole,clo_+0.1,0.8461538461538461,0.6111111111111112,0.7606837606837606,
global5000,climbing_turn,det,win5,clo_+0.1,0.8461538461538461,0.6111111111111112,0.7606837606837606,
global5000,climbing_turn,det,win10,clo_+0.1,0.8461538461538461,0.6111111111111112,0.7264957264957266,
global5000,climbing_turn,det,whole,noop,,,,0.09090909090909091
global5000,climbing_turn,det,win5,noop,,,,0.09090909090909091
global5000,climbing_turn,det,win10,noop,,,,0.13636363636363635
global5000,climbing_turn,sig,whole,inertia_x1.6,0.09090909090909091,1.0,,
global5000,climbing_turn,sig,win5,inertia_x1.6,0.0,,,
global5000,climbing_turn,sig,win10,inertia_x1.6,0.0,,,
global5000,climbing_turn,sig,whole,cmq_x0.5,0.07692307692307693,1.0,0.24786324786324787,
global5000,climbing_turn,sig,win5,cmq_x0.5,0.0,0.0,0.6581196581196582,
global5000,climbing_turn,sig,win10,cmq_x0.5,0.0,0.0,0.2905982905982906,
global5000,climbing_turn,sig,whole,cmalpha_x0.7,0.5384615384615384,0.875,0.7692307692307693,
global5000,climbing_turn,sig,win5,cmalpha_x0.7,0.3076923076923077,0.8,0.7948717948717949,
global5000,climbing_turn,sig,win10,cmalpha_x0.7,0.3076923076923077,0.8,0.8205128205128207,
global5000,climbing_turn,sig,whole,clo_+0.1,0.46153846153846156,0.5454545454545454,0.8290598290598291,
global5000,climbing_turn,sig,win5,clo_+0.1,0.5384615384615384,0.6363636363636364,0.6495726495726496,
global5000,climbing_turn,sig,win10,clo_+0.1,0.5384615384615384,0.5384615384615384,0.7435897435897436,
global5000,climbing_turn,sig,whole,noop,,,,0.0
global5000,climbing_turn,sig,win5,noop,,,,0.0
global5000,climbing_turn,sig,win10,noop,,,,0.0
global5000,elev_doublet_distractor,det,whole,inertia_x1.6,0.45454545454545453,1.0,,
global5000,elev_doublet_distractor,det,win5,inertia_x1.6,0.4090909090909091,1.0,,
global5000,elev_doublet_distractor,det,win10,inertia_x1.6,0.45454545454545453,1.0,,
global5000,elev_doublet_distractor,det,whole,cmq_x0.5,0.7692307692307693,1.0,1.0,
global5000,elev_doublet_distractor,det,win5,cmq_x0.5,0.7692307692307693,1.0,1.0,
global5000,elev_doublet_distractor,det,win10,cmq_x0.5,0.9230769230769231,1.0,1.0,
global5000,elev_doublet_distractor,det,whole,cmalpha_x0.7,0.7692307692307693,0.9090909090909091,0.8974358974358975,
global5000,elev_doublet_distractor,det,win5,cmalpha_x0.7,0.7692307692307693,1.0,0.9145299145299145,
global5000,elev_doublet_distractor,det,win10,cmalpha_x0.7,0.7692307692307693,0.9090909090909091,0.8803418803418803,
global5000,elev_doublet_distractor,det,whole,clo_+0.1,0.7692307692307693,0.8333333333333334,0.982905982905983,
global5000,elev_doublet_distractor,det,win5,clo_+0.1,0.7692307692307693,0.8333333333333334,0.9316239316239316,
global5000,elev_doublet_distractor,det,win10,clo_+0.1,0.7692307692307693,0.8333333333333334,0.9316239316239316,
global5000,elev_doublet_distractor,det,whole,noop,,,,0.2727272727272727
global5000,elev_doublet_distractor,det,win5,noop,,,,0.22727272727272727
global5000,elev_doublet_distractor,det,win10,noop,,,,0.2727272727272727
global5000,elev_doublet_distractor,sig,whole,inertia_x1.6,0.13636363636363635,1.0,,
global5000,elev_doublet_distractor,sig,win5,inertia_x1.6,0.09090909090909091,1.0,,
global5000,elev_doublet_distractor,sig,win10,inertia_x1.6,0.0,,,
global5000,elev_doublet_distractor,sig,whole,cmq_x0.5,0.23076923076923078,1.0,0.9401709401709402,
global5000,elev_doublet_distractor,sig,win5,cmq_x0.5,0.23076923076923078,1.0,0.4700854700854701,
global5000,elev_doublet_distractor,sig,win10,cmq_x0.5,0.07692307692307693,1.0,0.7948717948717949,
global5000,elev_doublet_distractor,sig,whole,cmalpha_x0.7,0.15384615384615385,0.6666666666666666,0.6581196581196582,
global5000,elev_doublet_distractor,sig,win5,cmalpha_x0.7,0.15384615384615385,0.5,0.6495726495726496,
global5000,elev_doublet_distractor,sig,win10,cmalpha_x0.7,0.15384615384615385,0.5,0.5384615384615384,
global5000,elev_doublet_distractor,sig,whole,clo_+0.1,0.23076923076923078,0.6,0.7521367521367521,
global5000,elev_doublet_distractor,sig,win5,clo_+0.1,0.07692307692307693,0.3333333333333333,0.6068376068376069,
global5000,elev_doublet_distractor,sig,win10,clo_+0.1,0.15384615384615385,0.4,0.5555555555555556,
global5000,elev_doublet_distractor,sig,whole,noop,,,,0.09090909090909091
global5000,elev_doublet_distractor,sig,win5,noop,,,,0.045454545454545456
global5000,elev_doublet_distractor,sig,win10,noop,,,,0.045454545454545456
global5000,engine_restart,det,whole,inertia_x1.6,0.18181818181818182,1.0,,
global5000,engine_restart,det,win5,inertia_x1.6,0.18181818181818182,1.0,,
global5000,engine_restart,det,win10,inertia_x1.6,0.18181818181818182,1.0,,
global5000,engine_restart,det,whole,cmq_x0.5,0.5384615384615384,1.0,0.6410256410256411,
global5000,engine_restart,det,win5,cmq_x0.5,0.5384615384615384,1.0,0.9743589743589743,
global5000,engine_restart,det,win10,cmq_x0.5,0.5384615384615384,1.0,0.9658119658119658,
global5000,engine_restart,det,whole,cmalpha_x0.7,1.0,0.7222222222222222,0.9658119658119658,
global5000,engine_restart,det,win5,cmalpha_x0.7,1.0,0.7647058823529411,0.9743589743589745,
global5000,engine_restart,det,win10,cmalpha_x0.7,1.0,0.7222222222222222,0.9743589743589745,
global5000,engine_restart,det,whole,clo_+0.1,0.8461538461538461,0.55,0.7008547008547009,
global5000,engine_restart,det,win5,clo_+0.1,0.8461538461538461,0.55,0.6837606837606838,
global5000,engine_restart,det,win10,clo_+0.1,0.8461538461538461,0.55,0.6410256410256411,
global5000,engine_restart,det,whole,noop,,,,0.0
global5000,engine_restart,det,win5,noop,,,,0.0
global5000,engine_restart,det,win10,noop,,,,0.0
global5000,engine_restart,sig,whole,inertia_x1.6,0.22727272727272727,1.0,,
global5000,engine_restart,sig,win5,inertia_x1.6,0.36363636363636365,1.0,,
global5000,engine_restart,sig,win10,inertia_x1.6,0.2727272727272727,1.0,,
global5000,engine_restart,sig,whole,cmq_x0.5,0.46153846153846156,1.0,0.7863247863247863,
global5000,engine_restart,sig,win5,cmq_x0.5,0.6153846153846154,1.0,0.811965811965812,
global5000,engine_restart,sig,win10,cmq_x0.5,0.7692307692307693,1.0,0.8205128205128206,
global5000,engine_restart,sig,whole,cmalpha_x0.7,0.6153846153846154,0.7272727272727273,0.9145299145299145,
global5000,engine_restart,sig,win5,cmalpha_x0.7,0.7692307692307693,0.625,0.8034188034188035,
global5000,engine_restart,sig,win10,cmalpha_x0.7,0.7692307692307693,0.6666666666666666,0.8376068376068376,
global5000,engine_restart,sig,whole,clo_+0.1,0.8461538461538461,0.5789473684210527,0.7692307692307693,
global5000,engine_restart,sig,win5,clo_+0.1,0.8461538461538461,0.55,0.39316239316239315,
global5000,engine_restart,sig,win10,clo_+0.1,0.8461538461538461,0.6111111111111112,0.5641025641025641,
global5000,engine_restart,sig,whole,noop,,,,0.09090909090909091
global5000,engine_restart,sig,win5,noop,,,,0.18181818181818182
global5000,engine_restart,sig,win10,noop,,,,0.13636363636363635
pa28,cruise,det,whole,inertia_x1.6,0.045454545454545456,1.0,,
pa28,cruise,det,win5,inertia_x1.6,0.045454545454545456,1.0,,
pa28,cruise,det,win10,inertia_x1.6,0.045454545454545456,1.0,,
pa28,cruise,det,whole,cmq_x0.5,0.07692307692307693,1.0,0.1794871794871795,
pa28,cruise,det,win5,cmq_x0.5,0.07692307692307693,1.0,0.36752136752136755,
pa28,cruise,det,win10,cmq_x0.5,0.0,,0.32478632478632485,
pa28,cruise,det,whole,cmalpha_x0.7,0.0,0.0,0.18803418803418803,
pa28,cruise,det,win5,cmalpha_x0.7,0.0,0.0,0.3675213675213675,
pa28,cruise,det,win10,cmalpha_x0.7,0.0,0.0,0.45299145299145294,
pa28,cruise,det,whole,clo_+0.1,0.46153846153846156,0.6,0.5128205128205129,
pa28,cruise,det,win5,clo_+0.1,0.46153846153846156,0.5454545454545454,0.5299145299145299,
pa28,cruise,det,win10,clo_+0.1,0.46153846153846156,0.5454545454545454,0.5299145299145299,
pa28,cruise,det,whole,noop,,,,0.0
pa28,cruise,det,win5,noop,,,,0.0
pa28,cruise,det,win10,noop,,,,0.0
pa28,cruise,sig,whole,inertia_x1.6,0.22727272727272727,1.0,,
pa28,cruise,sig,win5,inertia_x1.6,0.13636363636363635,1.0,,
pa28,cruise,sig,win10,inertia_x1.6,0.0,,,
pa28,cruise,sig,whole,cmq_x0.5,0.23076923076923078,0.5,0.5128205128205128,
pa28,cruise,sig,win5,cmq_x0.5,0.23076923076923078,1.0,0.5897435897435898,
pa28,cruise,sig,win10,cmq_x0.5,0.15384615384615385,0.5,0.4871794871794872,
pa28,cruise,sig,whole,cmalpha_x0.7,0.38461538461538464,0.7142857142857143,0.6324786324786325,
pa28,cruise,sig,win5,cmalpha_x0.7,0.23076923076923078,0.75,0.6495726495726497,
pa28,cruise,sig,win10,cmalpha_x0.7,0.38461538461538464,0.8333333333333334,0.735042735042735,
pa28,cruise,sig,whole,clo_+0.1,0.3076923076923077,0.5714285714285714,0.641025641025641,
pa28,cruise,sig,win5,clo_+0.1,0.46153846153846156,0.75,0.717948717948718,
pa28,cruise,sig,win10,clo_+0.1,0.3076923076923077,0.5714285714285714,0.6666666666666667,
pa28,cruise,sig,whole,noop,,,,0.22727272727272727
pa28,cruise,sig,win5,noop,,,,0.18181818181818182
pa28,cruise,sig,win10,noop,,,,0.045454545454545456
pa28,throttle_step,det,whole,inertia_x1.6,0.0,,,
pa28,throttle_step,det,win5,inertia_x1.6,0.0,,,
pa28,throttle_step,det,win10,inertia_x1.6,0.0,,,
pa28,throttle_step,det,whole,cmq_x0.5,0.0,,0.7777777777777778,
pa28,throttle_step,det,win5,cmq_x0.5,0.07692307692307693,1.0,0.8461538461538461,
pa28,throttle_step,det,win10,cmq_x0.5,0.0,,0.8034188034188035,
pa28,throttle_step,det,whole,cmalpha_x0.7,0.38461538461538464,1.0,0.4444444444444445,
pa28,throttle_step,det,win5,cmalpha_x0.7,0.38461538461538464,1.0,0.46153846153846156,
pa28,throttle_step,det,win10,cmalpha_x0.7,0.38461538461538464,0.8333333333333334,0.4615384615384616,
pa28,throttle_step,det,whole,clo_+0.1,0.6153846153846154,0.5714285714285714,0.5897435897435898,
pa28,throttle_step,det,win5,clo_+0.1,0.6153846153846154,0.5714285714285714,0.717948717948718,
pa28,throttle_step,det,win10,clo_+0.1,0.6153846153846154,0.5714285714285714,0.6752136752136753,
pa28,throttle_step,det,whole,noop,,,,0.0
pa28,throttle_step,det,win5,noop,,,,0.0
pa28,throttle_step,det,win10,noop,,,,0.0
pa28,throttle_step,sig,whole,inertia_x1.6,0.0,,,
pa28,throttle_step,sig,win5,inertia_x1.6,0.0,,,
pa28,throttle_step,sig,win10,inertia_x1.6,0.0,,,
pa28,throttle_step,sig,whole,cmq_x0.5,0.0,,0.6581196581196582,
pa28,throttle_step,sig,win5,cmq_x0.5,0.0,,0.4273504273504274,
pa28,throttle_step,sig,win10,cmq_x0.5,0.0,,0.5555555555555557,
pa28,throttle_step,sig,whole,cmalpha_x0.7,0.15384615384615385,1.0,0.7606837606837608,
pa28,throttle_step,sig,win5,cmalpha_x0.7,0.15384615384615385,0.5,0.49572649572649574,
pa28,throttle_step,sig,win10,cmalpha_x0.7,0.23076923076923078,0.6,0.6752136752136753,
pa28,throttle_step,sig,whole,clo_+0.1,0.23076923076923078,0.5,0.6752136752136753,
pa28,throttle_step,sig,win5,clo_+0.1,0.38461538461538464,0.5,0.5128205128205129,
pa28,throttle_step,sig,win10,clo_+0.1,0.23076923076923078,0.6,0.6239316239316239,
pa28,throttle_step,sig,whole,noop,,,,0.0
pa28,throttle_step,sig,win5,noop,,,,0.0
pa28,throttle_step,sig,win10,noop,,,,0.0
pa28,elev_doublet,det,whole,inertia_x1.6,0.3181818181818182,1.0,,
pa28,elev_doublet,det,win5,inertia_x1.6,0.2727272727272727,1.0,,
pa28,elev_doublet,det,win10,inertia_x1.6,0.36363636363636365,1.0,,
pa28,elev_doublet,det,whole,cmq_x0.5,0.0,,0.6324786324786325,
pa28,elev_doublet,det,win5,cmq_x0.5,0.0,,0.6666666666666667,
pa28,elev_doublet,det,win10,cmq_x0.5,0.07692307692307693,1.0,0.7094017094017093,
pa28,elev_doublet,det,whole,cmalpha_x0.7,0.23076923076923078,0.5,0.6239316239316239,
pa28,elev_doublet,det,win5,cmalpha_x0.7,0.15384615384615385,0.6666666666666666,0.5555555555555556,
pa28,elev_doublet,det,win10,cmalpha_x0.7,0.3076923076923077,0.5714285714285714,0.6239316239316239,
pa28,elev_doublet,det,whole,clo_+0.1,0.7692307692307693,0.5882352941176471,0.4871794871794872,
pa28,elev_doublet,det,win5,clo_+0.1,0.7692307692307693,0.5882352941176471,0.4957264957264958,
pa28,elev_doublet,det,win10,clo_+0.1,0.7692307692307693,0.5882352941176471,0.47008547008547014,
pa28,elev_doublet,det,whole,noop,,,,0.0
pa28,elev_doublet,det,win5,noop,,,,0.0
pa28,elev_doublet,det,win10,noop,,,,0.0
pa28,elev_doublet,sig,whole,inertia_x1.6,0.09090909090909091,1.0,,
pa28,elev_doublet,sig,win5,inertia_x1.6,0.2727272727272727,1.0,,
pa28,elev_doublet,sig,win10,inertia_x1.6,0.18181818181818182,1.0,,
pa28,elev_doublet,sig,whole,cmq_x0.5,0.0,,0.5726495726495726,
pa28,elev_doublet,sig,win5,cmq_x0.5,0.07692307692307693,0.3333333333333333,0.5299145299145299,
pa28,elev_doublet,sig,win10,cmq_x0.5,0.0,0.0,0.6581196581196582,
pa28,elev_doublet,sig,whole,cmalpha_x0.7,0.0,,0.36752136752136755,
pa28,elev_doublet,sig,win5,cmalpha_x0.7,0.07692307692307693,1.0,0.47863247863247865,
pa28,elev_doublet,sig,win10,cmalpha_x0.7,0.07692307692307693,1.0,0.5982905982905984,
pa28,elev_doublet,sig,whole,clo_+0.1,0.38461538461538464,0.5555555555555556,0.6495726495726496,
pa28,elev_doublet,sig,win5,clo_+0.1,0.46153846153846156,0.5454545454545454,0.5726495726495726,
pa28,elev_doublet,sig,win10,clo_+0.1,0.5384615384615384,0.7777777777777778,0.7350427350427351,
pa28,elev_doublet,sig,whole,noop,,,,0.045454545454545456
pa28,elev_doublet,sig,win5,noop,,,,0.045454545454545456
pa28,elev_doublet,sig,win10,noop,,,,0.0
pa28,elev_step,det,whole,inertia_x1.6,0.045454545454545456,1.0,,
pa28,elev_step,det,win5,inertia_x1.6,0.045454545454545456,1.0,,
pa28,elev_step,det,win10,inertia_x1.6,0.045454545454545456,1.0,,
pa28,elev_step,det,whole,cmq_x0.5,0.0,,0.7179487179487181,
pa28,elev_step,det,win5,cmq_x0.5,0.0,,0.5726495726495727,
pa28,elev_step,det,win10,cmq_x0.5,0.0,,0.6239316239316239,
pa28,elev_step,det,whole,cmalpha_x0.7,0.46153846153846156,0.75,0.6837606837606838,
pa28,elev_step,det,win5,cmalpha_x0.7,0.46153846153846156,0.75,0.6239316239316239,
pa28,elev_step,det,win10,cmalpha_x0.7,0.46153846153846156,0.75,0.7094017094017094,
pa28,elev_step,det,whole,clo_+0.1,0.7692307692307693,0.6666666666666666,0.7777777777777779,
pa28,elev_step,det,win5,clo_+0.1,0.6923076923076923,0.6428571428571429,0.7606837606837606,
pa28,elev_step,det,win10,clo_+0.1,0.8461538461538461,0.6875,0.7948717948717949,
pa28,elev_step,det,whole,noop,,,,0.0
pa28,elev_step,det,win5,noop,,,,0.0
pa28,elev_step,det,win10,noop,,,,0.0
pa28,elev_step,sig,whole,inertia_x1.6,0.09090909090909091,1.0,,
pa28,elev_step,sig,win5,inertia_x1.6,0.0,,,
pa28,elev_step,sig,win10,inertia_x1.6,0.09090909090909091,1.0,,
pa28,elev_step,sig,whole,cmq_x0.5,0.23076923076923078,0.5,0.38461538461538464,
pa28,elev_step,sig,win5,cmq_x0.5,0.0,0.0,0.34188034188034194,
pa28,elev_step,sig,win10,cmq_x0.5,0.0,0.0,0.32478632478632485,
pa28,elev_step,sig,whole,cmalpha_x0.7,0.46153846153846156,0.6666666666666666,0.8205128205128205,
pa28,elev_step,sig,win5,cmalpha_x0.7,0.46153846153846156,0.6,0.5299145299145299,
pa28,elev_step,sig,win10,cmalpha_x0.7,0.46153846153846156,0.75,0.7521367521367521,
pa28,elev_step,sig,whole,clo_+0.1,0.5384615384615384,0.4666666666666667,0.358974358974359,
pa28,elev_step,sig,win5,clo_+0.1,0.5384615384615384,0.4375,0.3247863247863248,
pa28,elev_step,sig,win10,clo_+0.1,0.6923076923076923,0.5,0.4358974358974359,
pa28,elev_step,sig,whole,noop,,,,0.0
pa28,elev_step,sig,win5,noop,,,,0.045454545454545456
pa28,elev_step,sig,win10,noop,,,,0.045454545454545456
pa28,aileron_step,det,whole,inertia_x1.6,0.3181818181818182,1.0,,
pa28,aileron_step,det,win5,inertia_x1.6,0.3181818181818182,1.0,,
pa28,aileron_step,det,win10,inertia_x1.6,0.3181818181818182,1.0,,
pa28,aileron_step,det,whole,cmq_x0.5,0.07692307692307693,1.0,0.6239316239316239,
pa28,aileron_step,det,win5,cmq_x0.5,0.0,,0.47863247863247865,
pa28,aileron_step,det,win10,cmq_x0.5,0.0,,0.5128205128205129,
pa28,aileron_step,det,whole,cmalpha_x0.7,0.38461538461538464,1.0,0.6666666666666667,
pa28,aileron_step,det,win5,cmalpha_x0.7,0.3076923076923077,1.0,0.6239316239316239,
pa28,aileron_step,det,win10,cmalpha_x0.7,0.38461538461538464,1.0,0.7008547008547009,
pa28,aileron_step,det,whole,clo_+0.1,0.46153846153846156,0.6,0.5897435897435898,
pa28,aileron_step,det,win5,clo_+0.1,0.46153846153846156,0.6,0.6410256410256411,
pa28,aileron_step,det,win10,clo_+0.1,0.46153846153846156,0.6,0.6068376068376069,
pa28,aileron_step,det,whole,noop,,,,0.0
pa28,aileron_step,det,win5,noop,,,,0.0
pa28,aileron_step,det,win10,noop,,,,0.0
pa28,aileron_step,sig,whole,inertia_x1.6,0.13636363636363635,1.0,,
pa28,aileron_step,sig,win5,inertia_x1.6,0.045454545454545456,1.0,,
pa28,aileron_step,sig,win10,inertia_x1.6,0.18181818181818182,1.0,,
pa28,aileron_step,sig,whole,cmq_x0.5,0.0,,0.6923076923076923,
pa28,aileron_step,sig,win5,cmq_x0.5,0.0,,0.6239316239316239,
pa28,aileron_step,sig,win10,cmq_x0.5,0.0,0.0,0.6239316239316239,
pa28,aileron_step,sig,whole,cmalpha_x0.7,0.38461538461538464,1.0,0.6581196581196582,
pa28,aileron_step,sig,win5,cmalpha_x0.7,0.38461538461538464,0.7142857142857143,0.5641025641025641,
pa28,aileron_step,sig,win10,cmalpha_x0.7,0.3076923076923077,0.8,0.6666666666666667,
pa28,aileron_step,sig,whole,clo_+0.1,0.07692307692307693,0.25,0.452991452991453,
pa28,aileron_step,sig,win5,clo_+0.1,0.15384615384615385,0.4,0.41025641025641024,
pa28,aileron_step,sig,win10,clo_+0.1,0.15384615384615385,0.4,0.5555555555555556,
pa28,aileron_step,sig,whole,noop,,,,0.0
pa28,aileron_step,sig,win5,noop,,,,0.0
pa28,aileron_step,sig,win10,noop,,,,0.0
pa28,rudder_doublet,det,whole,inertia_x1.6,0.3181818181818182,1.0,,
pa28,rudder_doublet,det,win5,inertia_x1.6,0.3181818181818182,1.0,,
pa28,rudder_doublet,det,win10,inertia_x1.6,0.36363636363636365,1.0,,
pa28,rudder_doublet,det,whole,cmq_x0.5,0.0,,0.5299145299145299,
pa28,rudder_doublet,det,win5,cmq_x0.5,0.0,,0.452991452991453,
pa28,rudder_doublet,det,win10,cmq_x0.5,0.0,,0.4871794871794872,
pa28,rudder_doublet,det,whole,cmalpha_x0.7,0.0,,0.23076923076923078,
pa28,rudder_doublet,det,win5,cmalpha_x0.7,0.0,,0.3504273504273504,
pa28,rudder_doublet,det,win10,cmalpha_x0.7,0.0,,0.3333333333333333,
pa28,rudder_doublet,det,whole,clo_+0.1,0.5384615384615384,1.0,0.8461538461538461,
pa28,rudder_doublet,det,win5,clo_+0.1,0.5384615384615384,1.0,0.8461538461538461,
pa28,rudder_doublet,det,win10,clo_+0.1,0.6153846153846154,1.0,0.8461538461538461,
pa28,rudder_doublet,det,whole,noop,,,,0.0
pa28,rudder_doublet,det,win5,noop,,,,0.0
pa28,rudder_doublet,det,win10,noop,,,,0.0
pa28,rudder_doublet,sig,whole,inertia_x1.6,0.3181818181818182,1.0,,
pa28,rudder_doublet,sig,win5,inertia_x1.6,0.3181818181818182,1.0,,
pa28,rudder_doublet,sig,win10,inertia_x1.6,0.36363636363636365,1.0,,
pa28,rudder_doublet,sig,whole,cmq_x0.5,0.0,,0.41025641025641024,
pa28,rudder_doublet,sig,win5,cmq_x0.5,0.0,,0.5470085470085471,
pa28,rudder_doublet,sig,win10,cmq_x0.5,0.0,,0.5897435897435899,
pa28,rudder_doublet,sig,whole,cmalpha_x0.7,0.23076923076923078,1.0,0.6794871794871795,
pa28,rudder_doublet,sig,win5,cmalpha_x0.7,0.23076923076923078,1.0,0.6752136752136753,
pa28,rudder_doublet,sig,win10,cmalpha_x0.7,0.23076923076923078,1.0,0.7264957264957266,
pa28,rudder_doublet,sig,whole,clo_+0.1,0.5384615384615384,0.5833333333333334,0.7606837606837608,
pa28,rudder_doublet,sig,win5,clo_+0.1,0.38461538461538464,0.5555555555555556,0.5555555555555556,
pa28,rudder_doublet,sig,win10,clo_+0.1,0.46153846153846156,0.6666666666666666,0.7179487179487181,
pa28,rudder_doublet,sig,whole,noop,,,,0.0
pa28,rudder_doublet,sig,win5,noop,,,,0.0
pa28,rudder_doublet,sig,win10,noop,,,,0.0
pa28,bank_hold,det,whole,inertia_x1.6,0.3181818181818182,1.0,,
pa28,bank_hold,det,win5,inertia_x1.6,0.3181818181818182,1.0,,
pa28,bank_hold,det,win10,inertia_x1.6,0.3181818181818182,1.0,,
pa28,bank_hold,det,whole,cmq_x0.5,0.07692307692307693,1.0,0.21367521367521372,
pa28,bank_hold,det,win5,cmq_x0.5,0.07692307692307693,1.0,0.3162393162393163,
pa28,bank_hold,det,win10,cmq_x0.5,0.07692307692307693,1.0,0.32478632478632485,
pa28,bank_hold,det,whole,cmalpha_x0.7,0.15384615384615385,1.0,0.38461538461538464,
pa28,bank_hold,det,win5,cmalpha_x0.7,0.15384615384615385,1.0,0.36752136752136755,
pa28,bank_hold,det,win10,cmalpha_x0.7,0.15384615384615385,1.0,0.4102564102564103,
pa28,bank_hold,det,whole,clo_+0.1,0.46153846153846156,0.6,0.6581196581196581,
pa28,bank_hold,det,win5,clo_+0.1,0.46153846153846156,0.6,0.7094017094017094,
pa28,bank_hold,det,win10,clo_+0.1,0.46153846153846156,0.6,0.6581196581196582,
pa28,bank_hold,det,whole,noop,,,,0.0
pa28,bank_hold,det,win5,noop,,,,0.0
pa28,bank_hold,det,win10,noop,,,,0.0
pa28,bank_hold,sig,whole,inertia_x1.6,0.3181818181818182,1.0,,
pa28,bank_hold,sig,win5,inertia_x1.6,0.13636363636363635,1.0,,
pa28,bank_hold,sig,win10,inertia_x1.6,0.2727272727272727,1.0,,
pa28,bank_hold,sig,whole,cmq_x0.5,0.0,0.0,0.27350427350427353,
pa28,bank_hold,sig,win5,cmq_x0.5,0.07692307692307693,0.5,0.2735042735042735,
pa28,bank_hold,sig,win10,cmq_x0.5,0.07692307692307693,0.5,0.21367521367521367,
pa28,bank_hold,sig,whole,cmalpha_x0.7,0.46153846153846156,0.8571428571428571,0.905982905982906,
pa28,bank_hold,sig,win5,cmalpha_x0.7,0.15384615384615385,0.6666666666666666,0.8461538461538461,
pa28,bank_hold,sig,win10,cmalpha_x0.7,0.38461538461538464,0.8333333333333334,0.811965811965812,
pa28,bank_hold,sig,whole,clo_+0.1,0.23076923076923078,0.42857142857142855,0.35897435897435903,
pa28,bank_hold,sig,win5,clo_+0.1,0.23076923076923078,0.42857142857142855,0.36752136752136755,
pa28,bank_hold,sig,win10,clo_+0.1,0.23076923076923078,0.42857142857142855,0.41025641025641035,
pa28,bank_hold,sig,whole,noop,,,,0.045454545454545456
pa28,bank_hold,sig,win5,noop,,,,0.13636363636363635
pa28,bank_hold,sig,win10,noop,,,,0.045454545454545456
pa28,flap_extend,det,whole,inertia_x1.6,0.045454545454545456,1.0,,
pa28,flap_extend,det,win5,inertia_x1.6,0.045454545454545456,1.0,,
pa28,flap_extend,det,win10,inertia_x1.6,0.045454545454545456,1.0,,
pa28,flap_extend,det,whole,cmq_x0.5,0.3076923076923077,1.0,0.2905982905982906,
pa28,flap_extend,det,win5,cmq_x0.5,0.3076923076923077,1.0,0.358974358974359,
pa28,flap_extend,det,win10,cmq_x0.5,0.3076923076923077,1.0,0.36752136752136755,
pa28,flap_extend,det,whole,cmalpha_x0.7,0.8461538461538461,0.6470588235294118,0.7008547008547008,
pa28,flap_extend,det,win5,cmalpha_x0.7,0.8461538461538461,0.6470588235294118,0.6752136752136753,
pa28,flap_extend,det,win10,cmalpha_x0.7,0.8461538461538461,0.6470588235294118,0.6837606837606838,
pa28,flap_extend,det,whole,clo_+0.1,0.46153846153846156,0.5,0.27350427350427353,
pa28,flap_extend,det,win5,clo_+0.1,0.38461538461538464,0.45454545454545453,0.35897435897435903,
pa28,flap_extend,det,win10,clo_+0.1,0.38461538461538464,0.45454545454545453,0.32478632478632485,
pa28,flap_extend,det,whole,noop,,,,0.0
pa28,flap_extend,det,win5,noop,,,,0.045454545454545456
pa28,flap_extend,det,win10,noop,,,,0.0
pa28,flap_extend,sig,whole,inertia_x1.6,0.0,,,
pa28,flap_extend,sig,win5,inertia_x1.6,0.0,,,
pa28,flap_extend,sig,win10,inertia_x1.6,0.0,,,
pa28,flap_extend,sig,whole,cmq_x0.5,0.0,,0.21367521367521372,
pa28,flap_extend,sig,win5,cmq_x0.5,0.0,,0.6837606837606838,
pa28,flap_extend,sig,win10,cmq_x0.5,0.0,,0.46153846153846156,
pa28,flap_extend,sig,whole,cmalpha_x0.7,1.0,0.7222222222222222,0.8376068376068376,
pa28,flap_extend,sig,win5,cmalpha_x0.7,0.7692307692307693,0.625,0.4444444444444445,
pa28,flap_extend,sig,win10,cmalpha_x0.7,1.0,0.7647058823529411,0.7948717948717949,
pa28,flap_extend,sig,whole,clo_+0.1,0.07692307692307693,0.25,0.23931623931623933,
pa28,flap_extend,sig,win5,clo_+0.1,0.0,0.0,0.5128205128205128,
pa28,flap_extend,sig,win10,clo_+0.1,0.07692307692307693,0.25,0.4017094017094017,
pa28,flap_extend,sig,whole,noop,,,,0.0
pa28,flap_extend,sig,win5,noop,,,,0.0
pa28,flap_extend,sig,win10,noop,,,,0.0
pa28,climbing_turn,det,whole,inertia_x1.6,0.3181818181818182,1.0,,
pa28,climbing_turn,det,win5,inertia_x1.6,0.36363636363636365,1.0,,
pa28,climbing_turn,det,win10,inertia_x1.6,0.36363636363636365,1.0,,
pa28,climbing_turn,det,whole,cmq_x0.5,0.0,0.0,0.5042735042735043,
pa28,climbing_turn,det,win5,cmq_x0.5,0.23076923076923078,1.0,0.5384615384615385,
pa28,climbing_turn,det,win10,cmq_x0.5,0.23076923076923078,0.5,0.4358974358974359,
pa28,climbing_turn,det,whole,cmalpha_x0.7,0.6153846153846154,0.7272727272727273,0.7863247863247863,
pa28,climbing_turn,det,win5,cmalpha_x0.7,0.6923076923076923,0.9,0.8290598290598291,
pa28,climbing_turn,det,win10,cmalpha_x0.7,0.6923076923076923,0.6428571428571429,0.7948717948717949,
pa28,climbing_turn,det,whole,clo_+0.1,0.8461538461538461,0.5789473684210527,0.5726495726495726,
pa28,climbing_turn,det,win5,clo_+0.1,0.8461538461538461,0.5789473684210527,0.6752136752136753,
pa28,climbing_turn,det,win10,clo_+0.1,0.8461538461538461,0.5789473684210527,0.6666666666666667,
pa28,climbing_turn,det,whole,noop,,,,0.045454545454545456
pa28,climbing_turn,det,win5,noop,,,,0.045454545454545456
pa28,climbing_turn,det,win10,noop,,,,0.045454545454545456
pa28,climbing_turn,sig,whole,inertia_x1.6,0.3181818181818182,1.0,,
pa28,climbing_turn,sig,win5,inertia_x1.6,0.22727272727272727,1.0,,
pa28,climbing_turn,sig,win10,inertia_x1.6,0.22727272727272727,1.0,,
pa28,climbing_turn,sig,whole,cmq_x0.5,0.0,0.0,0.11965811965811968,
pa28,climbing_turn,sig,win5,cmq_x0.5,0.0,0.0,0.23931623931623935,
pa28,climbing_turn,sig,win10,cmq_x0.5,0.0,0.0,0.2307692307692308,
pa28,climbing_turn,sig,whole,cmalpha_x0.7,0.6153846153846154,0.5,0.5555555555555556,
pa28,climbing_turn,sig,win5,cmalpha_x0.7,0.07692307692307693,0.125,0.3076923076923077,
pa28,climbing_turn,sig,win10,cmalpha_x0.7,0.23076923076923078,0.42857142857142855,0.47008547008547014,
pa28,climbing_turn,sig,whole,clo_+0.1,0.6153846153846154,0.5333333333333333,0.358974358974359,
pa28,climbing_turn,sig,win5,clo_+0.1,0.6153846153846154,0.5333333333333333,0.47863247863247865,
pa28,climbing_turn,sig,win10,clo_+0.1,0.46153846153846156,0.46153846153846156,0.3846153846153847,
pa28,climbing_turn,sig,whole,noop,,,,0.18181818181818182
pa28,climbing_turn,sig,win5,noop,,,,0.09090909090909091
pa28,climbing_turn,sig,win10,noop,,,,0.09090909090909091
pa28,elev_doublet_distractor,det,whole,inertia_x1.6,0.4090909090909091,1.0,,
pa28,elev_doublet_distractor,det,win5,inertia_x1.6,0.4090909090909091,1.0,,
pa28,elev_doublet_distractor,det,win10,inertia_x1.6,0.3181818181818182,1.0,,
pa28,elev_doublet_distractor,det,whole,cmq_x0.5,0.23076923076923078,1.0,0.4871794871794872,
pa28,elev_doublet_distractor,det,win5,cmq_x0.5,0.3076923076923077,1.0,0.45299145299145305,
pa28,elev_doublet_distractor,det,win10,cmq_x0.5,0.23076923076923078,1.0,0.4786324786324787,
pa28,elev_doublet_distractor,det,whole,cmalpha_x0.7,0.15384615384615385,1.0,0.3162393162393162,
pa28,elev_doublet_distractor,det,win5,cmalpha_x0.7,0.15384615384615385,1.0,0.3076923076923077,
pa28,elev_doublet_distractor,det,win10,cmalpha_x0.7,0.15384615384615385,1.0,0.3418803418803419,
pa28,elev_doublet_distractor,det,whole,clo_+0.1,0.5384615384615384,0.5,0.5811965811965812,
pa28,elev_doublet_distractor,det,win5,clo_+0.1,0.6153846153846154,0.7272727272727273,0.7948717948717949,
pa28,elev_doublet_distractor,det,win10,clo_+0.1,0.6153846153846154,0.6666666666666666,0.8034188034188036,
pa28,elev_doublet_distractor,det,whole,noop,,,,0.0
pa28,elev_doublet_distractor,det,win5,noop,,,,0.0
pa28,elev_doublet_distractor,det,win10,noop,,,,0.0
pa28,elev_doublet_distractor,sig,whole,inertia_x1.6,0.5,1.0,,
pa28,elev_doublet_distractor,sig,win5,inertia_x1.6,0.5,1.0,,
pa28,elev_doublet_distractor,sig,win10,inertia_x1.6,0.45454545454545453,1.0,,
pa28,elev_doublet_distractor,sig,whole,cmq_x0.5,0.15384615384615385,0.6666666666666666,0.2905982905982906,
pa28,elev_doublet_distractor,sig,win5,cmq_x0.5,0.15384615384615385,1.0,0.5726495726495726,
pa28,elev_doublet_distractor,sig,win10,cmq_x0.5,0.15384615384615385,0.5,0.3247863247863248,
pa28,elev_doublet_distractor,sig,whole,cmalpha_x0.7,0.15384615384615385,0.6666666666666666,0.6495726495726496,
pa28,elev_doublet_distractor,sig,win5,cmalpha_x0.7,0.15384615384615385,0.6666666666666666,0.8034188034188035,
pa28,elev_doublet_distractor,sig,win10,cmalpha_x0.7,0.15384615384615385,1.0,0.7863247863247863,
pa28,elev_doublet_distractor,sig,whole,clo_+0.1,0.23076923076923078,0.3333333333333333,0.3162393162393163,
pa28,elev_doublet_distractor,sig,win5,clo_+0.1,0.23076923076923078,0.375,0.38461538461538464,
pa28,elev_doublet_distractor,sig,win10,clo_+0.1,0.38461538461538464,0.45454545454545453,0.5299145299145299,
pa28,elev_doublet_distractor,sig,whole,noop,,,,0.22727272727272727
pa28,elev_doublet_distractor,sig,win5,noop,,,,0.13636363636363635
pa28,elev_doublet_distractor,sig,win10,noop,,,,0.13636363636363635
pa28,engine_stop,det,whole,inertia_x1.6,0.36363636363636365,1.0,,
pa28,engine_stop,det,win5,inertia_x1.6,0.3181818181818182,1.0,,
pa28,engine_stop,det,win10,inertia_x1.6,0.3181818181818182,1.0,,
pa28,engine_stop,det,whole,cmq_x0.5,0.5384615384615384,1.0,0.8461538461538461,
pa28,engine_stop,det,win5,cmq_x0.5,0.38461538461538464,1.0,0.8461538461538461,
pa28,engine_stop,det,win10,cmq_x0.5,0.38461538461538464,1.0,0.8205128205128206,
pa28,engine_stop,det,whole,cmalpha_x0.7,0.6153846153846154,0.8,0.6068376068376069,
pa28,engine_stop,det,win5,cmalpha_x0.7,0.6923076923076923,0.8181818181818182,0.6581196581196581,
pa28,engine_stop,det,win10,cmalpha_x0.7,0.6923076923076923,0.6923076923076923,0.6666666666666667,
pa28,engine_stop,det,whole,clo_+0.1,1.0,0.65,0.717948717948718,
pa28,engine_stop,det,win5,clo_+0.1,1.0,0.65,0.6923076923076925,
pa28,engine_stop,det,win10,clo_+0.1,1.0,0.6190476190476191,0.6923076923076925,
pa28,engine_stop,det,whole,noop,,,,0.0
pa28,engine_stop,det,win5,noop,,,,0.0
pa28,engine_stop,det,win10,noop,,,,0.0
pa28,engine_stop,sig,whole,inertia_x1.6,0.13636363636363635,1.0,,
pa28,engine_stop,sig,win5,inertia_x1.6,0.18181818181818182,1.0,,
pa28,engine_stop,sig,win10,inertia_x1.6,0.18181818181818182,1.0,,
pa28,engine_stop,sig,whole,cmq_x0.5,0.23076923076923078,0.6,0.4017094017094017,
pa28,engine_stop,sig,win5,cmq_x0.5,0.0,0.0,0.5042735042735043,
pa28,engine_stop,sig,win10,cmq_x0.5,0.0,0.0,0.41025641025641024,
pa28,engine_stop,sig,whole,cmalpha_x0.7,0.5384615384615384,1.0,0.5384615384615385,
pa28,engine_stop,sig,win5,cmalpha_x0.7,0.38461538461538464,0.5555555555555556,0.7179487179487181,
pa28,engine_stop,sig,win10,cmalpha_x0.7,0.5384615384615384,0.7777777777777778,0.6410256410256411,
pa28,engine_stop,sig,whole,clo_+0.1,0.46153846153846156,0.5,0.45299145299145305,
pa28,engine_stop,sig,win5,clo_+0.1,0.38461538461538464,0.4166666666666667,0.39316239316239315,
pa28,engine_stop,sig,win10,clo_+0.1,0.46153846153846156,0.46153846153846156,0.45299145299145305,
pa28,engine_stop,sig,whole,noop,,,,0.0
pa28,engine_stop,sig,win5,noop,,,,0.045454545454545456
pa28,engine_stop,sig,win10,noop,,,,0.045454545454545456
pc7,cruise,det,whole,inertia_x1.6,0.0,,,
pc7,cruise,det,win5,inertia_x1.6,0.0,,,
pc7,cruise,det,win10,inertia_x1.6,0.0,,,
pc7,cruise,det,whole,cmq_x0.5,0.15384615384615385,0.3333333333333333,0.4273504273504274,
pc7,cruise,det,win5,cmq_x0.5,0.23076923076923078,0.42857142857142855,0.358974358974359,
pc7,cruise,det,win10,cmq_x0.5,0.23076923076923078,0.42857142857142855,0.31623931623931634,
pc7,cruise,det,whole,cmalpha_x0.7,0.23076923076923078,0.5,0.264957264957265,
pc7,cruise,det,win5,cmalpha_x0.7,0.3076923076923077,0.4444444444444444,0.30769230769230765,
pc7,cruise,det,win10,cmalpha_x0.7,0.3076923076923077,0.4444444444444444,0.29059829059829057,
pc7,cruise,det,whole,clo_+0.1,0.15384615384615385,1.0,0.3076923076923077,
pc7,cruise,det,win5,clo_+0.1,0.15384615384615385,1.0,0.5128205128205128,
pc7,cruise,det,win10,clo_+0.1,0.15384615384615385,1.0,0.3247863247863248,
pc7,cruise,det,whole,noop,,,,0.0
pc7,cruise,det,win5,noop,,,,0.045454545454545456
pc7,cruise,det,win10,noop,,,,0.045454545454545456
pc7,cruise,sig,whole,inertia_x1.6,0.4090909090909091,1.0,,
pc7,cruise,sig,win5,inertia_x1.6,0.045454545454545456,1.0,,
pc7,cruise,sig,win10,inertia_x1.6,0.045454545454545456,1.0,,
pc7,cruise,sig,whole,cmq_x0.5,0.3076923076923077,1.0,0.5982905982905984,
pc7,cruise,sig,win5,cmq_x0.5,0.07692307692307693,1.0,0.5042735042735043,
pc7,cruise,sig,win10,cmq_x0.5,0.0,,0.5982905982905983,
pc7,cruise,sig,whole,cmalpha_x0.7,0.38461538461538464,1.0,0.48717948717948717,
pc7,cruise,sig,win5,cmalpha_x0.7,0.07692307692307693,0.5,0.717948717948718,
pc7,cruise,sig,win10,cmalpha_x0.7,0.3076923076923077,1.0,0.6153846153846154,
pc7,cruise,sig,whole,clo_+0.1,0.38461538461538464,0.7142857142857143,0.5641025641025641,
pc7,cruise,sig,win5,clo_+0.1,0.15384615384615385,0.6666666666666666,0.5213675213675213,
pc7,cruise,sig,win10,clo_+0.1,0.15384615384615385,0.6666666666666666,0.4444444444444444,
pc7,cruise,sig,whole,noop,,,,0.13636363636363635
pc7,cruise,sig,win5,noop,,,,0.0
pc7,cruise,sig,win10,noop,,,,0.0
pc7,throttle_step,det,whole,inertia_x1.6,0.0,,,
pc7,throttle_step,det,win5,inertia_x1.6,0.0,,,
pc7,throttle_step,det,win10,inertia_x1.6,0.0,,,
pc7,throttle_step,det,whole,cmq_x0.5,0.0,,0.5384615384615385,
pc7,throttle_step,det,win5,cmq_x0.5,0.07692307692307693,1.0,0.5726495726495726,
pc7,throttle_step,det,win10,cmq_x0.5,0.0,,0.5726495726495727,
pc7,throttle_step,det,whole,cmalpha_x0.7,0.0,,0.5299145299145299,
pc7,throttle_step,det,win5,cmalpha_x0.7,0.0,,0.6923076923076923,
pc7,throttle_step,det,win10,cmalpha_x0.7,0.0,,0.7094017094017094,
pc7,throttle_step,det,whole,clo_+0.1,0.15384615384615385,1.0,0.5555555555555556,
pc7,throttle_step,det,win5,clo_+0.1,0.23076923076923078,0.75,0.6324786324786326,
pc7,throttle_step,det,win10,clo_+0.1,0.15384615384615385,1.0,0.6324786324786325,
pc7,throttle_step,det,whole,noop,,,,0.0
pc7,throttle_step,det,win5,noop,,,,0.0
pc7,throttle_step,det,win10,noop,,,,0.0
pc7,throttle_step,sig,whole,inertia_x1.6,0.0,,,
pc7,throttle_step,sig,win5,inertia_x1.6,0.0,,,
pc7,throttle_step,sig,win10,inertia_x1.6,0.0,,,
pc7,throttle_step,sig,whole,cmq_x0.5,0.15384615384615385,1.0,0.38461538461538464,
pc7,throttle_step,sig,win5,cmq_x0.5,0.0,,0.735042735042735,
pc7,throttle_step,sig,win10,cmq_x0.5,0.15384615384615385,1.0,0.6153846153846154,
pc7,throttle_step,sig,whole,cmalpha_x0.7,0.07692307692307693,1.0,0.49572649572649574,
pc7,throttle_step,sig,win5,cmalpha_x0.7,0.3076923076923077,1.0,0.6923076923076923,
pc7,throttle_step,sig,win10,cmalpha_x0.7,0.3076923076923077,0.8,0.6581196581196582,
pc7,throttle_step,sig,whole,clo_+0.1,0.6923076923076923,0.8181818181818182,0.8205128205128206,
pc7,throttle_step,sig,win5,clo_+0.1,0.6153846153846154,0.8,0.7094017094017093,
pc7,throttle_step,sig,win10,clo_+0.1,0.6923076923076923,0.8181818181818182,0.6837606837606838,
pc7,throttle_step,sig,whole,noop,,,,0.0
pc7,throttle_step,sig,win5,noop,,,,0.0
pc7,throttle_step,sig,win10,noop,,,,0.0
pc7,elev_doublet,det,whole,inertia_x1.6,0.045454545454545456,1.0,,
pc7,elev_doublet,det,win5,inertia_x1.6,0.045454545454545456,1.0,,
pc7,elev_doublet,det,win10,inertia_x1.6,0.045454545454545456,1.0,,
pc7,elev_doublet,det,whole,cmq_x0.5,0.3076923076923077,0.4444444444444444,0.35897435897435903,
pc7,elev_doublet,det,win5,cmq_x0.5,0.23076923076923078,0.375,0.3504273504273504,
pc7,elev_doublet,det,win10,cmq_x0.5,0.23076923076923078,0.375,0.35897435897435903,
pc7,elev_doublet,det,whole,cmalpha_x0.7,0.7692307692307693,0.6666666666666666,0.7692307692307693,
pc7,elev_doublet,det,win5,cmalpha_x0.7,0.7692307692307693,0.6666666666666666,0.7264957264957265,
pc7,elev_doublet,det,win10,cmalpha_x0.7,0.6153846153846154,0.6153846153846154,0.6837606837606838,
pc7,elev_doublet,det,whole,clo_+0.1,0.07692307692307693,1.0,0.6324786324786325,
pc7,elev_doublet,det,win5,clo_+0.1,0.07692307692307693,1.0,0.7350427350427351,
pc7,elev_doublet,det,win10,clo_+0.1,0.3076923076923077,1.0,0.6581196581196581,
pc7,elev_doublet,det,whole,noop,,,,0.0
pc7,elev_doublet,det,win5,noop,,,,0.0
pc7,elev_doublet,det,win10,noop,,,,0.0
pc7,elev_doublet,sig,whole,inertia_x1.6,0.0,,,
pc7,elev_doublet,sig,win5,inertia_x1.6,0.0,,,
pc7,elev_doublet,sig,win10,inertia_x1.6,0.0,,,
pc7,elev_doublet,sig,whole,cmq_x0.5,0.15384615384615385,1.0,0.6923076923076923,
pc7,elev_doublet,sig,win5,cmq_x0.5,0.15384615384615385,1.0,0.6666666666666667,
pc7,elev_doublet,sig,win10,cmq_x0.5,0.07692307692307693,1.0,0.6666666666666667,
pc7,elev_doublet,sig,whole,cmalpha_x0.7,0.15384615384615385,1.0,0.6752136752136753,
pc7,elev_doublet,sig,win5,cmalpha_x0.7,0.0,,0.5299145299145299,
pc7,elev_doublet,sig,win10,cmalpha_x0.7,0.0,,0.3760683760683761,
pc7,elev_doublet,sig,whole,clo_+0.1,0.15384615384615385,1.0,0.33333333333333337,
pc7,elev_doublet,sig,win5,clo_+0.1,0.15384615384615385,0.6666666666666666,0.4871794871794872,
pc7,elev_doublet,sig,win10,clo_+0.1,0.15384615384615385,0.5,0.36752136752136755,
pc7,elev_doublet,sig,whole,noop,,,,0.0
pc7,elev_doublet,sig,win5,noop,,,,0.0
pc7,elev_doublet,sig,win10,noop,,,,0.0
pc7,elev_step,det,whole,inertia_x1.6,0.0,,,
pc7,elev_step,det,win5,inertia_x1.6,0.0,,,
pc7,elev_step,det,win10,inertia_x1.6,0.0,,,
pc7,elev_step,det,whole,cmq_x0.5,0.46153846153846156,0.8571428571428571,0.4102564102564103,
pc7,elev_step,det,win5,cmq_x0.5,0.46153846153846156,0.6666666666666666,0.49572649572649574,
pc7,elev_step,det,win10,cmq_x0.5,0.46153846153846156,0.6666666666666666,0.5128205128205128,
pc7,elev_step,det,whole,cmalpha_x0.7,0.46153846153846156,1.0,0.811965811965812,
pc7,elev_step,det,win5,cmalpha_x0.7,0.46153846153846156,1.0,0.8717948717948718,
pc7,elev_step,det,win10,cmalpha_x0.7,0.46153846153846156,1.0,0.8717948717948718,
pc7,elev_step,det,whole,clo_+0.1,0.6153846153846154,1.0,0.9487179487179487,
pc7,elev_step,det,win5,clo_+0.1,0.6153846153846154,1.0,1.0,
pc7,elev_step,det,win10,clo_+0.1,0.6153846153846154,1.0,1.0,
pc7,elev_step,det,whole,noop,,,,0.0
pc7,elev_step,det,win5,noop,,,,0.0
pc7,elev_step,det,win10,noop,,,,0.0
pc7,elev_step,sig,whole,inertia_x1.6,0.0,,,
pc7,elev_step,sig,win5,inertia_x1.6,0.0,,,
pc7,elev_step,sig,win10,inertia_x1.6,0.0,,,
pc7,elev_step,sig,whole,cmq_x0.5,0.23076923076923078,1.0,0.8290598290598291,
pc7,elev_step,sig,win5,cmq_x0.5,0.15384615384615385,1.0,0.5726495726495726,
pc7,elev_step,sig,win10,cmq_x0.5,0.23076923076923078,1.0,0.641025641025641,
pc7,elev_step,sig,whole,cmalpha_x0.7,0.15384615384615385,0.6666666666666666,0.2136752136752137,
pc7,elev_step,sig,win5,cmalpha_x0.7,0.0,0.0,0.24786324786324793,
pc7,elev_step,sig,win10,cmalpha_x0.7,0.07692307692307693,0.5,0.35897435897435903,
pc7,elev_step,sig,whole,clo_+0.1,0.6153846153846154,0.8888888888888888,0.5641025641025641,
pc7,elev_step,sig,win5,clo_+0.1,0.46153846153846156,0.6666666666666666,0.7863247863247864,
pc7,elev_step,sig,win10,clo_+0.1,0.5384615384615384,0.5833333333333334,0.6752136752136753,
pc7,elev_step,sig,whole,noop,,,,0.045454545454545456
pc7,elev_step,sig,win5,noop,,,,0.0
pc7,elev_step,sig,win10,noop,,,,0.0
pc7,aileron_step,det,whole,inertia_x1.6,0.2727272727272727,1.0,,
pc7,aileron_step,det,win5,inertia_x1.6,0.22727272727272727,1.0,,
pc7,aileron_step,det,win10,inertia_x1.6,0.2727272727272727,1.0,,
pc7,aileron_step,det,whole,cmq_x0.5,0.6153846153846154,0.5,0.38461538461538464,
pc7,aileron_step,det,win5,cmq_x0.5,0.6153846153846154,0.5,0.3504273504273504,
pc7,aileron_step,det,win10,cmq_x0.5,0.6923076923076923,0.5294117647058824,0.2905982905982906,
pc7,aileron_step,det,whole,cmalpha_x0.7,0.5384615384615384,0.6363636363636364,0.5213675213675214,
pc7,aileron_step,det,win5,cmalpha_x0.7,0.6153846153846154,0.8888888888888888,0.5555555555555556,
pc7,aileron_step,det,win10,cmalpha_x0.7,0.5384615384615384,0.6363636363636364,0.5384615384615385,
pc7,aileron_step,det,whole,clo_+0.1,0.3076923076923077,1.0,0.7008547008547009,
pc7,aileron_step,det,win5,clo_+0.1,0.15384615384615385,1.0,0.7350427350427351,
pc7,aileron_step,det,win10,clo_+0.1,0.3076923076923077,1.0,0.6837606837606838,
pc7,aileron_step,det,whole,noop,,,,0.045454545454545456
pc7,aileron_step,det,win5,noop,,,,0.045454545454545456
pc7,aileron_step,det,win10,noop,,,,0.045454545454545456
pc7,aileron_step,sig,whole,inertia_x1.6,0.045454545454545456,1.0,,
pc7,aileron_step,sig,win5,inertia_x1.6,0.045454545454545456,1.0,,
pc7,aileron_step,sig,win10,inertia_x1.6,0.0,,,
pc7,aileron_step,sig,whole,cmq_x0.5,0.15384615384615385,0.6666666666666666,0.5555555555555556,
pc7,aileron_step,sig,win5,cmq_x0.5,0.38461538461538464,0.7142857142857143,0.6581196581196581,
pc7,aileron_step,sig,win10,cmq_x0.5,0.3076923076923077,0.8,0.5641025641025641,
pc7,aileron_step,sig,whole,cmalpha_x0.7,0.0,,0.5128205128205128,
pc7,aileron_step,sig,win5,cmalpha_x0.7,0.0,,0.6752136752136753,
pc7,aileron_step,sig,win10,cmalpha_x0.7,0.07692307692307693,1.0,0.5042735042735044,
pc7,aileron_step,sig,whole,clo_+0.1,0.15384615384615385,1.0,0.6068376068376069,
pc7,aileron_step,sig,win5,clo_+0.1,0.46153846153846156,1.0,0.8632478632478633,
pc7,aileron_step,sig,win10,clo_+0.1,0.3076923076923077,1.0,0.7435897435897436,
pc7,aileron_step,sig,whole,noop,,,,0.045454545454545456
pc7,aileron_step,sig,win5,noop,,,,0.045454545454545456
pc7,aileron_step,sig,win10,noop,,,,0.0
pc7,rudder_doublet,det,whole,inertia_x1.6,0.0,,,
pc7,rudder_doublet,det,win5,inertia_x1.6,0.045454545454545456,1.0,,
pc7,rudder_doublet,det,win10,inertia_x1.6,0.045454545454545456,1.0,,
pc7,rudder_doublet,det,whole,cmq_x0.5,0.15384615384615385,1.0,0.6752136752136753,
pc7,rudder_doublet,det,win5,cmq_x0.5,0.23076923076923078,1.0,0.5641025641025641,
pc7,rudder_doublet,det,win10,cmq_x0.5,0.15384615384615385,1.0,0.5555555555555556,
pc7,rudder_doublet,det,whole,cmalpha_x0.7,0.15384615384615385,1.0,0.8205128205128205,
pc7,rudder_doublet,det,win5,cmalpha_x0.7,0.23076923076923078,1.0,0.8205128205128206,
pc7,rudder_doublet,det,win10,cmalpha_x0.7,0.15384615384615385,1.0,0.8461538461538461,
pc7,rudder_doublet,det,whole,clo_+0.1,0.15384615384615385,1.0,0.3247863247863248,
pc7,rudder_doublet,det,win5,clo_+0.1,0.15384615384615385,0.6666666666666666,0.3247863247863248,
pc7,rudder_doublet,det,win10,clo_+0.1,0.15384615384615385,0.6666666666666666,0.3247863247863248,
pc7,rudder_doublet,det,whole,noop,,,,0.09090909090909091
pc7,rudder_doublet,det,win5,noop,,,,0.13636363636363635
pc7,rudder_doublet,det,win10,noop,,,,0.13636363636363635
pc7,rudder_doublet,sig,whole,inertia_x1.6,0.2727272727272727,1.0,,
pc7,rudder_doublet,sig,win5,inertia_x1.6,0.13636363636363635,1.0,,
pc7,rudder_doublet,sig,win10,inertia_x1.6,0.13636363636363635,1.0,,
pc7,rudder_doublet,sig,whole,cmq_x0.5,0.15384615384615385,1.0,0.33333333333333337,
pc7,rudder_doublet,sig,win5,cmq_x0.5,0.15384615384615385,1.0,0.5470085470085471,
pc7,rudder_doublet,sig,win10,cmq_x0.5,0.15384615384615385,1.0,0.29059829059829057,
pc7,rudder_doublet,sig,whole,cmalpha_x0.7,0.07692307692307693,1.0,0.3162393162393163,
pc7,rudder_doublet,sig,win5,cmalpha_x0.7,0.0,,0.37606837606837606,
pc7,rudder_doublet,sig,win10,cmalpha_x0.7,0.0,,0.3162393162393163,
pc7,rudder_doublet,sig,whole,clo_+0.1,0.15384615384615385,0.3333333333333333,0.6495726495726496,
pc7,rudder_doublet,sig,win5,clo_+0.1,0.07692307692307693,0.3333333333333333,0.6923076923076923,
pc7,rudder_doublet,sig,win10,clo_+0.1,0.07692307692307693,0.25,0.7008547008547008,
pc7,rudder_doublet,sig,whole,noop,,,,0.0
pc7,rudder_doublet,sig,win5,noop,,,,0.0
pc7,rudder_doublet,sig,win10,noop,,,,0.0
pc7,bank_hold,det,whole,inertia_x1.6,0.4090909090909091,1.0,,
pc7,bank_hold,det,win5,inertia_x1.6,0.3181818181818182,1.0,,
pc7,bank_hold,det,win10,inertia_x1.6,0.4090909090909091,1.0,,
pc7,bank_hold,det,whole,cmq_x0.5,0.8461538461538461,0.6111111111111112,0.5641025641025641,
pc7,bank_hold,det,win5,cmq_x0.5,0.8461538461538461,0.6111111111111112,0.5042735042735043,
pc7,bank_hold,det,win10,cmq_x0.5,0.8461538461538461,0.6111111111111112,0.5299145299145299,
pc7,bank_hold,det,whole,cmalpha_x0.7,0.5384615384615384,0.5384615384615384,0.5470085470085471,
pc7,bank_hold,det,win5,cmalpha_x0.7,0.7692307692307693,0.625,0.5641025641025641,
pc7,bank_hold,det,win10,cmalpha_x0.7,0.7692307692307693,0.625,0.5470085470085471,
pc7,bank_hold,det,whole,clo_+0.1,0.38461538461538464,1.0,0.6410256410256411,
pc7,bank_hold,det,win5,clo_+0.1,0.38461538461538464,1.0,0.6581196581196582,
pc7,bank_hold,det,win10,clo_+0.1,0.3076923076923077,0.8,0.7008547008547009,
pc7,bank_hold,det,whole,noop,,,,0.045454545454545456
pc7,bank_hold,det,win5,noop,,,,0.09090909090909091
pc7,bank_hold,det,win10,noop,,,,0.13636363636363635
pc7,bank_hold,sig,whole,inertia_x1.6,0.09090909090909091,1.0,,
pc7,bank_hold,sig,win5,inertia_x1.6,0.045454545454545456,1.0,,
pc7,bank_hold,sig,win10,inertia_x1.6,0.09090909090909091,1.0,,
pc7,bank_hold,sig,whole,cmq_x0.5,0.6923076923076923,0.6923076923076923,0.7179487179487181,
pc7,bank_hold,sig,win5,cmq_x0.5,0.38461538461538464,0.7142857142857143,0.47008547008547014,
pc7,bank_hold,sig,win10,cmq_x0.5,0.23076923076923078,0.42857142857142855,0.25641025641025644,
pc7,bank_hold,sig,whole,cmalpha_x0.7,0.23076923076923078,0.42857142857142855,0.4444444444444445,
pc7,bank_hold,sig,win5,cmalpha_x0.7,0.15384615384615385,0.5,0.45299145299145305,
pc7,bank_hold,sig,win10,cmalpha_x0.7,0.3076923076923077,0.6666666666666666,0.5042735042735043,
pc7,bank_hold,sig,whole,clo_+0.1,0.38461538461538464,0.5,0.4444444444444445,
pc7,bank_hold,sig,win5,clo_+0.1,0.46153846153846156,0.6,0.5384615384615385,
pc7,bank_hold,sig,win10,clo_+0.1,0.38461538461538464,0.5,0.5042735042735043,
pc7,bank_hold,sig,whole,noop,,,,0.18181818181818182
pc7,bank_hold,sig,win5,noop,,,,0.09090909090909091
pc7,bank_hold,sig,win10,noop,,,,0.13636363636363635
pc7,flap_extend,det,whole,inertia_x1.6,0.0,,,
pc7,flap_extend,det,win5,inertia_x1.6,0.0,,,
pc7,flap_extend,det,win10,inertia_x1.6,0.0,,,
pc7,flap_extend,det,whole,cmq_x0.5,0.0,,0.11111111111111112,
pc7,flap_extend,det,win5,cmq_x0.5,0.0,0.0,0.18803418803418806,
pc7,flap_extend,det,win10,cmq_x0.5,0.0,0.0,0.1452991452991453,
pc7,flap_extend,det,whole,cmalpha_x0.7,0.0,,0.47863247863247865,
pc7,flap_extend,det,win5,cmalpha_x0.7,0.0,,0.5641025641025641,
pc7,flap_extend,det,win10,cmalpha_x0.7,0.0,,0.5213675213675214,
pc7,flap_extend,det,whole,clo_+0.1,0.6153846153846154,0.6666666666666666,0.5641025641025642,
pc7,flap_extend,det,win5,clo_+0.1,0.7692307692307693,0.7692307692307693,0.6153846153846154,
pc7,flap_extend,det,win10,clo_+0.1,0.6153846153846154,0.7272727272727273,0.6153846153846154,
pc7,flap_extend,det,whole,noop,,,,0.0
pc7,flap_extend,det,win5,noop,,,,0.0
pc7,flap_extend,det,win10,noop,,,,0.0
pc7,flap_extend,sig,whole,inertia_x1.6,0.0,,,
pc7,flap_extend,sig,win5,inertia_x1.6,0.045454545454545456,1.0,,
pc7,flap_extend,sig,win10,inertia_x1.6,0.09090909090909091,1.0,,
pc7,flap_extend,sig,whole,cmq_x0.5,0.0,,0.3076923076923077,
pc7,flap_extend,sig,win5,cmq_x0.5,0.15384615384615385,1.0,0.5811965811965812,
pc7,flap_extend,sig,win10,cmq_x0.5,0.07692307692307693,1.0,0.45299145299145305,
pc7,flap_extend,sig,whole,cmalpha_x0.7,0.15384615384615385,1.0,0.452991452991453,
pc7,flap_extend,sig,win5,cmalpha_x0.7,0.0,0.0,0.39316239316239315,
pc7,flap_extend,sig,win10,cmalpha_x0.7,0.07692307692307693,1.0,0.3504273504273504,
pc7,flap_extend,sig,whole,clo_+0.1,0.5384615384615384,0.875,0.46153846153846156,
pc7,flap_extend,sig,win5,clo_+0.1,0.5384615384615384,0.7,0.6153846153846154,
pc7,flap_extend,sig,win10,clo_+0.1,0.6153846153846154,0.7272727272727273,0.46153846153846156,
pc7,flap_extend,sig,whole,noop,,,,0.0
pc7,flap_extend,sig,win5,noop,,,,0.0
pc7,flap_extend,sig,win10,noop,,,,0.0
pc7,climbing_turn,det,whole,inertia_x1.6,0.09090909090909091,1.0,,
pc7,climbing_turn,det,win5,inertia_x1.6,0.13636363636363635,1.0,,
pc7,climbing_turn,det,win10,inertia_x1.6,0.13636363636363635,1.0,,
pc7,climbing_turn,det,whole,cmq_x0.5,0.38461538461538464,0.5,0.4871794871794872,
pc7,climbing_turn,det,win5,cmq_x0.5,0.46153846153846156,0.6,0.46153846153846156,
pc7,climbing_turn,det,win10,cmq_x0.5,0.38461538461538464,0.7142857142857143,0.4444444444444445,
pc7,climbing_turn,det,whole,cmalpha_x0.7,0.6153846153846154,0.6153846153846154,0.5128205128205129,
pc7,climbing_turn,det,win5,cmalpha_x0.7,0.6153846153846154,0.8,0.7008547008547009,
pc7,climbing_turn,det,win10,cmalpha_x0.7,0.46153846153846156,0.75,0.717948717948718,
pc7,climbing_turn,det,whole,clo_+0.1,0.23076923076923078,0.75,0.7435897435897436,
pc7,climbing_turn,det,win5,clo_+0.1,0.23076923076923078,0.75,0.6239316239316239,
pc7,climbing_turn,det,win10,clo_+0.1,0.23076923076923078,0.75,0.6324786324786325,
pc7,climbing_turn,det,whole,noop,,,,0.0
pc7,climbing_turn,det,win5,noop,,,,0.0
pc7,climbing_turn,det,win10,noop,,,,0.0
pc7,climbing_turn,sig,whole,inertia_x1.6,0.0,,,
pc7,climbing_turn,sig,win5,inertia_x1.6,0.0,,,
pc7,climbing_turn,sig,win10,inertia_x1.6,0.0,,,
pc7,climbing_turn,sig,whole,cmq_x0.5,0.15384615384615385,1.0,0.5641025641025641,
pc7,climbing_turn,sig,win5,cmq_x0.5,0.07692307692307693,1.0,0.6239316239316239,
pc7,climbing_turn,sig,win10,cmq_x0.5,0.0,,0.49572649572649574,
pc7,climbing_turn,sig,whole,cmalpha_x0.7,0.07692307692307693,1.0,0.4786324786324786,
pc7,climbing_turn,sig,win5,cmalpha_x0.7,0.07692307692307693,1.0,0.6324786324786325,
pc7,climbing_turn,sig,win10,cmalpha_x0.7,0.07692307692307693,1.0,0.5299145299145299,
pc7,climbing_turn,sig,whole,clo_+0.1,0.5384615384615384,0.7777777777777778,0.6324786324786325,
pc7,climbing_turn,sig,win5,clo_+0.1,0.6923076923076923,0.8181818181818182,0.7777777777777778,
pc7,climbing_turn,sig,win10,clo_+0.1,0.6923076923076923,0.75,0.8290598290598291,
pc7,climbing_turn,sig,whole,noop,,,,0.0
pc7,climbing_turn,sig,win5,noop,,,,0.0
pc7,climbing_turn,sig,win10,noop,,,,0.0
pc7,elev_doublet_distractor,det,whole,inertia_x1.6,0.18181818181818182,1.0,,
pc7,elev_doublet_distractor,det,win5,inertia_x1.6,0.18181818181818182,1.0,,
pc7,elev_doublet_distractor,det,win10,inertia_x1.6,0.18181818181818182,1.0,,
pc7,elev_doublet_distractor,det,whole,cmq_x0.5,0.07692307692307693,0.5,0.26495726495726496,
pc7,elev_doublet_distractor,det,win5,cmq_x0.5,0.07692307692307693,0.25,0.3247863247863248,
pc7,elev_doublet_distractor,det,win10,cmq_x0.5,0.15384615384615385,0.5,0.4102564102564103,
pc7,elev_doublet_distractor,det,whole,cmalpha_x0.7,0.7692307692307693,0.7142857142857143,0.7264957264957266,
pc7,elev_doublet_distractor,det,win5,cmalpha_x0.7,0.7692307692307693,0.6666666666666666,0.7350427350427351,
pc7,elev_doublet_distractor,det,win10,cmalpha_x0.7,0.7692307692307693,0.625,0.7008547008547009,
pc7,elev_doublet_distractor,det,whole,clo_+0.1,0.38461538461538464,0.5555555555555556,0.3760683760683761,
pc7,elev_doublet_distractor,det,win5,clo_+0.1,0.38461538461538464,0.5555555555555556,0.37606837606837606,
pc7,elev_doublet_distractor,det,win10,clo_+0.1,0.38461538461538464,0.5555555555555556,0.3931623931623932,
pc7,elev_doublet_distractor,det,whole,noop,,,,0.045454545454545456
pc7,elev_doublet_distractor,det,win5,noop,,,,0.045454545454545456
pc7,elev_doublet_distractor,det,win10,noop,,,,0.13636363636363635
pc7,elev_doublet_distractor,sig,whole,inertia_x1.6,0.09090909090909091,1.0,,
pc7,elev_doublet_distractor,sig,win5,inertia_x1.6,0.09090909090909091,1.0,,
pc7,elev_doublet_distractor,sig,win10,inertia_x1.6,0.13636363636363635,1.0,,
pc7,elev_doublet_distractor,sig,whole,cmq_x0.5,0.23076923076923078,0.6,0.37606837606837606,
pc7,elev_doublet_distractor,sig,win5,cmq_x0.5,0.07692307692307693,0.3333333333333333,0.37606837606837606,
pc7,elev_doublet_distractor,sig,win10,cmq_x0.5,0.23076923076923078,0.6,0.3418803418803419,
pc7,elev_doublet_distractor,sig,whole,cmalpha_x0.7,0.15384615384615385,0.6666666666666666,0.5042735042735043,
pc7,elev_doublet_distractor,sig,win5,cmalpha_x0.7,0.07692307692307693,0.5,0.45299145299145305,
pc7,elev_doublet_distractor,sig,win10,cmalpha_x0.7,0.07692307692307693,1.0,0.41880341880341887,
pc7,elev_doublet_distractor,sig,whole,clo_+0.1,0.7692307692307693,0.7692307692307693,0.5384615384615385,
pc7,elev_doublet_distractor,sig,win5,clo_+0.1,0.3076923076923077,0.5714285714285714,0.7606837606837608,
pc7,elev_doublet_distractor,sig,win10,clo_+0.1,0.38461538461538464,0.5555555555555556,0.5811965811965811,
pc7,elev_doublet_distractor,sig,whole,noop,,,,0.0
pc7,elev_doublet_distractor,sig,win5,noop,,,,0.0
pc7,elev_doublet_distractor,sig,win10,noop,,,,0.0
t6texan2,cruise,det,whole,inertia_x1.6,0.22727272727272727,1.0,,
t6texan2,cruise,det,win5,inertia_x1.6,0.3181818181818182,1.0,,
t6texan2,cruise,det,win10,inertia_x1.6,0.3181818181818182,1.0,,
t6texan2,cruise,det,whole,cmq_x0.5,0.3076923076923077,1.0,0.623931623931624,
t6texan2,cruise,det,win5,cmq_x0.5,0.38461538461538464,1.0,0.7264957264957266,
t6texan2,cruise,det,win10,cmq_x0.5,0.38461538461538464,1.0,0.7094017094017093,
t6texan2,cruise,det,whole,cmalpha_x0.7,0.5384615384615384,1.0,0.717948717948718,
t6texan2,cruise,det,win5,cmalpha_x0.7,0.6153846153846154,1.0,0.8461538461538461,
t6texan2,cruise,det,win10,cmalpha_x0.7,0.5384615384615384,1.0,0.7606837606837606,
t6texan2,cruise,det,whole,clo_+0.1,0.5384615384615384,1.0,0.7863247863247864,
t6texan2,cruise,det,win5,clo_+0.1,0.7692307692307693,0.5882352941176471,0.7435897435897436,
t6texan2,cruise,det,win10,clo_+0.1,0.7692307692307693,0.6666666666666666,0.7435897435897436,
t6texan2,cruise,det,whole,noop,,,,0.18181818181818182
t6texan2,cruise,det,win5,noop,,,,0.22727272727272727
t6texan2,cruise,det,win10,noop,,,,0.18181818181818182
t6texan2,cruise,sig,whole,inertia_x1.6,0.0,,,
t6texan2,cruise,sig,win5,inertia_x1.6,0.0,,,
t6texan2,cruise,sig,win10,inertia_x1.6,0.0,,,
t6texan2,cruise,sig,whole,cmq_x0.5,0.0,,0.5042735042735043,
t6texan2,cruise,sig,win5,cmq_x0.5,0.0,,0.27350427350427353,
t6texan2,cruise,sig,win10,cmq_x0.5,0.0,,0.33333333333333337,
t6texan2,cruise,sig,whole,cmalpha_x0.7,0.46153846153846156,1.0,0.9230769230769231,
t6texan2,cruise,sig,win5,cmalpha_x0.7,0.5384615384615384,1.0,0.717948717948718,
t6texan2,cruise,sig,win10,cmalpha_x0.7,0.46153846153846156,1.0,0.811965811965812,
t6texan2,cruise,sig,whole,clo_+0.1,0.38461538461538464,0.5,0.6068376068376068,
t6texan2,cruise,sig,win5,clo_+0.1,0.3076923076923077,0.5,0.7606837606837606,
t6texan2,cruise,sig,win10,clo_+0.1,0.3076923076923077,0.5,0.7435897435897436,
t6texan2,cruise,sig,whole,noop,,,,0.0
t6texan2,cruise,sig,win5,noop,,,,0.0
t6texan2,cruise,sig,win10,noop,,,,0.0
t6texan2,throttle_step,det,whole,inertia_x1.6,0.22727272727272727,1.0,,
t6texan2,throttle_step,det,win5,inertia_x1.6,0.2727272727272727,1.0,,
t6texan2,throttle_step,det,win10,inertia_x1.6,0.3181818181818182,1.0,,
t6texan2,throttle_step,det,whole,cmq_x0.5,0.3076923076923077,1.0,0.8034188034188035,
t6texan2,throttle_step,det,win5,cmq_x0.5,0.46153846153846156,1.0,0.8632478632478633,
t6texan2,throttle_step,det,win10,cmq_x0.5,0.3076923076923077,1.0,0.7863247863247863,
t6texan2,throttle_step,det,whole,cmalpha_x0.7,0.3076923076923077,1.0,0.8547008547008548,
t6texan2,throttle_step,det,win5,cmalpha_x0.7,0.5384615384615384,1.0,0.811965811965812,
t6texan2,throttle_step,det,win10,cmalpha_x0.7,0.46153846153846156,1.0,0.7863247863247864,
t6texan2,throttle_step,det,whole,clo_+0.1,0.5384615384615384,0.6363636363636364,0.7606837606837608,
t6texan2,throttle_step,det,win5,clo_+0.1,0.6153846153846154,0.6153846153846154,0.6923076923076923,
t6texan2,throttle_step,det,win10,clo_+0.1,0.5384615384615384,0.6363636363636364,0.6666666666666666,
t6texan2,throttle_step,det,whole,noop,,,,0.13636363636363635
t6texan2,throttle_step,det,win5,noop,,,,0.13636363636363635
t6texan2,throttle_step,det,win10,noop,,,,0.13636363636363635
t6texan2,throttle_step,sig,whole,inertia_x1.6,0.3181818181818182,1.0,,
t6texan2,throttle_step,sig,win5,inertia_x1.6,0.36363636363636365,1.0,,
t6texan2,throttle_step,sig,win10,inertia_x1.6,0.22727272727272727,1.0,,
t6texan2,throttle_step,sig,whole,cmq_x0.5,0.46153846153846156,0.8571428571428571,0.6837606837606838,
t6texan2,throttle_step,sig,win5,cmq_x0.5,0.23076923076923078,1.0,0.7521367521367521,
t6texan2,throttle_step,sig,win10,cmq_x0.5,0.3076923076923077,1.0,0.6666666666666667,
t6texan2,throttle_step,sig,whole,cmalpha_x0.7,0.3076923076923077,1.0,0.7008547008547008,
t6texan2,throttle_step,sig,win5,cmalpha_x0.7,0.46153846153846156,1.0,0.7435897435897436,
t6texan2,throttle_step,sig,win10,cmalpha_x0.7,0.38461538461538464,1.0,0.7008547008547008,
t6texan2,throttle_step,sig,whole,clo_+0.1,0.6923076923076923,0.5,0.1452991452991453,
t6texan2,throttle_step,sig,win5,clo_+0.1,0.8461538461538461,0.55,0.11111111111111113,
t6texan2,throttle_step,sig,win10,clo_+0.1,0.8461538461538461,0.55,0.22222222222222224,
t6texan2,throttle_step,sig,whole,noop,,,,0.2727272727272727
t6texan2,throttle_step,sig,win5,noop,,,,0.22727272727272727
t6texan2,throttle_step,sig,win10,noop,,,,0.09090909090909091
t6texan2,elev_doublet,det,whole,inertia_x1.6,0.6363636363636364,1.0,,
t6texan2,elev_doublet,det,win5,inertia_x1.6,0.6363636363636364,1.0,,
t6texan2,elev_doublet,det,win10,inertia_x1.6,0.6363636363636364,1.0,,
t6texan2,elev_doublet,det,whole,cmq_x0.5,0.3076923076923077,0.8,0.5213675213675214,
t6texan2,elev_doublet,det,win5,cmq_x0.5,0.3076923076923077,0.8,0.5555555555555556,
t6texan2,elev_doublet,det,win10,cmq_x0.5,0.3076923076923077,0.8,0.5128205128205128,
t6texan2,elev_doublet,det,whole,cmalpha_x0.7,0.3076923076923077,0.4,0.4700854700854701,
t6texan2,elev_doublet,det,win5,cmalpha_x0.7,0.3076923076923077,0.4,0.6068376068376068,
t6texan2,elev_doublet,det,win10,cmalpha_x0.7,0.38461538461538464,0.45454545454545453,0.5042735042735043,
t6texan2,elev_doublet,det,whole,clo_+0.1,0.6923076923076923,0.5,0.4957264957264957,
t6texan2,elev_doublet,det,win5,clo_+0.1,0.6923076923076923,0.5,0.45299145299145305,
t6texan2,elev_doublet,det,win10,clo_+0.1,0.6923076923076923,0.5,0.4444444444444444,
t6texan2,elev_doublet,det,whole,noop,,,,0.0
t6texan2,elev_doublet,det,win5,noop,,,,0.0
t6texan2,elev_doublet,det,win10,noop,,,,0.0
t6texan2,elev_doublet,sig,whole,inertia_x1.6,0.3181818181818182,1.0,,
t6texan2,elev_doublet,sig,win5,inertia_x1.6,0.4090909090909091,1.0,,
t6texan2,elev_doublet,sig,win10,inertia_x1.6,0.5,1.0,,
t6texan2,elev_doublet,sig,whole,cmq_x0.5,0.0,0.0,0.7777777777777778,
t6texan2,elev_doublet,sig,win5,cmq_x0.5,0.0,,0.7777777777777777,
t6texan2,elev_doublet,sig,win10,cmq_x0.5,0.15384615384615385,1.0,0.8461538461538461,
t6texan2,elev_doublet,sig,whole,cmalpha_x0.7,0.23076923076923078,0.375,0.8205128205128206,
t6texan2,elev_doublet,sig,win5,cmalpha_x0.7,0.15384615384615385,0.25,0.6752136752136753,
t6texan2,elev_doublet,sig,win10,cmalpha_x0.7,0.15384615384615385,0.25,0.9059829059829061,
t6texan2,elev_doublet,sig,whole,clo_+0.1,0.3076923076923077,0.3333333333333333,0.5555555555555556,
t6texan2,elev_doublet,sig,win5,clo_+0.1,0.07692307692307693,0.125,0.17094017094017094,
t6texan2,elev_doublet,sig,win10,clo_+0.1,0.23076923076923078,0.2727272727272727,0.38461538461538464,
t6texan2,elev_doublet,sig,whole,noop,,,,0.0
t6texan2,elev_doublet,sig,win5,noop,,,,0.0
t6texan2,elev_doublet,sig,win10,noop,,,,0.13636363636363635
t6texan2,elev_step,det,whole,inertia_x1.6,0.4090909090909091,1.0,,
t6texan2,elev_step,det,win5,inertia_x1.6,0.4090909090909091,1.0,,
t6texan2,elev_step,det,win10,inertia_x1.6,0.4090909090909091,1.0,,
t6texan2,elev_step,det,whole,cmq_x0.5,0.3076923076923077,0.4444444444444444,0.41025641025641024,
t6texan2,elev_step,det,win5,cmq_x0.5,0.3076923076923077,0.5,0.35897435897435903,
t6texan2,elev_step,det,win10,cmq_x0.5,0.3076923076923077,0.5,0.41025641025641035,
t6texan2,elev_step,det,whole,cmalpha_x0.7,1.0,0.6190476190476191,0.9401709401709402,
t6texan2,elev_step,det,win5,cmalpha_x0.7,1.0,0.6190476190476191,0.9316239316239318,
t6texan2,elev_step,det,win10,cmalpha_x0.7,1.0,0.6190476190476191,0.9487179487179488,
t6texan2,elev_step,det,whole,clo_+0.1,0.6923076923076923,0.6,0.7008547008547009,
t6texan2,elev_step,det,win5,clo_+0.1,0.6923076923076923,0.5625,0.7350427350427351,
t6texan2,elev_step,det,win10,clo_+0.1,0.6153846153846154,0.5,0.6837606837606838,
t6texan2,elev_step,det,whole,noop,,,,0.0
t6texan2,elev_step,det,win5,noop,,,,0.0
t6texan2,elev_step,det,win10,noop,,,,0.0
t6texan2,elev_step,sig,whole,inertia_x1.6,0.13636363636363635,1.0,,
t6texan2,elev_step,sig,win5,inertia_x1.6,0.09090909090909091,1.0,,
t6texan2,elev_step,sig,win10,inertia_x1.6,0.09090909090909091,1.0,,
t6texan2,elev_step,sig,whole,cmq_x0.5,0.15384615384615385,0.6666666666666666,0.4017094017094017,
t6texan2,elev_step,sig,win5,cmq_x0.5,0.0,0.0,0.4273504273504274,
t6texan2,elev_step,sig,win10,cmq_x0.5,0.0,,0.39316239316239315,
t6texan2,elev_step,sig,whole,cmalpha_x0.7,0.46153846153846156,0.5,0.5641025641025641,
t6texan2,elev_step,sig,win5,cmalpha_x0.7,0.38461538461538464,0.45454545454545453,0.5128205128205129,
t6texan2,elev_step,sig,win10,cmalpha_x0.7,0.46153846153846156,0.5,0.5470085470085471,
t6texan2,elev_step,sig,whole,clo_+0.1,0.0,0.0,0.1196581196581197,
t6texan2,elev_step,sig,win5,clo_+0.1,0.3076923076923077,0.4,0.3418803418803419,
t6texan2,elev_step,sig,win10,clo_+0.1,0.0,0.0,0.25641025641025644,
t6texan2,elev_step,sig,whole,noop,,,,0.09090909090909091
t6texan2,elev_step,sig,win5,noop,,,,0.0
t6texan2,elev_step,sig,win10,noop,,,,0.0
t6texan2,aileron_step,det,whole,inertia_x1.6,0.45454545454545453,1.0,,
t6texan2,aileron_step,det,win5,inertia_x1.6,0.5,1.0,,
t6texan2,aileron_step,det,win10,inertia_x1.6,0.5,1.0,,
t6texan2,aileron_step,det,whole,cmq_x0.5,0.23076923076923078,1.0,0.3162393162393163,
t6texan2,aileron_step,det,win5,cmq_x0.5,0.23076923076923078,1.0,0.2991452991452992,
t6texan2,aileron_step,det,win10,cmq_x0.5,0.23076923076923078,1.0,0.2905982905982907,
t6texan2,aileron_step,det,whole,cmalpha_x0.7,0.23076923076923078,1.0,0.3418803418803419,
t6texan2,aileron_step,det,win5,cmalpha_x0.7,0.23076923076923078,1.0,0.3504273504273504,
t6texan2,aileron_step,det,win10,cmalpha_x0.7,0.23076923076923078,1.0,0.3504273504273504,
t6texan2,aileron_step,det,whole,clo_+0.1,0.3076923076923077,0.6666666666666666,0.4102564102564103,
t6texan2,aileron_step,det,win5,clo_+0.1,0.38461538461538464,0.8333333333333334,0.39316239316239326,
t6texan2,aileron_step,det,win10,clo_+0.1,0.3076923076923077,0.8,0.4358974358974359,
t6texan2,aileron_step,det,whole,noop,,,,0.0
t6texan2,aileron_step,det,win5,noop,,,,0.0
t6texan2,aileron_step,det,win10,noop,,,,0.0
t6texan2,aileron_step,sig,whole,inertia_x1.6,0.045454545454545456,1.0,,
t6texan2,aileron_step,sig,win5,inertia_x1.6,0.045454545454545456,1.0,,
t6texan2,aileron_step,sig,win10,inertia_x1.6,0.09090909090909091,1.0,,
t6texan2,aileron_step,sig,whole,cmq_x0.5,0.15384615384615385,1.0,0.7948717948717949,
t6texan2,aileron_step,sig,win5,cmq_x0.5,0.15384615384615385,1.0,0.6153846153846154,
t6texan2,aileron_step,sig,win10,cmq_x0.5,0.15384615384615385,1.0,0.6581196581196581,
t6texan2,aileron_step,sig,whole,cmalpha_x0.7,0.23076923076923078,1.0,0.7264957264957266,
t6texan2,aileron_step,sig,win5,cmalpha_x0.7,0.23076923076923078,1.0,0.6837606837606838,
t6texan2,aileron_step,sig,win10,cmalpha_x0.7,0.23076923076923078,1.0,0.6923076923076923,
t6texan2,aileron_step,sig,whole,clo_+0.1,0.07692307692307693,0.3333333333333333,0.3162393162393163,
t6texan2,aileron_step,sig,win5,clo_+0.1,0.3076923076923077,0.6666666666666666,0.4871794871794872,
t6texan2,aileron_step,sig,win10,clo_+0.1,0.07692307692307693,0.3333333333333333,0.4786324786324786,
t6texan2,aileron_step,sig,whole,noop,,,,0.0
t6texan2,aileron_step,sig,win5,noop,,,,0.045454545454545456
t6texan2,aileron_step,sig,win10,noop,,,,0.0
t6texan2,rudder_doublet,det,whole,inertia_x1.6,0.5454545454545454,1.0,,
t6texan2,rudder_doublet,det,win5,inertia_x1.6,0.6363636363636364,1.0,,
t6texan2,rudder_doublet,det,win10,inertia_x1.6,0.6363636363636364,1.0,,
t6texan2,rudder_doublet,det,whole,cmq_x0.5,0.23076923076923078,1.0,0.4188034188034188,
t6texan2,rudder_doublet,det,win5,cmq_x0.5,0.07692307692307693,1.0,0.4444444444444445,
t6texan2,rudder_doublet,det,win10,cmq_x0.5,0.23076923076923078,1.0,0.47863247863247865,
t6texan2,rudder_doublet,det,whole,cmalpha_x0.7,0.23076923076923078,1.0,0.41025641025641024,
t6texan2,rudder_doublet,det,win5,cmalpha_x0.7,0.23076923076923078,1.0,0.41025641025641024,
t6texan2,rudder_doublet,det,win10,cmalpha_x0.7,0.23076923076923078,1.0,0.4188034188034188,
t6texan2,rudder_doublet,det,whole,clo_+0.1,0.46153846153846156,0.46153846153846156,0.5042735042735043,
t6texan2,rudder_doublet,det,win5,clo_+0.1,0.38461538461538464,0.7142857142857143,0.6666666666666667,
t6texan2,rudder_doublet,det,win10,clo_+0.1,0.38461538461538464,0.7142857142857143,0.5555555555555556,
t6texan2,rudder_doublet,det,whole,noop,,,,0.0
t6texan2,rudder_doublet,det,win5,noop,,,,0.0
t6texan2,rudder_doublet,det,win10,noop,,,,0.0
t6texan2,rudder_doublet,sig,whole,inertia_x1.6,0.5454545454545454,1.0,,
t6texan2,rudder_doublet,sig,win5,inertia_x1.6,0.7272727272727273,1.0,,
t6texan2,rudder_doublet,sig,win10,inertia_x1.6,0.5454545454545454,1.0,,
t6texan2,rudder_doublet,sig,whole,cmq_x0.5,0.0,,0.17948717948717952,
t6texan2,rudder_doublet,sig,win5,cmq_x0.5,0.07692307692307693,0.3333333333333333,0.33333333333333337,
t6texan2,rudder_doublet,sig,win10,cmq_x0.5,0.0,0.0,0.2991452991452992,
t6texan2,rudder_doublet,sig,whole,cmalpha_x0.7,0.15384615384615385,0.6666666666666666,0.4017094017094017,
t6texan2,rudder_doublet,sig,win5,cmalpha_x0.7,0.15384615384615385,0.5,0.47863247863247865,
t6texan2,rudder_doublet,sig,win10,cmalpha_x0.7,0.15384615384615385,0.6666666666666666,0.5470085470085471,
t6texan2,rudder_doublet,sig,whole,clo_+0.1,0.15384615384615385,0.25,0.5213675213675214,
t6texan2,rudder_doublet,sig,win5,clo_+0.1,0.15384615384615385,0.25,0.5213675213675213,
t6texan2,rudder_doublet,sig,win10,clo_+0.1,0.15384615384615385,0.25,0.5470085470085471,
t6texan2,rudder_doublet,sig,whole,noop,,,,0.045454545454545456
t6texan2,rudder_doublet,sig,win5,noop,,,,0.09090909090909091
t6texan2,rudder_doublet,sig,win10,noop,,,,0.09090909090909091
t6texan2,bank_hold,det,whole,inertia_x1.6,0.4090909090909091,1.0,,
t6texan2,bank_hold,det,win5,inertia_x1.6,0.5,1.0,,
t6texan2,bank_hold,det,win10,inertia_x1.6,0.45454545454545453,1.0,,
t6texan2,bank_hold,det,whole,cmq_x0.5,0.23076923076923078,1.0,0.32478632478632474,
t6texan2,bank_hold,det,win5,cmq_x0.5,0.23076923076923078,1.0,0.4444444444444444,
t6texan2,bank_hold,det,win10,cmq_x0.5,0.23076923076923078,1.0,0.3504273504273504,
t6texan2,bank_hold,det,whole,cmalpha_x0.7,0.6153846153846154,1.0,0.9914529914529914,
t6texan2,bank_hold,det,win5,cmalpha_x0.7,0.6923076923076923,1.0,0.982905982905983,
t6texan2,bank_hold,det,win10,cmalpha_x0.7,0.6153846153846154,1.0,0.982905982905983,
t6texan2,bank_hold,det,whole,clo_+0.1,0.3076923076923077,0.36363636363636365,0.4102564102564103,
t6texan2,bank_hold,det,win5,clo_+0.1,0.3076923076923077,0.4444444444444444,0.4957264957264958,
t6texan2,bank_hold,det,win10,clo_+0.1,0.3076923076923077,0.4,0.4871794871794872,
t6texan2,bank_hold,det,whole,noop,,,,0.0
t6texan2,bank_hold,det,win5,noop,,,,0.0
t6texan2,bank_hold,det,win10,noop,,,,0.0
t6texan2,bank_hold,sig,whole,inertia_x1.6,0.18181818181818182,1.0,,
t6texan2,bank_hold,sig,win5,inertia_x1.6,0.13636363636363635,1.0,,
t6texan2,bank_hold,sig,win10,inertia_x1.6,0.13636363636363635,1.0,,
t6texan2,bank_hold,sig,whole,cmq_x0.5,0.07692307692307693,1.0,0.6666666666666666,
t6texan2,bank_hold,sig,win5,cmq_x0.5,0.0,,0.5982905982905984,
t6texan2,bank_hold,sig,win10,cmq_x0.5,0.07692307692307693,1.0,0.5384615384615384,
t6texan2,bank_hold,sig,whole,cmalpha_x0.7,0.5384615384615384,0.6363636363636364,0.5213675213675214,
t6texan2,bank_hold,sig,win5,cmalpha_x0.7,0.23076923076923078,0.6,0.4273504273504274,
t6texan2,bank_hold,sig,win10,cmalpha_x0.7,0.46153846153846156,0.5454545454545454,0.49572649572649574,
t6texan2,bank_hold,sig,whole,clo_+0.1,0.46153846153846156,0.6666666666666666,0.4444444444444444,
t6texan2,bank_hold,sig,win5,clo_+0.1,0.3076923076923077,0.5714285714285714,0.5213675213675214,
t6texan2,bank_hold,sig,win10,clo_+0.1,0.38461538461538464,0.625,0.5128205128205129,
t6texan2,bank_hold,sig,whole,noop,,,,0.0
t6texan2,bank_hold,sig,win5,noop,,,,0.045454545454545456
t6texan2,bank_hold,sig,win10,noop,,,,0.0
t6texan2,flap_extend,det,whole,inertia_x1.6,0.5,1.0,,
t6texan2,flap_extend,det,win5,inertia_x1.6,0.5454545454545454,1.0,,
t6texan2,flap_extend,det,win10,inertia_x1.6,0.5454545454545454,1.0,,
t6texan2,flap_extend,det,whole,cmq_x0.5,0.8461538461538461,0.6111111111111112,0.4871794871794872,
t6texan2,flap_extend,det,win5,cmq_x0.5,0.8461538461538461,0.6111111111111112,0.46153846153846156,
t6texan2,flap_extend,det,win10,cmq_x0.5,0.8461538461538461,0.6111111111111112,0.46153846153846156,
t6texan2,flap_extend,det,whole,cmalpha_x0.7,0.8461538461538461,0.55,0.717948717948718,
t6texan2,flap_extend,det,win5,cmalpha_x0.7,0.8461538461538461,0.55,0.6837606837606838,
t6texan2,flap_extend,det,win10,cmalpha_x0.7,0.8461538461538461,0.55,0.6153846153846154,
t6texan2,flap_extend,det,whole,clo_+0.1,0.8461538461538461,0.55,0.4615384615384615,
t6texan2,flap_extend,det,win5,clo_+0.1,0.8461538461538461,0.55,0.36752136752136755,
t6texan2,flap_extend,det,win10,clo_+0.1,0.8461538461538461,0.55,0.41025641025641024,
t6texan2,flap_extend,det,whole,noop,,,,0.0
t6texan2,flap_extend,det,win5,noop,,,,0.0
t6texan2,flap_extend,det,win10,noop,,,,0.0
t6texan2,flap_extend,sig,whole,inertia_x1.6,0.13636363636363635,1.0,,
t6texan2,flap_extend,sig,win5,inertia_x1.6,0.22727272727272727,1.0,,
t6texan2,flap_extend,sig,win10,inertia_x1.6,0.22727272727272727,1.0,,
t6texan2,flap_extend,sig,whole,cmq_x0.5,0.23076923076923078,0.5,0.4102564102564103,
t6texan2,flap_extend,sig,win5,cmq_x0.5,0.46153846153846156,0.75,0.6068376068376069,
t6texan2,flap_extend,sig,win10,cmq_x0.5,0.5384615384615384,0.7777777777777778,0.6068376068376068,
t6texan2,flap_extend,sig,whole,cmalpha_x0.7,0.6153846153846154,0.6153846153846154,0.5128205128205129,
t6texan2,flap_extend,sig,win5,cmalpha_x0.7,0.6923076923076923,0.5294117647058824,0.6153846153846154,
t6texan2,flap_extend,sig,win10,cmalpha_x0.7,0.6923076923076923,0.6,0.6068376068376069,
t6texan2,flap_extend,sig,whole,clo_+0.1,0.0,0.0,0.09401709401709404,
t6texan2,flap_extend,sig,win5,clo_+0.1,0.15384615384615385,0.3333333333333333,0.3162393162393162,
t6texan2,flap_extend,sig,win10,clo_+0.1,0.15384615384615385,0.2857142857142857,0.17948717948717952,
t6texan2,flap_extend,sig,whole,noop,,,,0.0
t6texan2,flap_extend,sig,win5,noop,,,,0.0
t6texan2,flap_extend,sig,win10,noop,,,,0.0
t6texan2,climbing_turn,det,whole,inertia_x1.6,0.9090909090909091,1.0,,
t6texan2,climbing_turn,det,win5,inertia_x1.6,0.7272727272727273,1.0,,
t6texan2,climbing_turn,det,win10,inertia_x1.6,0.6818181818181818,1.0,,
t6texan2,climbing_turn,det,whole,cmq_x0.5,0.38461538461538464,0.8333333333333334,0.9145299145299145,
t6texan2,climbing_turn,det,win5,cmq_x0.5,0.15384615384615385,1.0,0.8803418803418804,
t6texan2,climbing_turn,det,win10,cmq_x0.5,0.15384615384615385,1.0,0.8974358974358975,
t6texan2,climbing_turn,det,whole,cmalpha_x0.7,0.46153846153846156,1.0,0.7777777777777778,
t6texan2,climbing_turn,det,win5,cmalpha_x0.7,0.38461538461538464,0.8333333333333334,0.7094017094017094,
t6texan2,climbing_turn,det,win10,cmalpha_x0.7,0.38461538461538464,1.0,0.6068376068376069,
t6texan2,climbing_turn,det,whole,clo_+0.1,0.7692307692307693,0.5555555555555556,0.7179487179487181,
t6texan2,climbing_turn,det,win5,clo_+0.1,0.8461538461538461,0.5789473684210527,0.7777777777777778,
t6texan2,climbing_turn,det,win10,clo_+0.1,0.7692307692307693,0.5882352941176471,0.7094017094017094,
t6texan2,climbing_turn,det,whole,noop,,,,0.045454545454545456
t6texan2,climbing_turn,det,win5,noop,,,,0.0
t6texan2,climbing_turn,det,win10,noop,,,,0.0
t6texan2,climbing_turn,sig,whole,inertia_x1.6,0.7727272727272727,1.0,,
t6texan2,climbing_turn,sig,win5,inertia_x1.6,0.5909090909090909,1.0,,
t6texan2,climbing_turn,sig,win10,inertia_x1.6,0.5454545454545454,1.0,,
t6texan2,climbing_turn,sig,whole,cmq_x0.5,0.46153846153846156,0.75,0.24786324786324787,
t6texan2,climbing_turn,sig,win5,cmq_x0.5,0.38461538461538464,0.7142857142857143,0.25641025641025644,
t6texan2,climbing_turn,sig,win10,cmq_x0.5,0.46153846153846156,0.75,0.3247863247863248,
t6texan2,climbing_turn,sig,whole,cmalpha_x0.7,0.9230769230769231,0.8571428571428571,0.6153846153846154,
t6texan2,climbing_turn,sig,win5,cmalpha_x0.7,0.8461538461538461,0.8461538461538461,0.6324786324786325,
t6texan2,climbing_turn,sig,win10,cmalpha_x0.7,0.8461538461538461,0.7857142857142857,0.6410256410256411,
t6texan2,climbing_turn,sig,whole,clo_+0.1,0.8461538461538461,0.6470588235294118,0.3076923076923077,
t6texan2,climbing_turn,sig,win5,clo_+0.1,0.8461538461538461,0.6875,0.7948717948717949,
t6texan2,climbing_turn,sig,win10,clo_+0.1,0.7692307692307693,0.6666666666666666,0.7264957264957265,
t6texan2,climbing_turn,sig,whole,noop,,,,0.2727272727272727
t6texan2,climbing_turn,sig,win5,noop,,,,0.22727272727272727
t6texan2,climbing_turn,sig,win10,noop,,,,0.22727272727272727
t6texan2,elev_doublet_distractor,det,whole,inertia_x1.6,0.5454545454545454,1.0,,
t6texan2,elev_doublet_distractor,det,win5,inertia_x1.6,0.5909090909090909,1.0,,
t6texan2,elev_doublet_distractor,det,win10,inertia_x1.6,0.5909090909090909,1.0,,
t6texan2,elev_doublet_distractor,det,whole,cmq_x0.5,0.3076923076923077,1.0,0.8461538461538461,
t6texan2,elev_doublet_distractor,det,win5,cmq_x0.5,0.3076923076923077,1.0,0.8632478632478633,
t6texan2,elev_doublet_distractor,det,win10,cmq_x0.5,0.3076923076923077,1.0,0.8632478632478633,
t6texan2,elev_doublet_distractor,det,whole,cmalpha_x0.7,0.7692307692307693,1.0,0.8461538461538461,
t6texan2,elev_doublet_distractor,det,win5,cmalpha_x0.7,0.6923076923076923,1.0,0.8461538461538461,
t6texan2,elev_doublet_distractor,det,win10,cmalpha_x0.7,0.7692307692307693,1.0,0.8461538461538461,
t6texan2,elev_doublet_distractor,det,whole,clo_+0.1,0.6153846153846154,0.5333333333333333,0.6153846153846154,
t6texan2,elev_doublet_distractor,det,win5,clo_+0.1,0.46153846153846156,1.0,0.6068376068376069,
t6texan2,elev_doublet_distractor,det,win10,clo_+0.1,0.5384615384615384,0.5833333333333334,0.5982905982905983,
t6texan2,elev_doublet_distractor,det,whole,noop,,,,0.13636363636363635
t6texan2,elev_doublet_distractor,det,win5,noop,,,,0.09090909090909091
t6texan2,elev_doublet_distractor,det,win10,noop,,,,0.13636363636363635
t6texan2,elev_doublet_distractor,sig,whole,inertia_x1.6,0.22727272727272727,1.0,,
t6texan2,elev_doublet_distractor,sig,win5,inertia_x1.6,0.4090909090909091,1.0,,
t6texan2,elev_doublet_distractor,sig,win10,inertia_x1.6,0.4090909090909091,1.0,,
t6texan2,elev_doublet_distractor,sig,whole,cmq_x0.5,0.0,,0.5811965811965814,
t6texan2,elev_doublet_distractor,sig,win5,cmq_x0.5,0.0,,0.6068376068376069,
t6texan2,elev_doublet_distractor,sig,win10,cmq_x0.5,0.0,,0.6581196581196581,
t6texan2,elev_doublet_distractor,sig,whole,cmalpha_x0.7,0.0,,0.6581196581196581,
t6texan2,elev_doublet_distractor,sig,win5,cmalpha_x0.7,0.07692307692307693,1.0,0.9658119658119658,
t6texan2,elev_doublet_distractor,sig,win10,cmalpha_x0.7,0.07692307692307693,1.0,0.8717948717948719,
t6texan2,elev_doublet_distractor,sig,whole,clo_+0.1,0.38461538461538464,0.5,0.4444444444444444,
t6texan2,elev_doublet_distractor,sig,win5,clo_+0.1,0.6153846153846154,0.5714285714285714,0.6324786324786325,
t6texan2,elev_doublet_distractor,sig,win10,clo_+0.1,0.3076923076923077,0.4,0.5982905982905984,
t6texan2,elev_doublet_distractor,sig,whole,noop,,,,0.0
t6texan2,elev_doublet_distractor,sig,win5,noop,,,,0.0
t6texan2,elev_doublet_distractor,sig,win10,noop,,,,0.0
