aircraft,mission,variant,mode,n_flagged,recall,precision,auc,gated_recall,gated_auc,n_gated,agreement,correctness,n_explained,false_alarm
737,climb_cruise_descend,B_elevator_drag_8819410c,det_whole,7,0.38461538461538464,0.7142857142857143,0.6324786324786325,1.0,1.0,1.0,,,,
737,climb_cruise_descend,B_elevator_drag_8819410c,sig_dynamic_whole,8,0.46153846153846156,0.75,0.5555555555555556,1.0,0.9523809523809523,1.0,0.5714285714285714,,,
737,climb_cruise_descend,B_elevator_drag_8819410c,sig_static_whole,8,0.5384615384615384,0.875,0.6324786324786325,1.0,0.9047619047619048,1.0,0.7142857142857143,,,
737,climb_cruise_descend,B_elevator_drag_8819410c,envelope_whole,9,0.38461538461538464,0.5555555555555556,0.5299145299145299,1.0,1.0,1.0,,,,
737,climb_cruise_descend,B_elevator_drag_8819410c,ks_whole,4,0.15384615384615385,0.5,0.4358974358974359,1.0,0.9523809523809524,1.0,,,,
737,climb_cruise_descend,B_elevator_drag_8819410c,det_win30,7,0.38461538461538464,0.7142857142857143,0.8376068376068376,1.0,1.0,1.0,,,,
737,climb_cruise_descend,B_elevator_drag_8819410c,sig_dynamic_win30,5,0.3076923076923077,0.8,0.8376068376068376,1.0,0.7619047619047619,1.0,,,,
737,climb_cruise_descend,B_elevator_drag_8819410c,det_win120,5,0.23076923076923078,0.6,0.6410256410256411,1.0,1.0,1.0,,,,
737,climb_cruise_descend,B_elevator_drag_8819410c,sig_dynamic_win120,7,0.46153846153846156,0.8571428571428571,0.6666666666666666,1.0,0.8095238095238095,1.0,,,,
737,climb_cruise_descend,B_elevator_drag_8819410c,det_phase:settle,6,0.3076923076923077,0.6666666666666666,0.6923076923076923,1.0,1.0,1.0,,,,
737,climb_cruise_descend,B_elevator_drag_8819410c,det_phase:climb,5,0.3076923076923077,0.8,0.49572649572649574,1.0,1.0,1.0,,0.6,5.0,
737,climb_cruise_descend,B_elevator_drag_8819410c,det_phase:turn,5,0.38461538461538464,1.0,0.6324786324786325,1.0,0.8095238095238095,1.0,,0.0,5.0,
737,climb_cruise_descend,B_elevator_drag_8819410c,det_phase:cruise,5,0.38461538461538464,1.0,0.6923076923076923,0.0,0.5238095238095238,1.0,,,,
737,climb_cruise_descend,B_elevator_drag_8819410c,det_phase:slow,5,0.23076923076923078,0.6,0.4786324786324786,1.0,0.9047619047619048,1.0,,0.8,5.0,
737,climb_cruise_descend,B_elevator_drag_8819410c,det_phase:descend,3,0.23076923076923078,1.0,0.8205128205128206,1.0,1.0,1.0,,1.0,3.0,
737,climb_cruise_descend,B_elevator_drag_8819410c,det_phase:turnback,2,0.15384615384615385,1.0,0.5555555555555556,1.0,0.8095238095238095,1.0,,0.0,2.0,
737,climb_cruise_descend,B_elevator_drag_8819410c,det_phase:level,1,0.07692307692307693,1.0,0.5897435897435896,0.0,0.09523809523809523,1.0,,,,
737,climb_cruise_descend,B_elevator_drag_8819410c,det_phase_any,13,0.6923076923076923,0.6923076923076923,0.5,1.0,0.5,1.0,,,,
737,climb_cruise_descend,B_elevator_drag_8819410c,det_phase_max,7,0.3076923076923077,0.5714285714285714,0.7094017094017093,1.0,1.0,1.0,,,,
737,climb_cruise_descend,B_elevator_drag_8819410c,sig_dynamic_phase:settle,1,0.07692307692307693,1.0,0.24786324786324787,1.0,0.9999999999999999,1.0,,,,
737,climb_cruise_descend,B_elevator_drag_8819410c,sig_dynamic_phase:climb,4,0.3076923076923077,1.0,0.7606837606837606,1.0,1.0,1.0,,,,
737,climb_cruise_descend,B_elevator_drag_8819410c,sig_dynamic_phase:turn,3,0.15384615384615385,0.6666666666666666,0.6495726495726495,0.0,0.1428571428571429,1.0,,,,
737,climb_cruise_descend,B_elevator_drag_8819410c,sig_dynamic_phase:cruise,2,0.15384615384615385,1.0,0.7521367521367521,0.0,0.7619047619047619,1.0,,,,
737,climb_cruise_descend,B_elevator_drag_8819410c,sig_dynamic_phase:slow,5,0.3076923076923077,0.8,0.5982905982905983,0.0,0.09523809523809523,1.0,,,,
737,climb_cruise_descend,B_elevator_drag_8819410c,sig_dynamic_phase:descend,4,0.23076923076923078,0.75,0.6153846153846154,0.0,0.7619047619047619,1.0,,,,
737,climb_cruise_descend,B_elevator_drag_8819410c,sig_dynamic_phase:turnback,7,0.38461538461538464,0.7142857142857143,0.41880341880341876,1.0,0.8095238095238095,1.0,,,,
737,climb_cruise_descend,B_elevator_drag_8819410c,sig_dynamic_phase:level,0,0.0,,0.41025641025641024,0.0,0.6666666666666667,1.0,,,,
737,climb_cruise_descend,B_elevator_drag_8819410c,sig_dynamic_phase_any,12,0.7692307692307693,0.8333333333333334,0.5,1.0,0.5,1.0,,,,
737,climb_cruise_descend,B_elevator_drag_8819410c,sig_dynamic_phase_max,4,0.15384615384615385,0.5,0.46153846153846156,1.0,0.9047619047619048,1.0,,,,
737,climb_cruise_descend,clo_+0.1,det_whole,15,0.5384615384615384,0.4666666666666667,0.5982905982905983,1.0,0.9583333333333334,4.0,,,,
737,climb_cruise_descend,clo_+0.1,sig_dynamic_whole,14,0.5384615384615384,0.5,0.5811965811965812,0.75,0.875,4.0,0.8666666666666667,,,
737,climb_cruise_descend,clo_+0.1,sig_static_whole,15,0.6153846153846154,0.5333333333333333,0.5811965811965812,1.0,0.9305555555555556,4.0,0.8666666666666667,,,
737,climb_cruise_descend,clo_+0.1,envelope_whole,17,0.6153846153846154,0.47058823529411764,0.25641025641025644,1.0,0.8611111111111112,4.0,,,,
737,climb_cruise_descend,clo_+0.1,ks_whole,14,0.6153846153846154,0.5714285714285714,0.5470085470085471,1.0,0.9027777777777778,4.0,,,,
737,climb_cruise_descend,clo_+0.1,det_win30,15,0.6923076923076923,0.6,0.5811965811965811,1.0,0.986111111111111,4.0,,,,
737,climb_cruise_descend,clo_+0.1,sig_dynamic_win30,16,0.8461538461538461,0.6875,0.6666666666666667,1.0,0.5694444444444444,4.0,,,,
737,climb_cruise_descend,clo_+0.1,det_win120,17,0.6923076923076923,0.5294117647058824,0.6068376068376069,1.0,0.9722222222222222,4.0,,,,
737,climb_cruise_descend,clo_+0.1,sig_dynamic_win120,14,0.6153846153846154,0.5714285714285714,0.5982905982905983,1.0,0.875,4.0,,,,
737,climb_cruise_descend,clo_+0.1,det_phase:settle,16,0.6153846153846154,0.5,0.5641025641025641,1.0,1.0,4.0,,,,
737,climb_cruise_descend,clo_+0.1,det_phase:climb,12,0.6923076923076923,0.75,0.6495726495726495,1.0,0.9583333333333333,4.0,,0.9166666666666666,12.0,
737,climb_cruise_descend,clo_+0.1,det_phase:turn,14,0.6153846153846154,0.5714285714285714,0.6923076923076923,1.0,0.9583333333333334,4.0,,0.0,14.0,
737,climb_cruise_descend,clo_+0.1,det_phase:cruise,15,0.7692307692307693,0.6666666666666666,0.8290598290598291,1.0,0.9583333333333334,4.0,,,,
737,climb_cruise_descend,clo_+0.1,det_phase:slow,15,0.6923076923076923,0.6,0.6752136752136751,0.75,0.75,4.0,,0.9333333333333333,15.0,
737,climb_cruise_descend,clo_+0.1,det_phase:descend,14,0.7692307692307693,0.7142857142857143,0.9059829059829061,1.0,0.9305555555555556,4.0,,0.9285714285714286,14.0,
737,climb_cruise_descend,clo_+0.1,det_phase:turnback,12,0.46153846153846156,0.5,0.5042735042735043,0.75,0.7916666666666666,4.0,,0.0,12.0,
737,climb_cruise_descend,clo_+0.1,det_phase:level,13,0.5384615384615384,0.5384615384615384,0.6324786324786325,1.0,0.9444444444444444,4.0,,,,
737,climb_cruise_descend,clo_+0.1,det_phase_any,21,0.9230769230769231,0.5714285714285714,0.5,1.0,0.5,4.0,,,,
737,climb_cruise_descend,clo_+0.1,det_phase_max,16,0.6153846153846154,0.5,0.5213675213675214,1.0,0.8611111111111112,4.0,,,,
737,climb_cruise_descend,clo_+0.1,sig_dynamic_phase:settle,10,0.38461538461538464,0.5,0.3418803418803419,0.5,0.5416666666666667,4.0,,,,
737,climb_cruise_descend,clo_+0.1,sig_dynamic_phase:climb,10,0.5384615384615384,0.7,0.5897435897435898,0.5,0.5000000000000001,4.0,,,,
737,climb_cruise_descend,clo_+0.1,sig_dynamic_phase:turn,6,0.23076923076923078,0.5,0.4871794871794872,0.5,0.4583333333333333,4.0,,,,
737,climb_cruise_descend,clo_+0.1,sig_dynamic_phase:cruise,10,0.46153846153846156,0.6,0.7692307692307692,0.5,0.4166666666666667,4.0,,,,
737,climb_cruise_descend,clo_+0.1,sig_dynamic_phase:slow,6,0.3076923076923077,0.6666666666666666,0.5042735042735043,0.25,0.22222222222222224,4.0,,,,
737,climb_cruise_descend,clo_+0.1,sig_dynamic_phase:descend,6,0.46153846153846156,1.0,0.4957264957264957,1.0,0.9027777777777778,4.0,,,,
737,climb_cruise_descend,clo_+0.1,sig_dynamic_phase:turnback,10,0.6153846153846154,0.8,0.7179487179487178,1.0,0.9444444444444444,4.0,,,,
737,climb_cruise_descend,clo_+0.1,sig_dynamic_phase:level,5,0.38461538461538464,1.0,0.6752136752136753,1.0,0.9444444444444444,4.0,,,,
737,climb_cruise_descend,clo_+0.1,sig_dynamic_phase_any,20,0.9230769230769231,0.6,0.5,1.0,0.5,4.0,,,,
737,climb_cruise_descend,clo_+0.1,sig_dynamic_phase_max,13,0.38461538461538464,0.38461538461538464,0.23931623931623933,0.5,0.3472222222222222,4.0,,,,
737,climb_cruise_descend,cmalpha_x0.7,det_whole,0,0.0,,0.12820512820512822,,,,,,,
737,climb_cruise_descend,cmalpha_x0.7,sig_dynamic_whole,0,0.0,,0.3162393162393163,,,,,,,
737,climb_cruise_descend,cmalpha_x0.7,sig_static_whole,0,0.0,,0.46153846153846156,,,,,,,
737,climb_cruise_descend,cmalpha_x0.7,envelope_whole,3,0.23076923076923078,1.0,0.6495726495726495,,,,,,,
737,climb_cruise_descend,cmalpha_x0.7,ks_whole,0,0.0,,0.5555555555555556,,,,,,,
737,climb_cruise_descend,cmalpha_x0.7,det_win30,0,0.0,,0.3247863247863248,,,,,,,
737,climb_cruise_descend,cmalpha_x0.7,sig_dynamic_win30,1,0.07692307692307693,1.0,0.6666666666666667,,,,,,,
737,climb_cruise_descend,cmalpha_x0.7,det_win120,0,0.0,,0.18803418803418806,,,,,,,
737,climb_cruise_descend,cmalpha_x0.7,sig_dynamic_win120,0,0.0,,0.49572649572649574,,,,,,,
737,climb_cruise_descend,cmalpha_x0.7,det_phase:settle,0,0.0,,0.6153846153846154,,,,,,,
737,climb_cruise_descend,cmalpha_x0.7,det_phase:climb,4,0.23076923076923078,0.75,0.4017094017094017,,,,,0.0,4.0,
737,climb_cruise_descend,cmalpha_x0.7,det_phase:turn,6,0.46153846153846156,1.0,0.7521367521367521,,,,,0.0,6.0,
737,climb_cruise_descend,cmalpha_x0.7,det_phase:cruise,8,0.46153846153846156,0.75,0.6324786324786325,,,,,,,
737,climb_cruise_descend,cmalpha_x0.7,det_phase:slow,3,0.23076923076923078,1.0,0.5555555555555556,,,,,1.0,3.0,
737,climb_cruise_descend,cmalpha_x0.7,det_phase:descend,6,0.3076923076923077,0.6666666666666666,0.8034188034188035,,,,,1.0,6.0,
737,climb_cruise_descend,cmalpha_x0.7,det_phase:turnback,1,0.0,0.0,0.7435897435897436,,,,,0.0,1.0,
737,climb_cruise_descend,cmalpha_x0.7,det_phase:level,1,0.07692307692307693,1.0,0.811965811965812,,,,,,,
737,climb_cruise_descend,cmalpha_x0.7,det_phase_any,13,0.7692307692307693,0.7692307692307693,0.5,,,,,,,
737,climb_cruise_descend,cmalpha_x0.7,det_phase_max,2,0.07692307692307693,0.5,0.6581196581196581,,,,,,,
737,climb_cruise_descend,cmalpha_x0.7,sig_dynamic_phase:settle,0,0.0,,0.11965811965811969,,,,,,,
737,climb_cruise_descend,cmalpha_x0.7,sig_dynamic_phase:climb,4,0.3076923076923077,1.0,0.52991452991453,,,,,,,
737,climb_cruise_descend,cmalpha_x0.7,sig_dynamic_phase:turn,1,0.07692307692307693,1.0,0.7264957264957266,,,,,,,
737,climb_cruise_descend,cmalpha_x0.7,sig_dynamic_phase:cruise,2,0.15384615384615385,1.0,0.717948717948718,,,,,,,
737,climb_cruise_descend,cmalpha_x0.7,sig_dynamic_phase:slow,4,0.3076923076923077,1.0,0.6495726495726495,,,,,,,
737,climb_cruise_descend,cmalpha_x0.7,sig_dynamic_phase:descend,3,0.23076923076923078,1.0,0.6153846153846154,,,,,,,
737,climb_cruise_descend,cmalpha_x0.7,sig_dynamic_phase:turnback,2,0.15384615384615385,1.0,0.4444444444444445,,,,,,,
737,climb_cruise_descend,cmalpha_x0.7,sig_dynamic_phase:level,0,0.0,,0.26495726495726496,,,,,,,
737,climb_cruise_descend,cmalpha_x0.7,sig_dynamic_phase_any,9,0.6923076923076923,1.0,0.5,,,,,,,
737,climb_cruise_descend,cmalpha_x0.7,sig_dynamic_phase_max,0,0.0,,0.38461538461538464,,,,,,,
737,climb_cruise_descend,cmq_x0.5,det_whole,3,0.23076923076923078,1.0,0.4017094017094017,,,,,,,
737,climb_cruise_descend,cmq_x0.5,sig_dynamic_whole,0,0.0,,0.3504273504273504,,,,0.0,,,
737,climb_cruise_descend,cmq_x0.5,sig_static_whole,0,0.0,,0.4273504273504274,,,,0.0,,,
737,climb_cruise_descend,cmq_x0.5,envelope_whole,3,0.23076923076923078,1.0,0.658119658119658,,,,,,,
737,climb_cruise_descend,cmq_x0.5,ks_whole,0,0.0,,0.4871794871794872,,,,,,,
737,climb_cruise_descend,cmq_x0.5,det_win30,3,0.23076923076923078,1.0,0.4273504273504274,,,,,,,
737,climb_cruise_descend,cmq_x0.5,sig_dynamic_win30,1,0.07692307692307693,1.0,0.7264957264957266,,,,,,,
737,climb_cruise_descend,cmq_x0.5,det_win120,3,0.23076923076923078,1.0,0.32478632478632485,,,,,,,
737,climb_cruise_descend,cmq_x0.5,sig_dynamic_win120,0,0.0,,0.4786324786324787,,,,,,,
737,climb_cruise_descend,cmq_x0.5,det_phase:settle,6,0.38461538461538464,0.8333333333333334,0.7692307692307693,,,,,,,
737,climb_cruise_descend,cmq_x0.5,det_phase:climb,6,0.3076923076923077,0.6666666666666666,0.5726495726495726,,,,,0.0,6.0,
737,climb_cruise_descend,cmq_x0.5,det_phase:turn,6,0.46153846153846156,1.0,0.7606837606837606,,,,,0.0,6.0,
737,climb_cruise_descend,cmq_x0.5,det_phase:cruise,8,0.46153846153846156,0.75,0.6324786324786325,,,,,,,
737,climb_cruise_descend,cmq_x0.5,det_phase:slow,4,0.23076923076923078,0.75,0.6666666666666667,,,,,1.0,4.0,
737,climb_cruise_descend,cmq_x0.5,det_phase:descend,5,0.38461538461538464,1.0,0.811965811965812,,,,,0.6,5.0,
737,climb_cruise_descend,cmq_x0.5,det_phase:turnback,1,0.0,0.0,0.7435897435897436,,,,,0.0,1.0,
737,climb_cruise_descend,cmq_x0.5,det_phase:level,0,0.0,,0.7863247863247863,,,,,,,
737,climb_cruise_descend,cmq_x0.5,det_phase_any,16,0.9230769230769231,0.75,0.5,,,,,,,
737,climb_cruise_descend,cmq_x0.5,det_phase_max,5,0.3076923076923077,0.8,0.7350427350427351,,,,,,,
737,climb_cruise_descend,cmq_x0.5,sig_dynamic_phase:settle,2,0.15384615384615385,1.0,0.3076923076923077,,,,,,,
737,climb_cruise_descend,cmq_x0.5,sig_dynamic_phase:climb,4,0.3076923076923077,1.0,0.5470085470085471,,,,,,,
737,climb_cruise_descend,cmq_x0.5,sig_dynamic_phase:turn,1,0.07692307692307693,1.0,0.7863247863247863,,,,,,,
737,climb_cruise_descend,cmq_x0.5,sig_dynamic_phase:cruise,2,0.15384615384615385,1.0,0.7179487179487181,,,,,,,
737,climb_cruise_descend,cmq_x0.5,sig_dynamic_phase:slow,3,0.23076923076923078,1.0,0.6324786324786326,,,,,,,
737,climb_cruise_descend,cmq_x0.5,sig_dynamic_phase:descend,2,0.15384615384615385,1.0,0.6666666666666667,,,,,,,
737,climb_cruise_descend,cmq_x0.5,sig_dynamic_phase:turnback,2,0.15384615384615385,1.0,0.3504273504273504,,,,,,,
737,climb_cruise_descend,cmq_x0.5,sig_dynamic_phase:level,0,0.0,,0.3162393162393163,,,,,,,
737,climb_cruise_descend,cmq_x0.5,sig_dynamic_phase_any,8,0.6153846153846154,1.0,0.5,,,,,,,
737,climb_cruise_descend,cmq_x0.5,sig_dynamic_phase_max,2,0.15384615384615385,1.0,0.49572649572649574,,,,,,,
737,climb_cruise_descend,inertia_x1.6,det_whole,9,0.4090909090909091,1.0,,,,,,,,
737,climb_cruise_descend,inertia_x1.6,sig_dynamic_whole,1,0.045454545454545456,1.0,,,,,0.0,,,
737,climb_cruise_descend,inertia_x1.6,sig_static_whole,0,0.0,,,,,,0.0,,,
737,climb_cruise_descend,inertia_x1.6,envelope_whole,2,0.09090909090909091,1.0,,,,,,,,
737,climb_cruise_descend,inertia_x1.6,ks_whole,0,0.0,,,,,,,,,
737,climb_cruise_descend,inertia_x1.6,det_win30,9,0.4090909090909091,1.0,,,,,,,,
737,climb_cruise_descend,inertia_x1.6,sig_dynamic_win30,1,0.045454545454545456,1.0,,,,,,,,
737,climb_cruise_descend,inertia_x1.6,det_win120,10,0.45454545454545453,1.0,,,,,,,,
737,climb_cruise_descend,inertia_x1.6,sig_dynamic_win120,0,0.0,,,,,,,,,
737,climb_cruise_descend,inertia_x1.6,det_phase:settle,12,0.5454545454545454,1.0,,,,,,,,
737,climb_cruise_descend,inertia_x1.6,det_phase:climb,5,0.22727272727272727,1.0,,,,,,0.2,5.0,
737,climb_cruise_descend,inertia_x1.6,det_phase:turn,7,0.3181818181818182,1.0,,,,,,0.2857142857142857,7.0,
737,climb_cruise_descend,inertia_x1.6,det_phase:cruise,6,0.2727272727272727,1.0,,,,,,,,
737,climb_cruise_descend,inertia_x1.6,det_phase:slow,3,0.13636363636363635,1.0,,,,,,1.0,3.0,
737,climb_cruise_descend,inertia_x1.6,det_phase:descend,4,0.18181818181818182,1.0,,,,,,0.75,4.0,
737,climb_cruise_descend,inertia_x1.6,det_phase:turnback,2,0.09090909090909091,1.0,,,,,,0.5,2.0,
737,climb_cruise_descend,inertia_x1.6,det_phase:level,0,0.0,,,,,,,,,
737,climb_cruise_descend,inertia_x1.6,det_phase_any,17,0.7727272727272727,1.0,,,,,,,,
737,climb_cruise_descend,inertia_x1.6,det_phase_max,11,0.5,1.0,,,,,,,,
737,climb_cruise_descend,inertia_x1.6,sig_dynamic_phase:settle,5,0.22727272727272727,1.0,,,,,,,,
737,climb_cruise_descend,inertia_x1.6,sig_dynamic_phase:climb,4,0.18181818181818182,1.0,,,,,,,,
737,climb_cruise_descend,inertia_x1.6,sig_dynamic_phase:turn,1,0.045454545454545456,1.0,,,,,,,,
737,climb_cruise_descend,inertia_x1.6,sig_dynamic_phase:cruise,1,0.045454545454545456,1.0,,,,,,,,
737,climb_cruise_descend,inertia_x1.6,sig_dynamic_phase:slow,3,0.13636363636363635,1.0,,,,,,,,
737,climb_cruise_descend,inertia_x1.6,sig_dynamic_phase:descend,3,0.13636363636363635,1.0,,,,,,,,
737,climb_cruise_descend,inertia_x1.6,sig_dynamic_phase:turnback,3,0.13636363636363635,1.0,,,,,,,,
737,climb_cruise_descend,inertia_x1.6,sig_dynamic_phase:level,0,0.0,,,,,,,,,
737,climb_cruise_descend,inertia_x1.6,sig_dynamic_phase_any,12,0.5454545454545454,1.0,,,,,,,,
737,climb_cruise_descend,inertia_x1.6,sig_dynamic_phase_max,3,0.13636363636363635,1.0,,,,,,,,
737,climb_cruise_descend,noop,det_whole,0,,,,,,,,,,0.0
737,climb_cruise_descend,noop,sig_dynamic_whole,0,,,,,,,,,,0.0
737,climb_cruise_descend,noop,sig_static_whole,0,,,,,,,,,,0.0
737,climb_cruise_descend,noop,envelope_whole,0,,,,,,,,,,0.0
737,climb_cruise_descend,noop,ks_whole,0,,,,,,,,,,0.0
737,climb_cruise_descend,noop,det_win30,0,,,,,,,,,,0.0
737,climb_cruise_descend,noop,sig_dynamic_win30,1,,,,,,,,,,0.045454545454545456
737,climb_cruise_descend,noop,det_win120,0,,,,,,,,,,0.0
737,climb_cruise_descend,noop,sig_dynamic_win120,0,,,,,,,,,,0.0
737,climb_cruise_descend,noop,det_phase:settle,0,,,,,,,,,,0.0
737,climb_cruise_descend,noop,det_phase:climb,4,,,,,,,,,,0.18181818181818182
737,climb_cruise_descend,noop,det_phase:turn,5,,,,,,,,,,0.22727272727272727
737,climb_cruise_descend,noop,det_phase:cruise,6,,,,,,,,,,0.2727272727272727
737,climb_cruise_descend,noop,det_phase:slow,4,,,,,,,,,,0.18181818181818182
737,climb_cruise_descend,noop,det_phase:descend,2,,,,,,,,,,0.09090909090909091
737,climb_cruise_descend,noop,det_phase:turnback,2,,,,,,,,,,0.09090909090909091
737,climb_cruise_descend,noop,det_phase:level,0,,,,,,,,,,0.0
737,climb_cruise_descend,noop,det_phase_any,11,,,,,,,,,,0.5
737,climb_cruise_descend,noop,det_phase_max,0,,,,,,,,,,0.0
737,climb_cruise_descend,noop,sig_dynamic_phase:settle,0,,,,,,,,,,0.0
737,climb_cruise_descend,noop,sig_dynamic_phase:climb,3,,,,,,,,,,0.13636363636363635
737,climb_cruise_descend,noop,sig_dynamic_phase:turn,1,,,,,,,,,,0.045454545454545456
737,climb_cruise_descend,noop,sig_dynamic_phase:cruise,2,,,,,,,,,,0.09090909090909091
737,climb_cruise_descend,noop,sig_dynamic_phase:slow,3,,,,,,,,,,0.13636363636363635
737,climb_cruise_descend,noop,sig_dynamic_phase:descend,2,,,,,,,,,,0.09090909090909091
737,climb_cruise_descend,noop,sig_dynamic_phase:turnback,2,,,,,,,,,,0.09090909090909091
737,climb_cruise_descend,noop,sig_dynamic_phase:level,0,,,,,,,,,,0.0
737,climb_cruise_descend,noop,sig_dynamic_phase_any,7,,,,,,,,,,0.3181818181818182
737,climb_cruise_descend,noop,sig_dynamic_phase_max,0,,,,,,,,,,0.0
737,approach,B_elevator_drag_8819410c,det_whole,17,0.7692307692307693,0.5882352941176471,0.717948717948718,1.0,1.0,7.0,,,,
737,approach,B_elevator_drag_8819410c,sig_dynamic_whole,19,0.8461538461538461,0.5789473684210527,0.5555555555555556,1.0,0.8,7.0,0.9411764705882353,,,
737,approach,B_elevator_drag_8819410c,sig_static_whole,10,0.38461538461538464,0.5,0.46153846153846156,0.42857142857142855,0.5714285714285714,7.0,0.4117647058823529,,,
737,approach,B_elevator_drag_8819410c,envelope_whole,20,0.8461538461538461,0.55,0.6495726495726496,1.0,0.9714285714285715,7.0,,,,
737,approach,B_elevator_drag_8819410c,ks_whole,16,0.6923076923076923,0.5625,0.5555555555555556,0.7142857142857143,0.7142857142857143,7.0,,,,
737,approach,B_elevator_drag_8819410c,det_win30,17,0.6923076923076923,0.5294117647058824,0.6666666666666667,1.0,1.0,7.0,,,,
737,approach,B_elevator_drag_8819410c,sig_dynamic_win30,20,0.8461538461538461,0.55,0.4017094017094017,1.0,0.7142857142857143,7.0,,,,
737,approach,B_elevator_drag_8819410c,det_win120,17,0.6923076923076923,0.5294117647058824,0.7264957264957265,1.0,1.0,7.0,,,,
737,approach,B_elevator_drag_8819410c,sig_dynamic_win120,20,0.8461538461538461,0.55,0.547008547008547,1.0,0.7904761904761906,7.0,,,,
737,approach,B_elevator_drag_8819410c,det_phase:settle,10,0.3076923076923077,0.4,0.2393162393162393,0.2857142857142857,0.42857142857142855,7.0,,,,
737,approach,B_elevator_drag_8819410c,det_phase:descend,2,0.15384615384615385,1.0,0.46153846153846156,0.2857142857142857,0.3904761904761905,7.0,,1.0,2.0,
737,approach,B_elevator_drag_8819410c,det_phase:config,7,0.38461538461538464,0.7142857142857143,0.4871794871794872,0.5714285714285714,0.5714285714285714,7.0,,0.14285714285714285,7.0,
737,approach,B_elevator_drag_8819410c,det_phase:gear,6,0.23076923076923078,0.5,0.2991452991452992,0.42857142857142855,0.42857142857142855,7.0,,0.0,6.0,
737,approach,B_elevator_drag_8819410c,det_phase:final,6,0.23076923076923078,0.5,0.4102564102564103,0.42857142857142855,0.5523809523809524,7.0,,0.6666666666666666,6.0,
737,approach,B_elevator_drag_8819410c,det_phase_any,17,0.6923076923076923,0.5294117647058824,0.5,0.8571428571428571,0.5,7.0,,,,
737,approach,B_elevator_drag_8819410c,det_phase_max,15,0.5384615384615384,0.4666666666666667,0.4188034188034188,0.7142857142857143,0.7142857142857142,7.0,,,,
737,approach,B_elevator_drag_8819410c,sig_dynamic_phase:settle,2,0.0,0.0,0.5811965811965812,0.0,0.6952380952380952,7.0,,,,
737,approach,B_elevator_drag_8819410c,sig_dynamic_phase:descend,4,0.23076923076923078,0.75,0.4188034188034188,0.14285714285714285,0.4952380952380952,7.0,,,,
737,approach,B_elevator_drag_8819410c,sig_dynamic_phase:config,11,0.6153846153846154,0.7272727272727273,0.7179487179487181,1.0,0.980952380952381,7.0,,,,
737,approach,B_elevator_drag_8819410c,sig_dynamic_phase:gear,8,0.23076923076923078,0.375,0.32478632478632485,0.2857142857142857,0.5714285714285714,7.0,,,,
737,approach,B_elevator_drag_8819410c,sig_dynamic_phase:final,7,0.23076923076923078,0.42857142857142855,0.3632478632478633,0.42857142857142855,0.5761904761904763,7.0,,,,
737,approach,B_elevator_drag_8819410c,sig_dynamic_phase_any,16,0.7692307692307693,0.625,0.5,1.0,0.5,7.0,,,,
737,approach,B_elevator_drag_8819410c,sig_dynamic_phase_max,12,0.6153846153846154,0.6666666666666666,0.49572649572649574,0.8571428571428571,0.7238095238095238,7.0,,,,
737,approach,clo_+0.1,det_whole,20,0.8461538461538461,0.55,0.5470085470085471,1.0,0.8645833333333334,6.0,,,,
737,approach,clo_+0.1,sig_dynamic_whole,16,0.6153846153846154,0.5,0.4871794871794872,0.5,0.6354166666666667,6.0,0.8,,,
737,approach,clo_+0.1,sig_static_whole,13,0.5384615384615384,0.5384615384615384,0.5470085470085471,0.3333333333333333,0.5104166666666666,6.0,0.65,,,
737,approach,clo_+0.1,envelope_whole,20,0.8461538461538461,0.55,0.26495726495726496,1.0,0.71875,6.0,,,,
737,approach,clo_+0.1,ks_whole,20,0.8461538461538461,0.55,0.37606837606837606,1.0,0.8020833333333334,6.0,,,,
737,approach,clo_+0.1,det_win30,20,0.8461538461538461,0.55,0.47863247863247865,1.0,0.71875,6.0,,,,
737,approach,clo_+0.1,sig_dynamic_win30,16,0.6153846153846154,0.5,0.4188034188034188,0.6666666666666666,0.6875,6.0,,,,
737,approach,clo_+0.1,det_win120,20,0.8461538461538461,0.55,0.5299145299145299,1.0,0.8541666666666666,6.0,,,,
737,approach,clo_+0.1,sig_dynamic_win120,15,0.6153846153846154,0.5333333333333333,0.49572649572649574,0.5,0.7291666666666667,6.0,,,,
737,approach,clo_+0.1,det_phase:settle,17,0.6153846153846154,0.47058823529411764,0.2991452991452992,0.5,0.5104166666666666,6.0,,,,
737,approach,clo_+0.1,det_phase:descend,13,0.6153846153846154,0.6153846153846154,0.5897435897435898,0.5,0.65625,6.0,,0.6153846153846154,13.0,
737,approach,clo_+0.1,det_phase:config,11,0.7692307692307693,0.9090909090909091,0.7777777777777778,1.0,0.96875,6.0,,0.36363636363636365,11.0,
737,approach,clo_+0.1,det_phase:gear,14,0.7692307692307693,0.7142857142857143,0.7264957264957265,1.0,1.0,6.0,,0.0,14.0,
737,approach,clo_+0.1,det_phase:final,14,0.7692307692307693,0.7142857142857143,0.7863247863247863,1.0,1.0,6.0,,0.07142857142857142,14.0,
737,approach,clo_+0.1,det_phase_any,20,0.8461538461538461,0.55,0.5,1.0,0.5,6.0,,,,
737,approach,clo_+0.1,det_phase_max,19,0.7692307692307693,0.5263157894736842,0.36752136752136755,0.8333333333333334,0.5625,6.0,,,,
737,approach,clo_+0.1,sig_dynamic_phase:settle,10,0.23076923076923078,0.3,0.3418803418803419,0.16666666666666666,0.35416666666666663,6.0,,,,
737,approach,clo_+0.1,sig_dynamic_phase:descend,8,0.46153846153846156,0.75,0.7521367521367521,0.3333333333333333,0.5104166666666667,6.0,,,,
737,approach,clo_+0.1,sig_dynamic_phase:config,8,0.23076923076923078,0.375,0.23076923076923078,0.16666666666666666,0.2708333333333333,6.0,,,,
737,approach,clo_+0.1,sig_dynamic_phase:gear,9,0.3076923076923077,0.4444444444444444,0.3290598290598291,0.3333333333333333,0.484375,6.0,,,,
737,approach,clo_+0.1,sig_dynamic_phase:final,6,0.15384615384615385,0.3333333333333333,0.44871794871794873,0.0,0.3489583333333333,6.0,,,,
737,approach,clo_+0.1,sig_dynamic_phase_any,18,0.6923076923076923,0.5,0.5,0.6666666666666666,0.5,6.0,,,,
737,approach,clo_+0.1,sig_dynamic_phase_max,15,0.46153846153846156,0.4,0.17094017094017094,0.16666666666666666,0.25,6.0,,,,
737,approach,cmalpha_x0.7,det_whole,9,0.5384615384615384,0.7777777777777778,0.7264957264957266,,,,,,,
737,approach,cmalpha_x0.7,sig_dynamic_whole,10,0.6153846153846154,0.8,0.7863247863247863,,,,0.6666666666666666,,,
737,approach,cmalpha_x0.7,sig_static_whole,11,0.46153846153846156,0.5454545454545454,0.4188034188034188,,,,0.8888888888888888,,,
737,approach,cmalpha_x0.7,envelope_whole,14,0.5384615384615384,0.5,0.5128205128205128,,,,,,,
737,approach,cmalpha_x0.7,ks_whole,8,0.23076923076923078,0.375,0.3076923076923077,,,,,,,
737,approach,cmalpha_x0.7,det_win30,10,0.5384615384615384,0.7,0.7008547008547008,,,,,,,
737,approach,cmalpha_x0.7,sig_dynamic_win30,5,0.23076923076923078,0.6,0.6752136752136753,,,,,,,
737,approach,cmalpha_x0.7,det_win120,9,0.5384615384615384,0.7777777777777778,0.6923076923076923,,,,,,,
737,approach,cmalpha_x0.7,sig_dynamic_win120,8,0.46153846153846156,0.75,0.6837606837606838,,,,,,,
737,approach,cmalpha_x0.7,det_phase:settle,0,0.0,,0.5299145299145299,,,,,,,
737,approach,cmalpha_x0.7,det_phase:descend,0,0.0,,0.4102564102564103,,,,,,0.0,
737,approach,cmalpha_x0.7,det_phase:config,6,0.23076923076923078,0.5,0.33333333333333337,,,,,0.3333333333333333,6.0,
737,approach,cmalpha_x0.7,det_phase:gear,7,0.3076923076923077,0.5714285714285714,0.38461538461538464,,,,,0.0,7.0,
737,approach,cmalpha_x0.7,det_phase:final,7,0.3076923076923077,0.5714285714285714,0.33333333333333337,,,,,0.5714285714285714,7.0,
737,approach,cmalpha_x0.7,det_phase_any,12,0.46153846153846156,0.5,0.5,,,,,,,
737,approach,cmalpha_x0.7,det_phase_max,5,0.07692307692307693,0.2,0.33333333333333337,,,,,,,
737,approach,cmalpha_x0.7,sig_dynamic_phase:settle,0,0.0,,0.49572649572649574,,,,,,,
737,approach,cmalpha_x0.7,sig_dynamic_phase:descend,1,0.07692307692307693,1.0,0.547008547008547,,,,,,,
737,approach,cmalpha_x0.7,sig_dynamic_phase:config,4,0.23076923076923078,0.75,0.5213675213675214,,,,,,,
737,approach,cmalpha_x0.7,sig_dynamic_phase:gear,1,0.07692307692307693,1.0,0.5641025641025641,,,,,,,
737,approach,cmalpha_x0.7,sig_dynamic_phase:final,1,0.0,0.0,0.3803418803418803,,,,,,,
737,approach,cmalpha_x0.7,sig_dynamic_phase_any,6,0.3076923076923077,0.6666666666666666,0.5,,,,,,,
737,approach,cmalpha_x0.7,sig_dynamic_phase_max,1,0.07692307692307693,1.0,0.5470085470085471,,,,,,,
737,approach,cmq_x0.5,det_whole,5,0.38461538461538464,1.0,0.6923076923076923,,,,,,,
737,approach,cmq_x0.5,sig_dynamic_whole,1,0.07692307692307693,1.0,0.5555555555555556,,,,0.2,,,
737,approach,cmq_x0.5,sig_static_whole,0,0.0,,0.6495726495726497,,,,0.0,,,
737,approach,cmq_x0.5,envelope_whole,3,0.15384615384615385,0.6666666666666666,0.358974358974359,,,,,,,
737,approach,cmq_x0.5,ks_whole,2,0.07692307692307693,0.5,0.33333333333333337,,,,,,,
737,approach,cmq_x0.5,det_win30,6,0.3076923076923077,0.6666666666666666,0.5726495726495726,,,,,,,
737,approach,cmq_x0.5,sig_dynamic_win30,0,0.0,,0.452991452991453,,,,,,,
737,approach,cmq_x0.5,det_win120,8,0.46153846153846156,0.75,0.6068376068376068,,,,,,,
737,approach,cmq_x0.5,sig_dynamic_win120,0,0.0,,0.47863247863247865,,,,,,,
737,approach,cmq_x0.5,det_phase:settle,5,0.38461538461538464,1.0,0.4871794871794872,,,,,,,
737,approach,cmq_x0.5,det_phase:descend,3,0.23076923076923078,1.0,0.6068376068376069,,,,,0.3333333333333333,3.0,
737,approach,cmq_x0.5,det_phase:config,0,0.0,,0.2991452991452992,,,,,,0.0,
737,approach,cmq_x0.5,det_phase:gear,0,0.0,,0.20512820512820512,,,,,,0.0,
737,approach,cmq_x0.5,det_phase:final,5,0.23076923076923078,0.6,0.5128205128205129,,,,,0.0,5.0,
737,approach,cmq_x0.5,det_phase_any,7,0.38461538461538464,0.7142857142857143,0.5,,,,,,,
737,approach,cmq_x0.5,det_phase_max,6,0.23076923076923078,0.5,0.45299145299145305,,,,,,,
737,approach,cmq_x0.5,sig_dynamic_phase:settle,2,0.15384615384615385,1.0,0.7264957264957266,,,,,,,
737,approach,cmq_x0.5,sig_dynamic_phase:descend,1,0.07692307692307693,1.0,0.547008547008547,,,,,,,
737,approach,cmq_x0.5,sig_dynamic_phase:config,0,0.0,,0.7863247863247863,,,,,,,
737,approach,cmq_x0.5,sig_dynamic_phase:gear,0,0.0,,0.3418803418803419,,,,,,,
737,approach,cmq_x0.5,sig_dynamic_phase:final,1,0.07692307692307693,1.0,0.6111111111111112,,,,,,,
737,approach,cmq_x0.5,sig_dynamic_phase_any,3,0.23076923076923078,1.0,0.5,,,,,,,
737,approach,cmq_x0.5,sig_dynamic_phase_max,3,0.23076923076923078,1.0,0.9145299145299145,,,,,,,
737,approach,inertia_x1.6,det_whole,20,0.9090909090909091,1.0,,1.0,0.15000000000000002,2.0,,,,
737,approach,inertia_x1.6,sig_dynamic_whole,12,0.5454545454545454,1.0,,0.5,0.375,2.0,0.6,,,
737,approach,inertia_x1.6,sig_static_whole,0,0.0,,,0.0,0.35,2.0,0.0,,,
737,approach,inertia_x1.6,envelope_whole,4,0.18181818181818182,1.0,,0.5,0.7999999999999999,2.0,,,,
737,approach,inertia_x1.6,ks_whole,2,0.09090909090909091,1.0,,0.0,0.55,2.0,,,,
737,approach,inertia_x1.6,det_win30,21,0.9545454545454546,1.0,,1.0,0.2,2.0,,,,
737,approach,inertia_x1.6,sig_dynamic_win30,12,0.5454545454545454,1.0,,1.0,0.625,2.0,,,,
737,approach,inertia_x1.6,det_win120,20,0.9090909090909091,1.0,,1.0,0.2,2.0,,,,
737,approach,inertia_x1.6,sig_dynamic_win120,12,0.5454545454545454,1.0,,0.5,0.55,2.0,,,,
737,approach,inertia_x1.6,det_phase:settle,15,0.6818181818181818,1.0,,1.0,0.625,2.0,,,,
737,approach,inertia_x1.6,det_phase:descend,2,0.09090909090909091,1.0,,0.5,0.75,2.0,,0.0,2.0,
737,approach,inertia_x1.6,det_phase:config,4,0.18181818181818182,1.0,,0.0,0.725,2.0,,0.25,4.0,
737,approach,inertia_x1.6,det_phase:gear,0,0.0,,,0.0,0.75,2.0,,,0.0,
737,approach,inertia_x1.6,det_phase:final,3,0.13636363636363635,1.0,,0.5,0.65,2.0,,0.0,3.0,
737,approach,inertia_x1.6,det_phase_any,17,0.7727272727272727,1.0,,1.0,0.5,2.0,,,,
737,approach,inertia_x1.6,det_phase_max,12,0.5454545454545454,1.0,,1.0,0.6,2.0,,,,
737,approach,inertia_x1.6,sig_dynamic_phase:settle,4,0.18181818181818182,1.0,,0.0,0.65,2.0,,,,
737,approach,inertia_x1.6,sig_dynamic_phase:descend,2,0.09090909090909091,1.0,,0.0,0.625,2.0,,,,
737,approach,inertia_x1.6,sig_dynamic_phase:config,6,0.2727272727272727,1.0,,1.0,0.95,2.0,,,,
737,approach,inertia_x1.6,sig_dynamic_phase:gear,0,0.0,,,0.0,0.575,2.0,,,,
737,approach,inertia_x1.6,sig_dynamic_phase:final,2,0.09090909090909091,1.0,,0.0,0.47500000000000003,2.0,,,,
737,approach,inertia_x1.6,sig_dynamic_phase_any,11,0.5,1.0,,1.0,0.5,2.0,,,,
737,approach,inertia_x1.6,sig_dynamic_phase_max,8,0.36363636363636365,1.0,,0.5,0.775,2.0,,,,
737,approach,noop,det_whole,2,,,,,,,,,,0.09090909090909091
737,approach,noop,sig_dynamic_whole,0,,,,,,,0.0,,,0.0
737,approach,noop,sig_static_whole,0,,,,,,,0.0,,,0.0
737,approach,noop,envelope_whole,0,,,,,,,,,,0.0
737,approach,noop,ks_whole,2,,,,,,,,,,0.09090909090909091
737,approach,noop,det_win30,2,,,,,,,,,,0.09090909090909091
737,approach,noop,sig_dynamic_win30,0,,,,,,,,,,0.0
737,approach,noop,det_win120,3,,,,,,,,,,0.13636363636363635
737,approach,noop,sig_dynamic_win120,0,,,,,,,,,,0.0
737,approach,noop,det_phase:settle,0,,,,,,,,,,0.0
737,approach,noop,det_phase:descend,0,,,,,,,,,,0.0
737,approach,noop,det_phase:config,0,,,,,,,,,,0.0
737,approach,noop,det_phase:gear,0,,,,,,,,,,0.0
737,approach,noop,det_phase:final,0,,,,,,,,,,0.0
737,approach,noop,det_phase_any,0,,,,,,,,,,0.0
737,approach,noop,det_phase_max,1,,,,,,,,,,0.045454545454545456
737,approach,noop,sig_dynamic_phase:settle,0,,,,,,,,,,0.0
737,approach,noop,sig_dynamic_phase:descend,0,,,,,,,,,,0.0
737,approach,noop,sig_dynamic_phase:config,0,,,,,,,,,,0.0
737,approach,noop,sig_dynamic_phase:gear,0,,,,,,,,,,0.0
737,approach,noop,sig_dynamic_phase:final,0,,,,,,,,,,0.0
737,approach,noop,sig_dynamic_phase_any,0,,,,,,,,,,0.0
737,approach,noop,sig_dynamic_phase_max,1,,,,,,,,,,0.045454545454545456
ah1s,flight_test,inertia_x1.6,det_whole,3,0.13636363636363635,1.0,,0.0,0.0,1.0,,,,
ah1s,flight_test,inertia_x1.6,sig_dynamic_whole,3,0.13636363636363635,1.0,,0.0,0.2857142857142857,1.0,0.0,,,
ah1s,flight_test,inertia_x1.6,sig_static_whole,5,0.22727272727272727,1.0,,0.0,0.2857142857142857,1.0,0.0,,,
ah1s,flight_test,inertia_x1.6,envelope_whole,18,0.8181818181818182,1.0,,1.0,1.0,1.0,,,,
ah1s,flight_test,inertia_x1.6,ks_whole,8,0.36363636363636365,1.0,,0.0,0.1428571428571429,1.0,,,,
ah1s,flight_test,inertia_x1.6,det_win30,5,0.22727272727272727,1.0,,0.0,0.2857142857142857,1.0,,,,
ah1s,flight_test,inertia_x1.6,sig_dynamic_win30,8,0.36363636363636365,1.0,,0.0,0.04761904761904767,1.0,,,,
ah1s,flight_test,inertia_x1.6,det_win120,6,0.2727272727272727,1.0,,0.0,0.4285714285714286,1.0,,,,
ah1s,flight_test,inertia_x1.6,sig_dynamic_win120,5,0.22727272727272727,1.0,,0.0,0.33333333333333337,1.0,,,,
ah1s,flight_test,inertia_x1.6,det_phase:liftoff,1,0.045454545454545456,1.0,,0.0,0.0,1.0,,,,
ah1s,flight_test,inertia_x1.6,det_phase:hover,4,0.18181818181818182,1.0,,0.0,0.09523809523809523,1.0,,,,
ah1s,flight_test,inertia_x1.6,det_phase:accelerate,5,0.22727272727272727,1.0,,0.0,0.38095238095238093,1.0,,,,
ah1s,flight_test,inertia_x1.6,det_phase:climb,2,0.09090909090909091,1.0,,0.0,0.33333333333333337,1.0,,,0.0,
ah1s,flight_test,inertia_x1.6,det_phase:fast_cruise,3,0.13636363636363635,1.0,,0.0,0.5238095238095238,1.0,,,,
ah1s,flight_test,inertia_x1.6,det_phase:climb_8000,7,0.3181818181818182,1.0,,1.0,0.7619047619047619,1.0,,,,
ah1s,flight_test,inertia_x1.6,det_phase:descend_5000,10,0.45454545454545453,1.0,,1.0,0.7142857142857143,1.0,,,,
ah1s,flight_test,inertia_x1.6,det_phase:cruise,0,0.0,,,0.0,0.7142857142857143,1.0,,,,
ah1s,flight_test,inertia_x1.6,det_phase_any,14,0.6363636363636364,1.0,,1.0,0.5,1.0,,,,
ah1s,flight_test,inertia_x1.6,det_phase_max,13,0.5909090909090909,1.0,,1.0,0.9523809523809523,1.0,,,,
ah1s,flight_test,inertia_x1.6,sig_dynamic_phase:liftoff,2,0.09090909090909091,1.0,,0.0,0.04761904761904767,1.0,,,,
ah1s,flight_test,inertia_x1.6,sig_dynamic_phase:hover,0,0.0,,,0.0,0.09523809523809523,1.0,,,,
ah1s,flight_test,inertia_x1.6,sig_dynamic_phase:accelerate,0,0.0,,,0.0,0.19047619047619047,1.0,,,,
ah1s,flight_test,inertia_x1.6,sig_dynamic_phase:climb,3,0.13636363636363635,1.0,,0.0,0.7619047619047619,1.0,,,,
ah1s,flight_test,inertia_x1.6,sig_dynamic_phase:fast_cruise,2,0.09090909090909091,1.0,,0.0,0.23809523809523814,1.0,,,,
ah1s,flight_test,inertia_x1.6,sig_dynamic_phase:climb_8000,5,0.22727272727272727,1.0,,0.0,0.1428571428571429,1.0,,,,
ah1s,flight_test,inertia_x1.6,sig_dynamic_phase:descend_5000,4,0.18181818181818182,1.0,,1.0,0.47619047619047616,1.0,,,,
ah1s,flight_test,inertia_x1.6,sig_dynamic_phase:cruise,0,0.0,,,0.0,0.09523809523809523,1.0,,,,
ah1s,flight_test,inertia_x1.6,sig_dynamic_phase_any,11,0.5,1.0,,1.0,0.5,1.0,,,,
ah1s,flight_test,inertia_x1.6,sig_dynamic_phase_max,13,0.5909090909090909,1.0,,0.0,0.0,1.0,,,,
ah1s,flight_test,noop,det_whole,3,,,,,,,,,,0.13636363636363635
ah1s,flight_test,noop,sig_dynamic_whole,3,,,,,,,0.0,,,0.13636363636363635
ah1s,flight_test,noop,sig_static_whole,3,,,,,,,0.0,,,0.13636363636363635
ah1s,flight_test,noop,envelope_whole,12,,,,,,,,,,0.5454545454545454
ah1s,flight_test,noop,ks_whole,7,,,,,,,,,,0.3181818181818182
ah1s,flight_test,noop,det_win30,6,,,,,,,,,,0.2727272727272727
ah1s,flight_test,noop,sig_dynamic_win30,7,,,,,,,,,,0.3181818181818182
ah1s,flight_test,noop,det_win120,5,,,,,,,,,,0.22727272727272727
ah1s,flight_test,noop,sig_dynamic_win120,4,,,,,,,,,,0.18181818181818182
ah1s,flight_test,noop,det_phase:liftoff,0,,,,,,,,,,0.0
ah1s,flight_test,noop,det_phase:hover,4,,,,,,,,,,0.18181818181818182
ah1s,flight_test,noop,det_phase:accelerate,2,,,,,,,,,,0.09090909090909091
ah1s,flight_test,noop,det_phase:climb,0,,,,,,,,,,0.0
ah1s,flight_test,noop,det_phase:fast_cruise,2,,,,,,,,,,0.09090909090909091
ah1s,flight_test,noop,det_phase:climb_8000,0,,,,,,,,,,0.0
ah1s,flight_test,noop,det_phase:descend_5000,0,,,,,,,,,,0.0
ah1s,flight_test,noop,det_phase:cruise,0,,,,,,,,,,0.0
ah1s,flight_test,noop,det_phase_any,7,,,,,,,,,,0.3181818181818182
ah1s,flight_test,noop,det_phase_max,7,,,,,,,,,,0.3181818181818182
ah1s,flight_test,noop,sig_dynamic_phase:liftoff,1,,,,,,,,,,0.045454545454545456
ah1s,flight_test,noop,sig_dynamic_phase:hover,0,,,,,,,,,,0.0
ah1s,flight_test,noop,sig_dynamic_phase:accelerate,0,,,,,,,,,,0.0
ah1s,flight_test,noop,sig_dynamic_phase:climb,0,,,,,,,,,,0.0
ah1s,flight_test,noop,sig_dynamic_phase:fast_cruise,1,,,,,,,,,,0.045454545454545456
ah1s,flight_test,noop,sig_dynamic_phase:climb_8000,0,,,,,,,,,,0.0
ah1s,flight_test,noop,sig_dynamic_phase:descend_5000,0,,,,,,,,,,0.0
ah1s,flight_test,noop,sig_dynamic_phase:cruise,0,,,,,,,,,,0.0
ah1s,flight_test,noop,sig_dynamic_phase_any,2,,,,,,,,,,0.09090909090909091
ah1s,flight_test,noop,sig_dynamic_phase_max,6,,,,,,,,,,0.2727272727272727
c172x,climb_cruise_descend,clo_+0.1,det_whole,22,1.0,0.5909090909090909,0.7094017094017094,1.0,0.5972222222222221,4.0,,,,
c172x,climb_cruise_descend,clo_+0.1,sig_dynamic_whole,21,0.9230769230769231,0.5714285714285714,0.5555555555555556,0.75,0.2777777777777778,4.0,0.9545454545454546,,,
c172x,climb_cruise_descend,clo_+0.1,sig_static_whole,20,0.9230769230769231,0.6,0.5726495726495726,0.75,0.2222222222222222,4.0,0.9090909090909091,,,
c172x,climb_cruise_descend,clo_+0.1,envelope_whole,11,0.6153846153846154,0.7272727272727273,0.7264957264957265,0.75,0.8055555555555556,4.0,,,,
c172x,climb_cruise_descend,clo_+0.1,ks_whole,10,0.6923076923076923,0.9,0.8974358974358976,0.75,0.9027777777777778,4.0,,,,
c172x,climb_cruise_descend,clo_+0.1,det_win30,21,1.0,0.6190476190476191,0.5811965811965812,1.0,0.5138888888888888,4.0,,,,
c172x,climb_cruise_descend,clo_+0.1,sig_dynamic_win30,18,0.8461538461538461,0.6111111111111112,0.6923076923076923,0.75,0.875,4.0,,,,
c172x,climb_cruise_descend,clo_+0.1,det_win120,22,1.0,0.5909090909090909,0.6324786324786325,1.0,0.5416666666666667,4.0,,,,
c172x,climb_cruise_descend,clo_+0.1,sig_dynamic_win120,20,0.8461538461538461,0.55,0.6666666666666666,1.0,0.5972222222222222,4.0,,,,
c172x,climb_cruise_descend,clo_+0.1,det_phase:settle,22,1.0,0.5909090909090909,0.735042735042735,1.0,0.6527777777777778,4.0,,,,
c172x,climb_cruise_descend,clo_+0.1,det_phase:climb,21,1.0,0.6190476190476191,0.6495726495726496,1.0,0.5138888888888888,4.0,,0.6190476190476191,21.0,
c172x,climb_cruise_descend,clo_+0.1,det_phase:turn,19,0.8461538461538461,0.5789473684210527,0.45299145299145305,0.75,0.4583333333333333,4.0,,0.10526315789473684,19.0,
c172x,climb_cruise_descend,clo_+0.1,det_phase:cruise,14,0.6923076923076923,0.6428571428571429,0.6495726495726497,0.5,0.5416666666666666,4.0,,,,
c172x,climb_cruise_descend,clo_+0.1,det_phase:slow,11,0.6923076923076923,0.8181818181818182,0.8034188034188035,1.0,0.8055555555555556,4.0,,0.9090909090909091,11.0,
c172x,climb_cruise_descend,clo_+0.1,det_phase:descend,9,0.38461538461538464,0.5555555555555556,0.48717948717948717,0.5,0.45833333333333337,4.0,,1.0,9.0,
c172x,climb_cruise_descend,clo_+0.1,det_phase:turnback,8,0.5384615384615384,0.875,0.6153846153846154,0.5,0.7361111111111112,4.0,,0.125,8.0,
c172x,climb_cruise_descend,clo_+0.1,det_phase:level,7,0.38461538461538464,0.7142857142857143,0.5384615384615384,0.25,0.5833333333333333,4.0,,,,
c172x,climb_cruise_descend,clo_+0.1,det_phase_any,22,1.0,0.5909090909090909,0.5,1.0,0.5,4.0,,,,
c172x,climb_cruise_descend,clo_+0.1,det_phase_max,21,1.0,0.6190476190476191,0.5384615384615385,1.0,0.6111111111111112,4.0,,,,
c172x,climb_cruise_descend,clo_+0.1,sig_dynamic_phase:settle,19,0.7692307692307693,0.5263157894736842,0.4102564102564103,0.5,0.3194444444444444,4.0,,,,
c172x,climb_cruise_descend,clo_+0.1,sig_dynamic_phase:climb,12,0.6153846153846154,0.6666666666666666,0.7008547008547009,0.5,0.4305555555555556,4.0,,,,
c172x,climb_cruise_descend,clo_+0.1,sig_dynamic_phase:turn,9,0.3076923076923077,0.4444444444444444,0.38461538461538464,0.25,0.2638888888888889,4.0,,,,
c172x,climb_cruise_descend,clo_+0.1,sig_dynamic_phase:cruise,2,0.15384615384615385,1.0,0.5042735042735043,0.25,0.38888888888888895,4.0,,,,
c172x,climb_cruise_descend,clo_+0.1,sig_dynamic_phase:slow,11,0.6923076923076923,0.8181818181818182,0.8376068376068376,0.75,0.6527777777777778,4.0,,,,
c172x,climb_cruise_descend,clo_+0.1,sig_dynamic_phase:descend,3,0.23076923076923078,1.0,0.5299145299145299,0.0,0.41666666666666674,4.0,,,,
c172x,climb_cruise_descend,clo_+0.1,sig_dynamic_phase:turnback,9,0.38461538461538464,0.5555555555555556,0.5384615384615384,0.25,0.3194444444444445,4.0,,,,
c172x,climb_cruise_descend,clo_+0.1,sig_dynamic_phase:level,4,0.3076923076923077,1.0,0.5897435897435898,0.0,0.2916666666666667,4.0,,,,
c172x,climb_cruise_descend,clo_+0.1,sig_dynamic_phase_any,22,1.0,0.5909090909090909,0.5,1.0,0.5,4.0,,,,
c172x,climb_cruise_descend,clo_+0.1,sig_dynamic_phase_max,20,0.8461538461538461,0.55,0.5811965811965812,0.5,0.2777777777777778,4.0,,,,
c172x,climb_cruise_descend,cmalpha_x0.7,det_whole,21,1.0,0.6190476190476191,0.7350427350427351,1.0,0.40625,6.0,,,,
c172x,climb_cruise_descend,cmalpha_x0.7,sig_dynamic_whole,20,0.8461538461538461,0.55,0.6837606837606838,1.0,0.4895833333333333,6.0,0.9047619047619048,,,
c172x,climb_cruise_descend,cmalpha_x0.7,sig_static_whole,20,0.9230769230769231,0.6,0.7777777777777778,0.8333333333333334,0.4375,6.0,0.9047619047619048,,,
c172x,climb_cruise_descend,cmalpha_x0.7,envelope_whole,22,1.0,0.5909090909090909,0.38461538461538464,1.0,0.90625,6.0,,,,
c172x,climb_cruise_descend,cmalpha_x0.7,ks_whole,8,0.38461538461538464,0.625,0.4358974358974359,0.5,0.5208333333333333,6.0,,,,
c172x,climb_cruise_descend,cmalpha_x0.7,det_win30,20,1.0,0.65,0.6923076923076923,1.0,0.41666666666666663,6.0,,,,
c172x,climb_cruise_descend,cmalpha_x0.7,sig_dynamic_win30,16,0.7692307692307693,0.625,0.6923076923076924,0.8333333333333334,0.625,6.0,,,,
c172x,climb_cruise_descend,cmalpha_x0.7,det_win120,21,1.0,0.6190476190476191,0.717948717948718,1.0,0.40625,6.0,,,,
c172x,climb_cruise_descend,cmalpha_x0.7,sig_dynamic_win120,18,0.8461538461538461,0.6111111111111112,0.7521367521367521,1.0,0.59375,6.0,,,,
c172x,climb_cruise_descend,cmalpha_x0.7,det_phase:settle,19,0.8461538461538461,0.5789473684210527,0.8632478632478633,1.0,0.8958333333333334,6.0,,,,
c172x,climb_cruise_descend,cmalpha_x0.7,det_phase:climb,16,0.8461538461538461,0.6875,0.8034188034188035,1.0,0.6041666666666667,6.0,,0.5625,16.0,
c172x,climb_cruise_descend,cmalpha_x0.7,det_phase:turn,14,0.6923076923076923,0.6428571428571429,0.6324786324786325,0.5,0.29166666666666663,6.0,,0.14285714285714285,14.0,
c172x,climb_cruise_descend,cmalpha_x0.7,det_phase:cruise,11,0.7692307692307693,0.9090909090909091,0.8034188034188035,0.8333333333333334,0.6354166666666667,6.0,,,,
c172x,climb_cruise_descend,cmalpha_x0.7,det_phase:slow,9,0.6153846153846154,0.8888888888888888,0.717948717948718,0.8333333333333334,0.59375,6.0,,1.0,9.0,
c172x,climb_cruise_descend,cmalpha_x0.7,det_phase:descend,11,0.5384615384615384,0.6363636363636364,0.5897435897435898,0.3333333333333333,0.40625,6.0,,1.0,11.0,
c172x,climb_cruise_descend,cmalpha_x0.7,det_phase:turnback,8,0.5384615384615384,0.875,0.6837606837606838,0.5,0.65625,6.0,,0.0,8.0,
c172x,climb_cruise_descend,cmalpha_x0.7,det_phase:level,5,0.38461538461538464,1.0,0.8034188034188035,0.0,0.5833333333333334,6.0,,,,
c172x,climb_cruise_descend,cmalpha_x0.7,det_phase_any,22,1.0,0.5909090909090909,0.5,1.0,0.5,6.0,,,,
c172x,climb_cruise_descend,cmalpha_x0.7,det_phase_max,18,0.8461538461538461,0.6111111111111112,0.7521367521367522,1.0,0.6458333333333333,6.0,,,,
c172x,climb_cruise_descend,cmalpha_x0.7,sig_dynamic_phase:settle,17,0.6923076923076923,0.5294117647058824,0.36752136752136755,1.0,0.84375,6.0,,,,
c172x,climb_cruise_descend,cmalpha_x0.7,sig_dynamic_phase:climb,17,0.8461538461538461,0.6470588235294118,0.7863247863247864,1.0,0.65625,6.0,,,,
c172x,climb_cruise_descend,cmalpha_x0.7,sig_dynamic_phase:turn,10,0.5384615384615384,0.7,0.5811965811965812,0.6666666666666666,0.44791666666666663,6.0,,,,
c172x,climb_cruise_descend,cmalpha_x0.7,sig_dynamic_phase:cruise,2,0.15384615384615385,1.0,0.6153846153846153,0.16666666666666666,0.5104166666666667,6.0,,,,
c172x,climb_cruise_descend,cmalpha_x0.7,sig_dynamic_phase:slow,10,0.6923076923076923,0.9,0.8888888888888891,0.6666666666666666,0.5520833333333334,6.0,,,,
c172x,climb_cruise_descend,cmalpha_x0.7,sig_dynamic_phase:descend,6,0.46153846153846156,1.0,0.7777777777777779,0.16666666666666666,0.3125,6.0,,,,
c172x,climb_cruise_descend,cmalpha_x0.7,sig_dynamic_phase:turnback,10,0.38461538461538464,0.5,0.36752136752136755,0.16666666666666666,0.26041666666666663,6.0,,,,
c172x,climb_cruise_descend,cmalpha_x0.7,sig_dynamic_phase:level,9,0.46153846153846156,0.6666666666666666,0.6495726495726495,0.3333333333333333,0.3645833333333333,6.0,,,,
c172x,climb_cruise_descend,cmalpha_x0.7,sig_dynamic_phase_any,21,1.0,0.6190476190476191,0.5,1.0,0.5,6.0,,,,
c172x,climb_cruise_descend,cmalpha_x0.7,sig_dynamic_phase_max,19,0.8461538461538461,0.5789473684210527,0.47008547008547014,1.0,0.8229166666666666,6.0,,,,
c172x,climb_cruise_descend,cmq_x0.5,det_whole,11,0.5384615384615384,0.6363636363636364,0.7948717948717949,1.0,1.0,2.0,,,,
c172x,climb_cruise_descend,cmq_x0.5,sig_dynamic_whole,7,0.23076923076923078,0.42857142857142855,0.24786324786324787,0.5,0.7,2.0,0.36363636363636365,,,
c172x,climb_cruise_descend,cmq_x0.5,sig_static_whole,2,0.0,0.0,0.38461538461538464,0.0,0.5,2.0,0.09090909090909091,,,
c172x,climb_cruise_descend,cmq_x0.5,envelope_whole,13,0.46153846153846156,0.46153846153846156,0.3504273504273504,1.0,0.9,2.0,,,,
c172x,climb_cruise_descend,cmq_x0.5,ks_whole,0,0.0,,0.4786324786324786,0.0,0.39999999999999997,2.0,,,,
c172x,climb_cruise_descend,cmq_x0.5,det_win30,11,0.6923076923076923,0.8181818181818182,0.7777777777777778,1.0,1.0,2.0,,,,
c172x,climb_cruise_descend,cmq_x0.5,sig_dynamic_win30,0,0.0,,0.5897435897435898,0.0,0.8250000000000001,2.0,,,,
c172x,climb_cruise_descend,cmq_x0.5,det_win120,10,0.5384615384615384,0.7,0.8034188034188035,1.0,1.0,2.0,,,,
c172x,climb_cruise_descend,cmq_x0.5,sig_dynamic_win120,1,0.07692307692307693,1.0,0.6153846153846154,0.0,0.5,2.0,,,,
c172x,climb_cruise_descend,cmq_x0.5,det_phase:settle,17,0.6923076923076923,0.5294117647058824,0.5641025641025641,1.0,1.0,2.0,,,,
c172x,climb_cruise_descend,cmq_x0.5,det_phase:climb,7,0.38461538461538464,0.7142857142857143,0.6837606837606838,0.5,0.925,2.0,,0.14285714285714285,7.0,
c172x,climb_cruise_descend,cmq_x0.5,det_phase:turn,5,0.07692307692307693,0.2,0.4444444444444445,0.5,0.6,2.0,,0.8,5.0,
c172x,climb_cruise_descend,cmq_x0.5,det_phase:cruise,1,0.07692307692307693,1.0,0.5641025641025642,0.0,0.45,2.0,,,,
c172x,climb_cruise_descend,cmq_x0.5,det_phase:slow,1,0.07692307692307693,1.0,0.5897435897435898,0.5,0.8250000000000001,2.0,,0.0,1.0,
c172x,climb_cruise_descend,cmq_x0.5,det_phase:descend,1,0.07692307692307693,1.0,0.7094017094017095,0.5,0.7,2.0,,1.0,1.0,
c172x,climb_cruise_descend,cmq_x0.5,det_phase:turnback,4,0.3076923076923077,1.0,0.7692307692307693,0.5,0.8,2.0,,0.25,4.0,
c172x,climb_cruise_descend,cmq_x0.5,det_phase:level,0,0.0,,0.3418803418803419,0.0,0.525,2.0,,,,
c172x,climb_cruise_descend,cmq_x0.5,det_phase_any,20,0.9230769230769231,0.6,0.5,1.0,0.5,2.0,,,,
c172x,climb_cruise_descend,cmq_x0.5,det_phase_max,14,0.5384615384615384,0.5,0.5470085470085471,1.0,0.5,2.0,,,,
c172x,climb_cruise_descend,cmq_x0.5,sig_dynamic_phase:settle,15,0.6153846153846154,0.5333333333333333,0.3162393162393162,1.0,0.675,2.0,,,,
c172x,climb_cruise_descend,cmq_x0.5,sig_dynamic_phase:climb,3,0.07692307692307693,0.3333333333333333,0.27350427350427353,0.0,0.75,2.0,,,,
c172x,climb_cruise_descend,cmq_x0.5,sig_dynamic_phase:turn,1,0.0,0.0,0.4188034188034188,0.0,0.47500000000000003,2.0,,,,
c172x,climb_cruise_descend,cmq_x0.5,sig_dynamic_phase:cruise,1,0.0,0.0,0.5384615384615384,0.0,0.525,2.0,,,,
c172x,climb_cruise_descend,cmq_x0.5,sig_dynamic_phase:slow,1,0.07692307692307693,1.0,0.6068376068376069,0.5,1.0,2.0,,,,
c172x,climb_cruise_descend,cmq_x0.5,sig_dynamic_phase:descend,1,0.07692307692307693,1.0,0.4444444444444444,0.0,0.75,2.0,,,,
c172x,climb_cruise_descend,cmq_x0.5,sig_dynamic_phase:turnback,1,0.0,0.0,0.41025641025641024,0.0,0.825,2.0,,,,
c172x,climb_cruise_descend,cmq_x0.5,sig_dynamic_phase:level,3,0.23076923076923078,1.0,0.5555555555555556,0.0,0.625,2.0,,,,
c172x,climb_cruise_descend,cmq_x0.5,sig_dynamic_phase_any,17,0.7692307692307693,0.5882352941176471,0.5,1.0,0.5,2.0,,,,
c172x,climb_cruise_descend,cmq_x0.5,sig_dynamic_phase_max,16,0.6153846153846154,0.5,0.3418803418803419,1.0,0.525,2.0,,,,
c172x,climb_cruise_descend,inertia_x1.6,det_whole,11,0.5,1.0,,1.0,0.9294117647058824,5.0,,,,
c172x,climb_cruise_descend,inertia_x1.6,sig_dynamic_whole,7,0.3181818181818182,1.0,,0.6,0.8235294117647057,5.0,0.5454545454545454,,,
c172x,climb_cruise_descend,inertia_x1.6,sig_static_whole,2,0.09090909090909091,1.0,,0.2,0.788235294117647,5.0,0.18181818181818182,,,
c172x,climb_cruise_descend,inertia_x1.6,envelope_whole,16,0.7272727272727273,1.0,,1.0,0.9411764705882353,5.0,,,,
c172x,climb_cruise_descend,inertia_x1.6,ks_whole,0,0.0,,,0.0,0.49411764705882355,5.0,,,,
c172x,climb_cruise_descend,inertia_x1.6,det_win30,8,0.36363636363636365,1.0,,0.8,0.8823529411764706,5.0,,,,
c172x,climb_cruise_descend,inertia_x1.6,sig_dynamic_win30,2,0.09090909090909091,1.0,,0.2,0.5294117647058825,5.0,,,,
c172x,climb_cruise_descend,inertia_x1.6,det_win120,9,0.4090909090909091,1.0,,0.8,0.8941176470588235,5.0,,,,
c172x,climb_cruise_descend,inertia_x1.6,sig_dynamic_win120,1,0.045454545454545456,1.0,,0.0,0.5176470588235293,5.0,,,,
c172x,climb_cruise_descend,inertia_x1.6,det_phase:settle,17,0.7727272727272727,1.0,,1.0,0.9294117647058824,5.0,,,,
c172x,climb_cruise_descend,inertia_x1.6,det_phase:climb,5,0.22727272727272727,1.0,,0.2,0.38823529411764707,5.0,,0.2,5.0,
c172x,climb_cruise_descend,inertia_x1.6,det_phase:turn,5,0.22727272727272727,1.0,,0.6,0.8470588235294116,5.0,,0.6,5.0,
c172x,climb_cruise_descend,inertia_x1.6,det_phase:cruise,2,0.09090909090909091,1.0,,0.0,0.31764705882352945,5.0,,,,
c172x,climb_cruise_descend,inertia_x1.6,det_phase:slow,1,0.045454545454545456,1.0,,0.0,0.5411764705882353,5.0,,0.0,1.0,
c172x,climb_cruise_descend,inertia_x1.6,det_phase:descend,0,0.0,,,0.0,0.5058823529411764,5.0,,,0.0,
c172x,climb_cruise_descend,inertia_x1.6,det_phase:turnback,3,0.13636363636363635,1.0,,0.6,0.7176470588235294,5.0,,0.3333333333333333,3.0,
c172x,climb_cruise_descend,inertia_x1.6,det_phase:level,3,0.13636363636363635,1.0,,0.2,0.7058823529411765,5.0,,,,
c172x,climb_cruise_descend,inertia_x1.6,det_phase_any,17,0.7727272727272727,1.0,,1.0,0.5,5.0,,,,
c172x,climb_cruise_descend,inertia_x1.6,det_phase_max,14,0.6363636363636364,1.0,,1.0,0.8,5.0,,,,
c172x,climb_cruise_descend,inertia_x1.6,sig_dynamic_phase:settle,17,0.7727272727272727,1.0,,1.0,0.8352941176470589,5.0,,,,
c172x,climb_cruise_descend,inertia_x1.6,sig_dynamic_phase:climb,2,0.09090909090909091,1.0,,0.4,0.8117647058823529,5.0,,,,
c172x,climb_cruise_descend,inertia_x1.6,sig_dynamic_phase:turn,1,0.045454545454545456,1.0,,0.0,0.4235294117647059,5.0,,,,
c172x,climb_cruise_descend,inertia_x1.6,sig_dynamic_phase:cruise,0,0.0,,,0.0,0.44705882352941173,5.0,,,,
c172x,climb_cruise_descend,inertia_x1.6,sig_dynamic_phase:slow,1,0.045454545454545456,1.0,,0.2,0.7058823529411764,5.0,,,,
c172x,climb_cruise_descend,inertia_x1.6,sig_dynamic_phase:descend,0,0.0,,,0.0,0.6352941176470588,5.0,,,,
c172x,climb_cruise_descend,inertia_x1.6,sig_dynamic_phase:turnback,2,0.09090909090909091,1.0,,0.0,0.49411764705882355,5.0,,,,
c172x,climb_cruise_descend,inertia_x1.6,sig_dynamic_phase:level,1,0.045454545454545456,1.0,,0.0,0.6470588235294118,5.0,,,,
c172x,climb_cruise_descend,inertia_x1.6,sig_dynamic_phase_any,18,0.8181818181818182,1.0,,1.0,0.5,5.0,,,,
c172x,climb_cruise_descend,inertia_x1.6,sig_dynamic_phase_max,17,0.7727272727272727,1.0,,1.0,0.7529411764705882,5.0,,,,
c172x,climb_cruise_descend,noop,det_whole,0,,,,,,,,,,0.0
c172x,climb_cruise_descend,noop,sig_dynamic_whole,0,,,,,,,,,,0.0
c172x,climb_cruise_descend,noop,sig_static_whole,0,,,,,,,,,,0.0
c172x,climb_cruise_descend,noop,envelope_whole,2,,,,,,,,,,0.09090909090909091
c172x,climb_cruise_descend,noop,ks_whole,0,,,,,,,,,,0.0
c172x,climb_cruise_descend,noop,det_win30,0,,,,,,,,,,0.0
c172x,climb_cruise_descend,noop,sig_dynamic_win30,0,,,,,,,,,,0.0
c172x,climb_cruise_descend,noop,det_win120,0,,,,,,,,,,0.0
c172x,climb_cruise_descend,noop,sig_dynamic_win120,1,,,,,,,,,,0.045454545454545456
c172x,climb_cruise_descend,noop,det_phase:settle,0,,,,,,,,,,0.0
c172x,climb_cruise_descend,noop,det_phase:climb,1,,,,,,,,,,0.045454545454545456
c172x,climb_cruise_descend,noop,det_phase:turn,0,,,,,,,,,,0.0
c172x,climb_cruise_descend,noop,det_phase:cruise,0,,,,,,,,,,0.0
c172x,climb_cruise_descend,noop,det_phase:slow,1,,,,,,,,,,0.045454545454545456
c172x,climb_cruise_descend,noop,det_phase:descend,0,,,,,,,,,,0.0
c172x,climb_cruise_descend,noop,det_phase:turnback,1,,,,,,,,,,0.045454545454545456
c172x,climb_cruise_descend,noop,det_phase:level,3,,,,,,,,,,0.13636363636363635
c172x,climb_cruise_descend,noop,det_phase_any,5,,,,,,,,,,0.22727272727272727
c172x,climb_cruise_descend,noop,det_phase_max,0,,,,,,,,,,0.0
c172x,climb_cruise_descend,noop,sig_dynamic_phase:settle,1,,,,,,,,,,0.045454545454545456
c172x,climb_cruise_descend,noop,sig_dynamic_phase:climb,0,,,,,,,,,,0.0
c172x,climb_cruise_descend,noop,sig_dynamic_phase:turn,0,,,,,,,,,,0.0
c172x,climb_cruise_descend,noop,sig_dynamic_phase:cruise,0,,,,,,,,,,0.0
c172x,climb_cruise_descend,noop,sig_dynamic_phase:slow,0,,,,,,,,,,0.0
c172x,climb_cruise_descend,noop,sig_dynamic_phase:descend,0,,,,,,,,,,0.0
c172x,climb_cruise_descend,noop,sig_dynamic_phase:turnback,2,,,,,,,,,,0.09090909090909091
c172x,climb_cruise_descend,noop,sig_dynamic_phase:level,2,,,,,,,,,,0.09090909090909091
c172x,climb_cruise_descend,noop,sig_dynamic_phase_any,4,,,,,,,,,,0.18181818181818182
c172x,climb_cruise_descend,noop,sig_dynamic_phase_max,1,,,,,,,,,,0.045454545454545456
c172x,approach,clo_+0.1,det_whole,20,0.8461538461538461,0.55,0.5213675213675215,1.0,0.5,2.0,,,,
c172x,approach,clo_+0.1,sig_dynamic_whole,18,0.8461538461538461,0.6111111111111112,0.5897435897435898,0.5,0.35,2.0,0.8,,,
c172x,approach,clo_+0.1,sig_static_whole,22,1.0,0.5909090909090909,0.37606837606837606,1.0,0.22500000000000003,2.0,1.0,,,
c172x,approach,clo_+0.1,envelope_whole,3,0.23076923076923078,1.0,0.48717948717948717,1.0,1.0,2.0,,,,
c172x,approach,clo_+0.1,ks_whole,5,0.23076923076923078,0.6,0.3760683760683761,1.0,1.0,2.0,,,,
c172x,approach,clo_+0.1,det_win30,19,0.8461538461538461,0.5789473684210527,0.5042735042735043,1.0,0.475,2.0,,,,
c172x,approach,clo_+0.1,sig_dynamic_win30,14,0.6923076923076923,0.6428571428571429,0.6324786324786326,0.5,0.5,2.0,,,,
c172x,approach,clo_+0.1,det_win120,20,0.8461538461538461,0.55,0.5042735042735043,1.0,0.5,2.0,,,,
c172x,approach,clo_+0.1,sig_dynamic_win120,14,0.6153846153846154,0.5714285714285714,0.6153846153846154,0.5,0.675,2.0,,,,
c172x,approach,clo_+0.1,det_phase:settle,21,1.0,0.6190476190476191,0.2991452991452992,1.0,0.7,2.0,,,,
c172x,approach,clo_+0.1,det_phase:descend,15,0.7692307692307693,0.6666666666666666,0.7094017094017095,1.0,0.65,2.0,,1.0,15.0,
c172x,approach,clo_+0.1,det_phase:config,18,0.7692307692307693,0.5555555555555556,0.4615384615384616,1.0,0.325,2.0,,0.2222222222222222,18.0,
c172x,approach,clo_+0.1,det_phase:gear,19,0.7692307692307693,0.5263157894736842,0.37606837606837606,1.0,0.35,2.0,,0.0,19.0,
c172x,approach,clo_+0.1,det_phase:final,11,0.38461538461538464,0.45454545454545453,0.35042735042735046,1.0,0.5249999999999999,2.0,,0.9090909090909091,11.0,
c172x,approach,clo_+0.1,det_phase_any,22,1.0,0.5909090909090909,0.5,1.0,0.5,2.0,,,,
c172x,approach,clo_+0.1,det_phase_max,21,1.0,0.6190476190476191,0.38461538461538464,1.0,0.8,2.0,,,,
c172x,approach,clo_+0.1,sig_dynamic_phase:settle,8,0.38461538461538464,0.625,0.41025641025641024,1.0,1.0,2.0,,,,
c172x,approach,clo_+0.1,sig_dynamic_phase:descend,17,0.6153846153846154,0.47058823529411764,0.45299145299145305,0.5,0.45,2.0,,,,
c172x,approach,clo_+0.1,sig_dynamic_phase:config,14,0.6923076923076923,0.6428571428571429,0.6153846153846154,0.5,0.27499999999999997,2.0,,,,
c172x,approach,clo_+0.1,sig_dynamic_phase:gear,16,0.6153846153846154,0.5,0.5555555555555556,0.0,0.09999999999999998,2.0,,,,
c172x,approach,clo_+0.1,sig_dynamic_phase:final,9,0.46153846153846156,0.6666666666666666,0.5982905982905983,0.0,0.0,2.0,,,,
c172x,approach,clo_+0.1,sig_dynamic_phase_any,22,1.0,0.5909090909090909,0.5,1.0,0.5,2.0,,,,
c172x,approach,clo_+0.1,sig_dynamic_phase_max,16,0.8461538461538461,0.6875,0.6837606837606838,1.0,0.875,2.0,,,,
c172x,approach,cmalpha_x0.7,det_whole,18,0.8461538461538461,0.6111111111111112,0.5811965811965812,0.6666666666666666,0.30208333333333337,6.0,,,,
c172x,approach,cmalpha_x0.7,sig_dynamic_whole,22,1.0,0.5909090909090909,0.8205128205128206,1.0,0.47916666666666663,6.0,1.0,,,
c172x,approach,cmalpha_x0.7,sig_static_whole,21,0.9230769230769231,0.5714285714285714,0.7692307692307693,0.8333333333333334,0.33333333333333337,6.0,1.0,,,
c172x,approach,cmalpha_x0.7,envelope_whole,13,0.6153846153846154,0.6153846153846154,0.5042735042735043,1.0,0.9375,6.0,,,,
c172x,approach,cmalpha_x0.7,ks_whole,4,0.23076923076923078,0.75,0.5897435897435898,0.5,0.6666666666666666,6.0,,,,
c172x,approach,cmalpha_x0.7,det_win30,18,0.7692307692307693,0.5555555555555556,0.5128205128205128,0.8333333333333334,0.35416666666666663,6.0,,,,
c172x,approach,cmalpha_x0.7,sig_dynamic_win30,20,1.0,0.65,0.6752136752136753,1.0,0.53125,6.0,,,,
c172x,approach,cmalpha_x0.7,det_win120,18,0.7692307692307693,0.5555555555555556,0.5726495726495726,0.8333333333333334,0.34375,6.0,,,,
c172x,approach,cmalpha_x0.7,sig_dynamic_win120,17,0.9230769230769231,0.7058823529411765,0.8205128205128206,0.8333333333333334,0.5104166666666667,6.0,,,,
c172x,approach,cmalpha_x0.7,det_phase:settle,22,1.0,0.5909090909090909,0.20512820512820515,1.0,0.6145833333333334,6.0,,,,
c172x,approach,cmalpha_x0.7,det_phase:descend,14,0.6923076923076923,0.6428571428571429,0.5726495726495726,0.6666666666666666,0.35416666666666663,6.0,,0.8571428571428571,14.0,
c172x,approach,cmalpha_x0.7,det_phase:config,9,0.5384615384615384,0.7777777777777778,0.7350427350427351,0.0,0.23958333333333334,6.0,,0.2222222222222222,9.0,
c172x,approach,cmalpha_x0.7,det_phase:gear,10,0.5384615384615384,0.7,0.8205128205128205,0.3333333333333333,0.34374999999999994,6.0,,0.0,10.0,
c172x,approach,cmalpha_x0.7,det_phase:final,4,0.3076923076923077,1.0,0.8376068376068377,0.16666666666666666,0.5104166666666666,6.0,,1.0,4.0,
c172x,approach,cmalpha_x0.7,det_phase_any,22,1.0,0.5909090909090909,0.5,1.0,0.5,6.0,,,,
c172x,approach,cmalpha_x0.7,det_phase_max,18,1.0,0.7222222222222222,0.7435897435897436,1.0,0.5625,6.0,,,,
c172x,approach,cmalpha_x0.7,sig_dynamic_phase:settle,15,0.6153846153846154,0.5333333333333333,0.45299145299145305,1.0,0.7604166666666667,6.0,,,,
c172x,approach,cmalpha_x0.7,sig_dynamic_phase:descend,18,0.8461538461538461,0.6111111111111112,0.7008547008547008,1.0,0.5104166666666666,6.0,,,,
c172x,approach,cmalpha_x0.7,sig_dynamic_phase:config,14,0.9230769230769231,0.8571428571428571,0.8547008547008548,0.8333333333333334,0.46875,6.0,,,,
c172x,approach,cmalpha_x0.7,sig_dynamic_phase:gear,10,0.6923076923076923,0.9,0.8632478632478633,0.3333333333333333,0.39583333333333337,6.0,,,,
c172x,approach,cmalpha_x0.7,sig_dynamic_phase:final,4,0.23076923076923078,0.75,0.7435897435897436,0.0,0.375,6.0,,,,
c172x,approach,cmalpha_x0.7,sig_dynamic_phase_any,20,1.0,0.65,0.5,1.0,0.5,6.0,,,,
c172x,approach,cmalpha_x0.7,sig_dynamic_phase_max,20,1.0,0.65,0.5213675213675214,1.0,0.8125,6.0,,,,
c172x,approach,cmq_x0.5,det_whole,0,0.0,,0.6581196581196581,0.0,0.4,2.0,,,,
c172x,approach,cmq_x0.5,sig_dynamic_whole,2,0.15384615384615385,1.0,0.44444444444444453,0.0,0.7250000000000001,2.0,,,,
c172x,approach,cmq_x0.5,sig_static_whole,0,0.0,,0.5384615384615385,0.0,0.75,2.0,,,,
c172x,approach,cmq_x0.5,envelope_whole,2,0.15384615384615385,1.0,0.3931623931623932,0.0,0.75,2.0,,,,
c172x,approach,cmq_x0.5,ks_whole,1,0.0,0.0,0.3418803418803419,0.0,0.44999999999999996,2.0,,,,
c172x,approach,cmq_x0.5,det_win30,1,0.0,0.0,0.5555555555555556,0.0,0.5,2.0,,,,
c172x,approach,cmq_x0.5,sig_dynamic_win30,0,0.0,,0.4358974358974359,0.0,0.425,2.0,,,,
c172x,approach,cmq_x0.5,det_win120,1,0.0,0.0,0.5726495726495726,0.0,0.5,2.0,,,,
c172x,approach,cmq_x0.5,sig_dynamic_win120,1,0.07692307692307693,1.0,0.39316239316239315,0.5,0.625,2.0,,,,
c172x,approach,cmq_x0.5,det_phase:settle,7,0.38461538461538464,0.7142857142857143,0.6495726495726496,0.5,0.825,2.0,,,,
c172x,approach,cmq_x0.5,det_phase:descend,5,0.3076923076923077,0.8,0.5897435897435899,0.0,0.475,2.0,,1.0,5.0,
c172x,approach,cmq_x0.5,det_phase:config,1,0.07692307692307693,1.0,0.7777777777777778,0.0,0.8,2.0,,1.0,1.0,
c172x,approach,cmq_x0.5,det_phase:gear,0,0.0,,0.5384615384615384,0.0,0.775,2.0,,,0.0,
c172x,approach,cmq_x0.5,det_phase:final,0,0.0,,0.8290598290598291,0.0,0.2,2.0,,,0.0,
c172x,approach,cmq_x0.5,det_phase_any,12,0.6923076923076923,0.75,0.5,0.5,0.5,2.0,,,,
c172x,approach,cmq_x0.5,det_phase_max,6,0.38461538461538464,0.8333333333333334,0.8376068376068376,0.0,0.475,2.0,,,,
c172x,approach,cmq_x0.5,sig_dynamic_phase:settle,7,0.23076923076923078,0.42857142857142855,0.2991452991452992,0.0,0.65,2.0,,,,
c172x,approach,cmq_x0.5,sig_dynamic_phase:descend,3,0.23076923076923078,1.0,0.45299145299145305,0.0,0.3,2.0,,,,
c172x,approach,cmq_x0.5,sig_dynamic_phase:config,0,0.0,,0.49572649572649574,0.0,0.375,2.0,,,,
c172x,approach,cmq_x0.5,sig_dynamic_phase:gear,1,0.07692307692307693,1.0,0.5982905982905984,0.0,0.25,2.0,,,,
c172x,approach,cmq_x0.5,sig_dynamic_phase:final,6,0.23076923076923078,0.5,0.2991452991452992,0.5,0.55,2.0,,,,
c172x,approach,cmq_x0.5,sig_dynamic_phase_any,12,0.5384615384615384,0.5833333333333334,0.5,0.5,0.5,2.0,,,,
c172x,approach,cmq_x0.5,sig_dynamic_phase_max,5,0.15384615384615385,0.4,0.3076923076923077,0.0,0.7250000000000001,2.0,,,,
c172x,approach,inertia_x1.6,det_whole,5,0.22727272727272727,1.0,,0.5,0.6145833333333334,6.0,,,,
c172x,approach,inertia_x1.6,sig_dynamic_whole,0,0.0,,,0.0,0.6458333333333334,6.0,0.0,,,
c172x,approach,inertia_x1.6,sig_static_whole,0,0.0,,,0.0,0.5104166666666667,6.0,0.0,,,
c172x,approach,inertia_x1.6,envelope_whole,0,0.0,,,0.0,0.8020833333333334,6.0,,,,
c172x,approach,inertia_x1.6,ks_whole,1,0.045454545454545456,1.0,,0.0,0.5833333333333334,6.0,,,,
c172x,approach,inertia_x1.6,det_win30,5,0.22727272727272727,1.0,,0.5,0.6875,6.0,,,,
c172x,approach,inertia_x1.6,sig_dynamic_win30,2,0.09090909090909091,1.0,,0.0,0.5625,6.0,,,,
c172x,approach,inertia_x1.6,det_win120,5,0.22727272727272727,1.0,,0.5,0.6979166666666667,6.0,,,,
c172x,approach,inertia_x1.6,sig_dynamic_win120,0,0.0,,,0.0,0.65625,6.0,,,,
c172x,approach,inertia_x1.6,det_phase:settle,7,0.3181818181818182,1.0,,0.5,0.6458333333333334,6.0,,,,
c172x,approach,inertia_x1.6,det_phase:descend,3,0.13636363636363635,1.0,,0.0,0.3958333333333333,6.0,,1.0,3.0,
c172x,approach,inertia_x1.6,det_phase:config,1,0.045454545454545456,1.0,,0.0,0.11458333333333333,6.0,,1.0,1.0,
c172x,approach,inertia_x1.6,det_phase:gear,0,0.0,,,0.0,0.4375,6.0,,,0.0,
c172x,approach,inertia_x1.6,det_phase:final,0,0.0,,,0.0,0.14583333333333331,6.0,,,0.0,
c172x,approach,inertia_x1.6,det_phase_any,10,0.45454545454545453,1.0,,0.5,0.5,6.0,,,,
c172x,approach,inertia_x1.6,det_phase_max,7,0.3181818181818182,1.0,,0.5,0.5624999999999999,6.0,,,,
c172x,approach,inertia_x1.6,sig_dynamic_phase:settle,12,0.5454545454545454,1.0,,0.6666666666666666,0.8125,6.0,,,,
c172x,approach,inertia_x1.6,sig_dynamic_phase:descend,0,0.0,,,0.0,0.6458333333333334,6.0,,,,
c172x,approach,inertia_x1.6,sig_dynamic_phase:config,0,0.0,,,0.0,0.4166666666666667,6.0,,,,
c172x,approach,inertia_x1.6,sig_dynamic_phase:gear,0,0.0,,,0.0,0.4583333333333333,6.0,,,,
c172x,approach,inertia_x1.6,sig_dynamic_phase:final,0,0.0,,,0.0,0.8333333333333334,6.0,,,,
c172x,approach,inertia_x1.6,sig_dynamic_phase_any,12,0.5454545454545454,1.0,,0.6666666666666666,0.5,6.0,,,,
c172x,approach,inertia_x1.6,sig_dynamic_phase_max,11,0.5,1.0,,0.6666666666666666,0.75,6.0,,,,
c172x,approach,noop,det_whole,0,,,,,,,,,,0.0
c172x,approach,noop,sig_dynamic_whole,0,,,,,,,,,,0.0
c172x,approach,noop,sig_static_whole,0,,,,,,,,,,0.0
c172x,approach,noop,envelope_whole,0,,,,,,,,,,0.0
c172x,approach,noop,ks_whole,1,,,,,,,,,,0.045454545454545456
c172x,approach,noop,det_win30,0,,,,,,,,,,0.0
c172x,approach,noop,sig_dynamic_win30,0,,,,,,,,,,0.0
c172x,approach,noop,det_win120,0,,,,,,,,,,0.0
c172x,approach,noop,sig_dynamic_win120,0,,,,,,,,,,0.0
c172x,approach,noop,det_phase:settle,2,,,,,,,,,,0.09090909090909091
c172x,approach,noop,det_phase:descend,2,,,,,,,,,,0.09090909090909091
c172x,approach,noop,det_phase:config,0,,,,,,,,,,0.0
c172x,approach,noop,det_phase:gear,0,,,,,,,,,,0.0
c172x,approach,noop,det_phase:final,0,,,,,,,,,,0.0
c172x,approach,noop,det_phase_any,4,,,,,,,,,,0.18181818181818182
c172x,approach,noop,det_phase_max,2,,,,,,,,,,0.09090909090909091
c172x,approach,noop,sig_dynamic_phase:settle,0,,,,,,,,,,0.0
c172x,approach,noop,sig_dynamic_phase:descend,1,,,,,,,,,,0.045454545454545456
c172x,approach,noop,sig_dynamic_phase:config,0,,,,,,,,,,0.0
c172x,approach,noop,sig_dynamic_phase:gear,1,,,,,,,,,,0.045454545454545456
c172x,approach,noop,sig_dynamic_phase:final,4,,,,,,,,,,0.18181818181818182
c172x,approach,noop,sig_dynamic_phase_any,6,,,,,,,,,,0.2727272727272727
c172x,approach,noop,sig_dynamic_phase_max,1,,,,,,,,,,0.045454545454545456
c310,climb_cruise_descend,clo_+0.1,det_whole,19,0.8461538461538461,0.5789473684210527,0.7435897435897436,,,,,,,
c310,climb_cruise_descend,clo_+0.1,sig_dynamic_whole,17,0.7692307692307693,0.5882352941176471,0.5897435897435898,,,,0.8421052631578947,,,
c310,climb_cruise_descend,clo_+0.1,sig_static_whole,12,0.5384615384615384,0.5833333333333334,0.6495726495726496,,,,0.5789473684210527,,,
c310,climb_cruise_descend,clo_+0.1,envelope_whole,18,0.6923076923076923,0.5,0.5555555555555556,,,,,,,
c310,climb_cruise_descend,clo_+0.1,ks_whole,14,0.5384615384615384,0.5,0.45299145299145305,,,,,,,
c310,climb_cruise_descend,clo_+0.1,det_win30,19,0.8461538461538461,0.5789473684210527,0.6153846153846154,,,,,,,
c310,climb_cruise_descend,clo_+0.1,sig_dynamic_win30,16,0.6923076923076923,0.5625,0.41880341880341887,,,,,,,
c310,climb_cruise_descend,clo_+0.1,det_win120,19,0.8461538461538461,0.5789473684210527,0.6837606837606837,,,,,,,
c310,climb_cruise_descend,clo_+0.1,sig_dynamic_win120,14,0.5384615384615384,0.5,0.6153846153846154,,,,,,,
c310,climb_cruise_descend,clo_+0.1,det_phase:settle,18,0.8461538461538461,0.6111111111111112,0.7606837606837606,,,,,,,
c310,climb_cruise_descend,clo_+0.1,det_phase:climb,11,0.5384615384615384,0.6363636363636364,0.6324786324786325,,,,,0.7272727272727273,11.0,
c310,climb_cruise_descend,clo_+0.1,det_phase:turn,15,0.6153846153846154,0.5333333333333333,0.5555555555555556,,,,,0.26666666666666666,15.0,
c310,climb_cruise_descend,clo_+0.1,det_phase:cruise,10,0.46153846153846156,0.6,0.5470085470085471,,,,,,,
c310,climb_cruise_descend,clo_+0.1,det_phase:slow,8,0.46153846153846156,0.75,0.6666666666666667,,,,,1.0,8.0,
c310,climb_cruise_descend,clo_+0.1,det_phase:descend,6,0.38461538461538464,0.8333333333333334,0.6923076923076924,,,,,0.3333333333333333,6.0,
c310,climb_cruise_descend,clo_+0.1,det_phase:turnback,5,0.23076923076923078,0.6,0.4700854700854701,,,,,0.2,5.0,
c310,climb_cruise_descend,clo_+0.1,det_phase:level,1,0.07692307692307693,1.0,0.5042735042735043,,,,,,,
c310,climb_cruise_descend,clo_+0.1,det_phase_any,20,0.8461538461538461,0.55,0.5,,,,,,,
c310,climb_cruise_descend,clo_+0.1,det_phase_max,20,0.8461538461538461,0.55,0.5982905982905984,,,,,,,
c310,climb_cruise_descend,clo_+0.1,sig_dynamic_phase:settle,16,0.6153846153846154,0.5,0.358974358974359,,,,,,,
c310,climb_cruise_descend,clo_+0.1,sig_dynamic_phase:climb,8,0.23076923076923078,0.375,0.17094017094017094,,,,,,,
c310,climb_cruise_descend,clo_+0.1,sig_dynamic_phase:turn,8,0.23076923076923078,0.375,0.3760683760683761,,,,,,,
c310,climb_cruise_descend,clo_+0.1,sig_dynamic_phase:cruise,2,0.07692307692307693,0.5,0.6111111111111112,,,,,,,
c310,climb_cruise_descend,clo_+0.1,sig_dynamic_phase:slow,7,0.23076923076923078,0.42857142857142855,0.49572649572649574,,,,,,,
c310,climb_cruise_descend,clo_+0.1,sig_dynamic_phase:descend,5,0.3076923076923077,0.8,0.5555555555555556,,,,,,,
c310,climb_cruise_descend,clo_+0.1,sig_dynamic_phase:turnback,3,0.23076923076923078,1.0,0.5384615384615385,,,,,,,
c310,climb_cruise_descend,clo_+0.1,sig_dynamic_phase:level,1,0.07692307692307693,1.0,0.36752136752136755,,,,,,,
c310,climb_cruise_descend,clo_+0.1,sig_dynamic_phase_any,20,0.8461538461538461,0.55,0.5,,,,,,,
c310,climb_cruise_descend,clo_+0.1,sig_dynamic_phase_max,14,0.5384615384615384,0.5,0.46153846153846156,,,,,,,
c310,climb_cruise_descend,cmalpha_x0.7,det_whole,21,1.0,0.6190476190476191,0.9316239316239318,1.0,0.8947368421052632,3.0,,,,
c310,climb_cruise_descend,cmalpha_x0.7,sig_dynamic_whole,20,0.8461538461538461,0.55,0.8034188034188035,0.3333333333333333,0.6842105263157895,3.0,0.9047619047619048,,,
c310,climb_cruise_descend,cmalpha_x0.7,sig_static_whole,11,0.46153846153846156,0.5454545454545454,0.641025641025641,0.0,0.3508771929824562,3.0,0.47619047619047616,,,
c310,climb_cruise_descend,cmalpha_x0.7,envelope_whole,22,1.0,0.5909090909090909,0.6410256410256411,1.0,0.5438596491228069,3.0,,,,
c310,climb_cruise_descend,cmalpha_x0.7,ks_whole,7,0.15384615384615385,0.2857142857142857,0.5213675213675213,0.3333333333333333,0.3333333333333333,3.0,,,,
c310,climb_cruise_descend,cmalpha_x0.7,det_win30,20,0.9230769230769231,0.6,0.9401709401709402,1.0,0.8947368421052632,3.0,,,,
c310,climb_cruise_descend,cmalpha_x0.7,sig_dynamic_win30,15,0.7692307692307693,0.6666666666666666,0.5470085470085471,1.0,0.8596491228070176,3.0,,,,
c310,climb_cruise_descend,cmalpha_x0.7,det_win120,20,0.9230769230769231,0.6,0.9230769230769231,1.0,0.8947368421052632,3.0,,,,
c310,climb_cruise_descend,cmalpha_x0.7,sig_dynamic_win120,14,0.7692307692307693,0.7142857142857143,0.8376068376068376,1.0,1.0,3.0,,,,
c310,climb_cruise_descend,cmalpha_x0.7,det_phase:settle,14,0.7692307692307693,0.7142857142857143,0.905982905982906,0.3333333333333333,0.47368421052631576,3.0,,,,
c310,climb_cruise_descend,cmalpha_x0.7,det_phase:climb,11,0.6153846153846154,0.7272727272727273,0.7264957264957266,0.0,0.2631578947368421,3.0,,0.8181818181818182,11.0,
c310,climb_cruise_descend,cmalpha_x0.7,det_phase:turn,10,0.46153846153846156,0.6,0.6324786324786325,0.0,0.42105263157894735,3.0,,0.1,10.0,
c310,climb_cruise_descend,cmalpha_x0.7,det_phase:cruise,8,0.3076923076923077,0.5,0.4017094017094018,0.0,0.1228070175438597,3.0,,,,
c310,climb_cruise_descend,cmalpha_x0.7,det_phase:slow,13,0.6923076923076923,0.6923076923076923,0.7692307692307693,0.6666666666666666,0.5087719298245614,3.0,,1.0,13.0,
c310,climb_cruise_descend,cmalpha_x0.7,det_phase:descend,11,0.6923076923076923,0.8181818181818182,0.7777777777777778,0.3333333333333333,0.4210526315789474,3.0,,0.9090909090909091,11.0,
c310,climb_cruise_descend,cmalpha_x0.7,det_phase:turnback,17,0.8461538461538461,0.6470588235294118,0.8205128205128205,1.0,0.8771929824561403,3.0,,0.0,17.0,
c310,climb_cruise_descend,cmalpha_x0.7,det_phase:level,14,0.6923076923076923,0.6428571428571429,0.7435897435897436,1.0,0.9473684210526316,3.0,,,,
c310,climb_cruise_descend,cmalpha_x0.7,det_phase_any,22,1.0,0.5909090909090909,0.5,1.0,0.5,3.0,,,,
c310,climb_cruise_descend,cmalpha_x0.7,det_phase_max,19,0.9230769230769231,0.631578947368421,0.6666666666666666,1.0,0.4210526315789474,3.0,,,,
c310,climb_cruise_descend,cmalpha_x0.7,sig_dynamic_phase:settle,10,0.5384615384615384,0.7,0.6581196581196582,1.0,0.5614035087719298,3.0,,,,
c310,climb_cruise_descend,cmalpha_x0.7,sig_dynamic_phase:climb,6,0.3076923076923077,0.6666666666666666,0.6239316239316239,0.0,0.22807017543859648,3.0,,,,
c310,climb_cruise_descend,cmalpha_x0.7,sig_dynamic_phase:turn,7,0.3076923076923077,0.5714285714285714,0.29059829059829057,0.0,0.42105263157894735,3.0,,,,
c310,climb_cruise_descend,cmalpha_x0.7,sig_dynamic_phase:cruise,3,0.23076923076923078,1.0,0.5683760683760684,0.0,0.6842105263157895,3.0,,,,
c310,climb_cruise_descend,cmalpha_x0.7,sig_dynamic_phase:slow,10,0.5384615384615384,0.7,0.6495726495726496,0.0,0.3157894736842105,3.0,,,,
c310,climb_cruise_descend,cmalpha_x0.7,sig_dynamic_phase:descend,6,0.46153846153846156,1.0,0.6923076923076924,0.0,0.12280701754385966,3.0,,,,
c310,climb_cruise_descend,cmalpha_x0.7,sig_dynamic_phase:turnback,11,0.46153846153846156,0.5454545454545454,0.5641025641025641,0.3333333333333333,0.5789473684210527,3.0,,,,
c310,climb_cruise_descend,cmalpha_x0.7,sig_dynamic_phase:level,2,0.15384615384615385,1.0,0.7606837606837606,0.0,0.6842105263157894,3.0,,,,
c310,climb_cruise_descend,cmalpha_x0.7,sig_dynamic_phase_any,20,0.9230769230769231,0.6,0.5,1.0,0.5,3.0,,,,
c310,climb_cruise_descend,cmalpha_x0.7,sig_dynamic_phase_max,9,0.38461538461538464,0.5555555555555556,0.6153846153846154,0.3333333333333333,0.49122807017543857,3.0,,,,
c310,climb_cruise_descend,cmq_x0.5,det_whole,12,0.46153846153846156,0.5,0.4188034188034188,,,,,,,
c310,climb_cruise_descend,cmq_x0.5,sig_dynamic_whole,3,0.15384615384615385,0.6666666666666666,0.38461538461538464,,,,0.25,,,
c310,climb_cruise_descend,cmq_x0.5,sig_static_whole,0,0.0,,0.264957264957265,,,,0.0,,,
c310,climb_cruise_descend,cmq_x0.5,envelope_whole,4,0.3076923076923077,1.0,0.4017094017094017,,,,,,,
c310,climb_cruise_descend,cmq_x0.5,ks_whole,2,0.07692307692307693,0.5,0.4444444444444445,,,,,,,
c310,climb_cruise_descend,cmq_x0.5,det_win30,11,0.38461538461538464,0.45454545454545453,0.4188034188034188,,,,,,,
c310,climb_cruise_descend,cmq_x0.5,sig_dynamic_win30,1,0.07692307692307693,1.0,0.5897435897435898,,,,,,,
c310,climb_cruise_descend,cmq_x0.5,det_win120,11,0.38461538461538464,0.45454545454545453,0.39316239316239315,,,,,,,
c310,climb_cruise_descend,cmq_x0.5,sig_dynamic_win120,1,0.07692307692307693,1.0,0.49572649572649563,,,,,,,
c310,climb_cruise_descend,cmq_x0.5,det_phase:settle,8,0.38461538461538464,0.625,0.6837606837606838,,,,,,,
c310,climb_cruise_descend,cmq_x0.5,det_phase:climb,1,0.07692307692307693,1.0,0.6923076923076924,,,,,1.0,1.0,
c310,climb_cruise_descend,cmq_x0.5,det_phase:turn,6,0.38461538461538464,0.8333333333333334,0.45299145299145305,,,,,0.5,6.0,
c310,climb_cruise_descend,cmq_x0.5,det_phase:cruise,0,0.0,,0.4444444444444445,,,,,,,
c310,climb_cruise_descend,cmq_x0.5,det_phase:slow,0,0.0,,0.5384615384615385,,,,,,0.0,
c310,climb_cruise_descend,cmq_x0.5,det_phase:descend,1,0.07692307692307693,1.0,0.47863247863247865,,,,,1.0,1.0,
c310,climb_cruise_descend,cmq_x0.5,det_phase:turnback,5,0.15384615384615385,0.4,0.45299145299145305,,,,,0.0,5.0,
c310,climb_cruise_descend,cmq_x0.5,det_phase:level,0,0.0,,0.23931623931623935,,,,,,,
c310,climb_cruise_descend,cmq_x0.5,det_phase_any,9,0.38461538461538464,0.5555555555555556,0.5,,,,,,,
c310,climb_cruise_descend,cmq_x0.5,det_phase_max,9,0.46153846153846156,0.6666666666666666,0.5726495726495726,,,,,,,
c310,climb_cruise_descend,cmq_x0.5,sig_dynamic_phase:settle,6,0.3076923076923077,0.6666666666666666,0.4273504273504274,,,,,,,
c310,climb_cruise_descend,cmq_x0.5,sig_dynamic_phase:climb,1,0.07692307692307693,1.0,0.47008547008547014,,,,,,,
c310,climb_cruise_descend,cmq_x0.5,sig_dynamic_phase:turn,2,0.07692307692307693,0.5,0.41880341880341887,,,,,,,
c310,climb_cruise_descend,cmq_x0.5,sig_dynamic_phase:cruise,0,0.0,,0.31196581196581197,,,,,,,
c310,climb_cruise_descend,cmq_x0.5,sig_dynamic_phase:slow,0,0.0,,0.6410256410256412,,,,,,,
c310,climb_cruise_descend,cmq_x0.5,sig_dynamic_phase:descend,1,0.07692307692307693,1.0,0.6239316239316239,,,,,,,
c310,climb_cruise_descend,cmq_x0.5,sig_dynamic_phase:turnback,3,0.07692307692307693,0.3333333333333333,0.3162393162393162,,,,,,,
c310,climb_cruise_descend,cmq_x0.5,sig_dynamic_phase:level,0,0.0,,0.2564102564102565,,,,,,,
c310,climb_cruise_descend,cmq_x0.5,sig_dynamic_phase_any,11,0.46153846153846156,0.5454545454545454,0.5,,,,,,,
c310,climb_cruise_descend,cmq_x0.5,sig_dynamic_phase_max,5,0.23076923076923078,0.6,0.4017094017094017,,,,,,,
c310,climb_cruise_descend,inertia_x1.6,det_whole,4,0.18181818181818182,1.0,,,,,,,,
c310,climb_cruise_descend,inertia_x1.6,sig_dynamic_whole,0,0.0,,,,,,0.0,,,
c310,climb_cruise_descend,inertia_x1.6,sig_static_whole,0,0.0,,,,,,0.0,,,
c310,climb_cruise_descend,inertia_x1.6,envelope_whole,0,0.0,,,,,,,,,
c310,climb_cruise_descend,inertia_x1.6,ks_whole,0,0.0,,,,,,,,,
c310,climb_cruise_descend,inertia_x1.6,det_win30,1,0.045454545454545456,1.0,,,,,,,,
c310,climb_cruise_descend,inertia_x1.6,sig_dynamic_win30,0,0.0,,,,,,,,,
c310,climb_cruise_descend,inertia_x1.6,det_win120,1,0.045454545454545456,1.0,,,,,,,,
c310,climb_cruise_descend,inertia_x1.6,sig_dynamic_win120,0,0.0,,,,,,,,,
c310,climb_cruise_descend,inertia_x1.6,det_phase:settle,0,0.0,,,,,,,,,
c310,climb_cruise_descend,inertia_x1.6,det_phase:climb,1,0.045454545454545456,1.0,,,,,,0.0,1.0,
c310,climb_cruise_descend,inertia_x1.6,det_phase:turn,3,0.13636363636363635,1.0,,,,,,0.0,3.0,
c310,climb_cruise_descend,inertia_x1.6,det_phase:cruise,0,0.0,,,,,,,,,
c310,climb_cruise_descend,inertia_x1.6,det_phase:slow,0,0.0,,,,,,,,0.0,
c310,climb_cruise_descend,inertia_x1.6,det_phase:descend,0,0.0,,,,,,,,0.0,
c310,climb_cruise_descend,inertia_x1.6,det_phase:turnback,1,0.045454545454545456,1.0,,,,,,0.0,1.0,
c310,climb_cruise_descend,inertia_x1.6,det_phase:level,0,0.0,,,,,,,,,
c310,climb_cruise_descend,inertia_x1.6,det_phase_any,4,0.18181818181818182,1.0,,,,,,,,
c310,climb_cruise_descend,inertia_x1.6,det_phase_max,3,0.13636363636363635,1.0,,,,,,,,
c310,climb_cruise_descend,inertia_x1.6,sig_dynamic_phase:settle,1,0.045454545454545456,1.0,,,,,,,,
c310,climb_cruise_descend,inertia_x1.6,sig_dynamic_phase:climb,0,0.0,,,,,,,,,
c310,climb_cruise_descend,inertia_x1.6,sig_dynamic_phase:turn,0,0.0,,,,,,,,,
c310,climb_cruise_descend,inertia_x1.6,sig_dynamic_phase:cruise,0,0.0,,,,,,,,,
c310,climb_cruise_descend,inertia_x1.6,sig_dynamic_phase:slow,0,0.0,,,,,,,,,
c310,climb_cruise_descend,inertia_x1.6,sig_dynamic_phase:descend,0,0.0,,,,,,,,,
c310,climb_cruise_descend,inertia_x1.6,sig_dynamic_phase:turnback,0,0.0,,,,,,,,,
c310,climb_cruise_descend,inertia_x1.6,sig_dynamic_phase:level,0,0.0,,,,,,,,,
c310,climb_cruise_descend,inertia_x1.6,sig_dynamic_phase_any,1,0.045454545454545456,1.0,,,,,,,,
c310,climb_cruise_descend,inertia_x1.6,sig_dynamic_phase_max,1,0.045454545454545456,1.0,,,,,,,,
c310,climb_cruise_descend,noop,det_whole,0,,,,,,,,,,0.0
c310,climb_cruise_descend,noop,sig_dynamic_whole,0,,,,,,,,,,0.0
c310,climb_cruise_descend,noop,sig_static_whole,0,,,,,,,,,,0.0
c310,climb_cruise_descend,noop,envelope_whole,0,,,,,,,,,,0.0
c310,climb_cruise_descend,noop,ks_whole,1,,,,,,,,,,0.045454545454545456
c310,climb_cruise_descend,noop,det_win30,0,,,,,,,,,,0.0
c310,climb_cruise_descend,noop,sig_dynamic_win30,0,,,,,,,,,,0.0
c310,climb_cruise_descend,noop,det_win120,0,,,,,,,,,,0.0
c310,climb_cruise_descend,noop,sig_dynamic_win120,0,,,,,,,,,,0.0
c310,climb_cruise_descend,noop,det_phase:settle,1,,,,,,,,,,0.045454545454545456
c310,climb_cruise_descend,noop,det_phase:climb,0,,,,,,,,,,0.0
c310,climb_cruise_descend,noop,det_phase:turn,0,,,,,,,,,,0.0
c310,climb_cruise_descend,noop,det_phase:cruise,0,,,,,,,,,,0.0
c310,climb_cruise_descend,noop,det_phase:slow,0,,,,,,,,,,0.0
c310,climb_cruise_descend,noop,det_phase:descend,0,,,,,,,,,,0.0
c310,climb_cruise_descend,noop,det_phase:turnback,0,,,,,,,,,,0.0
c310,climb_cruise_descend,noop,det_phase:level,0,,,,,,,,,,0.0
c310,climb_cruise_descend,noop,det_phase_any,1,,,,,,,,,,0.045454545454545456
c310,climb_cruise_descend,noop,det_phase_max,1,,,,,,,,,,0.045454545454545456
c310,climb_cruise_descend,noop,sig_dynamic_phase:settle,1,,,,,,,,,,0.045454545454545456
c310,climb_cruise_descend,noop,sig_dynamic_phase:climb,0,,,,,,,,,,0.0
c310,climb_cruise_descend,noop,sig_dynamic_phase:turn,0,,,,,,,,,,0.0
c310,climb_cruise_descend,noop,sig_dynamic_phase:cruise,0,,,,,,,,,,0.0
c310,climb_cruise_descend,noop,sig_dynamic_phase:slow,0,,,,,,,,,,0.0
c310,climb_cruise_descend,noop,sig_dynamic_phase:descend,0,,,,,,,,,,0.0
c310,climb_cruise_descend,noop,sig_dynamic_phase:turnback,1,,,,,,,,,,0.045454545454545456
c310,climb_cruise_descend,noop,sig_dynamic_phase:level,0,,,,,,,,,,0.0
c310,climb_cruise_descend,noop,sig_dynamic_phase_any,2,,,,,,,,,,0.09090909090909091
c310,climb_cruise_descend,noop,sig_dynamic_phase_max,0,,,,,,,,,,0.0
c310,approach,clo_+0.1,det_whole,15,0.7692307692307693,0.6666666666666666,0.7008547008547008,,,,,,,
c310,approach,clo_+0.1,sig_dynamic_whole,14,0.5384615384615384,0.5,0.4273504273504274,,,,0.6666666666666666,,,
c310,approach,clo_+0.1,sig_static_whole,14,0.5384615384615384,0.5,0.23931623931623935,,,,0.6666666666666666,,,
c310,approach,clo_+0.1,envelope_whole,17,0.6153846153846154,0.47058823529411764,0.5042735042735043,,,,,,,
c310,approach,clo_+0.1,ks_whole,13,0.46153846153846156,0.46153846153846156,0.2991452991452992,,,,,,,
c310,approach,clo_+0.1,det_win30,15,0.7692307692307693,0.6666666666666666,0.5555555555555556,,,,,,,
c310,approach,clo_+0.1,sig_dynamic_win30,11,0.38461538461538464,0.45454545454545453,0.36752136752136755,,,,,,,
c310,approach,clo_+0.1,det_win120,14,0.6923076923076923,0.6428571428571429,0.6239316239316239,,,,,,,
c310,approach,clo_+0.1,sig_dynamic_win120,14,0.5384615384615384,0.5,0.47008547008547014,,,,,,,
c310,approach,clo_+0.1,det_phase:settle,13,0.6153846153846154,0.6153846153846154,0.4871794871794872,,,,,,,
c310,approach,clo_+0.1,det_phase:descend,3,0.23076923076923078,1.0,0.6324786324786325,,,,,1.0,3.0,
c310,approach,clo_+0.1,det_phase:config,8,0.46153846153846156,0.75,0.5982905982905984,,,,,0.875,8.0,
c310,approach,clo_+0.1,det_phase:gear,10,0.5384615384615384,0.7,0.6153846153846154,,,,,0.0,10.0,
c310,approach,clo_+0.1,det_phase:final,9,0.6153846153846154,0.8888888888888888,0.8461538461538461,,,,,0.8888888888888888,9.0,
c310,approach,clo_+0.1,det_phase_any,19,0.8461538461538461,0.5789473684210527,0.5,,,,,,,
c310,approach,clo_+0.1,det_phase_max,14,0.6923076923076923,0.6428571428571429,0.6495726495726497,,,,,,,
c310,approach,clo_+0.1,sig_dynamic_phase:settle,15,0.5384615384615384,0.4666666666666667,0.45299145299145305,,,,,,,
c310,approach,clo_+0.1,sig_dynamic_phase:descend,18,0.9230769230769231,0.6666666666666666,0.7521367521367522,,,,,,,
c310,approach,clo_+0.1,sig_dynamic_phase:config,8,0.38461538461538464,0.625,0.4700854700854701,,,,,,,
c310,approach,clo_+0.1,sig_dynamic_phase:gear,5,0.15384615384615385,0.4,0.47008547008547014,,,,,,,
c310,approach,clo_+0.1,sig_dynamic_phase:final,10,0.3076923076923077,0.4,0.3247863247863248,,,,,,,
c310,approach,clo_+0.1,sig_dynamic_phase_any,22,1.0,0.5909090909090909,0.5,,,,,,,
c310,approach,clo_+0.1,sig_dynamic_phase_max,18,0.7692307692307693,0.5555555555555556,0.5213675213675214,,,,,,,
c310,approach,cmalpha_x0.7,det_whole,13,0.6923076923076923,0.6923076923076923,0.7264957264957265,,,,,,,
c310,approach,cmalpha_x0.7,sig_dynamic_whole,8,0.5384615384615384,0.875,0.6666666666666667,,,,0.5384615384615384,,,
c310,approach,cmalpha_x0.7,sig_static_whole,11,0.6153846153846154,0.7272727272727273,0.6410256410256411,,,,0.6153846153846154,,,
c310,approach,cmalpha_x0.7,envelope_whole,10,0.38461538461538464,0.5,0.5299145299145299,,,,,,,
c310,approach,cmalpha_x0.7,ks_whole,1,0.07692307692307693,1.0,0.717948717948718,,,,,,,
c310,approach,cmalpha_x0.7,det_win30,13,0.6923076923076923,0.6923076923076923,0.6581196581196581,,,,,,,
c310,approach,cmalpha_x0.7,sig_dynamic_win30,4,0.23076923076923078,0.75,0.6752136752136753,,,,,,,
c310,approach,cmalpha_x0.7,det_win120,13,0.6923076923076923,0.6923076923076923,0.6837606837606838,,,,,,,
c310,approach,cmalpha_x0.7,sig_dynamic_win120,8,0.5384615384615384,0.875,0.6495726495726495,,,,,,,
c310,approach,cmalpha_x0.7,det_phase:settle,8,0.46153846153846156,0.75,0.7948717948717948,,,,,,,
c310,approach,cmalpha_x0.7,det_phase:descend,6,0.23076923076923078,0.5,0.6068376068376068,,,,,1.0,6.0,
c310,approach,cmalpha_x0.7,det_phase:config,6,0.46153846153846156,1.0,0.5555555555555556,,,,,0.0,6.0,
c310,approach,cmalpha_x0.7,det_phase:gear,8,0.46153846153846156,0.75,0.6153846153846153,,,,,0.0,8.0,
c310,approach,cmalpha_x0.7,det_phase:final,9,0.46153846153846156,0.6666666666666666,0.7435897435897436,,,,,0.8888888888888888,9.0,
c310,approach,cmalpha_x0.7,det_phase_any,16,0.7692307692307693,0.625,0.5,,,,,,,
c310,approach,cmalpha_x0.7,det_phase_max,14,0.6923076923076923,0.6428571428571429,0.6410256410256411,,,,,,,
c310,approach,cmalpha_x0.7,sig_dynamic_phase:settle,4,0.3076923076923077,1.0,0.8632478632478633,,,,,,,
c310,approach,cmalpha_x0.7,sig_dynamic_phase:descend,8,0.46153846153846156,0.75,0.7350427350427351,,,,,,,
c310,approach,cmalpha_x0.7,sig_dynamic_phase:config,3,0.23076923076923078,1.0,0.5042735042735043,,,,,,,
c310,approach,cmalpha_x0.7,sig_dynamic_phase:gear,5,0.3076923076923077,0.8,0.7264957264957265,,,,,,,
c310,approach,cmalpha_x0.7,sig_dynamic_phase:final,12,0.6153846153846154,0.6666666666666666,0.7521367521367521,,,,,,,
c310,approach,cmalpha_x0.7,sig_dynamic_phase_any,16,0.8461538461538461,0.6875,0.5,,,,,,,
c310,approach,cmalpha_x0.7,sig_dynamic_phase_max,5,0.38461538461538464,1.0,0.8290598290598292,,,,,,,
c310,approach,cmq_x0.5,det_whole,6,0.38461538461538464,0.8333333333333334,0.5042735042735043,,,,,,,
c310,approach,cmq_x0.5,sig_dynamic_whole,0,0.0,,0.3076923076923077,,,,0.0,,,
c310,approach,cmq_x0.5,sig_static_whole,0,0.0,,0.23931623931623935,,,,0.0,,,
c310,approach,cmq_x0.5,envelope_whole,3,0.15384615384615385,0.6666666666666666,0.46153846153846156,,,,,,,
c310,approach,cmq_x0.5,ks_whole,1,0.07692307692307693,1.0,0.717948717948718,,,,,,,
c310,approach,cmq_x0.5,det_win30,5,0.3076923076923077,0.8,0.5726495726495726,,,,,,,
c310,approach,cmq_x0.5,sig_dynamic_win30,0,0.0,,0.6581196581196582,,,,,,,
c310,approach,cmq_x0.5,det_win120,5,0.3076923076923077,0.8,0.5470085470085471,,,,,,,
c310,approach,cmq_x0.5,sig_dynamic_win120,0,0.0,,0.3760683760683761,,,,,,,
c310,approach,cmq_x0.5,det_phase:settle,3,0.15384615384615385,0.6666666666666666,0.45299145299145305,,,,,,,
c310,approach,cmq_x0.5,det_phase:descend,1,0.07692307692307693,1.0,0.6324786324786325,,,,,0.0,1.0,
c310,approach,cmq_x0.5,det_phase:config,4,0.23076923076923078,0.75,0.3504273504273504,,,,,0.0,4.0,
c310,approach,cmq_x0.5,det_phase:gear,0,0.0,,0.22222222222222227,,,,,,0.0,
c310,approach,cmq_x0.5,det_phase:final,5,0.23076923076923078,0.6,0.6068376068376069,,,,,1.0,5.0,
c310,approach,cmq_x0.5,det_phase_any,9,0.38461538461538464,0.5555555555555556,0.5,,,,,,,
c310,approach,cmq_x0.5,det_phase_max,2,0.07692307692307693,0.5,0.27350427350427353,,,,,,,
c310,approach,cmq_x0.5,sig_dynamic_phase:settle,0,0.0,,0.6153846153846154,,,,,,,
c310,approach,cmq_x0.5,sig_dynamic_phase:descend,0,0.0,,0.48717948717948717,,,,,,,
c310,approach,cmq_x0.5,sig_dynamic_phase:config,0,0.0,,0.34188034188034194,,,,,,,
c310,approach,cmq_x0.5,sig_dynamic_phase:gear,1,0.0,0.0,0.29059829059829057,,,,,,,
c310,approach,cmq_x0.5,sig_dynamic_phase:final,2,0.0,0.0,0.2905982905982906,,,,,,,
c310,approach,cmq_x0.5,sig_dynamic_phase_any,2,0.0,0.0,0.5,,,,,,,
c310,approach,cmq_x0.5,sig_dynamic_phase_max,0,0.0,,0.47008547008547014,,,,,,,
c310,approach,inertia_x1.6,det_whole,0,0.0,,,,,,,,,
c310,approach,inertia_x1.6,sig_dynamic_whole,0,0.0,,,,,,,,,
c310,approach,inertia_x1.6,sig_static_whole,0,0.0,,,,,,,,,
c310,approach,inertia_x1.6,envelope_whole,0,0.0,,,,,,,,,
c310,approach,inertia_x1.6,ks_whole,0,0.0,,,,,,,,,
c310,approach,inertia_x1.6,det_win30,0,0.0,,,,,,,,,
c310,approach,inertia_x1.6,sig_dynamic_win30,0,0.0,,,,,,,,,
c310,approach,inertia_x1.6,det_win120,0,0.0,,,,,,,,,
c310,approach,inertia_x1.6,sig_dynamic_win120,0,0.0,,,,,,,,,
c310,approach,inertia_x1.6,det_phase:settle,0,0.0,,,,,,,,,
c310,approach,inertia_x1.6,det_phase:descend,0,0.0,,,,,,,,0.0,
c310,approach,inertia_x1.6,det_phase:config,0,0.0,,,,,,,,0.0,
c310,approach,inertia_x1.6,det_phase:gear,0,0.0,,,,,,,,0.0,
c310,approach,inertia_x1.6,det_phase:final,0,0.0,,,,,,,,0.0,
c310,approach,inertia_x1.6,det_phase_any,0,0.0,,,,,,,,,
c310,approach,inertia_x1.6,det_phase_max,0,0.0,,,,,,,,,
c310,approach,inertia_x1.6,sig_dynamic_phase:settle,0,0.0,,,,,,,,,
c310,approach,inertia_x1.6,sig_dynamic_phase:descend,0,0.0,,,,,,,,,
c310,approach,inertia_x1.6,sig_dynamic_phase:config,0,0.0,,,,,,,,,
c310,approach,inertia_x1.6,sig_dynamic_phase:gear,0,0.0,,,,,,,,,
c310,approach,inertia_x1.6,sig_dynamic_phase:final,1,0.045454545454545456,1.0,,,,,,,,
c310,approach,inertia_x1.6,sig_dynamic_phase_any,1,0.045454545454545456,1.0,,,,,,,,
c310,approach,inertia_x1.6,sig_dynamic_phase_max,0,0.0,,,,,,,,,
c310,approach,noop,det_whole,0,,,,,,,,,,0.0
c310,approach,noop,sig_dynamic_whole,0,,,,,,,,,,0.0
c310,approach,noop,sig_static_whole,0,,,,,,,,,,0.0
c310,approach,noop,envelope_whole,0,,,,,,,,,,0.0
c310,approach,noop,ks_whole,0,,,,,,,,,,0.0
c310,approach,noop,det_win30,0,,,,,,,,,,0.0
c310,approach,noop,sig_dynamic_win30,0,,,,,,,,,,0.0
c310,approach,noop,det_win120,0,,,,,,,,,,0.0
c310,approach,noop,sig_dynamic_win120,0,,,,,,,,,,0.0
c310,approach,noop,det_phase:settle,0,,,,,,,,,,0.0
c310,approach,noop,det_phase:descend,0,,,,,,,,,,0.0
c310,approach,noop,det_phase:config,0,,,,,,,,,,0.0
c310,approach,noop,det_phase:gear,0,,,,,,,,,,0.0
c310,approach,noop,det_phase:final,0,,,,,,,,,,0.0
c310,approach,noop,det_phase_any,0,,,,,,,,,,0.0
c310,approach,noop,det_phase_max,0,,,,,,,,,,0.0
c310,approach,noop,sig_dynamic_phase:settle,0,,,,,,,,,,0.0
c310,approach,noop,sig_dynamic_phase:descend,0,,,,,,,,,,0.0
c310,approach,noop,sig_dynamic_phase:config,0,,,,,,,,,,0.0
c310,approach,noop,sig_dynamic_phase:gear,0,,,,,,,,,,0.0
c310,approach,noop,sig_dynamic_phase:final,0,,,,,,,,,,0.0
c310,approach,noop,sig_dynamic_phase_any,0,,,,,,,,,,0.0
c310,approach,noop,sig_dynamic_phase_max,0,,,,,,,,,,0.0
global5000,climb_cruise_descend,clo_+0.1,det_whole,16,0.6153846153846154,0.5,0.6324786324786325,1.0,1.0,3.0,,,,
global5000,climb_cruise_descend,clo_+0.1,sig_dynamic_whole,18,0.7692307692307693,0.5555555555555556,0.7179487179487181,0.6666666666666666,0.6666666666666666,3.0,0.875,,,
global5000,climb_cruise_descend,clo_+0.1,sig_static_whole,16,0.5384615384615384,0.4375,0.5470085470085471,0.6666666666666666,0.6666666666666666,3.0,0.9375,,,
global5000,climb_cruise_descend,clo_+0.1,envelope_whole,17,0.6153846153846154,0.47058823529411764,0.358974358974359,1.0,1.0,3.0,,,,
global5000,climb_cruise_descend,clo_+0.1,ks_whole,9,0.38461538461538464,0.5555555555555556,0.4188034188034188,1.0,1.0,3.0,,,,
global5000,climb_cruise_descend,clo_+0.1,det_win30,16,0.6923076923076923,0.5625,0.6666666666666667,1.0,1.0,3.0,,,,
global5000,climb_cruise_descend,clo_+0.1,sig_dynamic_win30,16,0.6153846153846154,0.5,0.4358974358974359,0.6666666666666666,0.4385964912280702,3.0,,,,
global5000,climb_cruise_descend,clo_+0.1,det_win120,15,0.6153846153846154,0.5333333333333333,0.6581196581196581,1.0,1.0,3.0,,,,
global5000,climb_cruise_descend,clo_+0.1,sig_dynamic_win120,17,0.6923076923076923,0.5294117647058824,0.6410256410256411,0.6666666666666666,0.7017543859649122,3.0,,,,
global5000,climb_cruise_descend,clo_+0.1,det_phase:settle,17,0.6153846153846154,0.47058823529411764,0.5641025641025642,1.0,1.0,3.0,,,,
global5000,climb_cruise_descend,clo_+0.1,det_phase:climb,8,0.6153846153846154,1.0,0.8461538461538461,1.0,0.9649122807017544,3.0,,0.75,8.0,
global5000,climb_cruise_descend,clo_+0.1,det_phase:turn,11,0.6153846153846154,0.7272727272727273,0.8547008547008547,1.0,1.0,3.0,,0.0,10.0,
global5000,climb_cruise_descend,clo_+0.1,det_phase:cruise,14,0.6923076923076923,0.6428571428571429,0.9487179487179488,1.0,1.0,3.0,,,,
global5000,climb_cruise_descend,clo_+0.1,det_phase:slow,11,0.46153846153846156,0.5454545454545454,0.8461538461538461,1.0,1.0,3.0,,0.7,10.0,
global5000,climb_cruise_descend,clo_+0.1,det_phase:descend,11,0.6153846153846154,0.7272727272727273,1.0,1.0,1.0,3.0,,0.9090909090909091,11.0,
global5000,climb_cruise_descend,clo_+0.1,det_phase:turnback,11,0.38461538461538464,0.45454545454545453,0.5726495726495726,1.0,0.9473684210526315,3.0,,0.0,11.0,
global5000,climb_cruise_descend,clo_+0.1,det_phase:level,11,0.46153846153846156,0.5454545454545454,0.6837606837606837,1.0,1.0,3.0,,,,
global5000,climb_cruise_descend,clo_+0.1,det_phase_any,19,0.7692307692307693,0.5263157894736842,0.5,1.0,0.5,3.0,,,,
global5000,climb_cruise_descend,clo_+0.1,det_phase_max,17,0.6153846153846154,0.47058823529411764,0.5811965811965811,1.0,1.0,3.0,,,,
global5000,climb_cruise_descend,clo_+0.1,sig_dynamic_phase:settle,13,0.46153846153846156,0.46153846153846156,0.4102564102564103,0.3333333333333333,0.40350877192982454,3.0,,,,
global5000,climb_cruise_descend,clo_+0.1,sig_dynamic_phase:climb,14,0.5384615384615384,0.5,0.6837606837606838,0.3333333333333333,0.5263157894736842,3.0,,,,
global5000,climb_cruise_descend,clo_+0.1,sig_dynamic_phase:turn,11,0.5384615384615384,0.6363636363636364,0.5042735042735044,0.3333333333333333,0.28070175438596495,3.0,,,,
global5000,climb_cruise_descend,clo_+0.1,sig_dynamic_phase:cruise,5,0.23076923076923078,0.6,0.6239316239316239,0.3333333333333333,0.3684210526315789,3.0,,,,
global5000,climb_cruise_descend,clo_+0.1,sig_dynamic_phase:slow,9,0.3076923076923077,0.4444444444444444,0.6495726495726497,0.3333333333333333,0.5263157894736842,3.0,,,,
global5000,climb_cruise_descend,clo_+0.1,sig_dynamic_phase:descend,10,0.38461538461538464,0.5,0.3418803418803419,0.3333333333333333,0.3684210526315789,3.0,,,,
global5000,climb_cruise_descend,clo_+0.1,sig_dynamic_phase:turnback,12,0.6153846153846154,0.6666666666666666,0.7008547008547009,0.6666666666666666,0.6140350877192983,3.0,,,,
global5000,climb_cruise_descend,clo_+0.1,sig_dynamic_phase:level,3,0.23076923076923078,1.0,0.7393162393162394,0.3333333333333333,0.5263157894736842,3.0,,,,
global5000,climb_cruise_descend,clo_+0.1,sig_dynamic_phase_any,21,1.0,0.6190476190476191,0.5,1.0,0.5,3.0,,,,
global5000,climb_cruise_descend,clo_+0.1,sig_dynamic_phase_max,16,0.6153846153846154,0.5,0.3418803418803419,0.6666666666666666,0.4210526315789474,3.0,,,,
global5000,climb_cruise_descend,cmalpha_x0.7,det_whole,15,0.6153846153846154,0.5333333333333333,0.5897435897435898,,,,,,,
global5000,climb_cruise_descend,cmalpha_x0.7,sig_dynamic_whole,18,0.8461538461538461,0.6111111111111112,0.7863247863247863,,,,0.9333333333333333,,,
global5000,climb_cruise_descend,cmalpha_x0.7,sig_static_whole,13,0.5384615384615384,0.5384615384615384,0.6239316239316239,,,,0.8,,,
global5000,climb_cruise_descend,cmalpha_x0.7,envelope_whole,9,0.38461538461538464,0.5555555555555556,0.35897435897435903,,,,,,,
global5000,climb_cruise_descend,cmalpha_x0.7,ks_whole,3,0.07692307692307693,0.3333333333333333,0.1965811965811966,,,,,,,
global5000,climb_cruise_descend,cmalpha_x0.7,det_win30,15,0.6153846153846154,0.5333333333333333,0.5726495726495726,,,,,,,
global5000,climb_cruise_descend,cmalpha_x0.7,sig_dynamic_win30,15,0.6153846153846154,0.5333333333333333,0.5470085470085471,,,,,,,
global5000,climb_cruise_descend,cmalpha_x0.7,det_win120,14,0.6153846153846154,0.5714285714285714,0.5811965811965812,,,,,,,
global5000,climb_cruise_descend,cmalpha_x0.7,sig_dynamic_win120,16,0.6923076923076923,0.5625,0.7264957264957265,,,,,,,
global5000,climb_cruise_descend,cmalpha_x0.7,det_phase:settle,11,0.6153846153846154,0.7272727272727273,0.6068376068376069,,,,,,,
global5000,climb_cruise_descend,cmalpha_x0.7,det_phase:climb,7,0.5384615384615384,1.0,0.7948717948717949,,,,,0.7142857142857143,7.0,
global5000,climb_cruise_descend,cmalpha_x0.7,det_phase:turn,7,0.3076923076923077,0.5714285714285714,0.641025641025641,,,,,0.0,7.0,
global5000,climb_cruise_descend,cmalpha_x0.7,det_phase:cruise,11,0.5384615384615384,0.6363636363636364,0.8034188034188033,,,,,,,
global5000,climb_cruise_descend,cmalpha_x0.7,det_phase:slow,8,0.38461538461538464,0.625,0.8461538461538461,,,,,0.75,8.0,
global5000,climb_cruise_descend,cmalpha_x0.7,det_phase:descend,9,0.6153846153846154,0.8888888888888888,1.0,,,,,0.7777777777777778,9.0,
global5000,climb_cruise_descend,cmalpha_x0.7,det_phase:turnback,9,0.38461538461538464,0.5555555555555556,0.5897435897435898,,,,,0.0,9.0,
global5000,climb_cruise_descend,cmalpha_x0.7,det_phase:level,9,0.38461538461538464,0.5555555555555556,0.6068376068376069,,,,,,,
global5000,climb_cruise_descend,cmalpha_x0.7,det_phase_any,18,0.6923076923076923,0.5,0.5,,,,,,,
global5000,climb_cruise_descend,cmalpha_x0.7,det_phase_max,14,0.6153846153846154,0.5714285714285714,0.5213675213675214,,,,,,,
global5000,climb_cruise_descend,cmalpha_x0.7,sig_dynamic_phase:settle,10,0.6153846153846154,0.8,0.6153846153846154,,,,,,,
global5000,climb_cruise_descend,cmalpha_x0.7,sig_dynamic_phase:climb,11,0.3076923076923077,0.36363636363636365,0.6068376068376069,,,,,,,
global5000,climb_cruise_descend,cmalpha_x0.7,sig_dynamic_phase:turn,10,0.6153846153846154,0.8,0.6837606837606838,,,,,,,
global5000,climb_cruise_descend,cmalpha_x0.7,sig_dynamic_phase:cruise,5,0.3076923076923077,0.8,0.7692307692307693,,,,,,,
global5000,climb_cruise_descend,cmalpha_x0.7,sig_dynamic_phase:slow,12,0.5384615384615384,0.5833333333333334,0.7521367521367521,,,,,,,
global5000,climb_cruise_descend,cmalpha_x0.7,sig_dynamic_phase:descend,12,0.5384615384615384,0.5833333333333334,0.49572649572649574,,,,,,,
global5000,climb_cruise_descend,cmalpha_x0.7,sig_dynamic_phase:turnback,12,0.6923076923076923,0.75,0.7350427350427351,,,,,,,
global5000,climb_cruise_descend,cmalpha_x0.7,sig_dynamic_phase:level,3,0.23076923076923078,1.0,0.7991452991452992,,,,,,,
global5000,climb_cruise_descend,cmalpha_x0.7,sig_dynamic_phase_any,22,1.0,0.5909090909090909,0.5,,,,,,,
global5000,climb_cruise_descend,cmalpha_x0.7,sig_dynamic_phase_max,13,0.6153846153846154,0.6153846153846154,0.5641025641025641,,,,,,,
global5000,climb_cruise_descend,cmq_x0.5,det_whole,9,0.46153846153846156,0.6666666666666666,0.4273504273504274,,,,,,,
global5000,climb_cruise_descend,cmq_x0.5,sig_dynamic_whole,5,0.3076923076923077,0.8,0.6666666666666667,,,,0.5555555555555556,,,
global5000,climb_cruise_descend,cmq_x0.5,sig_static_whole,0,0.0,,0.42735042735042733,,,,0.0,,,
global5000,climb_cruise_descend,cmq_x0.5,envelope_whole,7,0.46153846153846156,0.8571428571428571,0.6410256410256411,,,,,,,
global5000,climb_cruise_descend,cmq_x0.5,ks_whole,1,0.07692307692307693,1.0,0.22222222222222227,,,,,,,
global5000,climb_cruise_descend,cmq_x0.5,det_win30,9,0.38461538461538464,0.5555555555555556,0.4358974358974359,,,,,,,
global5000,climb_cruise_descend,cmq_x0.5,sig_dynamic_win30,2,0.07692307692307693,0.5,0.7521367521367521,,,,,,,
global5000,climb_cruise_descend,cmq_x0.5,det_win120,8,0.38461538461538464,0.625,0.4358974358974359,,,,,,,
global5000,climb_cruise_descend,cmq_x0.5,sig_dynamic_win120,3,0.15384615384615385,0.6666666666666666,0.6068376068376068,,,,,,,
global5000,climb_cruise_descend,cmq_x0.5,det_phase:settle,8,0.6153846153846154,1.0,0.6153846153846154,,,,,,,
global5000,climb_cruise_descend,cmq_x0.5,det_phase:climb,5,0.38461538461538464,1.0,0.7692307692307693,,,,,0.4,5.0,
global5000,climb_cruise_descend,cmq_x0.5,det_phase:turn,0,0.0,,0.5811965811965812,,,,,,0.0,
global5000,climb_cruise_descend,cmq_x0.5,det_phase:cruise,5,0.07692307692307693,0.2,0.6495726495726497,,,,,,,
global5000,climb_cruise_descend,cmq_x0.5,det_phase:slow,0,0.0,,0.5384615384615384,,,,,,0.0,
global5000,climb_cruise_descend,cmq_x0.5,det_phase:descend,9,0.38461538461538464,0.5555555555555556,0.7863247863247864,,,,,0.7777777777777778,9.0,
global5000,climb_cruise_descend,cmq_x0.5,det_phase:turnback,2,0.07692307692307693,0.5,0.5213675213675213,,,,,0.0,2.0,
global5000,climb_cruise_descend,cmq_x0.5,det_phase:level,0,0.0,,0.30769230769230765,,,,,,,
global5000,climb_cruise_descend,cmq_x0.5,det_phase_any,20,0.8461538461538461,0.55,0.5,,,,,,,
global5000,climb_cruise_descend,cmq_x0.5,det_phase_max,12,0.5384615384615384,0.5833333333333334,0.4102564102564103,,,,,,,
global5000,climb_cruise_descend,cmq_x0.5,sig_dynamic_phase:settle,9,0.46153846153846156,0.6666666666666666,0.6068376068376069,,,,,,,
global5000,climb_cruise_descend,cmq_x0.5,sig_dynamic_phase:climb,5,0.15384615384615385,0.4,0.43589743589743596,,,,,,,
global5000,climb_cruise_descend,cmq_x0.5,sig_dynamic_phase:turn,4,0.23076923076923078,0.75,0.5726495726495727,,,,,,,
global5000,climb_cruise_descend,cmq_x0.5,sig_dynamic_phase:cruise,0,0.0,,0.5042735042735043,,,,,,,
global5000,climb_cruise_descend,cmq_x0.5,sig_dynamic_phase:slow,0,0.0,,0.6068376068376069,,,,,,,
global5000,climb_cruise_descend,cmq_x0.5,sig_dynamic_phase:descend,1,0.07692307692307693,1.0,0.3846153846153846,,,,,,,
global5000,climb_cruise_descend,cmq_x0.5,sig_dynamic_phase:turnback,3,0.07692307692307693,0.3333333333333333,0.5811965811965812,,,,,,,
global5000,climb_cruise_descend,cmq_x0.5,sig_dynamic_phase:level,0,0.0,,0.6282051282051283,,,,,,,
global5000,climb_cruise_descend,cmq_x0.5,sig_dynamic_phase_any,13,0.6923076923076923,0.6923076923076923,0.5,,,,,,,
global5000,climb_cruise_descend,cmq_x0.5,sig_dynamic_phase_max,8,0.46153846153846156,0.75,0.5641025641025641,,,,,,,
global5000,climb_cruise_descend,inertia_x1.6,det_whole,9,0.4090909090909091,1.0,,,,,,,,
global5000,climb_cruise_descend,inertia_x1.6,sig_dynamic_whole,8,0.36363636363636365,1.0,,,,,0.6666666666666666,,,
global5000,climb_cruise_descend,inertia_x1.6,sig_static_whole,0,0.0,,,,,,0.0,,,
global5000,climb_cruise_descend,inertia_x1.6,envelope_whole,1,0.045454545454545456,1.0,,,,,,,,
global5000,climb_cruise_descend,inertia_x1.6,ks_whole,0,0.0,,,,,,,,,
global5000,climb_cruise_descend,inertia_x1.6,det_win30,10,0.45454545454545453,1.0,,,,,,,,
global5000,climb_cruise_descend,inertia_x1.6,sig_dynamic_win30,1,0.045454545454545456,1.0,,,,,,,,
global5000,climb_cruise_descend,inertia_x1.6,det_win120,9,0.4090909090909091,1.0,,,,,,,,
global5000,climb_cruise_descend,inertia_x1.6,sig_dynamic_win120,2,0.09090909090909091,1.0,,,,,,,,
global5000,climb_cruise_descend,inertia_x1.6,det_phase:settle,16,0.7272727272727273,1.0,,,,,,,,
global5000,climb_cruise_descend,inertia_x1.6,det_phase:climb,5,0.22727272727272727,1.0,,,,,,0.6,5.0,
global5000,climb_cruise_descend,inertia_x1.6,det_phase:turn,1,0.045454545454545456,1.0,,,,,,0.0,1.0,
global5000,climb_cruise_descend,inertia_x1.6,det_phase:cruise,1,0.045454545454545456,1.0,,,,,,,,
global5000,climb_cruise_descend,inertia_x1.6,det_phase:slow,0,0.0,,,,,,,,0.0,
global5000,climb_cruise_descend,inertia_x1.6,det_phase:descend,8,0.36363636363636365,1.0,,,,,,1.0,8.0,
global5000,climb_cruise_descend,inertia_x1.6,det_phase:turnback,1,0.045454545454545456,1.0,,,,,,0.0,1.0,
global5000,climb_cruise_descend,inertia_x1.6,det_phase:level,0,0.0,,,,,,,,,
global5000,climb_cruise_descend,inertia_x1.6,det_phase_any,19,0.8636363636363636,1.0,,,,,,,,
global5000,climb_cruise_descend,inertia_x1.6,det_phase_max,12,0.5454545454545454,1.0,,,,,,,,
global5000,climb_cruise_descend,inertia_x1.6,sig_dynamic_phase:settle,10,0.45454545454545453,1.0,,,,,,,,
global5000,climb_cruise_descend,inertia_x1.6,sig_dynamic_phase:climb,2,0.09090909090909091,1.0,,,,,,,,
global5000,climb_cruise_descend,inertia_x1.6,sig_dynamic_phase:turn,3,0.13636363636363635,1.0,,,,,,,,
global5000,climb_cruise_descend,inertia_x1.6,sig_dynamic_phase:cruise,0,0.0,,,,,,,,,
global5000,climb_cruise_descend,inertia_x1.6,sig_dynamic_phase:slow,0,0.0,,,,,,,,,
global5000,climb_cruise_descend,inertia_x1.6,sig_dynamic_phase:descend,3,0.13636363636363635,1.0,,,,,,,,
global5000,climb_cruise_descend,inertia_x1.6,sig_dynamic_phase:turnback,6,0.2727272727272727,1.0,,,,,,,,
global5000,climb_cruise_descend,inertia_x1.6,sig_dynamic_phase:level,0,0.0,,,,,,,,,
global5000,climb_cruise_descend,inertia_x1.6,sig_dynamic_phase_any,15,0.6818181818181818,1.0,,,,,,,,
global5000,climb_cruise_descend,inertia_x1.6,sig_dynamic_phase_max,8,0.36363636363636365,1.0,,,,,,,,
global5000,climb_cruise_descend,noop,det_whole,0,,,,,,,,,,0.0
global5000,climb_cruise_descend,noop,sig_dynamic_whole,0,,,,,,,,,,0.0
global5000,climb_cruise_descend,noop,sig_static_whole,0,,,,,,,,,,0.0
global5000,climb_cruise_descend,noop,envelope_whole,0,,,,,,,,,,0.0
global5000,climb_cruise_descend,noop,ks_whole,0,,,,,,,,,,0.0
global5000,climb_cruise_descend,noop,det_win30,0,,,,,,,,,,0.0
global5000,climb_cruise_descend,noop,sig_dynamic_win30,0,,,,,,,,,,0.0
global5000,climb_cruise_descend,noop,det_win120,0,,,,,,,,,,0.0
global5000,climb_cruise_descend,noop,sig_dynamic_win120,0,,,,,,,,,,0.0
global5000,climb_cruise_descend,noop,det_phase:settle,0,,,,,,,,,,0.0
global5000,climb_cruise_descend,noop,det_phase:climb,0,,,,,,,,,,0.0
global5000,climb_cruise_descend,noop,det_phase:turn,0,,,,,,,,,,0.0
global5000,climb_cruise_descend,noop,det_phase:cruise,1,,,,,,,,,,0.045454545454545456
global5000,climb_cruise_descend,noop,det_phase:slow,0,,,,,,,,,,0.0
global5000,climb_cruise_descend,noop,det_phase:descend,3,,,,,,,,,,0.13636363636363635
global5000,climb_cruise_descend,noop,det_phase:turnback,1,,,,,,,,,,0.045454545454545456
global5000,climb_cruise_descend,noop,det_phase:level,0,,,,,,,,,,0.0
global5000,climb_cruise_descend,noop,det_phase_any,5,,,,,,,,,,0.22727272727272727
global5000,climb_cruise_descend,noop,det_phase_max,0,,,,,,,,,,0.0
global5000,climb_cruise_descend,noop,sig_dynamic_phase:settle,1,,,,,,,,,,0.045454545454545456
global5000,climb_cruise_descend,noop,sig_dynamic_phase:climb,0,,,,,,,,,,0.0
global5000,climb_cruise_descend,noop,sig_dynamic_phase:turn,3,,,,,,,,,,0.13636363636363635
global5000,climb_cruise_descend,noop,sig_dynamic_phase:cruise,0,,,,,,,,,,0.0
global5000,climb_cruise_descend,noop,sig_dynamic_phase:slow,0,,,,,,,,,,0.0
global5000,climb_cruise_descend,noop,sig_dynamic_phase:descend,1,,,,,,,,,,0.045454545454545456
global5000,climb_cruise_descend,noop,sig_dynamic_phase:turnback,3,,,,,,,,,,0.13636363636363635
global5000,climb_cruise_descend,noop,sig_dynamic_phase:level,0,,,,,,,,,,0.0
global5000,climb_cruise_descend,noop,sig_dynamic_phase_any,8,,,,,,,,,,0.36363636363636365
global5000,climb_cruise_descend,noop,sig_dynamic_phase_max,0,,,,,,,,,,0.0
global5000,approach,clo_+0.1,det_whole,20,1.0,0.65,0.8717948717948718,1.0,0.875,6.0,,,,
global5000,approach,clo_+0.1,sig_dynamic_whole,22,1.0,0.5909090909090909,0.7094017094017094,1.0,0.5104166666666666,6.0,1.0,,,
global5000,approach,clo_+0.1,sig_static_whole,18,0.6923076923076923,0.5,0.33333333333333337,0.6666666666666666,0.3958333333333333,6.0,0.8,,,
global5000,approach,clo_+0.1,envelope_whole,19,0.7692307692307693,0.5263157894736842,0.3504273504273504,1.0,0.8333333333333334,6.0,,,,
global5000,approach,clo_+0.1,ks_whole,16,0.6153846153846154,0.5,0.4444444444444445,0.8333333333333334,0.7291666666666666,6.0,,,,
global5000,approach,clo_+0.1,det_win30,21,1.0,0.6190476190476191,0.7777777777777778,1.0,0.8541666666666666,6.0,,,,
global5000,approach,clo_+0.1,sig_dynamic_win30,21,0.9230769230769231,0.5714285714285714,0.3418803418803419,0.8333333333333334,0.3958333333333333,6.0,,,,
global5000,approach,clo_+0.1,det_win120,21,1.0,0.6190476190476191,0.8205128205128205,1.0,0.875,6.0,,,,
global5000,approach,clo_+0.1,sig_dynamic_win120,22,1.0,0.5909090909090909,0.6153846153846154,1.0,0.46875,6.0,,,,
global5000,approach,clo_+0.1,det_phase:settle,14,0.6153846153846154,0.5714285714285714,0.4871794871794872,0.5,0.6458333333333333,6.0,,,,
global5000,approach,clo_+0.1,det_phase:descend,10,0.5384615384615384,0.7,0.8376068376068376,0.6666666666666666,0.8854166666666666,6.0,,0.6,10.0,
global5000,approach,clo_+0.1,det_phase:config,13,0.6153846153846154,0.6153846153846154,0.623931623931624,1.0,0.9895833333333334,6.0,,0.07692307692307693,13.0,
global5000,approach,clo_+0.1,det_phase:gear,9,0.38461538461538464,0.5555555555555556,0.4700854700854701,0.6666666666666666,0.8229166666666666,6.0,,0.0,9.0,
global5000,approach,clo_+0.1,det_phase:final,11,0.6153846153846154,0.7272727272727273,0.6752136752136753,0.6666666666666666,0.7916666666666666,6.0,,0.7272727272727273,11.0,
global5000,approach,clo_+0.1,det_phase_any,20,0.8461538461538461,0.55,0.5,1.0,0.5,6.0,,,,
global5000,approach,clo_+0.1,det_phase_max,19,0.7692307692307693,0.5263157894736842,0.5641025641025641,0.8333333333333334,0.6458333333333333,6.0,,,,
global5000,approach,clo_+0.1,sig_dynamic_phase:settle,10,0.38461538461538464,0.5,0.4786324786324787,0.16666666666666666,0.32291666666666663,6.0,,,,
global5000,approach,clo_+0.1,sig_dynamic_phase:descend,11,0.38461538461538464,0.45454545454545453,0.6324786324786325,0.3333333333333333,0.6041666666666667,6.0,,,,
global5000,approach,clo_+0.1,sig_dynamic_phase:config,8,0.15384615384615385,0.25,0.20512820512820515,0.3333333333333333,0.3125,6.0,,,,
global5000,approach,clo_+0.1,sig_dynamic_phase:gear,7,0.15384615384615385,0.2857142857142857,0.22222222222222224,0.16666666666666666,0.31249999999999994,6.0,,,,
global5000,approach,clo_+0.1,sig_dynamic_phase:final,9,0.38461538461538464,0.5555555555555556,0.5213675213675214,0.3333333333333333,0.5208333333333333,6.0,,,,
global5000,approach,clo_+0.1,sig_dynamic_phase_any,19,0.7692307692307693,0.5263157894736842,0.5,0.8333333333333334,0.5,6.0,,,,
global5000,approach,clo_+0.1,sig_dynamic_phase_max,17,0.6153846153846154,0.47058823529411764,0.2564102564102564,0.6666666666666666,0.4270833333333333,6.0,,,,
global5000,approach,cmalpha_x0.7,det_whole,21,1.0,0.6190476190476191,0.7606837606837608,1.0,0.6666666666666666,3.0,,,,
global5000,approach,cmalpha_x0.7,sig_dynamic_whole,22,1.0,0.5909090909090909,0.7777777777777778,1.0,0.7192982456140351,3.0,1.0,,,
global5000,approach,cmalpha_x0.7,sig_static_whole,20,0.8461538461538461,0.55,0.6239316239316239,1.0,0.8947368421052632,3.0,0.9047619047619048,,,
global5000,approach,cmalpha_x0.7,envelope_whole,16,0.5384615384615384,0.4375,0.1794871794871795,1.0,0.736842105263158,3.0,,,,
global5000,approach,cmalpha_x0.7,ks_whole,10,0.3076923076923077,0.4,0.28205128205128205,0.6666666666666666,0.5263157894736842,3.0,,,,
global5000,approach,cmalpha_x0.7,det_win30,21,1.0,0.6190476190476191,0.7094017094017094,1.0,0.6666666666666666,3.0,,,,
global5000,approach,cmalpha_x0.7,sig_dynamic_win30,22,1.0,0.5909090909090909,0.3076923076923077,1.0,0.2631578947368421,3.0,,,,
global5000,approach,cmalpha_x0.7,det_win120,21,1.0,0.6190476190476191,0.7094017094017094,1.0,0.6666666666666666,3.0,,,,
global5000,approach,cmalpha_x0.7,sig_dynamic_win120,22,1.0,0.5909090909090909,0.6153846153846154,1.0,0.5789473684210527,3.0,,,,
global5000,approach,cmalpha_x0.7,det_phase:settle,13,0.6153846153846154,0.6153846153846154,0.4871794871794872,0.0,0.3508771929824561,3.0,,,,
global5000,approach,cmalpha_x0.7,det_phase:descend,8,0.46153846153846156,0.75,0.7948717948717949,0.6666666666666666,0.7894736842105263,3.0,,0.75,8.0,
global5000,approach,cmalpha_x0.7,det_phase:config,5,0.23076923076923078,0.6,0.23076923076923078,0.0,0.052631578947368474,3.0,,0.0,5.0,
global5000,approach,cmalpha_x0.7,det_phase:gear,6,0.23076923076923078,0.5,0.2222222222222222,0.0,0.0,3.0,,0.0,6.0,
global5000,approach,cmalpha_x0.7,det_phase:final,10,0.3076923076923077,0.4,0.29059829059829057,0.0,0.0,3.0,,0.7,10.0,
global5000,approach,cmalpha_x0.7,det_phase_any,19,0.7692307692307693,0.5263157894736842,0.5,0.6666666666666666,0.5,3.0,,,,
global5000,approach,cmalpha_x0.7,det_phase_max,16,0.6153846153846154,0.5,0.3760683760683761,0.0,0.2456140350877193,3.0,,,,
global5000,approach,cmalpha_x0.7,sig_dynamic_phase:settle,9,0.46153846153846156,0.6666666666666666,0.6410256410256411,0.0,0.2368421052631579,3.0,,,,
global5000,approach,cmalpha_x0.7,sig_dynamic_phase:descend,9,0.38461538461538464,0.5555555555555556,0.5384615384615385,0.0,0.1754385964912281,3.0,,,,
global5000,approach,cmalpha_x0.7,sig_dynamic_phase:config,16,0.6923076923076923,0.5625,0.5726495726495726,1.0,0.7368421052631579,3.0,,,,
global5000,approach,cmalpha_x0.7,sig_dynamic_phase:gear,8,0.23076923076923078,0.375,0.3803418803418804,0.0,0.17543859649122806,3.0,,,,
global5000,approach,cmalpha_x0.7,sig_dynamic_phase:final,11,0.46153846153846156,0.5454545454545454,0.5299145299145299,0.0,0.10526315789473684,3.0,,,,
global5000,approach,cmalpha_x0.7,sig_dynamic_phase_any,20,0.8461538461538461,0.55,0.5,1.0,0.5,3.0,,,,
global5000,approach,cmalpha_x0.7,sig_dynamic_phase_max,16,0.7692307692307693,0.625,0.5641025641025641,1.0,0.6666666666666667,3.0,,,,
global5000,approach,cmq_x0.5,det_whole,17,0.9230769230769231,0.7058823529411765,0.7863247863247864,,,,,,,
global5000,approach,cmq_x0.5,sig_dynamic_whole,10,0.5384615384615384,0.7,0.7264957264957266,,,,0.47058823529411764,,,
global5000,approach,cmq_x0.5,sig_static_whole,3,0.15384615384615385,0.6666666666666666,0.5555555555555556,,,,0.11764705882352941,,,
global5000,approach,cmq_x0.5,envelope_whole,4,0.23076923076923078,0.75,0.6666666666666667,,,,,,,
global5000,approach,cmq_x0.5,ks_whole,1,0.07692307692307693,1.0,0.5128205128205128,,,,,,,
global5000,approach,cmq_x0.5,det_win30,18,0.9230769230769231,0.6666666666666666,0.7521367521367521,,,,,,,
global5000,approach,cmq_x0.5,sig_dynamic_win30,7,0.46153846153846156,0.8571428571428571,0.6923076923076923,,,,,,,
global5000,approach,cmq_x0.5,det_win120,17,0.8461538461538461,0.6470588235294118,0.7521367521367521,,,,,,,
global5000,approach,cmq_x0.5,sig_dynamic_win120,9,0.46153846153846156,0.6666666666666666,0.7094017094017095,,,,,,,
global5000,approach,cmq_x0.5,det_phase:settle,14,0.6153846153846154,0.5714285714285714,0.47863247863247865,,,,,,,
global5000,approach,cmq_x0.5,det_phase:descend,8,0.3076923076923077,0.5,0.7692307692307693,,,,,0.5,8.0,
global5000,approach,cmq_x0.5,det_phase:config,5,0.23076923076923078,0.6,0.4529914529914531,,,,,0.0,5.0,
global5000,approach,cmq_x0.5,det_phase:gear,4,0.3076923076923077,1.0,0.46153846153846156,,,,,0.0,4.0,
global5000,approach,cmq_x0.5,det_phase:final,11,0.46153846153846156,0.5454545454545454,0.3418803418803419,,,,,0.9090909090909091,11.0,
global5000,approach,cmq_x0.5,det_phase_any,16,0.6153846153846154,0.5,0.5,,,,,,,
global5000,approach,cmq_x0.5,det_phase_max,15,0.6153846153846154,0.5333333333333333,0.42735042735042733,,,,,,,
global5000,approach,cmq_x0.5,sig_dynamic_phase:settle,7,0.3076923076923077,0.5714285714285714,0.41025641025641035,,,,,,,
global5000,approach,cmq_x0.5,sig_dynamic_phase:descend,3,0.23076923076923078,1.0,0.5641025641025641,,,,,,,
global5000,approach,cmq_x0.5,sig_dynamic_phase:config,3,0.07692307692307693,0.3333333333333333,0.34188034188034194,,,,,,,
global5000,approach,cmq_x0.5,sig_dynamic_phase:gear,5,0.23076923076923078,0.6,0.6538461538461539,,,,,,,
global5000,approach,cmq_x0.5,sig_dynamic_phase:final,7,0.23076923076923078,0.42857142857142855,0.4871794871794872,,,,,,,
global5000,approach,cmq_x0.5,sig_dynamic_phase_any,15,0.5384615384615384,0.4666666666666667,0.5,,,,,,,
global5000,approach,cmq_x0.5,sig_dynamic_phase_max,4,0.23076923076923078,0.75,0.37606837606837606,,,,,,,
global5000,approach,inertia_x1.6,det_whole,21,0.9545454545454546,1.0,,1.0,0.20833333333333334,4.0,,,,
global5000,approach,inertia_x1.6,sig_dynamic_whole,11,0.5,1.0,,0.5,0.41666666666666663,4.0,0.5238095238095238,,,
global5000,approach,inertia_x1.6,sig_static_whole,3,0.13636363636363635,1.0,,0.25,0.4861111111111111,4.0,0.14285714285714285,,,
global5000,approach,inertia_x1.6,envelope_whole,0,0.0,,,0.0,0.625,4.0,,,,
global5000,approach,inertia_x1.6,ks_whole,0,0.0,,,0.0,0.5416666666666666,4.0,,,,
global5000,approach,inertia_x1.6,det_win30,21,0.9545454545454546,1.0,,1.0,0.2777777777777778,4.0,,,,
global5000,approach,inertia_x1.6,sig_dynamic_win30,8,0.36363636363636365,1.0,,0.25,0.41666666666666663,4.0,,,,
global5000,approach,inertia_x1.6,det_win120,21,0.9545454545454546,1.0,,1.0,0.25,4.0,,,,
global5000,approach,inertia_x1.6,sig_dynamic_win120,10,0.45454545454545453,1.0,,0.25,0.3472222222222222,4.0,,,,
global5000,approach,inertia_x1.6,det_phase:settle,14,0.6363636363636364,1.0,,1.0,0.6805555555555556,4.0,,,,
global5000,approach,inertia_x1.6,det_phase:descend,6,0.2727272727272727,1.0,,0.5,0.375,4.0,,0.3333333333333333,6.0,
global5000,approach,inertia_x1.6,det_phase:config,4,0.18181818181818182,1.0,,0.0,0.5694444444444444,4.0,,0.0,4.0,
global5000,approach,inertia_x1.6,det_phase:gear,4,0.18181818181818182,1.0,,0.0,0.5416666666666666,4.0,,0.0,4.0,
global5000,approach,inertia_x1.6,det_phase:final,3,0.13636363636363635,1.0,,0.0,0.4027777777777778,4.0,,0.6666666666666666,3.0,
global5000,approach,inertia_x1.6,det_phase_any,16,0.7272727272727273,1.0,,1.0,0.5,4.0,,,,
global5000,approach,inertia_x1.6,det_phase_max,13,0.5909090909090909,1.0,,1.0,0.625,4.0,,,,
global5000,approach,inertia_x1.6,sig_dynamic_phase:settle,7,0.3181818181818182,1.0,,0.0,0.4722222222222222,4.0,,,,
global5000,approach,inertia_x1.6,sig_dynamic_phase:descend,2,0.09090909090909091,1.0,,0.0,0.5,4.0,,,,
global5000,approach,inertia_x1.6,sig_dynamic_phase:config,0,0.0,,,0.0,0.7777777777777777,4.0,,,,
global5000,approach,inertia_x1.6,sig_dynamic_phase:gear,5,0.22727272727272727,1.0,,0.25,0.5208333333333334,4.0,,,,
global5000,approach,inertia_x1.6,sig_dynamic_phase:final,7,0.3181818181818182,1.0,,0.5,0.5833333333333334,4.0,,,,
global5000,approach,inertia_x1.6,sig_dynamic_phase_any,14,0.6363636363636364,1.0,,0.5,0.5,4.0,,,,
global5000,approach,inertia_x1.6,sig_dynamic_phase_max,8,0.36363636363636365,1.0,,0.5,0.45833333333333337,4.0,,,,
global5000,approach,noop,det_whole,0,,,,,,,,,,0.0
global5000,approach,noop,sig_dynamic_whole,1,,,,,,,,,,0.045454545454545456
global5000,approach,noop,sig_static_whole,4,,,,,,,,,,0.18181818181818182
global5000,approach,noop,envelope_whole,0,,,,,,,,,,0.0
global5000,approach,noop,ks_whole,0,,,,,,,,,,0.0
global5000,approach,noop,det_win30,0,,,,,,,,,,0.0
global5000,approach,noop,sig_dynamic_win30,1,,,,,,,,,,0.045454545454545456
global5000,approach,noop,det_win120,0,,,,,,,,,,0.0
global5000,approach,noop,sig_dynamic_win120,0,,,,,,,,,,0.0
global5000,approach,noop,det_phase:settle,1,,,,,,,,,,0.045454545454545456
global5000,approach,noop,det_phase:descend,2,,,,,,,,,,0.09090909090909091
global5000,approach,noop,det_phase:config,3,,,,,,,,,,0.13636363636363635
global5000,approach,noop,det_phase:gear,4,,,,,,,,,,0.18181818181818182
global5000,approach,noop,det_phase:final,2,,,,,,,,,,0.09090909090909091
global5000,approach,noop,det_phase_any,9,,,,,,,,,,0.4090909090909091
global5000,approach,noop,det_phase_max,0,,,,,,,,,,0.0
global5000,approach,noop,sig_dynamic_phase:settle,0,,,,,,,,,,0.0
global5000,approach,noop,sig_dynamic_phase:descend,2,,,,,,,,,,0.09090909090909091
global5000,approach,noop,sig_dynamic_phase:config,0,,,,,,,,,,0.0
global5000,approach,noop,sig_dynamic_phase:gear,5,,,,,,,,,,0.22727272727272727
global5000,approach,noop,sig_dynamic_phase:final,2,,,,,,,,,,0.09090909090909091
global5000,approach,noop,sig_dynamic_phase_any,8,,,,,,,,,,0.36363636363636365
global5000,approach,noop,sig_dynamic_phase_max,0,,,,,,,,,,0.0
