aircraft,manoeuvre,method,fault,n_outputs,n_oracle,recall_at3,recall_at5,ap,inspect_before_first,top_is_affected,n_flagged,any_correct_flag,reduction
737,aileron_step,envelope,clo_+0.1,22,13,0.23076923076923078,0.3076923076923077,0.6734198060942524,1,True,14,True,0.36363636363636365
737,aileron_step,envelope,cmalpha_x0.7,22,13,0.23076923076923078,0.38461538461538464,0.8434201419495537,1,True,0,False,1.0
737,aileron_step,envelope,cmq_x0.5,22,13,0.23076923076923078,0.38461538461538464,0.8788433788433789,1,True,3,True,0.8636363636363636
737,aileron_step,envelope,inertia_x1.6,22,22,0.13636363636363635,0.22727272727272727,1.0,1,True,5,True,0.7727272727272727
737,aileron_step,iforest,clo_+0.1,22,13,0.07692307692307693,0.23076923076923078,0.6393935914446751,2,False,22,True,0.0
737,aileron_step,iforest,cmalpha_x0.7,22,13,0.23076923076923078,0.3076923076923077,0.7317637427931546,1,True,0,False,1.0
737,aileron_step,iforest,cmq_x0.5,22,13,0.15384615384615385,0.15384615384615385,0.5638302503508504,2,False,0,False,1.0
737,aileron_step,iforest,inertia_x1.6,22,22,0.13636363636363635,0.22727272727272727,1.0,1,True,0,False,1.0
737,aileron_step,ks,clo_+0.1,22,13,0.23076923076923078,0.38461538461538464,0.7670759065495909,1,True,8,True,0.6363636363636364
737,aileron_step,ks,cmalpha_x0.7,22,13,0.23076923076923078,0.38461538461538464,0.7853262836234974,1,True,2,True,0.9090909090909091
737,aileron_step,ks,cmq_x0.5,22,13,0.23076923076923078,0.38461538461538464,0.790152829626514,1,True,6,True,0.7272727272727273
737,aileron_step,ks,inertia_x1.6,22,22,0.13636363636363635,0.22727272727272727,1.0,1,True,3,True,0.8636363636363636
737,aileron_step,regression,clo_+0.1,22,13,0.23076923076923078,0.3076923076923077,0.7392370787107629,1,True,17,True,0.2272727272727273
737,aileron_step,regression,cmalpha_x0.7,22,13,0.23076923076923078,0.38461538461538464,0.7875887270624115,1,True,1,True,0.9545454545454546
737,aileron_step,regression,cmq_x0.5,22,13,0.23076923076923078,0.38461538461538464,0.7420570528542665,1,True,2,True,0.9090909090909091
737,aileron_step,regression,inertia_x1.6,22,22,0.13636363636363635,0.22727272727272727,1.0,1,True,5,True,0.7727272727272727
737,aileron_step,sig_dynamic,clo_+0.1,22,13,0.23076923076923078,0.38461538461538464,0.9013294397909782,1,True,16,True,0.2727272727272727
737,aileron_step,sig_dynamic,cmalpha_x0.7,22,13,0.23076923076923078,0.38461538461538464,0.8213743858480703,1,True,3,True,0.8636363636363636
737,aileron_step,sig_dynamic,cmq_x0.5,22,13,0.23076923076923078,0.3076923076923077,0.7466851861588704,1,True,1,True,0.9545454545454546
737,aileron_step,sig_dynamic,inertia_x1.6,22,22,0.13636363636363635,0.22727272727272727,1.0,1,True,1,True,0.9545454545454546
737,aileron_step,sig_static,clo_+0.1,22,13,0.15384615384615385,0.3076923076923077,0.8324574997651921,1,True,17,True,0.2272727272727273
737,aileron_step,sig_static,cmalpha_x0.7,22,13,0.23076923076923078,0.3076923076923077,0.8571123321123321,1,True,2,True,0.9090909090909091
737,aileron_step,sig_static,cmq_x0.5,22,13,0.15384615384615385,0.3076923076923077,0.6778845086537395,1,True,1,True,0.9545454545454546
737,aileron_step,sig_static,inertia_x1.6,22,22,0.13636363636363635,0.22727272727272727,1.0,1,True,1,True,0.9545454545454546
737,bank_hold,envelope,clo_+0.1,22,13,0.23076923076923078,0.38461538461538464,0.7943271039246272,1,True,16,True,0.2727272727272727
737,bank_hold,envelope,cmalpha_x0.7,22,13,0.23076923076923078,0.23076923076923078,0.6568464301436437,1,True,6,True,0.7272727272727273
737,bank_hold,envelope,cmq_x0.5,22,13,0.23076923076923078,0.38461538461538464,0.8386571031307875,1,True,8,True,0.6363636363636364
737,bank_hold,envelope,inertia_x1.6,22,22,0.13636363636363635,0.22727272727272727,1.0,1,True,8,True,0.6363636363636364
737,bank_hold,iforest,clo_+0.1,22,13,0.23076923076923078,0.23076923076923078,0.7597787833081949,1,True,22,True,0.0
737,bank_hold,iforest,cmalpha_x0.7,22,13,0.23076923076923078,0.23076923076923078,0.7998864383479768,1,True,7,True,0.6818181818181819
737,bank_hold,iforest,cmq_x0.5,22,13,0.15384615384615385,0.23076923076923078,0.6738191547015078,1,True,20,True,0.09090909090909094
737,bank_hold,iforest,inertia_x1.6,22,22,0.13636363636363635,0.22727272727272727,1.0,1,True,21,True,0.045454545454545414
737,bank_hold,ks,clo_+0.1,22,13,0.23076923076923078,0.38461538461538464,0.8254585495476185,1,True,12,True,0.4545454545454546
737,bank_hold,ks,cmalpha_x0.7,22,13,0.23076923076923078,0.38461538461538464,0.9221611721611722,1,True,3,True,0.8636363636363636
737,bank_hold,ks,cmq_x0.5,22,13,0.23076923076923078,0.38461538461538464,0.9663050624589086,1,True,6,True,0.7272727272727273
737,bank_hold,ks,inertia_x1.6,22,22,0.13636363636363635,0.22727272727272727,1.0,1,True,3,True,0.8636363636363636
737,bank_hold,regression,clo_+0.1,22,13,0.23076923076923078,0.38461538461538464,0.7584296680271913,1,True,17,True,0.2272727272727273
737,bank_hold,regression,cmalpha_x0.7,22,13,0.23076923076923078,0.38461538461538464,0.8203432188726307,1,True,8,True,0.6363636363636364
737,bank_hold,regression,cmq_x0.5,22,13,0.23076923076923078,0.38461538461538464,0.8568194962931807,1,True,9,True,0.5909090909090908
737,bank_hold,regression,inertia_x1.6,22,22,0.13636363636363635,0.22727272727272727,1.0,1,True,10,True,0.5454545454545454
737,bank_hold,sig_dynamic,clo_+0.1,22,13,0.23076923076923078,0.38461538461538464,0.8795689604513134,1,True,10,True,0.5454545454545454
737,bank_hold,sig_dynamic,cmalpha_x0.7,22,13,0.23076923076923078,0.38461538461538464,0.8568194962931807,1,True,8,True,0.6363636363636364
737,bank_hold,sig_dynamic,cmq_x0.5,22,13,0.23076923076923078,0.3076923076923077,0.7863407919909469,1,True,7,True,0.6818181818181819
737,bank_hold,sig_dynamic,inertia_x1.6,22,22,0.13636363636363635,0.22727272727272727,1.0,1,True,7,True,0.6818181818181819
737,bank_hold,sig_static,clo_+0.1,22,13,0.23076923076923078,0.3076923076923077,0.7839562398385927,1,True,11,True,0.5
737,bank_hold,sig_static,cmalpha_x0.7,22,13,0.15384615384615385,0.3076923076923077,0.7900668775668775,1,True,12,True,0.4545454545454546
737,bank_hold,sig_static,cmq_x0.5,22,13,0.15384615384615385,0.3076923076923077,0.7319345521774672,1,True,11,True,0.5
737,bank_hold,sig_static,inertia_x1.6,22,22,0.13636363636363635,0.22727272727272727,1.0,1,True,12,True,0.4545454545454546
737,climbing_turn,envelope,clo_+0.1,22,13,0.23076923076923078,0.38461538461538464,0.7532750015722154,1,True,13,True,0.40909090909090906
737,climbing_turn,envelope,cmalpha_x0.7,22,13,0.23076923076923078,0.38461538461538464,0.7144454471198934,1,True,4,True,0.8181818181818181
737,climbing_turn,envelope,cmq_x0.5,22,13,0.15384615384615385,0.3076923076923077,0.6525684352428814,1,True,3,True,0.8636363636363636
737,climbing_turn,envelope,inertia_x1.6,22,22,0.13636363636363635,0.22727272727272727,1.0,1,True,4,True,0.8181818181818181
737,climbing_turn,iforest,clo_+0.1,22,13,0.23076923076923078,0.23076923076923078,0.7321560917714763,1,True,22,True,0.0
737,climbing_turn,iforest,cmalpha_x0.7,22,13,0.0,0.07692307692307693,0.4265504440784269,5,False,0,False,1.0
737,climbing_turn,iforest,cmq_x0.5,22,13,0.07692307692307693,0.15384615384615385,0.451580862378076,3,False,0,False,1.0
737,climbing_turn,iforest,inertia_x1.6,22,22,0.13636363636363635,0.22727272727272727,1.0,1,True,0,False,1.0
737,climbing_turn,ks,clo_+0.1,22,13,0.23076923076923078,0.38461538461538464,0.8961827646038174,1,True,4,True,0.8181818181818181
737,climbing_turn,ks,cmalpha_x0.7,22,13,0.23076923076923078,0.38461538461538464,0.8673954052615639,1,True,0,False,1.0
737,climbing_turn,ks,cmq_x0.5,22,13,0.23076923076923078,0.38461538461538464,0.930952380952381,1,True,1,True,0.9545454545454546
737,climbing_turn,ks,inertia_x1.6,22,22,0.13636363636363635,0.22727272727272727,1.0,1,True,0,False,1.0
737,climbing_turn,regression,clo_+0.1,22,13,0.15384615384615385,0.3076923076923077,0.7424640467626892,1,True,17,True,0.2272727272727273
737,climbing_turn,regression,cmalpha_x0.7,22,13,0.23076923076923078,0.38461538461538464,0.795345675995831,1,True,6,True,0.7272727272727273
737,climbing_turn,regression,cmq_x0.5,22,13,0.23076923076923078,0.38461538461538464,0.7254337166101872,1,True,5,True,0.7727272727272727
737,climbing_turn,regression,inertia_x1.6,22,22,0.13636363636363635,0.22727272727272727,1.0,1,True,5,True,0.7727272727272727
737,climbing_turn,sig_dynamic,clo_+0.1,22,13,0.23076923076923078,0.38461538461538464,0.8769109661077986,1,True,5,True,0.7727272727272727
737,climbing_turn,sig_dynamic,cmalpha_x0.7,22,13,0.23076923076923078,0.38461538461538464,0.8790128674744059,1,True,0,False,1.0
737,climbing_turn,sig_dynamic,cmq_x0.5,22,13,0.23076923076923078,0.38461538461538464,0.8702502176186386,1,True,2,True,0.9090909090909091
737,climbing_turn,sig_dynamic,inertia_x1.6,22,22,0.13636363636363635,0.22727272727272727,1.0,1,True,1,True,0.9545454545454546
737,climbing_turn,sig_static,clo_+0.1,22,13,0.23076923076923078,0.38461538461538464,0.9076350999427922,1,True,3,True,0.8636363636363636
737,climbing_turn,sig_static,cmalpha_x0.7,22,13,0.23076923076923078,0.23076923076923078,0.8275738150738151,1,True,1,True,0.9545454545454546
737,climbing_turn,sig_static,cmq_x0.5,22,13,0.23076923076923078,0.3076923076923077,0.824825551522384,1,True,2,True,0.9090909090909091
737,climbing_turn,sig_static,inertia_x1.6,22,22,0.13636363636363635,0.22727272727272727,1.0,1,True,1,True,0.9545454545454546
737,cruise,envelope,clo_+0.1,22,13,0.15384615384615385,0.23076923076923078,0.6120333663320088,2,False,13,True,0.40909090909090906
737,cruise,envelope,cmalpha_x0.7,22,13,0.23076923076923078,0.3076923076923077,0.7692748428042547,1,True,5,True,0.7727272727272727
737,cruise,envelope,cmq_x0.5,22,13,0.15384615384615385,0.23076923076923078,0.6613535973830091,1,True,8,True,0.6363636363636364
737,cruise,envelope,inertia_x1.6,22,22,0.13636363636363635,0.22727272727272727,1.0,1,True,4,True,0.8181818181818181
737,cruise,iforest,clo_+0.1,22,13,0.23076923076923078,0.3076923076923077,0.7604805450959298,1,True,22,True,0.0
737,cruise,iforest,cmalpha_x0.7,22,13,0.23076923076923078,0.3076923076923077,0.8218047475400415,1,True,5,True,0.7727272727272727
737,cruise,iforest,cmq_x0.5,22,13,0.07692307692307693,0.23076923076923078,0.6305575401550634,1,True,21,True,0.045454545454545414
737,cruise,iforest,inertia_x1.6,22,22,0.13636363636363635,0.22727272727272727,1.0,1,True,21,True,0.045454545454545414
737,cruise,ks,clo_+0.1,22,13,0.23076923076923078,0.23076923076923078,0.7114466980982818,1,True,12,True,0.4545454545454546
737,cruise,ks,cmalpha_x0.7,22,13,0.23076923076923078,0.38461538461538464,0.7562029473794181,1,True,6,True,0.7272727272727273
737,cruise,ks,cmq_x0.5,22,13,0.23076923076923078,0.23076923076923078,0.7021421223850374,1,True,7,True,0.6818181818181819
737,cruise,ks,inertia_x1.6,22,22,0.13636363636363635,0.22727272727272727,1.0,1,True,6,True,0.7272727272727273
737,cruise,regression,clo_+0.1,22,13,0.23076923076923078,0.38461538461538464,0.9514135437212359,1,True,16,True,0.2727272727272727
737,cruise,regression,cmalpha_x0.7,22,13,0.23076923076923078,0.38461538461538464,0.8787447846271376,1,True,7,True,0.6818181818181819
737,cruise,regression,cmq_x0.5,22,13,0.23076923076923078,0.38461538461538464,0.7135314118286255,1,True,2,False,0.9090909090909091
737,cruise,regression,inertia_x1.6,22,22,0.13636363636363635,0.22727272727272727,1.0,1,True,2,True,0.9090909090909091
737,cruise,sig_dynamic,clo_+0.1,22,13,0.23076923076923078,0.3076923076923077,0.7544607439344282,1,True,7,True,0.6818181818181819
737,cruise,sig_dynamic,cmalpha_x0.7,22,13,0.23076923076923078,0.38461538461538464,0.8260502655239499,1,True,5,True,0.7727272727272727
737,cruise,sig_dynamic,cmq_x0.5,22,13,0.23076923076923078,0.3076923076923077,0.7260138012340919,1,True,0,False,1.0
737,cruise,sig_dynamic,inertia_x1.6,22,22,0.13636363636363635,0.22727272727272727,1.0,1,True,0,False,1.0
737,cruise,sig_static,clo_+0.1,22,13,0.23076923076923078,0.3076923076923077,0.7600551495288338,1,True,7,True,0.6818181818181819
737,cruise,sig_static,cmalpha_x0.7,22,13,0.23076923076923078,0.38461538461538464,0.8260502655239499,1,True,5,True,0.7727272727272727
737,cruise,sig_static,cmq_x0.5,22,13,0.23076923076923078,0.3076923076923077,0.6953361455564361,1,True,0,False,1.0
737,cruise,sig_static,inertia_x1.6,22,22,0.13636363636363635,0.22727272727272727,1.0,1,True,0,False,1.0
737,elev_doublet,envelope,clo_+0.1,22,13,0.23076923076923078,0.23076923076923078,0.6760056120350237,1,True,9,True,0.5909090909090908
737,elev_doublet,envelope,cmalpha_x0.7,22,13,0.15384615384615385,0.23076923076923078,0.684781193179026,1,True,2,True,0.9090909090909091
737,elev_doublet,envelope,cmq_x0.5,22,13,0.23076923076923078,0.23076923076923078,0.6885176276846912,1,True,3,True,0.8636363636363636
737,elev_doublet,envelope,inertia_x1.6,22,22,0.13636363636363635,0.22727272727272727,1.0,1,True,6,True,0.7272727272727273
737,elev_doublet,iforest,clo_+0.1,22,13,0.23076923076923078,0.3076923076923077,0.8183922072079967,1,True,21,True,0.045454545454545414
737,elev_doublet,iforest,cmalpha_x0.7,22,13,0.07692307692307693,0.23076923076923078,0.6718226218226219,2,False,0,False,1.0
737,elev_doublet,iforest,cmq_x0.5,22,13,0.07692307692307693,0.23076923076923078,0.6565279749490277,3,False,0,False,1.0
737,elev_doublet,iforest,inertia_x1.6,22,22,0.13636363636363635,0.22727272727272727,1.0,1,True,0,False,1.0
737,elev_doublet,ks,clo_+0.1,22,13,0.23076923076923078,0.23076923076923078,0.7035631035631036,1,True,5,True,0.7727272727272727
737,elev_doublet,ks,cmalpha_x0.7,22,13,0.15384615384615385,0.23076923076923078,0.6827504760197068,1,True,4,True,0.8181818181818181
737,elev_doublet,ks,cmq_x0.5,22,13,0.07692307692307693,0.15384615384615385,0.5617131069560218,1,True,1,True,0.9545454545454546
737,elev_doublet,ks,inertia_x1.6,22,22,0.13636363636363635,0.22727272727272727,1.0,1,True,1,True,0.9545454545454546
737,elev_doublet,regression,clo_+0.1,22,13,0.0,0.15384615384615385,0.5990976129134024,4,False,14,True,0.36363636363636365
737,elev_doublet,regression,cmalpha_x0.7,22,13,0.07692307692307693,0.23076923076923078,0.6036525995504323,3,False,8,True,0.6363636363636364
737,elev_doublet,regression,cmq_x0.5,22,13,0.07692307692307693,0.23076923076923078,0.6240585824564153,3,False,8,True,0.6363636363636364
737,elev_doublet,regression,inertia_x1.6,22,22,0.13636363636363635,0.22727272727272727,1.0,1,True,8,True,0.6363636363636364
737,elev_doublet,sig_dynamic,clo_+0.1,22,13,0.15384615384615385,0.3076923076923077,0.7501569508922449,2,False,7,True,0.6818181818181819
737,elev_doublet,sig_dynamic,cmalpha_x0.7,22,13,0.23076923076923078,0.38461538461538464,0.7961327078229913,1,True,2,True,0.9090909090909091
737,elev_doublet,sig_dynamic,cmq_x0.5,22,13,0.23076923076923078,0.38461538461538464,0.7998233541219967,1,True,1,True,0.9545454545454546
737,elev_doublet,sig_dynamic,inertia_x1.6,22,22,0.13636363636363635,0.22727272727272727,1.0,1,True,2,True,0.9090909090909091
737,elev_doublet,sig_static,clo_+0.1,22,13,0.15384615384615385,0.3076923076923077,0.7489179623795009,2,False,6,True,0.7272727272727273
737,elev_doublet,sig_static,cmalpha_x0.7,22,13,0.23076923076923078,0.38461538461538464,0.8371399967553815,1,True,1,True,0.9545454545454546
737,elev_doublet,sig_static,cmq_x0.5,22,13,0.23076923076923078,0.38461538461538464,0.826639386254771,1,True,0,False,1.0
737,elev_doublet,sig_static,inertia_x1.6,22,22,0.13636363636363635,0.22727272727272727,1.0,1,True,0,False,1.0
737,elev_doublet_distractor,envelope,clo_+0.1,22,13,0.23076923076923078,0.3076923076923077,0.6651339759311896,1,True,12,True,0.4545454545454546
737,elev_doublet_distractor,envelope,cmalpha_x0.7,22,13,0.23076923076923078,0.3076923076923077,0.6875240858212995,1,True,2,True,0.9090909090909091
737,elev_doublet_distractor,envelope,cmq_x0.5,22,13,0.23076923076923078,0.38461538461538464,0.702880524254661,1,True,5,True,0.7727272727272727
737,elev_doublet_distractor,envelope,inertia_x1.6,22,22,0.13636363636363635,0.22727272727272727,1.0,1,True,7,True,0.6818181818181819
737,elev_doublet_distractor,iforest,clo_+0.1,22,13,0.23076923076923078,0.38461538461538464,0.7126132037896744,1,True,22,True,0.0
737,elev_doublet_distractor,iforest,cmalpha_x0.7,22,13,0.15384615384615385,0.15384615384615385,0.5872503211244579,1,True,0,False,1.0
737,elev_doublet_distractor,iforest,cmq_x0.5,22,13,0.15384615384615385,0.15384615384615385,0.6177580589345294,1,True,0,False,1.0
737,elev_doublet_distractor,iforest,inertia_x1.6,22,22,0.13636363636363635,0.22727272727272727,1.0,1,True,0,False,1.0
737,elev_doublet_distractor,ks,clo_+0.1,22,13,0.23076923076923078,0.38461538461538464,0.9090448013524937,1,True,4,True,0.8181818181818181
737,elev_doublet_distractor,ks,cmalpha_x0.7,22,13,0.15384615384615385,0.3076923076923077,0.6786310181047024,1,True,0,False,1.0
737,elev_doublet_distractor,ks,cmq_x0.5,22,13,0.23076923076923078,0.3076923076923077,0.7630395582824735,1,True,0,False,1.0
737,elev_doublet_distractor,ks,inertia_x1.6,22,22,0.13636363636363635,0.22727272727272727,1.0,1,True,0,False,1.0
737,elev_doublet_distractor,regression,clo_+0.1,22,13,0.23076923076923078,0.38461538461538464,0.9945054945054945,1,True,14,True,0.36363636363636365
737,elev_doublet_distractor,regression,cmalpha_x0.7,22,13,0.15384615384615385,0.3076923076923077,0.6886876281613125,1,True,2,True,0.9090909090909091
737,elev_doublet_distractor,regression,cmq_x0.5,22,13,0.23076923076923078,0.38461538461538464,0.7273323168060011,1,True,5,True,0.7727272727272727
737,elev_doublet_distractor,regression,inertia_x1.6,22,22,0.13636363636363635,0.22727272727272727,1.0,1,True,5,True,0.7727272727272727
737,elev_doublet_distractor,sig_dynamic,clo_+0.1,22,13,0.23076923076923078,0.3076923076923077,0.8004551004551005,1,True,8,True,0.6363636363636364
737,elev_doublet_distractor,sig_dynamic,cmalpha_x0.7,22,13,0.23076923076923078,0.38461538461538464,0.8568194962931807,1,True,0,False,1.0
737,elev_doublet_distractor,sig_dynamic,cmq_x0.5,22,13,0.23076923076923078,0.38461538461538464,0.9009490509490511,1,True,1,True,0.9545454545454546
737,elev_doublet_distractor,sig_dynamic,inertia_x1.6,22,22,0.13636363636363635,0.22727272727272727,1.0,1,True,2,True,0.9090909090909091
737,elev_doublet_distractor,sig_static,clo_+0.1,22,13,0.23076923076923078,0.38461538461538464,0.8156809002962849,1,True,5,True,0.7727272727272727
737,elev_doublet_distractor,sig_static,cmalpha_x0.7,22,13,0.23076923076923078,0.38461538461538464,0.8143180474628438,1,True,0,False,1.0
737,elev_doublet_distractor,sig_static,cmq_x0.5,22,13,0.23076923076923078,0.38461538461538464,0.9045329670329672,1,True,0,False,1.0
737,elev_doublet_distractor,sig_static,inertia_x1.6,22,22,0.13636363636363635,0.22727272727272727,1.0,1,True,0,False,1.0
737,elev_step,envelope,clo_+0.1,22,13,0.07692307692307693,0.23076923076923078,0.5882873497067351,3,False,6,True,0.7272727272727273
737,elev_step,envelope,cmalpha_x0.7,22,13,0.07692307692307693,0.23076923076923078,0.6746083981378099,1,True,1,True,0.9545454545454546
737,elev_step,envelope,cmq_x0.5,22,13,0.23076923076923078,0.3076923076923077,0.8059354044648163,1,True,4,True,0.8181818181818181
737,elev_step,envelope,inertia_x1.6,22,22,0.13636363636363635,0.22727272727272727,1.0,1,True,1,True,0.9545454545454546
737,elev_step,iforest,clo_+0.1,22,13,0.07692307692307693,0.15384615384615385,0.5997071555895086,3,False,22,True,0.0
737,elev_step,iforest,cmalpha_x0.7,22,13,0.07692307692307693,0.15384615384615385,0.6181978159175111,1,True,0,False,1.0
737,elev_step,iforest,cmq_x0.5,22,13,0.07692307692307693,0.15384615384615385,0.5753991285367804,2,False,0,False,1.0
737,elev_step,iforest,inertia_x1.6,22,22,0.13636363636363635,0.22727272727272727,1.0,1,True,0,False,1.0
737,elev_step,ks,clo_+0.1,22,13,0.07692307692307693,0.23076923076923078,0.584383598857283,3,False,7,True,0.6818181818181819
737,elev_step,ks,cmalpha_x0.7,22,13,0.07692307692307693,0.07692307692307693,0.4954673019420579,3,False,1,False,0.9545454545454546
737,elev_step,ks,cmq_x0.5,22,13,0.23076923076923078,0.3076923076923077,0.7878489587467915,1,True,0,False,1.0
737,elev_step,ks,inertia_x1.6,22,22,0.13636363636363635,0.22727272727272727,1.0,1,True,0,False,1.0
737,elev_step,regression,clo_+0.1,22,13,0.23076923076923078,0.38461538461538464,1.0,1,True,14,True,0.36363636363636365
737,elev_step,regression,cmalpha_x0.7,22,13,0.23076923076923078,0.38461538461538464,0.8198641439532129,1,True,13,True,0.40909090909090906
737,elev_step,regression,cmq_x0.5,22,13,0.23076923076923078,0.38461538461538464,0.8858849483849484,1,True,10,True,0.5454545454545454
737,elev_step,regression,inertia_x1.6,22,22,0.13636363636363635,0.22727272727272727,1.0,1,True,6,True,0.7272727272727273
737,elev_step,sig_dynamic,clo_+0.1,22,13,0.15384615384615385,0.3076923076923077,0.6897387868541716,2,False,13,True,0.40909090909090906
737,elev_step,sig_dynamic,cmalpha_x0.7,22,13,0.23076923076923078,0.38461538461538464,0.9380008880008879,1,True,12,True,0.4545454545454546
737,elev_step,sig_dynamic,cmq_x0.5,22,13,0.23076923076923078,0.38461538461538464,0.8679565962073702,1,True,6,True,0.7272727272727273
737,elev_step,sig_dynamic,inertia_x1.6,22,22,0.13636363636363635,0.22727272727272727,1.0,1,True,6,True,0.7272727272727273
737,elev_step,sig_static,clo_+0.1,22,13,0.15384615384615385,0.23076923076923078,0.6758195801182226,1,True,16,True,0.2727272727272727
737,elev_step,sig_static,cmalpha_x0.7,22,13,0.23076923076923078,0.3076923076923077,0.7951030304537091,1,True,5,True,0.7727272727272727
737,elev_step,sig_static,cmq_x0.5,22,13,0.23076923076923078,0.38461538461538464,0.7877622377622379,1,True,3,True,0.8636363636363636
737,elev_step,sig_static,inertia_x1.6,22,22,0.13636363636363635,0.22727272727272727,1.0,1,True,4,True,0.8181818181818181
737,engine_cut,envelope,clo_+0.1,22,13,0.15384615384615385,0.23076923076923078,0.6049995213962824,1,True,20,True,0.09090909090909094
737,engine_cut,envelope,cmalpha_x0.7,22,13,0.23076923076923078,0.38461538461538464,0.8257418585621727,1,True,1,True,0.9545454545454546
737,engine_cut,envelope,cmq_x0.5,22,13,0.23076923076923078,0.3076923076923077,0.8375924514082408,1,True,3,True,0.8636363636363636
737,engine_cut,envelope,inertia_x1.6,22,22,0.13636363636363635,0.22727272727272727,1.0,1,True,0,False,1.0
737,engine_cut,iforest,clo_+0.1,22,13,0.23076923076923078,0.3076923076923077,0.731440983006832,1,True,22,True,0.0
737,engine_cut,iforest,cmalpha_x0.7,22,13,0.15384615384615385,0.23076923076923078,0.6620110460310508,1,True,0,False,1.0
737,engine_cut,iforest,cmq_x0.5,22,13,0.15384615384615385,0.23076923076923078,0.6261902878418717,1,True,0,False,1.0
737,engine_cut,iforest,inertia_x1.6,22,22,0.13636363636363635,0.22727272727272727,1.0,1,True,0,False,1.0
737,engine_cut,ks,clo_+0.1,22,13,0.23076923076923078,0.3076923076923077,0.7289806684543527,1,True,17,True,0.2272727272727273
737,engine_cut,ks,cmalpha_x0.7,22,13,0.07692307692307693,0.23076923076923078,0.6097352080324216,1,True,0,False,1.0
737,engine_cut,ks,cmq_x0.5,22,13,0.23076923076923078,0.38461538461538464,0.8215173715173716,1,True,2,True,0.9090909090909091
737,engine_cut,ks,inertia_x1.6,22,22,0.13636363636363635,0.22727272727272727,1.0,1,True,0,False,1.0
737,engine_cut,regression,clo_+0.1,22,13,0.23076923076923078,0.38461538461538464,0.8829713273152187,1,True,20,True,0.09090909090909094
737,engine_cut,regression,cmalpha_x0.7,22,13,0.23076923076923078,0.38461538461538464,0.8715015634520279,1,True,6,True,0.7272727272727273
737,engine_cut,regression,cmq_x0.5,22,13,0.23076923076923078,0.38461538461538464,0.9144688644688646,1,True,7,True,0.6818181818181819
737,engine_cut,regression,inertia_x1.6,22,22,0.13636363636363635,0.22727272727272727,1.0,1,True,2,True,0.9090909090909091
737,engine_cut,sig_dynamic,clo_+0.1,22,13,0.23076923076923078,0.38461538461538464,0.876889776889777,1,True,15,True,0.31818181818181823
737,engine_cut,sig_dynamic,cmalpha_x0.7,22,13,0.15384615384615385,0.3076923076923077,0.7346787378163897,1,True,4,True,0.8181818181818181
737,engine_cut,sig_dynamic,cmq_x0.5,22,13,0.23076923076923078,0.3076923076923077,0.779976245473983,1,True,3,True,0.8636363636363636
737,engine_cut,sig_dynamic,inertia_x1.6,22,22,0.13636363636363635,0.22727272727272727,1.0,1,True,1,True,0.9545454545454546
737,engine_cut,sig_static,clo_+0.1,22,13,0.23076923076923078,0.38461538461538464,0.8853174603174604,1,True,9,True,0.5909090909090908
737,engine_cut,sig_static,cmalpha_x0.7,22,13,0.23076923076923078,0.23076923076923078,0.6388237476978844,1,True,3,True,0.8636363636363636
737,engine_cut,sig_static,cmq_x0.5,22,13,0.23076923076923078,0.23076923076923078,0.664253728727413,1,True,1,True,0.9545454545454546
737,engine_cut,sig_static,inertia_x1.6,22,22,0.13636363636363635,0.22727272727272727,1.0,1,True,1,True,0.9545454545454546
737,engine_restart,envelope,clo_+0.1,22,13,0.23076923076923078,0.23076923076923078,0.639375828849513,1,True,22,True,0.0
737,engine_restart,envelope,cmalpha_x0.7,22,13,0.15384615384615385,0.3076923076923077,0.7537831628031676,1,True,9,True,0.5909090909090908
737,engine_restart,envelope,cmq_x0.5,22,13,0.23076923076923078,0.38461538461538464,0.8252708631370217,1,True,8,True,0.6363636363636364
737,engine_restart,envelope,inertia_x1.6,22,22,0.13636363636363635,0.22727272727272727,1.0,1,True,5,True,0.7727272727272727
737,engine_restart,iforest,clo_+0.1,22,13,0.15384615384615385,0.23076923076923078,0.7579181052865263,1,True,22,True,0.0
737,engine_restart,iforest,cmalpha_x0.7,22,13,0.23076923076923078,0.3076923076923077,0.7990148740148739,1,True,0,False,1.0
737,engine_restart,iforest,cmq_x0.5,22,13,0.15384615384615385,0.3076923076923077,0.7226820822796055,1,True,0,False,1.0
737,engine_restart,iforest,inertia_x1.6,22,22,0.13636363636363635,0.22727272727272727,1.0,1,True,0,False,1.0
737,engine_restart,ks,clo_+0.1,22,13,0.23076923076923078,0.38461538461538464,0.8247052093205939,1,True,19,True,0.13636363636363635
737,engine_restart,ks,cmalpha_x0.7,22,13,0.23076923076923078,0.3076923076923077,0.7987604157108803,1,True,2,True,0.9090909090909091
737,engine_restart,ks,cmq_x0.5,22,13,0.23076923076923078,0.38461538461538464,0.9513649811726734,1,True,7,True,0.6818181818181819
737,engine_restart,ks,inertia_x1.6,22,22,0.13636363636363635,0.22727272727272727,1.0,1,True,1,True,0.9545454545454546
737,engine_restart,regression,clo_+0.1,22,13,0.23076923076923078,0.38461538461538464,0.9068098568098569,1,True,22,True,0.0
737,engine_restart,regression,cmalpha_x0.7,22,13,0.23076923076923078,0.38461538461538464,0.9087481146304677,1,True,12,True,0.4545454545454546
737,engine_restart,regression,cmq_x0.5,22,13,0.23076923076923078,0.38461538461538464,0.9059218559218559,1,True,12,True,0.4545454545454546
737,engine_restart,regression,inertia_x1.6,22,22,0.13636363636363635,0.22727272727272727,1.0,1,True,9,True,0.5909090909090908
737,engine_restart,sig_dynamic,clo_+0.1,22,13,0.23076923076923078,0.38461538461538464,0.8418149102359629,1,True,17,True,0.2272727272727273
737,engine_restart,sig_dynamic,cmalpha_x0.7,22,13,0.23076923076923078,0.38461538461538464,0.8655955155955157,1,True,6,True,0.7272727272727273
737,engine_restart,sig_dynamic,cmq_x0.5,22,13,0.23076923076923078,0.38461538461538464,0.9355644355644356,1,True,9,True,0.5909090909090908
737,engine_restart,sig_dynamic,inertia_x1.6,22,22,0.13636363636363635,0.22727272727272727,1.0,1,True,3,True,0.8636363636363636
737,engine_restart,sig_static,clo_+0.1,22,13,0.23076923076923078,0.38461538461538464,0.817271291461575,1,True,15,True,0.31818181818181823
737,engine_restart,sig_static,cmalpha_x0.7,22,13,0.23076923076923078,0.38461538461538464,0.8452810347547192,1,True,2,True,0.9090909090909091
737,engine_restart,sig_static,cmq_x0.5,22,13,0.23076923076923078,0.38461538461538464,0.8753080253080253,1,True,7,True,0.6818181818181819
737,engine_restart,sig_static,inertia_x1.6,22,22,0.13636363636363635,0.22727272727272727,1.0,1,True,1,True,0.9545454545454546
737,flap_extend,envelope,clo_+0.1,22,13,0.15384615384615385,0.23076923076923078,0.68566369527908,1,True,6,True,0.7272727272727273
737,flap_extend,envelope,cmalpha_x0.7,22,13,0.23076923076923078,0.38461538461538464,0.8511904761904762,1,True,3,True,0.8636363636363636
737,flap_extend,envelope,cmq_x0.5,22,13,0.23076923076923078,0.23076923076923078,0.7914525447033187,1,True,2,True,0.9090909090909091
737,flap_extend,envelope,inertia_x1.6,22,22,0.13636363636363635,0.22727272727272727,1.0,1,True,1,True,0.9545454545454546
737,flap_extend,iforest,clo_+0.1,22,13,0.15384615384615385,0.3076923076923077,0.7538971262655474,1,True,22,True,0.0
737,flap_extend,iforest,cmalpha_x0.7,22,13,0.23076923076923078,0.38461538461538464,0.7859744443722773,1,True,0,False,1.0
737,flap_extend,iforest,cmq_x0.5,22,13,0.15384615384615385,0.3076923076923077,0.6652456478188795,1,True,0,False,1.0
737,flap_extend,iforest,inertia_x1.6,22,22,0.13636363636363635,0.22727272727272727,1.0,1,True,0,False,1.0
737,flap_extend,ks,clo_+0.1,22,13,0.23076923076923078,0.23076923076923078,0.6556797863299411,1,True,5,True,0.7727272727272727
737,flap_extend,ks,cmalpha_x0.7,22,13,0.0,0.15384615384615385,0.5338591147414677,4,False,2,True,0.9090909090909091
737,flap_extend,ks,cmq_x0.5,22,13,0.15384615384615385,0.3076923076923077,0.5888519246491382,2,False,0,False,1.0
737,flap_extend,ks,inertia_x1.6,22,22,0.13636363636363635,0.22727272727272727,1.0,1,True,0,False,1.0
737,flap_extend,regression,clo_+0.1,22,13,0.15384615384615385,0.23076923076923078,0.6930549376399578,1,True,18,True,0.18181818181818177
737,flap_extend,regression,cmalpha_x0.7,22,13,0.23076923076923078,0.38461538461538464,0.9787545787545788,1,True,7,True,0.6818181818181819
737,flap_extend,regression,cmq_x0.5,22,13,0.23076923076923078,0.38461538461538464,0.9819004524886878,1,True,8,True,0.6363636363636364
737,flap_extend,regression,inertia_x1.6,22,22,0.13636363636363635,0.22727272727272727,1.0,1,True,6,True,0.7272727272727273
737,flap_extend,sig_dynamic,clo_+0.1,22,13,0.23076923076923078,0.3076923076923077,0.790280226309638,1,True,11,True,0.5
737,flap_extend,sig_dynamic,cmalpha_x0.7,22,13,0.15384615384615385,0.23076923076923078,0.6207512060721159,1,True,1,True,0.9545454545454546
737,flap_extend,sig_dynamic,cmq_x0.5,22,13,0.23076923076923078,0.38461538461538464,0.8316926663080509,1,True,3,True,0.8636363636363636
737,flap_extend,sig_dynamic,inertia_x1.6,22,22,0.13636363636363635,0.22727272727272727,1.0,1,True,1,True,0.9545454545454546
737,flap_extend,sig_static,clo_+0.1,22,13,0.23076923076923078,0.3076923076923077,0.8093727351080292,1,True,9,True,0.5909090909090908
737,flap_extend,sig_static,cmalpha_x0.7,22,13,0.23076923076923078,0.3076923076923077,0.8035353535353535,1,True,1,True,0.9545454545454546
737,flap_extend,sig_static,cmq_x0.5,22,13,0.23076923076923078,0.38461538461538464,0.9124413598097808,1,True,3,True,0.8636363636363636
737,flap_extend,sig_static,inertia_x1.6,22,22,0.13636363636363635,0.22727272727272727,1.0,1,True,0,False,1.0
737,rudder_doublet,envelope,clo_+0.1,22,13,0.23076923076923078,0.3076923076923077,0.6464526572498708,1,True,6,True,0.7272727272727273
737,rudder_doublet,envelope,cmalpha_x0.7,22,13,0.15384615384615385,0.15384615384615385,0.5413244521216657,1,True,2,True,0.9090909090909091
737,rudder_doublet,envelope,cmq_x0.5,22,13,0.23076923076923078,0.23076923076923078,0.5975016082988219,1,True,2,True,0.9090909090909091
737,rudder_doublet,envelope,inertia_x1.6,22,22,0.13636363636363635,0.22727272727272727,1.0,1,True,3,True,0.8636363636363636
737,rudder_doublet,iforest,clo_+0.1,22,13,0.23076923076923078,0.38461538461538464,0.7973755214645905,1,True,22,True,0.0
737,rudder_doublet,iforest,cmalpha_x0.7,22,13,0.23076923076923078,0.3076923076923077,0.7505140410117784,1,True,0,False,1.0
737,rudder_doublet,iforest,cmq_x0.5,22,13,0.15384615384615385,0.23076923076923078,0.6080545169286535,1,True,0,False,1.0
737,rudder_doublet,iforest,inertia_x1.6,22,22,0.13636363636363635,0.22727272727272727,1.0,1,True,0,False,1.0
737,rudder_doublet,ks,clo_+0.1,22,13,0.23076923076923078,0.38461538461538464,0.7003445986418123,1,True,4,True,0.8181818181818181
737,rudder_doublet,ks,cmalpha_x0.7,22,13,0.15384615384615385,0.15384615384615385,0.5460018260298088,1,True,0,False,1.0
737,rudder_doublet,ks,cmq_x0.5,22,13,0.23076923076923078,0.38461538461538464,0.7443006425978562,1,True,0,False,1.0
737,rudder_doublet,ks,inertia_x1.6,22,22,0.13636363636363635,0.22727272727272727,1.0,1,True,0,False,1.0
737,rudder_doublet,regression,clo_+0.1,22,13,0.23076923076923078,0.38461538461538464,0.8691756511594568,1,True,6,True,0.7272727272727273
737,rudder_doublet,regression,cmalpha_x0.7,22,13,0.23076923076923078,0.38461538461538464,0.7915650525944644,1,True,1,True,0.9545454545454546
737,rudder_doublet,regression,cmq_x0.5,22,13,0.23076923076923078,0.38461538461538464,0.7548506318243162,1,True,0,False,1.0
737,rudder_doublet,regression,inertia_x1.6,22,22,0.13636363636363635,0.22727272727272727,1.0,1,True,2,True,0.9090909090909091
737,rudder_doublet,sig_dynamic,clo_+0.1,22,13,0.23076923076923078,0.38461538461538464,0.8287779471989999,1,True,7,True,0.6818181818181819
737,rudder_doublet,sig_dynamic,cmalpha_x0.7,22,13,0.23076923076923078,0.38461538461538464,0.9401913875598087,1,True,2,True,0.9090909090909091
737,rudder_doublet,sig_dynamic,cmq_x0.5,22,13,0.23076923076923078,0.38461538461538464,0.9531468531468532,1,True,4,True,0.8181818181818181
737,rudder_doublet,sig_dynamic,inertia_x1.6,22,22,0.13636363636363635,0.22727272727272727,1.0,1,True,2,True,0.9090909090909091
737,rudder_doublet,sig_static,clo_+0.1,22,13,0.23076923076923078,0.38461538461538464,0.8703112676796887,1,True,3,True,0.8636363636363636
737,rudder_doublet,sig_static,cmalpha_x0.7,22,13,0.15384615384615385,0.3076923076923077,0.7586975545953875,1,True,0,False,1.0
737,rudder_doublet,sig_static,cmq_x0.5,22,13,0.23076923076923078,0.3076923076923077,0.8511686528654854,1,True,2,True,0.9090909090909091
737,rudder_doublet,sig_static,inertia_x1.6,22,22,0.13636363636363635,0.22727272727272727,1.0,1,True,0,False,1.0
737,throttle_step,envelope,clo_+0.1,22,13,0.23076923076923078,0.3076923076923077,0.7608127166950696,1,True,7,True,0.6818181818181819
737,throttle_step,envelope,cmalpha_x0.7,22,13,0.23076923076923078,0.38461538461538464,0.8966072111582947,1,True,1,True,0.9545454545454546
737,throttle_step,envelope,cmq_x0.5,22,13,0.23076923076923078,0.38461538461538464,0.9359649122807018,1,True,3,True,0.8636363636363636
737,throttle_step,envelope,inertia_x1.6,22,22,0.13636363636363635,0.22727272727272727,1.0,1,True,0,False,1.0
737,throttle_step,iforest,clo_+0.1,22,13,0.07692307692307693,0.15384615384615385,0.5423500211783135,1,True,22,True,0.0
737,throttle_step,iforest,cmalpha_x0.7,22,13,0.15384615384615385,0.3076923076923077,0.6602724159225707,2,False,0,False,1.0
737,throttle_step,iforest,cmq_x0.5,22,13,0.15384615384615385,0.23076923076923078,0.7103186287396814,1,True,0,False,1.0
737,throttle_step,iforest,inertia_x1.6,22,22,0.13636363636363635,0.22727272727272727,1.0,1,True,0,False,1.0
737,throttle_step,ks,clo_+0.1,22,13,0.23076923076923078,0.38461538461538464,0.7563532958269802,1,True,7,True,0.6818181818181819
737,throttle_step,ks,cmalpha_x0.7,22,13,0.07692307692307693,0.15384615384615385,0.5233757341729477,1,True,0,False,1.0
737,throttle_step,ks,cmq_x0.5,22,13,0.23076923076923078,0.3076923076923077,0.7182475290447428,1,True,2,True,0.9090909090909091
737,throttle_step,ks,inertia_x1.6,22,22,0.13636363636363635,0.22727272727272727,1.0,1,True,0,False,1.0
737,throttle_step,regression,clo_+0.1,22,13,0.23076923076923078,0.38461538461538464,0.8264957264957264,1,True,20,True,0.09090909090909094
737,throttle_step,regression,cmalpha_x0.7,22,13,0.23076923076923078,0.3076923076923077,0.8991519164596087,1,True,1,True,0.9545454545454546
737,throttle_step,regression,cmq_x0.5,22,13,0.23076923076923078,0.3076923076923077,0.8942632154170614,1,True,6,True,0.7272727272727273
737,throttle_step,regression,inertia_x1.6,22,22,0.13636363636363635,0.22727272727272727,1.0,1,True,1,True,0.9545454545454546
737,throttle_step,sig_dynamic,clo_+0.1,22,13,0.23076923076923078,0.38461538461538464,0.8174040270015503,1,True,7,True,0.6818181818181819
737,throttle_step,sig_dynamic,cmalpha_x0.7,22,13,0.23076923076923078,0.38461538461538464,0.7819943214680058,1,True,7,True,0.6818181818181819
737,throttle_step,sig_dynamic,cmq_x0.5,22,13,0.23076923076923078,0.38461538461538464,0.8452810347547192,1,True,4,True,0.8181818181818181
737,throttle_step,sig_dynamic,inertia_x1.6,22,22,0.13636363636363635,0.22727272727272727,1.0,1,True,3,True,0.8636363636363636
737,throttle_step,sig_static,clo_+0.1,22,13,0.23076923076923078,0.38461538461538464,0.8415152099362626,1,True,4,True,0.8181818181818181
737,throttle_step,sig_static,cmalpha_x0.7,22,13,0.23076923076923078,0.38461538461538464,0.7977535622272465,1,True,4,True,0.8181818181818181
737,throttle_step,sig_static,cmq_x0.5,22,13,0.23076923076923078,0.38461538461538464,0.8777167277167278,1,True,4,True,0.8181818181818181
737,throttle_step,sig_static,inertia_x1.6,22,22,0.13636363636363635,0.22727272727272727,1.0,1,True,1,True,0.9545454545454546
787-8,aileron_step,envelope,clo_+0.1,22,13,0.23076923076923078,0.3076923076923077,0.6732192643957351,1,True,15,True,0.31818181818181823
787-8,aileron_step,envelope,cmalpha_x0.7,22,13,0.15384615384615385,0.15384615384615385,0.5928714447945217,1,True,9,True,0.5909090909090908
787-8,aileron_step,envelope,cmq_x0.5,22,13,0.15384615384615385,0.23076923076923078,0.7226773226773228,1,True,2,True,0.9090909090909091
787-8,aileron_step,envelope,inertia_x1.6,22,22,0.13636363636363635,0.22727272727272727,1.0,1,True,3,True,0.8636363636363636
787-8,aileron_step,iforest,clo_+0.1,22,13,0.23076923076923078,0.3076923076923077,0.8009494276462603,1,True,22,True,0.0
787-8,aileron_step,iforest,cmalpha_x0.7,22,13,0.15384615384615385,0.3076923076923077,0.8034219551187877,1,True,22,True,0.0
787-8,aileron_step,iforest,cmq_x0.5,22,13,0.23076923076923078,0.3076923076923077,0.7892475601453929,1,True,0,False,1.0
787-8,aileron_step,iforest,inertia_x1.6,22,22,0.13636363636363635,0.22727272727272727,1.0,1,True,0,False,1.0
787-8,aileron_step,ks,clo_+0.1,22,13,0.23076923076923078,0.38461538461538464,0.7902360797097642,1,True,5,True,0.7727272727272727
787-8,aileron_step,ks,cmalpha_x0.7,22,13,0.15384615384615385,0.15384615384615385,0.5750240858212994,1,True,1,False,0.9545454545454546
787-8,aileron_step,ks,cmq_x0.5,22,13,0.23076923076923078,0.3076923076923077,0.7046070029042166,1,True,5,True,0.7727272727272727
787-8,aileron_step,ks,inertia_x1.6,22,22,0.13636363636363635,0.22727272727272727,1.0,1,True,1,True,0.9545454545454546
787-8,aileron_step,regression,clo_+0.1,22,13,0.23076923076923078,0.38461538461538464,0.8136206679193104,1,True,20,True,0.09090909090909094
787-8,aileron_step,regression,cmalpha_x0.7,22,13,0.23076923076923078,0.38461538461538464,0.9685314685314685,1,True,10,True,0.5454545454545454
787-8,aileron_step,regression,cmq_x0.5,22,13,0.23076923076923078,0.38461538461538464,0.7420570528542665,1,True,5,True,0.7727272727272727
787-8,aileron_step,regression,inertia_x1.6,22,22,0.13636363636363635,0.22727272727272727,1.0,1,True,3,True,0.8636363636363636
787-8,aileron_step,sig_dynamic,clo_+0.1,22,13,0.15384615384615385,0.23076923076923078,0.649566210363424,1,True,7,True,0.6818181818181819
787-8,aileron_step,sig_dynamic,cmalpha_x0.7,22,13,0.23076923076923078,0.38461538461538464,0.9113244211928423,1,True,4,True,0.8181818181818181
787-8,aileron_step,sig_dynamic,cmq_x0.5,22,13,0.23076923076923078,0.38461538461538464,0.7135314118286255,1,True,1,True,0.9545454545454546
787-8,aileron_step,sig_dynamic,inertia_x1.6,22,22,0.13636363636363635,0.22727272727272727,1.0,1,True,0,False,1.0
787-8,aileron_step,sig_static,clo_+0.1,22,13,0.15384615384615385,0.3076923076923077,0.6708740691712828,1,True,6,True,0.7272727272727273
787-8,aileron_step,sig_static,cmalpha_x0.7,22,13,0.23076923076923078,0.38461538461538464,0.8820273743350667,1,True,2,True,0.9090909090909091
787-8,aileron_step,sig_static,cmq_x0.5,22,13,0.23076923076923078,0.3076923076923077,0.7615613356504046,1,True,0,False,1.0
787-8,aileron_step,sig_static,inertia_x1.6,22,22,0.13636363636363635,0.22727272727272727,1.0,1,True,0,False,1.0
787-8,bank_hold,envelope,clo_+0.1,22,13,0.23076923076923078,0.23076923076923078,0.625276429003507,1,True,17,True,0.2272727272727273
787-8,bank_hold,envelope,cmalpha_x0.7,22,13,0.15384615384615385,0.23076923076923078,0.6599612263579875,1,True,6,True,0.7272727272727273
787-8,bank_hold,envelope,cmq_x0.5,22,13,0.23076923076923078,0.38461538461538464,0.8050712445449288,1,True,3,True,0.8636363636363636
787-8,bank_hold,envelope,inertia_x1.6,22,22,0.13636363636363635,0.22727272727272727,1.0,1,True,4,True,0.8181818181818181
787-8,bank_hold,iforest,clo_+0.1,22,13,0.15384615384615385,0.3076923076923077,0.7341888682088731,1,True,22,True,0.0
787-8,bank_hold,iforest,cmalpha_x0.7,22,13,0.23076923076923078,0.23076923076923078,0.772532545383224,1,True,5,True,0.7727272727272727
787-8,bank_hold,iforest,cmq_x0.5,22,13,0.07692307692307693,0.15384615384615385,0.5248399750602656,3,False,0,False,1.0
787-8,bank_hold,iforest,inertia_x1.6,22,22,0.13636363636363635,0.22727272727272727,1.0,1,True,0,False,1.0
787-8,bank_hold,ks,clo_+0.1,22,13,0.23076923076923078,0.38461538461538464,0.8365939615939616,1,True,4,True,0.8181818181818181
787-8,bank_hold,ks,cmalpha_x0.7,22,13,0.23076923076923078,0.38461538461538464,0.8986568986568988,1,True,1,True,0.9545454545454546
787-8,bank_hold,ks,cmq_x0.5,22,13,0.23076923076923078,0.38461538461538464,0.9102564102564104,1,True,1,True,0.9545454545454546
787-8,bank_hold,ks,inertia_x1.6,22,22,0.13636363636363635,0.22727272727272727,1.0,1,True,0,False,1.0
787-8,bank_hold,regression,clo_+0.1,22,13,0.23076923076923078,0.38461538461538464,0.9242240215924428,1,True,18,True,0.18181818181818177
787-8,bank_hold,regression,cmalpha_x0.7,22,13,0.23076923076923078,0.38461538461538464,0.9009490509490511,1,True,10,True,0.5454545454545454
787-8,bank_hold,regression,cmq_x0.5,22,13,0.23076923076923078,0.38461538461538464,0.790152829626514,1,True,4,True,0.8181818181818181
787-8,bank_hold,regression,inertia_x1.6,22,22,0.13636363636363635,0.22727272727272727,1.0,1,True,2,True,0.9090909090909091
787-8,bank_hold,sig_dynamic,clo_+0.1,22,13,0.23076923076923078,0.3076923076923077,0.7413746509900356,1,True,9,True,0.5909090909090908
787-8,bank_hold,sig_dynamic,cmalpha_x0.7,22,13,0.23076923076923078,0.38461538461538464,0.9218685726038667,1,True,7,True,0.6818181818181819
787-8,bank_hold,sig_dynamic,cmq_x0.5,22,13,0.23076923076923078,0.38461538461538464,0.7898511705013255,1,True,3,True,0.8636363636363636
787-8,bank_hold,sig_dynamic,inertia_x1.6,22,22,0.13636363636363635,0.22727272727272727,1.0,1,True,0,False,1.0
787-8,bank_hold,sig_static,clo_+0.1,22,13,0.23076923076923078,0.3076923076923077,0.7290444598136906,1,True,4,True,0.8181818181818181
787-8,bank_hold,sig_static,cmalpha_x0.7,22,13,0.23076923076923078,0.38461538461538464,0.9053735737946265,1,True,3,True,0.8636363636363636
787-8,bank_hold,sig_static,cmq_x0.5,22,13,0.23076923076923078,0.38461538461538464,0.8308579578316422,1,True,2,True,0.9090909090909091
787-8,bank_hold,sig_static,inertia_x1.6,22,22,0.13636363636363635,0.22727272727272727,1.0,1,True,0,False,1.0
787-8,climbing_turn,envelope,clo_+0.1,22,13,0.23076923076923078,0.3076923076923077,0.6778838619901969,1,True,12,True,0.4545454545454546
787-8,climbing_turn,envelope,cmalpha_x0.7,22,13,0.23076923076923078,0.38461538461538464,0.7858428901415327,1,True,18,True,0.18181818181818177
787-8,climbing_turn,envelope,cmq_x0.5,22,13,0.15384615384615385,0.3076923076923077,0.7579087579087579,1,True,3,True,0.8636363636363636
787-8,climbing_turn,envelope,inertia_x1.6,22,22,0.13636363636363635,0.22727272727272727,1.0,1,True,2,True,0.9090909090909091
787-8,climbing_turn,iforest,clo_+0.1,22,13,0.07692307692307693,0.15384615384615385,0.5617768470977568,1,True,22,True,0.0
787-8,climbing_turn,iforest,cmalpha_x0.7,22,13,0.23076923076923078,0.23076923076923078,0.7569018085986412,1,True,22,True,0.0
787-8,climbing_turn,iforest,cmq_x0.5,22,13,0.23076923076923078,0.3076923076923077,0.7445355476731995,1,True,0,False,1.0
787-8,climbing_turn,iforest,inertia_x1.6,22,22,0.13636363636363635,0.22727272727272727,1.0,1,True,0,False,1.0
787-8,climbing_turn,ks,clo_+0.1,22,13,0.23076923076923078,0.3076923076923077,0.7445317503009812,1,True,5,True,0.7727272727272727
787-8,climbing_turn,ks,cmalpha_x0.7,22,13,0.23076923076923078,0.38461538461538464,0.8243020137756981,1,True,12,True,0.4545454545454546
787-8,climbing_turn,ks,cmq_x0.5,22,13,0.23076923076923078,0.23076923076923078,0.6321669429641565,1,True,4,True,0.8181818181818181
787-8,climbing_turn,ks,inertia_x1.6,22,22,0.13636363636363635,0.22727272727272727,1.0,1,True,1,True,0.9545454545454546
787-8,climbing_turn,regression,clo_+0.1,22,13,0.23076923076923078,0.38461538461538464,0.8586635586635586,1,True,18,True,0.18181818181818177
787-8,climbing_turn,regression,cmalpha_x0.7,22,13,0.23076923076923078,0.38461538461538464,0.9838264299802761,1,True,21,True,0.045454545454545414
787-8,climbing_turn,regression,cmq_x0.5,22,13,0.23076923076923078,0.38461538461538464,0.9109096032172956,1,True,8,True,0.6363636363636364
787-8,climbing_turn,regression,inertia_x1.6,22,22,0.13636363636363635,0.22727272727272727,1.0,1,True,5,True,0.7727272727272727
787-8,climbing_turn,sig_dynamic,clo_+0.1,22,13,0.15384615384615385,0.3076923076923077,0.69356482506935,2,False,14,True,0.36363636363636365
787-8,climbing_turn,sig_dynamic,cmalpha_x0.7,22,13,0.23076923076923078,0.38461538461538464,0.9620879120879121,1,True,16,True,0.2727272727272727
787-8,climbing_turn,sig_dynamic,cmq_x0.5,22,13,0.23076923076923078,0.38461538461538464,0.9328876251953175,1,True,5,True,0.7727272727272727
787-8,climbing_turn,sig_dynamic,inertia_x1.6,22,22,0.13636363636363635,0.22727272727272727,1.0,1,True,2,True,0.9090909090909091
787-8,climbing_turn,sig_static,clo_+0.1,22,13,0.15384615384615385,0.23076923076923078,0.599528030449083,2,False,16,True,0.2727272727272727
787-8,climbing_turn,sig_static,cmalpha_x0.7,22,13,0.23076923076923078,0.38461538461538464,0.9488161411238334,1,True,14,True,0.36363636363636365
787-8,climbing_turn,sig_static,cmq_x0.5,22,13,0.23076923076923078,0.38461538461538464,0.8479266261774002,1,True,6,True,0.7272727272727273
787-8,climbing_turn,sig_static,inertia_x1.6,22,22,0.13636363636363635,0.22727272727272727,1.0,1,True,0,False,1.0
787-8,cruise,envelope,clo_+0.1,22,13,0.23076923076923078,0.23076923076923078,0.6811532421826539,1,True,14,True,0.36363636363636365
787-8,cruise,envelope,cmalpha_x0.7,22,13,0.15384615384615385,0.23076923076923078,0.6529782738761067,1,True,9,True,0.5909090909090908
787-8,cruise,envelope,cmq_x0.5,22,13,0.15384615384615385,0.23076923076923078,0.7070211390049448,1,True,6,True,0.7272727272727273
787-8,cruise,envelope,inertia_x1.6,22,22,0.13636363636363635,0.22727272727272727,1.0,1,True,3,True,0.8636363636363636
787-8,cruise,iforest,clo_+0.1,22,13,0.07692307692307693,0.23076923076923078,0.6110355416856964,2,False,22,True,0.0
787-8,cruise,iforest,cmalpha_x0.7,22,13,0.15384615384615385,0.23076923076923078,0.6257108990081126,1,True,22,True,0.0
787-8,cruise,iforest,cmq_x0.5,22,13,0.15384615384615385,0.3076923076923077,0.7417412652706771,1,True,0,False,1.0
787-8,cruise,iforest,inertia_x1.6,22,22,0.13636363636363635,0.22727272727272727,1.0,1,True,0,False,1.0
787-8,cruise,ks,clo_+0.1,22,13,0.07692307692307693,0.23076923076923078,0.5753352753858827,1,True,9,True,0.5909090909090908
787-8,cruise,ks,cmalpha_x0.7,22,13,0.07692307692307693,0.07692307692307693,0.5060931156906388,3,False,6,True,0.7272727272727273
787-8,cruise,ks,cmq_x0.5,22,13,0.15384615384615385,0.23076923076923078,0.6134496480471712,1,True,2,True,0.9090909090909091
787-8,cruise,ks,inertia_x1.6,22,22,0.13636363636363635,0.22727272727272727,1.0,1,True,0,False,1.0
787-8,cruise,regression,clo_+0.1,22,13,0.23076923076923078,0.38461538461538464,0.8693669578284962,1,True,16,True,0.2727272727272727
787-8,cruise,regression,cmalpha_x0.7,22,13,0.23076923076923078,0.38461538461538464,0.8739124123739508,1,True,15,True,0.31818181818181823
787-8,cruise,regression,cmq_x0.5,22,13,0.23076923076923078,0.3076923076923077,0.6655178868920236,1,True,1,False,0.9545454545454546
787-8,cruise,regression,inertia_x1.6,22,22,0.13636363636363635,0.22727272727272727,1.0,1,True,2,True,0.9090909090909091
787-8,cruise,sig_dynamic,clo_+0.1,22,13,0.15384615384615385,0.3076923076923077,0.6858875043085569,1,True,7,True,0.6818181818181819
787-8,cruise,sig_dynamic,cmalpha_x0.7,22,13,0.23076923076923078,0.3076923076923077,0.7715336950631068,1,True,7,True,0.6818181818181819
787-8,cruise,sig_dynamic,cmq_x0.5,22,13,0.15384615384615385,0.23076923076923078,0.6581360890571417,1,True,4,True,0.8181818181818181
787-8,cruise,sig_dynamic,inertia_x1.6,22,22,0.13636363636363635,0.22727272727272727,1.0,1,True,2,True,0.9090909090909091
787-8,cruise,sig_static,clo_+0.1,22,13,0.15384615384615385,0.3076923076923077,0.6932178932178932,1,True,7,True,0.6818181818181819
787-8,cruise,sig_static,cmalpha_x0.7,22,13,0.23076923076923078,0.3076923076923077,0.7690595610100254,1,True,7,True,0.6818181818181819
787-8,cruise,sig_static,cmq_x0.5,22,13,0.23076923076923078,0.38461538461538464,0.7624900684111211,1,True,4,True,0.8181818181818181
787-8,cruise,sig_static,inertia_x1.6,22,22,0.13636363636363635,0.22727272727272727,1.0,1,True,1,True,0.9545454545454546
787-8,elev_doublet,envelope,clo_+0.1,22,13,0.07692307692307693,0.23076923076923078,0.5450967779409074,3,False,11,True,0.5
787-8,elev_doublet,envelope,cmalpha_x0.7,22,13,0.07692307692307693,0.15384615384615385,0.4838260665005127,3,False,13,True,0.40909090909090906
787-8,elev_doublet,envelope,cmq_x0.5,22,13,0.23076923076923078,0.23076923076923078,0.628131760806207,1,True,10,True,0.5454545454545454
787-8,elev_doublet,envelope,inertia_x1.6,22,22,0.13636363636363635,0.22727272727272727,1.0,1,True,8,True,0.6363636363636364
787-8,elev_doublet,iforest,clo_+0.1,22,13,0.15384615384615385,0.3076923076923077,0.7576064960680345,1,True,22,True,0.0
787-8,elev_doublet,iforest,cmalpha_x0.7,22,13,0.15384615384615385,0.23076923076923078,0.7087728735502015,2,False,22,True,0.0
787-8,elev_doublet,iforest,cmq_x0.5,22,13,0.23076923076923078,0.38461538461538464,0.8616080500695886,1,True,0,False,1.0
787-8,elev_doublet,iforest,inertia_x1.6,22,22,0.13636363636363635,0.22727272727272727,1.0,1,True,0,False,1.0
787-8,elev_doublet,ks,clo_+0.1,22,13,0.23076923076923078,0.23076923076923078,0.6552245398220631,1,True,6,True,0.7272727272727273
787-8,elev_doublet,ks,cmalpha_x0.7,22,13,0.07692307692307693,0.23076923076923078,0.5079452221986158,3,False,2,False,0.9090909090909091
787-8,elev_doublet,ks,cmq_x0.5,22,13,0.23076923076923078,0.23076923076923078,0.6732679650666076,1,True,0,False,1.0
787-8,elev_doublet,ks,inertia_x1.6,22,22,0.13636363636363635,0.22727272727272727,1.0,1,True,0,False,1.0
787-8,elev_doublet,regression,clo_+0.1,22,13,0.0,0.15384615384615385,0.523453997644281,4,False,19,True,0.13636363636363635
787-8,elev_doublet,regression,cmalpha_x0.7,22,13,0.0,0.07692307692307693,0.49477036286991033,5,False,17,True,0.2272727272727273
787-8,elev_doublet,regression,cmq_x0.5,22,13,0.15384615384615385,0.3076923076923077,0.6467932652143179,2,False,6,True,0.7272727272727273
787-8,elev_doublet,regression,inertia_x1.6,22,22,0.13636363636363635,0.22727272727272727,1.0,1,True,7,True,0.6818181818181819
787-8,elev_doublet,sig_dynamic,clo_+0.1,22,13,0.15384615384615385,0.23076923076923078,0.6811784369476678,1,True,10,True,0.5454545454545454
787-8,elev_doublet,sig_dynamic,cmalpha_x0.7,22,13,0.15384615384615385,0.3076923076923077,0.7270162529777916,2,False,3,True,0.8636363636363636
787-8,elev_doublet,sig_dynamic,cmq_x0.5,22,13,0.23076923076923078,0.3076923076923077,0.8058598390046352,1,True,0,False,1.0
787-8,elev_doublet,sig_dynamic,inertia_x1.6,22,22,0.13636363636363635,0.22727272727272727,1.0,1,True,0,False,1.0
787-8,elev_doublet,sig_static,clo_+0.1,22,13,0.23076923076923078,0.3076923076923077,0.7997726632342019,1,True,7,True,0.6818181818181819
787-8,elev_doublet,sig_static,cmalpha_x0.7,22,13,0.15384615384615385,0.3076923076923077,0.7783080167695554,1,True,3,True,0.8636363636363636
787-8,elev_doublet,sig_static,cmq_x0.5,22,13,0.23076923076923078,0.38461538461538464,0.8076546260756786,1,True,1,True,0.9545454545454546
787-8,elev_doublet,sig_static,inertia_x1.6,22,22,0.13636363636363635,0.22727272727272727,1.0,1,True,2,True,0.9090909090909091
787-8,elev_doublet_distractor,envelope,clo_+0.1,22,13,0.23076923076923078,0.23076923076923078,0.6208116316088452,1,True,10,True,0.5454545454545454
787-8,elev_doublet_distractor,envelope,cmalpha_x0.7,22,13,0.23076923076923078,0.23076923076923078,0.7012000700736114,1,True,9,True,0.5909090909090908
787-8,elev_doublet_distractor,envelope,cmq_x0.5,22,13,0.15384615384615385,0.23076923076923078,0.6952928048903282,1,True,6,True,0.7272727272727273
787-8,elev_doublet_distractor,envelope,inertia_x1.6,22,22,0.13636363636363635,0.22727272727272727,1.0,1,True,2,True,0.9090909090909091
787-8,elev_doublet_distractor,iforest,clo_+0.1,22,13,0.23076923076923078,0.38461538461538464,0.863421003198331,1,True,22,True,0.0
787-8,elev_doublet_distractor,iforest,cmalpha_x0.7,22,13,0.23076923076923078,0.38461538461538464,0.9701923076923078,1,True,22,True,0.0
787-8,elev_doublet_distractor,iforest,cmq_x0.5,22,13,0.23076923076923078,0.38461538461538464,0.7610591212788165,1,True,0,False,1.0
787-8,elev_doublet_distractor,iforest,inertia_x1.6,22,22,0.13636363636363635,0.22727272727272727,1.0,1,True,0,False,1.0
787-8,elev_doublet_distractor,ks,clo_+0.1,22,13,0.23076923076923078,0.38461538461538464,0.9399267399267399,1,True,5,True,0.7727272727272727
787-8,elev_doublet_distractor,ks,cmalpha_x0.7,22,13,0.23076923076923078,0.38461538461538464,0.8969235892312817,1,True,4,True,0.8181818181818181
787-8,elev_doublet_distractor,ks,cmq_x0.5,22,13,0.23076923076923078,0.38461538461538464,0.8679589865824683,1,True,1,True,0.9545454545454546
787-8,elev_doublet_distractor,ks,inertia_x1.6,22,22,0.13636363636363635,0.22727272727272727,1.0,1,True,1,True,0.9545454545454546
787-8,elev_doublet_distractor,regression,clo_+0.1,22,13,0.23076923076923078,0.38461538461538464,0.9355644355644356,1,True,12,True,0.4545454545454546
787-8,elev_doublet_distractor,regression,cmalpha_x0.7,22,13,0.23076923076923078,0.38461538461538464,1.0,1,True,11,True,0.5
787-8,elev_doublet_distractor,regression,cmq_x0.5,22,13,0.23076923076923078,0.38461538461538464,0.7891115255309112,1,True,5,True,0.7727272727272727
787-8,elev_doublet_distractor,regression,inertia_x1.6,22,22,0.13636363636363635,0.22727272727272727,1.0,1,True,5,True,0.7727272727272727
787-8,elev_doublet_distractor,sig_dynamic,clo_+0.1,22,13,0.15384615384615385,0.3076923076923077,0.7266241928006635,1,True,4,True,0.8181818181818181
787-8,elev_doublet_distractor,sig_dynamic,cmalpha_x0.7,22,13,0.23076923076923078,0.38461538461538464,0.8667610167610168,1,True,3,True,0.8636363636363636
787-8,elev_doublet_distractor,sig_dynamic,cmq_x0.5,22,13,0.15384615384615385,0.3076923076923077,0.5968647451619588,2,False,0,False,1.0
787-8,elev_doublet_distractor,sig_dynamic,inertia_x1.6,22,22,0.13636363636363635,0.22727272727272727,1.0,1,True,0,False,1.0
787-8,elev_doublet_distractor,sig_static,clo_+0.1,22,13,0.23076923076923078,0.3076923076923077,0.7012430214859365,1,True,3,True,0.8636363636363636
787-8,elev_doublet_distractor,sig_static,cmalpha_x0.7,22,13,0.15384615384615385,0.23076923076923078,0.6312007437007436,1,True,5,True,0.7727272727272727
787-8,elev_doublet_distractor,sig_static,cmq_x0.5,22,13,0.15384615384615385,0.23076923076923078,0.5487596451337817,2,False,0,False,1.0
787-8,elev_doublet_distractor,sig_static,inertia_x1.6,22,22,0.13636363636363635,0.22727272727272727,1.0,1,True,1,True,0.9545454545454546
787-8,elev_step,envelope,clo_+0.1,22,13,0.07692307692307693,0.23076923076923078,0.5380833476808708,3,False,15,True,0.31818181818181823
787-8,elev_step,envelope,cmalpha_x0.7,22,13,0.07692307692307693,0.07692307692307693,0.45743579011023644,3,False,19,True,0.13636363636363635
787-8,elev_step,envelope,cmq_x0.5,22,13,0.07692307692307693,0.23076923076923078,0.6009570501473336,1,True,10,True,0.5454545454545454
787-8,elev_step,envelope,inertia_x1.6,22,22,0.13636363636363635,0.22727272727272727,1.0,1,True,3,True,0.8636363636363636
787-8,elev_step,iforest,clo_+0.1,22,13,0.07692307692307693,0.15384615384615385,0.5126918290885901,2,False,22,True,0.0
787-8,elev_step,iforest,cmalpha_x0.7,22,13,0.15384615384615385,0.23076923076923078,0.6123697450441913,1,True,22,True,0.0
787-8,elev_step,iforest,cmq_x0.5,22,13,0.23076923076923078,0.38461538461538464,0.815196662312047,1,True,0,False,1.0
787-8,elev_step,iforest,inertia_x1.6,22,22,0.13636363636363635,0.22727272727272727,1.0,1,True,0,False,1.0
787-8,elev_step,ks,clo_+0.1,22,13,0.07692307692307693,0.15384615384615385,0.5346707049136199,3,False,7,True,0.6818181818181819
787-8,elev_step,ks,cmalpha_x0.7,22,13,0.0,0.07692307692307693,0.4480662123196059,5,False,14,True,0.36363636363636365
787-8,elev_step,ks,cmq_x0.5,22,13,0.23076923076923078,0.3076923076923077,0.7513257597235926,1,True,2,True,0.9090909090909091
787-8,elev_step,ks,inertia_x1.6,22,22,0.13636363636363635,0.22727272727272727,1.0,1,True,1,True,0.9545454545454546
787-8,elev_step,regression,clo_+0.1,22,13,0.23076923076923078,0.38461538461538464,0.836470687432226,1,True,18,True,0.18181818181818177
787-8,elev_step,regression,cmalpha_x0.7,22,13,0.23076923076923078,0.38461538461538464,0.9382331568566387,1,True,19,True,0.13636363636363635
787-8,elev_step,regression,cmq_x0.5,22,13,0.23076923076923078,0.38461538461538464,0.9291541791541792,1,True,17,True,0.2272727272727273
787-8,elev_step,regression,inertia_x1.6,22,22,0.13636363636363635,0.22727272727272727,1.0,1,True,10,True,0.5454545454545454
787-8,elev_step,sig_dynamic,clo_+0.1,22,13,0.15384615384615385,0.3076923076923077,0.6115855635592478,2,False,11,True,0.5
787-8,elev_step,sig_dynamic,cmalpha_x0.7,22,13,0.23076923076923078,0.38461538461538464,0.8897865966691878,1,True,9,True,0.5909090909090908
787-8,elev_step,sig_dynamic,cmq_x0.5,22,13,0.07692307692307693,0.15384615384615385,0.5014243926008631,3,False,4,True,0.8181818181818181
787-8,elev_step,sig_dynamic,inertia_x1.6,22,22,0.13636363636363635,0.22727272727272727,1.0,1,True,6,True,0.7272727272727273
787-8,elev_step,sig_static,clo_+0.1,22,13,0.15384615384615385,0.23076923076923078,0.5939099917309014,2,False,9,True,0.5909090909090908
787-8,elev_step,sig_static,cmalpha_x0.7,22,13,0.15384615384615385,0.3076923076923077,0.7021166867320713,1,True,4,True,0.8181818181818181
787-8,elev_step,sig_static,cmq_x0.5,22,13,0.15384615384615385,0.15384615384615385,0.5813615871308179,2,False,2,False,0.9090909090909091
787-8,elev_step,sig_static,inertia_x1.6,22,22,0.13636363636363635,0.22727272727272727,1.0,1,True,5,True,0.7727272727272727
787-8,engine_cut,envelope,clo_+0.1,22,13,0.23076923076923078,0.3076923076923077,0.6980435163127472,1,True,9,True,0.5909090909090908
787-8,engine_cut,envelope,cmalpha_x0.7,22,13,0.23076923076923078,0.3076923076923077,0.7017157678922386,1,True,1,True,0.9545454545454546
787-8,engine_cut,envelope,cmq_x0.5,22,13,0.23076923076923078,0.3076923076923077,0.7181036462412981,1,True,1,True,0.9545454545454546
787-8,engine_cut,envelope,inertia_x1.6,22,22,0.13636363636363635,0.22727272727272727,1.0,1,True,0,False,1.0
787-8,engine_cut,iforest,clo_+0.1,22,13,0.23076923076923078,0.3076923076923077,0.7076706059678196,1,True,22,True,0.0
787-8,engine_cut,iforest,cmalpha_x0.7,22,13,0.23076923076923078,0.38461538461538464,0.8815530874354404,1,True,4,True,0.8181818181818181
787-8,engine_cut,iforest,cmq_x0.5,22,13,0.0,0.07692307692307693,0.48108319533658894,5,False,0,False,1.0
787-8,engine_cut,iforest,inertia_x1.6,22,22,0.13636363636363635,0.22727272727272727,1.0,1,True,0,False,1.0
787-8,engine_cut,ks,clo_+0.1,22,13,0.23076923076923078,0.3076923076923077,0.7673506318243162,1,True,5,True,0.7727272727272727
787-8,engine_cut,ks,cmalpha_x0.7,22,13,0.23076923076923078,0.3076923076923077,0.6820660446166519,1,True,2,True,0.9090909090909091
787-8,engine_cut,ks,cmq_x0.5,22,13,0.23076923076923078,0.38461538461538464,0.8014105175869883,1,True,1,True,0.9545454545454546
787-8,engine_cut,ks,inertia_x1.6,22,22,0.13636363636363635,0.22727272727272727,1.0,1,True,0,False,1.0
787-8,engine_cut,regression,clo_+0.1,22,13,0.23076923076923078,0.38461538461538464,0.8757951701390615,1,True,20,True,0.09090909090909094
787-8,engine_cut,regression,cmalpha_x0.7,22,13,0.23076923076923078,0.38461538461538464,1.0,1,True,13,True,0.40909090909090906
787-8,engine_cut,regression,cmq_x0.5,22,13,0.23076923076923078,0.38461538461538464,0.9237301160378084,1,True,8,True,0.6363636363636364
787-8,engine_cut,regression,inertia_x1.6,22,22,0.13636363636363635,0.22727272727272727,1.0,1,True,2,True,0.9090909090909091
787-8,engine_cut,sig_dynamic,clo_+0.1,22,13,0.23076923076923078,0.3076923076923077,0.7794476890630737,1,True,10,True,0.5454545454545454
787-8,engine_cut,sig_dynamic,cmalpha_x0.7,22,13,0.23076923076923078,0.38461538461538464,0.8721028971028972,1,True,8,True,0.6363636363636364
787-8,engine_cut,sig_dynamic,cmq_x0.5,22,13,0.23076923076923078,0.3076923076923077,0.7172208768184001,1,True,3,True,0.8636363636363636
787-8,engine_cut,sig_dynamic,inertia_x1.6,22,22,0.13636363636363635,0.22727272727272727,1.0,1,True,0,False,1.0
787-8,engine_cut,sig_static,clo_+0.1,22,13,0.23076923076923078,0.3076923076923077,0.7984556293379822,1,True,9,True,0.5909090909090908
787-8,engine_cut,sig_static,cmalpha_x0.7,22,13,0.23076923076923078,0.3076923076923077,0.7638497130399965,1,True,5,True,0.7727272727272727
787-8,engine_cut,sig_static,cmq_x0.5,22,13,0.15384615384615385,0.23076923076923078,0.6569622628833156,1,True,2,True,0.9090909090909091
787-8,engine_cut,sig_static,inertia_x1.6,22,22,0.13636363636363635,0.22727272727272727,1.0,1,True,0,False,1.0
787-8,engine_restart,envelope,clo_+0.1,22,13,0.23076923076923078,0.3076923076923077,0.73612352559721,1,True,18,True,0.18181818181818177
787-8,engine_restart,envelope,cmalpha_x0.7,22,13,0.23076923076923078,0.38461538461538464,0.7582896291874619,1,True,4,True,0.8181818181818181
787-8,engine_restart,envelope,cmq_x0.5,22,13,0.23076923076923078,0.3076923076923077,0.7938612471120211,1,True,5,True,0.7727272727272727
787-8,engine_restart,envelope,inertia_x1.6,22,22,0.13636363636363635,0.22727272727272727,1.0,1,True,0,False,1.0
787-8,engine_restart,iforest,clo_+0.1,22,13,0.23076923076923078,0.3076923076923077,0.751421291788046,1,True,22,True,0.0
787-8,engine_restart,iforest,cmalpha_x0.7,22,13,0.23076923076923078,0.3076923076923077,0.7386620266293998,1,True,22,True,0.0
787-8,engine_restart,iforest,cmq_x0.5,22,13,0.07692307692307693,0.07692307692307693,0.5643143062647706,1,True,0,False,1.0
787-8,engine_restart,iforest,inertia_x1.6,22,22,0.13636363636363635,0.22727272727272727,1.0,1,True,0,False,1.0
787-8,engine_restart,ks,clo_+0.1,22,13,0.23076923076923078,0.38461538461538464,0.7646609760803618,1,True,14,True,0.36363636363636365
787-8,engine_restart,ks,cmalpha_x0.7,22,13,0.15384615384615385,0.3076923076923077,0.6936608600576212,1,True,2,True,0.9090909090909091
787-8,engine_restart,ks,cmq_x0.5,22,13,0.23076923076923078,0.3076923076923077,0.6914133510108743,1,True,4,True,0.8181818181818181
787-8,engine_restart,ks,inertia_x1.6,22,22,0.13636363636363635,0.22727272727272727,1.0,1,True,1,True,0.9545454545454546
787-8,engine_restart,regression,clo_+0.1,22,13,0.23076923076923078,0.38461538461538464,0.7971915904608212,1,True,19,True,0.13636363636363635
787-8,engine_restart,regression,cmalpha_x0.7,22,13,0.23076923076923078,0.38461538461538464,0.892525378355338,1,True,16,True,0.2727272727272727
787-8,engine_restart,regression,cmq_x0.5,22,13,0.23076923076923078,0.38461538461538464,0.9558091481168405,1,True,9,True,0.5909090909090908
787-8,engine_restart,regression,inertia_x1.6,22,22,0.13636363636363635,0.22727272727272727,1.0,1,True,1,True,0.9545454545454546
787-8,engine_restart,sig_dynamic,clo_+0.1,22,13,0.23076923076923078,0.38461538461538464,0.9167148640832852,1,True,14,True,0.36363636363636365
787-8,engine_restart,sig_dynamic,cmalpha_x0.7,22,13,0.23076923076923078,0.38461538461538464,0.9102841602841601,1,True,12,True,0.4545454545454546
787-8,engine_restart,sig_dynamic,cmq_x0.5,22,13,0.23076923076923078,0.38461538461538464,0.9374663797740722,1,True,8,True,0.6363636363636364
787-8,engine_restart,sig_dynamic,inertia_x1.6,22,22,0.13636363636363635,0.22727272727272727,1.0,1,True,4,True,0.8181818181818181
787-8,engine_restart,sig_static,clo_+0.1,22,13,0.23076923076923078,0.23076923076923078,0.7716915563069409,1,True,9,True,0.5909090909090908
787-8,engine_restart,sig_static,cmalpha_x0.7,22,13,0.23076923076923078,0.38461538461538464,0.9697913422609779,1,True,8,True,0.6363636363636364
787-8,engine_restart,sig_static,cmq_x0.5,22,13,0.23076923076923078,0.38461538461538464,0.913050072099846,1,True,6,True,0.7272727272727273
787-8,engine_restart,sig_static,inertia_x1.6,22,22,0.13636363636363635,0.22727272727272727,1.0,1,True,2,True,0.9090909090909091
787-8,flap_extend,envelope,clo_+0.1,22,13,0.15384615384615385,0.15384615384615385,0.5953079686051821,1,True,7,True,0.6818181818181819
787-8,flap_extend,envelope,cmalpha_x0.7,22,13,0.15384615384615385,0.23076923076923078,0.5329687366958145,2,False,15,True,0.31818181818181823
787-8,flap_extend,envelope,cmq_x0.5,22,13,0.23076923076923078,0.3076923076923077,0.721059024196676,1,True,6,True,0.7272727272727273
787-8,flap_extend,envelope,inertia_x1.6,22,22,0.13636363636363635,0.22727272727272727,1.0,1,True,2,True,0.9090909090909091
787-8,flap_extend,iforest,clo_+0.1,22,13,0.07692307692307693,0.15384615384615385,0.5187753052959054,3,False,11,True,0.5
787-8,flap_extend,iforest,cmalpha_x0.7,22,13,0.15384615384615385,0.3076923076923077,0.7555468654152864,1,True,22,True,0.0
787-8,flap_extend,iforest,cmq_x0.5,22,13,0.07692307692307693,0.23076923076923078,0.5123713162680773,3,False,0,False,1.0
787-8,flap_extend,iforest,inertia_x1.6,22,22,0.13636363636363635,0.22727272727272727,1.0,1,True,0,False,1.0
787-8,flap_extend,ks,clo_+0.1,22,13,0.15384615384615385,0.23076923076923078,0.671358870549154,1,True,7,True,0.6818181818181819
787-8,flap_extend,ks,cmalpha_x0.7,22,13,0.07692307692307693,0.23076923076923078,0.5706402908832058,3,False,8,True,0.6363636363636364
787-8,flap_extend,ks,cmq_x0.5,22,13,0.23076923076923078,0.38461538461538464,0.841251958065485,1,True,4,True,0.8181818181818181
787-8,flap_extend,ks,inertia_x1.6,22,22,0.13636363636363635,0.22727272727272727,1.0,1,True,0,False,1.0
787-8,flap_extend,regression,clo_+0.1,22,13,0.15384615384615385,0.3076923076923077,0.72457523622682,1,True,22,True,0.0
787-8,flap_extend,regression,cmalpha_x0.7,22,13,0.15384615384615385,0.15384615384615385,0.6267387470828767,1,True,22,True,0.0
787-8,flap_extend,regression,cmq_x0.5,22,13,0.23076923076923078,0.3076923076923077,0.7663440747419076,1,True,15,True,0.31818181818181823
787-8,flap_extend,regression,inertia_x1.6,22,22,0.13636363636363635,0.22727272727272727,1.0,1,True,2,True,0.9090909090909091
787-8,flap_extend,sig_dynamic,clo_+0.1,22,13,0.07692307692307693,0.15384615384615385,0.5593933843933843,2,False,13,True,0.40909090909090906
787-8,flap_extend,sig_dynamic,cmalpha_x0.7,22,13,0.23076923076923078,0.38461538461538464,0.7644432450934,1,True,12,True,0.4545454545454546
787-8,flap_extend,sig_dynamic,cmq_x0.5,22,13,0.23076923076923078,0.3076923076923077,0.7339115949410068,1,True,5,True,0.7727272727272727
787-8,flap_extend,sig_dynamic,inertia_x1.6,22,22,0.13636363636363635,0.22727272727272727,1.0,1,True,1,True,0.9545454545454546
787-8,flap_extend,sig_static,clo_+0.1,22,13,0.15384615384615385,0.3076923076923077,0.8002896226580438,1,True,19,True,0.13636363636363635
787-8,flap_extend,sig_static,cmalpha_x0.7,22,13,0.23076923076923078,0.3076923076923077,0.7675229182582123,1,True,18,True,0.18181818181818177
787-8,flap_extend,sig_static,cmq_x0.5,22,13,0.23076923076923078,0.3076923076923077,0.7807671212648587,1,True,2,True,0.9090909090909091
787-8,flap_extend,sig_static,inertia_x1.6,22,22,0.13636363636363635,0.22727272727272727,1.0,1,True,0,False,1.0
787-8,rudder_doublet,envelope,clo_+0.1,22,13,0.23076923076923078,0.3076923076923077,0.7328392761085069,1,True,5,True,0.7727272727272727
787-8,rudder_doublet,envelope,cmalpha_x0.7,22,13,0.07692307692307693,0.15384615384615385,0.6297093931709317,2,False,2,True,0.9090909090909091
787-8,rudder_doublet,envelope,cmq_x0.5,22,13,0.23076923076923078,0.38461538461538464,0.9031757715968243,1,True,2,True,0.9090909090909091
787-8,rudder_doublet,envelope,inertia_x1.6,22,22,0.13636363636363635,0.22727272727272727,1.0,1,True,1,True,0.9545454545454546
787-8,rudder_doublet,iforest,clo_+0.1,22,13,0.23076923076923078,0.38461538461538464,0.8796037296037297,1,True,22,True,0.0
787-8,rudder_doublet,iforest,cmalpha_x0.7,22,13,0.23076923076923078,0.38461538461538464,0.7824849986614694,1,True,22,True,0.0
787-8,rudder_doublet,iforest,cmq_x0.5,22,13,0.15384615384615385,0.3076923076923077,0.6236914417909892,1,True,0,False,1.0
787-8,rudder_doublet,iforest,inertia_x1.6,22,22,0.13636363636363635,0.22727272727272727,1.0,1,True,0,False,1.0
787-8,rudder_doublet,ks,clo_+0.1,22,13,0.23076923076923078,0.38461538461538464,0.8413336663336664,1,True,4,True,0.8181818181818181
787-8,rudder_doublet,ks,cmalpha_x0.7,22,13,0.23076923076923078,0.38461538461538464,0.7786879786879788,1,True,1,True,0.9545454545454546
787-8,rudder_doublet,ks,cmq_x0.5,22,13,0.23076923076923078,0.38461538461538464,0.8270739881033999,1,True,0,False,1.0
787-8,rudder_doublet,ks,inertia_x1.6,22,22,0.13636363636363635,0.22727272727272727,1.0,1,True,0,False,1.0
787-8,rudder_doublet,regression,clo_+0.1,22,13,0.23076923076923078,0.38461538461538464,0.9072661878091743,1,True,11,True,0.5
787-8,rudder_doublet,regression,cmalpha_x0.7,22,13,0.23076923076923078,0.38461538461538464,0.7540693618122769,1,True,5,True,0.7727272727272727
787-8,rudder_doublet,regression,cmq_x0.5,22,13,0.23076923076923078,0.23076923076923078,0.5996148796428625,1,True,1,True,0.9545454545454546
787-8,rudder_doublet,regression,inertia_x1.6,22,22,0.13636363636363635,0.22727272727272727,1.0,1,True,1,True,0.9545454545454546
787-8,rudder_doublet,sig_dynamic,clo_+0.1,22,13,0.23076923076923078,0.3076923076923077,0.8089870097223038,1,True,2,True,0.9090909090909091
787-8,rudder_doublet,sig_dynamic,cmalpha_x0.7,22,13,0.23076923076923078,0.38461538461538464,0.8916944166944167,1,True,6,True,0.7272727272727273
787-8,rudder_doublet,sig_dynamic,cmq_x0.5,22,13,0.23076923076923078,0.3076923076923077,0.7113122988122988,1,True,0,False,1.0
787-8,rudder_doublet,sig_dynamic,inertia_x1.6,22,22,0.13636363636363635,0.22727272727272727,1.0,1,True,0,False,1.0
787-8,rudder_doublet,sig_static,clo_+0.1,22,13,0.23076923076923078,0.3076923076923077,0.7445492541646388,1,True,7,True,0.6818181818181819
787-8,rudder_doublet,sig_static,cmalpha_x0.7,22,13,0.23076923076923078,0.38461538461538464,0.8308241380222803,1,True,5,True,0.7727272727272727
787-8,rudder_doublet,sig_static,cmq_x0.5,22,13,0.07692307692307693,0.15384615384615385,0.5471108963011797,3,False,0,False,1.0
787-8,rudder_doublet,sig_static,inertia_x1.6,22,22,0.13636363636363635,0.22727272727272727,1.0,1,True,0,False,1.0
787-8,throttle_step,envelope,clo_+0.1,22,13,0.23076923076923078,0.38461538461538464,0.8312173120996651,1,True,9,True,0.5909090909090908
787-8,throttle_step,envelope,cmalpha_x0.7,22,13,0.23076923076923078,0.38461538461538464,0.8064695924990044,1,True,5,True,0.7727272727272727
787-8,throttle_step,envelope,cmq_x0.5,22,13,0.23076923076923078,0.38461538461538464,0.7930832325569169,1,True,4,True,0.8181818181818181
787-8,throttle_step,envelope,inertia_x1.6,22,22,0.13636363636363635,0.22727272727272727,1.0,1,True,0,False,1.0
787-8,throttle_step,iforest,clo_+0.1,22,13,0.15384615384615385,0.15384615384615385,0.6328907821822802,1,True,22,True,0.0
787-8,throttle_step,iforest,cmalpha_x0.7,22,13,0.23076923076923078,0.38461538461538464,0.8280962627116474,1,True,22,True,0.0
787-8,throttle_step,iforest,cmq_x0.5,22,13,0.23076923076923078,0.3076923076923077,0.6661565644537781,1,True,0,False,1.0
787-8,throttle_step,iforest,inertia_x1.6,22,22,0.13636363636363635,0.22727272727272727,1.0,1,True,0,False,1.0
787-8,throttle_step,ks,clo_+0.1,22,13,0.23076923076923078,0.38461538461538464,0.8452810347547192,1,True,6,True,0.7272727272727273
787-8,throttle_step,ks,cmalpha_x0.7,22,13,0.23076923076923078,0.38461538461538464,0.7853262836234974,1,True,3,True,0.8636363636363636
787-8,throttle_step,ks,cmq_x0.5,22,13,0.23076923076923078,0.38461538461538464,0.7164160272132408,1,True,1,True,0.9545454545454546
787-8,throttle_step,ks,inertia_x1.6,22,22,0.13636363636363635,0.22727272727272727,1.0,1,True,2,True,0.9090909090909091
787-8,throttle_step,regression,clo_+0.1,22,13,0.23076923076923078,0.38461538461538464,0.8913763137447349,1,True,15,True,0.31818181818181823
787-8,throttle_step,regression,cmalpha_x0.7,22,13,0.23076923076923078,0.38461538461538464,0.972715318869165,1,True,10,True,0.5454545454545454
787-8,throttle_step,regression,cmq_x0.5,22,13,0.23076923076923078,0.38461538461538464,0.8305619217383924,1,True,7,True,0.6818181818181819
787-8,throttle_step,regression,inertia_x1.6,22,22,0.13636363636363635,0.22727272727272727,1.0,1,True,3,True,0.8636363636363636
787-8,throttle_step,sig_dynamic,clo_+0.1,22,13,0.23076923076923078,0.38461538461538464,0.8089043435197283,1,True,7,True,0.6818181818181819
787-8,throttle_step,sig_dynamic,cmalpha_x0.7,22,13,0.23076923076923078,0.38461538461538464,0.8667610167610168,1,True,9,True,0.5909090909090908
787-8,throttle_step,sig_dynamic,cmq_x0.5,22,13,0.23076923076923078,0.38461538461538464,0.9172494172494173,1,True,5,True,0.7727272727272727
787-8,throttle_step,sig_dynamic,inertia_x1.6,22,22,0.13636363636363635,0.22727272727272727,1.0,1,True,0,False,1.0
787-8,throttle_step,sig_static,clo_+0.1,22,13,0.23076923076923078,0.38461538461538464,0.8049208960973667,1,True,5,True,0.7727272727272727
787-8,throttle_step,sig_static,cmalpha_x0.7,22,13,0.23076923076923078,0.38461538461538464,0.8435996193349132,1,True,6,True,0.7272727272727273
787-8,throttle_step,sig_static,cmq_x0.5,22,13,0.23076923076923078,0.38461538461538464,0.7912726162726164,1,True,2,True,0.9090909090909091
787-8,throttle_step,sig_static,inertia_x1.6,22,22,0.13636363636363635,0.22727272727272727,1.0,1,True,0,False,1.0
A320,aileron_step,envelope,clo_+0.1,22,13,0.23076923076923078,0.3076923076923077,0.6423506318243161,1,True,15,True,0.31818181818181823
A320,aileron_step,envelope,cmalpha_x0.7,22,13,0.15384615384615385,0.15384615384615385,0.5688275046247182,1,True,7,True,0.6818181818181819
A320,aileron_step,envelope,cmq_x0.5,22,13,0.23076923076923078,0.23076923076923078,0.6408078746820114,1,True,3,True,0.8636363636363636
A320,aileron_step,envelope,inertia_x1.6,22,22,0.13636363636363635,0.22727272727272727,1.0,1,True,9,True,0.5909090909090908
A320,aileron_step,iforest,clo_+0.1,22,13,0.15384615384615385,0.3076923076923077,0.8020870155485541,1,True,22,True,0.0
A320,aileron_step,iforest,cmalpha_x0.7,22,13,0.23076923076923078,0.3076923076923077,0.7822385947385946,1,True,0,False,1.0
A320,aileron_step,iforest,cmq_x0.5,22,13,0.15384615384615385,0.3076923076923077,0.7942226074579014,2,False,0,False,1.0
A320,aileron_step,iforest,inertia_x1.6,22,22,0.13636363636363635,0.22727272727272727,1.0,1,True,0,False,1.0
A320,aileron_step,ks,clo_+0.1,22,13,0.23076923076923078,0.38461538461538464,0.9009490509490511,1,True,5,True,0.7727272727272727
A320,aileron_step,ks,cmalpha_x0.7,22,13,0.23076923076923078,0.3076923076923077,0.6763967516170422,1,True,5,True,0.7727272727272727
A320,aileron_step,ks,cmq_x0.5,22,13,0.23076923076923078,0.3076923076923077,0.6763967516170422,1,True,5,True,0.7727272727272727
A320,aileron_step,ks,inertia_x1.6,22,22,0.13636363636363635,0.22727272727272727,1.0,1,True,6,True,0.7272727272727273
A320,aileron_step,regression,clo_+0.1,22,13,0.23076923076923078,0.3076923076923077,0.7299887633865961,1,True,20,True,0.09090909090909094
A320,aileron_step,regression,cmalpha_x0.7,22,13,0.23076923076923078,0.38461538461538464,0.7875887270624115,1,True,4,True,0.8181818181818181
A320,aileron_step,regression,cmq_x0.5,22,13,0.23076923076923078,0.3076923076923077,0.7630395582824735,1,True,1,True,0.9545454545454546
A320,aileron_step,regression,inertia_x1.6,22,22,0.13636363636363635,0.22727272727272727,1.0,1,True,7,True,0.6818181818181819
A320,aileron_step,sig_dynamic,clo_+0.1,22,13,0.07692307692307693,0.23076923076923078,0.5878801023537865,1,True,12,True,0.4545454545454546
A320,aileron_step,sig_dynamic,cmalpha_x0.7,22,13,0.23076923076923078,0.38461538461538464,0.8509056732740945,1,True,6,True,0.7272727272727273
A320,aileron_step,sig_dynamic,cmq_x0.5,22,13,0.23076923076923078,0.38461538461538464,0.8790512707635832,1,True,1,False,0.9545454545454546
A320,aileron_step,sig_dynamic,inertia_x1.6,22,22,0.13636363636363635,0.22727272727272727,1.0,1,True,1,True,0.9545454545454546
A320,aileron_step,sig_static,clo_+0.1,22,13,0.15384615384615385,0.3076923076923077,0.6978431824585672,1,True,6,True,0.7272727272727273
A320,aileron_step,sig_static,cmalpha_x0.7,22,13,0.23076923076923078,0.38461538461538464,0.7979977538801069,1,True,4,True,0.8181818181818181
A320,aileron_step,sig_static,cmq_x0.5,22,13,0.23076923076923078,0.3076923076923077,0.7276147267037956,1,True,0,False,1.0
A320,aileron_step,sig_static,inertia_x1.6,22,22,0.13636363636363635,0.22727272727272727,1.0,1,True,0,False,1.0
A320,bank_hold,envelope,clo_+0.1,22,13,0.23076923076923078,0.3076923076923077,0.6771968297242172,1,True,9,True,0.5909090909090908
A320,bank_hold,envelope,cmalpha_x0.7,22,13,0.15384615384615385,0.3076923076923077,0.6371942497448569,1,True,0,False,1.0
A320,bank_hold,envelope,cmq_x0.5,22,13,0.23076923076923078,0.23076923076923078,0.6676349628778779,1,True,0,False,1.0
A320,bank_hold,envelope,inertia_x1.6,22,22,0.13636363636363635,0.22727272727272727,1.0,1,True,2,True,0.9090909090909091
A320,bank_hold,iforest,clo_+0.1,22,13,0.15384615384615385,0.23076923076923078,0.6694885180179297,1,True,22,True,0.0
A320,bank_hold,iforest,cmalpha_x0.7,22,13,0.23076923076923078,0.38461538461538464,0.8594224403047932,1,True,0,False,1.0
A320,bank_hold,iforest,cmq_x0.5,22,13,0.15384615384615385,0.3076923076923077,0.6707007302982535,1,True,0,False,1.0
A320,bank_hold,iforest,inertia_x1.6,22,22,0.13636363636363635,0.22727272727272727,1.0,1,True,0,False,1.0
A320,bank_hold,ks,clo_+0.1,22,13,0.23076923076923078,0.3076923076923077,0.7297307016764031,1,True,3,True,0.8636363636363636
A320,bank_hold,ks,cmalpha_x0.7,22,13,0.23076923076923078,0.23076923076923078,0.6256709063210611,1,True,0,False,1.0
A320,bank_hold,ks,cmq_x0.5,22,13,0.23076923076923078,0.23076923076923078,0.6314166225930932,1,True,0,False,1.0
A320,bank_hold,ks,inertia_x1.6,22,22,0.13636363636363635,0.22727272727272727,1.0,1,True,0,False,1.0
A320,bank_hold,regression,clo_+0.1,22,13,0.15384615384615385,0.15384615384615385,0.5587070695042831,1,True,12,True,0.4545454545454546
A320,bank_hold,regression,cmalpha_x0.7,22,13,0.23076923076923078,0.3076923076923077,0.6464526572498708,1,True,4,True,0.8181818181818181
A320,bank_hold,regression,cmq_x0.5,22,13,0.15384615384615385,0.15384615384615385,0.5355059116877406,1,True,1,True,0.9545454545454546
A320,bank_hold,regression,inertia_x1.6,22,22,0.13636363636363635,0.22727272727272727,1.0,1,True,6,True,0.7272727272727273
A320,bank_hold,sig_dynamic,clo_+0.1,22,13,0.23076923076923078,0.3076923076923077,0.7490520100814219,1,True,4,True,0.8181818181818181
A320,bank_hold,sig_dynamic,cmalpha_x0.7,22,13,0.23076923076923078,0.3076923076923077,0.7330690676844523,1,True,2,True,0.9090909090909091
A320,bank_hold,sig_dynamic,cmq_x0.5,22,13,0.07692307692307693,0.15384615384615385,0.5030531080810909,1,True,1,True,0.9545454545454546
A320,bank_hold,sig_dynamic,inertia_x1.6,22,22,0.13636363636363635,0.22727272727272727,1.0,1,True,2,True,0.9090909090909091
A320,bank_hold,sig_static,clo_+0.1,22,13,0.07692307692307693,0.07692307692307693,0.49310600390321746,1,True,7,True,0.6818181818181819
A320,bank_hold,sig_static,cmalpha_x0.7,22,13,0.23076923076923078,0.38461538461538464,0.7026070420807263,1,True,2,True,0.9090909090909091
A320,bank_hold,sig_static,cmq_x0.5,22,13,0.07692307692307693,0.07692307692307693,0.47768808848530203,1,True,1,True,0.9545454545454546
A320,bank_hold,sig_static,inertia_x1.6,22,22,0.13636363636363635,0.22727272727272727,1.0,1,True,1,True,0.9545454545454546
A320,climbing_turn,envelope,clo_+0.1,22,13,0.23076923076923078,0.23076923076923078,0.6293860620605083,1,True,14,True,0.36363636363636365
A320,climbing_turn,envelope,cmalpha_x0.7,22,13,0.0,0.15384615384615385,0.5448229676438774,4,False,12,True,0.4545454545454546
A320,climbing_turn,envelope,cmq_x0.5,22,13,0.23076923076923078,0.3076923076923077,0.7786421911421912,1,True,2,True,0.9090909090909091
A320,climbing_turn,envelope,inertia_x1.6,22,22,0.13636363636363635,0.22727272727272727,1.0,1,True,8,True,0.6363636363636364
A320,climbing_turn,iforest,clo_+0.1,22,13,0.15384615384615385,0.3076923076923077,0.7761580865087652,1,True,22,True,0.0
A320,climbing_turn,iforest,cmalpha_x0.7,22,13,0.23076923076923078,0.38461538461538464,0.8634119651087976,1,True,0,False,1.0
A320,climbing_turn,iforest,cmq_x0.5,22,13,0.0,0.0,0.4291478466758295,7,False,0,False,1.0
A320,climbing_turn,iforest,inertia_x1.6,22,22,0.13636363636363635,0.22727272727272727,1.0,1,True,0,False,1.0
A320,climbing_turn,ks,clo_+0.1,22,13,0.23076923076923078,0.23076923076923078,0.6259672586417049,1,True,4,True,0.8181818181818181
A320,climbing_turn,ks,cmalpha_x0.7,22,13,0.23076923076923078,0.3076923076923077,0.6851139959112096,1,True,0,False,1.0
A320,climbing_turn,ks,cmq_x0.5,22,13,0.23076923076923078,0.23076923076923078,0.6639750144275032,1,True,0,False,1.0
A320,climbing_turn,ks,inertia_x1.6,22,22,0.13636363636363635,0.22727272727272727,1.0,1,True,1,True,0.9545454545454546
A320,climbing_turn,regression,clo_+0.1,22,13,0.15384615384615385,0.15384615384615385,0.5767933556216481,1,True,12,True,0.4545454545454546
A320,climbing_turn,regression,cmalpha_x0.7,22,13,0.23076923076923078,0.38461538461538464,0.9006687756687756,1,True,12,True,0.4545454545454546
A320,climbing_turn,regression,cmq_x0.5,22,13,0.15384615384615385,0.23076923076923078,0.5614817441561903,2,False,2,False,0.9090909090909091
A320,climbing_turn,regression,inertia_x1.6,22,22,0.13636363636363635,0.22727272727272727,1.0,1,True,11,True,0.5
A320,climbing_turn,sig_dynamic,clo_+0.1,22,13,0.15384615384615385,0.23076923076923078,0.6394131846560996,1,True,7,True,0.6818181818181819
A320,climbing_turn,sig_dynamic,cmalpha_x0.7,22,13,0.23076923076923078,0.38461538461538464,0.8056399740610267,1,True,11,True,0.5
A320,climbing_turn,sig_dynamic,cmq_x0.5,22,13,0.23076923076923078,0.38461538461538464,0.8537588731027644,1,True,3,True,0.8636363636363636
A320,climbing_turn,sig_dynamic,inertia_x1.6,22,22,0.13636363636363635,0.22727272727272727,1.0,1,True,5,True,0.7727272727272727
A320,climbing_turn,sig_static,clo_+0.1,22,13,0.15384615384615385,0.23076923076923078,0.6119888281652986,1,True,2,True,0.9090909090909091
A320,climbing_turn,sig_static,cmalpha_x0.7,22,13,0.23076923076923078,0.38461538461538464,0.8543012543012545,1,True,6,True,0.7272727272727273
A320,climbing_turn,sig_static,cmq_x0.5,22,13,0.23076923076923078,0.38461538461538464,0.817271291461575,1,True,2,True,0.9090909090909091
A320,climbing_turn,sig_static,inertia_x1.6,22,22,0.13636363636363635,0.22727272727272727,1.0,1,True,3,True,0.8636363636363636
A320,cruise,envelope,clo_+0.1,22,13,0.15384615384615385,0.23076923076923078,0.5699307040370388,2,False,9,True,0.5909090909090908
A320,cruise,envelope,cmalpha_x0.7,22,13,0.07692307692307693,0.23076923076923078,0.5878913758438643,1,True,9,True,0.5909090909090908
A320,cruise,envelope,cmq_x0.5,22,13,0.15384615384615385,0.23076923076923078,0.6903344769860608,1,True,0,False,1.0
A320,cruise,envelope,inertia_x1.6,22,22,0.13636363636363635,0.22727272727272727,1.0,1,True,3,True,0.8636363636363636
A320,cruise,iforest,clo_+0.1,22,13,0.07692307692307693,0.15384615384615385,0.5411413019385155,1,True,22,True,0.0
A320,cruise,iforest,cmalpha_x0.7,22,13,0.23076923076923078,0.23076923076923078,0.6758948316640624,1,True,1,True,0.9545454545454546
A320,cruise,iforest,cmq_x0.5,22,13,0.15384615384615385,0.23076923076923078,0.6430385790679908,1,True,0,False,1.0
A320,cruise,iforest,inertia_x1.6,22,22,0.13636363636363635,0.22727272727272727,1.0,1,True,0,False,1.0
A320,cruise,ks,clo_+0.1,22,13,0.15384615384615385,0.23076923076923078,0.6913886945263463,1,True,8,True,0.6363636363636364
A320,cruise,ks,cmalpha_x0.7,22,13,0.07692307692307693,0.07692307692307693,0.5575994068909048,1,True,8,True,0.6363636363636364
A320,cruise,ks,cmq_x0.5,22,13,0.23076923076923078,0.3076923076923077,0.7423514007492336,1,True,0,False,1.0
A320,cruise,ks,inertia_x1.6,22,22,0.13636363636363635,0.22727272727272727,1.0,1,True,0,False,1.0
A320,cruise,regression,clo_+0.1,22,13,0.23076923076923078,0.38461538461538464,0.84419898854288,1,True,17,True,0.2272727272727273
A320,cruise,regression,cmalpha_x0.7,22,13,0.23076923076923078,0.38461538461538464,0.9331959706959707,1,True,10,True,0.5454545454545454
A320,cruise,regression,cmq_x0.5,22,13,0.23076923076923078,0.3076923076923077,0.7131311333740484,1,True,5,True,0.7727272727272727
A320,cruise,regression,inertia_x1.6,22,22,0.13636363636363635,0.22727272727272727,1.0,1,True,4,True,0.8181818181818181
A320,cruise,sig_dynamic,clo_+0.1,22,13,0.23076923076923078,0.38461538461538464,0.7740405449383776,1,True,6,True,0.7272727272727273
A320,cruise,sig_dynamic,cmalpha_x0.7,22,13,0.23076923076923078,0.38461538461538464,0.8787020671636055,1,True,10,True,0.5454545454545454
A320,cruise,sig_dynamic,cmq_x0.5,22,13,0.23076923076923078,0.38461538461538464,0.7951571482948001,1,True,1,True,0.9545454545454546
A320,cruise,sig_dynamic,inertia_x1.6,22,22,0.13636363636363635,0.22727272727272727,1.0,1,True,3,True,0.8636363636363636
A320,cruise,sig_static,clo_+0.1,22,13,0.23076923076923078,0.38461538461538464,0.7666234350444875,1,True,6,True,0.7272727272727273
A320,cruise,sig_static,cmalpha_x0.7,22,13,0.23076923076923078,0.38461538461538464,0.8621575006190392,1,True,9,True,0.5909090909090908
A320,cruise,sig_static,cmq_x0.5,22,13,0.23076923076923078,0.38461538461538464,0.7820121062023896,1,True,0,False,1.0
A320,cruise,sig_static,inertia_x1.6,22,22,0.13636363636363635,0.22727272727272727,1.0,1,True,3,True,0.8636363636363636
A320,elev_doublet,envelope,clo_+0.1,22,13,0.07692307692307693,0.23076923076923078,0.6081751581751581,3,False,9,True,0.5909090909090908
A320,elev_doublet,envelope,cmalpha_x0.7,22,13,0.15384615384615385,0.23076923076923078,0.6690433498125807,1,True,13,True,0.40909090909090906
A320,elev_doublet,envelope,cmq_x0.5,22,13,0.23076923076923078,0.38461538461538464,0.8581168831168833,1,True,2,True,0.9090909090909091
A320,elev_doublet,envelope,inertia_x1.6,22,22,0.13636363636363635,0.22727272727272727,1.0,1,True,10,True,0.5454545454545454
A320,elev_doublet,iforest,clo_+0.1,22,13,0.23076923076923078,0.3076923076923077,0.7371127803820111,1,True,22,True,0.0
A320,elev_doublet,iforest,cmalpha_x0.7,22,13,0.07692307692307693,0.23076923076923078,0.5282187857920174,3,False,0,False,1.0
A320,elev_doublet,iforest,cmq_x0.5,22,13,0.07692307692307693,0.23076923076923078,0.5476619871356714,3,False,0,False,1.0
A320,elev_doublet,iforest,inertia_x1.6,22,22,0.13636363636363635,0.22727272727272727,1.0,1,True,0,False,1.0
A320,elev_doublet,ks,clo_+0.1,22,13,0.23076923076923078,0.23076923076923078,0.7204035082696669,1,True,13,True,0.40909090909090906
A320,elev_doublet,ks,cmalpha_x0.7,22,13,0.0,0.15384615384615385,0.5841542874050615,4,False,3,True,0.8636363636363636
A320,elev_doublet,ks,cmq_x0.5,22,13,0.15384615384615385,0.3076923076923077,0.6814081469058844,2,False,2,True,0.9090909090909091
A320,elev_doublet,ks,inertia_x1.6,22,22,0.13636363636363635,0.22727272727272727,1.0,1,True,2,True,0.9090909090909091
A320,elev_doublet,regression,clo_+0.1,22,13,0.0,0.15384615384615385,0.543934905625189,4,False,14,True,0.36363636363636365
A320,elev_doublet,regression,cmalpha_x0.7,22,13,0.15384615384615385,0.3076923076923077,0.6820034666188513,2,False,11,True,0.5
A320,elev_doublet,regression,cmq_x0.5,22,13,0.07692307692307693,0.23076923076923078,0.6047824982035508,3,False,0,False,1.0
A320,elev_doublet,regression,inertia_x1.6,22,22,0.13636363636363635,0.22727272727272727,1.0,1,True,10,True,0.5454545454545454
A320,elev_doublet,sig_dynamic,clo_+0.1,22,13,0.15384615384615385,0.23076923076923078,0.7078213453213452,1,True,4,True,0.8181818181818181
A320,elev_doublet,sig_dynamic,cmalpha_x0.7,22,13,0.23076923076923078,0.3076923076923077,0.7729499384476759,1,True,4,True,0.8181818181818181
A320,elev_doublet,sig_dynamic,cmq_x0.5,22,13,0.15384615384615385,0.23076923076923078,0.649263444607574,1,True,1,False,0.9545454545454546
A320,elev_doublet,sig_dynamic,inertia_x1.6,22,22,0.13636363636363635,0.22727272727272727,1.0,1,True,3,True,0.8636363636363636
A320,elev_doublet,sig_static,clo_+0.1,22,13,0.23076923076923078,0.23076923076923078,0.7075408509619036,1,True,4,True,0.8181818181818181
A320,elev_doublet,sig_static,cmalpha_x0.7,22,13,0.23076923076923078,0.3076923076923077,0.8647779570856494,1,True,2,True,0.9090909090909091
A320,elev_doublet,sig_static,cmq_x0.5,22,13,0.23076923076923078,0.38461538461538464,0.7809437301340136,1,True,3,False,0.8636363636363636
A320,elev_doublet,sig_static,inertia_x1.6,22,22,0.13636363636363635,0.22727272727272727,1.0,1,True,3,True,0.8636363636363636
A320,elev_doublet_distractor,envelope,clo_+0.1,22,13,0.23076923076923078,0.23076923076923078,0.6439989834726677,1,True,16,True,0.2727272727272727
A320,elev_doublet_distractor,envelope,cmalpha_x0.7,22,13,0.15384615384615385,0.23076923076923078,0.6039451647423784,1,True,12,True,0.4545454545454546
A320,elev_doublet_distractor,envelope,cmq_x0.5,22,13,0.23076923076923078,0.23076923076923078,0.6194403533144901,1,True,4,True,0.8181818181818181
A320,elev_doublet_distractor,envelope,inertia_x1.6,22,22,0.13636363636363635,0.22727272727272727,1.0,1,True,11,True,0.5
A320,elev_doublet_distractor,iforest,clo_+0.1,22,13,0.23076923076923078,0.38461538461538464,0.8153218513512631,1,True,22,True,0.0
A320,elev_doublet_distractor,iforest,cmalpha_x0.7,22,13,0.15384615384615385,0.23076923076923078,0.7078998400979825,1,True,0,False,1.0
A320,elev_doublet_distractor,iforest,cmq_x0.5,22,13,0.23076923076923078,0.38461538461538464,0.90516305589835,1,True,0,False,1.0
A320,elev_doublet_distractor,iforest,inertia_x1.6,22,22,0.13636363636363635,0.22727272727272727,1.0,1,True,0,False,1.0
A320,elev_doublet_distractor,ks,clo_+0.1,22,13,0.23076923076923078,0.38461538461538464,0.8283127089628639,1,True,3,True,0.8636363636363636
A320,elev_doublet_distractor,ks,cmalpha_x0.7,22,13,0.23076923076923078,0.3076923076923077,0.6739251847223984,1,True,0,False,1.0
A320,elev_doublet_distractor,ks,cmq_x0.5,22,13,0.15384615384615385,0.15384615384615385,0.624602957176189,1,True,0,False,1.0
A320,elev_doublet_distractor,ks,inertia_x1.6,22,22,0.13636363636363635,0.22727272727272727,1.0,1,True,0,False,1.0
A320,elev_doublet_distractor,regression,clo_+0.1,22,13,0.23076923076923078,0.38461538461538464,1.0,1,True,13,True,0.40909090909090906
A320,elev_doublet_distractor,regression,cmalpha_x0.7,22,13,0.23076923076923078,0.38461538461538464,0.9355644355644356,1,True,10,True,0.5454545454545454
A320,elev_doublet_distractor,regression,cmq_x0.5,22,13,0.23076923076923078,0.38461538461538464,0.8939560439560441,1,True,5,True,0.7727272727272727
A320,elev_doublet_distractor,regression,inertia_x1.6,22,22,0.13636363636363635,0.22727272727272727,1.0,1,True,8,True,0.6363636363636364
A320,elev_doublet_distractor,sig_dynamic,clo_+0.1,22,13,0.23076923076923078,0.38461538461538464,0.7157938552675395,1,True,7,True,0.6818181818181819
A320,elev_doublet_distractor,sig_dynamic,cmalpha_x0.7,22,13,0.23076923076923078,0.38461538461538464,0.9084151142974672,1,True,3,True,0.8636363636363636
A320,elev_doublet_distractor,sig_dynamic,cmq_x0.5,22,13,0.23076923076923078,0.3076923076923077,0.7789606030496721,1,True,2,True,0.9090909090909091
A320,elev_doublet_distractor,sig_dynamic,inertia_x1.6,22,22,0.13636363636363635,0.22727272727272727,1.0,1,True,3,True,0.8636363636363636
A320,elev_doublet_distractor,sig_static,clo_+0.1,22,13,0.0,0.07692307692307693,0.5056444560969446,5,False,6,True,0.7272727272727273
A320,elev_doublet_distractor,sig_static,cmalpha_x0.7,22,13,0.23076923076923078,0.38461538461538464,0.8355545039755566,1,True,3,True,0.8636363636363636
A320,elev_doublet_distractor,sig_static,cmq_x0.5,22,13,0.15384615384615385,0.15384615384615385,0.6275496820001465,1,True,0,False,1.0
A320,elev_doublet_distractor,sig_static,inertia_x1.6,22,22,0.13636363636363635,0.22727272727272727,1.0,1,True,1,True,0.9545454545454546
A320,elev_step,envelope,clo_+0.1,22,13,0.07692307692307693,0.23076923076923078,0.5689818351583056,3,False,17,True,0.2272727272727273
A320,elev_step,envelope,cmalpha_x0.7,22,13,0.0,0.15384615384615385,0.5227262305316605,4,False,19,True,0.13636363636363635
A320,elev_step,envelope,cmq_x0.5,22,13,0.23076923076923078,0.38461538461538464,0.7979607549445605,1,True,3,True,0.8636363636363636
A320,elev_step,envelope,inertia_x1.6,22,22,0.13636363636363635,0.22727272727272727,1.0,1,True,10,True,0.5454545454545454
A320,elev_step,iforest,clo_+0.1,22,13,0.15384615384615385,0.3076923076923077,0.7211879881384525,2,False,22,True,0.0
A320,elev_step,iforest,cmalpha_x0.7,22,13,0.07692307692307693,0.07692307692307693,0.48357411257208827,3,False,0,False,1.0
A320,elev_step,iforest,cmq_x0.5,22,13,0.15384615384615385,0.15384615384615385,0.6707165641376166,1,True,0,False,1.0
A320,elev_step,iforest,inertia_x1.6,22,22,0.13636363636363635,0.22727272727272727,1.0,1,True,0,False,1.0
A320,elev_step,ks,clo_+0.1,22,13,0.07692307692307693,0.23076923076923078,0.5540000934737777,3,False,16,True,0.2727272727272727
A320,elev_step,ks,cmalpha_x0.7,22,13,0.07692307692307693,0.07692307692307693,0.5723413589929428,1,True,12,True,0.4545454545454546
A320,elev_step,ks,cmq_x0.5,22,13,0.23076923076923078,0.38461538461538464,0.8149047533662919,1,True,1,True,0.9545454545454546
A320,elev_step,ks,inertia_x1.6,22,22,0.13636363636363635,0.22727272727272727,1.0,1,True,2,True,0.9090909090909091
A320,elev_step,regression,clo_+0.1,22,13,0.15384615384615385,0.23076923076923078,0.7668259091336014,1,True,20,True,0.09090909090909094
A320,elev_step,regression,cmalpha_x0.7,22,13,0.23076923076923078,0.38461538461538464,1.0,1,True,21,True,0.045454545454545414
A320,elev_step,regression,cmq_x0.5,22,13,0.0,0.07692307692307693,0.4343647451619587,5,False,5,False,0.7727272727272727
A320,elev_step,regression,inertia_x1.6,22,22,0.13636363636363635,0.22727272727272727,1.0,1,True,10,True,0.5454545454545454
A320,elev_step,sig_dynamic,clo_+0.1,22,13,0.23076923076923078,0.38461538461538464,0.8969235892312817,1,True,4,True,0.8181818181818181
A320,elev_step,sig_dynamic,cmalpha_x0.7,22,13,0.23076923076923078,0.38461538461538464,0.8544800903100498,1,True,8,True,0.6363636363636364
A320,elev_step,sig_dynamic,cmq_x0.5,22,13,0.15384615384615385,0.23076923076923078,0.6394973616127462,2,False,0,False,1.0
A320,elev_step,sig_dynamic,inertia_x1.6,22,22,0.13636363636363635,0.22727272727272727,1.0,1,True,1,True,0.9545454545454546
A320,elev_step,sig_static,clo_+0.1,22,13,0.23076923076923078,0.3076923076923077,0.7947859832475217,1,True,12,True,0.4545454545454546
A320,elev_step,sig_static,cmalpha_x0.7,22,13,0.23076923076923078,0.3076923076923077,0.8118055577033906,1,True,4,True,0.8181818181818181
A320,elev_step,sig_static,cmq_x0.5,22,13,0.23076923076923078,0.3076923076923077,0.7523223508517625,1,True,0,False,1.0
A320,elev_step,sig_static,inertia_x1.6,22,22,0.13636363636363635,0.22727272727272727,1.0,1,True,0,False,1.0
A320,engine_cut,envelope,clo_+0.1,22,13,0.15384615384615385,0.23076923076923078,0.5768945364920596,2,False,12,True,0.4545454545454546
A320,engine_cut,envelope,cmalpha_x0.7,22,13,0.0,0.0,0.442486751360888,6,False,11,True,0.5
A320,engine_cut,envelope,cmq_x0.5,22,13,0.23076923076923078,0.3076923076923077,0.7934094249139497,1,True,4,True,0.8181818181818181
A320,engine_cut,envelope,inertia_x1.6,22,22,0.13636363636363635,0.22727272727272727,1.0,1,True,3,True,0.8636363636363636
A320,engine_cut,iforest,clo_+0.1,22,13,0.23076923076923078,0.23076923076923078,0.6880210089188418,1,True,22,True,0.0
A320,engine_cut,iforest,cmalpha_x0.7,22,13,0.07692307692307693,0.07692307692307693,0.5961647578163416,1,True,0,False,1.0
A320,engine_cut,iforest,cmq_x0.5,22,13,0.15384615384615385,0.3076923076923077,0.6768133826957358,2,False,0,False,1.0
A320,engine_cut,iforest,inertia_x1.6,22,22,0.13636363636363635,0.22727272727272727,1.0,1,True,0,False,1.0
A320,engine_cut,ks,clo_+0.1,22,13,0.23076923076923078,0.38461538461538464,0.7260669155405998,1,True,10,True,0.5454545454545454
A320,engine_cut,ks,cmalpha_x0.7,22,13,0.23076923076923078,0.23076923076923078,0.5972838773118601,1,True,4,True,0.8181818181818181
A320,engine_cut,ks,cmq_x0.5,22,13,0.15384615384615385,0.15384615384615385,0.5137110398928688,1,True,1,False,0.9545454545454546
A320,engine_cut,ks,inertia_x1.6,22,22,0.13636363636363635,0.22727272727272727,1.0,1,True,4,True,0.8181818181818181
A320,engine_cut,regression,clo_+0.1,22,13,0.23076923076923078,0.38461538461538464,0.8937297996121525,1,True,19,True,0.13636363636363635
A320,engine_cut,regression,cmalpha_x0.7,22,13,0.23076923076923078,0.38461538461538464,0.9056499056499057,1,True,18,True,0.18181818181818177
A320,engine_cut,regression,cmq_x0.5,22,13,0.23076923076923078,0.3076923076923077,0.747654942897858,1,True,3,True,0.8636363636363636
A320,engine_cut,regression,inertia_x1.6,22,22,0.13636363636363635,0.22727272727272727,1.0,1,True,4,True,0.8181818181818181
A320,engine_cut,sig_dynamic,clo_+0.1,22,13,0.15384615384615385,0.23076923076923078,0.6864516460491694,1,True,14,True,0.36363636363636365
A320,engine_cut,sig_dynamic,cmalpha_x0.7,22,13,0.23076923076923078,0.23076923076923078,0.7326546260756788,1,True,6,True,0.7272727272727273
A320,engine_cut,sig_dynamic,cmq_x0.5,22,13,0.23076923076923078,0.3076923076923077,0.6938158332895176,1,True,1,True,0.9545454545454546
A320,engine_cut,sig_dynamic,inertia_x1.6,22,22,0.13636363636363635,0.22727272727272727,1.0,1,True,0,False,1.0
A320,engine_cut,sig_static,clo_+0.1,22,13,0.15384615384615385,0.15384615384615385,0.5535455643427779,1,True,15,True,0.31818181818181823
A320,engine_cut,sig_static,cmalpha_x0.7,22,13,0.0,0.07692307692307693,0.4934999013053311,4,False,9,True,0.5909090909090908
A320,engine_cut,sig_static,cmq_x0.5,22,13,0.23076923076923078,0.3076923076923077,0.6893098001070138,1,True,2,True,0.9090909090909091
A320,engine_cut,sig_static,inertia_x1.6,22,22,0.13636363636363635,0.22727272727272727,1.0,1,True,1,True,0.9545454545454546
A320,engine_restart,envelope,clo_+0.1,22,13,0.23076923076923078,0.3076923076923077,0.6561429669401806,1,True,17,True,0.2272727272727273
A320,engine_restart,envelope,cmalpha_x0.7,22,13,0.07692307692307693,0.23076923076923078,0.572921416190647,2,False,11,True,0.5
A320,engine_restart,envelope,cmq_x0.5,22,13,0.23076923076923078,0.3076923076923077,0.8470390720390721,1,True,4,True,0.8181818181818181
A320,engine_restart,envelope,inertia_x1.6,22,22,0.13636363636363635,0.22727272727272727,1.0,1,True,9,True,0.5909090909090908
A320,engine_restart,iforest,clo_+0.1,22,13,0.23076923076923078,0.38461538461538464,0.7835257413460557,1,True,22,True,0.0
A320,engine_restart,iforest,cmalpha_x0.7,22,13,0.15384615384615385,0.23076923076923078,0.6764270985424831,1,True,22,True,0.0
A320,engine_restart,iforest,cmq_x0.5,22,13,0.23076923076923078,0.3076923076923077,0.8586958792841147,1,True,0,False,1.0
A320,engine_restart,iforest,inertia_x1.6,22,22,0.13636363636363635,0.22727272727272727,1.0,1,True,0,False,1.0
A320,engine_restart,ks,clo_+0.1,22,13,0.23076923076923078,0.3076923076923077,0.7716463361200205,1,True,14,True,0.36363636363636365
A320,engine_restart,ks,cmalpha_x0.7,22,13,0.15384615384615385,0.3076923076923077,0.618613829411043,1,True,10,True,0.5454545454545454
A320,engine_restart,ks,cmq_x0.5,22,13,0.23076923076923078,0.3076923076923077,0.7182475290447428,1,True,5,True,0.7727272727272727
A320,engine_restart,ks,inertia_x1.6,22,22,0.13636363636363635,0.22727272727272727,1.0,1,True,7,True,0.6818181818181819
A320,engine_restart,regression,clo_+0.1,22,13,0.23076923076923078,0.38461538461538464,0.8790875790875792,1,True,17,True,0.2272727272727273
A320,engine_restart,regression,cmalpha_x0.7,22,13,0.23076923076923078,0.38461538461538464,0.8603381912205441,1,True,18,True,0.18181818181818177
A320,engine_restart,regression,cmq_x0.5,22,13,0.23076923076923078,0.38461538461538464,0.8530355265649383,1,True,5,True,0.7727272727272727
A320,engine_restart,regression,inertia_x1.6,22,22,0.13636363636363635,0.22727272727272727,1.0,1,True,3,True,0.8636363636363636
A320,engine_restart,sig_dynamic,clo_+0.1,22,13,0.23076923076923078,0.38461538461538464,0.767999342088411,1,True,17,True,0.2272727272727273
A320,engine_restart,sig_dynamic,cmalpha_x0.7,22,13,0.23076923076923078,0.38461538461538464,0.8194812665966513,1,True,16,True,0.2727272727272727
A320,engine_restart,sig_dynamic,cmq_x0.5,22,13,0.23076923076923078,0.38461538461538464,0.7756499870693728,1,True,3,True,0.8636363636363636
A320,engine_restart,sig_dynamic,inertia_x1.6,22,22,0.13636363636363635,0.22727272727272727,1.0,1,True,3,True,0.8636363636363636
A320,engine_restart,sig_static,clo_+0.1,22,13,0.23076923076923078,0.3076923076923077,0.6825156327359233,1,True,17,True,0.2272727272727273
A320,engine_restart,sig_static,cmalpha_x0.7,22,13,0.23076923076923078,0.38461538461538464,0.8644105894105896,1,True,18,True,0.18181818181818177
A320,engine_restart,sig_static,cmq_x0.5,22,13,0.23076923076923078,0.38461538461538464,0.8059881295175414,1,True,3,True,0.8636363636363636
A320,engine_restart,sig_static,inertia_x1.6,22,22,0.13636363636363635,0.22727272727272727,1.0,1,True,3,True,0.8636363636363636
A320,flap_extend,envelope,clo_+0.1,22,13,0.15384615384615385,0.15384615384615385,0.5991138016411891,1,True,15,True,0.31818181818181823
A320,flap_extend,envelope,cmalpha_x0.7,22,13,0.07692307692307693,0.15384615384615385,0.5858417699629894,1,True,21,True,0.045454545454545414
A320,flap_extend,envelope,cmq_x0.5,22,13,0.23076923076923078,0.3076923076923077,0.801667939903234,1,True,3,True,0.8636363636363636
A320,flap_extend,envelope,inertia_x1.6,22,22,0.13636363636363635,0.22727272727272727,1.0,1,True,6,True,0.7272727272727273
A320,flap_extend,iforest,clo_+0.1,22,13,0.15384615384615385,0.15384615384615385,0.6633653290029808,1,True,22,True,0.0
A320,flap_extend,iforest,cmalpha_x0.7,22,13,0.0,0.15384615384615385,0.6226923528959728,4,False,0,False,1.0
A320,flap_extend,iforest,cmq_x0.5,22,13,0.07692307692307693,0.23076923076923078,0.6744789953768281,1,True,0,False,1.0
A320,flap_extend,iforest,inertia_x1.6,22,22,0.13636363636363635,0.22727272727272727,1.0,1,True,0,False,1.0
A320,flap_extend,ks,clo_+0.1,22,13,0.15384615384615385,0.23076923076923078,0.6231094327069558,1,True,14,True,0.36363636363636365
A320,flap_extend,ks,cmalpha_x0.7,22,13,0.07692307692307693,0.07692307692307693,0.5341077669518964,2,False,13,True,0.40909090909090906
A320,flap_extend,ks,cmq_x0.5,22,13,0.23076923076923078,0.38461538461538464,0.851054714516253,1,True,1,True,0.9545454545454546
A320,flap_extend,ks,inertia_x1.6,22,22,0.13636363636363635,0.22727272727272727,1.0,1,True,3,True,0.8636363636363636
A320,flap_extend,regression,clo_+0.1,22,13,0.07692307692307693,0.15384615384615385,0.5750603720060733,2,False,18,True,0.18181818181818177
A320,flap_extend,regression,cmalpha_x0.7,22,13,0.23076923076923078,0.3076923076923077,0.7138686655357293,1,True,22,True,0.0
A320,flap_extend,regression,cmq_x0.5,22,13,0.15384615384615385,0.23076923076923078,0.6207100535541831,1,True,4,True,0.8181818181818181
A320,flap_extend,regression,inertia_x1.6,22,22,0.13636363636363635,0.22727272727272727,1.0,1,True,10,True,0.5454545454545454
A320,flap_extend,sig_dynamic,clo_+0.1,22,13,0.07692307692307693,0.23076923076923078,0.5912500904403738,3,False,16,True,0.2727272727272727
A320,flap_extend,sig_dynamic,cmalpha_x0.7,22,13,0.07692307692307693,0.15384615384615385,0.5175817259795589,3,False,18,True,0.18181818181818177
A320,flap_extend,sig_dynamic,cmq_x0.5,22,13,0.15384615384615385,0.23076923076923078,0.6392344771869658,1,True,1,True,0.9545454545454546
A320,flap_extend,sig_dynamic,inertia_x1.6,22,22,0.13636363636363635,0.22727272727272727,1.0,1,True,3,True,0.8636363636363636
A320,flap_extend,sig_static,clo_+0.1,22,13,0.07692307692307693,0.15384615384615385,0.5399719739919788,3,False,21,True,0.045454545454545414
A320,flap_extend,sig_static,cmalpha_x0.7,22,13,0.0,0.15384615384615385,0.5508131323176572,4,False,16,True,0.2727272727272727
A320,flap_extend,sig_static,cmq_x0.5,22,13,0.15384615384615385,0.23076923076923078,0.610464416837958,1,True,3,True,0.8636363636363636
A320,flap_extend,sig_static,inertia_x1.6,22,22,0.13636363636363635,0.22727272727272727,1.0,1,True,4,True,0.8181818181818181
A320,rudder_doublet,envelope,clo_+0.1,22,13,0.23076923076923078,0.38461538461538464,0.9819004524886878,1,True,4,True,0.8181818181818181
A320,rudder_doublet,envelope,cmalpha_x0.7,22,13,0.23076923076923078,0.38461538461538464,1.0,1,True,2,True,0.9090909090909091
A320,rudder_doublet,envelope,cmq_x0.5,22,13,0.23076923076923078,0.38461538461538464,0.9819004524886878,1,True,0,False,1.0
A320,rudder_doublet,envelope,inertia_x1.6,22,22,0.13636363636363635,0.22727272727272727,1.0,1,True,3,True,0.8636363636363636
A320,rudder_doublet,iforest,clo_+0.1,22,13,0.15384615384615385,0.15384615384615385,0.5038609164115236,2,False,22,True,0.0
A320,rudder_doublet,iforest,cmalpha_x0.7,22,13,0.23076923076923078,0.38461538461538464,0.8908082113964468,1,True,0,False,1.0
A320,rudder_doublet,iforest,cmq_x0.5,22,13,0.23076923076923078,0.23076923076923078,0.7142480326690853,1,True,0,False,1.0
A320,rudder_doublet,iforest,inertia_x1.6,22,22,0.13636363636363635,0.22727272727272727,1.0,1,True,0,False,1.0
A320,rudder_doublet,ks,clo_+0.1,22,13,0.23076923076923078,0.38461538461538464,0.8126955646692491,1,True,4,True,0.8181818181818181
A320,rudder_doublet,ks,cmalpha_x0.7,22,13,0.23076923076923078,0.38461538461538464,0.816129630603315,1,True,0,False,1.0
A320,rudder_doublet,ks,cmq_x0.5,22,13,0.23076923076923078,0.38461538461538464,0.7724788369525213,1,True,0,False,1.0
A320,rudder_doublet,ks,inertia_x1.6,22,22,0.13636363636363635,0.22727272727272727,1.0,1,True,0,False,1.0
A320,rudder_doublet,regression,clo_+0.1,22,13,0.23076923076923078,0.38461538461538464,0.8572966507177034,1,True,7,True,0.6818181818181819
A320,rudder_doublet,regression,cmalpha_x0.7,22,13,0.23076923076923078,0.38461538461538464,0.9575424575424576,1,True,11,True,0.5
A320,rudder_doublet,regression,cmq_x0.5,22,13,0.23076923076923078,0.23076923076923078,0.6684764667736804,1,True,3,True,0.8636363636363636
A320,rudder_doublet,regression,inertia_x1.6,22,22,0.13636363636363635,0.22727272727272727,1.0,1,True,7,True,0.6818181818181819
A320,rudder_doublet,sig_dynamic,clo_+0.1,22,13,0.23076923076923078,0.38461538461538464,0.8446186292340138,1,True,2,True,0.9090909090909091
A320,rudder_doublet,sig_dynamic,cmalpha_x0.7,22,13,0.23076923076923078,0.38461538461538464,0.9855769230769231,1,True,4,True,0.8181818181818181
A320,rudder_doublet,sig_dynamic,cmq_x0.5,22,13,0.23076923076923078,0.3076923076923077,0.7331027906760225,1,True,1,False,0.9545454545454546
A320,rudder_doublet,sig_dynamic,inertia_x1.6,22,22,0.13636363636363635,0.22727272727272727,1.0,1,True,1,True,0.9545454545454546
A320,rudder_doublet,sig_static,clo_+0.1,22,13,0.15384615384615385,0.3076923076923077,0.8266299939376863,1,True,1,True,0.9545454545454546
A320,rudder_doublet,sig_static,cmalpha_x0.7,22,13,0.23076923076923078,0.38461538461538464,0.9697913422609779,1,True,4,True,0.8181818181818181
A320,rudder_doublet,sig_static,cmq_x0.5,22,13,0.23076923076923078,0.38461538461538464,0.7678591274566506,1,True,1,False,0.9545454545454546
A320,rudder_doublet,sig_static,inertia_x1.6,22,22,0.13636363636363635,0.22727272727272727,1.0,1,True,1,True,0.9545454545454546
A320,throttle_step,envelope,clo_+0.1,22,13,0.23076923076923078,0.3076923076923077,0.7191023286998519,1,True,8,True,0.6363636363636364
A320,throttle_step,envelope,cmalpha_x0.7,22,13,0.23076923076923078,0.3076923076923077,0.7274814889008745,1,True,5,True,0.7727272727272727
A320,throttle_step,envelope,cmq_x0.5,22,13,0.15384615384615385,0.3076923076923077,0.7210856395066921,1,True,3,True,0.8636363636363636
A320,throttle_step,envelope,inertia_x1.6,22,22,0.13636363636363635,0.22727272727272727,1.0,1,True,6,True,0.7272727272727273
A320,throttle_step,iforest,clo_+0.1,22,13,0.23076923076923078,0.3076923076923077,0.8599347233962618,1,True,22,True,0.0
A320,throttle_step,iforest,cmalpha_x0.7,22,13,0.23076923076923078,0.38461538461538464,0.944643413266895,1,True,0,False,1.0
A320,throttle_step,iforest,cmq_x0.5,22,13,0.23076923076923078,0.38461538461538464,0.9070329243406167,1,True,0,False,1.0
A320,throttle_step,iforest,inertia_x1.6,22,22,0.13636363636363635,0.22727272727272727,1.0,1,True,0,False,1.0
A320,throttle_step,ks,clo_+0.1,22,13,0.23076923076923078,0.38461538461538464,0.803312708962864,1,True,4,True,0.8181818181818181
A320,throttle_step,ks,cmalpha_x0.7,22,13,0.23076923076923078,0.38461538461538464,0.7757108990081127,1,True,0,False,1.0
A320,throttle_step,ks,cmq_x0.5,22,13,0.23076923076923078,0.38461538461538464,0.7757108990081127,1,True,0,False,1.0
A320,throttle_step,ks,inertia_x1.6,22,22,0.13636363636363635,0.22727272727272727,1.0,1,True,0,False,1.0
A320,throttle_step,regression,clo_+0.1,22,13,0.23076923076923078,0.3076923076923077,0.8593101343101343,1,True,17,True,0.2272727272727273
A320,throttle_step,regression,cmalpha_x0.7,22,13,0.23076923076923078,0.38461538461538464,0.9088952713952714,1,True,11,True,0.5
A320,throttle_step,regression,cmq_x0.5,22,13,0.23076923076923078,0.38461538461538464,0.7333116316088453,1,True,6,True,0.7272727272727273
A320,throttle_step,regression,inertia_x1.6,22,22,0.13636363636363635,0.22727272727272727,1.0,1,True,7,True,0.6818181818181819
A320,throttle_step,sig_dynamic,clo_+0.1,22,13,0.23076923076923078,0.38461538461538464,0.875979575979576,1,True,12,True,0.4545454545454546
A320,throttle_step,sig_dynamic,cmalpha_x0.7,22,13,0.23076923076923078,0.38461538461538464,0.8001401376401377,1,True,8,True,0.6363636363636364
A320,throttle_step,sig_dynamic,cmq_x0.5,22,13,0.23076923076923078,0.23076923076923078,0.6875471020207862,1,True,1,True,0.9545454545454546
A320,throttle_step,sig_dynamic,inertia_x1.6,22,22,0.13636363636363635,0.22727272727272727,1.0,1,True,2,True,0.9090909090909091
A320,throttle_step,sig_static,clo_+0.1,22,13,0.23076923076923078,0.38461538461538464,0.7992597483488174,1,True,3,True,0.8636363636363636
A320,throttle_step,sig_static,cmalpha_x0.7,22,13,0.23076923076923078,0.38461538461538464,0.8895479520479521,1,True,5,True,0.7727272727272727
A320,throttle_step,sig_static,cmq_x0.5,22,13,0.15384615384615385,0.3076923076923077,0.7374890318329232,1,True,1,True,0.9545454545454546
A320,throttle_step,sig_static,inertia_x1.6,22,22,0.13636363636363635,0.22727272727272727,1.0,1,True,1,True,0.9545454545454546
A4,aileron_step,envelope,clo_+0.1,22,13,0.23076923076923078,0.38461538461538464,0.7429500324237167,1,True,19,True,0.13636363636363635
A4,aileron_step,envelope,cmalpha_x0.7,22,13,0.23076923076923078,0.38461538461538464,0.9897435897435898,1,True,2,True,0.9090909090909091
A4,aileron_step,envelope,cmq_x0.5,22,13,0.23076923076923078,0.38461538461538464,0.9553113553113554,1,True,2,True,0.9090909090909091
A4,aileron_step,envelope,inertia_x1.6,22,22,0.13636363636363635,0.22727272727272727,1.0,1,True,5,True,0.7727272727272727
A4,aileron_step,iforest,clo_+0.1,22,13,0.23076923076923078,0.38461538461538464,1.0,1,True,22,True,0.0
A4,aileron_step,iforest,cmalpha_x0.7,22,13,0.23076923076923078,0.3076923076923077,0.7360856893364633,1,True,0,False,1.0
A4,aileron_step,iforest,cmq_x0.5,22,13,0.07692307692307693,0.23076923076923078,0.5061862973627679,3,False,0,False,1.0
A4,aileron_step,iforest,inertia_x1.6,22,22,0.13636363636363635,0.22727272727272727,1.0,1,True,0,False,1.0
A4,aileron_step,ks,clo_+0.1,22,13,0.07692307692307693,0.07692307692307693,0.525117048414262,1,True,17,True,0.2272727272727273
A4,aileron_step,ks,cmalpha_x0.7,22,13,0.23076923076923078,0.23076923076923078,0.6020803628775765,1,True,2,True,0.9090909090909091
A4,aileron_step,ks,cmq_x0.5,22,13,0.23076923076923078,0.23076923076923078,0.5931982193800484,1,True,1,True,0.9545454545454546
A4,aileron_step,ks,inertia_x1.6,22,22,0.13636363636363635,0.22727272727272727,1.0,1,True,5,True,0.7727272727272727
A4,aileron_step,regression,clo_+0.1,22,13,0.23076923076923078,0.38461538461538464,0.7929924263902592,1,True,22,True,0.0
A4,aileron_step,regression,cmalpha_x0.7,22,13,0.23076923076923078,0.38461538461538464,0.7816328930522788,1,True,4,True,0.8181818181818181
A4,aileron_step,regression,cmq_x0.5,22,13,0.15384615384615385,0.3076923076923077,0.6118372726344862,1,True,2,True,0.9090909090909091
A4,aileron_step,regression,inertia_x1.6,22,22,0.13636363636363635,0.22727272727272727,1.0,1,True,10,True,0.5454545454545454
A4,aileron_step,sig_dynamic,clo_+0.1,22,13,0.15384615384615385,0.23076923076923078,0.6419493911396745,1,True,17,True,0.2272727272727273
A4,aileron_step,sig_dynamic,cmalpha_x0.7,22,13,0.23076923076923078,0.38461538461538464,0.908813572048866,1,True,8,True,0.6363636363636364
A4,aileron_step,sig_dynamic,cmq_x0.5,22,13,0.23076923076923078,0.38461538461538464,0.7543482119214437,1,True,4,True,0.8181818181818181
A4,aileron_step,sig_dynamic,inertia_x1.6,22,22,0.13636363636363635,0.22727272727272727,1.0,1,True,10,True,0.5454545454545454
A4,aileron_step,sig_static,clo_+0.1,22,13,0.15384615384615385,0.3076923076923077,0.7051195543098376,1,True,16,True,0.2727272727272727
A4,aileron_step,sig_static,cmalpha_x0.7,22,13,0.23076923076923078,0.38461538461538464,0.9123673335211796,1,True,7,True,0.6818181818181819
A4,aileron_step,sig_static,cmq_x0.5,22,13,0.23076923076923078,0.38461538461538464,0.8906187379871591,1,True,3,True,0.8636363636363636
A4,aileron_step,sig_static,inertia_x1.6,22,22,0.13636363636363635,0.22727272727272727,1.0,1,True,5,True,0.7727272727272727
A4,bank_hold,envelope,clo_+0.1,22,13,0.23076923076923078,0.23076923076923078,0.6087841982578823,1,True,19,True,0.13636363636363635
A4,bank_hold,envelope,cmalpha_x0.7,22,13,0.23076923076923078,0.38461538461538464,0.7755908872424708,1,True,14,True,0.36363636363636365
A4,bank_hold,envelope,cmq_x0.5,22,13,0.23076923076923078,0.38461538461538464,0.8424050308665693,1,True,13,True,0.40909090909090906
A4,bank_hold,envelope,inertia_x1.6,22,22,0.13636363636363635,0.22727272727272727,1.0,1,True,15,True,0.31818181818181823
A4,bank_hold,iforest,clo_+0.1,22,13,0.23076923076923078,0.38461538461538464,0.9625800293221107,1,True,22,True,0.0
A4,bank_hold,iforest,cmalpha_x0.7,22,13,0.23076923076923078,0.3076923076923077,0.658950941625388,1,True,0,False,1.0
A4,bank_hold,iforest,cmq_x0.5,22,13,0.15384615384615385,0.3076923076923077,0.583392922866607,2,False,0,False,1.0
A4,bank_hold,iforest,inertia_x1.6,22,22,0.13636363636363635,0.22727272727272727,1.0,1,True,0,False,1.0
A4,bank_hold,ks,clo_+0.1,22,13,0.07692307692307693,0.07692307692307693,0.5275823102567565,1,True,13,True,0.40909090909090906
A4,bank_hold,ks,cmalpha_x0.7,22,13,0.15384615384615385,0.3076923076923077,0.8008288719827181,2,False,8,True,0.6363636363636364
A4,bank_hold,ks,cmq_x0.5,22,13,0.15384615384615385,0.3076923076923077,0.7946571402453754,2,False,7,True,0.6818181818181819
A4,bank_hold,ks,inertia_x1.6,22,22,0.13636363636363635,0.22727272727272727,1.0,1,True,11,True,0.5
A4,bank_hold,regression,clo_+0.1,22,13,0.23076923076923078,0.38461538461538464,0.8159629843840369,1,True,19,True,0.13636363636363635
A4,bank_hold,regression,cmalpha_x0.7,22,13,0.15384615384615385,0.3076923076923077,0.685360399834084,2,False,8,True,0.6363636363636364
A4,bank_hold,regression,cmq_x0.5,22,13,0.15384615384615385,0.3076923076923077,0.6272958525161431,2,False,6,True,0.7272727272727273
A4,bank_hold,regression,inertia_x1.6,22,22,0.13636363636363635,0.22727272727272727,1.0,1,True,9,True,0.5909090909090908
A4,bank_hold,sig_dynamic,clo_+0.1,22,13,0.0,0.0,0.4866317694371993,6,False,16,True,0.2727272727272727
A4,bank_hold,sig_dynamic,cmalpha_x0.7,22,13,0.23076923076923078,0.3076923076923077,0.6852804960777098,1,True,2,True,0.9090909090909091
A4,bank_hold,sig_dynamic,cmq_x0.5,22,13,0.0,0.0,0.418644461172444,8,False,0,False,1.0
A4,bank_hold,sig_dynamic,inertia_x1.6,22,22,0.13636363636363635,0.22727272727272727,1.0,1,True,5,True,0.7727272727272727
A4,bank_hold,sig_static,clo_+0.1,22,13,0.15384615384615385,0.23076923076923078,0.6129938688762219,2,False,16,True,0.2727272727272727
A4,bank_hold,sig_static,cmalpha_x0.7,22,13,0.23076923076923078,0.3076923076923077,0.6852804960777098,1,True,2,True,0.9090909090909091
A4,bank_hold,sig_static,cmq_x0.5,22,13,0.15384615384615385,0.15384615384615385,0.545781213309196,1,True,0,False,1.0
A4,bank_hold,sig_static,inertia_x1.6,22,22,0.13636363636363635,0.22727272727272727,1.0,1,True,3,True,0.8636363636363636
A4,climbing_turn,envelope,clo_+0.1,22,13,0.23076923076923078,0.23076923076923078,0.6084993689066086,1,True,19,True,0.13636363636363635
A4,climbing_turn,envelope,cmalpha_x0.7,22,13,0.23076923076923078,0.38461538461538464,0.9009490509490511,1,True,16,True,0.2727272727272727
A4,climbing_turn,envelope,cmq_x0.5,22,13,0.23076923076923078,0.23076923076923078,0.6002988110960247,1,True,3,True,0.8636363636363636
A4,climbing_turn,envelope,inertia_x1.6,22,22,0.13636363636363635,0.22727272727272727,1.0,1,True,8,True,0.6363636363636364
A4,climbing_turn,iforest,clo_+0.1,22,13,0.23076923076923078,0.38461538461538464,0.8773030190153315,1,True,22,True,0.0
A4,climbing_turn,iforest,cmalpha_x0.7,22,13,0.23076923076923078,0.38461538461538464,0.9138261033771868,1,True,0,False,1.0
A4,climbing_turn,iforest,cmq_x0.5,22,13,0.23076923076923078,0.23076923076923078,0.7606567577721423,1,True,0,False,1.0
A4,climbing_turn,iforest,inertia_x1.6,22,22,0.13636363636363635,0.22727272727272727,1.0,1,True,0,False,1.0
A4,climbing_turn,ks,clo_+0.1,22,13,0.23076923076923078,0.3076923076923077,0.7053237360929671,1,True,17,True,0.2272727272727273
A4,climbing_turn,ks,cmalpha_x0.7,22,13,0.23076923076923078,0.3076923076923077,0.9101362312900775,1,True,9,True,0.5909090909090908
A4,climbing_turn,ks,cmq_x0.5,22,13,0.23076923076923078,0.23076923076923078,0.6602678641646252,1,True,1,True,0.9545454545454546
A4,climbing_turn,ks,inertia_x1.6,22,22,0.13636363636363635,0.22727272727272727,1.0,1,True,0,False,1.0
A4,climbing_turn,regression,clo_+0.1,22,13,0.23076923076923078,0.23076923076923078,0.6475373928815225,1,True,22,True,0.0
A4,climbing_turn,regression,cmalpha_x0.7,22,13,0.15384615384615385,0.3076923076923077,0.80912600471424,2,False,20,True,0.09090909090909094
A4,climbing_turn,regression,cmq_x0.5,22,13,0.15384615384615385,0.3076923076923077,0.6954767454767455,2,False,7,True,0.6818181818181819
A4,climbing_turn,regression,inertia_x1.6,22,22,0.13636363636363635,0.22727272727272727,1.0,1,True,14,True,0.36363636363636365
A4,climbing_turn,sig_dynamic,clo_+0.1,22,13,0.15384615384615385,0.3076923076923077,0.6850407762172469,1,True,20,True,0.09090909090909094
A4,climbing_turn,sig_dynamic,cmalpha_x0.7,22,13,0.23076923076923078,0.38461538461538464,0.9562040523578985,1,True,8,True,0.6363636363636364
A4,climbing_turn,sig_dynamic,cmq_x0.5,22,13,0.23076923076923078,0.38461538461538464,0.9212787212787212,1,True,2,True,0.9090909090909091
A4,climbing_turn,sig_dynamic,inertia_x1.6,22,22,0.13636363636363635,0.22727272727272727,1.0,1,True,2,True,0.9090909090909091
A4,climbing_turn,sig_static,clo_+0.1,22,13,0.15384615384615385,0.3076923076923077,0.6520306104284432,2,False,17,True,0.2272727272727273
A4,climbing_turn,sig_static,cmalpha_x0.7,22,13,0.23076923076923078,0.38461538461538464,0.9562040523578985,1,True,7,True,0.6818181818181819
A4,climbing_turn,sig_static,cmq_x0.5,22,13,0.23076923076923078,0.38461538461538464,0.8972265479618421,1,True,0,False,1.0
A4,climbing_turn,sig_static,inertia_x1.6,22,22,0.13636363636363635,0.22727272727272727,1.0,1,True,0,False,1.0
A4,cruise,envelope,clo_+0.1,22,13,0.07692307692307693,0.23076923076923078,0.5349582676327139,2,False,16,True,0.2727272727272727
A4,cruise,envelope,cmalpha_x0.7,22,13,0.23076923076923078,0.3076923076923077,0.7813549698165082,1,True,8,True,0.6363636363636364
A4,cruise,envelope,cmq_x0.5,22,13,0.23076923076923078,0.38461538461538464,0.8859045366398307,1,True,4,True,0.8181818181818181
A4,cruise,envelope,inertia_x1.6,22,22,0.13636363636363635,0.22727272727272727,1.0,1,True,6,True,0.7272727272727273
A4,cruise,iforest,clo_+0.1,22,13,0.15384615384615385,0.23076923076923078,0.6997662593816442,1,True,22,True,0.0
A4,cruise,iforest,cmalpha_x0.7,22,13,0.23076923076923078,0.38461538461538464,0.9885883347421809,1,True,0,False,1.0
A4,cruise,iforest,cmq_x0.5,22,13,0.07692307692307693,0.07692307692307693,0.4839592666337128,2,False,0,False,1.0
A4,cruise,iforest,inertia_x1.6,22,22,0.13636363636363635,0.22727272727272727,1.0,1,True,0,False,1.0
A4,cruise,ks,clo_+0.1,22,13,0.15384615384615385,0.15384615384615385,0.6337881691090789,1,True,12,True,0.4545454545454546
A4,cruise,ks,cmalpha_x0.7,22,13,0.23076923076923078,0.3076923076923077,0.8056705665005259,1,True,8,True,0.6363636363636364
A4,cruise,ks,cmq_x0.5,22,13,0.23076923076923078,0.3076923076923077,0.7972918107533492,1,True,0,False,1.0
A4,cruise,ks,inertia_x1.6,22,22,0.13636363636363635,0.22727272727272727,1.0,1,True,3,True,0.8636363636363636
A4,cruise,regression,clo_+0.1,22,13,0.15384615384615385,0.23076923076923078,0.7180652680652682,1,True,17,True,0.2272727272727273
A4,cruise,regression,cmalpha_x0.7,22,13,0.23076923076923078,0.3076923076923077,0.6612138575879943,1,True,6,True,0.7272727272727273
A4,cruise,regression,cmq_x0.5,22,13,0.07692307692307693,0.15384615384615385,0.5055505038477175,3,False,3,True,0.8636363636363636
A4,cruise,regression,inertia_x1.6,22,22,0.13636363636363635,0.22727272727272727,1.0,1,True,5,True,0.7727272727272727
A4,cruise,sig_dynamic,clo_+0.1,22,13,0.15384615384615385,0.3076923076923077,0.7383735803240448,1,True,10,True,0.5454545454545454
A4,cruise,sig_dynamic,cmalpha_x0.7,22,13,0.23076923076923078,0.38461538461538464,0.7732001916212443,1,True,7,True,0.6818181818181819
A4,cruise,sig_dynamic,cmq_x0.5,22,13,0.15384615384615385,0.3076923076923077,0.6882569234766187,1,True,0,False,1.0
A4,cruise,sig_dynamic,inertia_x1.6,22,22,0.13636363636363635,0.22727272727272727,1.0,1,True,1,True,0.9545454545454546
A4,cruise,sig_static,clo_+0.1,22,13,0.15384615384615385,0.3076923076923077,0.7383735803240448,1,True,10,True,0.5454545454545454
A4,cruise,sig_static,cmalpha_x0.7,22,13,0.23076923076923078,0.38461538461538464,0.7732001916212443,1,True,7,True,0.6818181818181819
A4,cruise,sig_static,cmq_x0.5,22,13,0.15384615384615385,0.3076923076923077,0.6882569234766187,1,True,0,False,1.0
A4,cruise,sig_static,inertia_x1.6,22,22,0.13636363636363635,0.22727272727272727,1.0,1,True,1,True,0.9545454545454546
A4,elev_doublet,envelope,clo_+0.1,22,13,0.0,0.15384615384615385,0.48563871628887106,4,False,11,True,0.5
A4,elev_doublet,envelope,cmalpha_x0.7,22,13,0.15384615384615385,0.23076923076923078,0.601519667916429,1,True,13,True,0.40909090909090906
A4,elev_doublet,envelope,cmq_x0.5,22,13,0.23076923076923078,0.38461538461538464,0.7754230811923121,1,True,5,True,0.7727272727272727
A4,elev_doublet,envelope,inertia_x1.6,22,22,0.13636363636363635,0.22727272727272727,1.0,1,True,7,True,0.6818181818181819
A4,elev_doublet,iforest,clo_+0.1,22,13,0.23076923076923078,0.3076923076923077,0.7034556946321652,1,True,22,True,0.0
A4,elev_doublet,iforest,cmalpha_x0.7,22,13,0.23076923076923078,0.23076923076923078,0.7577579194243875,1,True,2,True,0.9090909090909091
A4,elev_doublet,iforest,cmq_x0.5,22,13,0.15384615384615385,0.3076923076923077,0.793968525851117,1,True,22,True,0.0
A4,elev_doublet,iforest,inertia_x1.6,22,22,0.13636363636363635,0.22727272727272727,1.0,1,True,22,True,0.0
A4,elev_doublet,ks,clo_+0.1,22,13,0.23076923076923078,0.23076923076923078,0.6544026423551309,1,True,8,True,0.6363636363636364
A4,elev_doublet,ks,cmalpha_x0.7,22,13,0.15384615384615385,0.23076923076923078,0.6356993685047984,1,True,7,True,0.6818181818181819
A4,elev_doublet,ks,cmq_x0.5,22,13,0.07692307692307693,0.23076923076923078,0.5770505472934622,3,False,6,True,0.7272727272727273
A4,elev_doublet,ks,inertia_x1.6,22,22,0.13636363636363635,0.22727272727272727,1.0,1,True,8,True,0.6363636363636364
A4,elev_doublet,regression,clo_+0.1,22,13,0.0,0.15384615384615385,0.5822460602824976,4,False,19,True,0.13636363636363635
A4,elev_doublet,regression,cmalpha_x0.7,22,13,0.07692307692307693,0.07692307692307693,0.5030963575468219,3,False,14,True,0.36363636363636365
A4,elev_doublet,regression,cmq_x0.5,22,13,0.0,0.07692307692307693,0.46473141845849625,5,False,8,True,0.6363636363636364
A4,elev_doublet,regression,inertia_x1.6,22,22,0.13636363636363635,0.22727272727272727,1.0,1,True,14,True,0.36363636363636365
A4,elev_doublet,sig_dynamic,clo_+0.1,22,13,0.15384615384615385,0.3076923076923077,0.6673260751315051,1,True,13,True,0.40909090909090906
A4,elev_doublet,sig_dynamic,cmalpha_x0.7,22,13,0.23076923076923078,0.38461538461538464,0.9514652014652014,1,True,4,True,0.8181818181818181
A4,elev_doublet,sig_dynamic,cmq_x0.5,22,13,0.23076923076923078,0.38461538461538464,0.8781926406926407,1,True,0,False,1.0
A4,elev_doublet,sig_dynamic,inertia_x1.6,22,22,0.13636363636363635,0.22727272727272727,1.0,1,True,2,True,0.9090909090909091
A4,elev_doublet,sig_static,clo_+0.1,22,13,0.15384615384615385,0.3076923076923077,0.6713009213009212,2,False,10,True,0.5454545454545454
A4,elev_doublet,sig_static,cmalpha_x0.7,22,13,0.23076923076923078,0.3076923076923077,0.8098936320090165,1,True,4,True,0.8181818181818181
A4,elev_doublet,sig_static,cmq_x0.5,22,13,0.15384615384615385,0.3076923076923077,0.6213642008146653,2,False,0,False,1.0
A4,elev_doublet,sig_static,inertia_x1.6,22,22,0.13636363636363635,0.22727272727272727,1.0,1,True,0,False,1.0
A4,elev_doublet_distractor,envelope,clo_+0.1,22,13,0.23076923076923078,0.23076923076923078,0.6084993689066086,1,True,13,True,0.40909090909090906
A4,elev_doublet_distractor,envelope,cmalpha_x0.7,22,13,0.23076923076923078,0.38461538461538464,0.8611388611388612,1,True,2,True,0.9090909090909091
A4,elev_doublet_distractor,envelope,cmq_x0.5,22,13,0.23076923076923078,0.38461538461538464,0.876889776889777,1,True,2,True,0.9090909090909091
A4,elev_doublet_distractor,envelope,inertia_x1.6,22,22,0.13636363636363635,0.22727272727272727,1.0,1,True,2,True,0.9090909090909091
A4,elev_doublet_distractor,iforest,clo_+0.1,22,13,0.23076923076923078,0.3076923076923077,0.6716661880629492,1,True,22,True,0.0
A4,elev_doublet_distractor,iforest,cmalpha_x0.7,22,13,0.23076923076923078,0.3076923076923077,0.7961956846572231,1,True,0,False,1.0
A4,elev_doublet_distractor,iforest,cmq_x0.5,22,13,0.23076923076923078,0.23076923076923078,0.6877188600872812,1,True,0,False,1.0
A4,elev_doublet_distractor,iforest,inertia_x1.6,22,22,0.13636363636363635,0.22727272727272727,1.0,1,True,0,False,1.0
A4,elev_doublet_distractor,ks,clo_+0.1,22,13,0.23076923076923078,0.23076923076923078,0.603987712692166,1,True,11,True,0.5
A4,elev_doublet_distractor,ks,cmalpha_x0.7,22,13,0.23076923076923078,0.38461538461538464,0.8305619217383924,1,True,2,True,0.9090909090909091
A4,elev_doublet_distractor,ks,cmq_x0.5,22,13,0.23076923076923078,0.38461538461538464,0.7776826372801605,1,True,0,False,1.0
A4,elev_doublet_distractor,ks,inertia_x1.6,22,22,0.13636363636363635,0.22727272727272727,1.0,1,True,0,False,1.0
A4,elev_doublet_distractor,regression,clo_+0.1,22,13,0.23076923076923078,0.38461538461538464,0.928232878232878,1,True,19,True,0.13636363636363635
A4,elev_doublet_distractor,regression,cmalpha_x0.7,22,13,0.23076923076923078,0.38461538461538464,0.891819291819292,1,True,8,True,0.6363636363636364
A4,elev_doublet_distractor,regression,cmq_x0.5,22,13,0.15384615384615385,0.3076923076923077,0.6069123144855462,2,False,6,True,0.7272727272727273
A4,elev_doublet_distractor,regression,inertia_x1.6,22,22,0.13636363636363635,0.22727272727272727,1.0,1,True,8,True,0.6363636363636364
A4,elev_doublet_distractor,sig_dynamic,clo_+0.1,22,13,0.23076923076923078,0.23076923076923078,0.6212560213066285,1,True,15,True,0.31818181818181823
A4,elev_doublet_distractor,sig_dynamic,cmalpha_x0.7,22,13,0.15384615384615385,0.3076923076923077,0.6662328770300907,1,True,4,True,0.8181818181818181
A4,elev_doublet_distractor,sig_dynamic,cmq_x0.5,22,13,0.15384615384615385,0.3076923076923077,0.5477347085319221,2,False,0,False,1.0
A4,elev_doublet_distractor,sig_dynamic,inertia_x1.6,22,22,0.13636363636363635,0.22727272727272727,1.0,1,True,6,True,0.7272727272727273
A4,elev_doublet_distractor,sig_static,clo_+0.1,22,13,0.23076923076923078,0.23076923076923078,0.6462902482133251,1,True,15,True,0.31818181818181823
A4,elev_doublet_distractor,sig_static,cmalpha_x0.7,22,13,0.15384615384615385,0.3076923076923077,0.7098073581045719,1,True,2,True,0.9090909090909091
A4,elev_doublet_distractor,sig_static,cmq_x0.5,22,13,0.15384615384615385,0.23076923076923078,0.5613946596918733,2,False,0,False,1.0
A4,elev_doublet_distractor,sig_static,inertia_x1.6,22,22,0.13636363636363635,0.22727272727272727,1.0,1,True,1,True,0.9545454545454546
A4,elev_step,envelope,clo_+0.1,22,13,0.07692307692307693,0.15384615384615385,0.49409760280205617,3,False,19,True,0.13636363636363635
A4,elev_step,envelope,cmalpha_x0.7,22,13,0.15384615384615385,0.3076923076923077,0.6567528506263918,1,True,16,True,0.2727272727272727
A4,elev_step,envelope,cmq_x0.5,22,13,0.23076923076923078,0.3076923076923077,0.7374956491472328,1,True,11,True,0.5
A4,elev_step,envelope,inertia_x1.6,22,22,0.13636363636363635,0.22727272727272727,1.0,1,True,10,True,0.5454545454545454
A4,elev_step,iforest,clo_+0.1,22,13,0.23076923076923078,0.38461538461538464,0.8466437659876573,1,True,22,True,0.0
A4,elev_step,iforest,cmalpha_x0.7,22,13,0.15384615384615385,0.3076923076923077,0.7031335061699434,1,True,15,True,0.31818181818181823
A4,elev_step,iforest,cmq_x0.5,22,13,0.15384615384615385,0.23076923076923078,0.5944487771232233,1,True,21,True,0.045454545454545414
A4,elev_step,iforest,inertia_x1.6,22,22,0.13636363636363635,0.22727272727272727,1.0,1,True,20,True,0.09090909090909094
A4,elev_step,ks,clo_+0.1,22,13,0.0,0.15384615384615385,0.5765535548043288,4,False,15,True,0.31818181818181823
A4,elev_step,ks,cmalpha_x0.7,22,13,0.23076923076923078,0.38461538461538464,0.7496384592359825,1,True,12,True,0.4545454545454546
A4,elev_step,ks,cmq_x0.5,22,13,0.07692307692307693,0.23076923076923078,0.6536060430797274,1,True,4,True,0.8181818181818181
A4,elev_step,ks,inertia_x1.6,22,22,0.13636363636363635,0.22727272727272727,1.0,1,True,4,True,0.8181818181818181
A4,elev_step,regression,clo_+0.1,22,13,0.15384615384615385,0.23076923076923078,0.7968045843045842,1,True,18,True,0.18181818181818177
A4,elev_step,regression,cmalpha_x0.7,22,13,0.23076923076923078,0.38461538461538464,0.9945054945054945,1,True,20,True,0.09090909090909094
A4,elev_step,regression,cmq_x0.5,22,13,0.23076923076923078,0.38461538461538464,0.8002635522372366,1,True,9,True,0.5909090909090908
A4,elev_step,regression,inertia_x1.6,22,22,0.13636363636363635,0.22727272727272727,1.0,1,True,11,True,0.5
A4,elev_step,sig_dynamic,clo_+0.1,22,13,0.15384615384615385,0.3076923076923077,0.7066183816183818,2,False,17,True,0.2272727272727273
A4,elev_step,sig_dynamic,cmalpha_x0.7,22,13,0.23076923076923078,0.38461538461538464,0.8689877374087901,1,True,8,True,0.6363636363636364
A4,elev_step,sig_dynamic,cmq_x0.5,22,13,0.23076923076923078,0.3076923076923077,0.7248181642918485,1,True,0,False,1.0
A4,elev_step,sig_dynamic,inertia_x1.6,22,22,0.13636363636363635,0.22727272727272727,1.0,1,True,4,True,0.8181818181818181
A4,elev_step,sig_static,clo_+0.1,22,13,0.07692307692307693,0.15384615384615385,0.5712056043504007,3,False,16,True,0.2727272727272727
A4,elev_step,sig_static,cmalpha_x0.7,22,13,0.15384615384615385,0.23076923076923078,0.5955369063341199,1,True,2,True,0.9090909090909091
A4,elev_step,sig_static,cmq_x0.5,22,13,0.15384615384615385,0.23076923076923078,0.6293200349701897,1,True,0,False,1.0
A4,elev_step,sig_static,inertia_x1.6,22,22,0.13636363636363635,0.22727272727272727,1.0,1,True,1,True,0.9545454545454546
A4,flap_extend,envelope,clo_+0.1,22,13,0.15384615384615385,0.15384615384615385,0.5722645510928435,1,True,16,True,0.2727272727272727
A4,flap_extend,envelope,cmalpha_x0.7,22,13,0.23076923076923078,0.3076923076923077,0.7084960248927861,1,True,20,True,0.09090909090909094
A4,flap_extend,envelope,cmq_x0.5,22,13,0.15384615384615385,0.15384615384615385,0.5907189301926143,1,True,22,True,0.0
A4,flap_extend,envelope,inertia_x1.6,22,22,0.13636363636363635,0.22727272727272727,1.0,1,True,17,True,0.2272727272727273
A4,flap_extend,iforest,clo_+0.1,22,13,0.15384615384615385,0.15384615384615385,0.610447559637843,1,True,22,True,0.0
A4,flap_extend,iforest,cmalpha_x0.7,22,13,0.15384615384615385,0.23076923076923078,0.6258367637892525,1,True,19,True,0.13636363636363635
A4,flap_extend,iforest,cmq_x0.5,22,13,0.0,0.07692307692307693,0.505994106446595,4,False,21,True,0.045454545454545414
A4,flap_extend,iforest,inertia_x1.6,22,22,0.13636363636363635,0.22727272727272727,1.0,1,True,21,True,0.045454545454545414
A4,flap_extend,ks,clo_+0.1,22,13,0.15384615384615385,0.23076923076923078,0.7419471554086938,1,True,7,True,0.6818181818181819
A4,flap_extend,ks,cmalpha_x0.7,22,13,0.23076923076923078,0.3076923076923077,0.6942656269400731,1,True,19,True,0.13636363636363635
A4,flap_extend,ks,cmq_x0.5,22,13,0.15384615384615385,0.23076923076923078,0.5714986503269427,1,True,21,True,0.045454545454545414
A4,flap_extend,ks,inertia_x1.6,22,22,0.13636363636363635,0.22727272727272727,1.0,1,True,10,True,0.5454545454545454
A4,flap_extend,regression,clo_+0.1,22,13,0.15384615384615385,0.23076923076923078,0.6604214498951341,1,True,22,True,0.0
A4,flap_extend,regression,cmalpha_x0.7,22,13,0.15384615384615385,0.15384615384615385,0.5907471682745556,1,True,22,True,0.0
A4,flap_extend,regression,cmq_x0.5,22,13,0.15384615384615385,0.15384615384615385,0.5766477056456814,1,True,22,True,0.0
A4,flap_extend,regression,inertia_x1.6,22,22,0.13636363636363635,0.22727272727272727,1.0,1,True,22,True,0.0
A4,flap_extend,sig_dynamic,clo_+0.1,22,13,0.0,0.15384615384615385,0.5201854706379592,4,False,22,True,0.0
A4,flap_extend,sig_dynamic,cmalpha_x0.7,22,13,0.23076923076923078,0.23076923076923078,0.7044991951368469,1,True,14,True,0.36363636363636365
A4,flap_extend,sig_dynamic,cmq_x0.5,22,13,0.15384615384615385,0.23076923076923078,0.6731331702485549,1,True,14,True,0.36363636363636365
A4,flap_extend,sig_dynamic,inertia_x1.6,22,22,0.13636363636363635,0.22727272727272727,1.0,1,True,12,True,0.4545454545454546
A4,flap_extend,sig_static,clo_+0.1,22,13,0.0,0.15384615384615385,0.5812066756904815,4,False,20,True,0.09090909090909094
A4,flap_extend,sig_static,cmalpha_x0.7,22,13,0.15384615384615385,0.23076923076923078,0.6734103053941112,1,True,7,True,0.6818181818181819
A4,flap_extend,sig_static,cmq_x0.5,22,13,0.15384615384615385,0.3076923076923077,0.781043590912012,1,True,7,True,0.6818181818181819
A4,flap_extend,sig_static,inertia_x1.6,22,22,0.13636363636363635,0.22727272727272727,1.0,1,True,2,True,0.9090909090909091
A4,rudder_doublet,envelope,clo_+0.1,22,13,0.23076923076923078,0.23076923076923078,0.6363671151954077,1,True,16,True,0.2727272727272727
A4,rudder_doublet,envelope,cmalpha_x0.7,22,13,0.23076923076923078,0.38461538461538464,0.9355644355644356,1,True,5,True,0.7727272727272727
A4,rudder_doublet,envelope,cmq_x0.5,22,13,0.23076923076923078,0.38461538461538464,0.9355644355644356,1,True,2,True,0.9090909090909091
A4,rudder_doublet,envelope,inertia_x1.6,22,22,0.13636363636363635,0.22727272727272727,1.0,1,True,4,True,0.8181818181818181
A4,rudder_doublet,iforest,clo_+0.1,22,13,0.23076923076923078,0.38461538461538464,0.8568003577618962,1,True,22,True,0.0
A4,rudder_doublet,iforest,cmalpha_x0.7,22,13,0.23076923076923078,0.38461538461538464,0.8724929168368081,1,True,17,True,0.2272727272727273
A4,rudder_doublet,iforest,cmq_x0.5,22,13,0.23076923076923078,0.38461538461538464,0.8662833898128016,1,True,0,False,1.0
A4,rudder_doublet,iforest,inertia_x1.6,22,22,0.13636363636363635,0.22727272727272727,1.0,1,True,0,False,1.0
A4,rudder_doublet,ks,clo_+0.1,22,13,0.23076923076923078,0.38461538461538464,0.9455374753451676,1,True,6,True,0.7272727272727273
A4,rudder_doublet,ks,cmalpha_x0.7,22,13,0.15384615384615385,0.3076923076923077,0.7921348107582925,1,True,1,True,0.9545454545454546
A4,rudder_doublet,ks,cmq_x0.5,22,13,0.07692307692307693,0.23076923076923078,0.720272462580155,3,False,0,False,1.0
A4,rudder_doublet,ks,inertia_x1.6,22,22,0.13636363636363635,0.22727272727272727,1.0,1,True,0,False,1.0
A4,rudder_doublet,regression,clo_+0.1,22,13,0.23076923076923078,0.38461538461538464,0.8820986705602091,1,True,18,True,0.18181818181818177
A4,rudder_doublet,regression,cmalpha_x0.7,22,13,0.23076923076923078,0.38461538461538464,0.8106656501393346,1,True,5,True,0.7727272727272727
A4,rudder_doublet,regression,cmq_x0.5,22,13,0.23076923076923078,0.23076923076923078,0.6318157960691898,1,True,3,True,0.8636363636363636
A4,rudder_doublet,regression,inertia_x1.6,22,22,0.13636363636363635,0.22727272727272727,1.0,1,True,7,True,0.6818181818181819
A4,rudder_doublet,sig_dynamic,clo_+0.1,22,13,0.23076923076923078,0.23076923076923078,0.6048775656747792,1,True,10,True,0.5454545454545454
A4,rudder_doublet,sig_dynamic,cmalpha_x0.7,22,13,0.15384615384615385,0.3076923076923077,0.7878232878232878,1,True,4,True,0.8181818181818181
A4,rudder_doublet,sig_dynamic,cmq_x0.5,22,13,0.15384615384615385,0.3076923076923077,0.5654275549012391,2,False,0,False,1.0
A4,rudder_doublet,sig_dynamic,inertia_x1.6,22,22,0.13636363636363635,0.22727272727272727,1.0,1,True,0,False,1.0
A4,rudder_doublet,sig_static,clo_+0.1,22,13,0.23076923076923078,0.23076923076923078,0.6002988110960247,1,True,12,True,0.4545454545454546
A4,rudder_doublet,sig_static,cmalpha_x0.7,22,13,0.15384615384615385,0.3076923076923077,0.7991159425369952,1,True,5,True,0.7727272727272727
A4,rudder_doublet,sig_static,cmq_x0.5,22,13,0.15384615384615385,0.3076923076923077,0.735013378434431,2,False,2,True,0.9090909090909091
A4,rudder_doublet,sig_static,inertia_x1.6,22,22,0.13636363636363635,0.22727272727272727,1.0,1,True,2,True,0.9090909090909091
A4,throttle_step,envelope,clo_+0.1,22,13,0.23076923076923078,0.23076923076923078,0.653219890770498,1,True,20,True,0.09090909090909094
A4,throttle_step,envelope,cmalpha_x0.7,22,13,0.23076923076923078,0.38461538461538464,0.7309978420272537,1,True,17,True,0.2272727272727273
A4,throttle_step,envelope,cmq_x0.5,22,13,0.23076923076923078,0.3076923076923077,0.7503562613856734,1,True,3,True,0.8636363636363636
A4,throttle_step,envelope,inertia_x1.6,22,22,0.13636363636363635,0.22727272727272727,1.0,1,True,5,True,0.7727272727272727
A4,throttle_step,iforest,clo_+0.1,22,13,0.15384615384615385,0.15384615384615385,0.595436808302967,2,False,22,True,0.0
A4,throttle_step,iforest,cmalpha_x0.7,22,13,0.23076923076923078,0.38461538461538464,0.8734416789846653,1,True,0,False,1.0
A4,throttle_step,iforest,cmq_x0.5,22,13,0.07692307692307693,0.15384615384615385,0.5111843222137339,3,False,0,False,1.0
A4,throttle_step,iforest,inertia_x1.6,22,22,0.13636363636363635,0.22727272727272727,1.0,1,True,0,False,1.0
A4,throttle_step,ks,clo_+0.1,22,13,0.07692307692307693,0.15384615384615385,0.5884948949994199,3,False,22,True,0.0
A4,throttle_step,ks,cmalpha_x0.7,22,13,0.23076923076923078,0.38461538461538464,0.7488255294756845,1,True,7,True,0.6818181818181819
A4,throttle_step,ks,cmq_x0.5,22,13,0.15384615384615385,0.23076923076923078,0.6484646330621563,1,True,0,False,1.0
A4,throttle_step,ks,inertia_x1.6,22,22,0.13636363636363635,0.22727272727272727,1.0,1,True,0,False,1.0
A4,throttle_step,regression,clo_+0.1,22,13,0.15384615384615385,0.23076923076923078,0.7689681663365874,1,True,20,True,0.09090909090909094
A4,throttle_step,regression,cmalpha_x0.7,22,13,0.23076923076923078,0.38461538461538464,0.9009490509490511,1,True,9,True,0.5909090909090908
A4,throttle_step,regression,cmq_x0.5,22,13,0.23076923076923078,0.38461538461538464,0.7443006425978562,1,True,1,True,0.9545454545454546
A4,throttle_step,regression,inertia_x1.6,22,22,0.13636363636363635,0.22727272727272727,1.0,1,True,3,True,0.8636363636363636
A4,throttle_step,sig_dynamic,clo_+0.1,22,13,0.15384615384615385,0.3076923076923077,0.6612539421362952,2,False,18,True,0.18181818181818177
A4,throttle_step,sig_dynamic,cmalpha_x0.7,22,13,0.23076923076923078,0.38461538461538464,0.8041080264764475,1,True,7,True,0.6818181818181819
A4,throttle_step,sig_dynamic,cmq_x0.5,22,13,0.15384615384615385,0.3076923076923077,0.6724357090872928,2,False,0,False,1.0
A4,throttle_step,sig_dynamic,inertia_x1.6,22,22,0.13636363636363635,0.22727272727272727,1.0,1,True,0,False,1.0
A4,throttle_step,sig_static,clo_+0.1,22,13,0.07692307692307693,0.23076923076923078,0.6008377243671361,1,True,15,True,0.31818181818181823
A4,throttle_step,sig_static,cmalpha_x0.7,22,13,0.15384615384615385,0.23076923076923078,0.6770409078101387,1,True,2,True,0.9090909090909091
A4,throttle_step,sig_static,cmq_x0.5,22,13,0.23076923076923078,0.23076923076923078,0.7882506382506383,1,True,0,False,1.0
A4,throttle_step,sig_static,inertia_x1.6,22,22,0.13636363636363635,0.22727272727272727,1.0,1,True,0,False,1.0
B747,aileron_step,envelope,clo_+0.1,22,13,0.23076923076923078,0.3076923076923077,0.6798748894724127,1,True,16,True,0.2727272727272727
B747,aileron_step,envelope,cmalpha_x0.7,22,13,0.23076923076923078,0.3076923076923077,0.7547399182014567,1,True,8,True,0.6363636363636364
B747,aileron_step,envelope,cmq_x0.5,22,13,0.23076923076923078,0.38461538461538464,0.9150516150516151,1,True,4,True,0.8181818181818181
B747,aileron_step,envelope,inertia_x1.6,22,22,0.13636363636363635,0.22727272727272727,1.0,1,True,12,True,0.4545454545454546
B747,aileron_step,iforest,clo_+0.1,22,13,0.23076923076923078,0.38461538461538464,0.8477932324086171,1,True,22,True,0.0
B747,aileron_step,iforest,cmalpha_x0.7,22,13,0.23076923076923078,0.38461538461538464,0.8638336022951407,1,True,0,False,1.0
B747,aileron_step,iforest,cmq_x0.5,22,13,0.07692307692307693,0.23076923076923078,0.7013054871354467,1,True,0,False,1.0
B747,aileron_step,iforest,inertia_x1.6,22,22,0.13636363636363635,0.22727272727272727,1.0,1,True,0,False,1.0
B747,aileron_step,ks,clo_+0.1,22,13,0.23076923076923078,0.38461538461538464,0.7773323168060012,1,True,4,True,0.8181818181818181
B747,aileron_step,ks,cmalpha_x0.7,22,13,0.23076923076923078,0.38461538461538464,0.7627635522372367,1,True,0,False,1.0
B747,aileron_step,ks,cmq_x0.5,22,13,0.23076923076923078,0.38461538461538464,0.8078878723615568,1,True,0,False,1.0
B747,aileron_step,ks,inertia_x1.6,22,22,0.13636363636363635,0.22727272727272727,1.0,1,True,0,False,1.0
B747,aileron_step,regression,clo_+0.1,22,13,0.23076923076923078,0.3076923076923077,0.668483649133804,1,True,15,True,0.31818181818181823
B747,aileron_step,regression,cmalpha_x0.7,22,13,0.23076923076923078,0.38461538461538464,0.7333116316088453,1,True,5,True,0.7727272727272727
B747,aileron_step,regression,cmq_x0.5,22,13,0.23076923076923078,0.38461538461538464,0.8004092398829242,1,True,2,True,0.9090909090909091
B747,aileron_step,regression,inertia_x1.6,22,22,0.13636363636363635,0.22727272727272727,1.0,1,True,10,True,0.5454545454545454
B747,aileron_step,sig_dynamic,clo_+0.1,22,13,0.23076923076923078,0.3076923076923077,0.6464526572498708,1,True,2,True,0.9090909090909091
B747,aileron_step,sig_dynamic,cmalpha_x0.7,22,13,0.23076923076923078,0.3076923076923077,0.6467907806649174,1,True,3,True,0.8636363636363636
B747,aileron_step,sig_dynamic,cmq_x0.5,22,13,0.23076923076923078,0.38461538461538464,0.763410200910201,1,True,1,True,0.9545454545454546
B747,aileron_step,sig_dynamic,inertia_x1.6,22,22,0.13636363636363635,0.22727272727272727,1.0,1,True,3,True,0.8636363636363636
B747,aileron_step,sig_static,clo_+0.1,22,13,0.15384615384615385,0.15384615384615385,0.5504432179712008,1,True,1,True,0.9545454545454546
B747,aileron_step,sig_static,cmalpha_x0.7,22,13,0.23076923076923078,0.23076923076923078,0.617681428478642,1,True,3,True,0.8636363636363636
B747,aileron_step,sig_static,cmq_x0.5,22,13,0.15384615384615385,0.23076923076923078,0.5909693505668737,1,True,1,True,0.9545454545454546
B747,aileron_step,sig_static,inertia_x1.6,22,22,0.13636363636363635,0.22727272727272727,1.0,1,True,1,True,0.9545454545454546
B747,bank_hold,envelope,clo_+0.1,22,13,0.23076923076923078,0.3076923076923077,0.7340490957006794,1,True,8,True,0.6363636363636364
B747,bank_hold,envelope,cmalpha_x0.7,22,13,0.23076923076923078,0.38461538461538464,0.9148197678323898,1,True,1,True,0.9545454545454546
B747,bank_hold,envelope,cmq_x0.5,22,13,0.23076923076923078,0.38461538461538464,0.9530840676351512,1,True,2,True,0.9090909090909091
B747,bank_hold,envelope,inertia_x1.6,22,22,0.13636363636363635,0.22727272727272727,1.0,1,True,4,True,0.8181818181818181
B747,bank_hold,iforest,clo_+0.1,22,13,0.15384615384615385,0.23076923076923078,0.6916583416583416,1,True,22,True,0.0
B747,bank_hold,iforest,cmalpha_x0.7,22,13,0.23076923076923078,0.23076923076923078,0.6321747696747697,1,True,5,True,0.7727272727272727
B747,bank_hold,iforest,cmq_x0.5,22,13,0.07692307692307693,0.23076923076923078,0.6340905832808666,1,True,0,False,1.0
B747,bank_hold,iforest,inertia_x1.6,22,22,0.13636363636363635,0.22727272727272727,1.0,1,True,0,False,1.0
B747,bank_hold,ks,clo_+0.1,22,13,0.23076923076923078,0.38461538461538464,0.8939560439560441,1,True,4,True,0.8181818181818181
B747,bank_hold,ks,cmalpha_x0.7,22,13,0.23076923076923078,0.38461538461538464,0.7575802739770352,1,True,0,False,1.0
B747,bank_hold,ks,cmq_x0.5,22,13,0.23076923076923078,0.38461538461538464,0.9056499056499057,1,True,2,True,0.9090909090909091
B747,bank_hold,ks,inertia_x1.6,22,22,0.13636363636363635,0.22727272727272727,1.0,1,True,0,False,1.0
B747,bank_hold,regression,clo_+0.1,22,13,0.23076923076923078,0.3076923076923077,0.7358731488405219,1,True,18,True,0.18181818181818177
B747,bank_hold,regression,cmalpha_x0.7,22,13,0.23076923076923078,0.38461538461538464,0.9167371090448015,1,True,8,True,0.6363636363636364
B747,bank_hold,regression,cmq_x0.5,22,13,0.23076923076923078,0.38461538461538464,0.8260502655239499,1,True,7,True,0.6818181818181819
B747,bank_hold,regression,inertia_x1.6,22,22,0.13636363636363635,0.22727272727272727,1.0,1,True,9,True,0.5909090909090908
B747,bank_hold,sig_dynamic,clo_+0.1,22,13,0.15384615384615385,0.23076923076923078,0.7023303619457466,1,True,5,True,0.7727272727272727
B747,bank_hold,sig_dynamic,cmalpha_x0.7,22,13,0.23076923076923078,0.38461538461538464,0.8571123321123323,1,True,3,True,0.8636363636363636
B747,bank_hold,sig_dynamic,cmq_x0.5,22,13,0.23076923076923078,0.38461538461538464,0.8305619217383924,1,True,4,True,0.8181818181818181
B747,bank_hold,sig_dynamic,inertia_x1.6,22,22,0.13636363636363635,0.22727272727272727,1.0,1,True,0,False,1.0
B747,bank_hold,sig_static,clo_+0.1,22,13,0.07692307692307693,0.07692307692307693,0.4973714280215828,1,True,10,True,0.5454545454545454
B747,bank_hold,sig_static,cmalpha_x0.7,22,13,0.23076923076923078,0.3076923076923077,0.7275654170391014,1,True,10,True,0.5454545454545454
B747,bank_hold,sig_static,cmq_x0.5,22,13,0.23076923076923078,0.3076923076923077,0.6902977998953231,1,True,2,True,0.9090909090909091
B747,bank_hold,sig_static,inertia_x1.6,22,22,0.13636363636363635,0.22727272727272727,1.0,1,True,1,True,0.9545454545454546
B747,climbing_turn,envelope,clo_+0.1,22,13,0.23076923076923078,0.38461538461538464,0.7549319151516103,1,True,13,True,0.40909090909090906
B747,climbing_turn,envelope,cmalpha_x0.7,22,13,0.23076923076923078,0.3076923076923077,0.7466033966033966,1,True,7,True,0.6818181818181819
B747,climbing_turn,envelope,cmq_x0.5,22,13,0.23076923076923078,0.38461538461538464,0.8203540525521948,1,True,5,True,0.7727272727272727
B747,climbing_turn,envelope,inertia_x1.6,22,22,0.13636363636363635,0.22727272727272727,1.0,1,True,12,True,0.4545454545454546
B747,climbing_turn,iforest,clo_+0.1,22,13,0.15384615384615385,0.3076923076923077,0.738441787632071,1,True,22,True,0.0
B747,climbing_turn,iforest,cmalpha_x0.7,22,13,0.15384615384615385,0.3076923076923077,0.7032522302259144,1,True,0,False,1.0
B747,climbing_turn,iforest,cmq_x0.5,22,13,0.15384615384615385,0.3076923076923077,0.6623287917792562,2,False,0,False,1.0
B747,climbing_turn,iforest,inertia_x1.6,22,22,0.13636363636363635,0.22727272727272727,1.0,1,True,0,False,1.0
B747,climbing_turn,ks,clo_+0.1,22,13,0.23076923076923078,0.38461538461538464,0.7856754356754357,1,True,11,True,0.5
B747,climbing_turn,ks,cmalpha_x0.7,22,13,0.23076923076923078,0.23076923076923078,0.6610903990428878,1,True,6,True,0.7272727272727273
B747,climbing_turn,ks,cmq_x0.5,22,13,0.23076923076923078,0.38461538461538464,0.7367469406437017,1,True,7,True,0.6818181818181819
B747,climbing_turn,ks,inertia_x1.6,22,22,0.13636363636363635,0.22727272727272727,1.0,1,True,6,True,0.7272727272727273
B747,climbing_turn,regression,clo_+0.1,22,13,0.23076923076923078,0.38461538461538464,0.8665569724393253,1,True,13,True,0.40909090909090906
B747,climbing_turn,regression,cmalpha_x0.7,22,13,0.23076923076923078,0.38461538461538464,1.0,1,True,7,True,0.6818181818181819
B747,climbing_turn,regression,cmq_x0.5,22,13,0.23076923076923078,0.38461538461538464,0.8922607307222692,1,True,5,True,0.7727272727272727
B747,climbing_turn,regression,inertia_x1.6,22,22,0.13636363636363635,0.22727272727272727,1.0,1,True,10,True,0.5454545454545454
B747,climbing_turn,sig_dynamic,clo_+0.1,22,13,0.23076923076923078,0.38461538461538464,0.8038167972378498,1,True,4,True,0.8181818181818181
B747,climbing_turn,sig_dynamic,cmalpha_x0.7,22,13,0.23076923076923078,0.38461538461538464,0.834013422474961,1,True,2,True,0.9090909090909091
B747,climbing_turn,sig_dynamic,cmq_x0.5,22,13,0.23076923076923078,0.38461538461538464,0.8667076513230361,1,True,3,True,0.8636363636363636
B747,climbing_turn,sig_dynamic,inertia_x1.6,22,22,0.13636363636363635,0.22727272727272727,1.0,1,True,2,True,0.9090909090909091
B747,climbing_turn,sig_static,clo_+0.1,22,13,0.23076923076923078,0.38461538461538464,0.8973720723720724,1,True,4,True,0.8181818181818181
B747,climbing_turn,sig_static,cmalpha_x0.7,22,13,0.23076923076923078,0.38461538461538464,0.8422669776176563,1,True,2,True,0.9090909090909091
B747,climbing_turn,sig_static,cmq_x0.5,22,13,0.23076923076923078,0.38461538461538464,0.8628775322214235,1,True,0,False,1.0
B747,climbing_turn,sig_static,inertia_x1.6,22,22,0.13636363636363635,0.22727272727272727,1.0,1,True,0,False,1.0
B747,cruise,envelope,clo_+0.1,22,13,0.15384615384615385,0.23076923076923078,0.6013595322805848,2,False,15,True,0.31818181818181823
B747,cruise,envelope,cmalpha_x0.7,22,13,0.15384615384615385,0.23076923076923078,0.6483885395650101,1,True,7,True,0.6818181818181819
B747,cruise,envelope,cmq_x0.5,22,13,0.23076923076923078,0.23076923076923078,0.7022724014626849,1,True,9,True,0.5909090909090908
B747,cruise,envelope,inertia_x1.6,22,22,0.13636363636363635,0.22727272727272727,1.0,1,True,6,True,0.7272727272727273
B747,cruise,iforest,clo_+0.1,22,13,0.07692307692307693,0.15384615384615385,0.6355138451292297,1,True,22,True,0.0
B747,cruise,iforest,cmalpha_x0.7,22,13,0.15384615384615385,0.23076923076923078,0.6442665177959295,2,False,22,True,0.0
B747,cruise,iforest,cmq_x0.5,22,13,0.15384615384615385,0.3076923076923077,0.7025094444599088,2,False,0,False,1.0
B747,cruise,iforest,inertia_x1.6,22,22,0.13636363636363635,0.22727272727272727,1.0,1,True,0,False,1.0
B747,cruise,ks,clo_+0.1,22,13,0.15384615384615385,0.23076923076923078,0.6320169484137096,1,True,13,True,0.40909090909090906
B747,cruise,ks,cmalpha_x0.7,22,13,0.07692307692307693,0.15384615384615385,0.5171972972252801,1,True,5,True,0.7727272727272727
B747,cruise,ks,cmq_x0.5,22,13,0.07692307692307693,0.23076923076923078,0.6041462080429691,1,True,8,True,0.6363636363636364
B747,cruise,ks,inertia_x1.6,22,22,0.13636363636363635,0.22727272727272727,1.0,1,True,2,True,0.9090909090909091
B747,cruise,regression,clo_+0.1,22,13,0.23076923076923078,0.3076923076923077,0.8033995918611304,1,True,16,True,0.2727272727272727
B747,cruise,regression,cmalpha_x0.7,22,13,0.23076923076923078,0.38461538461538464,0.8064448709185553,1,True,13,True,0.40909090909090906
B747,cruise,regression,cmq_x0.5,22,13,0.23076923076923078,0.3076923076923077,0.7435327830064673,1,True,0,False,1.0
B747,cruise,regression,inertia_x1.6,22,22,0.13636363636363635,0.22727272727272727,1.0,1,True,0,False,1.0
B747,cruise,sig_dynamic,clo_+0.1,22,13,0.15384615384615385,0.15384615384615385,0.606419704240614,1,True,9,True,0.5909090909090908
B747,cruise,sig_dynamic,cmalpha_x0.7,22,13,0.23076923076923078,0.3076923076923077,0.7311310421604538,1,True,6,True,0.7272727272727273
B747,cruise,sig_dynamic,cmq_x0.5,22,13,0.07692307692307693,0.15384615384615385,0.5397259672533546,1,True,4,True,0.8181818181818181
B747,cruise,sig_dynamic,inertia_x1.6,22,22,0.13636363636363635,0.22727272727272727,1.0,1,True,0,False,1.0
B747,cruise,sig_static,clo_+0.1,22,13,0.15384615384615385,0.15384615384615385,0.5923351776560875,1,True,8,True,0.6363636363636364
B747,cruise,sig_static,cmalpha_x0.7,22,13,0.23076923076923078,0.3076923076923077,0.7202646656087951,1,True,7,True,0.6818181818181819
B747,cruise,sig_static,cmq_x0.5,22,13,0.15384615384615385,0.15384615384615385,0.5712749738023613,1,True,3,True,0.8636363636363636
B747,cruise,sig_static,inertia_x1.6,22,22,0.13636363636363635,0.22727272727272727,1.0,1,True,0,False,1.0
B747,elev_doublet,envelope,clo_+0.1,22,13,0.07692307692307693,0.23076923076923078,0.5634666552652976,3,False,10,True,0.5454545454545454
B747,elev_doublet,envelope,cmalpha_x0.7,22,13,0.23076923076923078,0.23076923076923078,0.7036695760379972,1,True,4,True,0.8181818181818181
B747,elev_doublet,envelope,cmq_x0.5,22,13,0.23076923076923078,0.23076923076923078,0.7502920632594363,1,True,3,True,0.8636363636363636
B747,elev_doublet,envelope,inertia_x1.6,22,22,0.13636363636363635,0.22727272727272727,1.0,1,True,5,True,0.7727272727272727
B747,elev_doublet,iforest,clo_+0.1,22,13,0.23076923076923078,0.23076923076923078,0.6690641960378803,1,True,22,True,0.0
B747,elev_doublet,iforest,cmalpha_x0.7,22,13,0.15384615384615385,0.3076923076923077,0.7596688567842413,1,True,0,False,1.0
B747,elev_doublet,iforest,cmq_x0.5,22,13,0.15384615384615385,0.3076923076923077,0.7144636964475021,1,True,0,False,1.0
B747,elev_doublet,iforest,inertia_x1.6,22,22,0.13636363636363635,0.22727272727272727,1.0,1,True,0,False,1.0
B747,elev_doublet,ks,clo_+0.1,22,13,0.07692307692307693,0.23076923076923078,0.6523961081653389,1,True,6,True,0.7272727272727273
B747,elev_doublet,ks,cmalpha_x0.7,22,13,0.15384615384615385,0.15384615384615385,0.6114492979698981,1,True,1,True,0.9545454545454546
B747,elev_doublet,ks,cmq_x0.5,22,13,0.15384615384615385,0.15384615384615385,0.48620353608446004,2,False,0,False,1.0
B747,elev_doublet,ks,inertia_x1.6,22,22,0.13636363636363635,0.22727272727272727,1.0,1,True,1,True,0.9545454545454546
B747,elev_doublet,regression,clo_+0.1,22,13,0.07692307692307693,0.23076923076923078,0.5956375072890909,3,False,18,True,0.18181818181818177
B747,elev_doublet,regression,cmalpha_x0.7,22,13,0.23076923076923078,0.3076923076923077,0.7686103370313896,1,True,6,True,0.7272727272727273
B747,elev_doublet,regression,cmq_x0.5,22,13,0.07692307692307693,0.23076923076923078,0.6121626180836706,2,False,5,True,0.7727272727272727
B747,elev_doublet,regression,inertia_x1.6,22,22,0.13636363636363635,0.22727272727272727,1.0,1,True,9,True,0.5909090909090908
B747,elev_doublet,sig_dynamic,clo_+0.1,22,13,0.23076923076923078,0.3076923076923077,0.8184671967179706,1,True,12,True,0.4545454545454546
B747,elev_doublet,sig_dynamic,cmalpha_x0.7,22,13,0.23076923076923078,0.38461538461538464,0.85979575979576,1,True,6,True,0.7272727272727273
B747,elev_doublet,sig_dynamic,cmq_x0.5,22,13,0.23076923076923078,0.3076923076923077,0.7651320901320902,1,True,1,True,0.9545454545454546
B747,elev_doublet,sig_dynamic,inertia_x1.6,22,22,0.13636363636363635,0.22727272727272727,1.0,1,True,1,True,0.9545454545454546
B747,elev_doublet,sig_static,clo_+0.1,22,13,0.23076923076923078,0.3076923076923077,0.7780187562695302,1,True,11,True,0.5
B747,elev_doublet,sig_static,cmalpha_x0.7,22,13,0.23076923076923078,0.3076923076923077,0.8001554001554003,1,True,7,True,0.6818181818181819
B747,elev_doublet,sig_static,cmq_x0.5,22,13,0.23076923076923078,0.3076923076923077,0.7483090564538527,1,True,0,False,1.0
B747,elev_doublet,sig_static,inertia_x1.6,22,22,0.13636363636363635,0.22727272727272727,1.0,1,True,0,False,1.0
B747,elev_doublet_distractor,envelope,clo_+0.1,22,13,0.23076923076923078,0.3076923076923077,0.7222263031086561,1,True,12,True,0.4545454545454546
B747,elev_doublet_distractor,envelope,cmalpha_x0.7,22,13,0.23076923076923078,0.3076923076923077,0.8586958792841147,1,True,7,True,0.6818181818181819
B747,elev_doublet_distractor,envelope,cmq_x0.5,22,13,0.23076923076923078,0.38461538461538464,0.8894926654542039,1,True,6,True,0.7272727272727273
B747,elev_doublet_distractor,envelope,inertia_x1.6,22,22,0.13636363636363635,0.22727272727272727,1.0,1,True,10,True,0.5454545454545454
B747,elev_doublet_distractor,iforest,clo_+0.1,22,13,0.23076923076923078,0.3076923076923077,0.8612453785530708,1,True,22,True,0.0
B747,elev_doublet_distractor,iforest,cmalpha_x0.7,22,13,0.23076923076923078,0.38461538461538464,0.8108305100207934,1,True,17,True,0.2272727272727273
B747,elev_doublet_distractor,iforest,cmq_x0.5,22,13,0.15384615384615385,0.23076923076923078,0.705861974283027,1,True,15,True,0.31818181818181823
B747,elev_doublet_distractor,iforest,inertia_x1.6,22,22,0.13636363636363635,0.22727272727272727,1.0,1,True,12,True,0.4545454545454546
B747,elev_doublet_distractor,ks,clo_+0.1,22,13,0.23076923076923078,0.38461538461538464,0.9167265426880812,1,True,7,True,0.6818181818181819
B747,elev_doublet_distractor,ks,cmalpha_x0.7,22,13,0.23076923076923078,0.38461538461538464,0.9405497280497279,1,True,4,True,0.8181818181818181
B747,elev_doublet_distractor,ks,cmq_x0.5,22,13,0.23076923076923078,0.38461538461538464,0.9704231665770128,1,True,3,True,0.8636363636363636
B747,elev_doublet_distractor,ks,inertia_x1.6,22,22,0.13636363636363635,0.22727272727272727,1.0,1,True,2,True,0.9090909090909091
B747,elev_doublet_distractor,regression,clo_+0.1,22,13,0.23076923076923078,0.38461538461538464,0.9355644355644356,1,True,13,True,0.40909090909090906
B747,elev_doublet_distractor,regression,cmalpha_x0.7,22,13,0.23076923076923078,0.38461538461538464,0.9111945244298185,1,True,4,True,0.8181818181818181
B747,elev_doublet_distractor,regression,cmq_x0.5,22,13,0.23076923076923078,0.38461538461538464,0.7407022801759644,1,True,5,True,0.7727272727272727
B747,elev_doublet_distractor,regression,inertia_x1.6,22,22,0.13636363636363635,0.22727272727272727,1.0,1,True,7,True,0.6818181818181819
B747,elev_doublet_distractor,sig_dynamic,clo_+0.1,22,13,0.23076923076923078,0.23076923076923078,0.6134856242828379,1,True,5,True,0.7727272727272727
B747,elev_doublet_distractor,sig_dynamic,cmalpha_x0.7,22,13,0.23076923076923078,0.38461538461538464,0.8609345782422705,1,True,6,True,0.7272727272727273
B747,elev_doublet_distractor,sig_dynamic,cmq_x0.5,22,13,0.23076923076923078,0.38461538461538464,0.8223833858449244,1,True,2,True,0.9090909090909091
B747,elev_doublet_distractor,sig_dynamic,inertia_x1.6,22,22,0.13636363636363635,0.22727272727272727,1.0,1,True,5,True,0.7727272727272727
B747,elev_doublet_distractor,sig_static,clo_+0.1,22,13,0.07692307692307693,0.07692307692307693,0.4795230057048347,1,True,6,True,0.7272727272727273
B747,elev_doublet_distractor,sig_static,cmalpha_x0.7,22,13,0.15384615384615385,0.23076923076923078,0.7292762792762792,1,True,8,True,0.6363636363636364
B747,elev_doublet_distractor,sig_static,cmq_x0.5,22,13,0.15384615384615385,0.23076923076923078,0.5709276834276834,2,False,2,True,0.9090909090909091
B747,elev_doublet_distractor,sig_static,inertia_x1.6,22,22,0.13636363636363635,0.22727272727272727,1.0,1,True,2,True,0.9090909090909091
B747,elev_step,envelope,clo_+0.1,22,13,0.15384615384615385,0.23076923076923078,0.6342894222419109,1,True,10,True,0.5454545454545454
B747,elev_step,envelope,cmalpha_x0.7,22,13,0.07692307692307693,0.23076923076923078,0.6159782468992995,1,True,16,True,0.2727272727272727
B747,elev_step,envelope,cmq_x0.5,22,13,0.23076923076923078,0.3076923076923077,0.7144954348395642,1,True,14,True,0.36363636363636365
B747,elev_step,envelope,inertia_x1.6,22,22,0.13636363636363635,0.22727272727272727,1.0,1,True,9,True,0.5909090909090908
B747,elev_step,iforest,clo_+0.1,22,13,0.15384615384615385,0.15384615384615385,0.6084625411369874,1,True,22,True,0.0
B747,elev_step,iforest,cmalpha_x0.7,22,13,0.15384615384615385,0.15384615384615385,0.6020820682585387,1,True,22,True,0.0
B747,elev_step,iforest,cmq_x0.5,22,13,0.15384615384615385,0.23076923076923078,0.6810957142405106,1,True,0,False,1.0
B747,elev_step,iforest,inertia_x1.6,22,22,0.13636363636363635,0.22727272727272727,1.0,1,True,0,False,1.0
B747,elev_step,ks,clo_+0.1,22,13,0.07692307692307693,0.23076923076923078,0.6421655267809114,3,False,6,True,0.7272727272727273
B747,elev_step,ks,cmalpha_x0.7,22,13,0.07692307692307693,0.23076923076923078,0.5849307013274625,1,True,6,True,0.7272727272727273
B747,elev_step,ks,cmq_x0.5,22,13,0.23076923076923078,0.3076923076923077,0.8097829071513283,1,True,4,True,0.8181818181818181
B747,elev_step,ks,inertia_x1.6,22,22,0.13636363636363635,0.22727272727272727,1.0,1,True,0,False,1.0
B747,elev_step,regression,clo_+0.1,22,13,0.23076923076923078,0.38461538461538464,0.8625097125097125,1,True,15,True,0.31818181818181823
B747,elev_step,regression,cmalpha_x0.7,22,13,0.23076923076923078,0.38461538461538464,0.9340727146157011,1,True,19,True,0.13636363636363635
B747,elev_step,regression,cmq_x0.5,22,13,0.23076923076923078,0.38461538461538464,0.8906636350075264,1,True,16,True,0.2727272727272727
B747,elev_step,regression,inertia_x1.6,22,22,0.13636363636363635,0.22727272727272727,1.0,1,True,9,True,0.5909090909090908
B747,elev_step,sig_dynamic,clo_+0.1,22,13,0.15384615384615385,0.3076923076923077,0.6726062336356454,1,True,10,True,0.5454545454545454
B747,elev_step,sig_dynamic,cmalpha_x0.7,22,13,0.23076923076923078,0.38461538461538464,0.7748140017876861,1,True,8,True,0.6363636363636364
B747,elev_step,sig_dynamic,cmq_x0.5,22,13,0.23076923076923078,0.3076923076923077,0.7993036877652262,1,True,0,False,1.0
B747,elev_step,sig_dynamic,inertia_x1.6,22,22,0.13636363636363635,0.22727272727272727,1.0,1,True,5,True,0.7727272727272727
B747,elev_step,sig_static,clo_+0.1,22,13,0.0,0.15384615384615385,0.5815233911387757,4,False,13,True,0.40909090909090906
B747,elev_step,sig_static,cmalpha_x0.7,22,13,0.23076923076923078,0.38461538461538464,0.7918478758678807,1,True,7,True,0.6818181818181819
B747,elev_step,sig_static,cmq_x0.5,22,13,0.23076923076923078,0.38461538461538464,0.8390954075164602,1,True,3,True,0.8636363636363636
B747,elev_step,sig_static,inertia_x1.6,22,22,0.13636363636363635,0.22727272727272727,1.0,1,True,3,True,0.8636363636363636
B747,engine_cut,envelope,clo_+0.1,22,13,0.23076923076923078,0.3076923076923077,0.695270604868128,1,True,13,True,0.40909090909090906
B747,engine_cut,envelope,cmalpha_x0.7,22,13,0.23076923076923078,0.38461538461538464,0.8915502044461321,1,True,4,True,0.8181818181818181
B747,engine_cut,envelope,cmq_x0.5,22,13,0.23076923076923078,0.38461538461538464,0.8985641495256881,1,True,6,True,0.7272727272727273
B747,engine_cut,envelope,inertia_x1.6,22,22,0.13636363636363635,0.22727272727272727,1.0,1,True,4,True,0.8181818181818181
B747,engine_cut,iforest,clo_+0.1,22,13,0.23076923076923078,0.3076923076923077,0.7653827507334294,1,True,22,True,0.0
B747,engine_cut,iforest,cmalpha_x0.7,22,13,0.07692307692307693,0.23076923076923078,0.68532178605708,2,False,19,True,0.13636363636363635
B747,engine_cut,iforest,cmq_x0.5,22,13,0.15384615384615385,0.15384615384615385,0.6417092073468592,1,True,0,False,1.0
B747,engine_cut,iforest,inertia_x1.6,22,22,0.13636363636363635,0.22727272727272727,1.0,1,True,0,False,1.0
B747,engine_cut,ks,clo_+0.1,22,13,0.23076923076923078,0.38461538461538464,0.8878984263599649,1,True,13,True,0.40909090909090906
B747,engine_cut,ks,cmalpha_x0.7,22,13,0.23076923076923078,0.38461538461538464,0.9045329670329672,1,True,6,True,0.7272727272727273
B747,engine_cut,ks,cmq_x0.5,22,13,0.23076923076923078,0.38461538461538464,0.911525974025974,1,True,6,True,0.7272727272727273
B747,engine_cut,ks,inertia_x1.6,22,22,0.13636363636363635,0.22727272727272727,1.0,1,True,3,True,0.8636363636363636
B747,engine_cut,regression,clo_+0.1,22,13,0.23076923076923078,0.3076923076923077,0.7727916258280632,1,True,19,True,0.13636363636363635
B747,engine_cut,regression,cmalpha_x0.7,22,13,0.23076923076923078,0.38461538461538464,0.9355644355644356,1,True,11,True,0.5
B747,engine_cut,regression,cmq_x0.5,22,13,0.23076923076923078,0.38461538461538464,0.8862637362637363,1,True,9,True,0.5909090909090908
B747,engine_cut,regression,inertia_x1.6,22,22,0.13636363636363635,0.22727272727272727,1.0,1,True,9,True,0.5909090909090908
B747,engine_cut,sig_dynamic,clo_+0.1,22,13,0.23076923076923078,0.38461538461538464,0.8617701742701744,1,True,12,True,0.4545454545454546
B747,engine_cut,sig_dynamic,cmalpha_x0.7,22,13,0.23076923076923078,0.38461538461538464,0.8155801800538645,1,True,7,True,0.6818181818181819
B747,engine_cut,sig_dynamic,cmq_x0.5,22,13,0.23076923076923078,0.38461538461538464,0.870197776080129,1,True,5,True,0.7727272727272727
B747,engine_cut,sig_dynamic,inertia_x1.6,22,22,0.13636363636363635,0.22727272727272727,1.0,1,True,3,True,0.8636363636363636
B747,engine_cut,sig_static,clo_+0.1,22,13,0.23076923076923078,0.38461538461538464,0.8527453880960667,1,True,9,True,0.5909090909090908
B747,engine_cut,sig_static,cmalpha_x0.7,22,13,0.23076923076923078,0.38461538461538464,0.8289846849057376,1,True,6,True,0.7272727272727273
B747,engine_cut,sig_static,cmq_x0.5,22,13,0.23076923076923078,0.38461538461538464,0.7964198132184558,1,True,5,True,0.7727272727272727
B747,engine_cut,sig_static,inertia_x1.6,22,22,0.13636363636363635,0.22727272727272727,1.0,1,True,1,True,0.9545454545454546
B747,engine_restart,envelope,clo_+0.1,22,13,0.23076923076923078,0.3076923076923077,0.6918824725326274,1,True,12,True,0.4545454545454546
B747,engine_restart,envelope,cmalpha_x0.7,22,13,0.23076923076923078,0.38461538461538464,0.9122629004981946,1,True,6,True,0.7272727272727273
B747,engine_restart,envelope,cmq_x0.5,22,13,0.23076923076923078,0.38461538461538464,0.8365493282616406,1,True,12,True,0.4545454545454546
B747,engine_restart,envelope,inertia_x1.6,22,22,0.13636363636363635,0.22727272727272727,1.0,1,True,4,True,0.8181818181818181
B747,engine_restart,iforest,clo_+0.1,22,13,0.15384615384615385,0.23076923076923078,0.6709161502147928,1,True,22,True,0.0
B747,engine_restart,iforest,cmalpha_x0.7,22,13,0.07692307692307693,0.15384615384615385,0.5026017352761815,3,False,22,True,0.0
B747,engine_restart,iforest,cmq_x0.5,22,13,0.15384615384615385,0.3076923076923077,0.6044586390561622,2,False,22,True,0.0
B747,engine_restart,iforest,inertia_x1.6,22,22,0.13636363636363635,0.22727272727272727,1.0,1,True,22,True,0.0
B747,engine_restart,ks,clo_+0.1,22,13,0.23076923076923078,0.38461538461538464,0.9350521273598196,1,True,9,True,0.5909090909090908
B747,engine_restart,ks,cmalpha_x0.7,22,13,0.23076923076923078,0.38461538461538464,1.0,1,True,4,True,0.8181818181818181
B747,engine_restart,ks,cmq_x0.5,22,13,0.23076923076923078,0.38461538461538464,0.9355644355644356,1,True,6,True,0.7272727272727273
B747,engine_restart,ks,inertia_x1.6,22,22,0.13636363636363635,0.22727272727272727,1.0,1,True,1,True,0.9545454545454546
B747,engine_restart,regression,clo_+0.1,22,13,0.23076923076923078,0.38461538461538464,0.8329677288655617,1,True,18,True,0.18181818181818177
B747,engine_restart,regression,cmalpha_x0.7,22,13,0.23076923076923078,0.38461538461538464,0.972715318869165,1,True,10,True,0.5454545454545454
B747,engine_restart,regression,cmq_x0.5,22,13,0.23076923076923078,0.38461538461538464,0.9751850713389175,1,True,11,True,0.5
B747,engine_restart,regression,inertia_x1.6,22,22,0.13636363636363635,0.22727272727272727,1.0,1,True,6,True,0.7272727272727273
B747,engine_restart,sig_dynamic,clo_+0.1,22,13,0.23076923076923078,0.38461538461538464,0.941518737672584,1,True,10,True,0.5454545454545454
B747,engine_restart,sig_dynamic,cmalpha_x0.7,22,13,0.23076923076923078,0.38461538461538464,1.0,1,True,8,True,0.6363636363636364
B747,engine_restart,sig_dynamic,cmq_x0.5,22,13,0.23076923076923078,0.38461538461538464,0.9355644355644356,1,True,10,True,0.5454545454545454
B747,engine_restart,sig_dynamic,inertia_x1.6,22,22,0.13636363636363635,0.22727272727272727,1.0,1,True,3,True,0.8636363636363636
B747,engine_restart,sig_static,clo_+0.1,22,13,0.23076923076923078,0.23076923076923078,0.6605335470541471,1,True,9,True,0.5909090909090908
B747,engine_restart,sig_static,cmalpha_x0.7,22,13,0.15384615384615385,0.23076923076923078,0.6008095183375011,1,True,3,True,0.8636363636363636
B747,engine_restart,sig_static,cmq_x0.5,22,13,0.23076923076923078,0.38461538461538464,0.790152829626514,1,True,6,True,0.7272727272727273
B747,engine_restart,sig_static,inertia_x1.6,22,22,0.13636363636363635,0.22727272727272727,1.0,1,True,2,True,0.9090909090909091
B747,flap_extend,envelope,clo_+0.1,22,13,0.23076923076923078,0.23076923076923078,0.6763345965775116,1,True,11,True,0.5
B747,flap_extend,envelope,cmalpha_x0.7,22,13,0.07692307692307693,0.15384615384615385,0.478648346176329,3,False,22,True,0.0
B747,flap_extend,envelope,cmq_x0.5,22,13,0.23076923076923078,0.23076923076923078,0.6084993689066086,1,True,20,True,0.09090909090909094
B747,flap_extend,envelope,inertia_x1.6,22,22,0.13636363636363635,0.22727272727272727,1.0,1,True,12,True,0.4545454545454546
B747,flap_extend,iforest,clo_+0.1,22,13,0.15384615384615385,0.23076923076923078,0.6893838617522827,1,True,22,True,0.0
B747,flap_extend,iforest,cmalpha_x0.7,22,13,0.15384615384615385,0.23076923076923078,0.710426707795129,1,True,22,True,0.0
B747,flap_extend,iforest,cmq_x0.5,22,13,0.07692307692307693,0.23076923076923078,0.5931383433586339,1,True,5,True,0.7727272727272727
B747,flap_extend,iforest,inertia_x1.6,22,22,0.13636363636363635,0.22727272727272727,1.0,1,True,2,True,0.9090909090909091
B747,flap_extend,ks,clo_+0.1,22,13,0.23076923076923078,0.23076923076923078,0.7600514592179273,1,True,6,True,0.7272727272727273
B747,flap_extend,ks,cmalpha_x0.7,22,13,0.0,0.07692307692307693,0.44681895761617124,4,False,22,True,0.0
B747,flap_extend,ks,cmq_x0.5,22,13,0.15384615384615385,0.15384615384615385,0.595628481425695,1,True,12,True,0.4545454545454546
B747,flap_extend,ks,inertia_x1.6,22,22,0.13636363636363635,0.22727272727272727,1.0,1,True,1,True,0.9545454545454546
B747,flap_extend,regression,clo_+0.1,22,13,0.23076923076923078,0.3076923076923077,0.7514288006190841,1,True,21,True,0.045454545454545414
B747,flap_extend,regression,cmalpha_x0.7,22,13,0.07692307692307693,0.07692307692307693,0.48624259727200897,3,False,18,True,0.18181818181818177
B747,flap_extend,regression,cmq_x0.5,22,13,0.0,0.0,0.41640087142885424,8,False,19,True,0.13636363636363635
B747,flap_extend,regression,inertia_x1.6,22,22,0.13636363636363635,0.22727272727272727,1.0,1,True,19,True,0.13636363636363635
B747,flap_extend,sig_dynamic,clo_+0.1,22,13,0.15384615384615385,0.23076923076923078,0.6696090115594759,1,True,18,True,0.18181818181818177
B747,flap_extend,sig_dynamic,cmalpha_x0.7,22,13,0.0,0.07692307692307693,0.5162801429472065,4,False,21,True,0.045454545454545414
B747,flap_extend,sig_dynamic,cmq_x0.5,22,13,0.07692307692307693,0.23076923076923078,0.6102089093991928,1,True,14,True,0.36363636363636365
B747,flap_extend,sig_dynamic,inertia_x1.6,22,22,0.13636363636363635,0.22727272727272727,1.0,1,True,8,True,0.6363636363636364
B747,flap_extend,sig_static,clo_+0.1,22,13,0.15384615384615385,0.23076923076923078,0.5599400599400599,2,False,16,True,0.2727272727272727
B747,flap_extend,sig_static,cmalpha_x0.7,22,13,0.0,0.15384615384615385,0.5402928519444357,4,False,21,True,0.045454545454545414
B747,flap_extend,sig_static,cmq_x0.5,22,13,0.07692307692307693,0.15384615384615385,0.5746251948681098,1,True,15,True,0.31818181818181823
B747,flap_extend,sig_static,inertia_x1.6,22,22,0.13636363636363635,0.22727272727272727,1.0,1,True,8,True,0.6363636363636364
B747,rudder_doublet,envelope,clo_+0.1,22,13,0.23076923076923078,0.3076923076923077,0.7333271905253329,1,True,10,True,0.5454545454545454
B747,rudder_doublet,envelope,cmalpha_x0.7,22,13,0.07692307692307693,0.15384615384615385,0.70060100156254,1,True,5,True,0.7727272727272727
B747,rudder_doublet,envelope,cmq_x0.5,22,13,0.23076923076923078,0.38461538461538464,0.9819004524886878,1,True,4,True,0.8181818181818181
B747,rudder_doublet,envelope,inertia_x1.6,22,22,0.13636363636363635,0.22727272727272727,1.0,1,True,6,True,0.7272727272727273
B747,rudder_doublet,iforest,clo_+0.1,22,13,0.23076923076923078,0.3076923076923077,0.722296601747066,1,True,22,True,0.0
B747,rudder_doublet,iforest,cmalpha_x0.7,22,13,0.23076923076923078,0.38461538461538464,0.7148399244374477,1,True,11,True,0.5
B747,rudder_doublet,iforest,cmq_x0.5,22,13,0.07692307692307693,0.15384615384615385,0.566334980808665,3,False,0,False,1.0
B747,rudder_doublet,iforest,inertia_x1.6,22,22,0.13636363636363635,0.22727272727272727,1.0,1,True,0,False,1.0
B747,rudder_doublet,ks,clo_+0.1,22,13,0.23076923076923078,0.38461538461538464,0.8419787814524659,1,True,4,True,0.8181818181818181
B747,rudder_doublet,ks,cmalpha_x0.7,22,13,0.23076923076923078,0.38461538461538464,0.6959032067004204,1,True,0,False,1.0
B747,rudder_doublet,ks,cmq_x0.5,22,13,0.23076923076923078,0.38461538461538464,0.7875887270624115,1,True,1,True,0.9545454545454546
B747,rudder_doublet,ks,inertia_x1.6,22,22,0.13636363636363635,0.22727272727272727,1.0,1,True,0,False,1.0
B747,rudder_doublet,regression,clo_+0.1,22,13,0.23076923076923078,0.38461538461538464,0.895591542959964,1,True,6,True,0.7272727272727273
B747,rudder_doublet,regression,cmalpha_x0.7,22,13,0.23076923076923078,0.38461538461538464,0.8443540377750905,1,True,4,True,0.8181818181818181
B747,rudder_doublet,regression,cmq_x0.5,22,13,0.23076923076923078,0.3076923076923077,0.7618561263298106,1,True,5,True,0.7727272727272727
B747,rudder_doublet,regression,inertia_x1.6,22,22,0.13636363636363635,0.22727272727272727,1.0,1,True,2,True,0.9090909090909091
B747,rudder_doublet,sig_dynamic,clo_+0.1,22,13,0.23076923076923078,0.38461538461538464,0.8615825351119469,1,True,5,True,0.7727272727272727
B747,rudder_doublet,sig_dynamic,cmalpha_x0.7,22,13,0.23076923076923078,0.38461538461538464,0.8689877374087901,1,True,7,True,0.6818181818181819
B747,rudder_doublet,sig_dynamic,cmq_x0.5,22,13,0.15384615384615385,0.23076923076923078,0.5201284096020937,2,False,1,True,0.9545454545454546
B747,rudder_doublet,sig_dynamic,inertia_x1.6,22,22,0.13636363636363635,0.22727272727272727,1.0,1,True,1,True,0.9545454545454546
B747,rudder_doublet,sig_static,clo_+0.1,22,13,0.23076923076923078,0.23076923076923078,0.6653455855885007,1,True,8,True,0.6363636363636364
B747,rudder_doublet,sig_static,cmalpha_x0.7,22,13,0.23076923076923078,0.23076923076923078,0.6564239139971458,1,True,3,True,0.8636363636363636
B747,rudder_doublet,sig_static,cmq_x0.5,22,13,0.15384615384615385,0.3076923076923077,0.5730728319469687,2,False,1,True,0.9545454545454546
B747,rudder_doublet,sig_static,inertia_x1.6,22,22,0.13636363636363635,0.22727272727272727,1.0,1,True,0,False,1.0
B747,throttle_step,envelope,clo_+0.1,22,13,0.23076923076923078,0.38461538461538464,0.7682322665294803,1,True,10,True,0.5454545454545454
B747,throttle_step,envelope,cmalpha_x0.7,22,13,0.23076923076923078,0.38461538461538464,0.6959032067004204,1,True,5,True,0.7727272727272727
B747,throttle_step,envelope,cmq_x0.5,22,13,0.23076923076923078,0.38461538461538464,0.7183099666071803,1,True,5,True,0.7727272727272727
B747,throttle_step,envelope,inertia_x1.6,22,22,0.13636363636363635,0.22727272727272727,1.0,1,True,3,True,0.8636363636363636
B747,throttle_step,iforest,clo_+0.1,22,13,0.15384615384615385,0.23076923076923078,0.613841640815325,1,True,22,True,0.0
B747,throttle_step,iforest,cmalpha_x0.7,22,13,0.07692307692307693,0.07692307692307693,0.481088990195325,3,False,22,True,0.0
B747,throttle_step,iforest,cmq_x0.5,22,13,0.07692307692307693,0.15384615384615385,0.5097332492069333,2,False,0,False,1.0
B747,throttle_step,iforest,inertia_x1.6,22,22,0.13636363636363635,0.22727272727272727,1.0,1,True,0,False,1.0
B747,throttle_step,ks,clo_+0.1,22,13,0.23076923076923078,0.38461538461538464,0.7054446268187635,1,True,5,True,0.7727272727272727
B747,throttle_step,ks,cmalpha_x0.7,22,13,0.23076923076923078,0.38461538461538464,0.7070920178892315,1,True,2,True,0.9090909090909091
B747,throttle_step,ks,cmq_x0.5,22,13,0.23076923076923078,0.38461538461538464,0.7853262836234974,1,True,2,True,0.9090909090909091
B747,throttle_step,ks,inertia_x1.6,22,22,0.13636363636363635,0.22727272727272727,1.0,1,True,0,False,1.0
B747,throttle_step,regression,clo_+0.1,22,13,0.23076923076923078,0.23076923076923078,0.6497848642585484,1,True,12,True,0.4545454545454546
B747,throttle_step,regression,cmalpha_x0.7,22,13,0.23076923076923078,0.3076923076923077,0.713246402720087,1,True,5,True,0.7727272727272727
B747,throttle_step,regression,cmq_x0.5,22,13,0.23076923076923078,0.38461538461538464,0.9355644355644356,1,True,5,True,0.7727272727272727
B747,throttle_step,regression,inertia_x1.6,22,22,0.13636363636363635,0.22727272727272727,1.0,1,True,1,True,0.9545454545454546
B747,throttle_step,sig_dynamic,clo_+0.1,22,13,0.23076923076923078,0.38461538461538464,0.8308579578316422,1,True,3,True,0.8636363636363636
B747,throttle_step,sig_dynamic,cmalpha_x0.7,22,13,0.23076923076923078,0.38461538461538464,0.8789710289710292,1,True,4,True,0.8181818181818181
B747,throttle_step,sig_dynamic,cmq_x0.5,22,13,0.23076923076923078,0.38461538461538464,0.8814612288296501,1,True,4,True,0.8181818181818181
B747,throttle_step,sig_dynamic,inertia_x1.6,22,22,0.13636363636363635,0.22727272727272727,1.0,1,True,1,True,0.9545454545454546
B747,throttle_step,sig_static,clo_+0.1,22,13,0.23076923076923078,0.3076923076923077,0.7480782375519219,1,True,3,True,0.8636363636363636
B747,throttle_step,sig_static,cmalpha_x0.7,22,13,0.23076923076923078,0.38461538461538464,0.7183099666071803,1,True,2,True,0.9090909090909091
B747,throttle_step,sig_static,cmq_x0.5,22,13,0.23076923076923078,0.23076923076923078,0.6209781317753454,1,True,1,True,0.9545454545454546
B747,throttle_step,sig_static,inertia_x1.6,22,22,0.13636363636363635,0.22727272727272727,1.0,1,True,0,False,1.0
Boeing314,aileron_step,envelope,clo_+0.1,22,13,0.23076923076923078,0.38461538461538464,0.7538280433017276,1,True,11,True,0.5
Boeing314,aileron_step,envelope,cmalpha_x0.7,22,13,0.23076923076923078,0.38461538461538464,0.6981010088982226,1,True,11,True,0.5
Boeing314,aileron_step,envelope,cmq_x0.5,22,13,0.23076923076923078,0.38461538461538464,0.863966802428341,1,True,16,True,0.2727272727272727
Boeing314,aileron_step,envelope,inertia_x1.6,22,22,0.13636363636363635,0.22727272727272727,1.0,1,True,1,True,0.9545454545454546
Boeing314,aileron_step,iforest,clo_+0.1,22,13,0.23076923076923078,0.38461538461538464,0.7572480425689523,1,True,22,True,0.0
Boeing314,aileron_step,iforest,cmalpha_x0.7,22,13,0.15384615384615385,0.23076923076923078,0.677096432978786,1,True,22,True,0.0
Boeing314,aileron_step,iforest,cmq_x0.5,22,13,0.23076923076923078,0.38461538461538464,0.9282533256217467,1,True,0,False,1.0
Boeing314,aileron_step,iforest,inertia_x1.6,22,22,0.13636363636363635,0.22727272727272727,1.0,1,True,0,False,1.0
Boeing314,aileron_step,ks,clo_+0.1,22,13,0.23076923076923078,0.23076923076923078,0.637845559219696,1,True,6,True,0.7272727272727273
Boeing314,aileron_step,ks,cmalpha_x0.7,22,13,0.23076923076923078,0.38461538461538464,0.9120879120879122,1,True,15,True,0.31818181818181823
Boeing314,aileron_step,ks,cmq_x0.5,22,13,0.23076923076923078,0.3076923076923077,0.7701295436589555,1,True,9,True,0.5909090909090908
Boeing314,aileron_step,ks,inertia_x1.6,22,22,0.13636363636363635,0.22727272727272727,1.0,1,True,6,True,0.7272727272727273
Boeing314,aileron_step,regression,clo_+0.1,22,13,0.23076923076923078,0.38461538461538464,0.8476594483947424,1,True,10,True,0.5454545454545454
Boeing314,aileron_step,regression,cmalpha_x0.7,22,13,0.23076923076923078,0.3076923076923077,0.8249972249972249,1,True,6,True,0.7272727272727273
Boeing314,aileron_step,regression,cmq_x0.5,22,13,0.23076923076923078,0.38461538461538464,0.7997235607529726,1,True,10,True,0.5454545454545454
Boeing314,aileron_step,regression,inertia_x1.6,22,22,0.13636363636363635,0.22727272727272727,1.0,1,True,2,True,0.9090909090909091
Boeing314,aileron_step,sig_dynamic,clo_+0.1,22,13,0.23076923076923078,0.38461538461538464,0.8321838417992263,1,True,3,True,0.8636363636363636
Boeing314,aileron_step,sig_dynamic,cmalpha_x0.7,22,13,0.07692307692307693,0.15384615384615385,0.578289332587975,1,True,1,False,0.9545454545454546
Boeing314,aileron_step,sig_dynamic,cmq_x0.5,22,13,0.15384615384615385,0.23076923076923078,0.652351741825426,1,True,3,False,0.8636363636363636
Boeing314,aileron_step,sig_dynamic,inertia_x1.6,22,22,0.13636363636363635,0.22727272727272727,1.0,1,True,0,False,1.0
Boeing314,aileron_step,sig_static,clo_+0.1,22,13,0.23076923076923078,0.38461538461538464,0.8349660573344784,1,True,0,False,1.0
Boeing314,aileron_step,sig_static,cmalpha_x0.7,22,13,0.15384615384615385,0.3076923076923077,0.6313129515558665,2,False,0,False,1.0
Boeing314,aileron_step,sig_static,cmq_x0.5,22,13,0.15384615384615385,0.23076923076923078,0.6080733706239779,1,True,3,False,0.8636363636363636
Boeing314,aileron_step,sig_static,inertia_x1.6,22,22,0.13636363636363635,0.22727272727272727,1.0,1,True,1,True,0.9545454545454546
Boeing314,bank_hold,envelope,clo_+0.1,22,13,0.23076923076923078,0.38461538461538464,0.7935716330453174,1,True,16,True,0.2727272727272727
Boeing314,bank_hold,envelope,cmalpha_x0.7,22,13,0.23076923076923078,0.3076923076923077,0.6795441674966562,1,True,4,True,0.8181818181818181
Boeing314,bank_hold,envelope,cmq_x0.5,22,13,0.23076923076923078,0.38461538461538464,0.7554688861190411,1,True,11,True,0.5
Boeing314,bank_hold,envelope,inertia_x1.6,22,22,0.13636363636363635,0.22727272727272727,1.0,1,True,1,True,0.9545454545454546
Boeing314,bank_hold,iforest,clo_+0.1,22,13,0.15384615384615385,0.15384615384615385,0.6066396210626979,1,True,22,True,0.0
Boeing314,bank_hold,iforest,cmalpha_x0.7,22,13,0.23076923076923078,0.23076923076923078,0.6398738962474375,1,True,13,True,0.40909090909090906
Boeing314,bank_hold,iforest,cmq_x0.5,22,13,0.23076923076923078,0.3076923076923077,0.8007908757908759,1,True,0,False,1.0
Boeing314,bank_hold,iforest,inertia_x1.6,22,22,0.13636363636363635,0.22727272727272727,1.0,1,True,0,False,1.0
Boeing314,bank_hold,ks,clo_+0.1,22,13,0.15384615384615385,0.15384615384615385,0.574348690525161,1,True,13,True,0.40909090909090906
Boeing314,bank_hold,ks,cmalpha_x0.7,22,13,0.0,0.07692307692307693,0.41902239520422413,5,False,8,True,0.6363636363636364
Boeing314,bank_hold,ks,cmq_x0.5,22,13,0.07692307692307693,0.23076923076923078,0.5788890933627775,1,True,7,True,0.6818181818181819
Boeing314,bank_hold,ks,inertia_x1.6,22,22,0.13636363636363635,0.22727272727272727,1.0,1,True,2,True,0.9090909090909091
Boeing314,bank_hold,regression,clo_+0.1,22,13,0.23076923076923078,0.23076923076923078,0.6975934282435831,1,True,13,True,0.40909090909090906
Boeing314,bank_hold,regression,cmalpha_x0.7,22,13,0.15384615384615385,0.23076923076923078,0.663425137615421,1,True,10,True,0.5454545454545454
Boeing314,bank_hold,regression,cmq_x0.5,22,13,0.23076923076923078,0.38461538461538464,0.9513162276320172,1,True,11,True,0.5
Boeing314,bank_hold,regression,inertia_x1.6,22,22,0.13636363636363635,0.22727272727272727,1.0,1,True,2,True,0.9090909090909091
Boeing314,bank_hold,sig_dynamic,clo_+0.1,22,13,0.23076923076923078,0.3076923076923077,0.7072108447108447,1,True,11,True,0.5
Boeing314,bank_hold,sig_dynamic,cmalpha_x0.7,22,13,0.15384615384615385,0.15384615384615385,0.6404858213681744,1,True,13,True,0.40909090909090906
Boeing314,bank_hold,sig_dynamic,cmq_x0.5,22,13,0.15384615384615385,0.3076923076923077,0.7703094139328956,2,False,12,True,0.4545454545454546
Boeing314,bank_hold,sig_dynamic,inertia_x1.6,22,22,0.13636363636363635,0.22727272727272727,1.0,1,True,1,True,0.9545454545454546
Boeing314,bank_hold,sig_static,clo_+0.1,22,13,0.15384615384615385,0.23076923076923078,0.6378167042134653,1,True,3,True,0.8636363636363636
Boeing314,bank_hold,sig_static,cmalpha_x0.7,22,13,0.07692307692307693,0.23076923076923078,0.5738289488289487,2,False,5,True,0.7727272727272727
Boeing314,bank_hold,sig_static,cmq_x0.5,22,13,0.23076923076923078,0.23076923076923078,0.6706637316931435,1,True,6,True,0.7272727272727273
Boeing314,bank_hold,sig_static,inertia_x1.6,22,22,0.13636363636363635,0.22727272727272727,1.0,1,True,0,False,1.0
Boeing314,climbing_turn,envelope,clo_+0.1,22,13,0.23076923076923078,0.38461538461538464,0.8042480824988565,1,True,15,True,0.31818181818181823
Boeing314,climbing_turn,envelope,cmalpha_x0.7,22,13,0.23076923076923078,0.3076923076923077,0.7232221775208202,1,True,9,True,0.5909090909090908
Boeing314,climbing_turn,envelope,cmq_x0.5,22,13,0.23076923076923078,0.38461538461538464,0.8969235892312817,1,True,22,True,0.0
Boeing314,climbing_turn,envelope,inertia_x1.6,22,22,0.13636363636363635,0.22727272727272727,1.0,1,True,5,True,0.7727272727272727
Boeing314,climbing_turn,iforest,clo_+0.1,22,13,0.23076923076923078,0.3076923076923077,0.7862926547137074,1,True,8,True,0.6363636363636364
Boeing314,climbing_turn,iforest,cmalpha_x0.7,22,13,0.23076923076923078,0.38461538461538464,0.906444623752316,1,True,0,False,1.0
Boeing314,climbing_turn,iforest,cmq_x0.5,22,13,0.15384615384615385,0.3076923076923077,0.7063667667174454,1,True,0,False,1.0
Boeing314,climbing_turn,iforest,inertia_x1.6,22,22,0.13636363636363635,0.22727272727272727,1.0,1,True,0,False,1.0
Boeing314,climbing_turn,ks,clo_+0.1,22,13,0.23076923076923078,0.3076923076923077,0.8619271251624193,1,True,8,True,0.6363636363636364
Boeing314,climbing_turn,ks,cmalpha_x0.7,22,13,0.23076923076923078,0.38461538461538464,0.7726504066704115,1,True,3,True,0.8636363636363636
Boeing314,climbing_turn,ks,cmq_x0.5,22,13,0.23076923076923078,0.38461538461538464,0.8117326050018357,1,True,19,True,0.13636363636363635
Boeing314,climbing_turn,ks,inertia_x1.6,22,22,0.13636363636363635,0.22727272727272727,1.0,1,True,0,False,1.0
Boeing314,climbing_turn,regression,clo_+0.1,22,13,0.23076923076923078,0.3076923076923077,0.8788379920732861,1,True,10,True,0.5454545454545454
Boeing314,climbing_turn,regression,cmalpha_x0.7,22,13,0.23076923076923078,0.38461538461538464,0.8653654038269423,1,True,7,True,0.6818181818181819
Boeing314,climbing_turn,regression,cmq_x0.5,22,13,0.23076923076923078,0.3076923076923077,0.8022688006999747,1,True,17,True,0.2272727272727273
Boeing314,climbing_turn,regression,inertia_x1.6,22,22,0.13636363636363635,0.22727272727272727,1.0,1,True,1,True,0.9545454545454546
Boeing314,climbing_turn,sig_dynamic,clo_+0.1,22,13,0.23076923076923078,0.38461538461538464,0.8986362493715435,1,True,6,True,0.7272727272727273
Boeing314,climbing_turn,sig_dynamic,cmalpha_x0.7,22,13,0.23076923076923078,0.38461538461538464,0.9042429792429793,1,True,4,True,0.8181818181818181
Boeing314,climbing_turn,sig_dynamic,cmq_x0.5,22,13,0.23076923076923078,0.38461538461538464,0.9421568627450981,1,True,14,True,0.36363636363636365
Boeing314,climbing_turn,sig_dynamic,inertia_x1.6,22,22,0.13636363636363635,0.22727272727272727,1.0,1,True,1,True,0.9545454545454546
Boeing314,climbing_turn,sig_static,clo_+0.1,22,13,0.23076923076923078,0.3076923076923077,0.7716773333438015,1,True,5,True,0.7727272727272727
Boeing314,climbing_turn,sig_static,cmalpha_x0.7,22,13,0.07692307692307693,0.07692307692307693,0.5240350028632953,1,True,3,True,0.8636363636363636
Boeing314,climbing_turn,sig_static,cmq_x0.5,22,13,0.23076923076923078,0.38461538461538464,0.9297407720484644,1,True,11,True,0.5
Boeing314,climbing_turn,sig_static,inertia_x1.6,22,22,0.13636363636363635,0.22727272727272727,1.0,1,True,2,True,0.9090909090909091
Boeing314,cruise,envelope,clo_+0.1,22,13,0.23076923076923078,0.38461538461538464,0.8403218513512631,1,True,10,True,0.5454545454545454
Boeing314,cruise,envelope,cmalpha_x0.7,22,13,0.15384615384615385,0.15384615384615385,0.5415686523658659,2,False,10,True,0.5454545454545454
Boeing314,cruise,envelope,cmq_x0.5,22,13,0.23076923076923078,0.38461538461538464,0.7778665048401892,1,True,12,True,0.4545454545454546
Boeing314,cruise,envelope,inertia_x1.6,22,22,0.13636363636363635,0.22727272727272727,1.0,1,True,0,False,1.0
Boeing314,cruise,iforest,clo_+0.1,22,13,0.15384615384615385,0.15384615384615385,0.5690092673064808,1,True,22,True,0.0
Boeing314,cruise,iforest,cmalpha_x0.7,22,13,0.0,0.15384615384615385,0.506550394050394,4,False,19,True,0.13636363636363635
Boeing314,cruise,iforest,cmq_x0.5,22,13,0.07692307692307693,0.07692307692307693,0.45210213597627263,3,False,0,False,1.0
Boeing314,cruise,iforest,inertia_x1.6,22,22,0.13636363636363635,0.22727272727272727,1.0,1,True,0,False,1.0
Boeing314,cruise,ks,clo_+0.1,22,13,0.15384615384615385,0.15384615384615385,0.5610201410481239,1,True,16,True,0.2727272727272727
Boeing314,cruise,ks,cmalpha_x0.7,22,13,0.23076923076923078,0.38461538461538464,0.8674503072276352,1,True,6,True,0.7272727272727273
Boeing314,cruise,ks,cmq_x0.5,22,13,0.23076923076923078,0.38461538461538464,0.8260502655239499,1,True,9,True,0.5909090909090908
Boeing314,cruise,ks,inertia_x1.6,22,22,0.13636363636363635,0.22727272727272727,1.0,1,True,0,False,1.0
Boeing314,cruise,regression,clo_+0.1,22,13,0.15384615384615385,0.15384615384615385,0.47140334758517655,2,False,4,True,0.8181818181818181
Boeing314,cruise,regression,cmalpha_x0.7,22,13,0.23076923076923078,0.38461538461538464,0.9167341430499325,1,True,1,True,0.9545454545454546
Boeing314,cruise,regression,cmq_x0.5,22,13,0.23076923076923078,0.38461538461538464,0.7150788651294724,1,True,5,True,0.7727272727272727
Boeing314,cruise,regression,inertia_x1.6,22,22,0.13636363636363635,0.22727272727272727,1.0,1,True,0,False,1.0
Boeing314,cruise,sig_dynamic,clo_+0.1,22,13,0.0,0.0,0.43335638323730724,6,False,3,True,0.8636363636363636
Boeing314,cruise,sig_dynamic,cmalpha_x0.7,22,13,0.0,0.07692307692307693,0.4557484896226263,5,False,3,True,0.8636363636363636
Boeing314,cruise,sig_dynamic,cmq_x0.5,22,13,0.0,0.15384615384615385,0.5394561578772105,4,False,5,True,0.7727272727272727
Boeing314,cruise,sig_dynamic,inertia_x1.6,22,22,0.13636363636363635,0.22727272727272727,1.0,1,True,1,True,0.9545454545454546
Boeing314,cruise,sig_static,clo_+0.1,22,13,0.0,0.0,0.41469146971945253,8,False,3,True,0.8636363636363636
Boeing314,cruise,sig_static,cmalpha_x0.7,22,13,0.0,0.07692307692307693,0.4428383228663057,5,False,3,True,0.8636363636363636
Boeing314,cruise,sig_static,cmq_x0.5,22,13,0.0,0.15384615384615385,0.504552392052392,4,False,6,True,0.7272727272727273
Boeing314,cruise,sig_static,inertia_x1.6,22,22,0.13636363636363635,0.22727272727272727,1.0,1,True,0,False,1.0
Boeing314,elev_doublet,envelope,clo_+0.1,22,13,0.23076923076923078,0.3076923076923077,0.6464526572498708,1,True,4,True,0.8181818181818181
Boeing314,elev_doublet,envelope,cmalpha_x0.7,22,13,0.0,0.0,0.4267335942615771,6,False,1,False,0.9545454545454546
Boeing314,elev_doublet,envelope,cmq_x0.5,22,13,0.23076923076923078,0.3076923076923077,0.7145118039854883,1,True,12,True,0.4545454545454546
Boeing314,elev_doublet,envelope,inertia_x1.6,22,22,0.13636363636363635,0.22727272727272727,1.0,1,True,0,False,1.0
Boeing314,elev_doublet,iforest,clo_+0.1,22,13,0.07692307692307693,0.23076923076923078,0.5344868452840589,1,True,12,True,0.4545454545454546
Boeing314,elev_doublet,iforest,cmalpha_x0.7,22,13,0.23076923076923078,0.23076923076923078,0.6452330435302571,1,True,0,False,1.0
Boeing314,elev_doublet,iforest,cmq_x0.5,22,13,0.15384615384615385,0.3076923076923077,0.7222640607255992,2,False,0,False,1.0
Boeing314,elev_doublet,iforest,inertia_x1.6,22,22,0.13636363636363635,0.22727272727272727,1.0,1,True,0,False,1.0
Boeing314,elev_doublet,ks,clo_+0.1,22,13,0.23076923076923078,0.23076923076923078,0.6303462130206593,1,True,12,True,0.4545454545454546
Boeing314,elev_doublet,ks,cmalpha_x0.7,22,13,0.15384615384615385,0.3076923076923077,0.7199585670739518,1,True,2,True,0.9090909090909091
Boeing314,elev_doublet,ks,cmq_x0.5,22,13,0.15384615384615385,0.23076923076923078,0.5897479224223686,1,True,11,True,0.5
Boeing314,elev_doublet,ks,inertia_x1.6,22,22,0.13636363636363635,0.22727272727272727,1.0,1,True,0,False,1.0
Boeing314,elev_doublet,regression,clo_+0.1,22,13,0.07692307692307693,0.23076923076923078,0.5192935230206008,3,False,14,True,0.36363636363636365
Boeing314,elev_doublet,regression,cmalpha_x0.7,22,13,0.07692307692307693,0.23076923076923078,0.559341973815658,3,False,5,True,0.7727272727272727
Boeing314,elev_doublet,regression,cmq_x0.5,22,13,0.23076923076923078,0.38461538461538464,0.8106656501393346,1,True,12,True,0.4545454545454546
Boeing314,elev_doublet,regression,inertia_x1.6,22,22,0.13636363636363635,0.22727272727272727,1.0,1,True,4,True,0.8181818181818181
Boeing314,elev_doublet,sig_dynamic,clo_+0.1,22,13,0.0,0.15384615384615385,0.4899122205623753,4,False,14,True,0.36363636363636365
Boeing314,elev_doublet,sig_dynamic,cmalpha_x0.7,22,13,0.07692307692307693,0.15384615384615385,0.5824585670739516,3,False,6,True,0.7272727272727273
Boeing314,elev_doublet,sig_dynamic,cmq_x0.5,22,13,0.23076923076923078,0.23076923076923078,0.6585288980025823,1,True,9,True,0.5909090909090908
Boeing314,elev_doublet,sig_dynamic,inertia_x1.6,22,22,0.13636363636363635,0.22727272727272727,1.0,1,True,2,True,0.9090909090909091
Boeing314,elev_doublet,sig_static,clo_+0.1,22,13,0.0,0.0,0.4687996101963713,6,False,9,True,0.5909090909090908
Boeing314,elev_doublet,sig_static,cmalpha_x0.7,22,13,0.15384615384615385,0.3076923076923077,0.7156815406815407,1,True,4,True,0.8181818181818181
Boeing314,elev_doublet,sig_static,cmq_x0.5,22,13,0.07692307692307693,0.23076923076923078,0.6555354901508748,1,True,3,True,0.8636363636363636
Boeing314,elev_doublet,sig_static,inertia_x1.6,22,22,0.13636363636363635,0.22727272727272727,1.0,1,True,1,True,0.9545454545454546
Boeing314,elev_doublet_distractor,envelope,clo_+0.1,22,13,0.23076923076923078,0.3076923076923077,0.6356467964440101,1,True,13,True,0.40909090909090906
Boeing314,elev_doublet_distractor,envelope,cmalpha_x0.7,22,13,0.07692307692307693,0.07692307692307693,0.47571570189753093,1,True,1,True,0.9545454545454546
Boeing314,elev_doublet_distractor,envelope,cmq_x0.5,22,13,0.23076923076923078,0.38461538461538464,0.7573542556514694,1,True,11,True,0.5
Boeing314,elev_doublet_distractor,envelope,inertia_x1.6,22,22,0.13636363636363635,0.22727272727272727,1.0,1,True,0,False,1.0
Boeing314,elev_doublet_distractor,iforest,clo_+0.1,22,13,0.07692307692307693,0.07692307692307693,0.5160643724379137,2,False,22,True,0.0
Boeing314,elev_doublet_distractor,iforest,cmalpha_x0.7,22,13,0.23076923076923078,0.3076923076923077,0.7782938215630524,1,True,4,True,0.8181818181818181
Boeing314,elev_doublet_distractor,iforest,cmq_x0.5,22,13,0.23076923076923078,0.38461538461538464,0.7873803484097601,1,True,0,False,1.0
Boeing314,elev_doublet_distractor,iforest,inertia_x1.6,22,22,0.13636363636363635,0.22727272727272727,1.0,1,True,0,False,1.0
Boeing314,elev_doublet_distractor,ks,clo_+0.1,22,13,0.23076923076923078,0.38461538461538464,0.7620698015434859,1,True,9,True,0.5909090909090908
Boeing314,elev_doublet_distractor,ks,cmalpha_x0.7,22,13,0.23076923076923078,0.3076923076923077,0.7285269555006397,1,True,4,True,0.8181818181818181
Boeing314,elev_doublet_distractor,ks,cmq_x0.5,22,13,0.23076923076923078,0.38461538461538464,0.8050712445449288,1,True,6,True,0.7272727272727273
Boeing314,elev_doublet_distractor,ks,inertia_x1.6,22,22,0.13636363636363635,0.22727272727272727,1.0,1,True,0,False,1.0
Boeing314,elev_doublet_distractor,regression,clo_+0.1,22,13,0.23076923076923078,0.38461538461538464,0.8200810885021412,1,True,13,True,0.40909090909090906
Boeing314,elev_doublet_distractor,regression,cmalpha_x0.7,22,13,0.23076923076923078,0.38461538461538464,0.9371807177237041,1,True,7,True,0.6818181818181819
Boeing314,elev_doublet_distractor,regression,cmq_x0.5,22,13,0.23076923076923078,0.38461538461538464,0.9109096032172956,1,True,10,True,0.5454545454545454
Boeing314,elev_doublet_distractor,regression,inertia_x1.6,22,22,0.13636363636363635,0.22727272727272727,1.0,1,True,1,True,0.9545454545454546
Boeing314,elev_doublet_distractor,sig_dynamic,clo_+0.1,22,13,0.23076923076923078,0.38461538461538464,0.9056917441532826,1,True,7,True,0.6818181818181819
Boeing314,elev_doublet_distractor,sig_dynamic,cmalpha_x0.7,22,13,0.23076923076923078,0.38461538461538464,0.9897435897435898,1,True,5,True,0.7727272727272727
Boeing314,elev_doublet_distractor,sig_dynamic,cmq_x0.5,22,13,0.23076923076923078,0.38461538461538464,1.0,1,True,10,True,0.5454545454545454
Boeing314,elev_doublet_distractor,sig_dynamic,inertia_x1.6,22,22,0.13636363636363635,0.22727272727272727,1.0,1,True,0,False,1.0
Boeing314,elev_doublet_distractor,sig_static,clo_+0.1,22,13,0.23076923076923078,0.38461538461538464,0.8193008097985474,1,True,2,True,0.9090909090909091
Boeing314,elev_doublet_distractor,sig_static,cmalpha_x0.7,22,13,0.23076923076923078,0.38461538461538464,0.9206644662527015,1,True,4,True,0.8181818181818181
Boeing314,elev_doublet_distractor,sig_static,cmq_x0.5,22,13,0.23076923076923078,0.38461538461538464,0.8755674064497594,1,True,2,True,0.9090909090909091
Boeing314,elev_doublet_distractor,sig_static,inertia_x1.6,22,22,0.13636363636363635,0.22727272727272727,1.0,1,True,1,True,0.9545454545454546
Boeing314,elev_step,envelope,clo_+0.1,22,13,0.23076923076923078,0.3076923076923077,0.8377392063626881,1,True,8,True,0.6363636363636364
Boeing314,elev_step,envelope,cmalpha_x0.7,22,13,0.23076923076923078,0.38461538461538464,0.811064171995346,1,True,7,True,0.6818181818181819
Boeing314,elev_step,envelope,cmq_x0.5,22,13,0.23076923076923078,0.38461538461538464,0.8943241399123754,1,True,12,True,0.4545454545454546
Boeing314,elev_step,envelope,inertia_x1.6,22,22,0.13636363636363635,0.22727272727272727,1.0,1,True,2,True,0.9090909090909091
Boeing314,elev_step,iforest,clo_+0.1,22,13,0.23076923076923078,0.3076923076923077,0.804378477229156,1,True,22,True,0.0
Boeing314,elev_step,iforest,cmalpha_x0.7,22,13,0.0,0.0,0.4387280101021468,6,False,3,False,0.8636363636363636
Boeing314,elev_step,iforest,cmq_x0.5,22,13,0.15384615384615385,0.23076923076923078,0.6808889378727436,1,True,0,False,1.0
Boeing314,elev_step,iforest,inertia_x1.6,22,22,0.13636363636363635,0.22727272727272727,1.0,1,True,0,False,1.0
Boeing314,elev_step,ks,clo_+0.1,22,13,0.15384615384615385,0.15384615384615385,0.5365543290823118,1,True,8,True,0.6363636363636364
Boeing314,elev_step,ks,cmalpha_x0.7,22,13,0.15384615384615385,0.15384615384615385,0.520080418377632,2,False,7,True,0.6818181818181819
Boeing314,elev_step,ks,cmq_x0.5,22,13,0.23076923076923078,0.23076923076923078,0.7094655344655346,1,True,7,True,0.6818181818181819
Boeing314,elev_step,ks,inertia_x1.6,22,22,0.13636363636363635,0.22727272727272727,1.0,1,True,2,True,0.9090909090909091
Boeing314,elev_step,regression,clo_+0.1,22,13,0.23076923076923078,0.38461538461538464,0.9885883347421809,1,True,11,True,0.5
Boeing314,elev_step,regression,cmalpha_x0.7,22,13,0.15384615384615385,0.3076923076923077,0.8268028979567442,2,False,9,True,0.5909090909090908
Boeing314,elev_step,regression,cmq_x0.5,22,13,0.23076923076923078,0.38461538461538464,1.0,1,True,13,True,0.40909090909090906
Boeing314,elev_step,regression,inertia_x1.6,22,22,0.13636363636363635,0.22727272727272727,1.0,1,True,2,True,0.9090909090909091
Boeing314,elev_step,sig_dynamic,clo_+0.1,22,13,0.07692307692307693,0.07692307692307693,0.5607160185214484,1,True,4,True,0.8181818181818181
Boeing314,elev_step,sig_dynamic,cmalpha_x0.7,22,13,0.0,0.15384615384615385,0.5033853966546273,4,False,3,True,0.8636363636363636
Boeing314,elev_step,sig_dynamic,cmq_x0.5,22,13,0.15384615384615385,0.23076923076923078,0.69525273983776,1,True,15,True,0.31818181818181823
Boeing314,elev_step,sig_dynamic,inertia_x1.6,22,22,0.13636363636363635,0.22727272727272727,1.0,1,True,1,True,0.9545454545454546
Boeing314,elev_step,sig_static,clo_+0.1,22,13,0.07692307692307693,0.23076923076923078,0.5676863734556042,3,False,3,True,0.8636363636363636
Boeing314,elev_step,sig_static,cmalpha_x0.7,22,13,0.0,0.07692307692307693,0.5170690222428732,5,False,0,False,1.0
Boeing314,elev_step,sig_static,cmq_x0.5,22,13,0.07692307692307693,0.23076923076923078,0.5683703386132536,3,False,7,True,0.6818181818181819
Boeing314,elev_step,sig_static,inertia_x1.6,22,22,0.13636363636363635,0.22727272727272727,1.0,1,True,2,True,0.9090909090909091
Boeing314,engine_cut,envelope,clo_+0.1,22,13,0.23076923076923078,0.38461538461538464,0.8278207087030617,1,True,6,True,0.7272727272727273
Boeing314,engine_cut,envelope,cmalpha_x0.7,22,13,0.23076923076923078,0.38461538461538464,0.7467952987183756,1,True,5,True,0.7727272727272727
Boeing314,engine_cut,envelope,cmq_x0.5,22,13,0.23076923076923078,0.38461538461538464,0.7872301113191802,1,True,13,True,0.40909090909090906
Boeing314,engine_cut,envelope,inertia_x1.6,22,22,0.13636363636363635,0.22727272727272727,1.0,1,True,0,False,1.0
Boeing314,engine_cut,iforest,clo_+0.1,22,13,0.23076923076923078,0.3076923076923077,0.7552509707487084,1,True,1,True,0.9545454545454546
Boeing314,engine_cut,iforest,cmalpha_x0.7,22,13,0.0,0.15384615384615385,0.4944658540633773,4,False,0,False,1.0
Boeing314,engine_cut,iforest,cmq_x0.5,22,13,0.15384615384615385,0.23076923076923078,0.6592170986907829,1,True,0,False,1.0
Boeing314,engine_cut,iforest,inertia_x1.6,22,22,0.13636363636363635,0.22727272727272727,1.0,1,True,0,False,1.0
Boeing314,engine_cut,ks,clo_+0.1,22,13,0.23076923076923078,0.3076923076923077,0.7197362466593236,1,True,6,True,0.7272727272727273
Boeing314,engine_cut,ks,cmalpha_x0.7,22,13,0.23076923076923078,0.3076923076923077,0.7540428532331366,1,True,4,True,0.8181818181818181
Boeing314,engine_cut,ks,cmq_x0.5,22,13,0.23076923076923078,0.38461538461538464,0.7609749168959696,1,True,8,True,0.6363636363636364
Boeing314,engine_cut,ks,inertia_x1.6,22,22,0.13636363636363635,0.22727272727272727,1.0,1,True,0,False,1.0
Boeing314,engine_cut,regression,clo_+0.1,22,13,0.23076923076923078,0.38461538461538464,0.9221611721611722,1,True,5,True,0.7727272727272727
Boeing314,engine_cut,regression,cmalpha_x0.7,22,13,0.23076923076923078,0.38461538461538464,0.8953268953268952,1,True,5,True,0.7727272727272727
Boeing314,engine_cut,regression,cmq_x0.5,22,13,0.23076923076923078,0.38461538461538464,0.9029206088029618,1,True,4,True,0.8181818181818181
Boeing314,engine_cut,regression,inertia_x1.6,22,22,0.13636363636363635,0.22727272727272727,1.0,1,True,0,False,1.0
Boeing314,engine_cut,sig_dynamic,clo_+0.1,22,13,0.23076923076923078,0.38461538461538464,0.7323480887216299,1,True,7,True,0.6818181818181819
Boeing314,engine_cut,sig_dynamic,cmalpha_x0.7,22,13,0.23076923076923078,0.3076923076923077,0.7890043518705104,1,True,7,True,0.6818181818181819
Boeing314,engine_cut,sig_dynamic,cmq_x0.5,22,13,0.23076923076923078,0.23076923076923078,0.7010040791417309,1,True,9,True,0.5909090909090908
Boeing314,engine_cut,sig_dynamic,inertia_x1.6,22,22,0.13636363636363635,0.22727272727272727,1.0,1,True,2,True,0.9090909090909091
Boeing314,engine_cut,sig_static,clo_+0.1,22,13,0.23076923076923078,0.3076923076923077,0.7198160757371284,1,True,5,True,0.7727272727272727
Boeing314,engine_cut,sig_static,cmalpha_x0.7,22,13,0.23076923076923078,0.23076923076923078,0.7460746769570299,1,True,10,True,0.5454545454545454
Boeing314,engine_cut,sig_static,cmq_x0.5,22,13,0.15384615384615385,0.23076923076923078,0.6245601620601621,1,True,4,True,0.8181818181818181
Boeing314,engine_cut,sig_static,inertia_x1.6,22,22,0.13636363636363635,0.22727272727272727,1.0,1,True,2,True,0.9090909090909091
Boeing314,engine_stop,envelope,clo_+0.1,22,13,0.23076923076923078,0.38461538461538464,1.0,1,True,6,True,0.7272727272727273
Boeing314,engine_stop,envelope,cmalpha_x0.7,22,13,0.23076923076923078,0.38461538461538464,0.920178840767076,1,True,14,True,0.36363636363636365
Boeing314,engine_stop,envelope,cmq_x0.5,22,13,0.23076923076923078,0.38461538461538464,0.8804738562091502,1,True,15,True,0.31818181818181823
Boeing314,engine_stop,envelope,inertia_x1.6,22,22,0.13636363636363635,0.22727272727272727,1.0,1,True,4,True,0.8181818181818181
Boeing314,engine_stop,iforest,clo_+0.1,22,13,0.07692307692307693,0.15384615384615385,0.5786205882181114,1,True,1,True,0.9545454545454546
Boeing314,engine_stop,iforest,cmalpha_x0.7,22,13,0.07692307692307693,0.15384615384615385,0.5979807136183655,2,False,0,False,1.0
Boeing314,engine_stop,iforest,cmq_x0.5,22,13,0.23076923076923078,0.38461538461538464,0.8530720913073855,1,True,0,False,1.0
Boeing314,engine_stop,iforest,inertia_x1.6,22,22,0.13636363636363635,0.22727272727272727,1.0,1,True,0,False,1.0
Boeing314,engine_stop,ks,clo_+0.1,22,13,0.23076923076923078,0.38461538461538464,0.7983849483849484,1,True,4,True,0.8181818181818181
Boeing314,engine_stop,ks,cmalpha_x0.7,22,13,0.23076923076923078,0.38461538461538464,1.0,1,True,7,True,0.6818181818181819
Boeing314,engine_stop,ks,cmq_x0.5,22,13,0.23076923076923078,0.38461538461538464,0.7400857312622018,1,True,8,True,0.6363636363636364
Boeing314,engine_stop,ks,inertia_x1.6,22,22,0.13636363636363635,0.22727272727272727,1.0,1,True,3,True,0.8636363636363636
Boeing314,engine_stop,regression,clo_+0.1,22,13,0.23076923076923078,0.38461538461538464,0.8937564572179956,1,True,5,True,0.7727272727272727
Boeing314,engine_stop,regression,cmalpha_x0.7,22,13,0.23076923076923078,0.38461538461538464,1.0,1,True,9,True,0.5909090909090908
Boeing314,engine_stop,regression,cmq_x0.5,22,13,0.23076923076923078,0.38461538461538464,0.9945054945054945,1,True,10,True,0.5454545454545454
Boeing314,engine_stop,regression,inertia_x1.6,22,22,0.13636363636363635,0.22727272727272727,1.0,1,True,1,True,0.9545454545454546
Boeing314,engine_stop,sig_dynamic,clo_+0.1,22,13,0.23076923076923078,0.38461538461538464,0.8691172075787461,1,True,4,True,0.8181818181818181
Boeing314,engine_stop,sig_dynamic,cmalpha_x0.7,22,13,0.23076923076923078,0.3076923076923077,0.8469877344877346,1,True,14,True,0.36363636363636365
Boeing314,engine_stop,sig_dynamic,cmq_x0.5,22,13,0.23076923076923078,0.3076923076923077,0.824963924963925,1,True,15,True,0.31818181818181823
Boeing314,engine_stop,sig_dynamic,inertia_x1.6,22,22,0.13636363636363635,0.22727272727272727,1.0,1,True,1,True,0.9545454545454546
Boeing314,engine_stop,sig_static,clo_+0.1,22,13,0.15384615384615385,0.3076923076923077,0.6045909156203273,2,False,6,True,0.7272727272727273
Boeing314,engine_stop,sig_static,cmalpha_x0.7,22,13,0.23076923076923078,0.38461538461538464,0.7823923883134409,1,True,3,True,0.8636363636363636
Boeing314,engine_stop,sig_static,cmq_x0.5,22,13,0.07692307692307693,0.23076923076923078,0.5129280935782483,3,False,4,True,0.8181818181818181
Boeing314,engine_stop,sig_static,inertia_x1.6,22,22,0.13636363636363635,0.22727272727272727,1.0,1,True,1,True,0.9545454545454546
Boeing314,flap_extend,envelope,clo_+0.1,22,13,0.23076923076923078,0.3076923076923077,0.8907786657786658,1,True,7,True,0.6818181818181819
Boeing314,flap_extend,envelope,cmalpha_x0.7,22,13,0.23076923076923078,0.23076923076923078,0.7700765046918894,1,True,15,True,0.31818181818181823
Boeing314,flap_extend,envelope,cmq_x0.5,22,13,0.23076923076923078,0.38461538461538464,0.920178840767076,1,True,19,True,0.13636363636363635
Boeing314,flap_extend,envelope,inertia_x1.6,22,22,0.13636363636363635,0.22727272727272727,1.0,1,True,9,True,0.5909090909090908
Boeing314,flap_extend,iforest,clo_+0.1,22,13,0.15384615384615385,0.23076923076923078,0.5924500336265042,1,True,0,False,1.0
Boeing314,flap_extend,iforest,cmalpha_x0.7,22,13,0.0,0.0,0.43652380405178687,6,False,0,False,1.0
Boeing314,flap_extend,iforest,cmq_x0.5,22,13,0.15384615384615385,0.23076923076923078,0.602046345467398,2,False,0,False,1.0
Boeing314,flap_extend,iforest,inertia_x1.6,22,22,0.13636363636363635,0.22727272727272727,1.0,1,True,0,False,1.0
Boeing314,flap_extend,ks,clo_+0.1,22,13,0.07692307692307693,0.15384615384615385,0.5147051289585225,2,False,1,False,0.9545454545454546
Boeing314,flap_extend,ks,cmalpha_x0.7,22,13,0.15384615384615385,0.3076923076923077,0.698069272158341,1,True,15,True,0.31818181818181823
Boeing314,flap_extend,ks,cmq_x0.5,22,13,0.23076923076923078,0.3076923076923077,0.8374721683545212,1,True,11,True,0.5
Boeing314,flap_extend,ks,inertia_x1.6,22,22,0.13636363636363635,0.22727272727272727,1.0,1,True,2,True,0.9090909090909091
Boeing314,flap_extend,regression,clo_+0.1,22,13,0.23076923076923078,0.38461538461538464,0.932902522578636,1,True,8,True,0.6363636363636364
Boeing314,flap_extend,regression,cmalpha_x0.7,22,13,0.15384615384615385,0.3076923076923077,0.7642558633449323,1,True,11,True,0.5
Boeing314,flap_extend,regression,cmq_x0.5,22,13,0.23076923076923078,0.38461538461538464,0.932902522578636,1,True,10,True,0.5454545454545454
Boeing314,flap_extend,regression,inertia_x1.6,22,22,0.13636363636363635,0.22727272727272727,1.0,1,True,7,True,0.6818181818181819
Boeing314,flap_extend,sig_dynamic,clo_+0.1,22,13,0.15384615384615385,0.3076923076923077,0.6821463673660625,1,True,6,True,0.7272727272727273
Boeing314,flap_extend,sig_dynamic,cmalpha_x0.7,22,13,0.15384615384615385,0.3076923076923077,0.720878794408206,1,True,13,True,0.40909090909090906
Boeing314,flap_extend,sig_dynamic,cmq_x0.5,22,13,0.23076923076923078,0.38461538461538464,0.9447368421052632,1,True,14,True,0.36363636363636365
Boeing314,flap_extend,sig_dynamic,inertia_x1.6,22,22,0.13636363636363635,0.22727272727272727,1.0,1,True,10,True,0.5454545454545454
Boeing314,flap_extend,sig_static,clo_+0.1,22,13,0.07692307692307693,0.23076923076923078,0.632210411509054,1,True,3,True,0.8636363636363636
Boeing314,flap_extend,sig_static,cmalpha_x0.7,22,13,0.07692307692307693,0.15384615384615385,0.5248459143195985,2,False,7,True,0.6818181818181819
Boeing314,flap_extend,sig_static,cmq_x0.5,22,13,0.23076923076923078,0.38461538461538464,0.8564380064380065,1,True,6,True,0.7272727272727273
Boeing314,flap_extend,sig_static,inertia_x1.6,22,22,0.13636363636363635,0.22727272727272727,1.0,1,True,5,True,0.7727272727272727
Boeing314,rudder_doublet,envelope,clo_+0.1,22,13,0.23076923076923078,0.38461538461538464,0.8692026540710752,1,True,6,True,0.7272727272727273
Boeing314,rudder_doublet,envelope,cmalpha_x0.7,22,13,0.23076923076923078,0.38461538461538464,0.8795689604513134,1,True,2,True,0.9090909090909091
Boeing314,rudder_doublet,envelope,cmq_x0.5,22,13,0.23076923076923078,0.38461538461538464,0.7870627573056724,1,True,14,True,0.36363636363636365
Boeing314,rudder_doublet,envelope,inertia_x1.6,22,22,0.13636363636363635,0.22727272727272727,1.0,1,True,0,False,1.0
Boeing314,rudder_doublet,iforest,clo_+0.1,22,13,0.23076923076923078,0.38461538461538464,0.9108873582557795,1,True,22,True,0.0
Boeing314,rudder_doublet,iforest,cmalpha_x0.7,22,13,0.23076923076923078,0.3076923076923077,0.8355171088470683,1,True,17,True,0.2272727272727273
Boeing314,rudder_doublet,iforest,cmq_x0.5,22,13,0.23076923076923078,0.38461538461538464,0.9589457550996012,1,True,0,False,1.0
Boeing314,rudder_doublet,iforest,inertia_x1.6,22,22,0.13636363636363635,0.22727272727272727,1.0,1,True,0,False,1.0
Boeing314,rudder_doublet,ks,clo_+0.1,22,13,0.23076923076923078,0.38461538461538464,0.9558091481168405,1,True,5,True,0.7727272727272727
Boeing314,rudder_doublet,ks,cmalpha_x0.7,22,13,0.23076923076923078,0.38461538461538464,0.7802912899066745,1,True,1,True,0.9545454545454546
Boeing314,rudder_doublet,ks,cmq_x0.5,22,13,0.23076923076923078,0.38461538461538464,0.7213811789544107,1,True,7,True,0.6818181818181819
Boeing314,rudder_doublet,ks,inertia_x1.6,22,22,0.13636363636363635,0.22727272727272727,1.0,1,True,0,False,1.0
Boeing314,rudder_doublet,regression,clo_+0.1,22,13,0.23076923076923078,0.38461538461538464,0.9014221073044604,1,True,8,True,0.6363636363636364
Boeing314,rudder_doublet,regression,cmalpha_x0.7,22,13,0.23076923076923078,0.38461538461538464,0.9945054945054945,1,True,6,True,0.7272727272727273
Boeing314,rudder_doublet,regression,cmq_x0.5,22,13,0.23076923076923078,0.38461538461538464,0.9378451676528599,1,True,9,True,0.5909090909090908
Boeing314,rudder_doublet,regression,inertia_x1.6,22,22,0.13636363636363635,0.22727272727272727,1.0,1,True,1,True,0.9545454545454546
Boeing314,rudder_doublet,sig_dynamic,clo_+0.1,22,13,0.23076923076923078,0.38461538461538464,0.8452141875218799,1,True,7,True,0.6818181818181819
Boeing314,rudder_doublet,sig_dynamic,cmalpha_x0.7,22,13,0.23076923076923078,0.3076923076923077,0.8384820532593812,1,True,9,True,0.5909090909090908
Boeing314,rudder_doublet,sig_dynamic,cmq_x0.5,22,13,0.23076923076923078,0.38461538461538464,0.8850549023625948,1,True,13,True,0.40909090909090906
Boeing314,rudder_doublet,sig_dynamic,inertia_x1.6,22,22,0.13636363636363635,0.22727272727272727,1.0,1,True,2,True,0.9090909090909091
Boeing314,rudder_doublet,sig_static,clo_+0.1,22,13,0.23076923076923078,0.3076923076923077,0.7085177979914822,1,True,4,True,0.8181818181818181
Boeing314,rudder_doublet,sig_static,cmalpha_x0.7,22,13,0.15384615384615385,0.23076923076923078,0.6965494472847413,1,True,6,True,0.7272727272727273
Boeing314,rudder_doublet,sig_static,cmq_x0.5,22,13,0.23076923076923078,0.3076923076923077,0.7753028572866629,1,True,2,True,0.9090909090909091
Boeing314,rudder_doublet,sig_static,inertia_x1.6,22,22,0.13636363636363635,0.22727272727272727,1.0,1,True,1,True,0.9545454545454546
Boeing314,throttle_step,envelope,clo_+0.1,22,13,0.23076923076923078,0.38461538461538464,0.8793119749716557,1,True,13,True,0.40909090909090906
Boeing314,throttle_step,envelope,cmalpha_x0.7,22,13,0.23076923076923078,0.3076923076923077,0.6799546488281902,1,True,6,True,0.7272727272727273
Boeing314,throttle_step,envelope,cmq_x0.5,22,13,0.23076923076923078,0.38461538461538464,0.8283127089628639,1,True,22,True,0.0
Boeing314,throttle_step,envelope,inertia_x1.6,22,22,0.13636363636363635,0.22727272727272727,1.0,1,True,2,True,0.9090909090909091
Boeing314,throttle_step,iforest,clo_+0.1,22,13,0.23076923076923078,0.38461538461538464,0.9093091548973903,1,True,0,False,1.0
Boeing314,throttle_step,iforest,cmalpha_x0.7,22,13,0.23076923076923078,0.38461538461538464,0.8836840734614013,1,True,0,False,1.0
Boeing314,throttle_step,iforest,cmq_x0.5,22,13,0.15384615384615385,0.15384615384615385,0.5605985517750223,1,True,0,False,1.0
Boeing314,throttle_step,iforest,inertia_x1.6,22,22,0.13636363636363635,0.22727272727272727,1.0,1,True,0,False,1.0
Boeing314,throttle_step,ks,clo_+0.1,22,13,0.23076923076923078,0.38461538461538464,0.8038843634997479,1,True,6,True,0.7272727272727273
Boeing314,throttle_step,ks,cmalpha_x0.7,22,13,0.23076923076923078,0.38461538461538464,0.858182258917553,1,True,0,False,1.0
Boeing314,throttle_step,ks,cmq_x0.5,22,13,0.23076923076923078,0.3076923076923077,0.7080020658074957,1,True,19,True,0.13636363636363635
Boeing314,throttle_step,ks,inertia_x1.6,22,22,0.13636363636363635,0.22727272727272727,1.0,1,True,0,False,1.0
Boeing314,throttle_step,regression,clo_+0.1,22,13,0.23076923076923078,0.38461538461538464,0.9179056237879766,1,True,11,True,0.5
Boeing314,throttle_step,regression,cmalpha_x0.7,22,13,0.23076923076923078,0.38461538461538464,0.9674927636466097,1,True,8,True,0.6363636363636364
Boeing314,throttle_step,regression,cmq_x0.5,22,13,0.23076923076923078,0.38461538461538464,0.8882599856284068,1,True,18,True,0.18181818181818177
Boeing314,throttle_step,regression,inertia_x1.6,22,22,0.13636363636363635,0.22727272727272727,1.0,1,True,4,True,0.8181818181818181
Boeing314,throttle_step,sig_dynamic,clo_+0.1,22,13,0.23076923076923078,0.38461538461538464,0.9599272522349445,1,True,13,True,0.40909090909090906
Boeing314,throttle_step,sig_dynamic,cmalpha_x0.7,22,13,0.23076923076923078,0.38461538461538464,0.9216830403065221,1,True,11,True,0.5
Boeing314,throttle_step,sig_dynamic,cmq_x0.5,22,13,0.23076923076923078,0.38461538461538464,0.8645783954607484,1,True,18,True,0.18181818181818177
Boeing314,throttle_step,sig_dynamic,inertia_x1.6,22,22,0.13636363636363635,0.22727272727272727,1.0,1,True,0,False,1.0
Boeing314,throttle_step,sig_static,clo_+0.1,22,13,0.23076923076923078,0.38461538461538464,0.9413125336202259,1,True,8,True,0.6363636363636364
Boeing314,throttle_step,sig_static,cmalpha_x0.7,22,13,0.23076923076923078,0.38461538461538464,0.9075768248845171,1,True,9,True,0.5909090909090908
Boeing314,throttle_step,sig_static,cmq_x0.5,22,13,0.15384615384615385,0.3076923076923077,0.8105960279037203,1,True,7,True,0.6818181818181819
Boeing314,throttle_step,sig_static,inertia_x1.6,22,22,0.13636363636363635,0.22727272727272727,1.0,1,True,0,False,1.0
Camel,aileron_step,envelope,clo_+0.1,22,13,0.23076923076923078,0.3076923076923077,0.7977599323753171,1,True,6,True,0.7272727272727273
Camel,aileron_step,envelope,cmalpha_x0.7,22,13,0.23076923076923078,0.3076923076923077,0.6963584059559291,1,True,14,True,0.36363636363636365
Camel,aileron_step,envelope,cmq_x0.5,22,13,0.15384615384615385,0.23076923076923078,0.6357800953776186,1,True,11,True,0.5
Camel,aileron_step,iforest,clo_+0.1,22,13,0.07692307692307693,0.15384615384615385,0.5649111509405627,1,True,8,True,0.6363636363636364
Camel,aileron_step,iforest,cmalpha_x0.7,22,13,0.23076923076923078,0.38461538461538464,0.7203055114819821,1,True,0,False,1.0
Camel,aileron_step,iforest,cmq_x0.5,22,13,0.15384615384615385,0.3076923076923077,0.7233057540749849,1,True,0,False,1.0
Camel,aileron_step,ks,clo_+0.1,22,13,0.23076923076923078,0.38461538461538464,0.8246125219809431,1,True,5,True,0.7727272727272727
Camel,aileron_step,ks,cmalpha_x0.7,22,13,0.15384615384615385,0.3076923076923077,0.6586336700530556,1,True,13,True,0.40909090909090906
Camel,aileron_step,ks,cmq_x0.5,22,13,0.15384615384615385,0.23076923076923078,0.6621362555573082,1,True,7,True,0.6818181818181819
Camel,aileron_step,regression,clo_+0.1,22,13,0.23076923076923078,0.38461538461538464,0.803148167621852,1,True,9,True,0.5909090909090908
Camel,aileron_step,regression,cmalpha_x0.7,22,13,0.23076923076923078,0.38461538461538464,0.8512848262848264,1,True,5,True,0.7727272727272727
Camel,aileron_step,regression,cmq_x0.5,22,13,0.23076923076923078,0.38461538461538464,0.8464547148757676,1,True,6,True,0.7272727272727273
Camel,aileron_step,sig_dynamic,clo_+0.1,22,13,0.15384615384615385,0.23076923076923078,0.6983953567931896,1,True,14,True,0.36363636363636365
Camel,aileron_step,sig_dynamic,cmalpha_x0.7,22,13,0.15384615384615385,0.23076923076923078,0.7242696971203757,1,True,9,True,0.5909090909090908
Camel,aileron_step,sig_dynamic,cmq_x0.5,22,13,0.23076923076923078,0.38461538461538464,0.7635404069614595,1,True,11,True,0.5
Camel,aileron_step,sig_static,clo_+0.1,22,13,0.23076923076923078,0.3076923076923077,0.7886708320918848,1,True,12,True,0.4545454545454546
Camel,aileron_step,sig_static,cmalpha_x0.7,22,13,0.15384615384615385,0.23076923076923078,0.7043590826098565,1,True,9,True,0.5909090909090908
Camel,aileron_step,sig_static,cmq_x0.5,22,13,0.15384615384615385,0.23076923076923078,0.7414304649598767,1,True,11,True,0.5
Camel,bank_hold,envelope,clo_+0.1,22,13,0.23076923076923078,0.38461538461538464,0.7815953911929144,1,True,16,True,0.2727272727272727
Camel,bank_hold,envelope,cmalpha_x0.7,22,13,0.15384615384615385,0.23076923076923078,0.6165932992677455,1,True,14,True,0.36363636363636365
Camel,bank_hold,envelope,cmq_x0.5,22,13,0.23076923076923078,0.23076923076923078,0.6504819612791748,1,True,15,True,0.31818181818181823
Camel,bank_hold,iforest,clo_+0.1,22,13,0.23076923076923078,0.3076923076923077,0.6798748894724127,1,True,20,True,0.09090909090909094
Camel,bank_hold,iforest,cmalpha_x0.7,22,13,0.0,0.0,0.41950609953408236,6,False,0,False,1.0
Camel,bank_hold,iforest,cmq_x0.5,22,13,0.15384615384615385,0.23076923076923078,0.6455874191168308,2,False,0,False,1.0
Camel,bank_hold,ks,clo_+0.1,22,13,0.23076923076923078,0.3076923076923077,0.8072441391267303,1,True,4,True,0.8181818181818181
Camel,bank_hold,ks,cmalpha_x0.7,22,13,0.15384615384615385,0.23076923076923078,0.6297132691869535,1,True,13,True,0.40909090909090906
Camel,bank_hold,ks,cmq_x0.5,22,13,0.15384615384615385,0.3076923076923077,0.5565518152562686,2,False,4,True,0.8181818181818181
Camel,bank_hold,regression,clo_+0.1,22,13,0.23076923076923078,0.3076923076923077,0.7939101747925277,1,True,13,True,0.40909090909090906
Camel,bank_hold,regression,cmalpha_x0.7,22,13,0.23076923076923078,0.3076923076923077,0.8182054057054058,1,True,12,True,0.4545454545454546
Camel,bank_hold,regression,cmq_x0.5,22,13,0.23076923076923078,0.38461538461538464,0.8906636350075264,1,True,15,True,0.31818181818181823
Camel,bank_hold,sig_dynamic,clo_+0.1,22,13,0.15384615384615385,0.3076923076923077,0.6588219416660712,1,True,17,True,0.2272727272727273
Camel,bank_hold,sig_dynamic,cmalpha_x0.7,22,13,0.15384615384615385,0.23076923076923078,0.7296155767309614,1,True,18,True,0.18181818181818177
Camel,bank_hold,sig_dynamic,cmq_x0.5,22,13,0.0,0.15384615384615385,0.5078653184422415,4,False,14,True,0.36363636363636365
Camel,bank_hold,sig_static,clo_+0.1,22,13,0.23076923076923078,0.23076923076923078,0.7377828312038839,1,True,16,True,0.2727272727272727
Camel,bank_hold,sig_static,cmalpha_x0.7,22,13,0.15384615384615385,0.23076923076923078,0.7143213121719908,1,True,14,True,0.36363636363636365
Camel,bank_hold,sig_static,cmq_x0.5,22,13,0.07692307692307693,0.23076923076923078,0.5940580786734633,3,False,2,False,0.9090909090909091
Camel,climbing_turn,envelope,clo_+0.1,22,13,0.23076923076923078,0.38461538461538464,0.9088952713952714,1,True,12,True,0.4545454545454546
Camel,climbing_turn,envelope,cmalpha_x0.7,22,13,0.23076923076923078,0.23076923076923078,0.7237207237207238,1,True,18,True,0.18181818181818177
Camel,climbing_turn,envelope,cmq_x0.5,22,13,0.15384615384615385,0.15384615384615385,0.5568755676727812,1,True,20,True,0.09090909090909094
Camel,climbing_turn,iforest,clo_+0.1,22,13,0.23076923076923078,0.38461538461538464,0.7998453469607315,1,True,22,True,0.0
Camel,climbing_turn,iforest,cmalpha_x0.7,22,13,0.0,0.0,0.4469927845433918,6,False,0,False,1.0
Camel,climbing_turn,iforest,cmq_x0.5,22,13,0.07692307692307693,0.15384615384615385,0.49257459087180444,2,False,19,True,0.13636363636363635
Camel,climbing_turn,ks,clo_+0.1,22,13,0.23076923076923078,0.23076923076923078,0.7539661748640076,1,True,22,True,0.0
Camel,climbing_turn,ks,cmalpha_x0.7,22,13,0.23076923076923078,0.3076923076923077,0.7228880431309582,1,True,0,False,1.0
Camel,climbing_turn,ks,cmq_x0.5,22,13,0.07692307692307693,0.07692307692307693,0.47829605894621374,3,False,0,False,1.0
Camel,climbing_turn,regression,clo_+0.1,22,13,0.23076923076923078,0.38461538461538464,0.8655407626561473,1,True,7,True,0.6818181818181819
Camel,climbing_turn,regression,cmalpha_x0.7,22,13,0.07692307692307693,0.15384615384615385,0.5054493150468382,3,False,8,True,0.6363636363636364
Camel,climbing_turn,regression,cmq_x0.5,22,13,0.15384615384615385,0.23076923076923078,0.7262037108190955,1,True,19,True,0.13636363636363635
Camel,climbing_turn,sig_dynamic,clo_+0.1,22,13,0.23076923076923078,0.3076923076923077,0.8151638509938106,1,True,12,True,0.4545454545454546
Camel,climbing_turn,sig_dynamic,cmalpha_x0.7,22,13,0.15384615384615385,0.23076923076923078,0.6674251967238393,1,True,15,True,0.31818181818181823
Camel,climbing_turn,sig_dynamic,cmq_x0.5,22,13,0.15384615384615385,0.23076923076923078,0.6497360489263323,1,True,20,True,0.09090909090909094
Camel,climbing_turn,sig_static,clo_+0.1,22,13,0.23076923076923078,0.38461538461538464,0.847918983850158,1,True,13,True,0.40909090909090906
Camel,climbing_turn,sig_static,cmalpha_x0.7,22,13,0.15384615384615385,0.23076923076923078,0.6142206021730907,1,True,18,True,0.18181818181818177
Camel,climbing_turn,sig_static,cmq_x0.5,22,13,0.15384615384615385,0.3076923076923077,0.679594760244915,1,True,19,True,0.13636363636363635
Camel,cruise,envelope,clo_+0.1,22,13,0.23076923076923078,0.23076923076923078,0.6305019412991549,1,True,16,True,0.2727272727272727
Camel,cruise,envelope,cmalpha_x0.7,22,13,0.23076923076923078,0.23076923076923078,0.6340900198872336,1,True,14,True,0.36363636363636365
Camel,cruise,envelope,cmq_x0.5,22,13,0.07692307692307693,0.07692307692307693,0.43896356514539414,2,False,13,True,0.40909090909090906
Camel,cruise,iforest,clo_+0.1,22,13,0.23076923076923078,0.3076923076923077,0.7444011054305173,1,True,20,True,0.09090909090909094
Camel,cruise,iforest,cmalpha_x0.7,22,13,0.23076923076923078,0.23076923076923078,0.6170112653084789,1,True,8,True,0.6363636363636364
Camel,cruise,iforest,cmq_x0.5,22,13,0.07692307692307693,0.15384615384615385,0.5407410234839384,3,False,3,False,0.8636363636363636
Camel,cruise,ks,clo_+0.1,22,13,0.15384615384615385,0.23076923076923078,0.7069080042764253,1,True,18,True,0.18181818181818177
Camel,cruise,ks,cmalpha_x0.7,22,13,0.07692307692307693,0.15384615384615385,0.5420555563089499,1,True,17,True,0.2272727272727273
Camel,cruise,ks,cmq_x0.5,22,13,0.23076923076923078,0.38461538461538464,0.8983201439083791,1,True,10,True,0.5454545454545454
Camel,cruise,regression,clo_+0.1,22,13,0.23076923076923078,0.38461538461538464,0.864985014985015,1,True,6,True,0.7272727272727273
Camel,cruise,regression,cmalpha_x0.7,22,13,0.23076923076923078,0.23076923076923078,0.6269858307129087,1,True,13,True,0.40909090909090906
Camel,cruise,regression,cmq_x0.5,22,13,0.23076923076923078,0.3076923076923077,0.6353791154070982,1,True,2,True,0.9090909090909091
Camel,cruise,sig_dynamic,clo_+0.1,22,13,0.23076923076923078,0.3076923076923077,0.7161026495004823,1,True,6,True,0.7272727272727273
Camel,cruise,sig_dynamic,cmalpha_x0.7,22,13,0.23076923076923078,0.23076923076923078,0.6456921620889232,1,True,8,True,0.6363636363636364
Camel,cruise,sig_dynamic,cmq_x0.5,22,13,0.15384615384615385,0.15384615384615385,0.5460018260298088,1,True,0,False,1.0
Camel,cruise,sig_static,clo_+0.1,22,13,0.23076923076923078,0.38461538461538464,0.7739839157825584,1,True,14,True,0.36363636363636365
Camel,cruise,sig_static,cmalpha_x0.7,22,13,0.23076923076923078,0.23076923076923078,0.684632524999279,1,True,8,True,0.6363636363636364
Camel,cruise,sig_static,cmq_x0.5,22,13,0.15384615384615385,0.15384615384615385,0.5629697186198734,1,True,0,False,1.0
Camel,elev_doublet,envelope,clo_+0.1,22,13,0.23076923076923078,0.3076923076923077,0.7940716057380738,1,True,6,True,0.7272727272727273
Camel,elev_doublet,envelope,cmalpha_x0.7,22,13,0.15384615384615385,0.15384615384615385,0.639751481550124,1,True,16,True,0.2727272727272727
Camel,elev_doublet,envelope,cmq_x0.5,22,13,0.07692307692307693,0.15384615384615385,0.5674650770626003,1,True,14,True,0.36363636363636365
Camel,elev_doublet,iforest,clo_+0.1,22,13,0.15384615384615385,0.23076923076923078,0.5955534119501731,1,True,22,True,0.0
Camel,elev_doublet,iforest,cmalpha_x0.7,22,13,0.07692307692307693,0.23076923076923078,0.6383835119129236,2,False,20,True,0.09090909090909094
Camel,elev_doublet,iforest,cmq_x0.5,22,13,0.15384615384615385,0.3076923076923077,0.7004480813304343,1,True,0,False,1.0
Camel,elev_doublet,ks,clo_+0.1,22,13,0.23076923076923078,0.3076923076923077,0.6829428741193447,1,True,5,True,0.7727272727272727
Camel,elev_doublet,ks,cmalpha_x0.7,22,13,0.15384615384615385,0.15384615384615385,0.5618372726344861,1,True,8,True,0.6363636363636364
Camel,elev_doublet,ks,cmq_x0.5,22,13,0.07692307692307693,0.15384615384615385,0.5299303974583802,1,True,4,True,0.8181818181818181
Camel,elev_doublet,regression,clo_+0.1,22,13,0.15384615384615385,0.23076923076923078,0.6434213559719633,1,True,4,True,0.8181818181818181
Camel,elev_doublet,regression,cmalpha_x0.7,22,13,0.23076923076923078,0.38461538461538464,0.8125765141423631,1,True,7,True,0.6818181818181819
Camel,elev_doublet,regression,cmq_x0.5,22,13,0.23076923076923078,0.23076923076923078,0.6415872526166644,1,True,8,True,0.6363636363636364
Camel,elev_doublet,sig_dynamic,clo_+0.1,22,13,0.23076923076923078,0.38461538461538464,0.8538404693530913,1,True,4,True,0.8181818181818181
Camel,elev_doublet,sig_dynamic,cmalpha_x0.7,22,13,0.23076923076923078,0.3076923076923077,0.7821662255872783,1,True,3,True,0.8636363636363636
Camel,elev_doublet,sig_dynamic,cmq_x0.5,22,13,0.15384615384615385,0.23076923076923078,0.6966429207319896,1,True,0,False,1.0
Camel,elev_doublet,sig_static,clo_+0.1,22,13,0.23076923076923078,0.38461538461538464,0.8454042689336807,1,True,1,True,0.9545454545454546
Camel,elev_doublet,sig_static,cmalpha_x0.7,22,13,0.23076923076923078,0.38461538461538464,0.9087579087579086,1,True,1,True,0.9545454545454546
Camel,elev_doublet,sig_static,cmq_x0.5,22,13,0.23076923076923078,0.38461538461538464,0.8531087502241349,1,True,0,False,1.0
Camel,elev_doublet_distractor,envelope,clo_+0.1,22,13,0.23076923076923078,0.38461538461538464,0.8221594581888699,1,True,9,True,0.5909090909090908
Camel,elev_doublet_distractor,envelope,cmalpha_x0.7,22,13,0.23076923076923078,0.23076923076923078,0.7466194062347907,1,True,21,True,0.045454545454545414
Camel,elev_doublet_distractor,envelope,cmq_x0.5,22,13,0.15384615384615385,0.15384615384615385,0.5847143955116091,1,True,17,True,0.2272727272727273
Camel,elev_doublet_distractor,iforest,clo_+0.1,22,13,0.15384615384615385,0.15384615384615385,0.6225601282102831,1,True,22,True,0.0
Camel,elev_doublet_distractor,iforest,cmalpha_x0.7,22,13,0.23076923076923078,0.38461538461538464,0.8437146752192001,1,True,22,True,0.0
Camel,elev_doublet_distractor,iforest,cmq_x0.5,22,13,0.23076923076923078,0.3076923076923077,0.7933207817823202,1,True,0,False,1.0
Camel,elev_doublet_distractor,ks,clo_+0.1,22,13,0.23076923076923078,0.38461538461538464,0.8055867546758235,1,True,4,True,0.8181818181818181
Camel,elev_doublet_distractor,ks,cmalpha_x0.7,22,13,0.07692307692307693,0.15384615384615385,0.6044948641102488,2,False,13,True,0.40909090909090906
Camel,elev_doublet_distractor,ks,cmq_x0.5,22,13,0.15384615384615385,0.3076923076923077,0.6652725816693429,1,True,1,False,0.9545454545454546
Camel,elev_doublet_distractor,regression,clo_+0.1,22,13,0.15384615384615385,0.23076923076923078,0.6672208768184001,1,True,4,True,0.8181818181818181
Camel,elev_doublet_distractor,regression,cmalpha_x0.7,22,13,0.23076923076923078,0.3076923076923077,0.7882496713944678,1,True,17,True,0.2272727272727273
Camel,elev_doublet_distractor,regression,cmq_x0.5,22,13,0.23076923076923078,0.3076923076923077,0.7594735330029447,1,True,10,True,0.5454545454545454
Camel,elev_doublet_distractor,sig_dynamic,clo_+0.1,22,13,0.07692307692307693,0.23076923076923078,0.5299292924798997,2,False,7,True,0.6818181818181819
Camel,elev_doublet_distractor,sig_dynamic,cmalpha_x0.7,22,13,0.07692307692307693,0.15384615384615385,0.5510066800046556,1,True,2,True,0.9090909090909091
Camel,elev_doublet_distractor,sig_dynamic,cmq_x0.5,22,13,0.15384615384615385,0.3076923076923077,0.727952602952603,1,True,0,False,1.0
Camel,elev_doublet_distractor,sig_static,clo_+0.1,22,13,0.07692307692307693,0.23076923076923078,0.5975057708029844,1,True,2,True,0.9090909090909091
Camel,elev_doublet_distractor,sig_static,cmalpha_x0.7,22,13,0.15384615384615385,0.3076923076923077,0.729864473133704,1,True,1,True,0.9545454545454546
Camel,elev_doublet_distractor,sig_static,cmq_x0.5,22,13,0.15384615384615385,0.15384615384615385,0.5181594007326324,2,False,0,False,1.0
Camel,elev_step,envelope,clo_+0.1,22,13,0.23076923076923078,0.38461538461538464,0.7715875627640335,1,True,16,True,0.2727272727272727
Camel,elev_step,envelope,cmalpha_x0.7,22,13,0.23076923076923078,0.23076923076923078,0.6857984900971327,1,True,22,True,0.0
Camel,elev_step,envelope,cmq_x0.5,22,13,0.15384615384615385,0.15384615384615385,0.5374782982755119,1,True,20,True,0.09090909090909094
Camel,elev_step,iforest,clo_+0.1,22,13,0.15384615384615385,0.23076923076923078,0.6357485400471824,2,False,0,False,1.0
Camel,elev_step,iforest,cmalpha_x0.7,22,13,0.0,0.07692307692307693,0.4452915241198165,5,False,3,False,0.8636363636363636
Camel,elev_step,iforest,cmq_x0.5,22,13,0.07692307692307693,0.23076923076923078,0.5243004802215329,3,False,0,False,1.0
Camel,elev_step,ks,clo_+0.1,22,13,0.15384615384615385,0.3076923076923077,0.7059064866757174,1,True,7,True,0.6818181818181819
Camel,elev_step,ks,cmalpha_x0.7,22,13,0.23076923076923078,0.38461538461538464,0.7265850248822385,1,True,22,True,0.0
Camel,elev_step,ks,cmq_x0.5,22,13,0.07692307692307693,0.15384615384615385,0.5201882165623533,1,True,10,True,0.5454545454545454
Camel,elev_step,regression,clo_+0.1,22,13,0.23076923076923078,0.38461538461538464,0.8484749168959695,1,True,8,True,0.6363636363636364
Camel,elev_step,regression,cmalpha_x0.7,22,13,0.07692307692307693,0.07692307692307693,0.4261430523248813,3,False,22,True,0.0
Camel,elev_step,regression,cmq_x0.5,22,13,0.07692307692307693,0.07692307692307693,0.4659458000521349,3,False,12,True,0.4545454545454546
Camel,elev_step,sig_dynamic,clo_+0.1,22,13,0.23076923076923078,0.3076923076923077,0.8103259987875373,1,True,19,True,0.13636363636363635
Camel,elev_step,sig_dynamic,cmalpha_x0.7,22,13,0.15384615384615385,0.23076923076923078,0.6613355605258439,1,True,21,True,0.045454545454545414
Camel,elev_step,sig_dynamic,cmq_x0.5,22,13,0.0,0.15384615384615385,0.5179610987303295,4,False,8,True,0.6363636363636364
Camel,elev_step,sig_static,clo_+0.1,22,13,0.23076923076923078,0.38461538461538464,0.7706063802039034,1,True,14,True,0.36363636363636365
Camel,elev_step,sig_static,cmalpha_x0.7,22,13,0.23076923076923078,0.38461538461538464,0.8803418803418802,1,True,18,True,0.18181818181818177
Camel,elev_step,sig_static,cmq_x0.5,22,13,0.23076923076923078,0.3076923076923077,0.8207128341743727,1,True,5,True,0.7727272727272727
Camel,engine_stop,envelope,clo_+0.1,22,13,0.15384615384615385,0.3076923076923077,0.6953781512605042,2,False,17,True,0.2272727272727273
Camel,engine_stop,envelope,cmalpha_x0.7,22,13,0.15384615384615385,0.23076923076923078,0.5831320389012696,2,False,22,True,0.0
Camel,engine_stop,envelope,cmq_x0.5,22,13,0.23076923076923078,0.23076923076923078,0.6324803362074142,1,True,17,True,0.2272727272727273
Camel,engine_stop,iforest,clo_+0.1,22,13,0.15384615384615385,0.15384615384615385,0.6125565617468451,1,True,22,True,0.0
Camel,engine_stop,iforest,cmalpha_x0.7,22,13,0.15384615384615385,0.3076923076923077,0.6669461515436748,2,False,1,False,0.9545454545454546
Camel,engine_stop,iforest,cmq_x0.5,22,13,0.15384615384615385,0.23076923076923078,0.6693089973454345,1,True,0,False,1.0
Camel,engine_stop,ks,clo_+0.1,22,13,0.23076923076923078,0.38461538461538464,0.8667610167610168,1,True,16,True,0.2727272727272727
Camel,engine_stop,ks,cmalpha_x0.7,22,13,0.15384615384615385,0.3076923076923077,0.7157574200560627,1,True,17,True,0.2272727272727273
Camel,engine_stop,ks,cmq_x0.5,22,13,0.07692307692307693,0.15384615384615385,0.5359277418487944,3,False,7,True,0.6818181818181819
Camel,engine_stop,regression,clo_+0.1,22,13,0.23076923076923078,0.38461538461538464,0.8904428904428906,1,True,16,True,0.2727272727272727
Camel,engine_stop,regression,cmalpha_x0.7,22,13,0.15384615384615385,0.3076923076923077,0.7849834805717161,2,False,17,True,0.2272727272727273
Camel,engine_stop,regression,cmq_x0.5,22,13,0.23076923076923078,0.38461538461538464,0.9109096032172956,1,True,17,True,0.2272727272727273
Camel,engine_stop,sig_dynamic,clo_+0.1,22,13,0.23076923076923078,0.38461538461538464,0.7645475869160079,1,True,15,True,0.31818181818181823
Camel,engine_stop,sig_dynamic,cmalpha_x0.7,22,13,0.15384615384615385,0.15384615384615385,0.5314899410874643,2,False,14,True,0.36363636363636365
Camel,engine_stop,sig_dynamic,cmq_x0.5,22,13,0.15384615384615385,0.3076923076923077,0.636710078508721,2,False,18,True,0.18181818181818177
Camel,engine_stop,sig_static,clo_+0.1,22,13,0.23076923076923078,0.23076923076923078,0.7244836611352449,1,True,18,True,0.18181818181818177
Camel,engine_stop,sig_static,cmalpha_x0.7,22,13,0.15384615384615385,0.23076923076923078,0.570288861465332,1,True,8,True,0.6363636363636364
Camel,engine_stop,sig_static,cmq_x0.5,22,13,0.23076923076923078,0.38461538461538464,0.795973470973471,1,True,8,True,0.6363636363636364
Camel,flap_extend,envelope,clo_+0.1,22,13,0.23076923076923078,0.23076923076923078,0.6418846745591208,1,True,15,True,0.31818181818181823
Camel,flap_extend,envelope,cmalpha_x0.7,22,13,0.0,0.15384615384615385,0.4809459417431553,4,False,14,True,0.36363636363636365
Camel,flap_extend,envelope,cmq_x0.5,22,13,0.07692307692307693,0.07692307692307693,0.4261430523248813,3,False,14,True,0.36363636363636365
Camel,flap_extend,iforest,clo_+0.1,22,13,0.23076923076923078,0.38461538461538464,0.8163097136781349,1,True,22,True,0.0
Camel,flap_extend,iforest,cmalpha_x0.7,22,13,0.15384615384615385,0.23076923076923078,0.6433284214660733,1,True,18,True,0.18181818181818177
Camel,flap_extend,iforest,cmq_x0.5,22,13,0.0,0.07692307692307693,0.5248471864987703,5,False,11,True,0.5
Camel,flap_extend,ks,clo_+0.1,22,13,0.23076923076923078,0.3076923076923077,0.7308439674955512,1,True,10,True,0.5454545454545454
Camel,flap_extend,ks,cmalpha_x0.7,22,13,0.15384615384615385,0.15384615384615385,0.5828215154959617,1,True,13,True,0.40909090909090906
Camel,flap_extend,ks,cmq_x0.5,22,13,0.0,0.15384615384615385,0.5847464752442129,4,False,8,True,0.6363636363636364
Camel,flap_extend,regression,clo_+0.1,22,13,0.23076923076923078,0.38461538461538464,0.7799086540989376,1,True,17,True,0.2272727272727273
Camel,flap_extend,regression,cmalpha_x0.7,22,13,0.15384615384615385,0.15384615384615385,0.673007548007548,1,True,18,True,0.18181818181818177
Camel,flap_extend,regression,cmq_x0.5,22,13,0.23076923076923078,0.23076923076923078,0.6942677985664412,1,True,13,True,0.40909090909090906
Camel,flap_extend,sig_dynamic,clo_+0.1,22,13,0.23076923076923078,0.38461538461538464,0.790108176137588,1,True,19,True,0.13636363636363635
Camel,flap_extend,sig_dynamic,cmalpha_x0.7,22,13,0.23076923076923078,0.23076923076923078,0.6869116994116994,1,True,10,True,0.5454545454545454
Camel,flap_extend,sig_dynamic,cmq_x0.5,22,13,0.23076923076923078,0.38461538461538464,0.8011556819249127,1,True,14,True,0.36363636363636365
Camel,flap_extend,sig_static,clo_+0.1,22,13,0.23076923076923078,0.3076923076923077,0.7915473415473416,1,True,12,True,0.4545454545454546
Camel,flap_extend,sig_static,cmalpha_x0.7,22,13,0.23076923076923078,0.38461538461538464,0.784870578139809,1,True,1,True,0.9545454545454546
Camel,flap_extend,sig_static,cmq_x0.5,22,13,0.23076923076923078,0.38461538461538464,0.7795770406064525,1,True,3,True,0.8636363636363636
Camel,rudder_doublet,envelope,clo_+0.1,22,13,0.23076923076923078,0.38461538461538464,0.7757108990081127,1,True,9,True,0.5909090909090908
Camel,rudder_doublet,envelope,cmalpha_x0.7,22,13,0.23076923076923078,0.23076923076923078,0.6079911187883323,1,True,12,True,0.4545454545454546
Camel,rudder_doublet,envelope,cmq_x0.5,22,13,0.15384615384615385,0.23076923076923078,0.61064679644401,1,True,13,True,0.40909090909090906
Camel,rudder_doublet,iforest,clo_+0.1,22,13,0.15384615384615385,0.3076923076923077,0.8150880667848992,1,True,22,True,0.0
Camel,rudder_doublet,iforest,cmalpha_x0.7,22,13,0.23076923076923078,0.38461538461538464,0.8795732045732045,1,True,0,False,1.0
Camel,rudder_doublet,iforest,cmq_x0.5,22,13,0.23076923076923078,0.38461538461538464,0.9603238866396762,1,True,0,False,1.0
Camel,rudder_doublet,ks,clo_+0.1,22,13,0.23076923076923078,0.38461538461538464,0.795345675995831,1,True,3,True,0.8636363636363636
Camel,rudder_doublet,ks,cmalpha_x0.7,22,13,0.15384615384615385,0.3076923076923077,0.7142191142191142,1,True,7,True,0.6818181818181819
Camel,rudder_doublet,ks,cmq_x0.5,22,13,0.23076923076923078,0.38461538461538464,0.7743561263298108,1,True,2,True,0.9090909090909091
Camel,rudder_doublet,regression,clo_+0.1,22,13,0.23076923076923078,0.38461538461538464,0.7604754163964691,1,True,8,True,0.6363636363636364
Camel,rudder_doublet,regression,cmalpha_x0.7,22,13,0.15384615384615385,0.15384615384615385,0.5445202570708643,1,True,5,True,0.7727272727272727
Camel,rudder_doublet,regression,cmq_x0.5,22,13,0.23076923076923078,0.3076923076923077,0.7073807169782402,1,True,5,True,0.7727272727272727
Camel,rudder_doublet,sig_dynamic,clo_+0.1,22,13,0.23076923076923078,0.38461538461538464,0.8270537155152541,1,True,2,True,0.9090909090909091
Camel,rudder_doublet,sig_dynamic,cmalpha_x0.7,22,13,0.23076923076923078,0.3076923076923077,0.7455175801151034,1,True,0,False,1.0
Camel,rudder_doublet,sig_dynamic,cmq_x0.5,22,13,0.15384615384615385,0.23076923076923078,0.6657050214742524,1,True,0,False,1.0
Camel,rudder_doublet,sig_static,clo_+0.1,22,13,0.23076923076923078,0.38461538461538464,0.7476591054020205,1,True,1,True,0.9545454545454546
Camel,rudder_doublet,sig_static,cmalpha_x0.7,22,13,0.23076923076923078,0.3076923076923077,0.7220038131802837,1,True,0,False,1.0
Camel,rudder_doublet,sig_static,cmq_x0.5,22,13,0.15384615384615385,0.15384615384615385,0.5869861622064527,1,True,0,False,1.0
Camel,throttle_step,envelope,clo_+0.1,22,13,0.23076923076923078,0.3076923076923077,0.6970760722963629,1,True,15,True,0.31818181818181823
Camel,throttle_step,envelope,cmalpha_x0.7,22,13,0.15384615384615385,0.3076923076923077,0.6506651114623251,1,True,18,True,0.18181818181818177
Camel,throttle_step,envelope,cmq_x0.5,22,13,0.23076923076923078,0.23076923076923078,0.6568006425978562,1,True,18,True,0.18181818181818177
Camel,throttle_step,iforest,clo_+0.1,22,13,0.15384615384615385,0.15384615384615385,0.6254294338272667,1,True,22,True,0.0
Camel,throttle_step,iforest,cmalpha_x0.7,22,13,0.23076923076923078,0.3076923076923077,0.730041389638913,1,True,14,True,0.36363636363636365
Camel,throttle_step,iforest,cmq_x0.5,22,13,0.07692307692307693,0.15384615384615385,0.5008872104847336,3,False,0,False,1.0
Camel,throttle_step,ks,clo_+0.1,22,13,0.23076923076923078,0.38461538461538464,0.8088111618475993,1,True,8,True,0.6363636363636364
Camel,throttle_step,ks,cmalpha_x0.7,22,13,0.15384615384615385,0.23076923076923078,0.6497876392613234,1,True,15,True,0.31818181818181823
Camel,throttle_step,ks,cmq_x0.5,22,13,0.23076923076923078,0.38461538461538464,0.8452811077811079,1,True,5,True,0.7727272727272727
Camel,throttle_step,regression,clo_+0.1,22,13,0.23076923076923078,0.38461538461538464,0.9080586080586082,1,True,13,True,0.40909090909090906
Camel,throttle_step,regression,cmalpha_x0.7,22,13,0.23076923076923078,0.38461538461538464,0.8718892218892219,1,True,17,True,0.2272727272727273
Camel,throttle_step,regression,cmq_x0.5,22,13,0.23076923076923078,0.3076923076923077,0.831055269516808,1,True,15,True,0.31818181818181823
Camel,throttle_step,sig_dynamic,clo_+0.1,22,13,0.23076923076923078,0.3076923076923077,0.7864673338357548,1,True,7,True,0.6818181818181819
Camel,throttle_step,sig_dynamic,cmalpha_x0.7,22,13,0.15384615384615385,0.23076923076923078,0.6671944154916292,1,True,11,True,0.5
Camel,throttle_step,sig_dynamic,cmq_x0.5,22,13,0.15384615384615385,0.23076923076923078,0.6656107050843894,1,True,11,True,0.5
Camel,throttle_step,sig_static,clo_+0.1,22,13,0.15384615384615385,0.23076923076923078,0.7246472481766599,1,True,8,True,0.6363636363636364
Camel,throttle_step,sig_static,cmalpha_x0.7,22,13,0.07692307692307693,0.15384615384615385,0.5603441767409378,1,True,7,True,0.6818181818181819
Camel,throttle_step,sig_static,cmq_x0.5,22,13,0.23076923076923078,0.23076923076923078,0.6513519246491383,1,True,4,True,0.8181818181818181
F4N,aileron_step,envelope,clo_+0.1,22,13,0.23076923076923078,0.38461538461538464,0.7162436489180952,1,True,9,True,0.5909090909090908
F4N,aileron_step,envelope,cmalpha_x0.7,22,13,0.15384615384615385,0.15384615384615385,0.6410427814095354,1,True,3,True,0.8636363636363636
F4N,aileron_step,envelope,cmq_x0.5,22,13,0.15384615384615385,0.3076923076923077,0.7179733671636506,1,True,2,True,0.9090909090909091
F4N,aileron_step,envelope,inertia_x1.6,22,22,0.13636363636363635,0.22727272727272727,1.0,1,True,0,False,1.0
F4N,aileron_step,iforest,clo_+0.1,22,13,0.23076923076923078,0.3076923076923077,0.7647721737921785,1,True,22,True,0.0
F4N,aileron_step,iforest,cmalpha_x0.7,22,13,0.15384615384615385,0.15384615384615385,0.6725809446963293,1,True,22,True,0.0
F4N,aileron_step,iforest,cmq_x0.5,22,13,0.23076923076923078,0.38461538461538464,0.7445102541077773,1,True,0,False,1.0
F4N,aileron_step,iforest,inertia_x1.6,22,22,0.13636363636363635,0.22727272727272727,1.0,1,True,0,False,1.0
F4N,aileron_step,ks,clo_+0.1,22,13,0.23076923076923078,0.3076923076923077,0.7604805450959298,1,True,5,True,0.7727272727272727
F4N,aileron_step,ks,cmalpha_x0.7,22,13,0.23076923076923078,0.3076923076923077,0.7812199496410024,1,True,1,True,0.9545454545454546
F4N,aileron_step,ks,cmq_x0.5,22,13,0.23076923076923078,0.23076923076923078,0.7503529533893906,1,True,3,True,0.8636363636363636
F4N,aileron_step,ks,inertia_x1.6,22,22,0.13636363636363635,0.22727272727272727,1.0,1,True,0,False,1.0
F4N,aileron_step,regression,clo_+0.1,22,13,0.15384615384615385,0.15384615384615385,0.6410727430464273,1,True,16,True,0.2727272727272727
F4N,aileron_step,regression,cmalpha_x0.7,22,13,0.23076923076923078,0.38461538461538464,0.8043353962858606,1,True,7,True,0.6818181818181819
F4N,aileron_step,regression,cmq_x0.5,22,13,0.23076923076923078,0.38461538461538464,0.7692467748969298,1,True,5,True,0.7727272727272727
F4N,aileron_step,regression,inertia_x1.6,22,22,0.13636363636363635,0.22727272727272727,1.0,1,True,8,True,0.6363636363636364
F4N,aileron_step,sig_dynamic,clo_+0.1,22,13,0.0,0.15384615384615385,0.508080017677541,4,False,10,True,0.5454545454545454
F4N,aileron_step,sig_dynamic,cmalpha_x0.7,22,13,0.0,0.15384615384615385,0.5344544344544344,4,False,7,True,0.6818181818181819
F4N,aileron_step,sig_dynamic,cmq_x0.5,22,13,0.23076923076923078,0.38461538461538464,0.813757823373208,1,True,1,True,0.9545454545454546
F4N,aileron_step,sig_dynamic,inertia_x1.6,22,22,0.13636363636363635,0.22727272727272727,1.0,1,True,0,False,1.0
F4N,aileron_step,sig_static,clo_+0.1,22,13,0.0,0.15384615384615385,0.46421406251127617,4,False,6,True,0.7272727272727273
F4N,aileron_step,sig_static,cmalpha_x0.7,22,13,0.15384615384615385,0.23076923076923078,0.6149371995525842,2,False,7,True,0.6818181818181819
F4N,aileron_step,sig_static,cmq_x0.5,22,13,0.23076923076923078,0.23076923076923078,0.7160545594756121,1,True,0,False,1.0
F4N,aileron_step,sig_static,inertia_x1.6,22,22,0.13636363636363635,0.22727272727272727,1.0,1,True,0,False,1.0
F4N,bank_hold,envelope,clo_+0.1,22,13,0.23076923076923078,0.3076923076923077,0.722165931763455,1,True,12,True,0.4545454545454546
F4N,bank_hold,envelope,cmalpha_x0.7,22,13,0.23076923076923078,0.23076923076923078,0.7112373737373736,1,True,10,True,0.5454545454545454
F4N,bank_hold,envelope,cmq_x0.5,22,13,0.23076923076923078,0.38461538461538464,0.9354952237305179,1,True,13,True,0.40909090909090906
F4N,bank_hold,envelope,inertia_x1.6,22,22,0.13636363636363635,0.22727272727272727,1.0,1,True,6,True,0.7272727272727273
F4N,bank_hold,iforest,clo_+0.1,22,13,0.15384615384615385,0.15384615384615385,0.6496304527681046,1,True,22,True,0.0
F4N,bank_hold,iforest,cmalpha_x0.7,22,13,0.23076923076923078,0.38461538461538464,0.7755138658806199,1,True,22,True,0.0
F4N,bank_hold,iforest,cmq_x0.5,22,13,0.23076923076923078,0.38461538461538464,0.8097313891818535,1,True,1,True,0.9545454545454546
F4N,bank_hold,iforest,inertia_x1.6,22,22,0.13636363636363635,0.22727272727272727,1.0,1,True,0,False,1.0
F4N,bank_hold,ks,clo_+0.1,22,13,0.23076923076923078,0.38461538461538464,0.8831481040459368,1,True,10,True,0.5454545454545454
F4N,bank_hold,ks,cmalpha_x0.7,22,13,0.23076923076923078,0.3076923076923077,0.7545452661968498,1,True,6,True,0.7272727272727273
F4N,bank_hold,ks,cmq_x0.5,22,13,0.23076923076923078,0.38461538461538464,1.0,1,True,15,True,0.31818181818181823
F4N,bank_hold,ks,inertia_x1.6,22,22,0.13636363636363635,0.22727272727272727,1.0,1,True,10,True,0.5454545454545454
F4N,bank_hold,regression,clo_+0.1,22,13,0.15384615384615385,0.15384615384615385,0.6299186924186924,1,True,20,True,0.09090909090909094
F4N,bank_hold,regression,cmalpha_x0.7,22,13,0.23076923076923078,0.38461538461538464,0.8260502655239499,1,True,14,True,0.36363636363636365
F4N,bank_hold,regression,cmq_x0.5,22,13,0.23076923076923078,0.38461538461538464,1.0,1,True,18,True,0.18181818181818177
F4N,bank_hold,regression,inertia_x1.6,22,22,0.13636363636363635,0.22727272727272727,1.0,1,True,14,True,0.36363636363636365
F4N,bank_hold,sig_dynamic,clo_+0.1,22,13,0.15384615384615385,0.3076923076923077,0.7225649350649351,1,True,11,True,0.5
F4N,bank_hold,sig_dynamic,cmalpha_x0.7,22,13,0.23076923076923078,0.3076923076923077,0.7720523066676914,1,True,10,True,0.5454545454545454
F4N,bank_hold,sig_dynamic,cmq_x0.5,22,13,0.23076923076923078,0.38461538461538464,0.9885883347421809,1,True,14,True,0.36363636363636365
F4N,bank_hold,sig_dynamic,inertia_x1.6,22,22,0.13636363636363635,0.22727272727272727,1.0,1,True,12,True,0.4545454545454546
F4N,bank_hold,sig_static,clo_+0.1,22,13,0.15384615384615385,0.23076923076923078,0.5950577200577201,2,False,11,True,0.5
F4N,bank_hold,sig_static,cmalpha_x0.7,22,13,0.15384615384615385,0.3076923076923077,0.7538355818720193,1,True,10,True,0.5454545454545454
F4N,bank_hold,sig_static,cmq_x0.5,22,13,0.23076923076923078,0.38461538461538464,0.9945054945054945,1,True,12,True,0.4545454545454546
F4N,bank_hold,sig_static,inertia_x1.6,22,22,0.13636363636363635,0.22727272727272727,1.0,1,True,11,True,0.5
F4N,climbing_turn,envelope,clo_+0.1,22,13,0.23076923076923078,0.3076923076923077,0.7173800502241797,1,True,22,True,0.0
F4N,climbing_turn,envelope,cmalpha_x0.7,22,13,0.23076923076923078,0.38461538461538464,0.7892185686690331,1,True,17,True,0.2272727272727273
F4N,climbing_turn,envelope,cmq_x0.5,22,13,0.15384615384615385,0.3076923076923077,0.6660694955199598,2,False,21,True,0.045454545454545414
F4N,climbing_turn,envelope,inertia_x1.6,22,22,0.13636363636363635,0.22727272727272727,1.0,1,True,12,True,0.4545454545454546
F4N,climbing_turn,iforest,clo_+0.1,22,13,0.15384615384615385,0.3076923076923077,0.7941782576397961,1,True,22,True,0.0
F4N,climbing_turn,iforest,cmalpha_x0.7,22,13,0.15384615384615385,0.3076923076923077,0.7464426599041983,2,False,22,True,0.0
F4N,climbing_turn,iforest,cmq_x0.5,22,13,0.23076923076923078,0.3076923076923077,0.8502081252081252,1,True,1,True,0.9545454545454546
F4N,climbing_turn,iforest,inertia_x1.6,22,22,0.13636363636363635,0.22727272727272727,1.0,1,True,0,False,1.0
F4N,climbing_turn,ks,clo_+0.1,22,13,0.23076923076923078,0.38461538461538464,0.8302898207875583,1,True,8,True,0.6363636363636364
F4N,climbing_turn,ks,cmalpha_x0.7,22,13,0.23076923076923078,0.38461538461538464,0.7858593329747176,1,True,7,True,0.6818181818181819
F4N,climbing_turn,ks,cmq_x0.5,22,13,0.23076923076923078,0.38461538461538464,0.8717966673849027,1,True,10,True,0.5454545454545454
F4N,climbing_turn,ks,inertia_x1.6,22,22,0.13636363636363635,0.22727272727272727,1.0,1,True,2,True,0.9090909090909091
F4N,climbing_turn,regression,clo_+0.1,22,13,0.23076923076923078,0.23076923076923078,0.7211143557297404,1,True,18,True,0.18181818181818177
F4N,climbing_turn,regression,cmalpha_x0.7,22,13,0.15384615384615385,0.3076923076923077,0.8694768906307367,1,True,12,True,0.4545454545454546
F4N,climbing_turn,regression,cmq_x0.5,22,13,0.15384615384615385,0.3076923076923077,0.8861435572974035,1,True,18,True,0.18181818181818177
F4N,climbing_turn,regression,inertia_x1.6,22,22,0.13636363636363635,0.22727272727272727,1.0,1,True,4,True,0.8181818181818181
F4N,climbing_turn,sig_dynamic,clo_+0.1,22,13,0.15384615384615385,0.23076923076923078,0.6588169999934705,1,True,13,True,0.40909090909090906
F4N,climbing_turn,sig_dynamic,cmalpha_x0.7,22,13,0.15384615384615385,0.3076923076923077,0.6532010370751737,1,True,6,True,0.7272727272727273
F4N,climbing_turn,sig_dynamic,cmq_x0.5,22,13,0.23076923076923078,0.38461538461538464,0.8966460889537813,1,True,8,True,0.6363636363636364
F4N,climbing_turn,sig_dynamic,inertia_x1.6,22,22,0.13636363636363635,0.22727272727272727,1.0,1,True,1,True,0.9545454545454546
F4N,climbing_turn,sig_static,clo_+0.1,22,13,0.07692307692307693,0.23076923076923078,0.5706402908832058,3,False,9,True,0.5909090909090908
F4N,climbing_turn,sig_static,cmalpha_x0.7,22,13,0.15384615384615385,0.15384615384615385,0.47524950143133043,2,False,5,True,0.7727272727272727
F4N,climbing_turn,sig_static,cmq_x0.5,22,13,0.0,0.15384615384615385,0.5822226918380764,4,False,1,True,0.9545454545454546
F4N,climbing_turn,sig_static,inertia_x1.6,22,22,0.13636363636363635,0.22727272727272727,1.0,1,True,0,False,1.0
F4N,cruise,envelope,clo_+0.1,22,13,0.15384615384615385,0.23076923076923078,0.5468341110875047,2,False,15,True,0.31818181818181823
F4N,cruise,envelope,cmalpha_x0.7,22,13,0.15384615384615385,0.15384615384615385,0.5900903464638877,1,True,11,True,0.5
F4N,cruise,envelope,cmq_x0.5,22,13,0.23076923076923078,0.38461538461538464,0.884860753281806,1,True,5,True,0.7727272727272727
F4N,cruise,envelope,inertia_x1.6,22,22,0.13636363636363635,0.22727272727272727,1.0,1,True,1,True,0.9545454545454546
F4N,cruise,iforest,clo_+0.1,22,13,0.15384615384615385,0.3076923076923077,0.6481961751698594,2,False,22,True,0.0
F4N,cruise,iforest,cmalpha_x0.7,22,13,0.23076923076923078,0.3076923076923077,0.7403176895079729,1,True,22,True,0.0
F4N,cruise,iforest,cmq_x0.5,22,13,0.15384615384615385,0.23076923076923078,0.6200025738993351,1,True,0,False,1.0
F4N,cruise,iforest,inertia_x1.6,22,22,0.13636363636363635,0.22727272727272727,1.0,1,True,0,False,1.0
F4N,cruise,ks,clo_+0.1,22,13,0.07692307692307693,0.07692307692307693,0.4875910751416824,2,False,15,True,0.31818181818181823
F4N,cruise,ks,cmalpha_x0.7,22,13,0.0,0.07692307692307693,0.4565219603502528,5,False,10,True,0.5454545454545454
F4N,cruise,ks,cmq_x0.5,22,13,0.23076923076923078,0.3076923076923077,0.7362080564509715,1,True,2,True,0.9090909090909091
F4N,cruise,ks,inertia_x1.6,22,22,0.13636363636363635,0.22727272727272727,1.0,1,True,0,False,1.0
F4N,cruise,regression,clo_+0.1,22,13,0.23076923076923078,0.38461538461538464,0.8413641913641914,1,True,16,True,0.2727272727272727
F4N,cruise,regression,cmalpha_x0.7,22,13,0.23076923076923078,0.38461538461538464,0.8851370851370852,1,True,8,True,0.6363636363636364
F4N,cruise,regression,cmq_x0.5,22,13,0.23076923076923078,0.3076923076923077,0.6739251847223984,1,True,4,True,0.8181818181818181
F4N,cruise,regression,inertia_x1.6,22,22,0.13636363636363635,0.22727272727272727,1.0,1,True,1,True,0.9545454545454546
F4N,cruise,sig_dynamic,clo_+0.1,22,13,0.15384615384615385,0.3076923076923077,0.718751221787659,1,True,8,True,0.6363636363636364
F4N,cruise,sig_dynamic,cmalpha_x0.7,22,13,0.23076923076923078,0.38461538461538464,0.8525363525363526,1,True,4,True,0.8181818181818181
F4N,cruise,sig_dynamic,cmq_x0.5,22,13,0.23076923076923078,0.38461538461538464,0.7556491152466385,1,True,3,True,0.8636363636363636
F4N,cruise,sig_dynamic,inertia_x1.6,22,22,0.13636363636363635,0.22727272727272727,1.0,1,True,1,True,0.9545454545454546
F4N,cruise,sig_static,clo_+0.1,22,13,0.15384615384615385,0.3076923076923077,0.7242457272821645,1,True,9,True,0.5909090909090908
F4N,cruise,sig_static,cmalpha_x0.7,22,13,0.23076923076923078,0.38461538461538464,0.855900321398059,1,True,6,True,0.7272727272727273
F4N,cruise,sig_static,cmq_x0.5,22,13,0.23076923076923078,0.38461538461538464,0.7665734849945376,1,True,3,True,0.8636363636363636
F4N,cruise,sig_static,inertia_x1.6,22,22,0.13636363636363635,0.22727272727272727,1.0,1,True,1,True,0.9545454545454546
F4N,elev_doublet,envelope,clo_+0.1,22,13,0.07692307692307693,0.23076923076923078,0.6018186491870702,3,False,8,True,0.6363636363636364
F4N,elev_doublet,envelope,cmalpha_x0.7,22,13,0.07692307692307693,0.07692307692307693,0.5235728502399138,3,False,7,True,0.6818181818181819
F4N,elev_doublet,envelope,cmq_x0.5,22,13,0.23076923076923078,0.3076923076923077,0.7931225376063433,1,True,9,True,0.5909090909090908
F4N,elev_doublet,envelope,inertia_x1.6,22,22,0.13636363636363635,0.22727272727272727,1.0,1,True,3,True,0.8636363636363636
F4N,elev_doublet,iforest,clo_+0.1,22,13,0.15384615384615385,0.3076923076923077,0.6850948197102044,2,False,22,True,0.0
F4N,elev_doublet,iforest,cmalpha_x0.7,22,13,0.15384615384615385,0.3076923076923077,0.7238629959783804,1,True,22,True,0.0
F4N,elev_doublet,iforest,cmq_x0.5,22,13,0.15384615384615385,0.15384615384615385,0.5953404445307279,1,True,0,False,1.0
F4N,elev_doublet,iforest,inertia_x1.6,22,22,0.13636363636363635,0.22727272727272727,1.0,1,True,0,False,1.0
F4N,elev_doublet,ks,clo_+0.1,22,13,0.23076923076923078,0.23076923076923078,0.6921405477907026,1,True,6,True,0.7272727272727273
F4N,elev_doublet,ks,cmalpha_x0.7,22,13,0.07692307692307693,0.15384615384615385,0.5282916515888652,3,False,3,False,0.8636363636363636
F4N,elev_doublet,ks,cmq_x0.5,22,13,0.23076923076923078,0.3076923076923077,0.7058768115269664,1,True,1,False,0.9545454545454546
F4N,elev_doublet,ks,inertia_x1.6,22,22,0.13636363636363635,0.22727272727272727,1.0,1,True,3,True,0.8636363636363636
F4N,elev_doublet,regression,clo_+0.1,22,13,0.0,0.15384615384615385,0.5596484963000801,4,False,20,True,0.09090909090909094
F4N,elev_doublet,regression,cmalpha_x0.7,22,13,0.15384615384615385,0.15384615384615385,0.6372518450959745,1,True,7,True,0.6818181818181819
F4N,elev_doublet,regression,cmq_x0.5,22,13,0.23076923076923078,0.3076923076923077,0.7681581239273547,1,True,6,True,0.7272727272727273
F4N,elev_doublet,regression,inertia_x1.6,22,22,0.13636363636363635,0.22727272727272727,1.0,1,True,6,True,0.7272727272727273
F4N,elev_doublet,sig_dynamic,clo_+0.1,22,13,0.15384615384615385,0.23076923076923078,0.6454947013770543,2,False,5,True,0.7727272727272727
F4N,elev_doublet,sig_dynamic,cmalpha_x0.7,22,13,0.23076923076923078,0.38461538461538464,0.8208853363830738,1,True,2,True,0.9090909090909091
F4N,elev_doublet,sig_dynamic,cmq_x0.5,22,13,0.23076923076923078,0.38461538461538464,0.8158963843174369,1,True,0,False,1.0
F4N,elev_doublet,sig_dynamic,inertia_x1.6,22,22,0.13636363636363635,0.22727272727272727,1.0,1,True,0,False,1.0
F4N,elev_doublet,sig_static,clo_+0.1,22,13,0.15384615384615385,0.23076923076923078,0.6446316841053683,2,False,2,True,0.9090909090909091
F4N,elev_doublet,sig_static,cmalpha_x0.7,22,13,0.15384615384615385,0.3076923076923077,0.7269978136493974,1,True,0,False,1.0
F4N,elev_doublet,sig_static,cmq_x0.5,22,13,0.23076923076923078,0.38461538461538464,0.8656577340787867,1,True,1,True,0.9545454545454546
F4N,elev_doublet,sig_static,inertia_x1.6,22,22,0.13636363636363635,0.22727272727272727,1.0,1,True,1,True,0.9545454545454546
F4N,elev_doublet_distractor,envelope,clo_+0.1,22,13,0.23076923076923078,0.23076923076923078,0.610494171291385,1,True,5,True,0.7727272727272727
F4N,elev_doublet_distractor,envelope,cmalpha_x0.7,22,13,0.15384615384615385,0.23076923076923078,0.6168504509567858,1,True,1,True,0.9545454545454546
F4N,elev_doublet_distractor,envelope,cmq_x0.5,22,13,0.23076923076923078,0.3076923076923077,0.7728604728604729,1,True,0,False,1.0
F4N,elev_doublet_distractor,envelope,inertia_x1.6,22,22,0.13636363636363635,0.22727272727272727,1.0,1,True,0,False,1.0
F4N,elev_doublet_distractor,iforest,clo_+0.1,22,13,0.07692307692307693,0.15384615384615385,0.519371223098301,2,False,22,True,0.0
F4N,elev_doublet_distractor,iforest,cmalpha_x0.7,22,13,0.07692307692307693,0.23076923076923078,0.7327044974818254,1,True,19,True,0.13636363636363635
F4N,elev_doublet_distractor,iforest,cmq_x0.5,22,13,0.15384615384615385,0.3076923076923077,0.7178473487297017,1,True,0,False,1.0
F4N,elev_doublet_distractor,iforest,inertia_x1.6,22,22,0.13636363636363635,0.22727272727272727,1.0,1,True,0,False,1.0
F4N,elev_doublet_distractor,ks,clo_+0.1,22,13,0.23076923076923078,0.38461538461538464,0.7853262836234974,1,True,3,True,0.8636363636363636
F4N,elev_doublet_distractor,ks,cmalpha_x0.7,22,13,0.23076923076923078,0.3076923076923077,0.8232361655438579,1,True,0,False,1.0
F4N,elev_doublet_distractor,ks,cmq_x0.5,22,13,0.23076923076923078,0.38461538461538464,0.8711855396065923,1,True,0,False,1.0
F4N,elev_doublet_distractor,ks,inertia_x1.6,22,22,0.13636363636363635,0.22727272727272727,1.0,1,True,0,False,1.0
F4N,elev_doublet_distractor,regression,clo_+0.1,22,13,0.23076923076923078,0.38461538461538464,0.9059218559218559,1,True,17,True,0.2272727272727273
F4N,elev_doublet_distractor,regression,cmalpha_x0.7,22,13,0.23076923076923078,0.38461538461538464,0.8873434258049643,1,True,4,True,0.8181818181818181
F4N,elev_doublet_distractor,regression,cmq_x0.5,22,13,0.23076923076923078,0.38461538461538464,0.9355644355644356,1,True,4,True,0.8181818181818181
F4N,elev_doublet_distractor,regression,inertia_x1.6,22,22,0.13636363636363635,0.22727272727272727,1.0,1,True,5,True,0.7727272727272727
F4N,elev_doublet_distractor,sig_dynamic,clo_+0.1,22,13,0.23076923076923078,0.3076923076923077,0.7975387860003246,1,True,13,True,0.40909090909090906
F4N,elev_doublet_distractor,sig_dynamic,cmalpha_x0.7,22,13,0.23076923076923078,0.38461538461538464,1.0,1,True,8,True,0.6363636363636364
F4N,elev_doublet_distractor,sig_dynamic,cmq_x0.5,22,13,0.23076923076923078,0.38461538461538464,0.9531468531468532,1,True,2,True,0.9090909090909091
F4N,elev_doublet_distractor,sig_dynamic,inertia_x1.6,22,22,0.13636363636363635,0.22727272727272727,1.0,1,True,2,True,0.9090909090909091
F4N,elev_doublet_distractor,sig_static,clo_+0.1,22,13,0.23076923076923078,0.3076923076923077,0.8064928661082509,1,True,12,True,0.4545454545454546
F4N,elev_doublet_distractor,sig_static,cmalpha_x0.7,22,13,0.23076923076923078,0.38461538461538464,0.9366633366633367,1,True,9,True,0.5909090909090908
F4N,elev_doublet_distractor,sig_static,cmq_x0.5,22,13,0.23076923076923078,0.38461538461538464,0.8637695637695638,1,True,2,True,0.9090909090909091
F4N,elev_doublet_distractor,sig_static,inertia_x1.6,22,22,0.13636363636363635,0.22727272727272727,1.0,1,True,2,True,0.9090909090909091
F4N,elev_step,envelope,clo_+0.1,22,13,0.07692307692307693,0.23076923076923078,0.5962668308643541,1,True,19,True,0.13636363636363635
F4N,elev_step,envelope,cmalpha_x0.7,22,13,0.23076923076923078,0.23076923076923078,0.6610216666718215,1,True,17,True,0.2272727272727273
F4N,elev_step,envelope,cmq_x0.5,22,13,0.23076923076923078,0.23076923076923078,0.7170590648799746,1,True,12,True,0.4545454545454546
F4N,elev_step,envelope,inertia_x1.6,22,22,0.13636363636363635,0.22727272727272727,1.0,1,True,7,True,0.6818181818181819
F4N,elev_step,iforest,clo_+0.1,22,13,0.07692307692307693,0.15384615384615385,0.6236836603501287,3,False,22,True,0.0
F4N,elev_step,iforest,cmalpha_x0.7,22,13,0.23076923076923078,0.3076923076923077,0.7259823311561822,1,True,22,True,0.0
F4N,elev_step,iforest,cmq_x0.5,22,13,0.07692307692307693,0.23076923076923078,0.5503935048439692,3,False,7,True,0.6818181818181819
F4N,elev_step,iforest,inertia_x1.6,22,22,0.13636363636363635,0.22727272727272727,1.0,1,True,0,False,1.0
F4N,elev_step,ks,clo_+0.1,22,13,0.07692307692307693,0.23076923076923078,0.5912806766015863,3,False,16,True,0.2727272727272727
F4N,elev_step,ks,cmalpha_x0.7,22,13,0.07692307692307693,0.15384615384615385,0.5373276240179075,3,False,12,True,0.4545454545454546
F4N,elev_step,ks,cmq_x0.5,22,13,0.23076923076923078,0.38461538461538464,0.796126865711886,1,True,8,True,0.6363636363636364
F4N,elev_step,ks,inertia_x1.6,22,22,0.13636363636363635,0.22727272727272727,1.0,1,True,0,False,1.0
F4N,elev_step,regression,clo_+0.1,22,13,0.23076923076923078,0.23076923076923078,0.8366186164263087,1,True,19,True,0.13636363636363635
F4N,elev_step,regression,cmalpha_x0.7,22,13,0.23076923076923078,0.38461538461538464,0.9706959706959707,1,True,19,True,0.13636363636363635
F4N,elev_step,regression,cmq_x0.5,22,13,0.23076923076923078,0.38461538461538464,0.8050712445449288,1,True,16,True,0.2727272727272727
F4N,elev_step,regression,inertia_x1.6,22,22,0.13636363636363635,0.22727272727272727,1.0,1,True,4,True,0.8181818181818181
F4N,elev_step,sig_dynamic,clo_+0.1,22,13,0.0,0.07692307692307693,0.4707691817985935,4,False,11,True,0.5
F4N,elev_step,sig_dynamic,cmalpha_x0.7,22,13,0.23076923076923078,0.3076923076923077,0.8217812102427486,1,True,13,True,0.40909090909090906
F4N,elev_step,sig_dynamic,cmq_x0.5,22,13,0.15384615384615385,0.15384615384615385,0.6105351536347011,1,True,0,False,1.0
F4N,elev_step,sig_dynamic,inertia_x1.6,22,22,0.13636363636363635,0.22727272727272727,1.0,1,True,0,False,1.0
F4N,elev_step,sig_static,clo_+0.1,22,13,0.07692307692307693,0.15384615384615385,0.5012921176888787,3,False,14,True,0.36363636363636365
F4N,elev_step,sig_static,cmalpha_x0.7,22,13,0.15384615384615385,0.23076923076923078,0.7136662482816329,1,True,12,True,0.4545454545454546
F4N,elev_step,sig_static,cmq_x0.5,22,13,0.15384615384615385,0.23076923076923078,0.6192162482142239,1,True,0,False,1.0
F4N,elev_step,sig_static,inertia_x1.6,22,22,0.13636363636363635,0.22727272727272727,1.0,1,True,1,True,0.9545454545454546
F4N,engine_cut,envelope,clo_+0.1,22,13,0.23076923076923078,0.3076923076923077,0.7572670799867751,1,True,18,True,0.18181818181818177
F4N,engine_cut,envelope,cmalpha_x0.7,22,13,0.23076923076923078,0.38461538461538464,0.86288666613744,1,True,15,True,0.31818181818181823
F4N,engine_cut,envelope,cmq_x0.5,22,13,0.23076923076923078,0.38461538461538464,0.9158324806098085,1,True,9,True,0.5909090909090908
F4N,engine_cut,envelope,inertia_x1.6,22,22,0.13636363636363635,0.22727272727272727,1.0,1,True,2,True,0.9090909090909091
F4N,engine_cut,iforest,clo_+0.1,22,13,0.23076923076923078,0.3076923076923077,0.8163225663225663,1,True,22,True,0.0
F4N,engine_cut,iforest,cmalpha_x0.7,22,13,0.23076923076923078,0.3076923076923077,0.7524704483682811,1,True,2,True,0.9090909090909091
F4N,engine_cut,iforest,cmq_x0.5,22,13,0.15384615384615385,0.3076923076923077,0.8286779684552964,1,True,0,False,1.0
F4N,engine_cut,iforest,inertia_x1.6,22,22,0.13636363636363635,0.22727272727272727,1.0,1,True,0,False,1.0
F4N,engine_cut,ks,clo_+0.1,22,13,0.23076923076923078,0.38461538461538464,0.7651112045848889,1,True,13,True,0.40909090909090906
F4N,engine_cut,ks,cmalpha_x0.7,22,13,0.23076923076923078,0.38461538461538464,0.8853174603174604,1,True,8,True,0.6363636363636364
F4N,engine_cut,ks,cmq_x0.5,22,13,0.23076923076923078,0.38461538461538464,0.9291541791541792,1,True,5,True,0.7727272727272727
F4N,engine_cut,ks,inertia_x1.6,22,22,0.13636363636363635,0.22727272727272727,1.0,1,True,0,False,1.0
F4N,engine_cut,regression,clo_+0.1,22,13,0.23076923076923078,0.38461538461538464,0.7961289276334527,1,True,19,True,0.13636363636363635
F4N,engine_cut,regression,cmalpha_x0.7,22,13,0.23076923076923078,0.38461538461538464,0.9388888888888889,1,True,17,True,0.2272727272727273
F4N,engine_cut,regression,cmq_x0.5,22,13,0.23076923076923078,0.38461538461538464,0.9787545787545788,1,True,13,True,0.40909090909090906
F4N,engine_cut,regression,inertia_x1.6,22,22,0.13636363636363635,0.22727272727272727,1.0,1,True,3,True,0.8636363636363636
F4N,engine_cut,sig_dynamic,clo_+0.1,22,13,0.23076923076923078,0.23076923076923078,0.6589691628659241,1,True,18,True,0.18181818181818177
F4N,engine_cut,sig_dynamic,cmalpha_x0.7,22,13,0.23076923076923078,0.3076923076923077,0.8724969474969476,1,True,12,True,0.4545454545454546
F4N,engine_cut,sig_dynamic,cmq_x0.5,22,13,0.23076923076923078,0.38461538461538464,0.9084151142974672,1,True,7,True,0.6818181818181819
F4N,engine_cut,sig_dynamic,inertia_x1.6,22,22,0.13636363636363635,0.22727272727272727,1.0,1,True,0,False,1.0
F4N,engine_cut,sig_static,clo_+0.1,22,13,0.15384615384615385,0.23076923076923078,0.5818006425978561,1,True,14,True,0.36363636363636365
F4N,engine_cut,sig_static,cmalpha_x0.7,22,13,0.23076923076923078,0.3076923076923077,0.8656076829153752,1,True,10,True,0.5454545454545454
F4N,engine_cut,sig_static,cmq_x0.5,22,13,0.23076923076923078,0.38461538461538464,0.911525974025974,1,True,8,True,0.6363636363636364
F4N,engine_cut,sig_static,inertia_x1.6,22,22,0.13636363636363635,0.22727272727272727,1.0,1,True,1,True,0.9545454545454546
F4N,engine_restart,envelope,clo_+0.1,22,13,0.23076923076923078,0.38461538461538464,0.8200459796613644,1,True,20,True,0.09090909090909094
F4N,engine_restart,envelope,cmalpha_x0.7,22,13,0.23076923076923078,0.38461538461538464,0.8497569681780208,1,True,19,True,0.13636363636363635
F4N,engine_restart,envelope,cmq_x0.5,22,13,0.23076923076923078,0.38461538461538464,0.8870977878330818,1,True,15,True,0.31818181818181823
F4N,engine_restart,envelope,inertia_x1.6,22,22,0.13636363636363635,0.22727272727272727,1.0,1,True,1,True,0.9545454545454546
F4N,engine_restart,iforest,clo_+0.1,22,13,0.15384615384615385,0.23076923076923078,0.6679749737442046,1,True,22,True,0.0
F4N,engine_restart,iforest,cmalpha_x0.7,22,13,0.23076923076923078,0.38461538461538464,0.8117497437335495,1,True,22,True,0.0
F4N,engine_restart,iforest,cmq_x0.5,22,13,0.15384615384615385,0.3076923076923077,0.7152373211583739,1,True,9,True,0.5909090909090908
F4N,engine_restart,iforest,inertia_x1.6,22,22,0.13636363636363635,0.22727272727272727,1.0,1,True,11,True,0.5
F4N,engine_restart,ks,clo_+0.1,22,13,0.23076923076923078,0.38461538461538464,0.8665786136939982,1,True,12,True,0.4545454545454546
F4N,engine_restart,ks,cmalpha_x0.7,22,13,0.23076923076923078,0.38461538461538464,0.8402535498689345,1,True,7,True,0.6818181818181819
F4N,engine_restart,ks,cmq_x0.5,22,13,0.23076923076923078,0.38461538461538464,0.9355644355644356,1,True,8,True,0.6363636363636364
F4N,engine_restart,ks,inertia_x1.6,22,22,0.13636363636363635,0.22727272727272727,1.0,1,True,5,True,0.7727272727272727
F4N,engine_restart,regression,clo_+0.1,22,13,0.23076923076923078,0.38461538461538464,0.8263134866641655,1,True,20,True,0.09090909090909094
F4N,engine_restart,regression,cmalpha_x0.7,22,13,0.23076923076923078,0.38461538461538464,0.9576923076923077,1,True,16,True,0.2727272727272727
F4N,engine_restart,regression,cmq_x0.5,22,13,0.23076923076923078,0.38461538461538464,1.0,1,True,11,True,0.5
F4N,engine_restart,regression,inertia_x1.6,22,22,0.13636363636363635,0.22727272727272727,1.0,1,True,1,True,0.9545454545454546
F4N,engine_restart,sig_dynamic,clo_+0.1,22,13,0.23076923076923078,0.38461538461538464,0.7788320597531124,1,True,16,True,0.2727272727272727
F4N,engine_restart,sig_dynamic,cmalpha_x0.7,22,13,0.23076923076923078,0.38461538461538464,0.9179876558835836,1,True,16,True,0.2727272727272727
F4N,engine_restart,sig_dynamic,cmq_x0.5,22,13,0.23076923076923078,0.38461538461538464,1.0,1,True,12,True,0.4545454545454546
F4N,engine_restart,sig_dynamic,inertia_x1.6,22,22,0.13636363636363635,0.22727272727272727,1.0,1,True,4,True,0.8181818181818181
F4N,engine_restart,sig_static,clo_+0.1,22,13,0.23076923076923078,0.38461538461538464,0.7911601556338399,1,True,14,True,0.36363636363636365
F4N,engine_restart,sig_static,cmalpha_x0.7,22,13,0.23076923076923078,0.3076923076923077,0.7234861629598471,1,True,10,True,0.5454545454545454
F4N,engine_restart,sig_static,cmq_x0.5,22,13,0.23076923076923078,0.38461538461538464,0.9148223121907333,1,True,6,True,0.7272727272727273
F4N,engine_restart,sig_static,inertia_x1.6,22,22,0.13636363636363635,0.22727272727272727,1.0,1,True,0,False,1.0
F4N,flap_extend,envelope,clo_+0.1,22,13,0.23076923076923078,0.23076923076923078,0.6550161714129324,1,True,16,True,0.2727272727272727
F4N,flap_extend,envelope,cmalpha_x0.7,22,13,0.23076923076923078,0.38461538461538464,0.7551736662030778,1,True,13,True,0.40909090909090906
F4N,flap_extend,envelope,cmq_x0.5,22,13,0.07692307692307693,0.15384615384615385,0.5302191358692906,1,True,22,True,0.0
F4N,flap_extend,envelope,inertia_x1.6,22,22,0.13636363636363635,0.22727272727272727,1.0,1,True,3,True,0.8636363636363636
F4N,flap_extend,iforest,clo_+0.1,22,13,0.15384615384615385,0.15384615384615385,0.6275496820001465,1,True,22,True,0.0
F4N,flap_extend,iforest,cmalpha_x0.7,22,13,0.23076923076923078,0.3076923076923077,0.7205275295475343,1,True,0,False,1.0
F4N,flap_extend,iforest,cmq_x0.5,22,13,0.07692307692307693,0.07692307692307693,0.4728444569507918,3,False,0,False,1.0
F4N,flap_extend,iforest,inertia_x1.6,22,22,0.13636363636363635,0.22727272727272727,1.0,1,True,0,False,1.0
F4N,flap_extend,ks,clo_+0.1,22,13,0.23076923076923078,0.3076923076923077,0.7851676666721914,1,True,6,True,0.7272727272727273
F4N,flap_extend,ks,cmalpha_x0.7,22,13,0.07692307692307693,0.23076923076923078,0.5831216427191659,2,False,3,True,0.8636363636363636
F4N,flap_extend,ks,cmq_x0.5,22,13,0.07692307692307693,0.23076923076923078,0.5155613263585399,2,False,18,True,0.18181818181818177
F4N,flap_extend,ks,inertia_x1.6,22,22,0.13636363636363635,0.22727272727272727,1.0,1,True,1,True,0.9545454545454546
F4N,flap_extend,regression,clo_+0.1,22,13,0.15384615384615385,0.23076923076923078,0.6946509630720157,1,True,20,True,0.09090909090909094
F4N,flap_extend,regression,cmalpha_x0.7,22,13,0.15384615384615385,0.23076923076923078,0.6417903086038357,2,False,15,True,0.31818181818181823
F4N,flap_extend,regression,cmq_x0.5,22,13,0.0,0.15384615384615385,0.45486091565812925,4,False,22,True,0.0
F4N,flap_extend,regression,inertia_x1.6,22,22,0.13636363636363635,0.22727272727272727,1.0,1,True,5,True,0.7727272727272727
F4N,flap_extend,sig_dynamic,clo_+0.1,22,13,0.07692307692307693,0.07692307692307693,0.5397500940487365,2,False,17,True,0.2272727272727273
F4N,flap_extend,sig_dynamic,cmalpha_x0.7,22,13,0.07692307692307693,0.07692307692307693,0.49349794941900205,3,False,15,True,0.31818181818181823
F4N,flap_extend,sig_dynamic,cmq_x0.5,22,13,0.15384615384615385,0.3076923076923077,0.6708650267860795,1,True,7,True,0.6818181818181819
F4N,flap_extend,sig_dynamic,inertia_x1.6,22,22,0.13636363636363635,0.22727272727272727,1.0,1,True,1,True,0.9545454545454546
F4N,flap_extend,sig_static,clo_+0.1,22,13,0.0,0.0,0.5147406263922102,6,False,16,True,0.2727272727272727
F4N,flap_extend,sig_static,cmalpha_x0.7,22,13,0.07692307692307693,0.23076923076923078,0.5509727389252276,3,False,9,True,0.5909090909090908
F4N,flap_extend,sig_static,cmq_x0.5,22,13,0.07692307692307693,0.23076923076923078,0.681438702336535,1,True,8,True,0.6363636363636364
F4N,flap_extend,sig_static,inertia_x1.6,22,22,0.13636363636363635,0.22727272727272727,1.0,1,True,5,True,0.7727272727272727
F4N,rudder_doublet,envelope,clo_+0.1,22,13,0.23076923076923078,0.38461538461538464,0.941025641025641,1,True,5,True,0.7727272727272727
F4N,rudder_doublet,envelope,cmalpha_x0.7,22,13,0.23076923076923078,0.38461538461538464,0.9625800293221107,1,True,2,True,0.9090909090909091
F4N,rudder_doublet,envelope,cmq_x0.5,22,13,0.23076923076923078,0.38461538461538464,0.9626696832579186,1,True,2,True,0.9090909090909091
F4N,rudder_doublet,envelope,inertia_x1.6,22,22,0.13636363636363635,0.22727272727272727,1.0,1,True,0,False,1.0
F4N,rudder_doublet,iforest,clo_+0.1,22,13,0.15384615384615385,0.23076923076923078,0.5966235254518178,1,True,22,True,0.0
F4N,rudder_doublet,iforest,cmalpha_x0.7,22,13,0.15384615384615385,0.23076923076923078,0.6574244383067913,1,True,1,True,0.9545454545454546
F4N,rudder_doublet,iforest,cmq_x0.5,22,13,0.23076923076923078,0.3076923076923077,0.7532768064144583,1,True,0,False,1.0
F4N,rudder_doublet,iforest,inertia_x1.6,22,22,0.13636363636363635,0.22727272727272727,1.0,1,True,0,False,1.0
F4N,rudder_doublet,ks,clo_+0.1,22,13,0.23076923076923078,0.38461538461538464,1.0,1,True,4,True,0.8181818181818181
F4N,rudder_doublet,ks,cmalpha_x0.7,22,13,0.23076923076923078,0.38461538461538464,0.9885883347421809,1,True,1,True,0.9545454545454546
F4N,rudder_doublet,ks,cmq_x0.5,22,13,0.23076923076923078,0.38461538461538464,0.9885883347421809,1,True,1,True,0.9545454545454546
F4N,rudder_doublet,ks,inertia_x1.6,22,22,0.13636363636363635,0.22727272727272727,1.0,1,True,0,False,1.0
F4N,rudder_doublet,regression,clo_+0.1,22,13,0.23076923076923078,0.38461538461538464,0.8747671132286517,1,True,12,True,0.4545454545454546
F4N,rudder_doublet,regression,cmalpha_x0.7,22,13,0.23076923076923078,0.38461538461538464,0.7733875436304588,1,True,4,True,0.8181818181818181
F4N,rudder_doublet,regression,cmq_x0.5,22,13,0.23076923076923078,0.38461538461538464,0.8568194962931807,1,True,4,True,0.8181818181818181
F4N,rudder_doublet,regression,inertia_x1.6,22,22,0.13636363636363635,0.22727272727272727,1.0,1,True,2,True,0.9090909090909091
F4N,rudder_doublet,sig_dynamic,clo_+0.1,22,13,0.23076923076923078,0.3076923076923077,0.8321706071706073,1,True,2,True,0.9090909090909091
F4N,rudder_doublet,sig_dynamic,cmalpha_x0.7,22,13,0.23076923076923078,0.38461538461538464,0.8969235892312817,1,True,6,True,0.7272727272727273
F4N,rudder_doublet,sig_dynamic,cmq_x0.5,22,13,0.23076923076923078,0.38461538461538464,0.9786324786324786,1,True,1,True,0.9545454545454546
F4N,rudder_doublet,sig_dynamic,inertia_x1.6,22,22,0.13636363636363635,0.22727272727272727,1.0,1,True,1,True,0.9545454545454546
F4N,rudder_doublet,sig_static,clo_+0.1,22,13,0.23076923076923078,0.38461538461538464,0.799089008686532,1,True,2,True,0.9090909090909091
F4N,rudder_doublet,sig_static,cmalpha_x0.7,22,13,0.23076923076923078,0.3076923076923077,0.8583943833943835,1,True,6,True,0.7272727272727273
F4N,rudder_doublet,sig_static,cmq_x0.5,22,13,0.23076923076923078,0.38461538461538464,0.9855769230769231,1,True,0,False,1.0
F4N,rudder_doublet,sig_static,inertia_x1.6,22,22,0.13636363636363635,0.22727272727272727,1.0,1,True,1,True,0.9545454545454546
F4N,throttle_step,envelope,clo_+0.1,22,13,0.23076923076923078,0.38461538461538464,0.9179876558835836,1,True,18,True,0.18181818181818177
F4N,throttle_step,envelope,cmalpha_x0.7,22,13,0.23076923076923078,0.38461538461538464,0.9056917441532826,1,True,18,True,0.18181818181818177
F4N,throttle_step,envelope,cmq_x0.5,22,13,0.23076923076923078,0.38461538461538464,0.9500674763832658,1,True,18,True,0.18181818181818177
F4N,throttle_step,envelope,inertia_x1.6,22,22,0.13636363636363635,0.22727272727272727,1.0,1,True,10,True,0.5454545454545454
F4N,throttle_step,iforest,clo_+0.1,22,13,0.23076923076923078,0.3076923076923077,0.7526633622787469,1,True,22,True,0.0
F4N,throttle_step,iforest,cmalpha_x0.7,22,13,0.15384615384615385,0.3076923076923077,0.7803642435995377,1,True,22,True,0.0
F4N,throttle_step,iforest,cmq_x0.5,22,13,0.15384615384615385,0.23076923076923078,0.6341472431672479,2,False,0,False,1.0
F4N,throttle_step,iforest,inertia_x1.6,22,22,0.13636363636363635,0.22727272727272727,1.0,1,True,0,False,1.0
F4N,throttle_step,ks,clo_+0.1,22,13,0.23076923076923078,0.38461538461538464,0.9075380759591286,1,True,11,True,0.5
F4N,throttle_step,ks,cmalpha_x0.7,22,13,0.23076923076923078,0.38461538461538464,0.919080919080919,1,True,11,True,0.5
F4N,throttle_step,ks,cmq_x0.5,22,13,0.23076923076923078,0.38461538461538464,0.9474358974358974,1,True,14,True,0.36363636363636365
F4N,throttle_step,ks,inertia_x1.6,22,22,0.13636363636363635,0.22727272727272727,1.0,1,True,1,True,0.9545454545454546
F4N,throttle_step,regression,clo_+0.1,22,13,0.23076923076923078,0.38461538461538464,0.8222398946083156,1,True,20,True,0.09090909090909094
F4N,throttle_step,regression,cmalpha_x0.7,22,13,0.23076923076923078,0.38461538461538464,0.9036668459745383,1,True,16,True,0.2727272727272727
F4N,throttle_step,regression,cmq_x0.5,22,13,0.23076923076923078,0.38461538461538464,0.9885883347421809,1,True,19,True,0.13636363636363635
F4N,throttle_step,regression,inertia_x1.6,22,22,0.13636363636363635,0.22727272727272727,1.0,1,True,11,True,0.5
F4N,throttle_step,sig_dynamic,clo_+0.1,22,13,0.23076923076923078,0.38461538461538464,0.8468316939470786,1,True,16,True,0.2727272727272727
F4N,throttle_step,sig_dynamic,cmalpha_x0.7,22,13,0.15384615384615385,0.23076923076923078,0.7767944473826828,1,True,19,True,0.13636363636363635
F4N,throttle_step,sig_dynamic,cmq_x0.5,22,13,0.23076923076923078,0.38461538461538464,1.0,1,True,20,True,0.09090909090909094
F4N,throttle_step,sig_dynamic,inertia_x1.6,22,22,0.13636363636363635,0.22727272727272727,1.0,1,True,15,True,0.31818181818181823
F4N,throttle_step,sig_static,clo_+0.1,22,13,0.23076923076923078,0.38461538461538464,0.9045030635528375,1,True,13,True,0.40909090909090906
F4N,throttle_step,sig_static,cmalpha_x0.7,22,13,0.15384615384615385,0.23076923076923078,0.7740900125515512,1,True,14,True,0.36363636363636365
F4N,throttle_step,sig_static,cmq_x0.5,22,13,0.23076923076923078,0.38461538461538464,0.9945054945054945,1,True,13,True,0.40909090909090906
F4N,throttle_step,sig_static,inertia_x1.6,22,22,0.13636363636363635,0.22727272727272727,1.0,1,True,7,True,0.6818181818181819
F80C,aileron_step,envelope,clo_+0.1,22,13,0.23076923076923078,0.3076923076923077,0.6969024525526073,1,True,14,True,0.36363636363636365
F80C,aileron_step,envelope,cmalpha_x0.7,22,13,0.15384615384615385,0.15384615384615385,0.5718107393387222,1,True,9,True,0.5909090909090908
F80C,aileron_step,envelope,cmq_x0.5,22,13,0.23076923076923078,0.3076923076923077,0.677012375309589,1,True,3,True,0.8636363636363636
F80C,aileron_step,envelope,inertia_x1.6,22,22,0.13636363636363635,0.22727272727272727,1.0,1,True,10,True,0.5454545454545454
F80C,aileron_step,iforest,clo_+0.1,22,13,0.23076923076923078,0.38461538461538464,0.7494143557878972,1,True,22,True,0.0
F80C,aileron_step,iforest,cmalpha_x0.7,22,13,0.23076923076923078,0.3076923076923077,0.6971490008760788,1,True,22,True,0.0
F80C,aileron_step,iforest,cmq_x0.5,22,13,0.07692307692307693,0.15384615384615385,0.5396357915588683,3,False,0,False,1.0
F80C,aileron_step,iforest,inertia_x1.6,22,22,0.13636363636363635,0.22727272727272727,1.0,1,True,0,False,1.0
F80C,aileron_step,ks,clo_+0.1,22,13,0.23076923076923078,0.38461538461538464,0.7990364336518183,1,True,4,True,0.8181818181818181
F80C,aileron_step,ks,cmalpha_x0.7,22,13,0.23076923076923078,0.3076923076923077,0.798871247960317,1,True,1,True,0.9545454545454546
F80C,aileron_step,ks,cmq_x0.5,22,13,0.23076923076923078,0.38461538461538464,0.8260502655239499,1,True,1,True,0.9545454545454546
F80C,aileron_step,ks,inertia_x1.6,22,22,0.13636363636363635,0.22727272727272727,1.0,1,True,1,True,0.9545454545454546
F80C,aileron_step,regression,clo_+0.1,22,13,0.23076923076923078,0.38461538461538464,0.7923348967853612,1,True,18,True,0.18181818181818177
F80C,aileron_step,regression,cmalpha_x0.7,22,13,0.23076923076923078,0.38461538461538464,0.859093684093684,1,True,13,True,0.40909090909090906
F80C,aileron_step,regression,cmq_x0.5,22,13,0.23076923076923078,0.38461538461538464,0.7853262836234974,1,True,5,True,0.7727272727272727
F80C,aileron_step,regression,inertia_x1.6,22,22,0.13636363636363635,0.22727272727272727,1.0,1,True,7,True,0.6818181818181819
F80C,aileron_step,sig_dynamic,clo_+0.1,22,13,0.23076923076923078,0.3076923076923077,0.7652264402264404,1,True,13,True,0.40909090909090906
F80C,aileron_step,sig_dynamic,cmalpha_x0.7,22,13,0.23076923076923078,0.38461538461538464,0.8862332112332112,1,True,12,True,0.4545454545454546
F80C,aileron_step,sig_dynamic,cmq_x0.5,22,13,0.23076923076923078,0.38461538461538464,0.8050712445449288,1,True,4,True,0.8181818181818181
F80C,aileron_step,sig_dynamic,inertia_x1.6,22,22,0.13636363636363635,0.22727272727272727,1.0,1,True,0,False,1.0
F80C,aileron_step,sig_static,clo_+0.1,22,13,0.07692307692307693,0.23076923076923078,0.6328652682159469,2,False,15,True,0.31818181818181823
F80C,aileron_step,sig_static,cmalpha_x0.7,22,13,0.15384615384615385,0.3076923076923077,0.8470736026165889,1,True,18,True,0.18181818181818177
F80C,aileron_step,sig_static,cmq_x0.5,22,13,0.23076923076923078,0.38461538461538464,0.8305619217383924,1,True,1,True,0.9545454545454546
F80C,aileron_step,sig_static,inertia_x1.6,22,22,0.13636363636363635,0.22727272727272727,1.0,1,True,0,False,1.0
F80C,bank_hold,envelope,clo_+0.1,22,13,0.23076923076923078,0.38461538461538464,0.7832356626861271,1,True,16,True,0.2727272727272727
F80C,bank_hold,envelope,cmalpha_x0.7,22,13,0.23076923076923078,0.38461538461538464,0.7803297381351679,1,True,10,True,0.5454545454545454
F80C,bank_hold,envelope,cmq_x0.5,22,13,0.23076923076923078,0.38461538461538464,0.9464074387151309,1,True,8,True,0.6363636363636364
F80C,bank_hold,envelope,inertia_x1.6,22,22,0.13636363636363635,0.22727272727272727,1.0,1,True,11,True,0.5
F80C,bank_hold,iforest,clo_+0.1,22,13,0.15384615384615385,0.3076923076923077,0.6292975900948037,1,True,22,True,0.0
F80C,bank_hold,iforest,cmalpha_x0.7,22,13,0.15384615384615385,0.15384615384615385,0.5770220878193014,1,True,22,True,0.0
F80C,bank_hold,iforest,cmq_x0.5,22,13,0.23076923076923078,0.38461538461538464,0.7070920178892315,1,True,22,True,0.0
F80C,bank_hold,iforest,inertia_x1.6,22,22,0.13636363636363635,0.22727272727272727,1.0,1,True,22,True,0.0
F80C,bank_hold,ks,clo_+0.1,22,13,0.23076923076923078,0.38461538461538464,0.8741425241425242,1,True,4,True,0.8181818181818181
F80C,bank_hold,ks,cmalpha_x0.7,22,13,0.23076923076923078,0.38461538461538464,0.8351411746148589,1,True,2,True,0.9090909090909091
F80C,bank_hold,ks,cmq_x0.5,22,13,0.23076923076923078,0.38461538461538464,0.8452810347547192,1,True,5,True,0.7727272727272727
F80C,bank_hold,ks,inertia_x1.6,22,22,0.13636363636363635,0.22727272727272727,1.0,1,True,2,True,0.9090909090909091
F80C,bank_hold,regression,clo_+0.1,22,13,0.23076923076923078,0.3076923076923077,0.7944420514258572,1,True,19,True,0.13636363636363635
F80C,bank_hold,regression,cmalpha_x0.7,22,13,0.23076923076923078,0.3076923076923077,0.8466022225637609,1,True,18,True,0.18181818181818177
F80C,bank_hold,regression,cmq_x0.5,22,13,0.23076923076923078,0.38461538461538464,0.9821780783319245,1,True,11,True,0.5
F80C,bank_hold,regression,inertia_x1.6,22,22,0.13636363636363635,0.22727272727272727,1.0,1,True,11,True,0.5
F80C,bank_hold,sig_dynamic,clo_+0.1,22,13,0.15384615384615385,0.3076923076923077,0.7022193618347465,2,False,11,True,0.5
F80C,bank_hold,sig_dynamic,cmalpha_x0.7,22,13,0.23076923076923078,0.38461538461538464,0.8751675225359438,1,True,8,True,0.6363636363636364
F80C,bank_hold,sig_dynamic,cmq_x0.5,22,13,0.23076923076923078,0.38461538461538464,0.8930735930735931,1,True,11,True,0.5
F80C,bank_hold,sig_dynamic,inertia_x1.6,22,22,0.13636363636363635,0.22727272727272727,1.0,1,True,6,True,0.7272727272727273
F80C,bank_hold,sig_static,clo_+0.1,22,13,0.15384615384615385,0.23076923076923078,0.6299582895736743,2,False,10,True,0.5454545454545454
F80C,bank_hold,sig_static,cmalpha_x0.7,22,13,0.23076923076923078,0.38461538461538464,0.8985680985680986,1,True,7,True,0.6818181818181819
F80C,bank_hold,sig_static,cmq_x0.5,22,13,0.23076923076923078,0.38461538461538464,0.9221611721611722,1,True,3,True,0.8636363636363636
F80C,bank_hold,sig_static,inertia_x1.6,22,22,0.13636363636363635,0.22727272727272727,1.0,1,True,3,True,0.8636363636363636
F80C,climbing_turn,envelope,clo_+0.1,22,13,0.23076923076923078,0.38461538461538464,0.7096546239080177,1,True,15,True,0.31818181818181823
F80C,climbing_turn,envelope,cmalpha_x0.7,22,13,0.23076923076923078,0.38461538461538464,0.8739756975051093,1,True,20,True,0.09090909090909094
F80C,climbing_turn,envelope,cmq_x0.5,22,13,0.23076923076923078,0.38461538461538464,0.7652725816693429,1,True,8,True,0.6363636363636364
F80C,climbing_turn,envelope,inertia_x1.6,22,22,0.13636363636363635,0.22727272727272727,1.0,1,True,12,True,0.4545454545454546
F80C,climbing_turn,iforest,clo_+0.1,22,13,0.15384615384615385,0.3076923076923077,0.6487219668215143,1,True,22,True,0.0
F80C,climbing_turn,iforest,cmalpha_x0.7,22,13,0.07692307692307693,0.23076923076923078,0.5940234601999307,2,False,22,True,0.0
F80C,climbing_turn,iforest,cmq_x0.5,22,13,0.23076923076923078,0.3076923076923077,0.8871375419452343,1,True,0,False,1.0
F80C,climbing_turn,iforest,inertia_x1.6,22,22,0.13636363636363635,0.22727272727272727,1.0,1,True,0,False,1.0
F80C,climbing_turn,ks,clo_+0.1,22,13,0.23076923076923078,0.3076923076923077,0.7384961529698372,1,True,10,True,0.5454545454545454
F80C,climbing_turn,ks,cmalpha_x0.7,22,13,0.23076923076923078,0.38461538461538464,0.8052169321906165,1,True,8,True,0.6363636363636364
F80C,climbing_turn,ks,cmq_x0.5,22,13,0.23076923076923078,0.3076923076923077,0.6729039837011973,1,True,6,True,0.7272727272727273
F80C,climbing_turn,ks,inertia_x1.6,22,22,0.13636363636363635,0.22727272727272727,1.0,1,True,0,False,1.0
F80C,climbing_turn,regression,clo_+0.1,22,13,0.23076923076923078,0.38461538461538464,0.7785420719631246,1,True,17,True,0.2272727272727273
F80C,climbing_turn,regression,cmalpha_x0.7,22,13,0.23076923076923078,0.38461538461538464,0.9589457550996012,1,True,19,True,0.13636363636363635
F80C,climbing_turn,regression,cmq_x0.5,22,13,0.23076923076923078,0.38461538461538464,0.9447368421052632,1,True,12,True,0.4545454545454546
F80C,climbing_turn,regression,inertia_x1.6,22,22,0.13636363636363635,0.22727272727272727,1.0,1,True,10,True,0.5454545454545454
F80C,climbing_turn,sig_dynamic,clo_+0.1,22,13,0.23076923076923078,0.3076923076923077,0.733451164220395,1,True,13,True,0.40909090909090906
F80C,climbing_turn,sig_dynamic,cmalpha_x0.7,22,13,0.23076923076923078,0.38461538461538464,0.8867798867798867,1,True,18,True,0.18181818181818177
F80C,climbing_turn,sig_dynamic,cmq_x0.5,22,13,0.23076923076923078,0.38461538461538464,0.7978507603507604,1,True,3,True,0.8636363636363636
F80C,climbing_turn,sig_dynamic,inertia_x1.6,22,22,0.13636363636363635,0.22727272727272727,1.0,1,True,2,True,0.9090909090909091
F80C,climbing_turn,sig_static,clo_+0.1,22,13,0.0,0.07692307692307693,0.5175734402931355,4,False,11,True,0.5
F80C,climbing_turn,sig_static,cmalpha_x0.7,22,13,0.23076923076923078,0.38461538461538464,0.7811186927702765,1,True,17,True,0.2272727272727273
F80C,climbing_turn,sig_static,cmq_x0.5,22,13,0.23076923076923078,0.38461538461538464,0.7541694416694418,1,True,0,False,1.0
F80C,climbing_turn,sig_static,inertia_x1.6,22,22,0.13636363636363635,0.22727272727272727,1.0,1,True,0,False,1.0
F80C,cruise,envelope,clo_+0.1,22,13,0.15384615384615385,0.23076923076923078,0.593695684062438,2,False,18,True,0.18181818181818177
F80C,cruise,envelope,cmalpha_x0.7,22,13,0.0,0.0,0.4629709970773318,7,False,12,True,0.4545454545454546
F80C,cruise,envelope,cmq_x0.5,22,13,0.23076923076923078,0.23076923076923078,0.7192564097541473,1,True,9,True,0.5909090909090908
F80C,cruise,envelope,inertia_x1.6,22,22,0.13636363636363635,0.22727272727272727,1.0,1,True,10,True,0.5454545454545454
F80C,cruise,iforest,clo_+0.1,22,13,0.07692307692307693,0.15384615384615385,0.6704227961580903,1,True,17,True,0.2272727272727273
F80C,cruise,iforest,cmalpha_x0.7,22,13,0.15384615384615385,0.23076923076923078,0.6877887635240576,1,True,15,True,0.31818181818181823
F80C,cruise,iforest,cmq_x0.5,22,13,0.15384615384615385,0.3076923076923077,0.8378815628815629,1,True,18,True,0.18181818181818177
F80C,cruise,iforest,inertia_x1.6,22,22,0.13636363636363635,0.22727272727272727,1.0,1,True,19,True,0.13636363636363635
F80C,cruise,ks,clo_+0.1,22,13,0.15384615384615385,0.23076923076923078,0.5925237790443793,1,True,18,True,0.18181818181818177
F80C,cruise,ks,cmalpha_x0.7,22,13,0.0,0.0,0.43673747133499446,8,False,15,True,0.31818181818181823
F80C,cruise,ks,cmq_x0.5,22,13,0.23076923076923078,0.38461538461538464,0.8712811311495522,1,True,14,True,0.36363636363636365
F80C,cruise,ks,inertia_x1.6,22,22,0.13636363636363635,0.22727272727272727,1.0,1,True,14,True,0.36363636363636365
F80C,cruise,regression,clo_+0.1,22,13,0.23076923076923078,0.3076923076923077,0.7798236203213579,1,True,15,True,0.31818181818181823
F80C,cruise,regression,cmalpha_x0.7,22,13,0.23076923076923078,0.3076923076923077,0.7560689310689312,1,True,13,True,0.40909090909090906
F80C,cruise,regression,cmq_x0.5,22,13,0.07692307692307693,0.15384615384615385,0.5267945375917512,1,True,4,True,0.8181818181818181
F80C,cruise,regression,inertia_x1.6,22,22,0.13636363636363635,0.22727272727272727,1.0,1,True,6,True,0.7272727272727273
F80C,cruise,sig_dynamic,clo_+0.1,22,13,0.15384615384615385,0.3076923076923077,0.808991222452761,1,True,10,True,0.5454545454545454
F80C,cruise,sig_dynamic,cmalpha_x0.7,22,13,0.15384615384615385,0.3076923076923077,0.8142456902072287,1,True,11,True,0.5
F80C,cruise,sig_dynamic,cmq_x0.5,22,13,0.15384615384615385,0.3076923076923077,0.6906910341120868,2,False,2,True,0.9090909090909091
F80C,cruise,sig_dynamic,inertia_x1.6,22,22,0.13636363636363635,0.22727272727272727,1.0,1,True,0,False,1.0
F80C,cruise,sig_static,clo_+0.1,22,13,0.15384615384615385,0.3076923076923077,0.8346322480937866,1,True,10,True,0.5454545454545454
F80C,cruise,sig_static,cmalpha_x0.7,22,13,0.23076923076923078,0.3076923076923077,0.833476459437998,1,True,11,True,0.5
F80C,cruise,sig_static,cmq_x0.5,22,13,0.15384615384615385,0.3076923076923077,0.6500276770013612,2,False,1,True,0.9545454545454546
F80C,cruise,sig_static,inertia_x1.6,22,22,0.13636363636363635,0.22727272727272727,1.0,1,True,0,False,1.0
F80C,elev_doublet,envelope,clo_+0.1,22,13,0.07692307692307693,0.23076923076923078,0.5527927138221255,3,False,16,True,0.2727272727272727
F80C,elev_doublet,envelope,cmalpha_x0.7,22,13,0.07692307692307693,0.15384615384615385,0.48896470151530874,3,False,14,True,0.36363636363636365
F80C,elev_doublet,envelope,cmq_x0.5,22,13,0.23076923076923078,0.23076923076923078,0.6768734807702419,1,True,11,True,0.5
F80C,elev_doublet,envelope,inertia_x1.6,22,22,0.13636363636363635,0.22727272727272727,1.0,1,True,8,True,0.6363636363636364
F80C,elev_doublet,iforest,clo_+0.1,22,13,0.15384615384615385,0.23076923076923078,0.6749237492152472,1,True,22,True,0.0
F80C,elev_doublet,iforest,cmalpha_x0.7,22,13,0.07692307692307693,0.07692307692307693,0.5776829558206077,1,True,22,True,0.0
F80C,elev_doublet,iforest,cmq_x0.5,22,13,0.07692307692307693,0.23076923076923078,0.602195861215866,3,False,0,False,1.0
F80C,elev_doublet,iforest,inertia_x1.6,22,22,0.13636363636363635,0.22727272727272727,1.0,1,True,0,False,1.0
F80C,elev_doublet,ks,clo_+0.1,22,13,0.23076923076923078,0.23076923076923078,0.6919292497346797,1,True,9,True,0.5909090909090908
F80C,elev_doublet,ks,cmalpha_x0.7,22,13,0.07692307692307693,0.15384615384615385,0.5433697279672512,3,False,8,True,0.6363636363636364
F80C,elev_doublet,ks,cmq_x0.5,22,13,0.15384615384615385,0.23076923076923078,0.7242344812182868,1,True,2,False,0.9090909090909091
F80C,elev_doublet,ks,inertia_x1.6,22,22,0.13636363636363635,0.22727272727272727,1.0,1,True,2,True,0.9090909090909091
F80C,elev_doublet,regression,clo_+0.1,22,13,0.07692307692307693,0.23076923076923078,0.6933464196622091,3,False,15,True,0.31818181818181823
F80C,elev_doublet,regression,cmalpha_x0.7,22,13,0.07692307692307693,0.15384615384615385,0.5966069187223033,3,False,17,True,0.2272727272727273
F80C,elev_doublet,regression,cmq_x0.5,22,13,0.15384615384615385,0.3076923076923077,0.7159628769922889,1,True,4,True,0.8181818181818181
F80C,elev_doublet,regression,inertia_x1.6,22,22,0.13636363636363635,0.22727272727272727,1.0,1,True,7,True,0.6818181818181819
F80C,elev_doublet,sig_dynamic,clo_+0.1,22,13,0.23076923076923078,0.3076923076923077,0.770713643082064,1,True,1,True,0.9545454545454546
F80C,elev_doublet,sig_dynamic,cmalpha_x0.7,22,13,0.23076923076923078,0.38461538461538464,0.8640118653276547,1,True,4,True,0.8181818181818181
F80C,elev_doublet,sig_dynamic,cmq_x0.5,22,13,0.07692307692307693,0.23076923076923078,0.5317531394275856,3,False,0,False,1.0
F80C,elev_doublet,sig_dynamic,inertia_x1.6,22,22,0.13636363636363635,0.22727272727272727,1.0,1,True,0,False,1.0
F80C,elev_doublet,sig_static,clo_+0.1,22,13,0.23076923076923078,0.38461538461538464,0.7767711476689805,1,True,4,True,0.8181818181818181
F80C,elev_doublet,sig_static,cmalpha_x0.7,22,13,0.23076923076923078,0.38461538461538464,0.8654361663977048,1,True,10,True,0.5454545454545454
F80C,elev_doublet,sig_static,cmq_x0.5,22,13,0.15384615384615385,0.15384615384615385,0.5345681365418207,2,False,2,False,0.9090909090909091
F80C,elev_doublet,sig_static,inertia_x1.6,22,22,0.13636363636363635,0.22727272727272727,1.0,1,True,1,True,0.9545454545454546
F80C,elev_doublet_distractor,envelope,clo_+0.1,22,13,0.23076923076923078,0.23076923076923078,0.6374772286536992,1,True,15,True,0.31818181818181823
F80C,elev_doublet_distractor,envelope,cmalpha_x0.7,22,13,0.0,0.0,0.4265837441117269,7,False,13,True,0.40909090909090906
F80C,elev_doublet_distractor,envelope,cmq_x0.5,22,13,0.23076923076923078,0.23076923076923078,0.6099891207863344,1,True,6,True,0.7272727272727273
F80C,elev_doublet_distractor,envelope,inertia_x1.6,22,22,0.13636363636363635,0.22727272727272727,1.0,1,True,10,True,0.5454545454545454
F80C,elev_doublet_distractor,iforest,clo_+0.1,22,13,0.23076923076923078,0.23076923076923078,0.6259574473315841,1,True,22,True,0.0
F80C,elev_doublet_distractor,iforest,cmalpha_x0.7,22,13,0.15384615384615385,0.15384615384615385,0.5156985799519735,2,False,22,True,0.0
F80C,elev_doublet_distractor,iforest,cmq_x0.5,22,13,0.23076923076923078,0.38461538461538464,0.8780774780774782,1,True,0,False,1.0
F80C,elev_doublet_distractor,iforest,inertia_x1.6,22,22,0.13636363636363635,0.22727272727272727,1.0,1,True,0,False,1.0
F80C,elev_doublet_distractor,ks,clo_+0.1,22,13,0.23076923076923078,0.38461538461538464,0.9355644355644356,1,True,4,True,0.8181818181818181
F80C,elev_doublet_distractor,ks,cmalpha_x0.7,22,13,0.23076923076923078,0.38461538461538464,0.7959231944526063,1,True,0,False,1.0
F80C,elev_doublet_distractor,ks,cmq_x0.5,22,13,0.23076923076923078,0.38461538461538464,0.8113982508719352,1,True,1,True,0.9545454545454546
F80C,elev_doublet_distractor,ks,inertia_x1.6,22,22,0.13636363636363635,0.22727272727272727,1.0,1,True,0,False,1.0
F80C,elev_doublet_distractor,regression,clo_+0.1,22,13,0.23076923076923078,0.38461538461538464,0.8939560439560441,1,True,17,True,0.2272727272727273
F80C,elev_doublet_distractor,regression,cmalpha_x0.7,22,13,0.23076923076923078,0.3076923076923077,0.8204020338635724,1,True,11,True,0.5
F80C,elev_doublet_distractor,regression,cmq_x0.5,22,13,0.23076923076923078,0.38461538461538464,0.85474492827434,1,True,7,True,0.6818181818181819
F80C,elev_doublet_distractor,regression,inertia_x1.6,22,22,0.13636363636363635,0.22727272727272727,1.0,1,True,11,True,0.5
F80C,elev_doublet_distractor,sig_dynamic,clo_+0.1,22,13,0.15384615384615385,0.3076923076923077,0.6088987895489443,2,False,4,True,0.8181818181818181
F80C,elev_doublet_distractor,sig_dynamic,cmalpha_x0.7,22,13,0.23076923076923078,0.3076923076923077,0.7680138574875419,1,True,6,True,0.7272727272727273
F80C,elev_doublet_distractor,sig_dynamic,cmq_x0.5,22,13,0.23076923076923078,0.38461538461538464,0.9531468531468532,1,True,2,True,0.9090909090909091
F80C,elev_doublet_distractor,sig_dynamic,inertia_x1.6,22,22,0.13636363636363635,0.22727272727272727,1.0,1,True,2,True,0.9090909090909091
F80C,elev_doublet_distractor,sig_static,clo_+0.1,22,13,0.15384615384615385,0.3076923076923077,0.6487634097928215,1,True,3,True,0.8636363636363636
F80C,elev_doublet_distractor,sig_static,cmalpha_x0.7,22,13,0.15384615384615385,0.3076923076923077,0.7246093137763773,1,True,3,True,0.8636363636363636
F80C,elev_doublet_distractor,sig_static,cmq_x0.5,22,13,0.23076923076923078,0.38461538461538464,0.9259095155856291,1,True,2,True,0.9090909090909091
F80C,elev_doublet_distractor,sig_static,inertia_x1.6,22,22,0.13636363636363635,0.22727272727272727,1.0,1,True,2,True,0.9090909090909091
F80C,elev_step,envelope,clo_+0.1,22,13,0.15384615384615385,0.23076923076923078,0.5697675878671353,2,False,19,True,0.13636363636363635
F80C,elev_step,envelope,cmalpha_x0.7,22,13,0.0,0.0,0.4443424731707656,6,False,16,True,0.2727272727272727
F80C,elev_step,envelope,cmq_x0.5,22,13,0.23076923076923078,0.23076923076923078,0.7058387062911948,1,True,13,True,0.40909090909090906
F80C,elev_step,envelope,inertia_x1.6,22,22,0.13636363636363635,0.22727272727272727,1.0,1,True,8,True,0.6363636363636364
F80C,elev_step,iforest,clo_+0.1,22,13,0.0,0.0,0.469488481009081,6,False,22,True,0.0
F80C,elev_step,iforest,cmalpha_x0.7,22,13,0.0,0.07692307692307693,0.4971187567162799,4,False,22,True,0.0
F80C,elev_step,iforest,cmq_x0.5,22,13,0.23076923076923078,0.38461538461538464,0.7836522395732922,1,True,0,False,1.0
F80C,elev_step,iforest,inertia_x1.6,22,22,0.13636363636363635,0.22727272727272727,1.0,1,True,0,False,1.0
F80C,elev_step,ks,clo_+0.1,22,13,0.07692307692307693,0.23076923076923078,0.5763840859994706,3,False,8,True,0.6363636363636364
F80C,elev_step,ks,cmalpha_x0.7,22,13,0.0,0.07692307692307693,0.45894479452171755,5,False,8,True,0.6363636363636364
F80C,elev_step,ks,cmq_x0.5,22,13,0.15384615384615385,0.3076923076923077,0.8309922982999906,1,True,1,True,0.9545454545454546
F80C,elev_step,ks,inertia_x1.6,22,22,0.13636363636363635,0.22727272727272727,1.0,1,True,1,True,0.9545454545454546
F80C,elev_step,regression,clo_+0.1,22,13,0.23076923076923078,0.23076923076923078,0.8275738150738151,1,True,22,True,0.0
F80C,elev_step,regression,cmalpha_x0.7,22,13,0.23076923076923078,0.38461538461538464,0.9282450455527378,1,True,20,True,0.09090909090909094
F80C,elev_step,regression,cmq_x0.5,22,13,0.23076923076923078,0.38461538461538464,0.9056499056499057,1,True,15,True,0.31818181818181823
F80C,elev_step,regression,inertia_x1.6,22,22,0.13636363636363635,0.22727272727272727,1.0,1,True,8,True,0.6363636363636364
F80C,elev_step,sig_dynamic,clo_+0.1,22,13,0.15384615384615385,0.23076923076923078,0.6940081286235132,1,True,17,True,0.2272727272727273
F80C,elev_step,sig_dynamic,cmalpha_x0.7,22,13,0.15384615384615385,0.3076923076923077,0.7157079032079032,1,True,19,True,0.13636363636363635
F80C,elev_step,sig_dynamic,cmq_x0.5,22,13,0.23076923076923078,0.38461538461538464,0.7773323168060012,1,True,0,False,1.0
F80C,elev_step,sig_dynamic,inertia_x1.6,22,22,0.13636363636363635,0.22727272727272727,1.0,1,True,0,False,1.0
F80C,elev_step,sig_static,clo_+0.1,22,13,0.15384615384615385,0.3076923076923077,0.7002257975942187,2,False,17,True,0.2272727272727273
F80C,elev_step,sig_static,cmalpha_x0.7,22,13,0.23076923076923078,0.38461538461538464,0.8509996968975297,1,True,18,True,0.18181818181818177
F80C,elev_step,sig_static,cmq_x0.5,22,13,0.15384615384615385,0.3076923076923077,0.652159906458549,1,True,1,True,0.9545454545454546
F80C,elev_step,sig_static,inertia_x1.6,22,22,0.13636363636363635,0.22727272727272727,1.0,1,True,2,True,0.9090909090909091
F80C,flap_extend,envelope,clo_+0.1,22,13,0.15384615384615385,0.15384615384615385,0.6017328706064119,1,True,19,True,0.13636363636363635
F80C,flap_extend,envelope,cmq_x0.5,22,13,0.15384615384615385,0.3076923076923077,0.735688863939638,2,False,5,True,0.7727272727272727
F80C,flap_extend,envelope,inertia_x1.6,22,22,0.13636363636363635,0.22727272727272727,1.0,1,True,1,True,0.9545454545454546
F80C,flap_extend,iforest,clo_+0.1,22,13,0.07692307692307693,0.15384615384615385,0.5161378842374317,2,False,22,True,0.0
F80C,flap_extend,iforest,cmq_x0.5,22,13,0.0,0.0,0.4491447991954064,7,False,0,False,1.0
F80C,flap_extend,iforest,inertia_x1.6,22,22,0.13636363636363635,0.22727272727272727,1.0,1,True,0,False,1.0
F80C,flap_extend,ks,clo_+0.1,22,13,0.07692307692307693,0.15384615384615385,0.5094754548195843,3,False,15,True,0.31818181818181823
F80C,flap_extend,ks,cmq_x0.5,22,13,0.15384615384615385,0.3076923076923077,0.7183607242430772,2,False,5,True,0.7727272727272727
F80C,flap_extend,ks,inertia_x1.6,22,22,0.13636363636363635,0.22727272727272727,1.0,1,True,0,False,1.0
F80C,flap_extend,regression,clo_+0.1,22,13,0.07692307692307693,0.15384615384615385,0.5149269477710774,3,False,22,True,0.0
F80C,flap_extend,regression,cmq_x0.5,22,13,0.15384615384615385,0.23076923076923078,0.7018371073503248,1,True,10,True,0.5454545454545454
F80C,flap_extend,regression,inertia_x1.6,22,22,0.13636363636363635,0.22727272727272727,1.0,1,True,6,True,0.7272727272727273
F80C,flap_extend,sig_dynamic,clo_+0.1,22,13,0.07692307692307693,0.15384615384615385,0.5767079411816254,1,True,20,True,0.09090909090909094
F80C,flap_extend,sig_dynamic,cmq_x0.5,22,13,0.07692307692307693,0.23076923076923078,0.5781617891912009,2,False,2,True,0.9090909090909091
F80C,flap_extend,sig_dynamic,inertia_x1.6,22,22,0.13636363636363635,0.22727272727272727,1.0,1,True,2,True,0.9090909090909091
F80C,flap_extend,sig_static,clo_+0.1,22,13,0.15384615384615385,0.3076923076923077,0.7668924642608853,1,True,19,True,0.13636363636363635
F80C,flap_extend,sig_static,cmq_x0.5,22,13,0.15384615384615385,0.23076923076923078,0.5886815798580505,1,True,1,True,0.9545454545454546
F80C,flap_extend,sig_static,inertia_x1.6,22,22,0.13636363636363635,0.22727272727272727,1.0,1,True,1,True,0.9545454545454546
F80C,rudder_doublet,envelope,clo_+0.1,22,13,0.23076923076923078,0.38461538461538464,0.8606711915535444,1,True,11,True,0.5
F80C,rudder_doublet,envelope,cmalpha_x0.7,22,13,0.23076923076923078,0.38461538461538464,0.9148223121907333,1,True,2,True,0.9090909090909091
F80C,rudder_doublet,envelope,cmq_x0.5,22,13,0.23076923076923078,0.38461538461538464,1.0,1,True,5,True,0.7727272727272727
F80C,rudder_doublet,envelope,inertia_x1.6,22,22,0.13636363636363635,0.22727272727272727,1.0,1,True,1,True,0.9545454545454546
F80C,rudder_doublet,iforest,clo_+0.1,22,13,0.07692307692307693,0.23076923076923078,0.6545919892073738,1,True,22,True,0.0
F80C,rudder_doublet,iforest,cmalpha_x0.7,22,13,0.07692307692307693,0.23076923076923078,0.6297258297258298,2,False,22,True,0.0
F80C,rudder_doublet,iforest,cmq_x0.5,22,13,0.15384615384615385,0.23076923076923078,0.7074002920156767,1,True,0,False,1.0
F80C,rudder_doublet,iforest,inertia_x1.6,22,22,0.13636363636363635,0.22727272727272727,1.0,1,True,0,False,1.0
F80C,rudder_doublet,ks,clo_+0.1,22,13,0.23076923076923078,0.38461538461538464,0.9009490509490511,1,True,10,True,0.5454545454545454
F80C,rudder_doublet,ks,cmalpha_x0.7,22,13,0.23076923076923078,0.3076923076923077,0.6557651396392763,1,True,2,True,0.9090909090909091
F80C,rudder_doublet,ks,cmq_x0.5,22,13,0.23076923076923078,0.38461538461538464,0.8308579578316422,1,True,5,True,0.7727272727272727
F80C,rudder_doublet,ks,inertia_x1.6,22,22,0.13636363636363635,0.22727272727272727,1.0,1,True,2,True,0.9090909090909091
F80C,rudder_doublet,regression,clo_+0.1,22,13,0.23076923076923078,0.38461538461538464,0.9706959706959707,1,True,20,True,0.09090909090909094
F80C,rudder_doublet,regression,cmalpha_x0.7,22,13,0.23076923076923078,0.38461538461538464,0.9486957711654068,1,True,16,True,0.2727272727272727
F80C,rudder_doublet,regression,cmq_x0.5,22,13,0.23076923076923078,0.38461538461538464,0.9284920207997132,1,True,3,True,0.8636363636363636
F80C,rudder_doublet,regression,inertia_x1.6,22,22,0.13636363636363635,0.22727272727272727,1.0,1,True,3,True,0.8636363636363636
F80C,rudder_doublet,sig_dynamic,clo_+0.1,22,13,0.23076923076923078,0.23076923076923078,0.7975951399028324,1,True,9,True,0.5909090909090908
F80C,rudder_doublet,sig_dynamic,cmalpha_x0.7,22,13,0.23076923076923078,0.38461538461538464,0.9447368421052632,1,True,7,True,0.6818181818181819
F80C,rudder_doublet,sig_dynamic,cmq_x0.5,22,13,0.23076923076923078,0.38461538461538464,0.8789710289710292,1,True,3,True,0.8636363636363636
F80C,rudder_doublet,sig_dynamic,inertia_x1.6,22,22,0.13636363636363635,0.22727272727272727,1.0,1,True,0,False,1.0
F80C,rudder_doublet,sig_static,clo_+0.1,22,13,0.23076923076923078,0.3076923076923077,0.8551027833535574,1,True,7,True,0.6818181818181819
F80C,rudder_doublet,sig_static,cmalpha_x0.7,22,13,0.23076923076923078,0.38461538461538464,0.9059681995916814,1,True,6,True,0.7272727272727273
F80C,rudder_doublet,sig_static,cmq_x0.5,22,13,0.23076923076923078,0.38461538461538464,0.8467083999591739,1,True,4,True,0.8181818181818181
F80C,rudder_doublet,sig_static,inertia_x1.6,22,22,0.13636363636363635,0.22727272727272727,1.0,1,True,2,True,0.9090909090909091
F80C,throttle_step,envelope,clo_+0.1,22,13,0.07692307692307693,0.23076923076923078,0.5149260955762502,3,False,14,True,0.36363636363636365
F80C,throttle_step,envelope,cmalpha_x0.7,22,13,0.0,0.07692307692307693,0.44624477689493164,5,False,14,True,0.36363636363636365
F80C,throttle_step,envelope,cmq_x0.5,22,13,0.07692307692307693,0.15384615384615385,0.5722854029355576,1,True,7,True,0.6818181818181819
F80C,throttle_step,envelope,inertia_x1.6,22,22,0.13636363636363635,0.22727272727272727,1.0,1,True,3,True,0.8636363636363636
F80C,throttle_step,iforest,clo_+0.1,22,13,0.07692307692307693,0.15384615384615385,0.5500758126264199,1,True,22,True,0.0
F80C,throttle_step,iforest,cmalpha_x0.7,22,13,0.15384615384615385,0.23076923076923078,0.6037454633429866,1,True,22,True,0.0
F80C,throttle_step,iforest,cmq_x0.5,22,13,0.15384615384615385,0.23076923076923078,0.5709391287445585,2,False,0,False,1.0
F80C,throttle_step,iforest,inertia_x1.6,22,22,0.13636363636363635,0.22727272727272727,1.0,1,True,0,False,1.0
F80C,throttle_step,ks,clo_+0.1,22,13,0.07692307692307693,0.23076923076923078,0.5427946322683164,3,False,9,True,0.5909090909090908
F80C,throttle_step,ks,cmalpha_x0.7,22,13,0.0,0.0,0.436863170567624,6,False,7,True,0.6818181818181819
F80C,throttle_step,ks,cmq_x0.5,22,13,0.07692307692307693,0.23076923076923078,0.6598204090106924,1,True,3,True,0.8636363636363636
F80C,throttle_step,ks,inertia_x1.6,22,22,0.13636363636363635,0.22727272727272727,1.0,1,True,2,True,0.9090909090909091
F80C,throttle_step,regression,clo_+0.1,22,13,0.23076923076923078,0.38461538461538464,0.8671922094999018,1,True,22,True,0.0
F80C,throttle_step,regression,cmalpha_x0.7,22,13,0.23076923076923078,0.3076923076923077,0.8827572000648923,1,True,20,True,0.09090909090909094
F80C,throttle_step,regression,cmq_x0.5,22,13,0.23076923076923078,0.38461538461538464,0.7900612545349388,1,True,4,True,0.8181818181818181
F80C,throttle_step,regression,inertia_x1.6,22,22,0.13636363636363635,0.22727272727272727,1.0,1,True,1,True,0.9545454545454546
F80C,throttle_step,sig_dynamic,clo_+0.1,22,13,0.07692307692307693,0.15384615384615385,0.5245790157554863,2,False,20,True,0.09090909090909094
F80C,throttle_step,sig_dynamic,cmalpha_x0.7,22,13,0.15384615384615385,0.23076923076923078,0.7151833546570389,1,True,18,True,0.18181818181818177
F80C,throttle_step,sig_dynamic,cmq_x0.5,22,13,0.23076923076923078,0.3076923076923077,0.7824849296003143,1,True,1,True,0.9545454545454546
F80C,throttle_step,sig_dynamic,inertia_x1.6,22,22,0.13636363636363635,0.22727272727272727,1.0,1,True,0,False,1.0
F80C,throttle_step,sig_static,clo_+0.1,22,13,0.15384615384615385,0.15384615384615385,0.6506585096785145,1,True,16,True,0.2727272727272727
F80C,throttle_step,sig_static,cmalpha_x0.7,22,13,0.15384615384615385,0.3076923076923077,0.7712893441400227,1,True,10,True,0.5454545454545454
F80C,throttle_step,sig_static,cmq_x0.5,22,13,0.23076923076923078,0.3076923076923077,0.7861009214516002,1,True,1,True,0.9545454545454546
F80C,throttle_step,sig_static,inertia_x1.6,22,22,0.13636363636363635,0.22727272727272727,1.0,1,True,0,False,1.0
J3Cub,aileron_step,envelope,clo_+0.1,22,13,0.23076923076923078,0.3076923076923077,0.6963525278272837,1,True,7,True,0.6818181818181819
J3Cub,aileron_step,envelope,cmalpha_x0.7,22,13,0.15384615384615385,0.15384615384615385,0.6195671786735134,1,True,18,True,0.18181818181818177
J3Cub,aileron_step,envelope,cmq_x0.5,22,13,0.23076923076923078,0.3076923076923077,0.6721852579824716,1,True,18,True,0.18181818181818177
J3Cub,aileron_step,iforest,clo_+0.1,22,13,0.23076923076923078,0.38461538461538464,0.8097926196610408,1,True,21,True,0.045454545454545414
J3Cub,aileron_step,iforest,cmalpha_x0.7,22,13,0.23076923076923078,0.38461538461538464,0.8578171828171828,1,True,4,True,0.8181818181818181
J3Cub,aileron_step,iforest,cmq_x0.5,22,13,0.15384615384615385,0.23076923076923078,0.5619422958164325,1,True,0,False,1.0
J3Cub,aileron_step,ks,clo_+0.1,22,13,0.23076923076923078,0.38461538461538464,0.8481641165851693,1,True,4,True,0.8181818181818181
J3Cub,aileron_step,ks,cmalpha_x0.7,22,13,0.15384615384615385,0.23076923076923078,0.6708707958707959,1,True,4,True,0.8181818181818181
J3Cub,aileron_step,ks,cmq_x0.5,22,13,0.07692307692307693,0.23076923076923078,0.567582229233813,3,False,10,True,0.5454545454545454
J3Cub,aileron_step,regression,clo_+0.1,22,13,0.23076923076923078,0.38461538461538464,0.8359213237874824,1,True,16,True,0.2727272727272727
J3Cub,aileron_step,regression,cmalpha_x0.7,22,13,0.23076923076923078,0.38461538461538464,0.8973001357616742,1,True,17,True,0.2272727272727273
J3Cub,aileron_step,regression,cmq_x0.5,22,13,0.15384615384615385,0.23076923076923078,0.7678821178821178,1,True,18,True,0.18181818181818177
J3Cub,aileron_step,sig_dynamic,clo_+0.1,22,13,0.23076923076923078,0.38461538461538464,0.7918899727723255,1,True,20,True,0.09090909090909094
J3Cub,aileron_step,sig_dynamic,cmalpha_x0.7,22,13,0.15384615384615385,0.3076923076923077,0.708296467893991,1,True,9,True,0.5909090909090908
J3Cub,aileron_step,sig_dynamic,cmq_x0.5,22,13,0.15384615384615385,0.3076923076923077,0.7297643532937651,1,True,17,True,0.2272727272727273
J3Cub,aileron_step,sig_static,clo_+0.1,22,13,0.23076923076923078,0.38461538461538464,0.8484467455621302,1,True,19,True,0.13636363636363635
J3Cub,aileron_step,sig_static,cmalpha_x0.7,22,13,0.15384615384615385,0.15384615384615385,0.5743220101192237,1,True,1,False,0.9545454545454546
J3Cub,aileron_step,sig_static,cmq_x0.5,22,13,0.23076923076923078,0.3076923076923077,0.7854763009740384,1,True,7,True,0.6818181818181819
J3Cub,bank_hold,envelope,clo_+0.1,22,13,0.23076923076923078,0.3076923076923077,0.6782458640430776,1,True,10,True,0.5454545454545454
J3Cub,bank_hold,envelope,cmalpha_x0.7,22,13,0.23076923076923078,0.23076923076923078,0.6603527449502682,1,True,18,True,0.18181818181818177
J3Cub,bank_hold,envelope,cmq_x0.5,22,13,0.23076923076923078,0.3076923076923077,0.694621155418369,1,True,20,True,0.09090909090909094
J3Cub,bank_hold,iforest,clo_+0.1,22,13,0.23076923076923078,0.38461538461538464,0.8328351387174917,1,True,22,True,0.0
J3Cub,bank_hold,iforest,cmalpha_x0.7,22,13,0.23076923076923078,0.38461538461538464,0.8124718848403059,1,True,18,True,0.18181818181818177
J3Cub,bank_hold,iforest,cmq_x0.5,22,13,0.15384615384615385,0.15384615384615385,0.6175772214739825,1,True,0,False,1.0
J3Cub,bank_hold,ks,clo_+0.1,22,13,0.23076923076923078,0.38461538461538464,0.9385930309007231,1,True,5,True,0.7727272727272727
J3Cub,bank_hold,ks,cmalpha_x0.7,22,13,0.23076923076923078,0.38461538461538464,0.7576559068461903,1,True,4,True,0.8181818181818181
J3Cub,bank_hold,ks,cmq_x0.5,22,13,0.07692307692307693,0.23076923076923078,0.5175509319740089,3,False,13,True,0.40909090909090906
J3Cub,bank_hold,regression,clo_+0.1,22,13,0.23076923076923078,0.38461538461538464,0.8491415358080041,1,True,17,True,0.2272727272727273
J3Cub,bank_hold,regression,cmalpha_x0.7,22,13,0.23076923076923078,0.38461538461538464,0.9701923076923078,1,True,18,True,0.18181818181818177
J3Cub,bank_hold,regression,cmq_x0.5,22,13,0.15384615384615385,0.15384615384615385,0.6284769717462025,1,True,18,True,0.18181818181818177
J3Cub,bank_hold,sig_dynamic,clo_+0.1,22,13,0.23076923076923078,0.23076923076923078,0.6525762636056753,1,True,16,True,0.2727272727272727
J3Cub,bank_hold,sig_dynamic,cmalpha_x0.7,22,13,0.23076923076923078,0.3076923076923077,0.7235667728582709,1,True,14,True,0.36363636363636365
J3Cub,bank_hold,sig_dynamic,cmq_x0.5,22,13,0.07692307692307693,0.07692307692307693,0.6062336786020998,1,True,12,True,0.4545454545454546
J3Cub,bank_hold,sig_static,clo_+0.1,22,13,0.23076923076923078,0.38461538461538464,0.7335494200700202,1,True,16,True,0.2727272727272727
J3Cub,bank_hold,sig_static,cmalpha_x0.7,22,13,0.23076923076923078,0.3076923076923077,0.6903900467635881,1,True,9,True,0.5909090909090908
J3Cub,bank_hold,sig_static,cmq_x0.5,22,13,0.15384615384615385,0.23076923076923078,0.685155041037394,1,True,5,True,0.7727272727272727
J3Cub,climbing_turn,envelope,clo_+0.1,22,13,0.23076923076923078,0.3076923076923077,0.6662328770300907,1,True,6,True,0.7272727272727273
J3Cub,climbing_turn,envelope,cmalpha_x0.7,22,13,0.15384615384615385,0.15384615384615385,0.5668433776405912,1,True,15,True,0.31818181818181823
J3Cub,climbing_turn,envelope,cmq_x0.5,22,13,0.23076923076923078,0.3076923076923077,0.694621155418369,1,True,15,True,0.31818181818181823
J3Cub,climbing_turn,iforest,clo_+0.1,22,13,0.23076923076923078,0.23076923076923078,0.6566375892108209,1,True,22,True,0.0
J3Cub,climbing_turn,iforest,cmalpha_x0.7,22,13,0.07692307692307693,0.15384615384615385,0.6609925331079177,1,True,3,True,0.8636363636363636
J3Cub,climbing_turn,iforest,cmq_x0.5,22,13,0.07692307692307693,0.15384615384615385,0.5672898626339922,2,False,0,False,1.0
J3Cub,climbing_turn,ks,clo_+0.1,22,13,0.15384615384615385,0.23076923076923078,0.6543739026711163,1,True,8,True,0.6363636363636364
J3Cub,climbing_turn,ks,cmalpha_x0.7,22,13,0.0,0.07692307692307693,0.42186954805137705,4,False,8,True,0.6363636363636364
J3Cub,climbing_turn,ks,cmq_x0.5,22,13,0.07692307692307693,0.23076923076923078,0.5388603484578716,2,False,5,True,0.7727272727272727
J3Cub,climbing_turn,regression,clo_+0.1,22,13,0.23076923076923078,0.38461538461538464,0.7823994632818162,1,True,14,True,0.36363636363636365
J3Cub,climbing_turn,regression,cmalpha_x0.7,22,13,0.23076923076923078,0.38461538461538464,0.8034743034743035,1,True,16,True,0.2727272727272727
J3Cub,climbing_turn,regression,cmq_x0.5,22,13,0.15384615384615385,0.23076923076923078,0.628106182404825,1,True,17,True,0.2272727272727273
J3Cub,climbing_turn,sig_dynamic,clo_+0.1,22,13,0.23076923076923078,0.3076923076923077,0.6931288284497382,1,True,17,True,0.2272727272727273
J3Cub,climbing_turn,sig_dynamic,cmalpha_x0.7,22,13,0.23076923076923078,0.38461538461538464,0.7753897811590118,1,True,20,True,0.09090909090909094
J3Cub,climbing_turn,sig_dynamic,cmq_x0.5,22,13,0.23076923076923078,0.3076923076923077,0.7244227994227994,1,True,20,True,0.09090909090909094
J3Cub,climbing_turn,sig_static,clo_+0.1,22,13,0.23076923076923078,0.3076923076923077,0.7593739593739595,1,True,13,True,0.40909090909090906
J3Cub,climbing_turn,sig_static,cmalpha_x0.7,22,13,0.15384615384615385,0.23076923076923078,0.7149693873378085,1,True,8,True,0.6363636363636364
J3Cub,climbing_turn,sig_static,cmq_x0.5,22,13,0.15384615384615385,0.15384615384615385,0.6083746936956035,1,True,15,True,0.31818181818181823
J3Cub,cruise,envelope,clo_+0.1,22,13,0.23076923076923078,0.23076923076923078,0.6136275740348137,1,True,12,True,0.4545454545454546
J3Cub,cruise,envelope,cmalpha_x0.7,22,13,0.15384615384615385,0.15384615384615385,0.5158969572937184,2,False,8,True,0.6363636363636364
J3Cub,cruise,envelope,cmq_x0.5,22,13,0.07692307692307693,0.15384615384615385,0.54024675279736,1,True,11,True,0.5
J3Cub,cruise,iforest,clo_+0.1,22,13,0.23076923076923078,0.38461538461538464,0.7604810787503097,1,True,4,True,0.8181818181818181
J3Cub,cruise,iforest,cmalpha_x0.7,22,13,0.23076923076923078,0.3076923076923077,0.7993668526176266,1,True,0,False,1.0
J3Cub,cruise,iforest,cmq_x0.5,22,13,0.23076923076923078,0.38461538461538464,0.8631229881229883,1,True,0,False,1.0
J3Cub,cruise,ks,clo_+0.1,22,13,0.23076923076923078,0.23076923076923078,0.6768734807702419,1,True,10,True,0.5454545454545454
J3Cub,cruise,ks,cmalpha_x0.7,22,13,0.23076923076923078,0.23076923076923078,0.6145457820737649,1,True,2,True,0.9090909090909091
J3Cub,cruise,ks,cmq_x0.5,22,13,0.15384615384615385,0.3076923076923077,0.6506651114623251,1,True,1,True,0.9545454545454546
J3Cub,cruise,regression,clo_+0.1,22,13,0.23076923076923078,0.38461538461538464,0.853564704526243,1,True,7,True,0.6818181818181819
J3Cub,cruise,regression,cmalpha_x0.7,22,13,0.23076923076923078,0.23076923076923078,0.5975016082988219,1,True,1,True,0.9545454545454546
J3Cub,cruise,regression,cmq_x0.5,22,13,0.23076923076923078,0.38461538461538464,0.7310680418652555,1,True,3,True,0.8636363636363636
J3Cub,cruise,sig_dynamic,clo_+0.1,22,13,0.23076923076923078,0.3076923076923077,0.7673506318243162,1,True,12,True,0.4545454545454546
J3Cub,cruise,sig_dynamic,cmalpha_x0.7,22,13,0.23076923076923078,0.38461538461538464,0.9328820751897674,1,True,12,True,0.4545454545454546
J3Cub,cruise,sig_dynamic,cmq_x0.5,22,13,0.23076923076923078,0.3076923076923077,0.7106291858494764,1,True,5,True,0.7727272727272727
J3Cub,cruise,sig_static,clo_+0.1,22,13,0.23076923076923078,0.3076923076923077,0.7673506318243162,1,True,12,True,0.4545454545454546
J3Cub,cruise,sig_static,cmalpha_x0.7,22,13,0.15384615384615385,0.3076923076923077,0.6472920955893092,1,True,5,True,0.7727272727272727
J3Cub,cruise,sig_static,cmq_x0.5,22,13,0.23076923076923078,0.3076923076923077,0.7106291858494764,1,True,5,True,0.7727272727272727
J3Cub,elev_doublet,envelope,clo_+0.1,22,13,0.23076923076923078,0.3076923076923077,0.6485659285939114,1,True,16,True,0.2727272727272727
J3Cub,elev_doublet,envelope,cmalpha_x0.7,22,13,0.07692307692307693,0.07692307692307693,0.4889434997407133,1,True,15,True,0.31818181818181823
J3Cub,elev_doublet,envelope,cmq_x0.5,22,13,0.07692307692307693,0.23076923076923078,0.5612711720683856,1,True,15,True,0.31818181818181823
J3Cub,elev_doublet,iforest,clo_+0.1,22,13,0.15384615384615385,0.3076923076923077,0.7958430458430459,1,True,22,True,0.0
J3Cub,elev_doublet,iforest,cmalpha_x0.7,22,13,0.23076923076923078,0.3076923076923077,0.8139527139527138,1,True,20,True,0.09090909090909094
J3Cub,elev_doublet,iforest,cmq_x0.5,22,13,0.23076923076923078,0.38461538461538464,0.8103875008852385,1,True,1,True,0.9545454545454546
J3Cub,elev_doublet,ks,clo_+0.1,22,13,0.23076923076923078,0.23076923076923078,0.7228368123104966,1,True,6,True,0.7272727272727273
J3Cub,elev_doublet,ks,cmalpha_x0.7,22,13,0.07692307692307693,0.23076923076923078,0.6023641140156978,3,False,3,False,0.8636363636363636
J3Cub,elev_doublet,ks,cmq_x0.5,22,13,0.23076923076923078,0.38461538461538464,0.8872879257494641,1,True,6,True,0.7272727272727273
J3Cub,elev_doublet,regression,clo_+0.1,22,13,0.23076923076923078,0.38461538461538464,0.8577822762033289,1,True,17,True,0.2272727272727273
J3Cub,elev_doublet,regression,cmalpha_x0.7,22,13,0.23076923076923078,0.3076923076923077,0.8043255889409735,1,True,18,True,0.18181818181818177
J3Cub,elev_doublet,regression,cmq_x0.5,22,13,0.0,0.15384615384615385,0.4799950386994921,4,False,12,True,0.4545454545454546
J3Cub,elev_doublet,sig_dynamic,clo_+0.1,22,13,0.23076923076923078,0.23076923076923078,0.7226295072448919,1,True,8,True,0.6363636363636364
J3Cub,elev_doublet,sig_dynamic,cmalpha_x0.7,22,13,0.23076923076923078,0.3076923076923077,0.8312215562215562,1,True,3,True,0.8636363636363636
J3Cub,elev_doublet,sig_dynamic,cmq_x0.5,22,13,0.23076923076923078,0.3076923076923077,0.7105435163127471,1,True,6,True,0.7272727272727273
J3Cub,elev_doublet,sig_static,clo_+0.1,22,13,0.23076923076923078,0.3076923076923077,0.683156658376949,1,True,7,True,0.6818181818181819
J3Cub,elev_doublet,sig_static,cmalpha_x0.7,22,13,0.23076923076923078,0.38461538461538464,0.7847815583109702,1,True,3,True,0.8636363636363636
J3Cub,elev_doublet,sig_static,cmq_x0.5,22,13,0.15384615384615385,0.23076923076923078,0.7078629703629703,1,True,6,True,0.7272727272727273
J3Cub,elev_doublet_distractor,envelope,clo_+0.1,22,13,0.23076923076923078,0.3076923076923077,0.674785633183466,1,True,17,True,0.2272727272727273
J3Cub,elev_doublet_distractor,envelope,cmalpha_x0.7,22,13,0.15384615384615385,0.23076923076923078,0.5512365327112886,2,False,16,True,0.2727272727272727
J3Cub,elev_doublet_distractor,envelope,cmq_x0.5,22,13,0.07692307692307693,0.15384615384615385,0.5370969409252333,1,True,15,True,0.31818181818181823
J3Cub,elev_doublet_distractor,iforest,clo_+0.1,22,13,0.23076923076923078,0.38461538461538464,0.8069411238915882,1,True,22,True,0.0
J3Cub,elev_doublet_distractor,iforest,cmalpha_x0.7,22,13,0.23076923076923078,0.38461538461538464,0.8489673724967841,1,True,11,True,0.5
J3Cub,elev_doublet_distractor,iforest,cmq_x0.5,22,13,0.23076923076923078,0.38461538461538464,0.8368861788366433,1,True,0,False,1.0
J3Cub,elev_doublet_distractor,ks,clo_+0.1,22,13,0.23076923076923078,0.38461538461538464,0.8378052503052502,1,True,5,True,0.7727272727272727
J3Cub,elev_doublet_distractor,ks,cmalpha_x0.7,22,13,0.0,0.0,0.4537311614056077,6,False,2,False,0.9090909090909091
J3Cub,elev_doublet_distractor,ks,cmq_x0.5,22,13,0.0,0.15384615384615385,0.5426349767561961,4,False,6,True,0.7272727272727273
J3Cub,elev_doublet_distractor,regression,clo_+0.1,22,13,0.23076923076923078,0.38461538461538464,0.8421139701504076,1,True,10,True,0.5454545454545454
J3Cub,elev_doublet_distractor,regression,cmalpha_x0.7,22,13,0.15384615384615385,0.23076923076923078,0.7144022644022645,1,True,12,True,0.4545454545454546
J3Cub,elev_doublet_distractor,regression,cmq_x0.5,22,13,0.07692307692307693,0.23076923076923078,0.5766912911649753,3,False,4,True,0.8181818181818181
J3Cub,elev_doublet_distractor,sig_dynamic,clo_+0.1,22,13,0.23076923076923078,0.23076923076923078,0.6954260050235282,1,True,8,True,0.6363636363636364
J3Cub,elev_doublet_distractor,sig_dynamic,cmalpha_x0.7,22,13,0.23076923076923078,0.38461538461538464,0.8277095711306239,1,True,6,True,0.7272727272727273
J3Cub,elev_doublet_distractor,sig_dynamic,cmq_x0.5,22,13,0.15384615384615385,0.15384615384615385,0.49413922784368125,2,False,6,True,0.7272727272727273
J3Cub,elev_doublet_distractor,sig_static,clo_+0.1,22,13,0.23076923076923078,0.23076923076923078,0.6492633372158259,1,True,7,True,0.6818181818181819
J3Cub,elev_doublet_distractor,sig_static,cmalpha_x0.7,22,13,0.23076923076923078,0.38461538461538464,0.8252429759782699,1,True,11,True,0.5
J3Cub,elev_doublet_distractor,sig_static,cmq_x0.5,22,13,0.0,0.0,0.47429411569087676,6,False,3,True,0.8636363636363636
J3Cub,elev_step,envelope,clo_+0.1,22,13,0.23076923076923078,0.3076923076923077,0.6554894537866673,1,True,6,True,0.7272727272727273
J3Cub,elev_step,envelope,cmalpha_x0.7,22,13,0.15384615384615385,0.15384615384615385,0.5471075579047715,1,True,15,True,0.31818181818181823
J3Cub,elev_step,envelope,cmq_x0.5,22,13,0.15384615384615385,0.3076923076923077,0.6083740691712827,1,True,14,True,0.36363636363636365
J3Cub,elev_step,iforest,clo_+0.1,22,13,0.23076923076923078,0.38461538461538464,0.8433531024028762,1,True,9,True,0.5909090909090908
J3Cub,elev_step,iforest,cmalpha_x0.7,22,13,0.15384615384615385,0.3076923076923077,0.694368025137256,1,True,8,True,0.6363636363636364
J3Cub,elev_step,iforest,cmq_x0.5,22,13,0.07692307692307693,0.07692307692307693,0.4941722750933276,3,False,0,False,1.0
J3Cub,elev_step,ks,clo_+0.1,22,13,0.23076923076923078,0.38461538461538464,0.7404371606800757,1,True,4,True,0.8181818181818181
J3Cub,elev_step,ks,cmalpha_x0.7,22,13,0.15384615384615385,0.23076923076923078,0.5348541062282429,2,False,3,True,0.8636363636363636
J3Cub,elev_step,ks,cmq_x0.5,22,13,0.15384615384615385,0.3076923076923077,0.6199159774892092,2,False,10,True,0.5454545454545454
J3Cub,elev_step,regression,clo_+0.1,22,13,0.23076923076923078,0.38461538461538464,0.8780693665309051,1,True,10,True,0.5454545454545454
J3Cub,elev_step,regression,cmalpha_x0.7,22,13,0.15384615384615385,0.3076923076923077,0.7787015272309391,1,True,18,True,0.18181818181818177
J3Cub,elev_step,regression,cmq_x0.5,22,13,0.23076923076923078,0.23076923076923078,0.7825836054342841,1,True,17,True,0.2272727272727273
J3Cub,elev_step,sig_dynamic,clo_+0.1,22,13,0.23076923076923078,0.3076923076923077,0.7272219788890426,1,True,12,True,0.4545454545454546
J3Cub,elev_step,sig_dynamic,cmalpha_x0.7,22,13,0.23076923076923078,0.38461538461538464,0.9061956017838372,1,True,17,True,0.2272727272727273
J3Cub,elev_step,sig_dynamic,cmq_x0.5,22,13,0.15384615384615385,0.23076923076923078,0.6638390392915279,1,True,17,True,0.2272727272727273
J3Cub,elev_step,sig_static,clo_+0.1,22,13,0.23076923076923078,0.3076923076923077,0.7085474354705125,1,True,9,True,0.5909090909090908
J3Cub,elev_step,sig_static,cmalpha_x0.7,22,13,0.23076923076923078,0.38461538461538464,0.8131615116909234,1,True,13,True,0.40909090909090906
J3Cub,elev_step,sig_static,cmq_x0.5,22,13,0.23076923076923078,0.38461538461538464,0.7649473726902879,1,True,16,True,0.2727272727272727
J3Cub,engine_stop,envelope,clo_+0.1,22,13,0.07692307692307693,0.15384615384615385,0.508632144429358,1,True,20,True,0.09090909090909094
J3Cub,engine_stop,envelope,cmalpha_x0.7,22,13,0.15384615384615385,0.15384615384615385,0.5084825391326938,2,False,10,True,0.5454545454545454
J3Cub,engine_stop,envelope,cmq_x0.5,22,13,0.23076923076923078,0.23076923076923078,0.6739301634038477,1,True,16,True,0.2727272727272727
J3Cub,engine_stop,iforest,clo_+0.1,22,13,0.23076923076923078,0.23076923076923078,0.6417958744703208,1,True,22,True,0.0
J3Cub,engine_stop,iforest,cmalpha_x0.7,22,13,0.15384615384615385,0.15384615384615385,0.5833547429522661,1,True,1,True,0.9545454545454546
J3Cub,engine_stop,iforest,cmq_x0.5,22,13,0.23076923076923078,0.23076923076923078,0.625744404572697,1,True,0,False,1.0
J3Cub,engine_stop,ks,clo_+0.1,22,13,0.07692307692307693,0.07692307692307693,0.5009398367370503,1,True,15,True,0.31818181818181823
J3Cub,engine_stop,ks,cmalpha_x0.7,22,13,0.23076923076923078,0.23076923076923078,0.6663943529149532,1,True,4,True,0.8181818181818181
J3Cub,engine_stop,ks,cmq_x0.5,22,13,0.23076923076923078,0.3076923076923077,0.7555841475346118,1,True,6,True,0.7272727272727273
J3Cub,engine_stop,regression,clo_+0.1,22,13,0.23076923076923078,0.3076923076923077,0.7567682882728131,1,True,19,True,0.13636363636363635
J3Cub,engine_stop,regression,cmalpha_x0.7,22,13,0.15384615384615385,0.3076923076923077,0.7328140284737094,2,False,17,True,0.2272727272727273
J3Cub,engine_stop,regression,cmq_x0.5,22,13,0.15384615384615385,0.23076923076923078,0.6915691764375975,1,True,18,True,0.18181818181818177
J3Cub,engine_stop,sig_dynamic,clo_+0.1,22,13,0.23076923076923078,0.38461538461538464,0.8074910383733914,1,True,16,True,0.2727272727272727
J3Cub,engine_stop,sig_dynamic,cmalpha_x0.7,22,13,0.15384615384615385,0.3076923076923077,0.7447547676054463,1,True,13,True,0.40909090909090906
J3Cub,engine_stop,sig_dynamic,cmq_x0.5,22,13,0.23076923076923078,0.38461538461538464,0.9323723509958328,1,True,14,True,0.36363636363636365
J3Cub,engine_stop,sig_static,clo_+0.1,22,13,0.23076923076923078,0.38461538461538464,0.8694049540203387,1,True,8,True,0.6363636363636364
J3Cub,engine_stop,sig_static,cmalpha_x0.7,22,13,0.07692307692307693,0.15384615384615385,0.5685419757401182,3,False,10,True,0.5454545454545454
J3Cub,engine_stop,sig_static,cmq_x0.5,22,13,0.23076923076923078,0.38461538461538464,0.8531163281163282,1,True,5,True,0.7727272727272727
J3Cub,flap_extend,envelope,clo_+0.1,22,13,0.07692307692307693,0.23076923076923078,0.49876027758857,3,False,12,True,0.4545454545454546
J3Cub,flap_extend,envelope,cmalpha_x0.7,22,13,0.0,0.07692307692307693,0.4857687521655132,4,False,6,True,0.7272727272727273
J3Cub,flap_extend,envelope,cmq_x0.5,22,13,0.07692307692307693,0.23076923076923078,0.5071691466428307,3,False,9,True,0.5909090909090908
J3Cub,flap_extend,iforest,clo_+0.1,22,13,0.15384615384615385,0.3076923076923077,0.6691656571181459,1,True,0,False,1.0
J3Cub,flap_extend,iforest,cmalpha_x0.7,22,13,0.15384615384615385,0.3076923076923077,0.6513967516170422,1,True,0,False,1.0
J3Cub,flap_extend,iforest,cmq_x0.5,22,13,0.07692307692307693,0.07692307692307693,0.4427896535868672,3,False,0,False,1.0
J3Cub,flap_extend,ks,clo_+0.1,22,13,0.23076923076923078,0.23076923076923078,0.6442822769567234,1,True,14,True,0.36363636363636365
J3Cub,flap_extend,ks,cmalpha_x0.7,22,13,0.07692307692307693,0.07692307692307693,0.48823772381464686,2,False,5,True,0.7727272727272727
J3Cub,flap_extend,ks,cmq_x0.5,22,13,0.23076923076923078,0.38461538461538464,0.7902776710469019,1,True,1,True,0.9545454545454546
J3Cub,flap_extend,regression,clo_+0.1,22,13,0.23076923076923078,0.38461538461538464,0.7675217944448713,1,True,20,True,0.09090909090909094
J3Cub,flap_extend,regression,cmalpha_x0.7,22,13,0.23076923076923078,0.38461538461538464,0.8561257370080899,1,True,18,True,0.18181818181818177
J3Cub,flap_extend,regression,cmq_x0.5,22,13,0.23076923076923078,0.38461538461538464,0.7797354692091536,1,True,11,True,0.5
J3Cub,flap_extend,sig_dynamic,clo_+0.1,22,13,0.23076923076923078,0.23076923076923078,0.6849829994566836,1,True,13,True,0.40909090909090906
J3Cub,flap_extend,sig_dynamic,cmalpha_x0.7,22,13,0.23076923076923078,0.38461538461538464,0.9404017990556451,1,True,18,True,0.18181818181818177
J3Cub,flap_extend,sig_dynamic,cmq_x0.5,22,13,0.15384615384615385,0.3076923076923077,0.6397218880191016,2,False,9,True,0.5909090909090908
J3Cub,flap_extend,sig_static,clo_+0.1,22,13,0.23076923076923078,0.38461538461538464,0.8098803157626686,1,True,13,True,0.40909090909090906
J3Cub,flap_extend,sig_static,cmalpha_x0.7,22,13,0.23076923076923078,0.3076923076923077,0.6984861629598472,1,True,15,True,0.31818181818181823
J3Cub,flap_extend,sig_static,cmq_x0.5,22,13,0.15384615384615385,0.15384615384615385,0.6037471789674694,1,True,9,True,0.5909090909090908
J3Cub,rudder_doublet,envelope,clo_+0.1,22,13,0.23076923076923078,0.3076923076923077,0.8103390199544046,1,True,4,True,0.8181818181818181
J3Cub,rudder_doublet,envelope,cmalpha_x0.7,22,13,0.23076923076923078,0.38461538461538464,0.804802889418274,1,True,10,True,0.5454545454545454
J3Cub,rudder_doublet,envelope,cmq_x0.5,22,13,0.23076923076923078,0.38461538461538464,0.804802889418274,1,True,10,True,0.5454545454545454
J3Cub,rudder_doublet,iforest,clo_+0.1,22,13,0.23076923076923078,0.38461538461538464,0.8907471613353966,1,True,3,True,0.8636363636363636
J3Cub,rudder_doublet,iforest,cmalpha_x0.7,22,13,0.15384615384615385,0.23076923076923078,0.7396601879901474,1,True,4,True,0.8181818181818181
J3Cub,rudder_doublet,iforest,cmq_x0.5,22,13,0.15384615384615385,0.3076923076923077,0.7385819246113363,1,True,0,False,1.0
J3Cub,rudder_doublet,ks,clo_+0.1,22,13,0.23076923076923078,0.38461538461538464,0.9043956043956043,1,True,4,True,0.8181818181818181
J3Cub,rudder_doublet,ks,cmalpha_x0.7,22,13,0.15384615384615385,0.23076923076923078,0.5970292779116309,2,False,3,True,0.8636363636363636
J3Cub,rudder_doublet,ks,cmq_x0.5,22,13,0.23076923076923078,0.3076923076923077,0.707964151233382,1,True,5,True,0.7727272727272727
J3Cub,rudder_doublet,regression,clo_+0.1,22,13,0.23076923076923078,0.38461538461538464,0.8108442640950381,1,True,16,True,0.2727272727272727
J3Cub,rudder_doublet,regression,cmalpha_x0.7,22,13,0.23076923076923078,0.38461538461538464,0.9787545787545788,1,True,10,True,0.5454545454545454
J3Cub,rudder_doublet,regression,cmq_x0.5,22,13,0.23076923076923078,0.38461538461538464,0.9821780783319245,1,True,9,True,0.5909090909090908
J3Cub,rudder_doublet,sig_dynamic,clo_+0.1,22,13,0.23076923076923078,0.3076923076923077,0.8074814074814076,1,True,14,True,0.36363636363636365
J3Cub,rudder_doublet,sig_dynamic,cmalpha_x0.7,22,13,0.23076923076923078,0.3076923076923077,0.7366377172878722,1,True,10,True,0.5454545454545454
J3Cub,rudder_doublet,sig_dynamic,cmq_x0.5,22,13,0.07692307692307693,0.15384615384615385,0.47189825072654307,3,False,9,True,0.5909090909090908
J3Cub,rudder_doublet,sig_static,clo_+0.1,22,13,0.07692307692307693,0.23076923076923078,0.5919825837812263,2,False,13,True,0.40909090909090906
J3Cub,rudder_doublet,sig_static,cmalpha_x0.7,22,13,0.07692307692307693,0.15384615384615385,0.45647596727318085,3,False,9,True,0.5909090909090908
J3Cub,rudder_doublet,sig_static,cmq_x0.5,22,13,0.07692307692307693,0.15384615384615385,0.46623575876374157,3,False,5,True,0.7727272727272727
J3Cub,throttle_step,envelope,clo_+0.1,22,13,0.23076923076923078,0.38461538461538464,0.9500674763832658,1,True,20,True,0.09090909090909094
J3Cub,throttle_step,envelope,cmalpha_x0.7,22,13,0.0,0.07692307692307693,0.5688937696290638,4,False,10,True,0.5454545454545454
J3Cub,throttle_step,envelope,cmq_x0.5,22,13,0.23076923076923078,0.38461538461538464,0.779085469583207,1,True,19,True,0.13636363636363635
J3Cub,throttle_step,iforest,clo_+0.1,22,13,0.23076923076923078,0.38461538461538464,0.8334613654451712,1,True,22,True,0.0
J3Cub,throttle_step,iforest,cmalpha_x0.7,22,13,0.23076923076923078,0.38461538461538464,0.8443540377750905,1,True,9,True,0.5909090909090908
J3Cub,throttle_step,iforest,cmq_x0.5,22,13,0.23076923076923078,0.38461538461538464,0.7795547338533765,1,True,18,True,0.18181818181818177
J3Cub,throttle_step,ks,clo_+0.1,22,13,0.23076923076923078,0.38461538461538464,0.8445868799375587,1,True,4,True,0.8181818181818181
J3Cub,throttle_step,ks,cmalpha_x0.7,22,13,0.23076923076923078,0.38461538461538464,0.848688659518619,1,True,5,True,0.7727272727272727
J3Cub,throttle_step,ks,cmq_x0.5,22,13,0.23076923076923078,0.38461538461538464,0.8408218415571356,1,True,8,True,0.6363636363636364
J3Cub,throttle_step,regression,clo_+0.1,22,13,0.23076923076923078,0.38461538461538464,0.8039135010288857,1,True,18,True,0.18181818181818177
J3Cub,throttle_step,regression,cmalpha_x0.7,22,13,0.23076923076923078,0.38461538461538464,0.9109096032172956,1,True,18,True,0.18181818181818177
J3Cub,throttle_step,regression,cmq_x0.5,22,13,0.23076923076923078,0.38461538461538464,0.8672117356327883,1,True,17,True,0.2272727272727273
J3Cub,throttle_step,sig_dynamic,clo_+0.1,22,13,0.23076923076923078,0.3076923076923077,0.6607932288927765,1,True,17,True,0.2272727272727273
J3Cub,throttle_step,sig_dynamic,cmalpha_x0.7,22,13,0.15384615384615385,0.23076923076923078,0.6681219365429892,1,True,12,True,0.4545454545454546
J3Cub,throttle_step,sig_dynamic,cmq_x0.5,22,13,0.15384615384615385,0.3076923076923077,0.7756535131535132,1,True,13,True,0.40909090909090906
J3Cub,throttle_step,sig_static,clo_+0.1,22,13,0.23076923076923078,0.23076923076923078,0.6070753678725814,1,True,6,True,0.7272727272727273
J3Cub,throttle_step,sig_static,cmalpha_x0.7,22,13,0.23076923076923078,0.38461538461538464,0.8936371320986706,1,True,6,True,0.7272727272727273
J3Cub,throttle_step,sig_static,cmq_x0.5,22,13,0.23076923076923078,0.3076923076923077,0.7575812008504317,1,True,3,True,0.8636363636363636
MD11,aileron_step,envelope,clo_+0.1,22,13,0.23076923076923078,0.23076923076923078,0.6544304621049084,1,True,11,True,0.5
MD11,aileron_step,envelope,cmalpha_x0.7,22,13,0.15384615384615385,0.23076923076923078,0.7259892068715599,1,True,4,True,0.8181818181818181
MD11,aileron_step,envelope,cmq_x0.5,22,13,0.23076923076923078,0.38461538461538464,0.835114733444693,1,True,2,True,0.9090909090909091
MD11,aileron_step,envelope,inertia_x1.6,22,22,0.13636363636363635,0.22727272727272727,1.0,1,True,2,True,0.9090909090909091
MD11,aileron_step,iforest,clo_+0.1,22,13,0.23076923076923078,0.3076923076923077,0.876424666201994,1,True,22,True,0.0
MD11,aileron_step,iforest,cmalpha_x0.7,22,13,0.23076923076923078,0.3076923076923077,0.8617392841077052,1,True,22,True,0.0
MD11,aileron_step,iforest,cmq_x0.5,22,13,0.15384615384615385,0.23076923076923078,0.599790549082047,2,False,2,True,0.9090909090909091
MD11,aileron_step,iforest,inertia_x1.6,22,22,0.13636363636363635,0.22727272727272727,1.0,1,True,2,True,0.9090909090909091
MD11,aileron_step,ks,clo_+0.1,22,13,0.23076923076923078,0.38461538461538464,0.8197657004158554,1,True,5,True,0.7727272727272727
MD11,aileron_step,ks,cmalpha_x0.7,22,13,0.23076923076923078,0.38461538461538464,0.8012639407376251,1,True,1,True,0.9545454545454546
MD11,aileron_step,ks,cmq_x0.5,22,13,0.23076923076923078,0.38461538461538464,0.7759892154628998,1,True,0,False,1.0
MD11,aileron_step,ks,inertia_x1.6,22,22,0.13636363636363635,0.22727272727272727,1.0,1,True,2,True,0.9090909090909091
MD11,aileron_step,regression,clo_+0.1,22,13,0.23076923076923078,0.38461538461538464,0.8368572603866722,1,True,19,True,0.13636363636363635
MD11,aileron_step,regression,cmalpha_x0.7,22,13,0.23076923076923078,0.38461538461538464,0.8220149131913839,1,True,5,True,0.7727272727272727
MD11,aileron_step,regression,cmq_x0.5,22,13,0.23076923076923078,0.38461538461538464,0.8260502655239499,1,True,4,True,0.8181818181818181
MD11,aileron_step,regression,inertia_x1.6,22,22,0.13636363636363635,0.22727272727272727,1.0,1,True,6,True,0.7272727272727273
MD11,aileron_step,sig_dynamic,clo_+0.1,22,13,0.23076923076923078,0.38461538461538464,0.7987269101462958,1,True,9,True,0.5909090909090908
MD11,aileron_step,sig_dynamic,cmalpha_x0.7,22,13,0.23076923076923078,0.3076923076923077,0.8218373387878033,1,True,7,True,0.6818181818181819
MD11,aileron_step,sig_dynamic,cmq_x0.5,22,13,0.23076923076923078,0.38461538461538464,0.9368732574614926,1,True,0,False,1.0
MD11,aileron_step,sig_dynamic,inertia_x1.6,22,22,0.13636363636363635,0.22727272727272727,1.0,1,True,1,True,0.9545454545454546
MD11,aileron_step,sig_static,clo_+0.1,22,13,0.23076923076923078,0.23076923076923078,0.6709760268970796,1,True,10,True,0.5454545454545454
MD11,aileron_step,sig_static,cmalpha_x0.7,22,13,0.23076923076923078,0.38461538461538464,0.836044511044511,1,True,7,True,0.6818181818181819
MD11,aileron_step,sig_static,cmq_x0.5,22,13,0.23076923076923078,0.38461538461538464,0.8215406325700443,1,True,1,True,0.9545454545454546
MD11,aileron_step,sig_static,inertia_x1.6,22,22,0.13636363636363635,0.22727272727272727,1.0,1,True,1,True,0.9545454545454546
MD11,bank_hold,envelope,clo_+0.1,22,13,0.23076923076923078,0.3076923076923077,0.7238142834118068,1,True,13,True,0.40909090909090906
MD11,bank_hold,envelope,cmalpha_x0.7,22,13,0.15384615384615385,0.23076923076923078,0.6440335249545777,1,True,2,True,0.9090909090909091
MD11,bank_hold,envelope,cmq_x0.5,22,13,0.23076923076923078,0.3076923076923077,0.7535068131043364,1,True,2,True,0.9090909090909091
MD11,bank_hold,envelope,inertia_x1.6,22,22,0.13636363636363635,0.22727272727272727,1.0,1,True,2,True,0.9090909090909091
MD11,bank_hold,iforest,clo_+0.1,22,13,0.23076923076923078,0.38461538461538464,0.9057704613134477,1,True,22,True,0.0
MD11,bank_hold,iforest,cmalpha_x0.7,22,13,0.23076923076923078,0.38461538461538464,0.9568376068376067,1,True,22,True,0.0
MD11,bank_hold,iforest,cmq_x0.5,22,13,0.15384615384615385,0.3076923076923077,0.7311223913420866,1,True,0,False,1.0
MD11,bank_hold,iforest,inertia_x1.6,22,22,0.13636363636363635,0.22727272727272727,1.0,1,True,0,False,1.0
MD11,bank_hold,ks,clo_+0.1,22,13,0.23076923076923078,0.38461538461538464,0.8161612896907015,1,True,3,True,0.8636363636363636
MD11,bank_hold,ks,cmalpha_x0.7,22,13,0.23076923076923078,0.38461538461538464,0.7420570528542665,1,True,0,False,1.0
MD11,bank_hold,ks,cmq_x0.5,22,13,0.23076923076923078,0.38461538461538464,0.7645118039854883,1,True,1,True,0.9545454545454546
MD11,bank_hold,ks,inertia_x1.6,22,22,0.13636363636363635,0.22727272727272727,1.0,1,True,1,True,0.9545454545454546
MD11,bank_hold,regression,clo_+0.1,22,13,0.23076923076923078,0.38461538461538464,0.8038667472877999,1,True,16,True,0.2727272727272727
MD11,bank_hold,regression,cmalpha_x0.7,22,13,0.23076923076923078,0.38461538461538464,0.707405411132489,1,True,5,True,0.7727272727272727
MD11,bank_hold,regression,cmq_x0.5,22,13,0.23076923076923078,0.38461538461538464,0.8026539636833755,1,True,5,True,0.7727272727272727
MD11,bank_hold,regression,inertia_x1.6,22,22,0.13636363636363635,0.22727272727272727,1.0,1,True,2,True,0.9090909090909091
MD11,bank_hold,sig_dynamic,clo_+0.1,22,13,0.23076923076923078,0.3076923076923077,0.66027117282178,1,True,8,True,0.6363636363636364
MD11,bank_hold,sig_dynamic,cmalpha_x0.7,22,13,0.23076923076923078,0.38461538461538464,0.8003645863939982,1,True,4,True,0.8181818181818181
MD11,bank_hold,sig_dynamic,cmq_x0.5,22,13,0.23076923076923078,0.38461538461538464,0.7658396428133272,1,True,0,False,1.0
MD11,bank_hold,sig_dynamic,inertia_x1.6,22,22,0.13636363636363635,0.22727272727272727,1.0,1,True,1,True,0.9545454545454546
MD11,bank_hold,sig_static,clo_+0.1,22,13,0.15384615384615385,0.15384615384615385,0.5802855898831131,1,True,7,True,0.6818181818181819
MD11,bank_hold,sig_static,cmalpha_x0.7,22,13,0.23076923076923078,0.3076923076923077,0.7794178044178044,1,True,9,True,0.5909090909090908
MD11,bank_hold,sig_static,cmq_x0.5,22,13,0.23076923076923078,0.3076923076923077,0.6958838804814037,1,True,0,False,1.0
MD11,bank_hold,sig_static,inertia_x1.6,22,22,0.13636363636363635,0.22727272727272727,1.0,1,True,1,True,0.9545454545454546
MD11,climbing_turn,envelope,clo_+0.1,22,13,0.15384615384615385,0.15384615384615385,0.6048682424188496,1,True,12,True,0.4545454545454546
MD11,climbing_turn,envelope,cmalpha_x0.7,22,13,0.23076923076923078,0.38461538461538464,0.9787545787545788,1,True,19,True,0.13636363636363635
MD11,climbing_turn,envelope,cmq_x0.5,22,13,0.23076923076923078,0.38461538461538464,0.7724372119108962,1,True,9,True,0.5909090909090908
MD11,climbing_turn,envelope,inertia_x1.6,22,22,0.13636363636363635,0.22727272727272727,1.0,1,True,10,True,0.5454545454545454
MD11,climbing_turn,iforest,clo_+0.1,22,13,0.07692307692307693,0.15384615384615385,0.5359840974034829,2,False,22,True,0.0
MD11,climbing_turn,iforest,cmalpha_x0.7,22,13,0.23076923076923078,0.3076923076923077,0.7973717746491025,1,True,22,True,0.0
MD11,climbing_turn,iforest,cmq_x0.5,22,13,0.15384615384615385,0.3076923076923077,0.7187667982172626,1,True,0,False,1.0
MD11,climbing_turn,iforest,inertia_x1.6,22,22,0.13636363636363635,0.22727272727272727,1.0,1,True,0,False,1.0
MD11,climbing_turn,ks,clo_+0.1,22,13,0.23076923076923078,0.3076923076923077,0.8119862593546805,1,True,7,True,0.6818181818181819
MD11,climbing_turn,ks,cmalpha_x0.7,22,13,0.23076923076923078,0.38461538461538464,0.9786324786324786,1,True,13,True,0.40909090909090906
MD11,climbing_turn,ks,cmq_x0.5,22,13,0.23076923076923078,0.3076923076923077,0.8280802530802531,1,True,7,True,0.6818181818181819
MD11,climbing_turn,ks,inertia_x1.6,22,22,0.13636363636363635,0.22727272727272727,1.0,1,True,5,True,0.7727272727272727
MD11,climbing_turn,regression,clo_+0.1,22,13,0.23076923076923078,0.38461538461538464,0.8462481962481962,1,True,15,True,0.31818181818181823
MD11,climbing_turn,regression,cmalpha_x0.7,22,13,0.23076923076923078,0.38461538461538464,1.0,1,True,21,True,0.045454545454545414
MD11,climbing_turn,regression,cmq_x0.5,22,13,0.23076923076923078,0.38461538461538464,0.9355644355644356,1,True,9,True,0.5909090909090908
MD11,climbing_turn,regression,inertia_x1.6,22,22,0.13636363636363635,0.22727272727272727,1.0,1,True,15,True,0.31818181818181823
MD11,climbing_turn,sig_dynamic,clo_+0.1,22,13,0.23076923076923078,0.38461538461538464,0.8726950624723904,1,True,7,True,0.6818181818181819
MD11,climbing_turn,sig_dynamic,cmalpha_x0.7,22,13,0.23076923076923078,0.38461538461538464,1.0,1,True,16,True,0.2727272727272727
MD11,climbing_turn,sig_dynamic,cmq_x0.5,22,13,0.07692307692307693,0.15384615384615385,0.5655698962200509,1,True,1,True,0.9545454545454546
MD11,climbing_turn,sig_dynamic,inertia_x1.6,22,22,0.13636363636363635,0.22727272727272727,1.0,1,True,7,True,0.6818181818181819
MD11,climbing_turn,sig_static,clo_+0.1,22,13,0.23076923076923078,0.38461538461538464,0.9087579087579086,1,True,9,True,0.5909090909090908
MD11,climbing_turn,sig_static,cmalpha_x0.7,22,13,0.23076923076923078,0.38461538461538464,0.9253089016246909,1,True,9,True,0.5909090909090908
MD11,climbing_turn,sig_static,cmq_x0.5,22,13,0.15384615384615385,0.23076923076923078,0.5604941712913848,1,True,1,True,0.9545454545454546
MD11,climbing_turn,sig_static,inertia_x1.6,22,22,0.13636363636363635,0.22727272727272727,1.0,1,True,0,False,1.0
MD11,cruise,envelope,clo_+0.1,22,13,0.07692307692307693,0.15384615384615385,0.5054355844335601,3,False,15,True,0.31818181818181823
MD11,cruise,envelope,cmalpha_x0.7,22,13,0.0,0.07692307692307693,0.4602141392121149,5,False,11,True,0.5
MD11,cruise,envelope,cmq_x0.5,22,13,0.23076923076923078,0.38461538461538464,0.7375483434693961,1,True,10,True,0.5454545454545454
MD11,cruise,envelope,inertia_x1.6,22,22,0.13636363636363635,0.22727272727272727,1.0,1,True,7,True,0.6818181818181819
MD11,cruise,iforest,clo_+0.1,22,13,0.07692307692307693,0.23076923076923078,0.5751274703703854,2,False,22,True,0.0
MD11,cruise,iforest,cmalpha_x0.7,22,13,0.0,0.07692307692307693,0.5080639783068933,4,False,22,True,0.0
MD11,cruise,iforest,cmq_x0.5,22,13,0.15384615384615385,0.3076923076923077,0.7337240631745275,1,True,0,False,1.0
MD11,cruise,iforest,inertia_x1.6,22,22,0.13636363636363635,0.22727272727272727,1.0,1,True,0,False,1.0
MD11,cruise,ks,clo_+0.1,22,13,0.07692307692307693,0.07692307692307693,0.5212163455078435,2,False,12,True,0.4545454545454546
MD11,cruise,ks,cmalpha_x0.7,22,13,0.0,0.0,0.4751427940163353,7,False,7,True,0.6818181818181819
MD11,cruise,ks,cmq_x0.5,22,13,0.23076923076923078,0.3076923076923077,0.7457926186432975,1,True,6,True,0.7272727272727273
MD11,cruise,ks,inertia_x1.6,22,22,0.13636363636363635,0.22727272727272727,1.0,1,True,5,True,0.7727272727272727
MD11,cruise,regression,clo_+0.1,22,13,0.23076923076923078,0.38461538461538464,0.8389542332981246,1,True,18,True,0.18181818181818177
MD11,cruise,regression,cmalpha_x0.7,22,13,0.23076923076923078,0.38461538461538464,0.7841837649529958,1,True,16,True,0.2727272727272727
MD11,cruise,regression,cmq_x0.5,22,13,0.15384615384615385,0.3076923076923077,0.6393098001070138,1,True,2,True,0.9090909090909091
MD11,cruise,regression,inertia_x1.6,22,22,0.13636363636363635,0.22727272727272727,1.0,1,True,2,True,0.9090909090909091
MD11,cruise,sig_dynamic,clo_+0.1,22,13,0.15384615384615385,0.3076923076923077,0.6466934044363194,2,False,7,True,0.6818181818181819
MD11,cruise,sig_dynamic,cmalpha_x0.7,22,13,0.23076923076923078,0.38461538461538464,0.8582514651340563,1,True,6,True,0.7272727272727273
MD11,cruise,sig_dynamic,cmq_x0.5,22,13,0.15384615384615385,0.3076923076923077,0.6559077618288144,1,True,2,True,0.9090909090909091
MD11,cruise,sig_dynamic,inertia_x1.6,22,22,0.13636363636363635,0.22727272727272727,1.0,1,True,1,True,0.9545454545454546
MD11,cruise,sig_static,clo_+0.1,22,13,0.15384615384615385,0.3076923076923077,0.6528747231176382,2,False,4,True,0.8181818181818181
MD11,cruise,sig_static,cmalpha_x0.7,22,13,0.23076923076923078,0.38461538461538464,0.8582514651340563,1,True,5,True,0.7727272727272727
MD11,cruise,sig_static,cmq_x0.5,22,13,0.15384615384615385,0.3076923076923077,0.65752324036737,1,True,2,True,0.9090909090909091
MD11,cruise,sig_static,inertia_x1.6,22,22,0.13636363636363635,0.22727272727272727,1.0,1,True,0,False,1.0
MD11,elev_doublet,envelope,clo_+0.1,22,13,0.07692307692307693,0.23076923076923078,0.5164024958529602,3,False,13,True,0.40909090909090906
MD11,elev_doublet,envelope,cmalpha_x0.7,22,13,0.07692307692307693,0.23076923076923078,0.5607932288927764,1,True,10,True,0.5454545454545454
MD11,elev_doublet,envelope,cmq_x0.5,22,13,0.23076923076923078,0.3076923076923077,0.777104117601855,1,True,3,True,0.8636363636363636
MD11,elev_doublet,envelope,inertia_x1.6,22,22,0.13636363636363635,0.22727272727272727,1.0,1,True,8,True,0.6363636363636364
MD11,elev_doublet,iforest,clo_+0.1,22,13,0.15384615384615385,0.23076923076923078,0.7237914046737577,1,True,22,True,0.0
MD11,elev_doublet,iforest,cmalpha_x0.7,22,13,0.15384615384615385,0.3076923076923077,0.7695063708221602,2,False,22,True,0.0
MD11,elev_doublet,iforest,cmq_x0.5,22,13,0.07692307692307693,0.15384615384615385,0.5708554517378046,2,False,0,False,1.0
MD11,elev_doublet,iforest,inertia_x1.6,22,22,0.13636363636363635,0.22727272727272727,1.0,1,True,0,False,1.0
MD11,elev_doublet,ks,clo_+0.1,22,13,0.15384615384615385,0.23076923076923078,0.6672208768184,1,True,5,True,0.7727272727272727
MD11,elev_doublet,ks,cmalpha_x0.7,22,13,0.15384615384615385,0.23076923076923078,0.6517446863422097,1,True,7,True,0.6818181818181819
MD11,elev_doublet,ks,cmq_x0.5,22,13,0.07692307692307693,0.15384615384615385,0.5265177467606617,3,False,3,False,0.8636363636363636
MD11,elev_doublet,ks,inertia_x1.6,22,22,0.13636363636363635,0.22727272727272727,1.0,1,True,5,True,0.7727272727272727
MD11,elev_doublet,regression,clo_+0.1,22,13,0.0,0.15384615384615385,0.5545239424913156,4,False,19,True,0.13636363636363635
MD11,elev_doublet,regression,cmalpha_x0.7,22,13,0.15384615384615385,0.23076923076923078,0.581150467179879,2,False,17,True,0.2272727272727273
MD11,elev_doublet,regression,cmq_x0.5,22,13,0.15384615384615385,0.23076923076923078,0.603190035864482,1,True,3,True,0.8636363636363636
MD11,elev_doublet,regression,inertia_x1.6,22,22,0.13636363636363635,0.22727272727272727,1.0,1,True,5,True,0.7727272727272727
MD11,elev_doublet,sig_dynamic,clo_+0.1,22,13,0.15384615384615385,0.15384615384615385,0.6454802163780493,1,True,14,True,0.36363636363636365
MD11,elev_doublet,sig_dynamic,cmalpha_x0.7,22,13,0.07692307692307693,0.23076923076923078,0.6996136342290188,1,True,17,True,0.2272727272727273
MD11,elev_doublet,sig_dynamic,cmq_x0.5,22,13,0.15384615384615385,0.23076923076923078,0.7154380363358691,1,True,1,False,0.9545454545454546
MD11,elev_doublet,sig_dynamic,inertia_x1.6,22,22,0.13636363636363635,0.22727272727272727,1.0,1,True,3,True,0.8636363636363636
MD11,elev_doublet,sig_static,clo_+0.1,22,13,0.23076923076923078,0.23076923076923078,0.7232347717641835,1,True,15,True,0.31818181818181823
MD11,elev_doublet,sig_static,cmalpha_x0.7,22,13,0.15384615384615385,0.23076923076923078,0.6044139872194171,2,False,10,True,0.5454545454545454
MD11,elev_doublet,sig_static,cmq_x0.5,22,13,0.15384615384615385,0.23076923076923078,0.6246821805645335,2,False,0,False,1.0
MD11,elev_doublet,sig_static,inertia_x1.6,22,22,0.13636363636363635,0.22727272727272727,1.0,1,True,0,False,1.0
MD11,elev_doublet_distractor,envelope,clo_+0.1,22,13,0.23076923076923078,0.23076923076923078,0.6138842264348336,1,True,14,True,0.36363636363636365
MD11,elev_doublet_distractor,envelope,cmalpha_x0.7,22,13,0.07692307692307693,0.15384615384615385,0.4810690024431391,3,False,13,True,0.40909090909090906
MD11,elev_doublet_distractor,envelope,cmq_x0.5,22,13,0.15384615384615385,0.15384615384615385,0.6036636377699726,1,True,5,True,0.7727272727272727
MD11,elev_doublet_distractor,envelope,inertia_x1.6,22,22,0.13636363636363635,0.22727272727272727,1.0,1,True,9,True,0.5909090909090908
MD11,elev_doublet_distractor,iforest,clo_+0.1,22,13,0.23076923076923078,0.23076923076923078,0.6159438498179864,1,True,22,True,0.0
MD11,elev_doublet_distractor,iforest,cmalpha_x0.7,22,13,0.15384615384615385,0.23076923076923078,0.5782708390680527,1,True,22,True,0.0
MD11,elev_doublet_distractor,iforest,cmq_x0.5,22,13,0.07692307692307693,0.15384615384615385,0.48563871628887106,3,False,0,False,1.0
MD11,elev_doublet_distractor,iforest,inertia_x1.6,22,22,0.13636363636363635,0.22727272727272727,1.0,1,True,0,False,1.0
MD11,elev_doublet_distractor,ks,clo_+0.1,22,13,0.23076923076923078,0.23076923076923078,0.706637480166892,1,True,7,True,0.6818181818181819
MD11,elev_doublet_distractor,ks,cmalpha_x0.7,22,13,0.07692307692307693,0.23076923076923078,0.5391431555399167,3,False,4,True,0.8181818181818181
MD11,elev_doublet_distractor,ks,cmq_x0.5,22,13,0.23076923076923078,0.3076923076923077,0.7349759552188703,1,True,0,False,1.0
MD11,elev_doublet_distractor,ks,inertia_x1.6,22,22,0.13636363636363635,0.22727272727272727,1.0,1,True,3,True,0.8636363636363636
MD11,elev_doublet_distractor,regression,clo_+0.1,22,13,0.23076923076923078,0.38461538461538464,0.8409063159063159,1,True,13,True,0.40909090909090906
MD11,elev_doublet_distractor,regression,cmalpha_x0.7,22,13,0.23076923076923078,0.38461538461538464,0.9249455672532595,1,True,7,True,0.6818181818181819
MD11,elev_doublet_distractor,regression,cmq_x0.5,22,13,0.15384615384615385,0.3076923076923077,0.6069380052352188,2,False,3,False,0.8636363636363636
MD11,elev_doublet_distractor,regression,inertia_x1.6,22,22,0.13636363636363635,0.22727272727272727,1.0,1,True,5,True,0.7727272727272727
MD11,elev_doublet_distractor,sig_dynamic,clo_+0.1,22,13,0.0,0.15384615384615385,0.5372265892002733,4,False,10,True,0.5454545454545454
MD11,elev_doublet_distractor,sig_dynamic,cmalpha_x0.7,22,13,0.23076923076923078,0.38461538461538464,0.8106656501393346,1,True,11,True,0.5
MD11,elev_doublet_distractor,sig_dynamic,cmq_x0.5,22,13,0.23076923076923078,0.38461538461538464,0.8399177745331592,1,True,1,True,0.9545454545454546
MD11,elev_doublet_distractor,sig_dynamic,inertia_x1.6,22,22,0.13636363636363635,0.22727272727272727,1.0,1,True,5,True,0.7727272727272727
MD11,elev_doublet_distractor,sig_static,clo_+0.1,22,13,0.23076923076923078,0.23076923076923078,0.7315765682281519,1,True,12,True,0.4545454545454546
MD11,elev_doublet_distractor,sig_static,cmalpha_x0.7,22,13,0.23076923076923078,0.3076923076923077,0.7667152292152294,1,True,15,True,0.31818181818181823
MD11,elev_doublet_distractor,sig_static,cmq_x0.5,22,13,0.23076923076923078,0.38461538461538464,0.8615577348876945,1,True,1,True,0.9545454545454546
MD11,elev_doublet_distractor,sig_static,inertia_x1.6,22,22,0.13636363636363635,0.22727272727272727,1.0,1,True,3,True,0.8636363636363636
MD11,elev_step,envelope,clo_+0.1,22,13,0.23076923076923078,0.23076923076923078,0.6562600427806429,1,True,16,True,0.2727272727272727
MD11,elev_step,envelope,cmalpha_x0.7,22,13,0.23076923076923078,0.38461538461538464,0.7576637672612905,1,True,16,True,0.2727272727272727
MD11,elev_step,envelope,cmq_x0.5,22,13,0.23076923076923078,0.3076923076923077,0.7126052310262836,1,True,18,True,0.18181818181818177
MD11,elev_step,envelope,inertia_x1.6,22,22,0.13636363636363635,0.22727272727272727,1.0,1,True,11,True,0.5
MD11,elev_step,iforest,clo_+0.1,22,13,0.07692307692307693,0.23076923076923078,0.5327835193041194,3,False,22,True,0.0
MD11,elev_step,iforest,cmalpha_x0.7,22,13,0.23076923076923078,0.3076923076923077,0.8164615299230683,1,True,22,True,0.0
MD11,elev_step,iforest,cmq_x0.5,22,13,0.15384615384615385,0.23076923076923078,0.6841847136351782,1,True,3,True,0.8636363636363636
MD11,elev_step,iforest,inertia_x1.6,22,22,0.13636363636363635,0.22727272727272727,1.0,1,True,2,True,0.9090909090909091
MD11,elev_step,ks,clo_+0.1,22,13,0.07692307692307693,0.23076923076923078,0.5901998586209112,3,False,19,True,0.13636363636363635
MD11,elev_step,ks,cmalpha_x0.7,22,13,0.07692307692307693,0.15384615384615385,0.5395342472086935,1,True,14,True,0.36363636363636365
MD11,elev_step,ks,cmq_x0.5,22,13,0.23076923076923078,0.38461538461538464,0.8875616716114453,1,True,4,True,0.8181818181818181
MD11,elev_step,ks,inertia_x1.6,22,22,0.13636363636363635,0.22727272727272727,1.0,1,True,8,True,0.6363636363636364
MD11,elev_step,regression,clo_+0.1,22,13,0.23076923076923078,0.38461538461538464,0.9838264299802761,1,True,17,True,0.2272727272727273
MD11,elev_step,regression,cmalpha_x0.7,22,13,0.23076923076923078,0.38461538461538464,1.0,1,True,21,True,0.045454545454545414
MD11,elev_step,regression,cmq_x0.5,22,13,0.23076923076923078,0.38461538461538464,1.0,1,True,10,True,0.5454545454545454
MD11,elev_step,regression,inertia_x1.6,22,22,0.13636363636363635,0.22727272727272727,1.0,1,True,12,True,0.4545454545454546
MD11,elev_step,sig_dynamic,clo_+0.1,22,13,0.15384615384615385,0.23076923076923078,0.7042509777803895,1,True,16,True,0.2727272727272727
MD11,elev_step,sig_dynamic,cmalpha_x0.7,22,13,0.15384615384615385,0.23076923076923078,0.6606688748657075,2,False,19,True,0.13636363636363635
MD11,elev_step,sig_dynamic,cmq_x0.5,22,13,0.15384615384615385,0.3076923076923077,0.7299943646097492,2,False,15,True,0.31818181818181823
MD11,elev_step,sig_dynamic,inertia_x1.6,22,22,0.13636363636363635,0.22727272727272727,1.0,1,True,15,True,0.31818181818181823
MD11,elev_step,sig_static,clo_+0.1,22,13,0.07692307692307693,0.15384615384615385,0.6056100887548851,2,False,18,True,0.18181818181818177
MD11,elev_step,sig_static,cmalpha_x0.7,22,13,0.07692307692307693,0.15384615384615385,0.6090287718949307,2,False,11,True,0.5
MD11,elev_step,sig_static,cmq_x0.5,22,13,0.23076923076923078,0.23076923076923078,0.7271306093287516,1,True,10,True,0.5454545454545454
MD11,elev_step,sig_static,inertia_x1.6,22,22,0.13636363636363635,0.22727272727272727,1.0,1,True,13,True,0.40909090909090906
MD11,engine_cut,envelope,clo_+0.1,22,13,0.23076923076923078,0.23076923076923078,0.6760155323890735,1,True,15,True,0.31818181818181823
MD11,engine_cut,envelope,cmalpha_x0.7,22,13,0.23076923076923078,0.3076923076923077,0.9156870906870906,1,True,7,True,0.6818181818181819
MD11,engine_cut,envelope,cmq_x0.5,22,13,0.23076923076923078,0.3076923076923077,0.9101362312900775,1,True,8,True,0.6363636363636364
MD11,engine_cut,envelope,inertia_x1.6,22,22,0.13636363636363635,0.22727272727272727,1.0,1,True,6,True,0.7272727272727273
MD11,engine_cut,iforest,clo_+0.1,22,13,0.23076923076923078,0.38461538461538464,0.8739817372170312,1,True,22,True,0.0
MD11,engine_cut,iforest,cmalpha_x0.7,22,13,0.23076923076923078,0.38461538461538464,0.8935679202647528,1,True,22,True,0.0
MD11,engine_cut,iforest,cmq_x0.5,22,13,0.07692307692307693,0.23076923076923078,0.6094695783431197,1,True,0,False,1.0
MD11,engine_cut,iforest,inertia_x1.6,22,22,0.13636363636363635,0.22727272727272727,1.0,1,True,0,False,1.0
MD11,engine_cut,ks,clo_+0.1,22,13,0.23076923076923078,0.38461538461538464,0.7809477852464279,1,True,10,True,0.5454545454545454
MD11,engine_cut,ks,cmalpha_x0.7,22,13,0.23076923076923078,0.38461538461538464,0.7468647451619588,1,True,5,True,0.7727272727272727
MD11,engine_cut,ks,cmq_x0.5,22,13,0.23076923076923078,0.38461538461538464,0.7757108990081127,1,True,3,True,0.8636363636363636
MD11,engine_cut,ks,inertia_x1.6,22,22,0.13636363636363635,0.22727272727272727,1.0,1,True,3,True,0.8636363636363636
MD11,engine_cut,regression,clo_+0.1,22,13,0.23076923076923078,0.38461538461538464,0.7818037612542258,1,True,20,True,0.09090909090909094
MD11,engine_cut,regression,cmalpha_x0.7,22,13,0.23076923076923078,0.38461538461538464,0.962614308768155,1,True,10,True,0.5454545454545454
MD11,engine_cut,regression,cmq_x0.5,22,13,0.23076923076923078,0.38461538461538464,0.8260502655239499,1,True,8,True,0.6363636363636364
MD11,engine_cut,regression,inertia_x1.6,22,22,0.13636363636363635,0.22727272727272727,1.0,1,True,7,True,0.6818181818181819
MD11,engine_cut,sig_dynamic,clo_+0.1,22,13,0.23076923076923078,0.38461538461538464,0.8174513520667367,1,True,15,True,0.31818181818181823
MD11,engine_cut,sig_dynamic,cmalpha_x0.7,22,13,0.23076923076923078,0.38461538461538464,1.0,1,True,11,True,0.5
MD11,engine_cut,sig_dynamic,cmq_x0.5,22,13,0.23076923076923078,0.38461538461538464,0.82471470275114,1,True,3,True,0.8636363636363636
MD11,engine_cut,sig_dynamic,inertia_x1.6,22,22,0.13636363636363635,0.22727272727272727,1.0,1,True,3,True,0.8636363636363636
MD11,engine_cut,sig_static,clo_+0.1,22,13,0.23076923076923078,0.38461538461538464,0.8146419756713874,1,True,13,True,0.40909090909090906
MD11,engine_cut,sig_static,cmalpha_x0.7,22,13,0.23076923076923078,0.38461538461538464,1.0,1,True,11,True,0.5
MD11,engine_cut,sig_static,cmq_x0.5,22,13,0.23076923076923078,0.38461538461538464,0.8527750027750028,1,True,3,True,0.8636363636363636
MD11,engine_cut,sig_static,inertia_x1.6,22,22,0.13636363636363635,0.22727272727272727,1.0,1,True,4,True,0.8181818181818181
MD11,engine_restart,envelope,clo_+0.1,22,13,0.23076923076923078,0.3076923076923077,0.6722041116777959,1,True,17,True,0.2272727272727273
MD11,engine_restart,envelope,cmalpha_x0.7,22,13,0.23076923076923078,0.38461538461538464,0.7620919301914777,1,True,9,True,0.5909090909090908
MD11,engine_restart,envelope,cmq_x0.5,22,13,0.23076923076923078,0.38461538461538464,0.7865059776824483,1,True,6,True,0.7272727272727273
MD11,engine_restart,envelope,inertia_x1.6,22,22,0.13636363636363635,0.22727272727272727,1.0,1,True,5,True,0.7727272727272727
MD11,engine_restart,iforest,clo_+0.1,22,13,0.23076923076923078,0.23076923076923078,0.7278923000076846,1,True,22,True,0.0
MD11,engine_restart,iforest,cmalpha_x0.7,22,13,0.15384615384615385,0.23076923076923078,0.719669031320615,1,True,22,True,0.0
MD11,engine_restart,iforest,cmq_x0.5,22,13,0.15384615384615385,0.23076923076923078,0.5684659294953411,2,False,0,False,1.0
MD11,engine_restart,iforest,inertia_x1.6,22,22,0.13636363636363635,0.22727272727272727,1.0,1,True,0,False,1.0
MD11,engine_restart,ks,clo_+0.1,22,13,0.23076923076923078,0.3076923076923077,0.8082972582972583,1,True,16,True,0.2727272727272727
MD11,engine_restart,ks,cmalpha_x0.7,22,13,0.23076923076923078,0.38461538461538464,0.8320942945942946,1,True,9,True,0.5909090909090908
MD11,engine_restart,ks,cmq_x0.5,22,13,0.23076923076923078,0.38461538461538464,0.9838264299802761,1,True,8,True,0.6363636363636364
MD11,engine_restart,ks,inertia_x1.6,22,22,0.13636363636363635,0.22727272727272727,1.0,1,True,5,True,0.7727272727272727
MD11,engine_restart,regression,clo_+0.1,22,13,0.23076923076923078,0.23076923076923078,0.7073669919823765,1,True,18,True,0.18181818181818177
MD11,engine_restart,regression,cmalpha_x0.7,22,13,0.23076923076923078,0.38461538461538464,0.9385930309007231,1,True,15,True,0.31818181818181823
MD11,engine_restart,regression,cmq_x0.5,22,13,0.23076923076923078,0.38461538461538464,0.9355644355644356,1,True,9,True,0.5909090909090908
MD11,engine_restart,regression,inertia_x1.6,22,22,0.13636363636363635,0.22727272727272727,1.0,1,True,6,True,0.7272727272727273
MD11,engine_restart,sig_dynamic,clo_+0.1,22,13,0.23076923076923078,0.38461538461538464,0.9020550527903469,1,True,17,True,0.2272727272727273
MD11,engine_restart,sig_dynamic,cmalpha_x0.7,22,13,0.23076923076923078,0.38461538461538464,0.9745879120879122,1,True,18,True,0.18181818181818177
MD11,engine_restart,sig_dynamic,cmq_x0.5,22,13,0.23076923076923078,0.38461538461538464,0.8260502655239499,1,True,10,True,0.5454545454545454
MD11,engine_restart,sig_dynamic,inertia_x1.6,22,22,0.13636363636363635,0.22727272727272727,1.0,1,True,5,True,0.7727272727272727
MD11,engine_restart,sig_static,clo_+0.1,22,13,0.23076923076923078,0.38461538461538464,0.9167341430499325,1,True,16,True,0.2727272727272727
MD11,engine_restart,sig_static,cmalpha_x0.7,22,13,0.23076923076923078,0.38461538461538464,0.9259279182356106,1,True,13,True,0.40909090909090906
MD11,engine_restart,sig_static,cmq_x0.5,22,13,0.23076923076923078,0.38461538461538464,0.7573542556514694,1,True,11,True,0.5
MD11,engine_restart,sig_static,inertia_x1.6,22,22,0.13636363636363635,0.22727272727272727,1.0,1,True,7,True,0.6818181818181819
MD11,flap_extend,envelope,clo_+0.1,22,13,0.23076923076923078,0.23076923076923078,0.6903982257191354,1,True,13,True,0.40909090909090906
MD11,flap_extend,envelope,cmalpha_x0.7,22,13,0.15384615384615385,0.23076923076923078,0.6535670013879111,1,True,11,True,0.5
MD11,flap_extend,envelope,cmq_x0.5,22,13,0.23076923076923078,0.38461538461538464,0.7942224442224443,1,True,20,True,0.09090909090909094
MD11,flap_extend,envelope,inertia_x1.6,22,22,0.13636363636363635,0.22727272727272727,1.0,1,True,16,True,0.2727272727272727
MD11,flap_extend,iforest,clo_+0.1,22,13,0.15384615384615385,0.23076923076923078,0.6781422187798707,1,True,22,True,0.0
MD11,flap_extend,iforest,cmalpha_x0.7,22,13,0.15384615384615385,0.3076923076923077,0.7185854743547052,1,True,22,True,0.0
MD11,flap_extend,iforest,cmq_x0.5,22,13,0.0,0.07692307692307693,0.43717069757793736,4,False,0,False,1.0
MD11,flap_extend,iforest,inertia_x1.6,22,22,0.13636363636363635,0.22727272727272727,1.0,1,True,0,False,1.0
MD11,flap_extend,ks,clo_+0.1,22,13,0.15384615384615385,0.23076923076923078,0.6740643908630334,1,True,4,True,0.8181818181818181
MD11,flap_extend,ks,cmalpha_x0.7,22,13,0.07692307692307693,0.15384615384615385,0.5425887837652543,1,True,2,False,0.9090909090909091
MD11,flap_extend,ks,cmq_x0.5,22,13,0.15384615384615385,0.15384615384615385,0.5642015749987885,1,True,6,True,0.7272727272727273
MD11,flap_extend,ks,inertia_x1.6,22,22,0.13636363636363635,0.22727272727272727,1.0,1,True,3,True,0.8636363636363636
MD11,flap_extend,regression,clo_+0.1,22,13,0.23076923076923078,0.38461538461538464,0.9060314685314685,1,True,16,True,0.2727272727272727
MD11,flap_extend,regression,cmalpha_x0.7,22,13,0.07692307692307693,0.23076923076923078,0.5980097302078726,2,False,16,True,0.2727272727272727
MD11,flap_extend,regression,cmq_x0.5,22,13,0.07692307692307693,0.15384615384615385,0.5106274702249934,2,False,21,True,0.045454545454545414
MD11,flap_extend,regression,inertia_x1.6,22,22,0.13636363636363635,0.22727272727272727,1.0,1,True,21,True,0.045454545454545414
MD11,flap_extend,sig_dynamic,clo_+0.1,22,13,0.23076923076923078,0.3076923076923077,0.6982258007531882,1,True,7,True,0.6818181818181819
MD11,flap_extend,sig_dynamic,cmalpha_x0.7,22,13,0.23076923076923078,0.3076923076923077,0.7230118109642997,1,True,5,True,0.7727272727272727
MD11,flap_extend,sig_dynamic,cmq_x0.5,22,13,0.23076923076923078,0.38461538461538464,0.7704947099683943,1,True,17,True,0.2272727272727273
MD11,flap_extend,sig_dynamic,inertia_x1.6,22,22,0.13636363636363635,0.22727272727272727,1.0,1,True,17,True,0.2272727272727273
MD11,flap_extend,sig_static,clo_+0.1,22,13,0.23076923076923078,0.3076923076923077,0.7558439674955513,1,True,12,True,0.4545454545454546
MD11,flap_extend,sig_static,cmalpha_x0.7,22,13,0.15384615384615385,0.23076923076923078,0.6135314118286254,1,True,2,True,0.9090909090909091
MD11,flap_extend,sig_static,cmq_x0.5,22,13,0.23076923076923078,0.38461538461538464,0.7750941310151837,1,True,15,True,0.31818181818181823
MD11,flap_extend,sig_static,inertia_x1.6,22,22,0.13636363636363635,0.22727272727272727,1.0,1,True,7,True,0.6818181818181819
MD11,rudder_doublet,envelope,clo_+0.1,22,13,0.23076923076923078,0.23076923076923078,0.6364367116570022,1,True,15,True,0.31818181818181823
MD11,rudder_doublet,envelope,cmalpha_x0.7,22,13,0.23076923076923078,0.23076923076923078,0.6622930825359976,1,True,8,True,0.6363636363636364
MD11,rudder_doublet,envelope,cmq_x0.5,22,13,0.23076923076923078,0.38461538461538464,0.7443006425978562,1,True,0,False,1.0
MD11,rudder_doublet,envelope,inertia_x1.6,22,22,0.13636363636363635,0.22727272727272727,1.0,1,True,1,True,0.9545454545454546
MD11,rudder_doublet,iforest,clo_+0.1,22,13,0.23076923076923078,0.23076923076923078,0.6625223701968165,1,True,22,True,0.0
MD11,rudder_doublet,iforest,cmalpha_x0.7,22,13,0.23076923076923078,0.38461538461538464,0.7391988987964221,1,True,22,True,0.0
MD11,rudder_doublet,iforest,cmq_x0.5,22,13,0.15384615384615385,0.23076923076923078,0.6199605219342061,1,True,0,False,1.0
MD11,rudder_doublet,iforest,inertia_x1.6,22,22,0.13636363636363635,0.22727272727272727,1.0,1,True,0,False,1.0
MD11,rudder_doublet,ks,clo_+0.1,22,13,0.23076923076923078,0.38461538461538464,0.8036976181713025,1,True,8,True,0.6363636363636364
MD11,rudder_doublet,ks,cmalpha_x0.7,22,13,0.23076923076923078,0.38461538461538464,0.7841781419210571,1,True,1,True,0.9545454545454546
MD11,rudder_doublet,ks,cmq_x0.5,22,13,0.23076923076923078,0.38461538461538464,0.8106656501393346,1,True,1,True,0.9545454545454546
MD11,rudder_doublet,ks,inertia_x1.6,22,22,0.13636363636363635,0.22727272727272727,1.0,1,True,1,True,0.9545454545454546
MD11,rudder_doublet,regression,clo_+0.1,22,13,0.23076923076923078,0.38461538461538464,0.8586647270857798,1,True,12,True,0.4545454545454546
MD11,rudder_doublet,regression,cmalpha_x0.7,22,13,0.23076923076923078,0.38461538461538464,0.7827998884500433,1,True,7,True,0.6818181818181819
MD11,rudder_doublet,regression,cmq_x0.5,22,13,0.23076923076923078,0.38461538461538464,0.7335205016200491,1,True,1,True,0.9545454545454546
MD11,rudder_doublet,regression,inertia_x1.6,22,22,0.13636363636363635,0.22727272727272727,1.0,1,True,1,True,0.9545454545454546
MD11,rudder_doublet,sig_dynamic,clo_+0.1,22,13,0.23076923076923078,0.38461538461538464,0.88585002756234,1,True,7,True,0.6818181818181819
MD11,rudder_doublet,sig_dynamic,cmalpha_x0.7,22,13,0.23076923076923078,0.38461538461538464,0.9438403701561596,1,True,8,True,0.6363636363636364
MD11,rudder_doublet,sig_dynamic,cmq_x0.5,22,13,0.23076923076923078,0.23076923076923078,0.6877314936525464,1,True,0,False,1.0
MD11,rudder_doublet,sig_dynamic,inertia_x1.6,22,22,0.13636363636363635,0.22727272727272727,1.0,1,True,1,True,0.9545454545454546
MD11,rudder_doublet,sig_static,clo_+0.1,22,13,0.23076923076923078,0.38461538461538464,0.9188519813519813,1,True,6,True,0.7272727272727273
MD11,rudder_doublet,sig_static,cmalpha_x0.7,22,13,0.23076923076923078,0.38461538461538464,0.8878777770746097,1,True,7,True,0.6818181818181819
MD11,rudder_doublet,sig_static,cmq_x0.5,22,13,0.07692307692307693,0.07692307692307693,0.49112589502265613,2,False,1,False,0.9545454545454546
MD11,rudder_doublet,sig_static,inertia_x1.6,22,22,0.13636363636363635,0.22727272727272727,1.0,1,True,1,True,0.9545454545454546
MD11,throttle_step,envelope,clo_+0.1,22,13,0.23076923076923078,0.3076923076923077,0.7318500213237056,1,True,19,True,0.13636363636363635
MD11,throttle_step,envelope,cmalpha_x0.7,22,13,0.23076923076923078,0.38461538461538464,0.8306373365196895,1,True,9,True,0.5909090909090908
MD11,throttle_step,envelope,cmq_x0.5,22,13,0.23076923076923078,0.38461538461538464,0.8820986705602091,1,True,8,True,0.6363636363636364
MD11,throttle_step,envelope,inertia_x1.6,22,22,0.13636363636363635,0.22727272727272727,1.0,1,True,7,True,0.6818181818181819
MD11,throttle_step,iforest,clo_+0.1,22,13,0.23076923076923078,0.38461538461538464,0.885090123551662,1,True,22,True,0.0
MD11,throttle_step,iforest,cmalpha_x0.7,22,13,0.15384615384615385,0.3076923076923077,0.7516005362159208,1,True,22,True,0.0
MD11,throttle_step,iforest,cmq_x0.5,22,13,0.23076923076923078,0.38461538461538464,0.9210164835164835,1,True,22,True,0.0
MD11,throttle_step,iforest,inertia_x1.6,22,22,0.13636363636363635,0.22727272727272727,1.0,1,True,22,True,0.0
MD11,throttle_step,ks,clo_+0.1,22,13,0.23076923076923078,0.38461538461538464,0.8831975716591103,1,True,5,True,0.7727272727272727
MD11,throttle_step,ks,cmalpha_x0.7,22,13,0.23076923076923078,0.38461538461538464,0.9009490509490511,1,True,4,True,0.8181818181818181
MD11,throttle_step,ks,cmq_x0.5,22,13,0.23076923076923078,0.38461538461538464,0.962614308768155,1,True,6,True,0.7272727272727273
MD11,throttle_step,ks,inertia_x1.6,22,22,0.13636363636363635,0.22727272727272727,1.0,1,True,3,True,0.8636363636363636
MD11,throttle_step,regression,clo_+0.1,22,13,0.23076923076923078,0.38461538461538464,0.8662627520927118,1,True,19,True,0.13636363636363635
MD11,throttle_step,regression,cmalpha_x0.7,22,13,0.23076923076923078,0.38461538461538464,0.9796597633136095,1,True,8,True,0.6363636363636364
MD11,throttle_step,regression,cmq_x0.5,22,13,0.23076923076923078,0.38461538461538464,1.0,1,True,11,True,0.5
MD11,throttle_step,regression,inertia_x1.6,22,22,0.13636363636363635,0.22727272727272727,1.0,1,True,4,True,0.8181818181818181
MD11,throttle_step,sig_dynamic,clo_+0.1,22,13,0.23076923076923078,0.38461538461538464,0.7274229313196924,1,True,6,True,0.7272727272727273
MD11,throttle_step,sig_dynamic,cmalpha_x0.7,22,13,0.23076923076923078,0.38461538461538464,0.7618791425292974,1,True,4,True,0.8181818181818181
MD11,throttle_step,sig_dynamic,cmq_x0.5,22,13,0.23076923076923078,0.38461538461538464,0.8568194962931807,1,True,6,True,0.7272727272727273
MD11,throttle_step,sig_dynamic,inertia_x1.6,22,22,0.13636363636363635,0.22727272727272727,1.0,1,True,4,True,0.8181818181818181
MD11,throttle_step,sig_static,clo_+0.1,22,13,0.23076923076923078,0.38461538461538464,0.7512603495575634,1,True,4,True,0.8181818181818181
MD11,throttle_step,sig_static,cmalpha_x0.7,22,13,0.15384615384615385,0.23076923076923078,0.5695295803267939,1,True,2,True,0.9090909090909091
MD11,throttle_step,sig_static,cmq_x0.5,22,13,0.23076923076923078,0.38461538461538464,0.8485821870437256,1,True,5,True,0.7727272727272727
MD11,throttle_step,sig_static,inertia_x1.6,22,22,0.13636363636363635,0.22727272727272727,1.0,1,True,2,True,0.9090909090909091
OV10,aileron_step,envelope,clo_+0.1,22,13,0.23076923076923078,0.23076923076923078,0.6562806474571179,1,True,14,True,0.36363636363636365
OV10,aileron_step,envelope,cmalpha_x0.7,22,13,0.15384615384615385,0.15384615384615385,0.5378717059712534,2,False,6,True,0.7272727272727273
OV10,aileron_step,envelope,cmq_x0.5,22,13,0.15384615384615385,0.23076923076923078,0.6122211835953203,1,True,15,True,0.31818181818181823
OV10,aileron_step,envelope,inertia_x1.6,22,22,0.13636363636363635,0.22727272727272727,1.0,1,True,5,True,0.7727272727272727
OV10,aileron_step,iforest,clo_+0.1,22,13,0.23076923076923078,0.38461538461538464,0.8710806852775177,1,True,22,True,0.0
OV10,aileron_step,iforest,cmalpha_x0.7,22,13,0.23076923076923078,0.38461538461538464,0.888363402560235,1,True,22,True,0.0
OV10,aileron_step,iforest,cmq_x0.5,22,13,0.23076923076923078,0.23076923076923078,0.7538852173467558,1,True,0,False,1.0
OV10,aileron_step,iforest,inertia_x1.6,22,22,0.13636363636363635,0.22727272727272727,1.0,1,True,0,False,1.0
OV10,aileron_step,ks,clo_+0.1,22,13,0.23076923076923078,0.38461538461538464,0.9009490509490511,1,True,14,True,0.36363636363636365
OV10,aileron_step,ks,cmalpha_x0.7,22,13,0.23076923076923078,0.3076923076923077,0.7275328859307189,1,True,6,True,0.7272727272727273
OV10,aileron_step,ks,cmq_x0.5,22,13,0.15384615384615385,0.23076923076923078,0.6183422227926871,2,False,17,True,0.2272727272727273
OV10,aileron_step,ks,inertia_x1.6,22,22,0.13636363636363635,0.22727272727272727,1.0,1,True,8,True,0.6363636363636364
OV10,aileron_step,regression,clo_+0.1,22,13,0.23076923076923078,0.38461538461538464,0.9512820512820512,1,True,21,True,0.045454545454545414
OV10,aileron_step,regression,cmalpha_x0.7,22,13,0.15384615384615385,0.23076923076923078,0.772470264777957,1,True,14,True,0.36363636363636365
OV10,aileron_step,regression,cmq_x0.5,22,13,0.23076923076923078,0.38461538461538464,0.9685314685314685,1,True,16,True,0.2727272727272727
OV10,aileron_step,regression,inertia_x1.6,22,22,0.13636363636363635,0.22727272727272727,1.0,1,True,7,True,0.6818181818181819
OV10,aileron_step,sig_dynamic,clo_+0.1,22,13,0.15384615384615385,0.3076923076923077,0.6547865539768374,2,False,16,True,0.2727272727272727
OV10,aileron_step,sig_dynamic,cmalpha_x0.7,22,13,0.23076923076923078,0.23076923076923078,0.6158542946825871,1,True,7,True,0.6818181818181819
OV10,aileron_step,sig_dynamic,cmq_x0.5,22,13,0.15384615384615385,0.3076923076923077,0.8062031985108908,1,True,17,True,0.2272727272727273
OV10,aileron_step,sig_dynamic,inertia_x1.6,22,22,0.13636363636363635,0.22727272727272727,1.0,1,True,4,True,0.8181818181818181
OV10,aileron_step,sig_static,clo_+0.1,22,13,0.23076923076923078,0.38461538461538464,0.8312917732422377,1,True,18,True,0.18181818181818177
OV10,aileron_step,sig_static,cmalpha_x0.7,22,13,0.07692307692307693,0.23076923076923078,0.661318910509194,1,True,8,True,0.6363636363636364
OV10,aileron_step,sig_static,cmq_x0.5,22,13,0.23076923076923078,0.38461538461538464,0.8844084899514763,1,True,16,True,0.2727272727272727
OV10,aileron_step,sig_static,inertia_x1.6,22,22,0.13636363636363635,0.22727272727272727,1.0,1,True,6,True,0.7272727272727273
OV10,bank_hold,envelope,clo_+0.1,22,13,0.23076923076923078,0.3076923076923077,0.6885106981082212,1,True,18,True,0.18181818181818177
OV10,bank_hold,envelope,cmalpha_x0.7,22,13,0.15384615384615385,0.23076923076923078,0.6000272044776689,2,False,22,True,0.0
OV10,bank_hold,envelope,cmq_x0.5,22,13,0.15384615384615385,0.3076923076923077,0.6003612486584623,2,False,22,True,0.0
OV10,bank_hold,envelope,inertia_x1.6,22,22,0.13636363636363635,0.22727272727272727,1.0,1,True,16,True,0.2727272727272727
OV10,bank_hold,iforest,clo_+0.1,22,13,0.23076923076923078,0.3076923076923077,0.7999218227725015,1,True,22,True,0.0
OV10,bank_hold,iforest,cmalpha_x0.7,22,13,0.15384615384615385,0.3076923076923077,0.7670729722765922,1,True,22,True,0.0
OV10,bank_hold,iforest,cmq_x0.5,22,13,0.23076923076923078,0.38461538461538464,0.8530372405372405,1,True,4,True,0.8181818181818181
OV10,bank_hold,iforest,inertia_x1.6,22,22,0.13636363636363635,0.22727272727272727,1.0,1,True,0,False,1.0
OV10,bank_hold,ks,clo_+0.1,22,13,0.23076923076923078,0.38461538461538464,0.7460511710511711,1,True,6,True,0.7272727272727273
OV10,bank_hold,ks,cmalpha_x0.7,22,13,0.0,0.15384615384615385,0.5143072620269572,4,False,16,True,0.2727272727272727
OV10,bank_hold,ks,cmq_x0.5,22,13,0.15384615384615385,0.23076923076923078,0.6053049161021297,1,True,15,True,0.31818181818181823
OV10,bank_hold,ks,inertia_x1.6,22,22,0.13636363636363635,0.22727272727272727,1.0,1,True,2,True,0.9090909090909091
OV10,bank_hold,regression,clo_+0.1,22,13,0.15384615384615385,0.3076923076923077,0.6991553655521267,1,True,13,True,0.40909090909090906
OV10,bank_hold,regression,cmalpha_x0.7,22,13,0.23076923076923078,0.38461538461538464,0.9706959706959707,1,True,17,True,0.2272727272727273
OV10,bank_hold,regression,cmq_x0.5,22,13,0.23076923076923078,0.3076923076923077,0.9101362312900775,1,True,17,True,0.2272727272727273
OV10,bank_hold,regression,inertia_x1.6,22,22,0.13636363636363635,0.22727272727272727,1.0,1,True,9,True,0.5909090909090908
OV10,bank_hold,sig_dynamic,clo_+0.1,22,13,0.15384615384615385,0.23076923076923078,0.6150247902450807,1,True,16,True,0.2727272727272727
OV10,bank_hold,sig_dynamic,cmalpha_x0.7,22,13,0.07692307692307693,0.23076923076923078,0.5979505537197845,2,False,16,True,0.2727272727272727
OV10,bank_hold,sig_dynamic,cmq_x0.5,22,13,0.23076923076923078,0.23076923076923078,0.6175361300867374,1,True,17,True,0.2272727272727273
OV10,bank_hold,sig_dynamic,inertia_x1.6,22,22,0.13636363636363635,0.22727272727272727,1.0,1,True,6,True,0.7272727272727273
OV10,bank_hold,sig_static,clo_+0.1,22,13,0.23076923076923078,0.38461538461538464,0.7544507786410622,1,True,18,True,0.18181818181818177
OV10,bank_hold,sig_static,cmalpha_x0.7,22,13,0.23076923076923078,0.23076923076923078,0.7042713947691325,1,True,19,True,0.13636363636363635
OV10,bank_hold,sig_static,cmq_x0.5,22,13,0.23076923076923078,0.23076923076923078,0.7160067440431812,1,True,14,True,0.36363636363636365
OV10,bank_hold,sig_static,inertia_x1.6,22,22,0.13636363636363635,0.22727272727272727,1.0,1,True,5,True,0.7727272727272727
OV10,cruise,envelope,clo_+0.1,22,13,0.23076923076923078,0.3076923076923077,0.6960592313801411,1,True,15,True,0.31818181818181823
OV10,cruise,envelope,cmalpha_x0.7,22,13,0.0,0.15384615384615385,0.5443675783875832,4,False,9,True,0.5909090909090908
OV10,cruise,envelope,cmq_x0.5,22,13,0.23076923076923078,0.3076923076923077,0.7646291742445588,1,True,9,True,0.5909090909090908
OV10,cruise,envelope,inertia_x1.6,22,22,0.13636363636363635,0.22727272727272727,1.0,1,True,4,True,0.8181818181818181
OV10,cruise,iforest,clo_+0.1,22,13,0.07692307692307693,0.23076923076923078,0.595266906296318,3,False,22,True,0.0
OV10,cruise,iforest,cmalpha_x0.7,22,13,0.15384615384615385,0.3076923076923077,0.6090442323414459,2,False,20,True,0.09090909090909094
OV10,cruise,iforest,cmq_x0.5,22,13,0.23076923076923078,0.38461538461538464,0.9100122100122099,1,True,0,False,1.0
OV10,cruise,iforest,inertia_x1.6,22,22,0.13636363636363635,0.22727272727272727,1.0,1,True,0,False,1.0
OV10,cruise,ks,clo_+0.1,22,13,0.0,0.07692307692307693,0.4841565366839241,5,False,13,True,0.40909090909090906
OV10,cruise,ks,cmalpha_x0.7,22,13,0.07692307692307693,0.15384615384615385,0.49082797147812623,3,False,9,True,0.5909090909090908
OV10,cruise,ks,cmq_x0.5,22,13,0.15384615384615385,0.23076923076923078,0.63453981518997,1,True,6,True,0.7272727272727273
OV10,cruise,ks,inertia_x1.6,22,22,0.13636363636363635,0.22727272727272727,1.0,1,True,1,True,0.9545454545454546
OV10,cruise,regression,clo_+0.1,22,13,0.23076923076923078,0.38461538461538464,0.913050072099846,1,True,12,True,0.4545454545454546
OV10,cruise,regression,cmalpha_x0.7,22,13,0.23076923076923078,0.38461538461538464,0.9522349445426368,1,True,9,True,0.5909090909090908
OV10,cruise,regression,cmq_x0.5,22,13,0.15384615384615385,0.3076923076923077,0.6674040270015502,1,True,2,True,0.9090909090909091
OV10,cruise,regression,inertia_x1.6,22,22,0.13636363636363635,0.22727272727272727,1.0,1,True,2,True,0.9090909090909091
OV10,cruise,sig_dynamic,clo_+0.1,22,13,0.23076923076923078,0.23076923076923078,0.7133572567783093,1,True,10,True,0.5454545454545454
OV10,cruise,sig_dynamic,cmalpha_x0.7,22,13,0.23076923076923078,0.3076923076923077,0.8853546026622949,1,True,9,True,0.5909090909090908
OV10,cruise,sig_dynamic,cmq_x0.5,22,13,0.15384615384615385,0.3076923076923077,0.7774310656663597,1,True,6,True,0.7272727272727273
OV10,cruise,sig_dynamic,inertia_x1.6,22,22,0.13636363636363635,0.22727272727272727,1.0,1,True,6,True,0.7272727272727273
OV10,cruise,sig_static,clo_+0.1,22,13,0.23076923076923078,0.23076923076923078,0.7171611451975823,1,True,9,True,0.5909090909090908
OV10,cruise,sig_static,cmalpha_x0.7,22,13,0.23076923076923078,0.38461538461538464,0.8947814503244368,1,True,8,True,0.6363636363636364
OV10,cruise,sig_static,cmq_x0.5,22,13,0.15384615384615385,0.3076923076923077,0.8030720913073854,1,True,6,True,0.7272727272727273
OV10,cruise,sig_static,inertia_x1.6,22,22,0.13636363636363635,0.22727272727272727,1.0,1,True,6,True,0.7272727272727273
OV10,elev_doublet,envelope,clo_+0.1,22,13,0.23076923076923078,0.23076923076923078,0.6728286607811496,1,True,14,True,0.36363636363636365
OV10,elev_doublet,envelope,cmalpha_x0.7,22,13,0.15384615384615385,0.23076923076923078,0.5973072137039748,1,True,9,True,0.5909090909090908
OV10,elev_doublet,envelope,cmq_x0.5,22,13,0.15384615384615385,0.23076923076923078,0.6014506821008369,1,True,13,True,0.40909090909090906
OV10,elev_doublet,envelope,inertia_x1.6,22,22,0.13636363636363635,0.22727272727272727,1.0,1,True,10,True,0.5454545454545454
OV10,elev_doublet,iforest,clo_+0.1,22,13,0.23076923076923078,0.3076923076923077,0.7613051729567566,1,True,18,True,0.18181818181818177
OV10,elev_doublet,iforest,cmalpha_x0.7,22,13,0.07692307692307693,0.15384615384615385,0.48953424720869343,3,False,0,False,1.0
OV10,elev_doublet,iforest,cmq_x0.5,22,13,0.15384615384615385,0.23076923076923078,0.6545964656258773,1,True,0,False,1.0
OV10,elev_doublet,iforest,inertia_x1.6,22,22,0.13636363636363635,0.22727272727272727,1.0,1,True,0,False,1.0
OV10,elev_doublet,ks,clo_+0.1,22,13,0.23076923076923078,0.38461538461538464,0.9297591297591297,1,True,3,True,0.8636363636363636
OV10,elev_doublet,ks,cmalpha_x0.7,22,13,0.23076923076923078,0.3076923076923077,0.7236311332286565,1,True,0,False,1.0
OV10,elev_doublet,ks,cmq_x0.5,22,13,0.15384615384615385,0.3076923076923077,0.6779021757528544,2,False,2,True,0.9090909090909091
OV10,elev_doublet,ks,inertia_x1.6,22,22,0.13636363636363635,0.22727272727272727,1.0,1,True,2,True,0.9090909090909091
OV10,elev_doublet,regression,clo_+0.1,22,13,0.15384615384615385,0.15384615384615385,0.6951946055452842,1,True,2,True,0.9090909090909091
OV10,elev_doublet,regression,cmalpha_x0.7,22,13,0.15384615384615385,0.3076923076923077,0.6926129426129426,2,False,5,True,0.7727272727272727
OV10,elev_doublet,regression,cmq_x0.5,22,13,0.15384615384615385,0.15384615384615385,0.6085465366841885,2,False,7,True,0.6818181818181819
OV10,elev_doublet,regression,inertia_x1.6,22,22,0.13636363636363635,0.22727272727272727,1.0,1,True,5,True,0.7727272727272727
OV10,elev_doublet,sig_dynamic,clo_+0.1,22,13,0.15384615384615385,0.3076923076923077,0.768354935662628,2,False,7,True,0.6818181818181819
OV10,elev_doublet,sig_dynamic,cmalpha_x0.7,22,13,0.15384615384615385,0.3076923076923077,0.7452810261633791,2,False,9,True,0.5909090909090908
OV10,elev_doublet,sig_dynamic,cmq_x0.5,22,13,0.23076923076923078,0.23076923076923078,0.707524313293544,1,True,2,True,0.9090909090909091
OV10,elev_doublet,sig_dynamic,inertia_x1.6,22,22,0.13636363636363635,0.22727272727272727,1.0,1,True,2,True,0.9090909090909091
OV10,elev_doublet,sig_static,clo_+0.1,22,13,0.15384615384615385,0.3076923076923077,0.6557241863743412,2,False,1,False,0.9545454545454546
OV10,elev_doublet,sig_static,cmalpha_x0.7,22,13,0.15384615384615385,0.3076923076923077,0.7343845822352608,2,False,7,True,0.6818181818181819
OV10,elev_doublet,sig_static,cmq_x0.5,22,13,0.23076923076923078,0.38461538461538464,0.842919361340414,1,True,1,True,0.9545454545454546
OV10,elev_doublet,sig_static,inertia_x1.6,22,22,0.13636363636363635,0.22727272727272727,1.0,1,True,0,False,1.0
OV10,elev_doublet_distractor,envelope,clo_+0.1,22,13,0.15384615384615385,0.15384615384615385,0.5774823113564481,1,True,11,True,0.5
OV10,elev_doublet_distractor,envelope,cmalpha_x0.7,22,13,0.23076923076923078,0.38461538461538464,0.7225322321297554,1,True,5,True,0.7727272727272727
OV10,elev_doublet_distractor,envelope,cmq_x0.5,22,13,0.23076923076923078,0.38461538461538464,0.755494317145901,1,True,5,True,0.7727272727272727
OV10,elev_doublet_distractor,envelope,inertia_x1.6,22,22,0.13636363636363635,0.22727272727272727,1.0,1,True,7,True,0.6818181818181819
OV10,elev_doublet_distractor,iforest,clo_+0.1,22,13,0.15384615384615385,0.3076923076923077,0.7395334591184793,1,True,22,True,0.0
OV10,elev_doublet_distractor,iforest,cmalpha_x0.7,22,13,0.15384615384615385,0.3076923076923077,0.7183029074997401,2,False,0,False,1.0
OV10,elev_doublet_distractor,iforest,cmq_x0.5,22,13,0.15384615384615385,0.23076923076923078,0.5679634805140877,1,True,0,False,1.0
OV10,elev_doublet_distractor,iforest,inertia_x1.6,22,22,0.13636363636363635,0.22727272727272727,1.0,1,True,0,False,1.0
OV10,elev_doublet_distractor,ks,clo_+0.1,22,13,0.23076923076923078,0.38461538461538464,0.7439304245805793,1,True,5,True,0.7727272727272727
OV10,elev_doublet_distractor,ks,cmalpha_x0.7,22,13,0.15384615384615385,0.23076923076923078,0.618341734738496,1,True,5,True,0.7727272727272727
OV10,elev_doublet_distractor,ks,cmq_x0.5,22,13,0.23076923076923078,0.3076923076923077,0.7199880191783026,1,True,5,True,0.7727272727272727
OV10,elev_doublet_distractor,ks,inertia_x1.6,22,22,0.13636363636363635,0.22727272727272727,1.0,1,True,7,True,0.6818181818181819
OV10,elev_doublet_distractor,regression,clo_+0.1,22,13,0.23076923076923078,0.3076923076923077,0.7315447710184552,1,True,8,True,0.6363636363636364
OV10,elev_doublet_distractor,regression,cmalpha_x0.7,22,13,0.07692307692307693,0.23076923076923078,0.685084573546112,3,False,6,True,0.7272727272727273
OV10,elev_doublet_distractor,regression,cmq_x0.5,22,13,0.23076923076923078,0.38461538461538464,0.6959032067004204,1,True,5,True,0.7727272727272727
OV10,elev_doublet_distractor,regression,inertia_x1.6,22,22,0.13636363636363635,0.22727272727272727,1.0,1,True,3,True,0.8636363636363636
OV10,elev_doublet_distractor,sig_dynamic,clo_+0.1,22,13,0.23076923076923078,0.3076923076923077,0.7595633250610626,1,True,3,True,0.8636363636363636
OV10,elev_doublet_distractor,sig_dynamic,cmalpha_x0.7,22,13,0.23076923076923078,0.3076923076923077,0.775305451871301,1,True,8,True,0.6363636363636364
OV10,elev_doublet_distractor,sig_dynamic,cmq_x0.5,22,13,0.15384615384615385,0.15384615384615385,0.5841829824801961,1,True,0,False,1.0
OV10,elev_doublet_distractor,sig_dynamic,inertia_x1.6,22,22,0.13636363636363635,0.22727272727272727,1.0,1,True,1,True,0.9545454545454546
OV10,elev_doublet_distractor,sig_static,clo_+0.1,22,13,0.23076923076923078,0.3076923076923077,0.66027117282178,1,True,3,False,0.8636363636363636
OV10,elev_doublet_distractor,sig_static,cmalpha_x0.7,22,13,0.23076923076923078,0.38461538461538464,0.8160602555339399,1,True,6,True,0.7272727272727273
OV10,elev_doublet_distractor,sig_static,cmq_x0.5,22,13,0.15384615384615385,0.23076923076923078,0.5782708390680527,1,True,0,False,1.0
OV10,elev_doublet_distractor,sig_static,inertia_x1.6,22,22,0.13636363636363635,0.22727272727272727,1.0,1,True,1,True,0.9545454545454546
OV10,elev_step,envelope,clo_+0.1,22,13,0.23076923076923078,0.3076923076923077,0.692470383867145,1,True,7,True,0.6818181818181819
OV10,elev_step,envelope,cmalpha_x0.7,22,13,0.0,0.0,0.4351849640132564,6,False,21,True,0.045454545454545414
OV10,elev_step,envelope,cmq_x0.5,22,13,0.23076923076923078,0.38461538461538464,0.7593361703655821,1,True,21,True,0.045454545454545414
OV10,elev_step,envelope,inertia_x1.6,22,22,0.13636363636363635,0.22727272727272727,1.0,1,True,9,True,0.5909090909090908
OV10,elev_step,iforest,clo_+0.1,22,13,0.15384615384615385,0.23076923076923078,0.6813061121884652,2,False,22,True,0.0
OV10,elev_step,iforest,cmalpha_x0.7,22,13,0.15384615384615385,0.23076923076923078,0.666669115198527,1,True,22,True,0.0
OV10,elev_step,iforest,cmq_x0.5,22,13,0.23076923076923078,0.3076923076923077,0.794902985400723,1,True,0,False,1.0
OV10,elev_step,iforest,inertia_x1.6,22,22,0.13636363636363635,0.22727272727272727,1.0,1,True,0,False,1.0
OV10,elev_step,ks,clo_+0.1,22,13,0.23076923076923078,0.3076923076923077,0.7821388264827179,1,True,3,True,0.8636363636363636
OV10,elev_step,ks,cmalpha_x0.7,22,13,0.07692307692307693,0.07692307692307693,0.5145705670979545,1,True,17,True,0.2272727272727273
OV10,elev_step,ks,cmq_x0.5,22,13,0.23076923076923078,0.3076923076923077,0.7653756499910347,1,True,11,True,0.5
OV10,elev_step,ks,inertia_x1.6,22,22,0.13636363636363635,0.22727272727272727,1.0,1,True,2,True,0.9090909090909091
OV10,elev_step,regression,clo_+0.1,22,13,0.23076923076923078,0.38461538461538464,0.962614308768155,1,True,10,True,0.5454545454545454
OV10,elev_step,regression,cmalpha_x0.7,22,13,0.23076923076923078,0.38461538461538464,0.9685314685314685,1,True,20,True,0.09090909090909094
OV10,elev_step,regression,cmq_x0.5,22,13,0.23076923076923078,0.38461538461538464,1.0,1,True,20,True,0.09090909090909094
OV10,elev_step,regression,inertia_x1.6,22,22,0.13636363636363635,0.22727272727272727,1.0,1,True,8,True,0.6363636363636364
OV10,elev_step,sig_dynamic,clo_+0.1,22,13,0.15384615384615385,0.3076923076923077,0.6594804705098822,2,False,3,True,0.8636363636363636
OV10,elev_step,sig_dynamic,cmalpha_x0.7,22,13,0.15384615384615385,0.15384615384615385,0.6410727430464273,1,True,8,True,0.6363636363636364
OV10,elev_step,sig_dynamic,cmq_x0.5,22,13,0.15384615384615385,0.3076923076923077,0.7355551222215903,1,True,19,True,0.13636363636363635
OV10,elev_step,sig_dynamic,inertia_x1.6,22,22,0.13636363636363635,0.22727272727272727,1.0,1,True,4,True,0.8181818181818181
OV10,elev_step,sig_static,clo_+0.1,22,13,0.0,0.07692307692307693,0.44467398720197004,4,False,1,False,0.9545454545454546
OV10,elev_step,sig_static,cmalpha_x0.7,22,13,0.15384615384615385,0.23076923076923078,0.7042438895945684,1,True,4,True,0.8181818181818181
OV10,elev_step,sig_static,cmq_x0.5,22,13,0.15384615384615385,0.3076923076923077,0.7276889776889777,1,True,2,True,0.9090909090909091
OV10,elev_step,sig_static,inertia_x1.6,22,22,0.13636363636363635,0.22727272727272727,1.0,1,True,2,True,0.9090909090909091
OV10,engine_cut,envelope,clo_+0.1,22,13,0.23076923076923078,0.3076923076923077,0.6816058210795054,1,True,16,True,0.2727272727272727
OV10,engine_cut,envelope,cmalpha_x0.7,22,13,0.23076923076923078,0.23076923076923078,0.6636687744659882,1,True,22,True,0.0
OV10,engine_cut,envelope,cmq_x0.5,22,13,0.15384615384615385,0.3076923076923077,0.7441903126113651,1,True,22,True,0.0
OV10,engine_cut,envelope,inertia_x1.6,22,22,0.13636363636363635,0.22727272727272727,1.0,1,True,9,True,0.5909090909090908
OV10,engine_cut,iforest,clo_+0.1,22,13,0.23076923076923078,0.3076923076923077,0.7568743473720848,1,True,22,True,0.0
OV10,engine_cut,iforest,cmalpha_x0.7,22,13,0.15384615384615385,0.15384615384615385,0.6050192884171212,1,True,22,True,0.0
OV10,engine_cut,iforest,cmq_x0.5,22,13,0.23076923076923078,0.38461538461538464,0.8874791874791874,1,True,2,True,0.9090909090909091
OV10,engine_cut,iforest,inertia_x1.6,22,22,0.13636363636363635,0.22727272727272727,1.0,1,True,0,False,1.0
OV10,engine_cut,ks,clo_+0.1,22,13,0.23076923076923078,0.3076923076923077,0.7748861181553489,1,True,9,True,0.5909090909090908
OV10,engine_cut,ks,cmalpha_x0.7,22,13,0.15384615384615385,0.15384615384615385,0.5302460697197539,2,False,13,True,0.40909090909090906
OV10,engine_cut,ks,cmq_x0.5,22,13,0.23076923076923078,0.3076923076923077,0.8228953236306177,1,True,17,True,0.2272727272727273
OV10,engine_cut,ks,inertia_x1.6,22,22,0.13636363636363635,0.22727272727272727,1.0,1,True,0,False,1.0
OV10,engine_cut,regression,clo_+0.1,22,13,0.23076923076923078,0.3076923076923077,0.811855025316564,1,True,19,True,0.13636363636363635
OV10,engine_cut,regression,cmalpha_x0.7,22,13,0.15384615384615385,0.3076923076923077,0.7775323218762134,1,True,16,True,0.2727272727272727
OV10,engine_cut,regression,cmq_x0.5,22,13,0.23076923076923078,0.3076923076923077,0.8834610713569989,1,True,19,True,0.13636363636363635
OV10,engine_cut,regression,inertia_x1.6,22,22,0.13636363636363635,0.22727272727272727,1.0,1,True,12,True,0.4545454545454546
OV10,engine_cut,sig_dynamic,clo_+0.1,22,13,0.07692307692307693,0.15384615384615385,0.5866477476771593,1,True,7,True,0.6818181818181819
OV10,engine_cut,sig_dynamic,cmalpha_x0.7,22,13,0.23076923076923078,0.3076923076923077,0.776460567098219,1,True,12,True,0.4545454545454546
OV10,engine_cut,sig_dynamic,cmq_x0.5,22,13,0.23076923076923078,0.23076923076923078,0.6779582534107421,1,True,19,True,0.13636363636363635
OV10,engine_cut,sig_dynamic,inertia_x1.6,22,22,0.13636363636363635,0.22727272727272727,1.0,1,True,2,True,0.9090909090909091
OV10,engine_cut,sig_static,clo_+0.1,22,13,0.15384615384615385,0.3076923076923077,0.6645617540354383,1,True,6,True,0.7272727272727273
OV10,engine_cut,sig_static,cmalpha_x0.7,22,13,0.23076923076923078,0.38461538461538464,0.8516951787462622,1,True,7,True,0.6818181818181819
OV10,engine_cut,sig_static,cmq_x0.5,22,13,0.23076923076923078,0.3076923076923077,0.8108868639233013,1,True,10,True,0.5454545454545454
OV10,engine_cut,sig_static,inertia_x1.6,22,22,0.13636363636363635,0.22727272727272727,1.0,1,True,4,True,0.8181818181818181
OV10,flap_extend,envelope,clo_+0.1,22,13,0.23076923076923078,0.3076923076923077,0.7481179077332923,1,True,10,True,0.5454545454545454
OV10,flap_extend,envelope,cmalpha_x0.7,22,13,0.23076923076923078,0.3076923076923077,0.8032415852253909,1,True,20,True,0.09090909090909094
OV10,flap_extend,envelope,cmq_x0.5,22,13,0.23076923076923078,0.23076923076923078,0.6872031751556638,1,True,22,True,0.0
OV10,flap_extend,envelope,inertia_x1.6,22,22,0.13636363636363635,0.22727272727272727,1.0,1,True,14,True,0.36363636363636365
OV10,flap_extend,iforest,clo_+0.1,22,13,0.15384615384615385,0.3076923076923077,0.8417075257572996,1,True,22,True,0.0
OV10,flap_extend,iforest,cmalpha_x0.7,22,13,0.15384615384615385,0.3076923076923077,0.7483569006342286,2,False,22,True,0.0
OV10,flap_extend,iforest,cmq_x0.5,22,13,0.07692307692307693,0.23076923076923078,0.6162641726377139,1,True,14,True,0.36363636363636365
OV10,flap_extend,iforest,inertia_x1.6,22,22,0.13636363636363635,0.22727272727272727,1.0,1,True,12,True,0.4545454545454546
OV10,flap_extend,ks,clo_+0.1,22,13,0.23076923076923078,0.3076923076923077,0.7327879008874484,1,True,8,True,0.6363636363636364
OV10,flap_extend,ks,cmalpha_x0.7,22,13,0.23076923076923078,0.3076923076923077,0.7238142834118068,1,True,19,True,0.13636363636363635
OV10,flap_extend,ks,cmq_x0.5,22,13,0.23076923076923078,0.3076923076923077,0.8933750889633243,1,True,12,True,0.4545454545454546
OV10,flap_extend,ks,inertia_x1.6,22,22,0.13636363636363635,0.22727272727272727,1.0,1,True,6,True,0.7272727272727273
OV10,flap_extend,regression,clo_+0.1,22,13,0.15384615384615385,0.23076923076923078,0.59882270722054,2,False,22,True,0.0
OV10,flap_extend,regression,cmalpha_x0.7,22,13,0.07692307692307693,0.23076923076923078,0.6282689532689533,2,False,22,True,0.0
OV10,flap_extend,regression,cmq_x0.5,22,13,0.23076923076923078,0.38461538461538464,0.8728507603507604,1,True,22,True,0.0
OV10,flap_extend,regression,inertia_x1.6,22,22,0.13636363636363635,0.22727272727272727,1.0,1,True,20,True,0.09090909090909094
OV10,flap_extend,sig_dynamic,clo_+0.1,22,13,0.15384615384615385,0.23076923076923078,0.5808739892718221,2,False,12,True,0.4545454545454546
OV10,flap_extend,sig_dynamic,cmalpha_x0.7,22,13,0.15384615384615385,0.3076923076923077,0.661830524797898,2,False,15,True,0.31818181818181823
OV10,flap_extend,sig_dynamic,cmq_x0.5,22,13,0.15384615384615385,0.23076923076923078,0.603321132771597,1,True,22,True,0.0
OV10,flap_extend,sig_dynamic,inertia_x1.6,22,22,0.13636363636363635,0.22727272727272727,1.0,1,True,13,True,0.40909090909090906
OV10,flap_extend,sig_static,clo_+0.1,22,13,0.15384615384615385,0.23076923076923078,0.5622476449220911,2,False,5,True,0.7727272727272727
OV10,flap_extend,sig_static,cmalpha_x0.7,22,13,0.15384615384615385,0.3076923076923077,0.6558130852635495,2,False,7,True,0.6818181818181819
OV10,flap_extend,sig_static,cmq_x0.5,22,13,0.15384615384615385,0.23076923076923078,0.6252714784091301,2,False,15,True,0.31818181818181823
OV10,flap_extend,sig_static,inertia_x1.6,22,22,0.13636363636363635,0.22727272727272727,1.0,1,True,7,True,0.6818181818181819
OV10,rudder_doublet,envelope,clo_+0.1,22,13,0.23076923076923078,0.3076923076923077,0.6999101577155877,1,True,11,True,0.5
OV10,rudder_doublet,envelope,cmalpha_x0.7,22,13,0.23076923076923078,0.38461538461538464,0.8772932196009118,1,True,4,True,0.8181818181818181
OV10,rudder_doublet,envelope,cmq_x0.5,22,13,0.23076923076923078,0.38461538461538464,0.9787545787545788,1,True,4,True,0.8181818181818181
OV10,rudder_doublet,envelope,inertia_x1.6,22,22,0.13636363636363635,0.22727272727272727,1.0,1,True,0,False,1.0
OV10,rudder_doublet,iforest,clo_+0.1,22,13,0.07692307692307693,0.23076923076923078,0.7001165501165502,3,False,22,True,0.0
OV10,rudder_doublet,iforest,cmalpha_x0.7,22,13,0.23076923076923078,0.38461538461538464,0.9033324132008343,1,True,22,True,0.0
OV10,rudder_doublet,iforest,cmq_x0.5,22,13,0.15384615384615385,0.15384615384615385,0.6074002407980736,1,True,0,False,1.0
OV10,rudder_doublet,iforest,inertia_x1.6,22,22,0.13636363636363635,0.22727272727272727,1.0,1,True,0,False,1.0
OV10,rudder_doublet,ks,clo_+0.1,22,13,0.23076923076923078,0.38461538461538464,0.7910711021005137,1,True,6,True,0.7272727272727273
OV10,rudder_doublet,ks,cmalpha_x0.7,22,13,0.23076923076923078,0.38461538461538464,0.8466179371156746,1,True,2,True,0.9090909090909091
OV10,rudder_doublet,ks,cmq_x0.5,22,13,0.23076923076923078,0.38461538461538464,0.8096137780348306,1,True,3,True,0.8636363636363636
OV10,rudder_doublet,ks,inertia_x1.6,22,22,0.13636363636363635,0.22727272727272727,1.0,1,True,3,True,0.8636363636363636
OV10,rudder_doublet,regression,clo_+0.1,22,13,0.23076923076923078,0.38461538461538464,0.8471133055111383,1,True,4,True,0.8181818181818181
OV10,rudder_doublet,regression,cmalpha_x0.7,22,13,0.23076923076923078,0.38461538461538464,0.8136206679193104,1,True,7,True,0.6818181818181819
OV10,rudder_doublet,regression,cmq_x0.5,22,13,0.15384615384615385,0.3076923076923077,0.6624971519708361,1,True,0,False,1.0
OV10,rudder_doublet,regression,inertia_x1.6,22,22,0.13636363636363635,0.22727272727272727,1.0,1,True,5,True,0.7727272727272727
OV10,rudder_doublet,sig_dynamic,clo_+0.1,22,13,0.23076923076923078,0.23076923076923078,0.6810692849660461,1,True,9,True,0.5909090909090908
OV10,rudder_doublet,sig_dynamic,cmalpha_x0.7,22,13,0.23076923076923078,0.38461538461538464,0.8837161320460917,1,True,9,True,0.5909090909090908
OV10,rudder_doublet,sig_dynamic,cmq_x0.5,22,13,0.23076923076923078,0.23076923076923078,0.6194403533144901,1,True,1,True,0.9545454545454546
OV10,rudder_doublet,sig_dynamic,inertia_x1.6,22,22,0.13636363636363635,0.22727272727272727,1.0,1,True,2,True,0.9090909090909091
OV10,rudder_doublet,sig_static,clo_+0.1,22,13,0.15384615384615385,0.15384615384615385,0.5470610923040072,2,False,3,False,0.8636363636363636
OV10,rudder_doublet,sig_static,cmalpha_x0.7,22,13,0.23076923076923078,0.38461538461538464,0.8327886423861657,1,True,9,True,0.5909090909090908
OV10,rudder_doublet,sig_static,cmq_x0.5,22,13,0.15384615384615385,0.23076923076923078,0.53556909636631,2,False,1,True,0.9545454545454546
OV10,rudder_doublet,sig_static,inertia_x1.6,22,22,0.13636363636363635,0.22727272727272727,1.0,1,True,1,True,0.9545454545454546
OV10,throttle_step,envelope,clo_+0.1,22,13,0.23076923076923078,0.3076923076923077,0.6981673185114481,1,True,11,True,0.5
OV10,throttle_step,envelope,cmalpha_x0.7,22,13,0.15384615384615385,0.3076923076923077,0.7196592880803407,1,True,0,False,1.0
OV10,throttle_step,envelope,cmq_x0.5,22,13,0.23076923076923078,0.38461538461538464,0.8302045120871033,1,True,9,True,0.5909090909090908
OV10,throttle_step,envelope,inertia_x1.6,22,22,0.13636363636363635,0.22727272727272727,1.0,1,True,0,False,1.0
OV10,throttle_step,iforest,clo_+0.1,22,13,0.23076923076923078,0.38461538461538464,0.8328155762366289,1,True,22,True,0.0
OV10,throttle_step,iforest,cmalpha_x0.7,22,13,0.23076923076923078,0.38461538461538464,0.8725373482726423,1,True,22,True,0.0
OV10,throttle_step,iforest,cmq_x0.5,22,13,0.15384615384615385,0.23076923076923078,0.612953784327921,1,True,0,False,1.0
OV10,throttle_step,iforest,inertia_x1.6,22,22,0.13636363636363635,0.22727272727272727,1.0,1,True,0,False,1.0
OV10,throttle_step,ks,clo_+0.1,22,13,0.23076923076923078,0.3076923076923077,0.6442548550520686,1,True,3,True,0.8636363636363636
OV10,throttle_step,ks,cmalpha_x0.7,22,13,0.23076923076923078,0.3076923076923077,0.7807061016039344,1,True,0,False,1.0
OV10,throttle_step,ks,cmq_x0.5,22,13,0.23076923076923078,0.38461538461538464,0.9237078710762922,1,True,4,True,0.8181818181818181
OV10,throttle_step,ks,inertia_x1.6,22,22,0.13636363636363635,0.22727272727272727,1.0,1,True,2,True,0.9090909090909091
OV10,throttle_step,regression,clo_+0.1,22,13,0.23076923076923078,0.38461538461538464,0.8937744947360333,1,True,13,True,0.40909090909090906
OV10,throttle_step,regression,cmalpha_x0.7,22,13,0.23076923076923078,0.38461538461538464,0.919080919080919,1,True,10,True,0.5454545454545454
OV10,throttle_step,regression,cmq_x0.5,22,13,0.23076923076923078,0.38461538461538464,0.9291541791541792,1,True,9,True,0.5909090909090908
OV10,throttle_step,regression,inertia_x1.6,22,22,0.13636363636363635,0.22727272727272727,1.0,1,True,1,True,0.9545454545454546
OV10,throttle_step,sig_dynamic,clo_+0.1,22,13,0.23076923076923078,0.3076923076923077,0.738385969036124,1,True,4,True,0.8181818181818181
OV10,throttle_step,sig_dynamic,cmalpha_x0.7,22,13,0.23076923076923078,0.38461538461538464,0.9314491943451221,1,True,18,True,0.18181818181818177
OV10,throttle_step,sig_dynamic,cmq_x0.5,22,13,0.23076923076923078,0.38461538461538464,1.0,1,True,15,True,0.31818181818181823
OV10,throttle_step,sig_dynamic,inertia_x1.6,22,22,0.13636363636363635,0.22727272727272727,1.0,1,True,2,True,0.9090909090909091
OV10,throttle_step,sig_static,clo_+0.1,22,13,0.23076923076923078,0.3076923076923077,0.7096852579824717,1,True,3,True,0.8636363636363636
OV10,throttle_step,sig_static,cmalpha_x0.7,22,13,0.23076923076923078,0.38461538461538464,0.9210659223817117,1,True,16,True,0.2727272727272727
OV10,throttle_step,sig_static,cmq_x0.5,22,13,0.23076923076923078,0.38461538461538464,0.8184993369203896,1,True,11,True,0.5
OV10,throttle_step,sig_static,inertia_x1.6,22,22,0.13636363636363635,0.22727272727272727,1.0,1,True,15,True,0.31818181818181823
Short_S23,aileron_step,envelope,inertia_x1.6,22,22,0.13636363636363635,0.22727272727272727,1.0,1,True,5,True,0.7727272727272727
Short_S23,aileron_step,iforest,inertia_x1.6,22,22,0.13636363636363635,0.22727272727272727,1.0,1,True,0,False,1.0
Short_S23,aileron_step,ks,inertia_x1.6,22,22,0.13636363636363635,0.22727272727272727,1.0,1,True,0,False,1.0
Short_S23,aileron_step,regression,inertia_x1.6,22,22,0.13636363636363635,0.22727272727272727,1.0,1,True,0,False,1.0
Short_S23,aileron_step,sig_dynamic,inertia_x1.6,22,22,0.13636363636363635,0.22727272727272727,1.0,1,True,1,True,0.9545454545454546
Short_S23,aileron_step,sig_static,inertia_x1.6,22,22,0.13636363636363635,0.22727272727272727,1.0,1,True,0,False,1.0
Short_S23,bank_hold,envelope,inertia_x1.6,22,22,0.13636363636363635,0.22727272727272727,1.0,1,True,10,True,0.5454545454545454
Short_S23,bank_hold,iforest,inertia_x1.6,22,22,0.13636363636363635,0.22727272727272727,1.0,1,True,0,False,1.0
Short_S23,bank_hold,ks,inertia_x1.6,22,22,0.13636363636363635,0.22727272727272727,1.0,1,True,4,True,0.8181818181818181
Short_S23,bank_hold,regression,inertia_x1.6,22,22,0.13636363636363635,0.22727272727272727,1.0,1,True,5,True,0.7727272727272727
Short_S23,bank_hold,sig_dynamic,inertia_x1.6,22,22,0.13636363636363635,0.22727272727272727,1.0,1,True,9,True,0.5909090909090908
Short_S23,bank_hold,sig_static,inertia_x1.6,22,22,0.13636363636363635,0.22727272727272727,1.0,1,True,4,True,0.8181818181818181
Short_S23,climbing_turn,envelope,inertia_x1.6,22,22,0.13636363636363635,0.22727272727272727,1.0,1,True,0,False,1.0
Short_S23,climbing_turn,iforest,inertia_x1.6,22,22,0.13636363636363635,0.22727272727272727,1.0,1,True,0,False,1.0
Short_S23,climbing_turn,ks,inertia_x1.6,22,22,0.13636363636363635,0.22727272727272727,1.0,1,True,0,False,1.0
Short_S23,climbing_turn,regression,inertia_x1.6,22,22,0.13636363636363635,0.22727272727272727,1.0,1,True,0,False,1.0
Short_S23,climbing_turn,sig_dynamic,inertia_x1.6,22,22,0.13636363636363635,0.22727272727272727,1.0,1,True,2,True,0.9090909090909091
Short_S23,climbing_turn,sig_static,inertia_x1.6,22,22,0.13636363636363635,0.22727272727272727,1.0,1,True,0,False,1.0
Short_S23,cruise,envelope,inertia_x1.6,22,22,0.13636363636363635,0.22727272727272727,1.0,1,True,7,True,0.6818181818181819
Short_S23,cruise,iforest,inertia_x1.6,22,22,0.13636363636363635,0.22727272727272727,1.0,1,True,0,False,1.0
Short_S23,cruise,ks,inertia_x1.6,22,22,0.13636363636363635,0.22727272727272727,1.0,1,True,0,False,1.0
Short_S23,cruise,regression,inertia_x1.6,22,22,0.13636363636363635,0.22727272727272727,1.0,1,True,0,False,1.0
Short_S23,cruise,sig_dynamic,inertia_x1.6,22,22,0.13636363636363635,0.22727272727272727,1.0,1,True,0,False,1.0
Short_S23,cruise,sig_static,inertia_x1.6,22,22,0.13636363636363635,0.22727272727272727,1.0,1,True,0,False,1.0
Short_S23,elev_doublet,envelope,inertia_x1.6,22,22,0.13636363636363635,0.22727272727272727,1.0,1,True,5,True,0.7727272727272727
Short_S23,elev_doublet,iforest,inertia_x1.6,22,22,0.13636363636363635,0.22727272727272727,1.0,1,True,0,False,1.0
Short_S23,elev_doublet,ks,inertia_x1.6,22,22,0.13636363636363635,0.22727272727272727,1.0,1,True,0,False,1.0
Short_S23,elev_doublet,regression,inertia_x1.6,22,22,0.13636363636363635,0.22727272727272727,1.0,1,True,7,True,0.6818181818181819
Short_S23,elev_doublet,sig_dynamic,inertia_x1.6,22,22,0.13636363636363635,0.22727272727272727,1.0,1,True,2,True,0.9090909090909091
Short_S23,elev_doublet,sig_static,inertia_x1.6,22,22,0.13636363636363635,0.22727272727272727,1.0,1,True,1,True,0.9545454545454546
Short_S23,elev_doublet_distractor,envelope,inertia_x1.6,22,22,0.13636363636363635,0.22727272727272727,1.0,1,True,1,True,0.9545454545454546
Short_S23,elev_doublet_distractor,iforest,inertia_x1.6,22,22,0.13636363636363635,0.22727272727272727,1.0,1,True,0,False,1.0
Short_S23,elev_doublet_distractor,ks,inertia_x1.6,22,22,0.13636363636363635,0.22727272727272727,1.0,1,True,0,False,1.0
Short_S23,elev_doublet_distractor,regression,inertia_x1.6,22,22,0.13636363636363635,0.22727272727272727,1.0,1,True,0,False,1.0
Short_S23,elev_doublet_distractor,sig_dynamic,inertia_x1.6,22,22,0.13636363636363635,0.22727272727272727,1.0,1,True,1,True,0.9545454545454546
Short_S23,elev_doublet_distractor,sig_static,inertia_x1.6,22,22,0.13636363636363635,0.22727272727272727,1.0,1,True,3,True,0.8636363636363636
Short_S23,elev_step,envelope,inertia_x1.6,22,22,0.13636363636363635,0.22727272727272727,1.0,1,True,6,True,0.7272727272727273
Short_S23,elev_step,iforest,inertia_x1.6,22,22,0.13636363636363635,0.22727272727272727,1.0,1,True,0,False,1.0
Short_S23,elev_step,ks,inertia_x1.6,22,22,0.13636363636363635,0.22727272727272727,1.0,1,True,2,True,0.9090909090909091
Short_S23,elev_step,regression,inertia_x1.6,22,22,0.13636363636363635,0.22727272727272727,1.0,1,True,3,True,0.8636363636363636
Short_S23,elev_step,sig_dynamic,inertia_x1.6,22,22,0.13636363636363635,0.22727272727272727,1.0,1,True,3,True,0.8636363636363636
Short_S23,elev_step,sig_static,inertia_x1.6,22,22,0.13636363636363635,0.22727272727272727,1.0,1,True,3,True,0.8636363636363636
Short_S23,engine_cut,envelope,inertia_x1.6,22,22,0.13636363636363635,0.22727272727272727,1.0,1,True,1,True,0.9545454545454546
Short_S23,engine_cut,iforest,inertia_x1.6,22,22,0.13636363636363635,0.22727272727272727,1.0,1,True,0,False,1.0
Short_S23,engine_cut,ks,inertia_x1.6,22,22,0.13636363636363635,0.22727272727272727,1.0,1,True,0,False,1.0
Short_S23,engine_cut,regression,inertia_x1.6,22,22,0.13636363636363635,0.22727272727272727,1.0,1,True,0,False,1.0
Short_S23,engine_cut,sig_dynamic,inertia_x1.6,22,22,0.13636363636363635,0.22727272727272727,1.0,1,True,1,True,0.9545454545454546
Short_S23,engine_cut,sig_static,inertia_x1.6,22,22,0.13636363636363635,0.22727272727272727,1.0,1,True,1,True,0.9545454545454546
Short_S23,engine_stop,envelope,inertia_x1.6,22,22,0.13636363636363635,0.22727272727272727,1.0,1,True,1,True,0.9545454545454546
Short_S23,engine_stop,iforest,inertia_x1.6,22,22,0.13636363636363635,0.22727272727272727,1.0,1,True,0,False,1.0
Short_S23,engine_stop,ks,inertia_x1.6,22,22,0.13636363636363635,0.22727272727272727,1.0,1,True,0,False,1.0
Short_S23,engine_stop,regression,inertia_x1.6,22,22,0.13636363636363635,0.22727272727272727,1.0,1,True,2,True,0.9090909090909091
Short_S23,engine_stop,sig_dynamic,inertia_x1.6,22,22,0.13636363636363635,0.22727272727272727,1.0,1,True,0,False,1.0
Short_S23,engine_stop,sig_static,inertia_x1.6,22,22,0.13636363636363635,0.22727272727272727,1.0,1,True,5,True,0.7727272727272727
Short_S23,flap_extend,envelope,inertia_x1.6,22,22,0.13636363636363635,0.22727272727272727,1.0,1,True,6,True,0.7272727272727273
Short_S23,flap_extend,iforest,inertia_x1.6,22,22,0.13636363636363635,0.22727272727272727,1.0,1,True,0,False,1.0
Short_S23,flap_extend,ks,inertia_x1.6,22,22,0.13636363636363635,0.22727272727272727,1.0,1,True,0,False,1.0
Short_S23,flap_extend,regression,inertia_x1.6,22,22,0.13636363636363635,0.22727272727272727,1.0,1,True,0,False,1.0
Short_S23,flap_extend,sig_dynamic,inertia_x1.6,22,22,0.13636363636363635,0.22727272727272727,1.0,1,True,0,False,1.0
Short_S23,flap_extend,sig_static,inertia_x1.6,22,22,0.13636363636363635,0.22727272727272727,1.0,1,True,0,False,1.0
Short_S23,rudder_doublet,envelope,inertia_x1.6,22,22,0.13636363636363635,0.22727272727272727,1.0,1,True,2,True,0.9090909090909091
Short_S23,rudder_doublet,iforest,inertia_x1.6,22,22,0.13636363636363635,0.22727272727272727,1.0,1,True,0,False,1.0
Short_S23,rudder_doublet,ks,inertia_x1.6,22,22,0.13636363636363635,0.22727272727272727,1.0,1,True,3,True,0.8636363636363636
Short_S23,rudder_doublet,regression,inertia_x1.6,22,22,0.13636363636363635,0.22727272727272727,1.0,1,True,0,False,1.0
Short_S23,rudder_doublet,sig_dynamic,inertia_x1.6,22,22,0.13636363636363635,0.22727272727272727,1.0,1,True,0,False,1.0
Short_S23,rudder_doublet,sig_static,inertia_x1.6,22,22,0.13636363636363635,0.22727272727272727,1.0,1,True,0,False,1.0
Short_S23,throttle_step,envelope,inertia_x1.6,22,22,0.13636363636363635,0.22727272727272727,1.0,1,True,17,True,0.2272727272727273
Short_S23,throttle_step,iforest,inertia_x1.6,22,22,0.13636363636363635,0.22727272727272727,1.0,1,True,4,True,0.8181818181818181
Short_S23,throttle_step,ks,inertia_x1.6,22,22,0.13636363636363635,0.22727272727272727,1.0,1,True,1,True,0.9545454545454546
Short_S23,throttle_step,regression,inertia_x1.6,22,22,0.13636363636363635,0.22727272727272727,1.0,1,True,4,True,0.8181818181818181
Short_S23,throttle_step,sig_dynamic,inertia_x1.6,22,22,0.13636363636363635,0.22727272727272727,1.0,1,True,8,True,0.6363636363636364
Short_S23,throttle_step,sig_static,inertia_x1.6,22,22,0.13636363636363635,0.22727272727272727,1.0,1,True,0,False,1.0
T37,aileron_step,envelope,clo_+0.1,22,13,0.23076923076923078,0.23076923076923078,0.6115814010550852,1,True,16,True,0.2727272727272727
T37,aileron_step,envelope,cmalpha_x0.7,22,13,0.23076923076923078,0.3076923076923077,0.6926722787016905,1,True,9,True,0.5909090909090908
T37,aileron_step,envelope,cmq_x0.5,22,13,0.23076923076923078,0.38461538461538464,0.7953540525521949,1,True,13,True,0.40909090909090906
T37,aileron_step,envelope,inertia_x1.6,22,22,0.13636363636363635,0.22727272727272727,1.0,1,True,7,True,0.6818181818181819
T37,aileron_step,iforest,clo_+0.1,22,13,0.23076923076923078,0.3076923076923077,0.8179851749689806,1,True,22,True,0.0
T37,aileron_step,iforest,cmalpha_x0.7,22,13,0.23076923076923078,0.38461538461538464,0.9029102119599858,1,True,22,True,0.0
T37,aileron_step,iforest,cmq_x0.5,22,13,0.23076923076923078,0.3076923076923077,0.6893098001070138,1,True,0,False,1.0
T37,aileron_step,iforest,inertia_x1.6,22,22,0.13636363636363635,0.22727272727272727,1.0,1,True,0,False,1.0
T37,aileron_step,ks,clo_+0.1,22,13,0.23076923076923078,0.3076923076923077,0.658008729382866,1,True,12,True,0.4545454545454546
T37,aileron_step,ks,cmalpha_x0.7,22,13,0.07692307692307693,0.07692307692307693,0.5124616482588619,1,True,6,True,0.7272727272727273
T37,aileron_step,ks,cmq_x0.5,22,13,0.23076923076923078,0.38461538461538464,0.7985986235986237,1,True,13,True,0.40909090909090906
T37,aileron_step,ks,inertia_x1.6,22,22,0.13636363636363635,0.22727272727272727,1.0,1,True,8,True,0.6363636363636364
T37,aileron_step,regression,clo_+0.1,22,13,0.23076923076923078,0.3076923076923077,0.8004551004551005,1,True,17,True,0.2272727272727273
T37,aileron_step,regression,cmalpha_x0.7,22,13,0.23076923076923078,0.38461538461538464,0.9441391941391942,1,True,15,True,0.31818181818181823
T37,aileron_step,regression,cmq_x0.5,22,13,0.23076923076923078,0.3076923076923077,0.8724969474969476,1,True,13,True,0.40909090909090906
T37,aileron_step,regression,inertia_x1.6,22,22,0.13636363636363635,0.22727272727272727,1.0,1,True,12,True,0.4545454545454546
T37,aileron_step,sig_dynamic,clo_+0.1,22,13,0.15384615384615385,0.23076923076923078,0.6643603128897245,1,True,19,True,0.13636363636363635
T37,aileron_step,sig_dynamic,cmalpha_x0.7,22,13,0.23076923076923078,0.38461538461538464,0.9025641025641027,1,True,14,True,0.36363636363636365
T37,aileron_step,sig_dynamic,cmq_x0.5,22,13,0.23076923076923078,0.38461538461538464,0.7886488511488511,1,True,8,True,0.6363636363636364
T37,aileron_step,sig_dynamic,inertia_x1.6,22,22,0.13636363636363635,0.22727272727272727,1.0,1,True,4,True,0.8181818181818181
T37,aileron_step,sig_static,clo_+0.1,22,13,0.23076923076923078,0.38461538461538464,0.9364801864801865,1,True,18,True,0.18181818181818177
T37,aileron_step,sig_static,cmalpha_x0.7,22,13,0.23076923076923078,0.38461538461538464,0.8443422973787347,1,True,17,True,0.2272727272727273
T37,aileron_step,sig_static,cmq_x0.5,22,13,0.23076923076923078,0.38461538461538464,0.9730769230769231,1,True,7,True,0.6818181818181819
T37,aileron_step,sig_static,inertia_x1.6,22,22,0.13636363636363635,0.22727272727272727,1.0,1,True,13,True,0.40909090909090906
T37,bank_hold,envelope,clo_+0.1,22,13,0.23076923076923078,0.3076923076923077,0.6830535563507699,1,True,22,True,0.0
T37,bank_hold,envelope,cmalpha_x0.7,22,13,0.07692307692307693,0.15384615384615385,0.5702976847713689,1,True,11,True,0.5
T37,bank_hold,envelope,cmq_x0.5,22,13,0.23076923076923078,0.3076923076923077,0.7240172022679764,1,True,22,True,0.0
T37,bank_hold,envelope,inertia_x1.6,22,22,0.13636363636363635,0.22727272727272727,1.0,1,True,10,True,0.5454545454545454
T37,bank_hold,iforest,clo_+0.1,22,13,0.23076923076923078,0.3076923076923077,0.8613721748337133,1,True,22,True,0.0
T37,bank_hold,iforest,cmalpha_x0.7,22,13,0.23076923076923078,0.3076923076923077,0.8746319641830477,1,True,22,True,0.0
T37,bank_hold,iforest,cmq_x0.5,22,13,0.23076923076923078,0.23076923076923078,0.7045638373692673,1,True,3,True,0.8636363636363636
T37,bank_hold,iforest,inertia_x1.6,22,22,0.13636363636363635,0.22727272727272727,1.0,1,True,0,False,1.0
T37,bank_hold,ks,clo_+0.1,22,13,0.23076923076923078,0.23076923076923078,0.6322199128700677,1,True,14,True,0.36363636363636365
T37,bank_hold,ks,cmalpha_x0.7,22,13,0.07692307692307693,0.07692307692307693,0.5241435851729969,2,False,10,True,0.5454545454545454
T37,bank_hold,ks,cmq_x0.5,22,13,0.15384615384615385,0.15384615384615385,0.64224076643105,1,True,22,True,0.0
T37,bank_hold,ks,inertia_x1.6,22,22,0.13636363636363635,0.22727272727272727,1.0,1,True,9,True,0.5909090909090908
T37,bank_hold,regression,clo_+0.1,22,13,0.23076923076923078,0.38461538461538464,0.9531468531468532,1,True,12,True,0.4545454545454546
T37,bank_hold,regression,cmalpha_x0.7,22,13,0.23076923076923078,0.3076923076923077,0.6464526572498708,1,True,3,True,0.8636363636363636
T37,bank_hold,regression,cmq_x0.5,22,13,0.23076923076923078,0.38461538461538464,0.9541838503376965,1,True,12,True,0.4545454545454546
T37,bank_hold,regression,inertia_x1.6,22,22,0.13636363636363635,0.22727272727272727,1.0,1,True,8,True,0.6363636363636364
T37,bank_hold,sig_dynamic,clo_+0.1,22,13,0.15384615384615385,0.23076923076923078,0.5732743751974522,2,False,15,True,0.31818181818181823
T37,bank_hold,sig_dynamic,cmalpha_x0.7,22,13,0.07692307692307693,0.15384615384615385,0.5007084418849124,2,False,6,True,0.7272727272727273
T37,bank_hold,sig_dynamic,cmq_x0.5,22,13,0.07692307692307693,0.23076923076923078,0.6999141883757267,1,True,15,True,0.31818181818181823
T37,bank_hold,sig_dynamic,inertia_x1.6,22,22,0.13636363636363635,0.22727272727272727,1.0,1,True,4,True,0.8181818181818181
T37,bank_hold,sig_static,clo_+0.1,22,13,0.23076923076923078,0.23076923076923078,0.6972785384550091,1,True,16,True,0.2727272727272727
T37,bank_hold,sig_static,cmalpha_x0.7,22,13,0.23076923076923078,0.3076923076923077,0.7090825642564152,1,True,8,True,0.6363636363636364
T37,bank_hold,sig_static,cmq_x0.5,22,13,0.15384615384615385,0.23076923076923078,0.7262154512154513,1,True,18,True,0.18181818181818177
T37,bank_hold,sig_static,inertia_x1.6,22,22,0.13636363636363635,0.22727272727272727,1.0,1,True,11,True,0.5
T37,climbing_turn,envelope,clo_+0.1,22,13,0.23076923076923078,0.38461538461538464,0.7824849986614694,1,True,20,True,0.09090909090909094
T37,climbing_turn,envelope,cmq_x0.5,22,13,0.15384615384615385,0.3076923076923077,0.7946952620029545,1,True,20,True,0.09090909090909094
T37,climbing_turn,iforest,clo_+0.1,22,13,0.23076923076923078,0.23076923076923078,0.7764981363665574,1,True,22,True,0.0
T37,climbing_turn,iforest,cmq_x0.5,22,13,0.15384615384615385,0.3076923076923077,0.7954811214426599,1,True,2,True,0.9090909090909091
T37,climbing_turn,ks,clo_+0.1,22,13,0.23076923076923078,0.3076923076923077,0.7852551859904799,1,True,15,True,0.31818181818181823
T37,climbing_turn,ks,cmq_x0.5,22,13,0.23076923076923078,0.38461538461538464,0.8900649788807683,1,True,18,True,0.18181818181818177
T37,climbing_turn,regression,clo_+0.1,22,13,0.15384615384615385,0.3076923076923077,0.8331252960212236,1,True,20,True,0.09090909090909094
T37,climbing_turn,regression,cmq_x0.5,22,13,0.15384615384615385,0.3076923076923077,0.8605025316563778,1,True,14,True,0.36363636363636365
T37,climbing_turn,sig_dynamic,clo_+0.1,22,13,0.15384615384615385,0.3076923076923077,0.6734314453771468,1,True,20,True,0.09090909090909094
T37,climbing_turn,sig_dynamic,cmq_x0.5,22,13,0.23076923076923078,0.38461538461538464,0.9383413594952057,1,True,11,True,0.5
T37,climbing_turn,sig_static,clo_+0.1,22,13,0.23076923076923078,0.3076923076923077,0.693177329206741,1,True,20,True,0.09090909090909094
T37,climbing_turn,sig_static,cmq_x0.5,22,13,0.23076923076923078,0.38461538461538464,1.0,1,True,7,True,0.6818181818181819
T37,cruise,envelope,clo_+0.1,22,13,0.23076923076923078,0.38461538461538464,0.7567813163788397,1,True,15,True,0.31818181818181823
T37,cruise,envelope,cmalpha_x0.7,22,13,0.0,0.07692307692307693,0.45887089346841664,5,False,11,True,0.5
T37,cruise,envelope,cmq_x0.5,22,13,0.23076923076923078,0.38461538461538464,0.8110875179701093,1,True,7,True,0.6818181818181819
T37,cruise,envelope,inertia_x1.6,22,22,0.13636363636363635,0.22727272727272727,1.0,1,True,5,True,0.7727272727272727
T37,cruise,iforest,clo_+0.1,22,13,0.15384615384615385,0.15384615384615385,0.6404631494831544,1,True,22,True,0.0
T37,cruise,iforest,cmalpha_x0.7,22,13,0.07692307692307693,0.23076923076923078,0.5964534397226705,2,False,22,True,0.0
T37,cruise,iforest,cmq_x0.5,22,13,0.23076923076923078,0.38461538461538464,0.9428904428904429,1,True,0,False,1.0
T37,cruise,iforest,inertia_x1.6,22,22,0.13636363636363635,0.22727272727272727,1.0,1,True,2,True,0.9090909090909091
T37,cruise,ks,clo_+0.1,22,13,0.0,0.07692307692307693,0.4973718076927174,5,False,15,True,0.31818181818181823
T37,cruise,ks,cmalpha_x0.7,22,13,0.0,0.07692307692307693,0.474313783911307,5,False,11,True,0.5
T37,cruise,ks,cmq_x0.5,22,13,0.23076923076923078,0.38461538461538464,0.9145212693289616,1,True,7,True,0.6818181818181819
T37,cruise,ks,inertia_x1.6,22,22,0.13636363636363635,0.22727272727272727,1.0,1,True,6,True,0.7272727272727273
T37,cruise,regression,clo_+0.1,22,13,0.15384615384615385,0.23076923076923078,0.6957527515219823,1,True,16,True,0.2727272727272727
T37,cruise,regression,cmalpha_x0.7,22,13,0.23076923076923078,0.38461538461538464,0.7678417736110046,1,True,11,True,0.5
T37,cruise,regression,cmq_x0.5,22,13,0.15384615384615385,0.23076923076923078,0.552629813427027,1,True,3,True,0.8636363636363636
T37,cruise,regression,inertia_x1.6,22,22,0.13636363636363635,0.22727272727272727,1.0,1,True,10,True,0.5454545454545454
T37,cruise,sig_dynamic,clo_+0.1,22,13,0.15384615384615385,0.23076923076923078,0.6084511979248821,1,True,11,True,0.5
T37,cruise,sig_dynamic,cmalpha_x0.7,22,13,0.23076923076923078,0.3076923076923077,0.7932162866373393,1,True,16,True,0.2727272727272727
T37,cruise,sig_dynamic,cmq_x0.5,22,13,0.15384615384615385,0.3076923076923077,0.7144034328244856,2,False,2,True,0.9090909090909091
T37,cruise,sig_dynamic,inertia_x1.6,22,22,0.13636363636363635,0.22727272727272727,1.0,1,True,2,True,0.9090909090909091
T37,cruise,sig_static,clo_+0.1,22,13,0.15384615384615385,0.23076923076923078,0.6107136413637961,1,True,11,True,0.5
T37,cruise,sig_static,cmalpha_x0.7,22,13,0.23076923076923078,0.3076923076923077,0.7932162866373393,1,True,16,True,0.2727272727272727
T37,cruise,sig_static,cmq_x0.5,22,13,0.15384615384615385,0.3076923076923077,0.6818079237583881,2,False,2,True,0.9090909090909091
T37,cruise,sig_static,inertia_x1.6,22,22,0.13636363636363635,0.22727272727272727,1.0,1,True,3,True,0.8636363636363636
T37,elev_doublet,envelope,clo_+0.1,22,13,0.07692307692307693,0.23076923076923078,0.5303462130206592,3,False,15,True,0.31818181818181823
T37,elev_doublet,envelope,cmalpha_x0.7,22,13,0.07692307692307693,0.23076923076923078,0.5420044266019498,3,False,15,True,0.31818181818181823
T37,elev_doublet,envelope,cmq_x0.5,22,13,0.15384615384615385,0.23076923076923078,0.6475271090477092,1,True,14,True,0.36363636363636365
T37,elev_doublet,envelope,inertia_x1.6,22,22,0.13636363636363635,0.22727272727272727,1.0,1,True,9,True,0.5909090909090908
T37,elev_doublet,iforest,clo_+0.1,22,13,0.23076923076923078,0.38461538461538464,0.9009490509490511,1,True,22,True,0.0
T37,elev_doublet,iforest,cmalpha_x0.7,22,13,0.15384615384615385,0.3076923076923077,0.7713685609196445,2,False,22,True,0.0
T37,elev_doublet,iforest,cmq_x0.5,22,13,0.15384615384615385,0.23076923076923078,0.616112164409378,1,True,5,True,0.7727272727272727
T37,elev_doublet,iforest,inertia_x1.6,22,22,0.13636363636363635,0.22727272727272727,1.0,1,True,2,True,0.9090909090909091
T37,elev_doublet,ks,clo_+0.1,22,13,0.07692307692307693,0.23076923076923078,0.5956650821856821,1,True,7,True,0.6818181818181819
T37,elev_doublet,ks,cmalpha_x0.7,22,13,0.0,0.07692307692307693,0.5256587366881484,4,False,13,True,0.40909090909090906
T37,elev_doublet,ks,cmq_x0.5,22,13,0.15384615384615385,0.23076923076923078,0.6506668168432874,1,True,9,True,0.5909090909090908
T37,elev_doublet,ks,inertia_x1.6,22,22,0.13636363636363635,0.22727272727272727,1.0,1,True,9,True,0.5909090909090908
T37,elev_doublet,regression,clo_+0.1,22,13,0.0,0.15384615384615385,0.620152283613822,4,False,21,True,0.045454545454545414
T37,elev_doublet,regression,cmalpha_x0.7,22,13,0.0,0.15384615384615385,0.5790195099018628,4,False,14,True,0.36363636363636365
T37,elev_doublet,regression,cmq_x0.5,22,13,0.15384615384615385,0.3076923076923077,0.8207358880435803,1,True,14,True,0.36363636363636365
T37,elev_doublet,regression,inertia_x1.6,22,22,0.13636363636363635,0.22727272727272727,1.0,1,True,9,True,0.5909090909090908
T37,elev_doublet,sig_dynamic,clo_+0.1,22,13,0.15384615384615385,0.23076923076923078,0.6104110200085432,2,False,9,True,0.5909090909090908
T37,elev_doublet,sig_dynamic,cmalpha_x0.7,22,13,0.15384615384615385,0.3076923076923077,0.754318994096322,2,False,3,True,0.8636363636363636
T37,elev_doublet,sig_dynamic,cmq_x0.5,22,13,0.07692307692307693,0.23076923076923078,0.6206778515602045,3,False,1,True,0.9545454545454546
T37,elev_doublet,sig_dynamic,inertia_x1.6,22,22,0.13636363636363635,0.22727272727272727,1.0,1,True,3,True,0.8636363636363636
T37,elev_doublet,sig_static,clo_+0.1,22,13,0.15384615384615385,0.23076923076923078,0.6053161149136381,2,False,7,True,0.6818181818181819
T37,elev_doublet,sig_static,cmalpha_x0.7,22,13,0.15384615384615385,0.23076923076923078,0.6456980540958869,2,False,6,True,0.7272727272727273
T37,elev_doublet,sig_static,cmq_x0.5,22,13,0.15384615384615385,0.23076923076923078,0.6166679811416653,2,False,2,False,0.9090909090909091
T37,elev_doublet,sig_static,inertia_x1.6,22,22,0.13636363636363635,0.22727272727272727,1.0,1,True,2,True,0.9090909090909091
T37,elev_doublet_distractor,envelope,clo_+0.1,22,13,0.23076923076923078,0.23076923076923078,0.6302178927685002,1,True,12,True,0.4545454545454546
T37,elev_doublet_distractor,envelope,cmalpha_x0.7,22,13,0.0,0.0,0.44325289697997483,6,False,11,True,0.5
T37,elev_doublet_distractor,envelope,cmq_x0.5,22,13,0.23076923076923078,0.23076923076923078,0.6206226032970495,1,True,11,True,0.5
T37,elev_doublet_distractor,envelope,inertia_x1.6,22,22,0.13636363636363635,0.22727272727272727,1.0,1,True,9,True,0.5909090909090908
T37,elev_doublet_distractor,iforest,clo_+0.1,22,13,0.23076923076923078,0.3076923076923077,0.7536886441863816,1,True,22,True,0.0
T37,elev_doublet_distractor,iforest,cmalpha_x0.7,22,13,0.15384615384615385,0.3076923076923077,0.8385463895079279,1,True,22,True,0.0
T37,elev_doublet_distractor,iforest,cmq_x0.5,22,13,0.07692307692307693,0.07692307692307693,0.48320479400200755,2,False,0,False,1.0
T37,elev_doublet_distractor,iforest,inertia_x1.6,22,22,0.13636363636363635,0.22727272727272727,1.0,1,True,0,False,1.0
T37,elev_doublet_distractor,ks,clo_+0.1,22,13,0.23076923076923078,0.3076923076923077,0.6994371013601783,1,True,10,True,0.5454545454545454
T37,elev_doublet_distractor,ks,cmalpha_x0.7,22,13,0.07692307692307693,0.23076923076923078,0.5505277488249625,3,False,3,True,0.8636363636363636
T37,elev_doublet_distractor,ks,cmq_x0.5,22,13,0.23076923076923078,0.38461538461538464,0.780171144644829,1,True,4,True,0.8181818181818181
T37,elev_doublet_distractor,ks,inertia_x1.6,22,22,0.13636363636363635,0.22727272727272727,1.0,1,True,7,True,0.6818181818181819
T37,elev_doublet_distractor,regression,clo_+0.1,22,13,0.23076923076923078,0.38461538461538464,0.9897435897435898,1,True,18,True,0.18181818181818177
T37,elev_doublet_distractor,regression,cmalpha_x0.7,22,13,0.23076923076923078,0.38461538461538464,0.9316251621681487,1,True,8,True,0.6363636363636364
T37,elev_doublet_distractor,regression,cmq_x0.5,22,13,0.23076923076923078,0.38461538461538464,0.8378477172981817,1,True,7,True,0.6818181818181819
T37,elev_doublet_distractor,regression,inertia_x1.6,22,22,0.13636363636363635,0.22727272727272727,1.0,1,True,6,True,0.7272727272727273
T37,elev_doublet_distractor,sig_dynamic,clo_+0.1,22,13,0.23076923076923078,0.38461538461538464,0.8296714980925508,1,True,13,True,0.40909090909090906
T37,elev_doublet_distractor,sig_dynamic,cmalpha_x0.7,22,13,0.23076923076923078,0.38461538461538464,0.9000548147309282,1,True,16,True,0.2727272727272727
T37,elev_doublet_distractor,sig_dynamic,cmq_x0.5,22,13,0.23076923076923078,0.3076923076923077,0.8508519258519259,1,True,4,True,0.8181818181818181
T37,elev_doublet_distractor,sig_dynamic,inertia_x1.6,22,22,0.13636363636363635,0.22727272727272727,1.0,1,True,4,True,0.8181818181818181
T37,elev_doublet_distractor,sig_static,clo_+0.1,22,13,0.23076923076923078,0.3076923076923077,0.8036342867790833,1,True,11,True,0.5
T37,elev_doublet_distractor,sig_static,cmalpha_x0.7,22,13,0.23076923076923078,0.38461538461538464,0.9003680959563312,1,True,14,True,0.36363636363636365
T37,elev_doublet_distractor,sig_static,cmq_x0.5,22,13,0.15384615384615385,0.3076923076923077,0.7494629639366484,1,True,1,True,0.9545454545454546
T37,elev_doublet_distractor,sig_static,inertia_x1.6,22,22,0.13636363636363635,0.22727272727272727,1.0,1,True,2,True,0.9090909090909091
T37,elev_step,envelope,clo_+0.1,22,13,0.07692307692307693,0.15384615384615385,0.5976922587216703,1,True,18,True,0.18181818181818177
T37,elev_step,envelope,cmalpha_x0.7,22,13,0.07692307692307693,0.23076923076923078,0.5659388255363487,3,False,16,True,0.2727272727272727
T37,elev_step,envelope,cmq_x0.5,22,13,0.23076923076923078,0.3076923076923077,0.7168651411566391,1,True,15,True,0.31818181818181823
T37,elev_step,envelope,inertia_x1.6,22,22,0.13636363636363635,0.22727272727272727,1.0,1,True,4,True,0.8181818181818181
T37,elev_step,iforest,clo_+0.1,22,13,0.07692307692307693,0.23076923076923078,0.578795563410948,3,False,22,True,0.0
T37,elev_step,iforest,cmalpha_x0.7,22,13,0.15384615384615385,0.23076923076923078,0.7685177567530508,1,True,22,True,0.0
T37,elev_step,iforest,cmq_x0.5,22,13,0.07692307692307693,0.15384615384615385,0.5960533056686903,2,False,0,False,1.0
T37,elev_step,iforest,inertia_x1.6,22,22,0.13636363636363635,0.22727272727272727,1.0,1,True,0,False,1.0
T37,elev_step,ks,clo_+0.1,22,13,0.07692307692307693,0.23076923076923078,0.5801736662030778,3,False,18,True,0.18181818181818177
T37,elev_step,ks,cmalpha_x0.7,22,13,0.0,0.07692307692307693,0.46501766901564473,4,False,5,True,0.7727272727272727
T37,elev_step,ks,cmq_x0.5,22,13,0.23076923076923078,0.3076923076923077,0.7715028561182407,1,True,12,True,0.4545454545454546
T37,elev_step,ks,inertia_x1.6,22,22,0.13636363636363635,0.22727272727272727,1.0,1,True,6,True,0.7272727272727273
T37,elev_step,regression,clo_+0.1,22,13,0.15384615384615385,0.23076923076923078,0.7581474081474082,1,True,17,True,0.2272727272727273
T37,elev_step,regression,cmalpha_x0.7,22,13,0.23076923076923078,0.38461538461538464,0.9241425241425241,1,True,20,True,0.09090909090909094
T37,elev_step,regression,cmq_x0.5,22,13,0.23076923076923078,0.38461538461538464,0.9031757715968243,1,True,17,True,0.2272727272727273
T37,elev_step,regression,inertia_x1.6,22,22,0.13636363636363635,0.22727272727272727,1.0,1,True,3,True,0.8636363636363636
T37,elev_step,sig_dynamic,clo_+0.1,22,13,0.15384615384615385,0.3076923076923077,0.5727900265171043,2,False,16,True,0.2727272727272727
T37,elev_step,sig_dynamic,cmalpha_x0.7,22,13,0.23076923076923078,0.38461538461538464,0.8487977834131681,1,True,9,True,0.5909090909090908
T37,elev_step,sig_dynamic,cmq_x0.5,22,13,0.15384615384615385,0.3076923076923077,0.6764339848318177,1,True,14,True,0.36363636363636365
T37,elev_step,sig_dynamic,inertia_x1.6,22,22,0.13636363636363635,0.22727272727272727,1.0,1,True,4,True,0.8181818181818181
T37,elev_step,sig_static,clo_+0.1,22,13,0.15384615384615385,0.23076923076923078,0.6235404040536214,2,False,6,True,0.7272727272727273
T37,elev_step,sig_static,cmalpha_x0.7,22,13,0.23076923076923078,0.38461538461538464,0.896388036165364,1,True,2,True,0.9090909090909091
T37,elev_step,sig_static,cmq_x0.5,22,13,0.15384615384615385,0.15384615384615385,0.6389164505680344,1,True,4,True,0.8181818181818181
T37,elev_step,sig_static,inertia_x1.6,22,22,0.13636363636363635,0.22727272727272727,1.0,1,True,3,True,0.8636363636363636
T37,engine_cut,envelope,clo_+0.1,22,13,0.07692307692307693,0.07692307692307693,0.5306264185789071,2,False,22,True,0.0
T37,engine_cut,envelope,cmalpha_x0.7,22,13,0.23076923076923078,0.38461538461538464,0.8175032569769414,1,True,17,True,0.2272727272727273
T37,engine_cut,envelope,cmq_x0.5,22,13,0.23076923076923078,0.38461538461538464,0.8525457673230952,1,True,22,True,0.0
T37,engine_cut,envelope,inertia_x1.6,22,22,0.13636363636363635,0.22727272727272727,1.0,1,True,7,True,0.6818181818181819
T37,engine_cut,iforest,clo_+0.1,22,13,0.07692307692307693,0.23076923076923078,0.5461863557838789,2,False,22,True,0.0
T37,engine_cut,iforest,cmalpha_x0.7,22,13,0.23076923076923078,0.3076923076923077,0.7497321306144834,1,True,22,True,0.0
T37,engine_cut,iforest,cmq_x0.5,22,13,0.07692307692307693,0.23076923076923078,0.5671363459646384,1,True,0,False,1.0
T37,engine_cut,iforest,inertia_x1.6,22,22,0.13636363636363635,0.22727272727272727,1.0,1,True,0,False,1.0
T37,engine_cut,ks,clo_+0.1,22,13,0.15384615384615385,0.15384615384615385,0.5943486338223181,1,True,20,True,0.09090909090909094
T37,engine_cut,ks,cmalpha_x0.7,22,13,0.23076923076923078,0.38461538461538464,0.863966802428341,1,True,13,True,0.40909090909090906
T37,engine_cut,ks,cmq_x0.5,22,13,0.23076923076923078,0.38461538461538464,0.8413336663336664,1,True,15,True,0.31818181818181823
T37,engine_cut,ks,inertia_x1.6,22,22,0.13636363636363635,0.22727272727272727,1.0,1,True,7,True,0.6818181818181819
T37,engine_cut,regression,clo_+0.1,22,13,0.23076923076923078,0.3076923076923077,0.8653948840183657,1,True,22,True,0.0
T37,engine_cut,regression,cmalpha_x0.7,22,13,0.23076923076923078,0.38461538461538464,0.9167371090448015,1,True,19,True,0.13636363636363635
T37,engine_cut,regression,cmq_x0.5,22,13,0.23076923076923078,0.3076923076923077,0.8948784121861044,1,True,19,True,0.13636363636363635
T37,engine_cut,regression,inertia_x1.6,22,22,0.13636363636363635,0.22727272727272727,1.0,1,True,9,True,0.5909090909090908
T37,engine_cut,sig_dynamic,clo_+0.1,22,13,0.15384615384615385,0.3076923076923077,0.8001379841877578,1,True,21,True,0.045454545454545414
T37,engine_cut,sig_dynamic,cmalpha_x0.7,22,13,0.23076923076923078,0.3076923076923077,0.8470390720390721,1,True,14,True,0.36363636363636365
T37,engine_cut,sig_dynamic,cmq_x0.5,22,13,0.23076923076923078,0.38461538461538464,0.9723443223443222,1,True,18,True,0.18181818181818177
T37,engine_cut,sig_dynamic,inertia_x1.6,22,22,0.13636363636363635,0.22727272727272727,1.0,1,True,0,False,1.0
T37,engine_cut,sig_static,clo_+0.1,22,13,0.0,0.07692307692307693,0.4814963819488706,4,False,7,True,0.6818181818181819
T37,engine_cut,sig_static,cmalpha_x0.7,22,13,0.23076923076923078,0.38461538461538464,0.7775013385307503,1,True,12,True,0.4545454545454546
T37,engine_cut,sig_static,cmq_x0.5,22,13,0.23076923076923078,0.3076923076923077,0.699079197376411,1,True,6,True,0.7272727272727273
T37,engine_cut,sig_static,inertia_x1.6,22,22,0.13636363636363635,0.22727272727272727,1.0,1,True,4,True,0.8181818181818181
T37,flap_extend,envelope,clo_+0.1,22,13,0.23076923076923078,0.3076923076923077,0.7038864918389804,1,True,21,True,0.045454545454545414
T37,flap_extend,envelope,cmalpha_x0.7,22,13,0.23076923076923078,0.38461538461538464,0.8402527211350741,1,True,18,True,0.18181818181818177
T37,flap_extend,envelope,cmq_x0.5,22,13,0.23076923076923078,0.38461538461538464,0.8215031700325818,1,True,22,True,0.0
T37,flap_extend,envelope,inertia_x1.6,22,22,0.13636363636363635,0.22727272727272727,1.0,1,True,5,True,0.7727272727272727
T37,flap_extend,iforest,clo_+0.1,22,13,0.15384615384615385,0.23076923076923078,0.7162775258929105,1,True,22,True,0.0
T37,flap_extend,iforest,cmalpha_x0.7,22,13,0.07692307692307693,0.23076923076923078,0.6842092286930342,1,True,22,True,0.0
T37,flap_extend,iforest,cmq_x0.5,22,13,0.07692307692307693,0.15384615384615385,0.48603977721624775,3,False,0,False,1.0
T37,flap_extend,iforest,inertia_x1.6,22,22,0.13636363636363635,0.22727272727272727,1.0,1,True,0,False,1.0
T37,flap_extend,ks,clo_+0.1,22,13,0.23076923076923078,0.23076923076923078,0.681959706959707,1,True,18,True,0.18181818181818177
T37,flap_extend,ks,cmalpha_x0.7,22,13,0.15384615384615385,0.23076923076923078,0.7065830024808353,1,True,8,True,0.6363636363636364
T37,flap_extend,ks,cmq_x0.5,22,13,0.23076923076923078,0.38461538461538464,0.8175032569769414,1,True,15,True,0.31818181818181823
T37,flap_extend,ks,inertia_x1.6,22,22,0.13636363636363635,0.22727272727272727,1.0,1,True,10,True,0.5454545454545454
T37,flap_extend,regression,clo_+0.1,22,13,0.15384615384615385,0.23076923076923078,0.5971396759679684,1,True,21,True,0.045454545454545414
T37,flap_extend,regression,cmalpha_x0.7,22,13,0.0,0.0,0.41358552438273793,6,False,22,True,0.0
T37,flap_extend,regression,cmq_x0.5,22,13,0.15384615384615385,0.23076923076923078,0.6082597957597957,1,True,22,True,0.0
T37,flap_extend,regression,inertia_x1.6,22,22,0.13636363636363635,0.22727272727272727,1.0,1,True,11,True,0.5
T37,flap_extend,sig_dynamic,clo_+0.1,22,13,0.15384615384615385,0.15384615384615385,0.5207699232973106,2,False,16,True,0.2727272727272727
T37,flap_extend,sig_dynamic,cmalpha_x0.7,22,13,0.15384615384615385,0.15384615384615385,0.5566282643027105,1,True,12,True,0.4545454545454546
T37,flap_extend,sig_dynamic,cmq_x0.5,22,13,0.23076923076923078,0.23076923076923078,0.6344485209691211,1,True,20,True,0.09090909090909094
T37,flap_extend,sig_dynamic,inertia_x1.6,22,22,0.13636363636363635,0.22727272727272727,1.0,1,True,5,True,0.7727272727272727
T37,flap_extend,sig_static,clo_+0.1,22,13,0.15384615384615385,0.23076923076923078,0.6187471283446515,1,True,5,True,0.7727272727272727
T37,flap_extend,sig_static,cmalpha_x0.7,22,13,0.23076923076923078,0.38461538461538464,0.7588324006310432,1,True,5,True,0.7727272727272727
T37,flap_extend,sig_static,cmq_x0.5,22,13,0.23076923076923078,0.38461538461538464,0.8593278066962278,1,True,7,True,0.6818181818181819
T37,flap_extend,sig_static,inertia_x1.6,22,22,0.13636363636363635,0.22727272727272727,1.0,1,True,4,True,0.8181818181818181
T37,rudder_doublet,envelope,clo_+0.1,22,13,0.23076923076923078,0.38461538461538464,0.7348222227747113,1,True,15,True,0.31818181818181823
T37,rudder_doublet,envelope,cmalpha_x0.7,22,13,0.23076923076923078,0.38461538461538464,0.7659628769922887,1,True,12,True,0.4545454545454546
T37,rudder_doublet,envelope,cmq_x0.5,22,13,0.23076923076923078,0.38461538461538464,0.8739756975051093,1,True,6,True,0.7272727272727273
T37,rudder_doublet,envelope,inertia_x1.6,22,22,0.13636363636363635,0.22727272727272727,1.0,1,True,11,True,0.5
T37,rudder_doublet,iforest,clo_+0.1,22,13,0.23076923076923078,0.38461538461538464,0.9109096032172956,1,True,22,True,0.0
T37,rudder_doublet,iforest,cmalpha_x0.7,22,13,0.23076923076923078,0.3076923076923077,0.8343973278183806,1,True,22,True,0.0
T37,rudder_doublet,iforest,cmq_x0.5,22,13,0.23076923076923078,0.3076923076923077,0.8324062491185615,1,True,0,False,1.0
T37,rudder_doublet,iforest,inertia_x1.6,22,22,0.13636363636363635,0.22727272727272727,1.0,1,True,2,True,0.9090909090909091
T37,rudder_doublet,ks,clo_+0.1,22,13,0.23076923076923078,0.38461538461538464,0.9009490509490511,1,True,14,True,0.36363636363636365
T37,rudder_doublet,ks,cmalpha_x0.7,22,13,0.23076923076923078,0.3076923076923077,0.713441079837841,1,True,6,True,0.7272727272727273
T37,rudder_doublet,ks,cmq_x0.5,22,13,0.23076923076923078,0.38461538461538464,0.8645118039854883,1,True,6,True,0.7272727272727273
T37,rudder_doublet,ks,inertia_x1.6,22,22,0.13636363636363635,0.22727272727272727,1.0,1,True,13,True,0.40909090909090906
T37,rudder_doublet,regression,clo_+0.1,22,13,0.23076923076923078,0.38461538461538464,0.9514652014652014,1,True,11,True,0.5
T37,rudder_doublet,regression,cmalpha_x0.7,22,13,0.23076923076923078,0.38461538461538464,0.9243589743589744,1,True,7,True,0.6818181818181819
T37,rudder_doublet,regression,cmq_x0.5,22,13,0.23076923076923078,0.3076923076923077,0.8004551004551005,1,True,6,True,0.7272727272727273
T37,rudder_doublet,regression,inertia_x1.6,22,22,0.13636363636363635,0.22727272727272727,1.0,1,True,4,True,0.8181818181818181
T37,rudder_doublet,sig_dynamic,clo_+0.1,22,13,0.23076923076923078,0.38461538461538464,0.8017065536802381,1,True,16,True,0.2727272727272727
T37,rudder_doublet,sig_dynamic,cmalpha_x0.7,22,13,0.23076923076923078,0.38461538461538464,0.9076350999427922,1,True,16,True,0.2727272727272727
T37,rudder_doublet,sig_dynamic,cmq_x0.5,22,13,0.07692307692307693,0.23076923076923078,0.626137964599503,3,False,9,True,0.5909090909090908
T37,rudder_doublet,sig_dynamic,inertia_x1.6,22,22,0.13636363636363635,0.22727272727272727,1.0,1,True,10,True,0.5454545454545454
T37,rudder_doublet,sig_static,clo_+0.1,22,13,0.15384615384615385,0.3076923076923077,0.6340150948123084,1,True,9,True,0.5909090909090908
T37,rudder_doublet,sig_static,cmalpha_x0.7,22,13,0.23076923076923078,0.38461538461538464,0.920455612763305,1,True,11,True,0.5
T37,rudder_doublet,sig_static,cmq_x0.5,22,13,0.07692307692307693,0.23076923076923078,0.5308391041363177,2,False,4,True,0.8181818181818181
T37,rudder_doublet,sig_static,inertia_x1.6,22,22,0.13636363636363635,0.22727272727272727,1.0,1,True,9,True,0.5909090909090908
T37,throttle_step,envelope,clo_+0.1,22,13,0.23076923076923078,0.23076923076923078,0.6871808016544858,1,True,22,True,0.0
T37,throttle_step,envelope,cmalpha_x0.7,22,13,0.23076923076923078,0.38461538461538464,0.8279702753386965,1,True,6,True,0.7272727272727273
T37,throttle_step,envelope,cmq_x0.5,22,13,0.23076923076923078,0.38461538461538464,0.7910711021005137,1,True,15,True,0.31818181818181823
T37,throttle_step,envelope,inertia_x1.6,22,22,0.13636363636363635,0.22727272727272727,1.0,1,True,0,False,1.0
T37,throttle_step,iforest,clo_+0.1,22,13,0.23076923076923078,0.38461538461538464,0.811146533866229,1,True,22,True,0.0
T37,throttle_step,iforest,cmalpha_x0.7,22,13,0.23076923076923078,0.38461538461538464,0.8511799042163416,1,True,22,True,0.0
T37,throttle_step,iforest,cmq_x0.5,22,13,0.23076923076923078,0.3076923076923077,0.7890353712335135,1,True,2,True,0.9090909090909091
T37,throttle_step,iforest,inertia_x1.6,22,22,0.13636363636363635,0.22727272727272727,1.0,1,True,1,True,0.9545454545454546
T37,throttle_step,ks,clo_+0.1,22,13,0.23076923076923078,0.3076923076923077,0.896592384488312,1,True,22,True,0.0
T37,throttle_step,ks,cmalpha_x0.7,22,13,0.15384615384615385,0.3076923076923077,0.7237665730580711,1,True,2,True,0.9090909090909091
T37,throttle_step,ks,cmq_x0.5,22,13,0.23076923076923078,0.38461538461538464,0.8861321370936756,1,True,18,True,0.18181818181818177
T37,throttle_step,ks,inertia_x1.6,22,22,0.13636363636363635,0.22727272727272727,1.0,1,True,3,True,0.8636363636363636
T37,throttle_step,regression,clo_+0.1,22,13,0.15384615384615385,0.3076923076923077,0.815458152958153,1,True,22,True,0.0
T37,throttle_step,regression,cmalpha_x0.7,22,13,0.23076923076923078,0.38461538461538464,0.8032028435695976,1,True,8,True,0.6363636363636364
T37,throttle_step,regression,cmq_x0.5,22,13,0.23076923076923078,0.38461538461538464,1.0,1,True,12,True,0.4545454545454546
T37,throttle_step,regression,inertia_x1.6,22,22,0.13636363636363635,0.22727272727272727,1.0,1,True,7,True,0.6818181818181819
T37,throttle_step,sig_dynamic,clo_+0.1,22,13,0.23076923076923078,0.3076923076923077,0.7185410743103051,1,True,20,True,0.09090909090909094
T37,throttle_step,sig_dynamic,cmalpha_x0.7,22,13,0.07692307692307693,0.23076923076923078,0.5558175742386268,3,False,4,True,0.8181818181818181
T37,throttle_step,sig_dynamic,cmq_x0.5,22,13,0.23076923076923078,0.38461538461538464,0.9175875208382949,1,True,12,True,0.4545454545454546
T37,throttle_step,sig_dynamic,inertia_x1.6,22,22,0.13636363636363635,0.22727272727272727,1.0,1,True,1,True,0.9545454545454546
T37,throttle_step,sig_static,clo_+0.1,22,13,0.23076923076923078,0.3076923076923077,0.7796827441564285,1,True,20,True,0.09090909090909094
T37,throttle_step,sig_static,cmalpha_x0.7,22,13,0.07692307692307693,0.15384615384615385,0.45822293825092103,3,False,4,True,0.8181818181818181
T37,throttle_step,sig_static,cmq_x0.5,22,13,0.23076923076923078,0.38461538461538464,0.8101503158004708,1,True,8,True,0.6363636363636364
T37,throttle_step,sig_static,inertia_x1.6,22,22,0.13636363636363635,0.22727272727272727,1.0,1,True,2,True,0.9090909090909091
T38,aileron_step,envelope,clo_+0.1,22,13,0.23076923076923078,0.3076923076923077,0.6776933103677567,1,True,16,True,0.2727272727272727
T38,aileron_step,envelope,cmalpha_x0.7,22,13,0.23076923076923078,0.38461538461538464,0.8965102017138217,1,True,3,True,0.8636363636363636
T38,aileron_step,envelope,cmq_x0.5,22,13,0.23076923076923078,0.38461538461538464,0.9421568627450981,1,True,5,True,0.7727272727272727
T38,aileron_step,envelope,inertia_x1.6,22,22,0.13636363636363635,0.22727272727272727,1.0,1,True,8,True,0.6363636363636364
T38,aileron_step,iforest,clo_+0.1,22,13,0.15384615384615385,0.23076923076923078,0.6692720684623519,1,True,22,True,0.0
T38,aileron_step,iforest,cmalpha_x0.7,22,13,0.15384615384615385,0.23076923076923078,0.564342275371687,2,False,22,True,0.0
T38,aileron_step,iforest,cmq_x0.5,22,13,0.07692307692307693,0.07692307692307693,0.5353949413159939,2,False,0,False,1.0
T38,aileron_step,iforest,inertia_x1.6,22,22,0.13636363636363635,0.22727272727272727,1.0,1,True,0,False,1.0
T38,aileron_step,ks,clo_+0.1,22,13,0.23076923076923078,0.23076923076923078,0.788916638916639,1,True,5,True,0.7727272727272727
T38,aileron_step,ks,cmalpha_x0.7,22,13,0.23076923076923078,0.23076923076923078,0.745219976102329,1,True,0,False,1.0
T38,aileron_step,ks,cmq_x0.5,22,13,0.23076923076923078,0.38461538461538464,0.9079162515397333,1,True,2,True,0.9090909090909091
T38,aileron_step,ks,inertia_x1.6,22,22,0.13636363636363635,0.22727272727272727,1.0,1,True,1,True,0.9545454545454546
T38,aileron_step,regression,clo_+0.1,22,13,0.15384615384615385,0.15384615384615385,0.5490167598139734,1,True,13,True,0.40909090909090906
T38,aileron_step,regression,cmalpha_x0.7,22,13,0.15384615384615385,0.23076923076923078,0.5750616550896379,1,True,11,True,0.5
T38,aileron_step,regression,cmq_x0.5,22,13,0.23076923076923078,0.23076923076923078,0.5994816795096622,1,True,4,True,0.8181818181818181
T38,aileron_step,regression,inertia_x1.6,22,22,0.13636363636363635,0.22727272727272727,1.0,1,True,9,True,0.5909090909090908
T38,aileron_step,sig_dynamic,clo_+0.1,22,13,0.15384615384615385,0.23076923076923078,0.6159305005280238,2,False,14,True,0.36363636363636365
T38,aileron_step,sig_dynamic,cmalpha_x0.7,22,13,0.23076923076923078,0.3076923076923077,0.7324223420198653,1,True,9,True,0.5909090909090908
T38,aileron_step,sig_dynamic,cmq_x0.5,22,13,0.23076923076923078,0.23076923076923078,0.6750214096189329,1,True,0,False,1.0
T38,aileron_step,sig_dynamic,inertia_x1.6,22,22,0.13636363636363635,0.22727272727272727,1.0,1,True,3,True,0.8636363636363636
T38,aileron_step,sig_static,clo_+0.1,22,13,0.15384615384615385,0.15384615384615385,0.6478545970448805,1,True,7,True,0.6818181818181819
T38,aileron_step,sig_static,cmalpha_x0.7,22,13,0.15384615384615385,0.23076923076923078,0.7181553489245796,1,True,7,True,0.6818181818181819
T38,aileron_step,sig_static,cmq_x0.5,22,13,0.0,0.07692307692307693,0.494409857362346,4,False,1,False,0.9545454545454546
T38,aileron_step,sig_static,inertia_x1.6,22,22,0.13636363636363635,0.22727272727272727,1.0,1,True,2,True,0.9090909090909091
T38,bank_hold,envelope,clo_+0.1,22,13,0.23076923076923078,0.3076923076923077,0.6644736240711473,1,True,15,True,0.31818181818181823
T38,bank_hold,envelope,cmalpha_x0.7,22,13,0.15384615384615385,0.3076923076923077,0.7453711070226908,1,True,5,True,0.7727272727272727
T38,bank_hold,envelope,cmq_x0.5,22,13,0.23076923076923078,0.38461538461538464,0.8421128017281863,1,True,4,True,0.8181818181818181
T38,bank_hold,envelope,inertia_x1.6,22,22,0.13636363636363635,0.22727272727272727,1.0,1,True,7,True,0.6818181818181819
T38,bank_hold,iforest,clo_+0.1,22,13,0.23076923076923078,0.23076923076923078,0.6706473351210194,1,True,22,True,0.0
T38,bank_hold,iforest,cmalpha_x0.7,22,13,0.15384615384615385,0.3076923076923077,0.667848817848818,1,True,22,True,0.0
T38,bank_hold,iforest,cmq_x0.5,22,13,0.15384615384615385,0.3076923076923077,0.7076069481046857,2,False,0,False,1.0
T38,bank_hold,iforest,inertia_x1.6,22,22,0.13636363636363635,0.22727272727272727,1.0,1,True,0,False,1.0
T38,bank_hold,ks,clo_+0.1,22,13,0.23076923076923078,0.3076923076923077,0.7091130360867203,1,True,5,True,0.7727272727272727
T38,bank_hold,ks,cmalpha_x0.7,22,13,0.23076923076923078,0.38461538461538464,0.7500429395166239,1,True,1,True,0.9545454545454546
T38,bank_hold,ks,cmq_x0.5,22,13,0.15384615384615385,0.23076923076923078,0.6903581798318641,1,True,0,False,1.0
T38,bank_hold,ks,inertia_x1.6,22,22,0.13636363636363635,0.22727272727272727,1.0,1,True,1,True,0.9545454545454546
T38,bank_hold,regression,clo_+0.1,22,13,0.15384615384615385,0.3076923076923077,0.6337905644407192,1,True,16,True,0.2727272727272727
T38,bank_hold,regression,cmalpha_x0.7,22,13,0.23076923076923078,0.23076923076923078,0.7326999923153767,1,True,12,True,0.4545454545454546
T38,bank_hold,regression,cmq_x0.5,22,13,0.23076923076923078,0.38461538461538464,0.7468647451619588,1,True,4,True,0.8181818181818181
T38,bank_hold,regression,inertia_x1.6,22,22,0.13636363636363635,0.22727272727272727,1.0,1,True,9,True,0.5909090909090908
T38,bank_hold,sig_dynamic,clo_+0.1,22,13,0.15384615384615385,0.23076923076923078,0.7765318894278171,1,True,21,True,0.045454545454545414
T38,bank_hold,sig_dynamic,cmalpha_x0.7,22,13,0.23076923076923078,0.38461538461538464,0.8277041585865115,1,True,11,True,0.5
T38,bank_hold,sig_dynamic,cmq_x0.5,22,13,0.15384615384615385,0.23076923076923078,0.6055374450111292,1,True,3,True,0.8636363636363636
T38,bank_hold,sig_dynamic,inertia_x1.6,22,22,0.13636363636363635,0.22727272727272727,1.0,1,True,3,True,0.8636363636363636
T38,bank_hold,sig_static,clo_+0.1,22,13,0.23076923076923078,0.38461538461538464,0.8746727631343015,1,True,20,True,0.09090909090909094
T38,bank_hold,sig_static,cmalpha_x0.7,22,13,0.23076923076923078,0.38461538461538464,0.8810959957721092,1,True,17,True,0.2272727272727273
T38,bank_hold,sig_static,cmq_x0.5,22,13,0.23076923076923078,0.23076923076923078,0.5972838773118601,1,True,2,True,0.9090909090909091
T38,bank_hold,sig_static,inertia_x1.6,22,22,0.13636363636363635,0.22727272727272727,1.0,1,True,5,True,0.7727272727272727
T38,climbing_turn,envelope,cmalpha_x0.7,22,13,0.15384615384615385,0.3076923076923077,0.6800803384781713,1,True,9,True,0.5909090909090908
T38,climbing_turn,envelope,cmq_x0.5,22,13,0.15384615384615385,0.3076923076923077,0.7047615412821414,1,True,10,True,0.5454545454545454
T38,climbing_turn,envelope,inertia_x1.6,22,22,0.13636363636363635,0.22727272727272727,1.0,1,True,8,True,0.6363636363636364
T38,climbing_turn,iforest,cmalpha_x0.7,22,13,0.23076923076923078,0.3076923076923077,0.7976600322754168,1,True,22,True,0.0
T38,climbing_turn,iforest,cmq_x0.5,22,13,0.23076923076923078,0.3076923076923077,0.7618366676058983,1,True,0,False,1.0
T38,climbing_turn,iforest,inertia_x1.6,22,22,0.13636363636363635,0.22727272727272727,1.0,1,True,0,False,1.0
T38,climbing_turn,ks,cmalpha_x0.7,22,13,0.15384615384615385,0.23076923076923078,0.6557548102052746,1,True,1,True,0.9545454545454546
T38,climbing_turn,ks,cmq_x0.5,22,13,0.23076923076923078,0.3076923076923077,0.7368045359948194,1,True,1,True,0.9545454545454546
T38,climbing_turn,ks,inertia_x1.6,22,22,0.13636363636363635,0.22727272727272727,1.0,1,True,2,True,0.9090909090909091
T38,climbing_turn,regression,cmalpha_x0.7,22,13,0.15384615384615385,0.3076923076923077,0.6724330494067335,1,True,11,True,0.5
T38,climbing_turn,regression,cmq_x0.5,22,13,0.15384615384615385,0.3076923076923077,0.7207503836165423,2,False,9,True,0.5909090909090908
T38,climbing_turn,regression,inertia_x1.6,22,22,0.13636363636363635,0.22727272727272727,1.0,1,True,10,True,0.5454545454545454
T38,climbing_turn,sig_dynamic,cmalpha_x0.7,22,13,0.23076923076923078,0.3076923076923077,0.70009060261799,1,True,6,True,0.7272727272727273
T38,climbing_turn,sig_dynamic,cmq_x0.5,22,13,0.23076923076923078,0.3076923076923077,0.70226083685836,1,True,5,True,0.7727272727272727
T38,climbing_turn,sig_dynamic,inertia_x1.6,22,22,0.13636363636363635,0.22727272727272727,1.0,1,True,3,True,0.8636363636363636
T38,climbing_turn,sig_static,cmalpha_x0.7,22,13,0.23076923076923078,0.3076923076923077,0.861079041622028,1,True,12,True,0.4545454545454546
T38,climbing_turn,sig_static,cmq_x0.5,22,13,0.23076923076923078,0.3076923076923077,0.7501273236567355,1,True,2,True,0.9090909090909091
T38,climbing_turn,sig_static,inertia_x1.6,22,22,0.13636363636363635,0.22727272727272727,1.0,1,True,2,True,0.9090909090909091
T38,cruise,envelope,clo_+0.1,22,13,0.15384615384615385,0.23076923076923078,0.580529048628596,1,True,15,True,0.31818181818181823
T38,cruise,envelope,cmalpha_x0.7,22,13,0.07692307692307693,0.23076923076923078,0.6165217261371106,3,False,12,True,0.4545454545454546
T38,cruise,envelope,cmq_x0.5,22,13,0.15384615384615385,0.23076923076923078,0.6019417115392348,1,True,0,False,1.0
T38,cruise,envelope,inertia_x1.6,22,22,0.13636363636363635,0.22727272727272727,1.0,1,True,5,True,0.7727272727272727
T38,cruise,iforest,clo_+0.1,22,13,0.07692307692307693,0.15384615384615385,0.5593835988572831,1,True,22,True,0.0
T38,cruise,iforest,cmalpha_x0.7,22,13,0.15384615384615385,0.23076923076923078,0.6061926265367561,2,False,18,True,0.18181818181818177
T38,cruise,iforest,cmq_x0.5,22,13,0.15384615384615385,0.23076923076923078,0.6935948468456209,1,True,0,False,1.0
T38,cruise,iforest,inertia_x1.6,22,22,0.13636363636363635,0.22727272727272727,1.0,1,True,0,False,1.0
T38,cruise,ks,clo_+0.1,22,13,0.07692307692307693,0.23076923076923078,0.5229168981371886,3,False,13,True,0.40909090909090906
T38,cruise,ks,cmalpha_x0.7,22,13,0.23076923076923078,0.3076923076923077,0.807044125465178,1,True,7,True,0.6818181818181819
T38,cruise,ks,cmq_x0.5,22,13,0.15384615384615385,0.3076923076923077,0.6517308113283347,1,True,0,False,1.0
T38,cruise,ks,inertia_x1.6,22,22,0.13636363636363635,0.22727272727272727,1.0,1,True,1,True,0.9545454545454546
T38,cruise,regression,clo_+0.1,22,13,0.23076923076923078,0.38461538461538464,0.8053690848195493,1,True,18,True,0.18181818181818177
T38,cruise,regression,cmalpha_x0.7,22,13,0.23076923076923078,0.23076923076923078,0.7559603794897913,1,True,12,True,0.4545454545454546
T38,cruise,regression,cmq_x0.5,22,13,0.15384615384615385,0.23076923076923078,0.6090733698705835,1,True,0,False,1.0
T38,cruise,regression,inertia_x1.6,22,22,0.13636363636363635,0.22727272727272727,1.0,1,True,0,False,1.0
T38,cruise,sig_dynamic,clo_+0.1,22,13,0.23076923076923078,0.3076923076923077,0.7540487855533103,1,True,16,True,0.2727272727272727
T38,cruise,sig_dynamic,cmalpha_x0.7,22,13,0.15384615384615385,0.23076923076923078,0.7477496862112247,1,True,11,True,0.5
T38,cruise,sig_dynamic,cmq_x0.5,22,13,0.15384615384615385,0.15384615384615385,0.5632566865539002,2,False,2,True,0.9090909090909091
T38,cruise,sig_dynamic,inertia_x1.6,22,22,0.13636363636363635,0.22727272727272727,1.0,1,True,9,True,0.5909090909090908
T38,cruise,sig_static,clo_+0.1,22,13,0.23076923076923078,0.3076923076923077,0.7633727948773197,1,True,15,True,0.31818181818181823
T38,cruise,sig_static,cmalpha_x0.7,22,13,0.23076923076923078,0.38461538461538464,0.8239770463454674,1,True,9,True,0.5909090909090908
T38,cruise,sig_static,cmq_x0.5,22,13,0.15384615384615385,0.3076923076923077,0.6894724814229457,2,False,1,False,0.9545454545454546
T38,cruise,sig_static,inertia_x1.6,22,22,0.13636363636363635,0.22727272727272727,1.0,1,True,5,True,0.7727272727272727
T38,elev_doublet,envelope,clo_+0.1,22,13,0.07692307692307693,0.23076923076923078,0.5119195244701318,3,False,19,True,0.13636363636363635
T38,elev_doublet,envelope,cmalpha_x0.7,22,13,0.07692307692307693,0.23076923076923078,0.6376494850179062,3,False,12,True,0.4545454545454546
T38,elev_doublet,envelope,cmq_x0.5,22,13,0.23076923076923078,0.3076923076923077,0.7729672288495818,1,True,11,True,0.5
T38,elev_doublet,envelope,inertia_x1.6,22,22,0.13636363636363635,0.22727272727272727,1.0,1,True,13,True,0.40909090909090906
T38,elev_doublet,iforest,clo_+0.1,22,13,0.23076923076923078,0.3076923076923077,0.7059155155130388,1,True,22,True,0.0
T38,elev_doublet,iforest,cmalpha_x0.7,22,13,0.07692307692307693,0.07692307692307693,0.48800429711063187,3,False,22,True,0.0
T38,elev_doublet,iforest,cmq_x0.5,22,13,0.15384615384615385,0.3076923076923077,0.7014526323349853,2,False,0,False,1.0
T38,elev_doublet,iforest,inertia_x1.6,22,22,0.13636363636363635,0.22727272727272727,1.0,1,True,0,False,1.0
T38,elev_doublet,ks,clo_+0.1,22,13,0.15384615384615385,0.23076923076923078,0.6172530084294789,1,True,9,True,0.5909090909090908
T38,elev_doublet,ks,cmalpha_x0.7,22,13,0.07692307692307693,0.23076923076923078,0.6861693861693863,3,False,6,True,0.7272727272727273
T38,elev_doublet,ks,cmq_x0.5,22,13,0.23076923076923078,0.38461538461538464,0.9189349112426037,1,True,0,False,1.0
T38,elev_doublet,ks,inertia_x1.6,22,22,0.13636363636363635,0.22727272727272727,1.0,1,True,5,True,0.7727272727272727
T38,elev_doublet,regression,clo_+0.1,22,13,0.07692307692307693,0.23076923076923078,0.6373220346904559,3,False,20,True,0.09090909090909094
T38,elev_doublet,regression,cmalpha_x0.7,22,13,0.07692307692307693,0.23076923076923078,0.5882350492644609,3,False,13,True,0.40909090909090906
T38,elev_doublet,regression,cmq_x0.5,22,13,0.15384615384615385,0.3076923076923077,0.69486901986902,2,False,8,True,0.6363636363636364
T38,elev_doublet,regression,inertia_x1.6,22,22,0.13636363636363635,0.22727272727272727,1.0,1,True,13,True,0.40909090909090906
T38,elev_doublet,sig_dynamic,clo_+0.1,22,13,0.23076923076923078,0.3076923076923077,0.804489477340156,1,True,16,True,0.2727272727272727
T38,elev_doublet,sig_dynamic,cmalpha_x0.7,22,13,0.15384615384615385,0.3076923076923077,0.8624361749361749,1,True,11,True,0.5
T38,elev_doublet,sig_dynamic,cmq_x0.5,22,13,0.23076923076923078,0.38461538461538464,0.8603729603729603,1,True,0,False,1.0
T38,elev_doublet,sig_dynamic,inertia_x1.6,22,22,0.13636363636363635,0.22727272727272727,1.0,1,True,1,True,0.9545454545454546
T38,elev_doublet,sig_static,clo_+0.1,22,13,0.23076923076923078,0.23076923076923078,0.75267526591056,1,True,11,True,0.5
T38,elev_doublet,sig_static,cmalpha_x0.7,22,13,0.23076923076923078,0.3076923076923077,0.8305325895823633,1,True,10,True,0.5454545454545454
T38,elev_doublet,sig_static,cmq_x0.5,22,13,0.23076923076923078,0.38461538461538464,0.8490427872780812,1,True,0,False,1.0
T38,elev_doublet,sig_static,inertia_x1.6,22,22,0.13636363636363635,0.22727272727272727,1.0,1,True,0,False,1.0
T38,elev_doublet_distractor,envelope,clo_+0.1,22,13,0.23076923076923078,0.23076923076923078,0.6152736866478233,1,True,17,True,0.2272727272727273
T38,elev_doublet_distractor,envelope,cmalpha_x0.7,22,13,0.07692307692307693,0.23076923076923078,0.5212695070667206,3,False,7,True,0.6818181818181819
T38,elev_doublet_distractor,envelope,cmq_x0.5,22,13,0.23076923076923078,0.23076923076923078,0.6774508257480394,1,True,3,True,0.8636363636363636
T38,elev_doublet_distractor,envelope,inertia_x1.6,22,22,0.13636363636363635,0.22727272727272727,1.0,1,True,11,True,0.5
T38,elev_doublet_distractor,iforest,clo_+0.1,22,13,0.23076923076923078,0.23076923076923078,0.7693392078007464,1,True,22,True,0.0
T38,elev_doublet_distractor,iforest,cmalpha_x0.7,22,13,0.15384615384615385,0.3076923076923077,0.7128012956454252,1,True,22,True,0.0
T38,elev_doublet_distractor,iforest,cmq_x0.5,22,13,0.15384615384615385,0.3076923076923077,0.6109366751900688,1,True,0,False,1.0
T38,elev_doublet_distractor,iforest,inertia_x1.6,22,22,0.13636363636363635,0.22727272727272727,1.0,1,True,0,False,1.0
T38,elev_doublet_distractor,ks,clo_+0.1,22,13,0.23076923076923078,0.38461538461538464,0.8672743922743924,1,True,4,True,0.8181818181818181
T38,elev_doublet_distractor,ks,cmalpha_x0.7,22,13,0.23076923076923078,0.38461538461538464,0.8260502655239499,1,True,0,False,1.0
T38,elev_doublet_distractor,ks,cmq_x0.5,22,13,0.23076923076923078,0.38461538461538464,0.8098789368526211,1,True,0,False,1.0
T38,elev_doublet_distractor,ks,inertia_x1.6,22,22,0.13636363636363635,0.22727272727272727,1.0,1,True,0,False,1.0
T38,elev_doublet_distractor,regression,clo_+0.1,22,13,0.23076923076923078,0.38461538461538464,0.9422407720484643,1,True,19,True,0.13636363636363635
T38,elev_doublet_distractor,regression,cmalpha_x0.7,22,13,0.15384615384615385,0.23076923076923078,0.6226805246036015,2,False,15,True,0.31818181818181823
T38,elev_doublet_distractor,regression,cmq_x0.5,22,13,0.23076923076923078,0.38461538461538464,0.7420570528542665,1,True,6,True,0.7272727272727273
T38,elev_doublet_distractor,regression,inertia_x1.6,22,22,0.13636363636363635,0.22727272727272727,1.0,1,True,12,True,0.4545454545454546
T38,elev_doublet_distractor,sig_dynamic,clo_+0.1,22,13,0.23076923076923078,0.38461538461538464,0.962614308768155,1,True,16,True,0.2727272727272727
T38,elev_doublet_distractor,sig_dynamic,cmalpha_x0.7,22,13,0.23076923076923078,0.38461538461538464,0.863966802428341,1,True,6,True,0.7272727272727273
T38,elev_doublet_distractor,sig_dynamic,cmq_x0.5,22,13,0.23076923076923078,0.38461538461538464,0.7475434781936331,1,True,0,False,1.0
T38,elev_doublet_distractor,sig_dynamic,inertia_x1.6,22,22,0.13636363636363635,0.22727272727272727,1.0,1,True,3,True,0.8636363636363636
T38,elev_doublet_distractor,sig_static,clo_+0.1,22,13,0.23076923076923078,0.38461538461538464,0.9021618903971846,1,True,9,True,0.5909090909090908
T38,elev_doublet_distractor,sig_static,cmalpha_x0.7,22,13,0.23076923076923078,0.38461538461538464,0.8755674064497594,1,True,3,True,0.8636363636363636
T38,elev_doublet_distractor,sig_static,cmq_x0.5,22,13,0.15384615384615385,0.15384615384615385,0.6561936994629303,1,True,0,False,1.0
T38,elev_doublet_distractor,sig_static,inertia_x1.6,22,22,0.13636363636363635,0.22727272727272727,1.0,1,True,0,False,1.0
T38,elev_step,envelope,clo_+0.1,22,13,0.15384615384615385,0.23076923076923078,0.5324945000224828,2,False,18,True,0.18181818181818177
T38,elev_step,envelope,cmalpha_x0.7,22,13,0.07692307692307693,0.23076923076923078,0.5797883677408563,3,False,18,True,0.18181818181818177
T38,elev_step,envelope,cmq_x0.5,22,13,0.23076923076923078,0.38461538461538464,0.8303023899177746,1,True,12,True,0.4545454545454546
T38,elev_step,envelope,inertia_x1.6,22,22,0.13636363636363635,0.22727272727272727,1.0,1,True,8,True,0.6363636363636364
T38,elev_step,iforest,clo_+0.1,22,13,0.0,0.07692307692307693,0.4527370779573685,5,False,22,True,0.0
T38,elev_step,iforest,cmalpha_x0.7,22,13,0.0,0.15384615384615385,0.49266894096615454,4,False,22,True,0.0
T38,elev_step,iforest,cmq_x0.5,22,13,0.15384615384615385,0.3076923076923077,0.6615405842602793,1,True,0,False,1.0
T38,elev_step,iforest,inertia_x1.6,22,22,0.13636363636363635,0.22727272727272727,1.0,1,True,0,False,1.0
T38,elev_step,ks,clo_+0.1,22,13,0.07692307692307693,0.23076923076923078,0.5775960768875747,2,False,12,True,0.4545454545454546
T38,elev_step,ks,cmalpha_x0.7,22,13,0.07692307692307693,0.15384615384615385,0.5547395388607582,3,False,12,True,0.4545454545454546
T38,elev_step,ks,cmq_x0.5,22,13,0.15384615384615385,0.3076923076923077,0.7344426940580786,1,True,5,True,0.7727272727272727
T38,elev_step,ks,inertia_x1.6,22,22,0.13636363636363635,0.22727272727272727,1.0,1,True,5,True,0.7727272727272727
T38,elev_step,regression,clo_+0.1,22,13,0.15384615384615385,0.23076923076923078,0.7262425608579455,1,True,19,True,0.13636363636363635
T38,elev_step,regression,cmalpha_x0.7,22,13,0.07692307692307693,0.23076923076923078,0.7062373748608568,3,False,18,True,0.18181818181818177
T38,elev_step,regression,cmq_x0.5,22,13,0.23076923076923078,0.38461538461538464,0.919080919080919,1,True,11,True,0.5
T38,elev_step,regression,inertia_x1.6,22,22,0.13636363636363635,0.22727272727272727,1.0,1,True,10,True,0.5454545454545454
T38,elev_step,sig_dynamic,clo_+0.1,22,13,0.07692307692307693,0.23076923076923078,0.6037621054291691,2,False,15,True,0.31818181818181823
T38,elev_step,sig_dynamic,cmalpha_x0.7,22,13,0.15384615384615385,0.15384615384615385,0.6234347798083211,1,True,14,True,0.36363636363636365
T38,elev_step,sig_dynamic,cmq_x0.5,22,13,0.07692307692307693,0.07692307692307693,0.5211122211122211,2,False,0,False,1.0
T38,elev_step,sig_dynamic,inertia_x1.6,22,22,0.13636363636363635,0.22727272727272727,1.0,1,True,3,True,0.8636363636363636
T38,elev_step,sig_static,clo_+0.1,22,13,0.15384615384615385,0.23076923076923078,0.6798443565114201,1,True,14,True,0.36363636363636365
T38,elev_step,sig_static,cmalpha_x0.7,22,13,0.15384615384615385,0.23076923076923078,0.6694108797317895,1,True,10,True,0.5454545454545454
T38,elev_step,sig_static,cmq_x0.5,22,13,0.0,0.0,0.4483980329955562,6,False,1,False,0.9545454545454546
T38,elev_step,sig_static,inertia_x1.6,22,22,0.13636363636363635,0.22727272727272727,1.0,1,True,1,True,0.9545454545454546
T38,engine_cut,envelope,clo_+0.1,22,13,0.15384615384615385,0.3076923076923077,0.6763719124013243,1,True,22,True,0.0
T38,engine_cut,envelope,cmalpha_x0.7,22,13,0.23076923076923078,0.38461538461538464,0.8198641439532129,1,True,12,True,0.4545454545454546
T38,engine_cut,envelope,cmq_x0.5,22,13,0.23076923076923078,0.3076923076923077,0.7840783485520328,1,True,14,True,0.36363636363636365
T38,engine_cut,envelope,inertia_x1.6,22,22,0.13636363636363635,0.22727272727272727,1.0,1,True,14,True,0.36363636363636365
T38,engine_cut,iforest,clo_+0.1,22,13,0.15384615384615385,0.23076923076923078,0.6478521280259789,1,True,22,True,0.0
T38,engine_cut,iforest,cmalpha_x0.7,22,13,0.15384615384615385,0.15384615384615385,0.611873545271378,1,True,22,True,0.0
T38,engine_cut,iforest,cmq_x0.5,22,13,0.23076923076923078,0.38461538461538464,0.7909875381029227,1,True,0,False,1.0
T38,engine_cut,iforest,inertia_x1.6,22,22,0.13636363636363635,0.22727272727272727,1.0,1,True,0,False,1.0
T38,engine_cut,ks,clo_+0.1,22,13,0.15384615384615385,0.3076923076923077,0.679149127446341,1,True,16,True,0.2727272727272727
T38,engine_cut,ks,cmalpha_x0.7,22,13,0.23076923076923078,0.38461538461538464,0.7257297527034369,1,True,3,True,0.8636363636363636
T38,engine_cut,ks,cmq_x0.5,22,13,0.23076923076923078,0.3076923076923077,0.7113811025575731,1,True,12,True,0.4545454545454546
T38,engine_cut,ks,inertia_x1.6,22,22,0.13636363636363635,0.22727272727272727,1.0,1,True,11,True,0.5
T38,engine_cut,regression,clo_+0.1,22,13,0.23076923076923078,0.3076923076923077,0.8279347286700228,1,True,22,True,0.0
T38,engine_cut,regression,cmalpha_x0.7,22,13,0.23076923076923078,0.38461538461538464,0.9408882783882784,1,True,20,True,0.09090909090909094
T38,engine_cut,regression,cmq_x0.5,22,13,0.23076923076923078,0.3076923076923077,0.9003024753024752,1,True,19,True,0.13636363636363635
T38,engine_cut,regression,inertia_x1.6,22,22,0.13636363636363635,0.22727272727272727,1.0,1,True,17,True,0.2272727272727273
T38,engine_cut,sig_dynamic,clo_+0.1,22,13,0.23076923076923078,0.23076923076923078,0.6832981002485645,1,True,22,True,0.0
T38,engine_cut,sig_dynamic,cmalpha_x0.7,22,13,0.15384615384615385,0.15384615384615385,0.6759488626004463,1,True,15,True,0.31818181818181823
T38,engine_cut,sig_dynamic,cmq_x0.5,22,13,0.23076923076923078,0.38461538461538464,0.8058664113796289,1,True,11,True,0.5
T38,engine_cut,sig_dynamic,inertia_x1.6,22,22,0.13636363636363635,0.22727272727272727,1.0,1,True,12,True,0.4545454545454546
T38,engine_cut,sig_static,clo_+0.1,22,13,0.15384615384615385,0.3076923076923077,0.8467402480560374,1,True,22,True,0.0
T38,engine_cut,sig_static,cmalpha_x0.7,22,13,0.07692307692307693,0.15384615384615385,0.5555880651855885,1,True,21,True,0.045454545454545414
T38,engine_cut,sig_static,cmq_x0.5,22,13,0.23076923076923078,0.3076923076923077,0.7158853966546275,1,True,4,True,0.8181818181818181
T38,engine_cut,sig_static,inertia_x1.6,22,22,0.13636363636363635,0.22727272727272727,1.0,1,True,5,True,0.7727272727272727
T38,flap_extend,envelope,clo_+0.1,22,13,0.15384615384615385,0.15384615384615385,0.5917563543069616,1,True,16,True,0.2727272727272727
T38,flap_extend,envelope,cmq_x0.5,22,13,0.23076923076923078,0.38461538461538464,0.7805925848912274,1,True,11,True,0.5
T38,flap_extend,envelope,inertia_x1.6,22,22,0.13636363636363635,0.22727272727272727,1.0,1,True,9,True,0.5909090909090908
T38,flap_extend,iforest,clo_+0.1,22,13,0.07692307692307693,0.15384615384615385,0.5345326328298464,1,True,22,True,0.0
T38,flap_extend,iforest,cmq_x0.5,22,13,0.15384615384615385,0.3076923076923077,0.7173843868681927,2,False,0,False,1.0
T38,flap_extend,iforest,inertia_x1.6,22,22,0.13636363636363635,0.22727272727272727,1.0,1,True,0,False,1.0
T38,flap_extend,ks,clo_+0.1,22,13,0.07692307692307693,0.15384615384615385,0.5615786174609704,3,False,8,True,0.6363636363636364
T38,flap_extend,ks,cmq_x0.5,22,13,0.07692307692307693,0.23076923076923078,0.6348299017803662,1,True,1,True,0.9545454545454546
T38,flap_extend,ks,inertia_x1.6,22,22,0.13636363636363635,0.22727272727272727,1.0,1,True,3,True,0.8636363636363636
T38,flap_extend,regression,clo_+0.1,22,13,0.07692307692307693,0.15384615384615385,0.5506957352932585,3,False,22,True,0.0
T38,flap_extend,regression,cmq_x0.5,22,13,0.23076923076923078,0.3076923076923077,0.7223680103204989,1,True,17,True,0.2272727272727273
T38,flap_extend,regression,inertia_x1.6,22,22,0.13636363636363635,0.22727272727272727,1.0,1,True,11,True,0.5
T38,flap_extend,sig_dynamic,clo_+0.1,22,13,0.07692307692307693,0.15384615384615385,0.5153531297762066,3,False,17,True,0.2272727272727273
T38,flap_extend,sig_dynamic,cmq_x0.5,22,13,0.07692307692307693,0.15384615384615385,0.6217708510694936,1,True,6,True,0.7272727272727273
T38,flap_extend,sig_dynamic,inertia_x1.6,22,22,0.13636363636363635,0.22727272727272727,1.0,1,True,4,True,0.8181818181818181
T38,flap_extend,sig_static,clo_+0.1,22,13,0.07692307692307693,0.15384615384615385,0.6088245653290902,2,False,19,True,0.13636363636363635
T38,flap_extend,sig_static,cmq_x0.5,22,13,0.07692307692307693,0.23076923076923078,0.5706831567125683,3,False,4,True,0.8181818181818181
T38,flap_extend,sig_static,inertia_x1.6,22,22,0.13636363636363635,0.22727272727272727,1.0,1,True,2,True,0.9090909090909091
T38,rudder_doublet,envelope,clo_+0.1,22,13,0.23076923076923078,0.3076923076923077,0.7132297527034369,1,True,17,True,0.2272727272727273
T38,rudder_doublet,envelope,cmalpha_x0.7,22,13,0.23076923076923078,0.38461538461538464,0.7006369345110712,1,True,11,True,0.5
T38,rudder_doublet,envelope,cmq_x0.5,22,13,0.23076923076923078,0.3076923076923077,0.6510314118286255,1,True,10,True,0.5454545454545454
T38,rudder_doublet,envelope,inertia_x1.6,22,22,0.13636363636363635,0.22727272727272727,1.0,1,True,9,True,0.5909090909090908
T38,rudder_doublet,iforest,clo_+0.1,22,13,0.23076923076923078,0.3076923076923077,0.7131423401160243,1,True,22,True,0.0
T38,rudder_doublet,iforest,cmalpha_x0.7,22,13,0.23076923076923078,0.3076923076923077,0.7410957513154466,1,True,22,True,0.0
T38,rudder_doublet,iforest,cmq_x0.5,22,13,0.0,0.15384615384615385,0.511347802524273,4,False,0,False,1.0
T38,rudder_doublet,iforest,inertia_x1.6,22,22,0.13636363636363635,0.22727272727272727,1.0,1,True,0,False,1.0
T38,rudder_doublet,ks,clo_+0.1,22,13,0.23076923076923078,0.38461538461538464,0.9009490509490511,1,True,6,True,0.7272727272727273
T38,rudder_doublet,ks,cmalpha_x0.7,22,13,0.23076923076923078,0.38461538461538464,0.8645118039854883,1,True,5,True,0.7727272727272727
T38,rudder_doublet,ks,cmq_x0.5,22,13,0.23076923076923078,0.38461538461538464,0.8645118039854883,1,True,1,True,0.9545454545454546
T38,rudder_doublet,ks,inertia_x1.6,22,22,0.13636363636363635,0.22727272727272727,1.0,1,True,3,True,0.8636363636363636
T38,rudder_doublet,regression,clo_+0.1,22,13,0.23076923076923078,0.38461538461538464,0.8538269422884809,1,True,20,True,0.09090909090909094
T38,rudder_doublet,regression,cmalpha_x0.7,22,13,0.23076923076923078,0.3076923076923077,0.7030918513890652,1,True,13,True,0.40909090909090906
T38,rudder_doublet,regression,cmq_x0.5,22,13,0.23076923076923078,0.3076923076923077,0.6356467964440101,1,True,2,True,0.9090909090909091
T38,rudder_doublet,regression,inertia_x1.6,22,22,0.13636363636363635,0.22727272727272727,1.0,1,True,4,True,0.8181818181818181
T38,rudder_doublet,sig_dynamic,clo_+0.1,22,13,0.23076923076923078,0.38461538461538464,0.8329682013892541,1,True,17,True,0.2272727272727273
T38,rudder_doublet,sig_dynamic,cmalpha_x0.7,22,13,0.23076923076923078,0.38461538461538464,0.838966802428341,1,True,7,True,0.6818181818181819
T38,rudder_doublet,sig_dynamic,cmq_x0.5,22,13,0.23076923076923078,0.38461538461538464,0.8881285381285383,1,True,3,True,0.8636363636363636
T38,rudder_doublet,sig_dynamic,inertia_x1.6,22,22,0.13636363636363635,0.22727272727272727,1.0,1,True,5,True,0.7727272727272727
T38,rudder_doublet,sig_static,clo_+0.1,22,13,0.23076923076923078,0.38461538461538464,0.9076350999427922,1,True,10,True,0.5454545454545454
T38,rudder_doublet,sig_static,cmalpha_x0.7,22,13,0.23076923076923078,0.3076923076923077,0.8549516722593646,1,True,4,True,0.8181818181818181
T38,rudder_doublet,sig_static,cmq_x0.5,22,13,0.15384615384615385,0.3076923076923077,0.7700662585277971,1,True,3,True,0.8636363636363636
T38,rudder_doublet,sig_static,inertia_x1.6,22,22,0.13636363636363635,0.22727272727272727,1.0,1,True,2,True,0.9090909090909091
T38,throttle_step,envelope,clo_+0.1,22,13,0.23076923076923078,0.3076923076923077,0.7458479177936191,1,True,16,True,0.2727272727272727
T38,throttle_step,envelope,cmalpha_x0.7,22,13,0.23076923076923078,0.38461538461538464,0.7910502902405737,1,True,8,True,0.6363636363636364
T38,throttle_step,envelope,cmq_x0.5,22,13,0.23076923076923078,0.3076923076923077,0.7563908869041044,1,True,4,True,0.8181818181818181
T38,throttle_step,envelope,inertia_x1.6,22,22,0.13636363636363635,0.22727272727272727,1.0,1,True,6,True,0.7272727272727273
T38,throttle_step,iforest,clo_+0.1,22,13,0.15384615384615385,0.23076923076923078,0.6901312997288229,1,True,22,True,0.0
T38,throttle_step,iforest,cmalpha_x0.7,22,13,0.07692307692307693,0.15384615384615385,0.5590938919380214,1,True,22,True,0.0
T38,throttle_step,iforest,cmq_x0.5,22,13,0.15384615384615385,0.3076923076923077,0.6180358047260882,2,False,0,False,1.0
T38,throttle_step,iforest,inertia_x1.6,22,22,0.13636363636363635,0.22727272727272727,1.0,1,True,22,True,0.0
T38,throttle_step,ks,clo_+0.1,22,13,0.23076923076923078,0.38461538461538464,0.915967365967366,1,True,13,True,0.40909090909090906
T38,throttle_step,ks,cmalpha_x0.7,22,13,0.23076923076923078,0.38461538461538464,0.7930832325569169,1,True,4,True,0.8181818181818181
T38,throttle_step,ks,cmq_x0.5,22,13,0.23076923076923078,0.38461538461538464,0.8260502655239499,1,True,6,True,0.7272727272727273
T38,throttle_step,ks,inertia_x1.6,22,22,0.13636363636363635,0.22727272727272727,1.0,1,True,3,True,0.8636363636363636
T38,throttle_step,regression,clo_+0.1,22,13,0.23076923076923078,0.38461538461538464,0.8146866291603134,1,True,20,True,0.09090909090909094
T38,throttle_step,regression,cmalpha_x0.7,22,13,0.15384615384615385,0.3076923076923077,0.8453279348790185,1,True,17,True,0.2272727272727273
T38,throttle_step,regression,cmq_x0.5,22,13,0.23076923076923078,0.3076923076923077,0.7976451910662438,1,True,5,True,0.7727272727272727
T38,throttle_step,regression,inertia_x1.6,22,22,0.13636363636363635,0.22727272727272727,1.0,1,True,4,True,0.8181818181818181
T38,throttle_step,sig_dynamic,clo_+0.1,22,13,0.23076923076923078,0.38461538461538464,0.8122055232349349,1,True,19,True,0.13636363636363635
T38,throttle_step,sig_dynamic,cmalpha_x0.7,22,13,0.23076923076923078,0.23076923076923078,0.699254585283997,1,True,18,True,0.18181818181818177
T38,throttle_step,sig_dynamic,cmq_x0.5,22,13,0.23076923076923078,0.38461538461538464,0.7935716330453174,1,True,7,True,0.6818181818181819
T38,throttle_step,sig_dynamic,inertia_x1.6,22,22,0.13636363636363635,0.22727272727272727,1.0,1,True,3,True,0.8636363636363636
T38,throttle_step,sig_static,clo_+0.1,22,13,0.23076923076923078,0.38461538461538464,0.8707655592270976,1,True,18,True,0.18181818181818177
T38,throttle_step,sig_static,cmalpha_x0.7,22,13,0.23076923076923078,0.3076923076923077,0.7349260051689203,1,True,9,True,0.5909090909090908
T38,throttle_step,sig_static,cmq_x0.5,22,13,0.23076923076923078,0.38461538461538464,0.7781952359381511,1,True,4,True,0.8181818181818181
T38,throttle_step,sig_static,inertia_x1.6,22,22,0.13636363636363635,0.22727272727272727,1.0,1,True,1,True,0.9545454545454546
c172p,aileron_step,envelope,clo_+0.1,22,13,0.23076923076923078,0.3076923076923077,0.6734198060942524,1,True,10,True,0.5454545454545454
c172p,aileron_step,envelope,cmalpha_x0.7,22,13,0.15384615384615385,0.15384615384615385,0.5771132650657537,1,True,3,True,0.8636363636363636
c172p,aileron_step,envelope,cmq_x0.5,22,13,0.07692307692307693,0.15384615384615385,0.5431478721458478,1,True,4,True,0.8181818181818181
c172p,aileron_step,envelope,inertia_x1.6,22,22,0.13636363636363635,0.22727272727272727,1.0,1,True,9,True,0.5909090909090908
c172p,aileron_step,iforest,clo_+0.1,22,13,0.23076923076923078,0.3076923076923077,0.7815381199996584,1,True,22,True,0.0
c172p,aileron_step,iforest,cmalpha_x0.7,22,13,0.07692307692307693,0.07692307692307693,0.4987280151247762,2,False,0,False,1.0
c172p,aileron_step,iforest,cmq_x0.5,22,13,0.15384615384615385,0.23076923076923078,0.6823618632829158,1,True,0,False,1.0
c172p,aileron_step,iforest,inertia_x1.6,22,22,0.13636363636363635,0.22727272727272727,1.0,1,True,0,False,1.0
c172p,aileron_step,ks,clo_+0.1,22,13,0.23076923076923078,0.3076923076923077,0.7347748656572186,1,True,5,True,0.7727272727272727
c172p,aileron_step,ks,cmalpha_x0.7,22,13,0.23076923076923078,0.23076923076923078,0.7161084579071004,1,True,1,False,0.9545454545454546
c172p,aileron_step,ks,cmq_x0.5,22,13,0.15384615384615385,0.3076923076923077,0.677848922332728,2,False,2,True,0.9090909090909091
c172p,aileron_step,ks,inertia_x1.6,22,22,0.13636363636363635,0.22727272727272727,1.0,1,True,2,True,0.9090909090909091
c172p,aileron_step,regression,clo_+0.1,22,13,0.23076923076923078,0.3076923076923077,0.695031527705974,1,True,5,True,0.7727272727272727
c172p,aileron_step,regression,cmalpha_x0.7,22,13,0.23076923076923078,0.23076923076923078,0.6080286880566709,1,True,1,True,0.9545454545454546
c172p,aileron_step,regression,cmq_x0.5,22,13,0.23076923076923078,0.38461538461538464,0.9355644355644356,1,True,3,True,0.8636363636363636
c172p,aileron_step,regression,inertia_x1.6,22,22,0.13636363636363635,0.22727272727272727,1.0,1,True,9,True,0.5909090909090908
c172p,aileron_step,sig_dynamic,clo_+0.1,22,13,0.23076923076923078,0.3076923076923077,0.7026230140423996,1,True,1,True,0.9545454545454546
c172p,aileron_step,sig_dynamic,cmalpha_x0.7,22,13,0.23076923076923078,0.38461538461538464,0.8563672438672439,1,True,3,True,0.8636363636363636
c172p,aileron_step,sig_dynamic,cmq_x0.5,22,13,0.23076923076923078,0.3076923076923077,0.7904933685298057,1,True,5,True,0.7727272727272727
c172p,aileron_step,sig_dynamic,inertia_x1.6,22,22,0.13636363636363635,0.22727272727272727,1.0,1,True,3,True,0.8636363636363636
c172p,aileron_step,sig_static,clo_+0.1,22,13,0.23076923076923078,0.38461538461538464,0.7577851972588815,1,True,0,False,1.0
c172p,aileron_step,sig_static,cmalpha_x0.7,22,13,0.23076923076923078,0.38461538461538464,0.8222707847707847,1,True,0,False,1.0
c172p,aileron_step,sig_static,cmq_x0.5,22,13,0.23076923076923078,0.38461538461538464,0.882305358040652,1,True,3,True,0.8636363636363636
c172p,aileron_step,sig_static,inertia_x1.6,22,22,0.13636363636363635,0.22727272727272727,1.0,1,True,0,False,1.0
c172p,bank_hold,envelope,clo_+0.1,22,13,0.23076923076923078,0.38461538461538464,0.7959646004150648,1,True,16,True,0.2727272727272727
c172p,bank_hold,envelope,cmalpha_x0.7,22,13,0.15384615384615385,0.23076923076923078,0.665447963298642,2,False,5,True,0.7727272727272727
c172p,bank_hold,envelope,cmq_x0.5,22,13,0.15384615384615385,0.3076923076923077,0.7631585860092645,1,True,10,True,0.5454545454545454
c172p,bank_hold,envelope,inertia_x1.6,22,22,0.13636363636363635,0.22727272727272727,1.0,1,True,13,True,0.40909090909090906
c172p,bank_hold,iforest,clo_+0.1,22,13,0.23076923076923078,0.38461538461538464,0.9157243962673827,1,True,22,True,0.0
c172p,bank_hold,iforest,cmalpha_x0.7,22,13,0.15384615384615385,0.3076923076923077,0.8339422894852758,1,True,0,False,1.0
c172p,bank_hold,iforest,cmq_x0.5,22,13,0.15384615384615385,0.15384615384615385,0.4987554826296193,2,False,0,False,1.0
c172p,bank_hold,iforest,inertia_x1.6,22,22,0.13636363636363635,0.22727272727272727,1.0,1,True,0,False,1.0
c172p,bank_hold,ks,clo_+0.1,22,13,0.23076923076923078,0.38461538461538464,0.7816417500628027,1,True,6,True,0.7272727272727273
c172p,bank_hold,ks,cmalpha_x0.7,22,13,0.0,0.07692307692307693,0.4373896049175877,5,False,0,False,1.0
c172p,bank_hold,ks,cmq_x0.5,22,13,0.15384615384615385,0.3076923076923077,0.762311463046757,1,True,2,True,0.9090909090909091
c172p,bank_hold,ks,inertia_x1.6,22,22,0.13636363636363635,0.22727272727272727,1.0,1,True,3,True,0.8636363636363636
c172p,bank_hold,regression,clo_+0.1,22,13,0.23076923076923078,0.3076923076923077,0.843009768009768,1,True,11,True,0.5
c172p,bank_hold,regression,cmalpha_x0.7,22,13,0.23076923076923078,0.23076923076923078,0.6208557035301498,1,True,1,True,0.9545454545454546
c172p,bank_hold,regression,cmq_x0.5,22,13,0.23076923076923078,0.38461538461538464,0.9377622377622378,1,True,10,True,0.5454545454545454
c172p,bank_hold,regression,inertia_x1.6,22,22,0.13636363636363635,0.22727272727272727,1.0,1,True,9,True,0.5909090909090908
c172p,bank_hold,sig_dynamic,clo_+0.1,22,13,0.23076923076923078,0.38461538461538464,0.9038156288156288,1,True,11,True,0.5
c172p,bank_hold,sig_dynamic,cmalpha_x0.7,22,13,0.15384615384615385,0.3076923076923077,0.6479699787392096,2,False,0,False,1.0
c172p,bank_hold,sig_dynamic,cmq_x0.5,22,13,0.23076923076923078,0.3076923076923077,0.8442918192918193,1,True,5,True,0.7727272727272727
c172p,bank_hold,sig_dynamic,inertia_x1.6,22,22,0.13636363636363635,0.22727272727272727,1.0,1,True,1,True,0.9545454545454546
c172p,bank_hold,sig_static,clo_+0.1,22,13,0.15384615384615385,0.3076923076923077,0.6862684958660191,1,True,7,True,0.6818181818181819
c172p,bank_hold,sig_static,cmalpha_x0.7,22,13,0.23076923076923078,0.23076923076923078,0.6739275618800507,1,True,1,True,0.9545454545454546
c172p,bank_hold,sig_static,cmq_x0.5,22,13,0.15384615384615385,0.23076923076923078,0.6936535686535686,1,True,0,False,1.0
c172p,bank_hold,sig_static,inertia_x1.6,22,22,0.13636363636363635,0.22727272727272727,1.0,1,True,0,False,1.0
c172p,climbing_turn,envelope,clo_+0.1,22,13,0.23076923076923078,0.3076923076923077,0.7007207103182334,1,True,15,True,0.31818181818181823
c172p,climbing_turn,envelope,cmalpha_x0.7,22,13,0.23076923076923078,0.38461538461538464,0.8100633284843811,1,True,18,True,0.18181818181818177
c172p,climbing_turn,envelope,cmq_x0.5,22,13,0.23076923076923078,0.38461538461538464,0.7712262040703336,1,True,17,True,0.2272727272727273
c172p,climbing_turn,envelope,inertia_x1.6,22,22,0.13636363636363635,0.22727272727272727,1.0,1,True,18,True,0.18181818181818177
c172p,climbing_turn,iforest,clo_+0.1,22,13,0.15384615384615385,0.3076923076923077,0.7672822705330445,1,True,22,True,0.0
c172p,climbing_turn,iforest,cmalpha_x0.7,22,13,0.23076923076923078,0.38461538461538464,0.778118450838146,1,True,0,False,1.0
c172p,climbing_turn,iforest,cmq_x0.5,22,13,0.0,0.15384615384615385,0.554478528668812,4,False,0,False,1.0
c172p,climbing_turn,iforest,inertia_x1.6,22,22,0.13636363636363635,0.22727272727272727,1.0,1,True,0,False,1.0
c172p,climbing_turn,ks,clo_+0.1,22,13,0.23076923076923078,0.38461538461538464,0.7950035258858787,1,True,11,True,0.5
c172p,climbing_turn,ks,cmalpha_x0.7,22,13,0.07692307692307693,0.23076923076923078,0.5800808110018636,3,False,9,True,0.5909090909090908
c172p,climbing_turn,ks,cmq_x0.5,22,13,0.23076923076923078,0.3076923076923077,0.8255537762890703,1,True,12,True,0.4545454545454546
c172p,climbing_turn,ks,inertia_x1.6,22,22,0.13636363636363635,0.22727272727272727,1.0,1,True,6,True,0.7272727272727273
c172p,climbing_turn,regression,clo_+0.1,22,13,0.15384615384615385,0.23076923076923078,0.6831758236735612,1,True,18,True,0.18181818181818177
c172p,climbing_turn,regression,cmalpha_x0.7,22,13,0.15384615384615385,0.3076923076923077,0.8360778110778109,1,True,15,True,0.31818181818181823
c172p,climbing_turn,regression,cmq_x0.5,22,13,0.15384615384615385,0.23076923076923078,0.714392928589761,1,True,16,True,0.2727272727272727
c172p,climbing_turn,regression,inertia_x1.6,22,22,0.13636363636363635,0.22727272727272727,1.0,1,True,13,True,0.40909090909090906
c172p,climbing_turn,sig_dynamic,clo_+0.1,22,13,0.23076923076923078,0.38461538461538464,0.7112878220850357,1,True,18,True,0.18181818181818177
c172p,climbing_turn,sig_dynamic,cmalpha_x0.7,22,13,0.07692307692307693,0.15384615384615385,0.5335720840245727,2,False,12,True,0.4545454545454546
c172p,climbing_turn,sig_dynamic,cmq_x0.5,22,13,0.15384615384615385,0.3076923076923077,0.7147997552974927,1,True,10,True,0.5454545454545454
c172p,climbing_turn,sig_dynamic,inertia_x1.6,22,22,0.13636363636363635,0.22727272727272727,1.0,1,True,8,True,0.6363636363636364
c172p,climbing_turn,sig_static,clo_+0.1,22,13,0.15384615384615385,0.23076923076923078,0.6005010958452254,1,True,13,True,0.40909090909090906
c172p,climbing_turn,sig_static,cmalpha_x0.7,22,13,0.07692307692307693,0.23076923076923078,0.5755708601683833,3,False,3,False,0.8636363636363636
c172p,climbing_turn,sig_static,cmq_x0.5,22,13,0.23076923076923078,0.3076923076923077,0.7849761349761348,1,True,2,True,0.9090909090909091
c172p,climbing_turn,sig_static,inertia_x1.6,22,22,0.13636363636363635,0.22727272727272727,1.0,1,True,2,True,0.9090909090909091
c172p,cruise,envelope,clo_+0.1,22,13,0.07692307692307693,0.23076923076923078,0.5169600265575497,3,False,16,True,0.2727272727272727
c172p,cruise,envelope,cmalpha_x0.7,22,13,0.15384615384615385,0.15384615384615385,0.5686806743308291,1,True,14,True,0.36363636363636365
c172p,cruise,envelope,cmq_x0.5,22,13,0.23076923076923078,0.3076923076923077,0.6863693942135238,1,True,11,True,0.5
c172p,cruise,envelope,inertia_x1.6,22,22,0.13636363636363635,0.22727272727272727,1.0,1,True,14,True,0.36363636363636365
c172p,cruise,iforest,clo_+0.1,22,13,0.15384615384615385,0.3076923076923077,0.6027686623661854,2,False,20,True,0.09090909090909094
c172p,cruise,iforest,cmalpha_x0.7,22,13,0.07692307692307693,0.15384615384615385,0.6603574655610854,1,True,0,False,1.0
c172p,cruise,iforest,cmq_x0.5,22,13,0.07692307692307693,0.23076923076923078,0.5592016917749235,3,False,0,False,1.0
c172p,cruise,iforest,inertia_x1.6,22,22,0.13636363636363635,0.22727272727272727,1.0,1,True,1,True,0.9545454545454546
c172p,cruise,ks,clo_+0.1,22,13,0.0,0.07692307692307693,0.4695447337981274,5,False,13,True,0.40909090909090906
c172p,cruise,ks,cmalpha_x0.7,22,13,0.07692307692307693,0.07692307692307693,0.47567685185868086,1,True,14,True,0.36363636363636365
c172p,cruise,ks,cmq_x0.5,22,13,0.07692307692307693,0.23076923076923078,0.629260690290102,1,True,4,True,0.8181818181818181
c172p,cruise,ks,inertia_x1.6,22,22,0.13636363636363635,0.22727272727272727,1.0,1,True,12,True,0.4545454545454546
c172p,cruise,regression,clo_+0.1,22,13,0.23076923076923078,0.38461538461538464,0.9167265426880812,1,True,11,True,0.5
c172p,cruise,regression,cmalpha_x0.7,22,13,0.23076923076923078,0.38461538461538464,0.8016893363047211,1,True,9,True,0.5909090909090908
c172p,cruise,regression,cmq_x0.5,22,13,0.15384615384615385,0.23076923076923078,0.5869288477260614,1,True,2,True,0.9090909090909091
c172p,cruise,regression,inertia_x1.6,22,22,0.13636363636363635,0.22727272727272727,1.0,1,True,9,True,0.5909090909090908
c172p,cruise,sig_dynamic,clo_+0.1,22,13,0.23076923076923078,0.3076923076923077,0.7763684583522641,1,True,10,True,0.5454545454545454
c172p,cruise,sig_dynamic,cmalpha_x0.7,22,13,0.0,0.07692307692307693,0.43281501284299567,5,False,7,True,0.6818181818181819
c172p,cruise,sig_dynamic,cmq_x0.5,22,13,0.23076923076923078,0.23076923076923078,0.6266687018889925,1,True,3,True,0.8636363636363636
c172p,cruise,sig_dynamic,inertia_x1.6,22,22,0.13636363636363635,0.22727272727272727,1.0,1,True,5,True,0.7727272727272727
c172p,cruise,sig_static,clo_+0.1,22,13,0.23076923076923078,0.3076923076923077,0.77622254303607,1,True,10,True,0.5454545454545454
c172p,cruise,sig_static,cmalpha_x0.7,22,13,0.0,0.07692307692307693,0.43281501284299567,5,False,7,True,0.6818181818181819
c172p,cruise,sig_static,cmq_x0.5,22,13,0.23076923076923078,0.23076923076923078,0.6266687018889925,1,True,3,True,0.8636363636363636
c172p,cruise,sig_static,inertia_x1.6,22,22,0.13636363636363635,0.22727272727272727,1.0,1,True,5,True,0.7727272727272727
c172p,elev_doublet,envelope,clo_+0.1,22,13,0.23076923076923078,0.3076923076923077,0.6666714262689495,1,True,12,True,0.4545454545454546
c172p,elev_doublet,envelope,cmalpha_x0.7,22,13,0.07692307692307693,0.07692307692307693,0.5222544509815288,1,True,16,True,0.2727272727272727
c172p,elev_doublet,envelope,cmq_x0.5,22,13,0.15384615384615385,0.3076923076923077,0.6738020149784857,1,True,14,True,0.36363636363636365
c172p,elev_doublet,envelope,inertia_x1.6,22,22,0.13636363636363635,0.22727272727272727,1.0,1,True,11,True,0.5
c172p,elev_doublet,iforest,clo_+0.1,22,13,0.23076923076923078,0.38461538461538464,0.9380148509107785,1,True,22,True,0.0
c172p,elev_doublet,iforest,cmalpha_x0.7,22,13,0.07692307692307693,0.15384615384615385,0.5300659754101049,2,False,0,False,1.0
c172p,elev_doublet,iforest,cmq_x0.5,22,13,0.15384615384615385,0.3076923076923077,0.7271363727960535,1,True,0,False,1.0
c172p,elev_doublet,iforest,inertia_x1.6,22,22,0.13636363636363635,0.22727272727272727,1.0,1,True,0,False,1.0
c172p,elev_doublet,ks,clo_+0.1,22,13,0.23076923076923078,0.38461538461538464,0.9704231665770128,1,True,4,True,0.8181818181818181
c172p,elev_doublet,ks,cmalpha_x0.7,22,13,0.15384615384615385,0.23076923076923078,0.7147740080432388,1,True,3,True,0.8636363636363636
c172p,elev_doublet,ks,cmq_x0.5,22,13,0.23076923076923078,0.3076923076923077,0.8206040978814257,1,True,3,True,0.8636363636363636
c172p,elev_doublet,ks,inertia_x1.6,22,22,0.13636363636363635,0.22727272727272727,1.0,1,True,6,True,0.7272727272727273
c172p,elev_doublet,regression,clo_+0.1,22,13,0.23076923076923078,0.3076923076923077,0.7537372883526731,1,True,16,True,0.2727272727272727
c172p,elev_doublet,regression,cmalpha_x0.7,22,13,0.15384615384615385,0.15384615384615385,0.5302697639742173,1,True,11,True,0.5
c172p,elev_doublet,regression,cmq_x0.5,22,13,0.15384615384615385,0.23076923076923078,0.6283722624785972,1,True,10,True,0.5454545454545454
c172p,elev_doublet,regression,inertia_x1.6,22,22,0.13636363636363635,0.22727272727272727,1.0,1,True,11,True,0.5
c172p,elev_doublet,sig_dynamic,clo_+0.1,22,13,0.23076923076923078,0.3076923076923077,0.6947881115867542,1,True,13,True,0.40909090909090906
c172p,elev_doublet,sig_dynamic,cmalpha_x0.7,22,13,0.23076923076923078,0.3076923076923077,0.7002702369605204,1,True,1,True,0.9545454545454546
c172p,elev_doublet,sig_dynamic,cmq_x0.5,22,13,0.15384615384615385,0.15384615384615385,0.6344085652909182,1,True,0,False,1.0
c172p,elev_doublet,sig_dynamic,inertia_x1.6,22,22,0.13636363636363635,0.22727272727272727,1.0,1,True,4,True,0.8181818181818181
c172p,elev_doublet,sig_static,clo_+0.1,22,13,0.23076923076923078,0.3076923076923077,0.6947962254463802,1,True,7,True,0.6818181818181819
c172p,elev_doublet,sig_static,cmalpha_x0.7,22,13,0.23076923076923078,0.3076923076923077,0.6609224822966191,1,True,2,True,0.9090909090909091
c172p,elev_doublet,sig_static,cmq_x0.5,22,13,0.15384615384615385,0.3076923076923077,0.6437511920484057,1,True,1,True,0.9545454545454546
c172p,elev_doublet,sig_static,inertia_x1.6,22,22,0.13636363636363635,0.22727272727272727,1.0,1,True,0,False,1.0
c172p,elev_doublet_distractor,envelope,clo_+0.1,22,13,0.23076923076923078,0.3076923076923077,0.6788609164115237,1,True,6,True,0.7272727272727273
c172p,elev_doublet_distractor,envelope,cmalpha_x0.7,22,13,0.15384615384615385,0.3076923076923077,0.6275600114341481,1,True,9,True,0.5909090909090908
c172p,elev_doublet_distractor,envelope,cmq_x0.5,22,13,0.23076923076923078,0.23076923076923078,0.6237138575879944,1,True,3,True,0.8636363636363636
c172p,elev_doublet_distractor,envelope,inertia_x1.6,22,22,0.13636363636363635,0.22727272727272727,1.0,1,True,11,True,0.5
c172p,elev_doublet_distractor,iforest,clo_+0.1,22,13,0.23076923076923078,0.38461538461538464,0.9231443994601889,1,True,22,True,0.0
c172p,elev_doublet_distractor,iforest,cmalpha_x0.7,22,13,0.23076923076923078,0.23076923076923078,0.6740365284869928,1,True,0,False,1.0
c172p,elev_doublet_distractor,iforest,cmq_x0.5,22,13,0.15384615384615385,0.3076923076923077,0.6574335880837429,1,True,0,False,1.0
c172p,elev_doublet_distractor,iforest,inertia_x1.6,22,22,0.13636363636363635,0.22727272727272727,1.0,1,True,0,False,1.0
c172p,elev_doublet_distractor,ks,clo_+0.1,22,13,0.23076923076923078,0.38461538461538464,0.7555374450111294,1,True,5,True,0.7727272727272727
c172p,elev_doublet_distractor,ks,cmalpha_x0.7,22,13,0.15384615384615385,0.23076923076923078,0.5644013751985888,1,True,1,False,0.9545454545454546
c172p,elev_doublet_distractor,ks,cmq_x0.5,22,13,0.23076923076923078,0.23076923076923078,0.6058308858588687,1,True,4,True,0.8181818181818181
c172p,elev_doublet_distractor,ks,inertia_x1.6,22,22,0.13636363636363635,0.22727272727272727,1.0,1,True,7,True,0.6818181818181819
c172p,elev_doublet_distractor,regression,clo_+0.1,22,13,0.23076923076923078,0.38461538461538464,0.9377622377622378,1,True,15,True,0.31818181818181823
c172p,elev_doublet_distractor,regression,cmalpha_x0.7,22,13,0.23076923076923078,0.3076923076923077,0.7618485702464031,1,True,5,True,0.7727272727272727
c172p,elev_doublet_distractor,regression,cmq_x0.5,22,13,0.23076923076923078,0.38461538461538464,0.7778665048401892,1,True,5,True,0.7727272727272727
c172p,elev_doublet_distractor,regression,inertia_x1.6,22,22,0.13636363636363635,0.22727272727272727,1.0,1,True,11,True,0.5
c172p,elev_doublet_distractor,sig_dynamic,clo_+0.1,22,13,0.23076923076923078,0.3076923076923077,0.7461439538868689,1,True,10,True,0.5454545454545454
c172p,elev_doublet_distractor,sig_dynamic,cmalpha_x0.7,22,13,0.15384615384615385,0.3076923076923077,0.7604950604950604,1,True,1,True,0.9545454545454546
c172p,elev_doublet_distractor,sig_dynamic,cmq_x0.5,22,13,0.07692307692307693,0.23076923076923078,0.5830487157916306,2,False,2,True,0.9090909090909091
c172p,elev_doublet_distractor,sig_dynamic,inertia_x1.6,22,22,0.13636363636363635,0.22727272727272727,1.0,1,True,6,True,0.7272727272727273
c172p,elev_doublet_distractor,sig_static,clo_+0.1,22,13,0.23076923076923078,0.38461538461538464,0.8456062037510003,1,True,9,True,0.5909090909090908
c172p,elev_doublet_distractor,sig_static,cmalpha_x0.7,22,13,0.23076923076923078,0.38461538461538464,0.9009916983601195,1,True,1,True,0.9545454545454546
c172p,elev_doublet_distractor,sig_static,cmq_x0.5,22,13,0.23076923076923078,0.3076923076923077,0.7273837273837275,1,True,2,True,0.9090909090909091
c172p,elev_doublet_distractor,sig_static,inertia_x1.6,22,22,0.13636363636363635,0.22727272727272727,1.0,1,True,1,True,0.9545454545454546
c172p,elev_step,envelope,clo_+0.1,22,13,0.23076923076923078,0.3076923076923077,0.6507637307917136,1,True,14,True,0.36363636363636365
c172p,elev_step,envelope,cmalpha_x0.7,22,13,0.0,0.07692307692307693,0.4707834546575913,4,False,17,True,0.2272727272727273
c172p,elev_step,envelope,cmq_x0.5,22,13,0.23076923076923078,0.38461538461538464,0.7203055114819821,1,True,19,True,0.13636363636363635
c172p,elev_step,envelope,inertia_x1.6,22,22,0.13636363636363635,0.22727272727272727,1.0,1,True,14,True,0.36363636363636365
c172p,elev_step,iforest,clo_+0.1,22,13,0.23076923076923078,0.38461538461538464,0.8590475314159524,1,True,0,False,1.0
c172p,elev_step,iforest,cmalpha_x0.7,22,13,0.15384615384615385,0.23076923076923078,0.6601619534311841,1,True,0,False,1.0
c172p,elev_step,iforest,cmq_x0.5,22,13,0.15384615384615385,0.3076923076923077,0.7397641045414325,2,False,0,False,1.0
c172p,elev_step,iforest,inertia_x1.6,22,22,0.13636363636363635,0.22727272727272727,1.0,1,True,0,False,1.0
c172p,elev_step,ks,clo_+0.1,22,13,0.15384615384615385,0.23076923076923078,0.5830371118654043,1,True,14,True,0.36363636363636365
c172p,elev_step,ks,cmalpha_x0.7,22,13,0.0,0.0,0.4182897944716235,7,False,15,True,0.31818181818181823
c172p,elev_step,ks,cmq_x0.5,22,13,0.07692307692307693,0.15384615384615385,0.5209599852133788,1,True,10,True,0.5454545454545454
c172p,elev_step,ks,inertia_x1.6,22,22,0.13636363636363635,0.22727272727272727,1.0,1,True,9,True,0.5909090909090908
c172p,elev_step,regression,clo_+0.1,22,13,0.23076923076923078,0.3076923076923077,0.7482432348948186,1,True,21,True,0.045454545454545414
c172p,elev_step,regression,cmalpha_x0.7,22,13,0.07692307692307693,0.23076923076923078,0.5903359798096639,3,False,18,True,0.18181818181818177
c172p,elev_step,regression,cmq_x0.5,22,13,0.23076923076923078,0.38461538461538464,0.7724372119108962,1,True,18,True,0.18181818181818177
c172p,elev_step,regression,inertia_x1.6,22,22,0.13636363636363635,0.22727272727272727,1.0,1,True,11,True,0.5
c172p,elev_step,sig_dynamic,clo_+0.1,22,13,0.15384615384615385,0.23076923076923078,0.5534123642095777,2,False,13,True,0.40909090909090906
c172p,elev_step,sig_dynamic,cmalpha_x0.7,22,13,0.15384615384615385,0.15384615384615385,0.6310594875342433,1,True,15,True,0.31818181818181823
c172p,elev_step,sig_dynamic,cmq_x0.5,22,13,0.07692307692307693,0.07692307692307693,0.5045046456811162,1,True,11,True,0.5
c172p,elev_step,sig_dynamic,inertia_x1.6,22,22,0.13636363636363635,0.22727272727272727,1.0,1,True,3,True,0.8636363636363636
c172p,elev_step,sig_static,clo_+0.1,22,13,0.07692307692307693,0.07692307692307693,0.4913244521216657,1,True,3,True,0.8636363636363636
c172p,elev_step,sig_static,cmalpha_x0.7,22,13,0.23076923076923078,0.38461538461538464,0.8762732150890046,1,True,6,True,0.7272727272727273
c172p,elev_step,sig_static,cmq_x0.5,22,13,0.23076923076923078,0.3076923076923077,0.7258671153407996,1,True,3,True,0.8636363636363636
c172p,elev_step,sig_static,inertia_x1.6,22,22,0.13636363636363635,0.22727272727272727,1.0,1,True,2,True,0.9090909090909091
c172p,engine_stop,envelope,clo_+0.1,22,13,0.15384615384615385,0.15384615384615385,0.6380754872657708,1,True,22,True,0.0
c172p,engine_stop,envelope,cmalpha_x0.7,22,13,0.07692307692307693,0.23076923076923078,0.6315042413726625,3,False,18,True,0.18181818181818177
c172p,engine_stop,envelope,cmq_x0.5,22,13,0.23076923076923078,0.3076923076923077,0.8037030089066287,1,True,10,True,0.5454545454545454
c172p,engine_stop,envelope,inertia_x1.6,22,22,0.13636363636363635,0.22727272727272727,1.0,1,True,7,True,0.6818181818181819
c172p,engine_stop,iforest,clo_+0.1,22,13,0.23076923076923078,0.3076923076923077,0.8398837273837274,1,True,22,True,0.0
c172p,engine_stop,iforest,cmalpha_x0.7,22,13,0.23076923076923078,0.38461538461538464,0.8623725131078073,1,True,0,False,1.0
c172p,engine_stop,iforest,cmq_x0.5,22,13,0.15384615384615385,0.23076923076923078,0.6213679482910253,1,True,0,False,1.0
c172p,engine_stop,iforest,inertia_x1.6,22,22,0.13636363636363635,0.22727272727272727,1.0,1,True,0,False,1.0
c172p,engine_stop,ks,clo_+0.1,22,13,0.15384615384615385,0.23076923076923078,0.687527643296874,1,True,17,True,0.2272727272727273
c172p,engine_stop,ks,cmalpha_x0.7,22,13,0.15384615384615385,0.3076923076923077,0.7506811815635344,1,True,9,True,0.5909090909090908
c172p,engine_stop,ks,cmq_x0.5,22,13,0.23076923076923078,0.3076923076923077,0.7175683234893762,1,True,6,True,0.7272727272727273
c172p,engine_stop,ks,inertia_x1.6,22,22,0.13636363636363635,0.22727272727272727,1.0,1,True,3,True,0.8636363636363636
c172p,engine_stop,regression,clo_+0.1,22,13,0.15384615384615385,0.3076923076923077,0.7900915548688828,1,True,15,True,0.31818181818181823
c172p,engine_stop,regression,cmalpha_x0.7,22,13,0.15384615384615385,0.3076923076923077,0.788474025974026,1,True,12,True,0.4545454545454546
c172p,engine_stop,regression,cmq_x0.5,22,13,0.23076923076923078,0.38461538461538464,0.9355644355644356,1,True,4,True,0.8181818181818181
c172p,engine_stop,regression,inertia_x1.6,22,22,0.13636363636363635,0.22727272727272727,1.0,1,True,2,True,0.9090909090909091
c172p,engine_stop,sig_dynamic,clo_+0.1,22,13,0.15384615384615385,0.23076923076923078,0.6155177087869396,2,False,13,True,0.40909090909090906
c172p,engine_stop,sig_dynamic,cmalpha_x0.7,22,13,0.23076923076923078,0.23076923076923078,0.6669431247485547,1,True,13,True,0.40909090909090906
c172p,engine_stop,sig_dynamic,cmq_x0.5,22,13,0.23076923076923078,0.38461538461538464,0.9056917441532826,1,True,10,True,0.5454545454545454
c172p,engine_stop,sig_dynamic,inertia_x1.6,22,22,0.13636363636363635,0.22727272727272727,1.0,1,True,5,True,0.7727272727272727
c172p,engine_stop,sig_static,clo_+0.1,22,13,0.23076923076923078,0.38461538461538464,0.7666924578689286,1,True,8,True,0.6363636363636364
c172p,engine_stop,sig_static,cmalpha_x0.7,22,13,0.23076923076923078,0.38461538461538464,0.8839395197694794,1,True,10,True,0.5454545454545454
c172p,engine_stop,sig_static,cmq_x0.5,22,13,0.15384615384615385,0.3076923076923077,0.7209604299804349,1,True,3,True,0.8636363636363636
c172p,engine_stop,sig_static,inertia_x1.6,22,22,0.13636363636363635,0.22727272727272727,1.0,1,True,1,True,0.9545454545454546
c172p,flap_extend,envelope,clo_+0.1,22,13,0.23076923076923078,0.23076923076923078,0.6353460978967053,1,True,17,True,0.2272727272727273
c172p,flap_extend,envelope,cmalpha_x0.7,22,13,0.07692307692307693,0.07692307692307693,0.5135497930002573,3,False,22,True,0.0
c172p,flap_extend,envelope,cmq_x0.5,22,13,0.23076923076923078,0.23076923076923078,0.6827704346935116,1,True,13,True,0.40909090909090906
c172p,flap_extend,envelope,inertia_x1.6,22,22,0.13636363636363635,0.22727272727272727,1.0,1,True,9,True,0.5909090909090908
c172p,flap_extend,iforest,clo_+0.1,22,13,0.07692307692307693,0.15384615384615385,0.5961056655894713,3,False,22,True,0.0
c172p,flap_extend,iforest,cmalpha_x0.7,22,13,0.07692307692307693,0.23076923076923078,0.5047051873796337,3,False,19,True,0.13636363636363635
c172p,flap_extend,iforest,cmq_x0.5,22,13,0.07692307692307693,0.15384615384615385,0.5779893434870811,3,False,7,True,0.6818181818181819
c172p,flap_extend,iforest,inertia_x1.6,22,22,0.13636363636363635,0.22727272727272727,1.0,1,True,10,True,0.5454545454545454
c172p,flap_extend,ks,clo_+0.1,22,13,0.15384615384615385,0.23076923076923078,0.5438885546857682,1,True,12,True,0.4545454545454546
c172p,flap_extend,ks,cmalpha_x0.7,22,13,0.0,0.0,0.4523873185637891,6,False,20,True,0.09090909090909094
c172p,flap_extend,ks,cmq_x0.5,22,13,0.15384615384615385,0.23076923076923078,0.690315987431372,1,True,10,True,0.5454545454545454
c172p,flap_extend,ks,inertia_x1.6,22,22,0.13636363636363635,0.22727272727272727,1.0,1,True,9,True,0.5909090909090908
c172p,flap_extend,regression,clo_+0.1,22,13,0.15384615384615385,0.15384615384615385,0.6523395289053779,1,True,18,True,0.18181818181818177
c172p,flap_extend,regression,cmalpha_x0.7,22,13,0.0,0.0,0.4810456888511187,7,False,22,True,0.0
c172p,flap_extend,regression,cmq_x0.5,22,13,0.07692307692307693,0.23076923076923078,0.5542003120057418,3,False,15,True,0.31818181818181823
c172p,flap_extend,regression,inertia_x1.6,22,22,0.13636363636363635,0.22727272727272727,1.0,1,True,13,True,0.40909090909090906
c172p,flap_extend,sig_dynamic,clo_+0.1,22,13,0.0,0.07692307692307693,0.4800364126096443,4,False,6,True,0.7272727272727273
c172p,flap_extend,sig_dynamic,cmalpha_x0.7,22,13,0.0,0.15384615384615385,0.4901502281027167,4,False,18,True,0.18181818181818177
c172p,flap_extend,sig_dynamic,cmq_x0.5,22,13,0.15384615384615385,0.15384615384615385,0.5816443172212402,1,True,7,True,0.6818181818181819
c172p,flap_extend,sig_dynamic,inertia_x1.6,22,22,0.13636363636363635,0.22727272727272727,1.0,1,True,0,False,1.0
c172p,flap_extend,sig_static,clo_+0.1,22,13,0.0,0.07692307692307693,0.5308809049699738,4,False,5,True,0.7727272727272727
c172p,flap_extend,sig_static,cmalpha_x0.7,22,13,0.15384615384615385,0.15384615384615385,0.5451212963031252,1,True,12,True,0.4545454545454546
c172p,flap_extend,sig_static,cmq_x0.5,22,13,0.15384615384615385,0.3076923076923077,0.6664735848946376,1,True,1,True,0.9545454545454546
c172p,flap_extend,sig_static,inertia_x1.6,22,22,0.13636363636363635,0.22727272727272727,1.0,1,True,0,False,1.0
c172p,rudder_doublet,envelope,clo_+0.1,22,13,0.23076923076923078,0.3076923076923077,0.7334052187261284,1,True,14,True,0.36363636363636365
c172p,rudder_doublet,envelope,cmalpha_x0.7,22,13,0.23076923076923078,0.38461538461538464,0.7559045143023471,1,True,10,True,0.5454545454545454
c172p,rudder_doublet,envelope,cmq_x0.5,22,13,0.23076923076923078,0.38461538461538464,0.7559045143023471,1,True,8,True,0.6363636363636364
c172p,rudder_doublet,envelope,inertia_x1.6,22,22,0.13636363636363635,0.22727272727272727,1.0,1,True,13,True,0.40909090909090906
c172p,rudder_doublet,iforest,clo_+0.1,22,13,0.15384615384615385,0.3076923076923077,0.7028263403263403,2,False,22,True,0.0
c172p,rudder_doublet,iforest,cmalpha_x0.7,22,13,0.23076923076923078,0.3076923076923077,0.7624842656219174,1,True,0,False,1.0
c172p,rudder_doublet,iforest,cmq_x0.5,22,13,0.15384615384615385,0.23076923076923078,0.6587675396498927,1,True,0,False,1.0
c172p,rudder_doublet,iforest,inertia_x1.6,22,22,0.13636363636363635,0.22727272727272727,1.0,1,True,0,False,1.0
c172p,rudder_doublet,ks,clo_+0.1,22,13,0.23076923076923078,0.38461538461538464,0.8250051032558772,1,True,4,True,0.8181818181818181
c172p,rudder_doublet,ks,cmalpha_x0.7,22,13,0.23076923076923078,0.38461538461538464,0.8636184893537835,1,True,0,False,1.0
c172p,rudder_doublet,ks,cmq_x0.5,22,13,0.23076923076923078,0.38461538461538464,0.7656353199339626,1,True,2,True,0.9090909090909091
c172p,rudder_doublet,ks,inertia_x1.6,22,22,0.13636363636363635,0.22727272727272727,1.0,1,True,12,True,0.4545454545454546
c172p,rudder_doublet,regression,clo_+0.1,22,13,0.23076923076923078,0.38461538461538464,0.8906401291016676,1,True,6,True,0.7272727272727273
c172p,rudder_doublet,regression,cmalpha_x0.7,22,13,0.23076923076923078,0.38461538461538464,0.9056499056499057,1,True,8,True,0.6363636363636364
c172p,rudder_doublet,regression,cmq_x0.5,22,13,0.23076923076923078,0.38461538461538464,0.85474492827434,1,True,4,True,0.8181818181818181
c172p,rudder_doublet,regression,inertia_x1.6,22,22,0.13636363636363635,0.22727272727272727,1.0,1,True,13,True,0.40909090909090906
c172p,rudder_doublet,sig_dynamic,clo_+0.1,22,13,0.23076923076923078,0.38461538461538464,0.881060819522358,1,True,16,True,0.2727272727272727
c172p,rudder_doublet,sig_dynamic,cmalpha_x0.7,22,13,0.23076923076923078,0.38461538461538464,0.7835976544954872,1,True,4,True,0.8181818181818181
c172p,rudder_doublet,sig_dynamic,cmq_x0.5,22,13,0.07692307692307693,0.23076923076923078,0.6339257233994077,1,True,3,True,0.8636363636363636
c172p,rudder_doublet,sig_dynamic,inertia_x1.6,22,22,0.13636363636363635,0.22727272727272727,1.0,1,True,9,True,0.5909090909090908
c172p,rudder_doublet,sig_static,clo_+0.1,22,13,0.23076923076923078,0.38461538461538464,0.7853262836234974,1,True,6,True,0.7272727272727273
c172p,rudder_doublet,sig_static,cmalpha_x0.7,22,13,0.23076923076923078,0.38461538461538464,0.8112852959006805,1,True,3,True,0.8636363636363636
c172p,rudder_doublet,sig_static,cmq_x0.5,22,13,0.15384615384615385,0.23076923076923078,0.611715172512386,1,True,1,True,0.9545454545454546
c172p,rudder_doublet,sig_static,inertia_x1.6,22,22,0.13636363636363635,0.22727272727272727,1.0,1,True,5,True,0.7727272727272727
c172p,throttle_step,envelope,clo_+0.1,22,13,0.23076923076923078,0.38461538461538464,0.8788560295913237,1,True,16,True,0.2727272727272727
c172p,throttle_step,envelope,cmalpha_x0.7,22,13,0.23076923076923078,0.38461538461538464,0.8252464980971767,1,True,9,True,0.5909090909090908
c172p,throttle_step,envelope,cmq_x0.5,22,13,0.23076923076923078,0.38461538461538464,0.8616815876431261,1,True,8,True,0.6363636363636364
c172p,throttle_step,envelope,inertia_x1.6,22,22,0.13636363636363635,0.22727272727272727,1.0,1,True,8,True,0.6363636363636364
c172p,throttle_step,iforest,clo_+0.1,22,13,0.23076923076923078,0.38461538461538464,0.8812520812520812,1,True,22,True,0.0
c172p,throttle_step,iforest,cmalpha_x0.7,22,13,0.15384615384615385,0.23076923076923078,0.7622448629801569,1,True,0,False,1.0
c172p,throttle_step,iforest,cmq_x0.5,22,13,0.15384615384615385,0.3076923076923077,0.7395773030388415,2,False,0,False,1.0
c172p,throttle_step,iforest,inertia_x1.6,22,22,0.13636363636363635,0.22727272727272727,1.0,1,True,0,False,1.0
c172p,throttle_step,ks,clo_+0.1,22,13,0.23076923076923078,0.38461538461538464,0.8633027705009128,1,True,8,True,0.6363636363636364
c172p,throttle_step,ks,cmalpha_x0.7,22,13,0.23076923076923078,0.38461538461538464,0.9490967365967365,1,True,0,False,1.0
c172p,throttle_step,ks,cmq_x0.5,22,13,0.23076923076923078,0.38461538461538464,0.8676892551892552,1,True,5,True,0.7727272727272727
c172p,throttle_step,ks,inertia_x1.6,22,22,0.13636363636363635,0.22727272727272727,1.0,1,True,1,True,0.9545454545454546
c172p,throttle_step,regression,clo_+0.1,22,13,0.23076923076923078,0.38461538461538464,0.8968406593406594,1,True,20,True,0.09090909090909094
c172p,throttle_step,regression,cmalpha_x0.7,22,13,0.15384615384615385,0.23076923076923078,0.7169796015949862,1,True,16,True,0.2727272727272727
c172p,throttle_step,regression,cmq_x0.5,22,13,0.23076923076923078,0.38461538461538464,0.9144688644688646,1,True,7,True,0.6818181818181819
c172p,throttle_step,regression,inertia_x1.6,22,22,0.13636363636363635,0.22727272727272727,1.0,1,True,4,True,0.8181818181818181
c172p,throttle_step,sig_dynamic,clo_+0.1,22,13,0.23076923076923078,0.38461538461538464,0.8089218473833859,1,True,20,True,0.09090909090909094
c172p,throttle_step,sig_dynamic,cmalpha_x0.7,22,13,0.07692307692307693,0.07692307692307693,0.48197806070513854,2,False,13,True,0.40909090909090906
c172p,throttle_step,sig_dynamic,cmq_x0.5,22,13,0.15384615384615385,0.15384615384615385,0.5623005160275938,1,True,5,True,0.7727272727272727
c172p,throttle_step,sig_dynamic,inertia_x1.6,22,22,0.13636363636363635,0.22727272727272727,1.0,1,True,2,True,0.9090909090909091
c172p,throttle_step,sig_static,clo_+0.1,22,13,0.23076923076923078,0.3076923076923077,0.805348177463562,1,True,20,True,0.09090909090909094
c172p,throttle_step,sig_static,cmalpha_x0.7,22,13,0.15384615384615385,0.3076923076923077,0.6675807036101153,2,False,5,True,0.7727272727272727
c172p,throttle_step,sig_static,cmq_x0.5,22,13,0.23076923076923078,0.38461538461538464,0.891819291819292,1,True,5,True,0.7727272727272727
c172p,throttle_step,sig_static,inertia_x1.6,22,22,0.13636363636363635,0.22727272727272727,1.0,1,True,1,True,0.9545454545454546
c172r,aileron_step,envelope,clo_+0.1,22,13,0.23076923076923078,0.23076923076923078,0.6276819671556514,1,True,17,True,0.2272727272727273
c172r,aileron_step,envelope,cmalpha_x0.7,22,13,0.15384615384615385,0.3076923076923077,0.6629280935782483,1,True,20,True,0.09090909090909094
c172r,aileron_step,envelope,cmq_x0.5,22,13,0.15384615384615385,0.15384615384615385,0.5872322122322122,2,False,9,True,0.5909090909090908
c172r,aileron_step,envelope,inertia_x1.6,22,22,0.13636363636363635,0.22727272727272727,1.0,1,True,15,True,0.31818181818181823
c172r,aileron_step,iforest,clo_+0.1,22,13,0.23076923076923078,0.3076923076923077,0.7242645512382354,1,True,22,True,0.0
c172r,aileron_step,iforest,cmalpha_x0.7,22,13,0.23076923076923078,0.3076923076923077,0.7577184055393152,1,True,0,False,1.0
c172r,aileron_step,iforest,cmq_x0.5,22,13,0.15384615384615385,0.23076923076923078,0.6381055397726032,1,True,0,False,1.0
c172r,aileron_step,iforest,inertia_x1.6,22,22,0.13636363636363635,0.22727272727272727,1.0,1,True,0,False,1.0
c172r,aileron_step,ks,clo_+0.1,22,13,0.15384615384615385,0.23076923076923078,0.5890655998628135,1,True,16,True,0.2727272727272727
c172r,aileron_step,ks,cmalpha_x0.7,22,13,0.07692307692307693,0.15384615384615385,0.5068140906882274,1,True,10,True,0.5454545454545454
c172r,aileron_step,ks,cmq_x0.5,22,13,0.07692307692307693,0.15384615384615385,0.5019698884904886,3,False,10,True,0.5454545454545454
c172r,aileron_step,ks,inertia_x1.6,22,22,0.13636363636363635,0.22727272727272727,1.0,1,True,9,True,0.5909090909090908
c172r,aileron_step,regression,clo_+0.1,22,13,0.23076923076923078,0.23076923076923078,0.7550803896957744,1,True,16,True,0.2727272727272727
c172r,aileron_step,regression,cmalpha_x0.7,22,13,0.23076923076923078,0.38461538461538464,0.9056499056499057,1,True,13,True,0.40909090909090906
c172r,aileron_step,regression,cmq_x0.5,22,13,0.23076923076923078,0.38461538461538464,0.9685314685314685,1,True,7,True,0.6818181818181819
c172r,aileron_step,regression,inertia_x1.6,22,22,0.13636363636363635,0.22727272727272727,1.0,1,True,9,True,0.5909090909090908
c172r,aileron_step,sig_dynamic,clo_+0.1,22,13,0.15384615384615385,0.15384615384615385,0.5255276397810333,2,False,13,True,0.40909090909090906
c172r,aileron_step,sig_dynamic,cmalpha_x0.7,22,13,0.07692307692307693,0.23076923076923078,0.559655515424746,3,False,5,True,0.7727272727272727
c172r,aileron_step,sig_dynamic,cmq_x0.5,22,13,0.15384615384615385,0.23076923076923078,0.6449278840949477,1,True,6,True,0.7272727272727273
c172r,aileron_step,sig_dynamic,inertia_x1.6,22,22,0.13636363636363635,0.22727272727272727,1.0,1,True,5,True,0.7727272727272727
c172r,aileron_step,sig_static,clo_+0.1,22,13,0.0,0.07692307692307693,0.42430685433483717,4,False,14,True,0.36363636363636365
c172r,aileron_step,sig_static,cmalpha_x0.7,22,13,0.23076923076923078,0.23076923076923078,0.656318035316011,1,True,9,True,0.5909090909090908
c172r,aileron_step,sig_static,cmq_x0.5,22,13,0.07692307692307693,0.23076923076923078,0.7154444097883013,1,True,7,True,0.6818181818181819
c172r,aileron_step,sig_static,inertia_x1.6,22,22,0.13636363636363635,0.22727272727272727,1.0,1,True,4,True,0.8181818181818181
c172r,bank_hold,envelope,clo_+0.1,22,13,0.23076923076923078,0.23076923076923078,0.6292350434884372,1,True,11,True,0.5
c172r,bank_hold,envelope,cmalpha_x0.7,22,13,0.23076923076923078,0.38461538461538464,0.7640635481847673,1,True,5,True,0.7727272727272727
c172r,bank_hold,envelope,cmq_x0.5,22,13,0.15384615384615385,0.15384615384615385,0.5740917757588394,2,False,2,True,0.9090909090909091
c172r,bank_hold,envelope,inertia_x1.6,22,22,0.13636363636363635,0.22727272727272727,1.0,1,True,5,True,0.7727272727272727
c172r,bank_hold,iforest,clo_+0.1,22,13,0.23076923076923078,0.3076923076923077,0.7286930568307086,1,True,22,True,0.0
c172r,bank_hold,iforest,cmalpha_x0.7,22,13,0.15384615384615385,0.3076923076923077,0.6858429582113792,1,True,0,False,1.0
c172r,bank_hold,iforest,cmq_x0.5,22,13,0.15384615384615385,0.23076923076923078,0.6194532677504814,1,True,0,False,1.0
c172r,bank_hold,iforest,inertia_x1.6,22,22,0.13636363636363635,0.22727272727272727,1.0,1,True,0,False,1.0
c172r,bank_hold,ks,clo_+0.1,22,13,0.23076923076923078,0.23076923076923078,0.6058308858588687,1,True,7,True,0.6818181818181819
c172r,bank_hold,ks,cmalpha_x0.7,22,13,0.23076923076923078,0.38461538461538464,0.7727924036747567,1,True,1,True,0.9545454545454546
c172r,bank_hold,ks,cmq_x0.5,22,13,0.07692307692307693,0.23076923076923078,0.6516379475357804,1,True,1,True,0.9545454545454546
c172r,bank_hold,ks,inertia_x1.6,22,22,0.13636363636363635,0.22727272727272727,1.0,1,True,0,False,1.0
c172r,bank_hold,regression,clo_+0.1,22,13,0.23076923076923078,0.23076923076923078,0.6096112934854301,1,True,8,True,0.6363636363636364
c172r,bank_hold,regression,cmalpha_x0.7,22,13,0.23076923076923078,0.38461538461538464,0.8854231238846624,1,True,3,True,0.8636363636363636
c172r,bank_hold,regression,cmq_x0.5,22,13,0.23076923076923078,0.38461538461538464,0.9150516150516151,1,True,6,True,0.7272727272727273
c172r,bank_hold,regression,inertia_x1.6,22,22,0.13636363636363635,0.22727272727272727,1.0,1,True,9,True,0.5909090909090908
c172r,bank_hold,sig_dynamic,clo_+0.1,22,13,0.23076923076923078,0.38461538461538464,0.7445102541077773,1,True,4,True,0.8181818181818181
c172r,bank_hold,sig_dynamic,cmalpha_x0.7,22,13,0.15384615384615385,0.15384615384615385,0.6295835141810374,1,True,6,True,0.7272727272727273
c172r,bank_hold,sig_dynamic,cmq_x0.5,22,13,0.23076923076923078,0.3076923076923077,0.782075891944313,1,True,4,True,0.8181818181818181
c172r,bank_hold,sig_dynamic,inertia_x1.6,22,22,0.13636363636363635,0.22727272727272727,1.0,1,True,3,True,0.8636363636363636
c172r,bank_hold,sig_static,clo_+0.1,22,13,0.23076923076923078,0.23076923076923078,0.6343566650068198,1,True,8,True,0.6363636363636364
c172r,bank_hold,sig_static,cmalpha_x0.7,22,13,0.15384615384615385,0.3076923076923077,0.7100218409041937,1,True,3,True,0.8636363636363636
c172r,bank_hold,sig_static,cmq_x0.5,22,13,0.23076923076923078,0.3076923076923077,0.7692286597263972,1,True,6,True,0.7272727272727273
c172r,bank_hold,sig_static,inertia_x1.6,22,22,0.13636363636363635,0.22727272727272727,1.0,1,True,4,True,0.8181818181818181
c172r,climbing_turn,envelope,clo_+0.1,22,13,0.15384615384615385,0.3076923076923077,0.6652672748647982,1,True,20,True,0.09090909090909094
c172r,climbing_turn,envelope,cmalpha_x0.7,22,13,0.23076923076923078,0.38461538461538464,0.8130586175090819,1,True,21,True,0.045454545454545414
c172r,climbing_turn,envelope,cmq_x0.5,22,13,0.23076923076923078,0.3076923076923077,0.7244477014213857,1,True,12,True,0.4545454545454546
c172r,climbing_turn,envelope,inertia_x1.6,22,22,0.13636363636363635,0.22727272727272727,1.0,1,True,14,True,0.36363636363636365
c172r,climbing_turn,iforest,clo_+0.1,22,13,0.15384615384615385,0.3076923076923077,0.7422525742363799,1,True,22,True,0.0
c172r,climbing_turn,iforest,cmalpha_x0.7,22,13,0.15384615384615385,0.3076923076923077,0.7803767311120251,1,True,0,False,1.0
c172r,climbing_turn,iforest,cmq_x0.5,22,13,0.15384615384615385,0.23076923076923078,0.5990390586365818,1,True,0,False,1.0
c172r,climbing_turn,iforest,inertia_x1.6,22,22,0.13636363636363635,0.22727272727272727,1.0,1,True,0,False,1.0
c172r,climbing_turn,ks,clo_+0.1,22,13,0.15384615384615385,0.23076923076923078,0.5862420345392481,1,True,17,True,0.2272727272727273
c172r,climbing_turn,ks,cmalpha_x0.7,22,13,0.07692307692307693,0.15384615384615385,0.5488255294756843,1,True,6,True,0.7272727272727273
c172r,climbing_turn,ks,cmq_x0.5,22,13,0.23076923076923078,0.3076923076923077,0.666287734387282,1,True,3,True,0.8636363636363636
c172r,climbing_turn,ks,inertia_x1.6,22,22,0.13636363636363635,0.22727272727272727,1.0,1,True,2,True,0.9090909090909091
c172r,climbing_turn,regression,clo_+0.1,22,13,0.23076923076923078,0.38461538461538464,0.7990166606831288,1,True,21,True,0.045454545454545414
c172r,climbing_turn,regression,cmalpha_x0.7,22,13,0.23076923076923078,0.38461538461538464,0.9373626373626374,1,True,18,True,0.18181818181818177
c172r,climbing_turn,regression,cmq_x0.5,22,13,0.23076923076923078,0.3076923076923077,0.8816693540377751,1,True,8,True,0.6363636363636364
c172r,climbing_turn,regression,inertia_x1.6,22,22,0.13636363636363635,0.22727272727272727,1.0,1,True,9,True,0.5909090909090908
c172r,climbing_turn,sig_dynamic,clo_+0.1,22,13,0.23076923076923078,0.3076923076923077,0.7785135302103628,1,True,10,True,0.5454545454545454
c172r,climbing_turn,sig_dynamic,cmalpha_x0.7,22,13,0.23076923076923078,0.3076923076923077,0.7666775333898458,1,True,9,True,0.5909090909090908
c172r,climbing_turn,sig_dynamic,cmq_x0.5,22,13,0.23076923076923078,0.3076923076923077,0.7528049822554467,1,True,1,True,0.9545454545454546
c172r,climbing_turn,sig_dynamic,inertia_x1.6,22,22,0.13636363636363635,0.22727272727272727,1.0,1,True,3,True,0.8636363636363636
c172r,climbing_turn,sig_static,clo_+0.1,22,13,0.23076923076923078,0.38461538461538464,0.8139662410173245,1,True,8,True,0.6363636363636364
c172r,climbing_turn,sig_static,cmalpha_x0.7,22,13,0.23076923076923078,0.3076923076923077,0.7393978828189354,1,True,2,True,0.9090909090909091
c172r,climbing_turn,sig_static,cmq_x0.5,22,13,0.23076923076923078,0.38461538461538464,0.9056814979891902,1,True,1,True,0.9545454545454546
c172r,climbing_turn,sig_static,inertia_x1.6,22,22,0.13636363636363635,0.22727272727272727,1.0,1,True,0,False,1.0
c172r,cruise,envelope,clo_+0.1,22,13,0.15384615384615385,0.23076923076923078,0.5791979011436024,2,False,14,True,0.36363636363636365
c172r,cruise,envelope,cmalpha_x0.7,22,13,0.15384615384615385,0.23076923076923078,0.6180628823162759,1,True,10,True,0.5454545454545454
c172r,cruise,envelope,cmq_x0.5,22,13,0.23076923076923078,0.3076923076923077,0.7192678666362877,1,True,1,True,0.9545454545454546
c172r,cruise,envelope,inertia_x1.6,22,22,0.13636363636363635,0.22727272727272727,1.0,1,True,10,True,0.5454545454545454
c172r,cruise,iforest,clo_+0.1,22,13,0.15384615384615385,0.3076923076923077,0.7594149440303288,1,True,21,True,0.045454545454545414
c172r,cruise,iforest,cmalpha_x0.7,22,13,0.23076923076923078,0.3076923076923077,0.7084032067004203,1,True,0,False,1.0
c172r,cruise,iforest,cmq_x0.5,22,13,0.07692307692307693,0.15384615384615385,0.494348633822318,3,False,0,False,1.0
c172r,cruise,iforest,inertia_x1.6,22,22,0.13636363636363635,0.22727272727272727,1.0,1,True,3,True,0.8636363636363636
c172r,cruise,ks,clo_+0.1,22,13,0.07692307692307693,0.15384615384615385,0.5679053789347907,2,False,13,True,0.40909090909090906
c172r,cruise,ks,cmalpha_x0.7,22,13,0.07692307692307693,0.23076923076923078,0.6664208598419125,1,True,9,True,0.5909090909090908
c172r,cruise,ks,cmq_x0.5,22,13,0.23076923076923078,0.23076923076923078,0.6967804512309156,1,True,3,True,0.8636363636363636
c172r,cruise,ks,inertia_x1.6,22,22,0.13636363636363635,0.22727272727272727,1.0,1,True,10,True,0.5454545454545454
c172r,cruise,regression,clo_+0.1,22,13,0.23076923076923078,0.38461538461538464,0.9359573119188505,1,True,15,True,0.31818181818181823
c172r,cruise,regression,cmalpha_x0.7,22,13,0.15384615384615385,0.3076923076923077,0.6753903861875998,1,True,6,True,0.7272727272727273
c172r,cruise,regression,cmq_x0.5,22,13,0.15384615384615385,0.23076923076923078,0.5900424008396145,1,True,1,True,0.9545454545454546
c172r,cruise,regression,inertia_x1.6,22,22,0.13636363636363635,0.22727272727272727,1.0,1,True,13,True,0.40909090909090906
c172r,cruise,sig_dynamic,clo_+0.1,22,13,0.23076923076923078,0.38461538461538464,0.8343640277850803,1,True,9,True,0.5909090909090908
c172r,cruise,sig_dynamic,cmalpha_x0.7,22,13,0.23076923076923078,0.23076923076923078,0.6231759339731476,1,True,4,True,0.8181818181818181
c172r,cruise,sig_dynamic,cmq_x0.5,22,13,0.23076923076923078,0.3076923076923077,0.6684764667736804,1,True,7,True,0.6818181818181819
c172r,cruise,sig_dynamic,inertia_x1.6,22,22,0.13636363636363635,0.22727272727272727,1.0,1,True,5,True,0.7727272727272727
c172r,cruise,sig_static,clo_+0.1,22,13,0.23076923076923078,0.38461538461538464,0.8291192725403251,1,True,11,True,0.5
c172r,cruise,sig_static,cmalpha_x0.7,22,13,0.23076923076923078,0.23076923076923078,0.6202173540914908,1,True,4,True,0.8181818181818181
c172r,cruise,sig_static,cmq_x0.5,22,13,0.23076923076923078,0.3076923076923077,0.6745370728342864,1,True,6,True,0.7272727272727273
c172r,cruise,sig_static,inertia_x1.6,22,22,0.13636363636363635,0.22727272727272727,1.0,1,True,5,True,0.7727272727272727
c172r,elev_doublet,envelope,clo_+0.1,22,13,0.23076923076923078,0.3076923076923077,0.6846749741486584,1,True,14,True,0.36363636363636365
c172r,elev_doublet,envelope,cmalpha_x0.7,22,13,0.07692307692307693,0.07692307692307693,0.46068842148563505,2,False,14,True,0.36363636363636365
c172r,elev_doublet,envelope,cmq_x0.5,22,13,0.15384615384615385,0.23076923076923078,0.5875833214574582,1,True,13,True,0.40909090909090906
c172r,elev_doublet,envelope,inertia_x1.6,22,22,0.13636363636363635,0.22727272727272727,1.0,1,True,12,True,0.4545454545454546
c172r,elev_doublet,iforest,clo_+0.1,22,13,0.23076923076923078,0.3076923076923077,0.7493610577588906,1,True,22,True,0.0
c172r,elev_doublet,iforest,cmalpha_x0.7,22,13,0.15384615384615385,0.3076923076923077,0.6273134631106767,1,True,0,False,1.0
c172r,elev_doublet,iforest,cmq_x0.5,22,13,0.0,0.0,0.43175069254790616,6,False,0,False,1.0
c172r,elev_doublet,iforest,inertia_x1.6,22,22,0.13636363636363635,0.22727272727272727,1.0,1,True,0,False,1.0
c172r,elev_doublet,ks,clo_+0.1,22,13,0.23076923076923078,0.38461538461538464,0.9355644355644356,1,True,5,True,0.7727272727272727
c172r,elev_doublet,ks,cmalpha_x0.7,22,13,0.15384615384615385,0.15384615384615385,0.6229097785599333,1,True,10,True,0.5454545454545454
c172r,elev_doublet,ks,cmq_x0.5,22,13,0.23076923076923078,0.38461538461538464,0.9084151142974672,1,True,3,True,0.8636363636363636
c172r,elev_doublet,ks,inertia_x1.6,22,22,0.13636363636363635,0.22727272727272727,1.0,1,True,6,True,0.7272727272727273
c172r,elev_doublet,regression,clo_+0.1,22,13,0.23076923076923078,0.38461538461538464,0.7764523874817992,1,True,17,True,0.2272727272727273
c172r,elev_doublet,regression,cmalpha_x0.7,22,13,0.15384615384615385,0.23076923076923078,0.5556101664073799,2,False,19,True,0.13636363636363635
c172r,elev_doublet,regression,cmq_x0.5,22,13,0.23076923076923078,0.3076923076923077,0.6672001013064361,1,True,12,True,0.4545454545454546
c172r,elev_doublet,regression,inertia_x1.6,22,22,0.13636363636363635,0.22727272727272727,1.0,1,True,11,True,0.5
c172r,elev_doublet,sig_dynamic,clo_+0.1,22,13,0.07692307692307693,0.07692307692307693,0.44462115541836905,3,False,7,True,0.6818181818181819
c172r,elev_doublet,sig_dynamic,cmalpha_x0.7,22,13,0.23076923076923078,0.3076923076923077,0.7561756870580401,1,True,10,True,0.5454545454545454
c172r,elev_doublet,sig_dynamic,cmq_x0.5,22,13,0.15384615384615385,0.3076923076923077,0.6965015634520278,2,False,3,True,0.8636363636363636
c172r,elev_doublet,sig_dynamic,inertia_x1.6,22,22,0.13636363636363635,0.22727272727272727,1.0,1,True,3,True,0.8636363636363636
c172r,elev_doublet,sig_static,clo_+0.1,22,13,0.15384615384615385,0.15384615384615385,0.5958471353208195,1,True,4,True,0.8181818181818181
c172r,elev_doublet,sig_static,cmalpha_x0.7,22,13,0.15384615384615385,0.15384615384615385,0.583654589304744,1,True,7,True,0.6818181818181819
c172r,elev_doublet,sig_static,cmq_x0.5,22,13,0.0,0.15384615384615385,0.48104249551617967,4,False,1,True,0.9545454545454546
c172r,elev_doublet,sig_static,inertia_x1.6,22,22,0.13636363636363635,0.22727272727272727,1.0,1,True,1,True,0.9545454545454546
c172r,elev_doublet_distractor,envelope,clo_+0.1,22,13,0.23076923076923078,0.23076923076923078,0.6428163339928046,1,True,7,True,0.6818181818181819
c172r,elev_doublet_distractor,envelope,cmalpha_x0.7,22,13,0.07692307692307693,0.07692307692307693,0.48595215348013626,1,True,9,True,0.5909090909090908
c172r,elev_doublet_distractor,envelope,cmq_x0.5,22,13,0.23076923076923078,0.3076923076923077,0.7182475290447428,1,True,2,True,0.9090909090909091
c172r,elev_doublet_distractor,envelope,inertia_x1.6,22,22,0.13636363636363635,0.22727272727272727,1.0,1,True,10,True,0.5454545454545454
c172r,elev_doublet_distractor,iforest,clo_+0.1,22,13,0.23076923076923078,0.38461538461538464,0.899017649017649,1,True,22,True,0.0
c172r,elev_doublet_distractor,iforest,cmalpha_x0.7,22,13,0.23076923076923078,0.38461538461538464,0.8038863097686626,1,True,0,False,1.0
c172r,elev_doublet_distractor,iforest,cmq_x0.5,22,13,0.23076923076923078,0.3076923076923077,0.6753700359469591,1,True,0,False,1.0
c172r,elev_doublet_distractor,iforest,inertia_x1.6,22,22,0.13636363636363635,0.22727272727272727,1.0,1,True,0,False,1.0
c172r,elev_doublet_distractor,ks,clo_+0.1,22,13,0.23076923076923078,0.38461538461538464,0.9455374753451676,1,True,3,True,0.8636363636363636
c172r,elev_doublet_distractor,ks,cmalpha_x0.7,22,13,0.23076923076923078,0.3076923076923077,0.8011504521119905,1,True,0,False,1.0
c172r,elev_doublet_distractor,ks,cmq_x0.5,22,13,0.23076923076923078,0.38461538461538464,0.9039395245277599,1,True,0,False,1.0
c172r,elev_doublet_distractor,ks,inertia_x1.6,22,22,0.13636363636363635,0.22727272727272727,1.0,1,True,3,True,0.8636363636363636
c172r,elev_doublet_distractor,regression,clo_+0.1,22,13,0.23076923076923078,0.38461538461538464,0.9885883347421809,1,True,20,True,0.09090909090909094
c172r,elev_doublet_distractor,regression,cmalpha_x0.7,22,13,0.23076923076923078,0.38461538461538464,0.9040026213103135,1,True,9,True,0.5909090909090908
c172r,elev_doublet_distractor,regression,cmq_x0.5,22,13,0.15384615384615385,0.23076923076923078,0.7921006344083269,1,True,7,True,0.6818181818181819
c172r,elev_doublet_distractor,regression,inertia_x1.6,22,22,0.13636363636363635,0.22727272727272727,1.0,1,True,12,True,0.4545454545454546
c172r,elev_doublet_distractor,sig_dynamic,clo_+0.1,22,13,0.23076923076923078,0.38461538461538464,0.7589644667073819,1,True,15,True,0.31818181818181823
c172r,elev_doublet_distractor,sig_dynamic,cmalpha_x0.7,22,13,0.23076923076923078,0.3076923076923077,0.7238510421202731,1,True,7,True,0.6818181818181819
c172r,elev_doublet_distractor,sig_dynamic,cmq_x0.5,22,13,0.23076923076923078,0.3076923076923077,0.7743042214196062,1,True,3,True,0.8636363636363636
c172r,elev_doublet_distractor,sig_dynamic,inertia_x1.6,22,22,0.13636363636363635,0.22727272727272727,1.0,1,True,11,True,0.5
c172r,elev_doublet_distractor,sig_static,clo_+0.1,22,13,0.23076923076923078,0.38461538461538464,0.8590687090687091,1,True,6,True,0.7272727272727273
c172r,elev_doublet_distractor,sig_static,cmalpha_x0.7,22,13,0.23076923076923078,0.38461538461538464,0.7554388256817408,1,True,3,True,0.8636363636363636
c172r,elev_doublet_distractor,sig_static,cmq_x0.5,22,13,0.23076923076923078,0.38461538461538464,0.836936455357508,1,True,3,True,0.8636363636363636
c172r,elev_doublet_distractor,sig_static,inertia_x1.6,22,22,0.13636363636363635,0.22727272727272727,1.0,1,True,6,True,0.7272727272727273
c172r,elev_step,envelope,clo_+0.1,22,13,0.23076923076923078,0.23076923076923078,0.6229249029528858,1,True,16,True,0.2727272727272727
c172r,elev_step,envelope,cmalpha_x0.7,22,13,0.15384615384615385,0.3076923076923077,0.5783818391790527,2,False,22,True,0.0
c172r,elev_step,envelope,cmq_x0.5,22,13,0.23076923076923078,0.38461538461538464,0.7378365184866733,1,True,20,True,0.09090909090909094
c172r,elev_step,envelope,inertia_x1.6,22,22,0.13636363636363635,0.22727272727272727,1.0,1,True,11,True,0.5
c172r,elev_step,iforest,clo_+0.1,22,13,0.23076923076923078,0.38461538461538464,0.884407347303275,1,True,22,True,0.0
c172r,elev_step,iforest,cmalpha_x0.7,22,13,0.07692307692307693,0.15384615384615385,0.585148954733975,3,False,2,False,0.9090909090909091
c172r,elev_step,iforest,cmq_x0.5,22,13,0.23076923076923078,0.3076923076923077,0.7670106602798911,1,True,0,False,1.0
c172r,elev_step,iforest,inertia_x1.6,22,22,0.13636363636363635,0.22727272727272727,1.0,1,True,2,True,0.9090909090909091
c172r,elev_step,ks,clo_+0.1,22,13,0.15384615384615385,0.15384615384615385,0.6450577200577201,1,True,10,True,0.5454545454545454
c172r,elev_step,ks,cmalpha_x0.7,22,13,0.07692307692307693,0.07692307692307693,0.4244336506154796,3,False,15,True,0.31818181818181823
c172r,elev_step,ks,cmq_x0.5,22,13,0.23076923076923078,0.38461538461538464,0.9058664437623716,1,True,3,True,0.8636363636363636
c172r,elev_step,ks,inertia_x1.6,22,22,0.13636363636363635,0.22727272727272727,1.0,1,True,0,False,1.0
c172r,elev_step,regression,clo_+0.1,22,13,0.23076923076923078,0.38461538461538464,0.8626542261157646,1,True,21,True,0.045454545454545414
c172r,elev_step,regression,cmalpha_x0.7,22,13,0.07692307692307693,0.23076923076923078,0.6617673176496708,3,False,21,True,0.045454545454545414
c172r,elev_step,regression,cmq_x0.5,22,13,0.23076923076923078,0.38461538461538464,0.8915891800507184,1,True,20,True,0.09090909090909094
c172r,elev_step,regression,inertia_x1.6,22,22,0.13636363636363635,0.22727272727272727,1.0,1,True,11,True,0.5
c172r,elev_step,sig_dynamic,clo_+0.1,22,13,0.15384615384615385,0.3076923076923077,0.7192264999957309,1,True,13,True,0.40909090909090906
c172r,elev_step,sig_dynamic,cmalpha_x0.7,22,13,0.15384615384615385,0.3076923076923077,0.7643271060394186,1,True,14,True,0.36363636363636365
c172r,elev_step,sig_dynamic,cmq_x0.5,22,13,0.23076923076923078,0.38461538461538464,0.8502535476219687,1,True,9,True,0.5909090909090908
c172r,elev_step,sig_dynamic,inertia_x1.6,22,22,0.13636363636363635,0.22727272727272727,1.0,1,True,4,True,0.8181818181818181
c172r,elev_step,sig_static,clo_+0.1,22,13,0.23076923076923078,0.3076923076923077,0.7364426172118481,1,True,6,True,0.7272727272727273
c172r,elev_step,sig_static,cmalpha_x0.7,22,13,0.15384615384615385,0.3076923076923077,0.6444263339000181,1,True,5,True,0.7727272727272727
c172r,elev_step,sig_static,cmq_x0.5,22,13,0.23076923076923078,0.38461538461538464,0.806840381840382,1,True,3,True,0.8636363636363636
c172r,elev_step,sig_static,inertia_x1.6,22,22,0.13636363636363635,0.22727272727272727,1.0,1,True,3,True,0.8636363636363636
c172r,engine_stop,envelope,clo_+0.1,22,13,0.15384615384615385,0.23076923076923078,0.6042225206192817,1,True,16,True,0.2727272727272727
c172r,engine_stop,envelope,cmalpha_x0.7,22,13,0.23076923076923078,0.3076923076923077,0.8011547831385889,1,True,15,True,0.31818181818181823
c172r,engine_stop,envelope,cmq_x0.5,22,13,0.23076923076923078,0.38461538461538464,0.8587924446224041,1,True,11,True,0.5
c172r,engine_stop,envelope,inertia_x1.6,22,22,0.13636363636363635,0.22727272727272727,1.0,1,True,7,True,0.6818181818181819
c172r,engine_stop,iforest,clo_+0.1,22,13,0.15384615384615385,0.3076923076923077,0.6740669586823433,2,False,20,True,0.09090909090909094
c172r,engine_stop,iforest,cmalpha_x0.7,22,13,0.23076923076923078,0.38461538461538464,0.7875943500943502,1,True,0,False,1.0
c172r,engine_stop,iforest,cmq_x0.5,22,13,0.23076923076923078,0.3076923076923077,0.75988455988456,1,True,0,False,1.0
c172r,engine_stop,iforest,inertia_x1.6,22,22,0.13636363636363635,0.22727272727272727,1.0,1,True,0,False,1.0
c172r,engine_stop,ks,clo_+0.1,22,13,0.15384615384615385,0.23076923076923078,0.6215733698705835,1,True,15,True,0.31818181818181823
c172r,engine_stop,ks,cmalpha_x0.7,22,13,0.23076923076923078,0.38461538461538464,0.8200577200577199,1,True,3,True,0.8636363636363636
c172r,engine_stop,ks,cmq_x0.5,22,13,0.23076923076923078,0.3076923076923077,0.7658771053507897,1,True,4,True,0.8181818181818181
c172r,engine_stop,ks,inertia_x1.6,22,22,0.13636363636363635,0.22727272727272727,1.0,1,True,1,True,0.9545454545454546
c172r,engine_stop,regression,clo_+0.1,22,13,0.23076923076923078,0.3076923076923077,0.8340687090687091,1,True,14,True,0.36363636363636365
c172r,engine_stop,regression,cmalpha_x0.7,22,13,0.23076923076923078,0.38461538461538464,0.9056499056499057,1,True,4,True,0.8181818181818181
c172r,engine_stop,regression,cmq_x0.5,22,13,0.23076923076923078,0.38461538461538464,0.9258241758241759,1,True,9,True,0.5909090909090908
c172r,engine_stop,regression,inertia_x1.6,22,22,0.13636363636363635,0.22727272727272727,1.0,1,True,5,True,0.7727272727272727
c172r,engine_stop,sig_dynamic,clo_+0.1,22,13,0.0,0.15384615384615385,0.5118537782505393,4,False,13,True,0.40909090909090906
c172r,engine_stop,sig_dynamic,cmalpha_x0.7,22,13,0.0,0.0,0.41820654438837335,6,False,2,False,0.9090909090909091
c172r,engine_stop,sig_dynamic,cmq_x0.5,22,13,0.23076923076923078,0.3076923076923077,0.7422378840365265,1,True,5,True,0.7727272727272727
c172r,engine_stop,sig_dynamic,inertia_x1.6,22,22,0.13636363636363635,0.22727272727272727,1.0,1,True,1,True,0.9545454545454546
c172r,engine_stop,sig_static,clo_+0.1,22,13,0.23076923076923078,0.3076923076923077,0.7620698015434859,1,True,7,True,0.6818181818181819
c172r,engine_stop,sig_static,cmalpha_x0.7,22,13,0.15384615384615385,0.23076923076923078,0.5783041391013527,1,True,1,True,0.9545454545454546
c172r,engine_stop,sig_static,cmq_x0.5,22,13,0.23076923076923078,0.3076923076923077,0.7396268598697748,1,True,2,True,0.9090909090909091
c172r,engine_stop,sig_static,inertia_x1.6,22,22,0.13636363636363635,0.22727272727272727,1.0,1,True,1,True,0.9545454545454546
c172r,flap_extend,envelope,clo_+0.1,22,13,0.23076923076923078,0.3076923076923077,0.8228227780263979,1,True,11,True,0.5
c172r,flap_extend,envelope,cmalpha_x0.7,22,13,0.0,0.07692307692307693,0.46641947399270567,4,False,22,True,0.0
c172r,flap_extend,envelope,cmq_x0.5,22,13,0.15384615384615385,0.23076923076923078,0.6445968812484649,1,True,11,True,0.5
c172r,flap_extend,envelope,inertia_x1.6,22,22,0.13636363636363635,0.22727272727272727,1.0,1,True,4,True,0.8181818181818181
c172r,flap_extend,iforest,clo_+0.1,22,13,0.23076923076923078,0.38461538461538464,0.816554279054279,1,True,22,True,0.0
c172r,flap_extend,iforest,cmalpha_x0.7,22,13,0.07692307692307693,0.15384615384615385,0.564407450928051,1,True,6,True,0.7272727272727273
c172r,flap_extend,iforest,cmq_x0.5,22,13,0.23076923076923078,0.38461538461538464,0.8535161419776803,1,True,0,False,1.0
c172r,flap_extend,iforest,inertia_x1.6,22,22,0.13636363636363635,0.22727272727272727,1.0,1,True,0,False,1.0
c172r,flap_extend,ks,clo_+0.1,22,13,0.23076923076923078,0.38461538461538464,0.8622738372738373,1,True,11,True,0.5
c172r,flap_extend,ks,cmalpha_x0.7,22,13,0.0,0.07692307692307693,0.4490221277492056,5,False,20,True,0.09090909090909094
c172r,flap_extend,ks,cmq_x0.5,22,13,0.15384615384615385,0.3076923076923077,0.7632423132423134,1,True,8,True,0.6363636363636364
c172r,flap_extend,ks,inertia_x1.6,22,22,0.13636363636363635,0.22727272727272727,1.0,1,True,5,True,0.7727272727272727
c172r,flap_extend,regression,clo_+0.1,22,13,0.23076923076923078,0.38461538461538464,0.8170286528586124,1,True,20,True,0.09090909090909094
c172r,flap_extend,regression,cmalpha_x0.7,22,13,0.0,0.07692307692307693,0.4891958720013019,5,False,22,True,0.0
c172r,flap_extend,regression,cmq_x0.5,22,13,0.23076923076923078,0.38461538461538464,0.8012154512154512,1,True,19,True,0.13636363636363635
c172r,flap_extend,regression,inertia_x1.6,22,22,0.13636363636363635,0.22727272727272727,1.0,1,True,15,True,0.31818181818181823
c172r,flap_extend,sig_dynamic,clo_+0.1,22,13,0.23076923076923078,0.3076923076923077,0.7781340005024217,1,True,9,True,0.5909090909090908
c172r,flap_extend,sig_dynamic,cmalpha_x0.7,22,13,0.0,0.0,0.44725085980146706,7,False,18,True,0.18181818181818177
c172r,flap_extend,sig_dynamic,cmq_x0.5,22,13,0.15384615384615385,0.15384615384615385,0.5758594604569837,1,True,5,False,0.7727272727272727
c172r,flap_extend,sig_dynamic,inertia_x1.6,22,22,0.13636363636363635,0.22727272727272727,1.0,1,True,1,True,0.9545454545454546
c172r,flap_extend,sig_static,clo_+0.1,22,13,0.23076923076923078,0.3076923076923077,0.7037341201308813,1,True,7,True,0.6818181818181819
c172r,flap_extend,sig_static,cmalpha_x0.7,22,13,0.15384615384615385,0.15384615384615385,0.6201131470868314,1,True,16,True,0.2727272727272727
c172r,flap_extend,sig_static,cmq_x0.5,22,13,0.07692307692307693,0.15384615384615385,0.48009124088845445,3,False,4,True,0.8181818181818181
c172r,flap_extend,sig_static,inertia_x1.6,22,22,0.13636363636363635,0.22727272727272727,1.0,1,True,2,True,0.9090909090909091
c172r,rudder_doublet,envelope,clo_+0.1,22,13,0.23076923076923078,0.3076923076923077,0.6907556753531986,1,True,13,True,0.40909090909090906
c172r,rudder_doublet,envelope,cmalpha_x0.7,22,13,0.23076923076923078,0.38461538461538464,0.872670598632137,1,True,7,True,0.6818181818181819
c172r,rudder_doublet,envelope,cmq_x0.5,22,13,0.23076923076923078,0.38461538461538464,1.0,1,True,4,True,0.8181818181818181
c172r,rudder_doublet,envelope,inertia_x1.6,22,22,0.13636363636363635,0.22727272727272727,1.0,1,True,13,True,0.40909090909090906
c172r,rudder_doublet,iforest,clo_+0.1,22,13,0.07692307692307693,0.23076923076923078,0.6049844330208701,3,False,22,True,0.0
c172r,rudder_doublet,iforest,cmalpha_x0.7,22,13,0.23076923076923078,0.23076923076923078,0.7663691009844855,1,True,2,True,0.9090909090909091
c172r,rudder_doublet,iforest,cmq_x0.5,22,13,0.07692307692307693,0.23076923076923078,0.553232332682797,2,False,0,False,1.0
c172r,rudder_doublet,iforest,inertia_x1.6,22,22,0.13636363636363635,0.22727272727272727,1.0,1,True,0,False,1.0
c172r,rudder_doublet,ks,clo_+0.1,22,13,0.23076923076923078,0.38461538461538464,0.8798370432985816,1,True,4,True,0.8181818181818181
c172r,rudder_doublet,ks,cmalpha_x0.7,22,13,0.15384615384615385,0.15384615384615385,0.675309339783024,1,True,4,True,0.8181818181818181
c172r,rudder_doublet,ks,cmq_x0.5,22,13,0.23076923076923078,0.38461538461538464,0.7795947602449153,1,True,2,True,0.9090909090909091
c172r,rudder_doublet,ks,inertia_x1.6,22,22,0.13636363636363635,0.22727272727272727,1.0,1,True,12,True,0.4545454545454546
c172r,rudder_doublet,regression,clo_+0.1,22,13,0.23076923076923078,0.38461538461538464,0.7750063661828369,1,True,15,True,0.31818181818181823
c172r,rudder_doublet,regression,cmalpha_x0.7,22,13,0.23076923076923078,0.38461538461538464,0.8837273837273838,1,True,6,True,0.7272727272727273
c172r,rudder_doublet,regression,cmq_x0.5,22,13,0.23076923076923078,0.3076923076923077,0.7294919390894623,1,True,3,True,0.8636363636363636
c172r,rudder_doublet,regression,inertia_x1.6,22,22,0.13636363636363635,0.22727272727272727,1.0,1,True,11,True,0.5
c172r,rudder_doublet,sig_dynamic,clo_+0.1,22,13,0.23076923076923078,0.38461538461538464,0.8580903015113541,1,True,11,True,0.5
c172r,rudder_doublet,sig_dynamic,cmalpha_x0.7,22,13,0.23076923076923078,0.38461538461538464,0.9563880788577145,1,True,7,True,0.6818181818181819
c172r,rudder_doublet,sig_dynamic,cmq_x0.5,22,13,0.15384615384615385,0.23076923076923078,0.6027089010061146,1,True,2,True,0.9090909090909091
c172r,rudder_doublet,sig_dynamic,inertia_x1.6,22,22,0.13636363636363635,0.22727272727272727,1.0,1,True,9,True,0.5909090909090908
c172r,rudder_doublet,sig_static,clo_+0.1,22,13,0.23076923076923078,0.38461538461538464,0.7290602559833329,1,True,7,True,0.6818181818181819
c172r,rudder_doublet,sig_static,cmalpha_x0.7,22,13,0.23076923076923078,0.38461538461538464,0.8757144815968344,1,True,7,True,0.6818181818181819
c172r,rudder_doublet,sig_static,cmq_x0.5,22,13,0.23076923076923078,0.3076923076923077,0.7378864606061559,1,True,3,True,0.8636363636363636
c172r,rudder_doublet,sig_static,inertia_x1.6,22,22,0.13636363636363635,0.22727272727272727,1.0,1,True,4,True,0.8181818181818181
c172r,throttle_step,envelope,clo_+0.1,22,13,0.23076923076923078,0.3076923076923077,0.7709060805036039,1,True,17,True,0.2272727272727273
c172r,throttle_step,envelope,cmalpha_x0.7,22,13,0.15384615384615385,0.3076923076923077,0.7586823432977281,1,True,17,True,0.2272727272727273
c172r,throttle_step,envelope,cmq_x0.5,22,13,0.23076923076923078,0.3076923076923077,0.811974350435889,1,True,12,True,0.4545454545454546
c172r,throttle_step,envelope,inertia_x1.6,22,22,0.13636363636363635,0.22727272727272727,1.0,1,True,13,True,0.40909090909090906
c172r,throttle_step,iforest,clo_+0.1,22,13,0.23076923076923078,0.38461538461538464,0.8227951086250681,1,True,22,True,0.0
c172r,throttle_step,iforest,cmalpha_x0.7,22,13,0.15384615384615385,0.23076923076923078,0.6188791778991827,2,False,0,False,1.0
c172r,throttle_step,iforest,cmq_x0.5,22,13,0.07692307692307693,0.07692307692307693,0.5174452627893923,2,False,0,False,1.0
c172r,throttle_step,iforest,inertia_x1.6,22,22,0.13636363636363635,0.22727272727272727,1.0,1,True,0,False,1.0
c172r,throttle_step,ks,clo_+0.1,22,13,0.23076923076923078,0.38461538461538464,0.8677721850798774,1,True,8,True,0.6363636363636364
c172r,throttle_step,ks,cmalpha_x0.7,22,13,0.15384615384615385,0.3076923076923077,0.6689801297773434,1,True,5,True,0.7727272727272727
c172r,throttle_step,ks,cmq_x0.5,22,13,0.15384615384615385,0.3076923076923077,0.7395739881033999,1,True,5,True,0.7727272727272727
c172r,throttle_step,ks,inertia_x1.6,22,22,0.13636363636363635,0.22727272727272727,1.0,1,True,0,False,1.0
c172r,throttle_step,regression,clo_+0.1,22,13,0.23076923076923078,0.38461538461538464,0.8246660328108291,1,True,20,True,0.09090909090909094
c172r,throttle_step,regression,cmalpha_x0.7,22,13,0.23076923076923078,0.38461538461538464,0.8978883861236802,1,True,18,True,0.18181818181818177
c172r,throttle_step,regression,cmq_x0.5,22,13,0.23076923076923078,0.3076923076923077,0.7244477014213857,1,True,12,True,0.4545454545454546
c172r,throttle_step,regression,inertia_x1.6,22,22,0.13636363636363635,0.22727272727272727,1.0,1,True,10,True,0.5454545454545454
c172r,throttle_step,sig_dynamic,clo_+0.1,22,13,0.23076923076923078,0.23076923076923078,0.6532075397281398,1,True,19,True,0.13636363636363635
c172r,throttle_step,sig_dynamic,cmalpha_x0.7,22,13,0.23076923076923078,0.38461538461538464,0.795736797403861,1,True,14,True,0.36363636363636365
c172r,throttle_step,sig_dynamic,cmq_x0.5,22,13,0.23076923076923078,0.3076923076923077,0.8279618042775938,1,True,5,True,0.7727272727272727
c172r,throttle_step,sig_dynamic,inertia_x1.6,22,22,0.13636363636363635,0.22727272727272727,1.0,1,True,1,True,0.9545454545454546
c172r,throttle_step,sig_static,clo_+0.1,22,13,0.23076923076923078,0.23076923076923078,0.6684330563855452,1,True,12,True,0.4545454545454546
c172r,throttle_step,sig_static,cmalpha_x0.7,22,13,0.15384615384615385,0.3076923076923077,0.7607049551887608,1,True,8,True,0.6363636363636364
c172r,throttle_step,sig_static,cmq_x0.5,22,13,0.23076923076923078,0.3076923076923077,0.7097372200581298,1,True,2,True,0.9090909090909091
c172r,throttle_step,sig_static,inertia_x1.6,22,22,0.13636363636363635,0.22727272727272727,1.0,1,True,0,False,1.0
c182,aileron_step,envelope,clo_+0.1,22,13,0.15384615384615385,0.15384615384615385,0.5817558156299524,1,True,17,True,0.2272727272727273
c182,aileron_step,envelope,cmalpha_x0.7,22,13,0.23076923076923078,0.38461538461538464,0.878901817137111,1,True,5,True,0.7727272727272727
c182,aileron_step,envelope,cmq_x0.5,22,13,0.23076923076923078,0.3076923076923077,0.8053193323704159,1,True,8,True,0.6363636363636364
c182,aileron_step,envelope,inertia_x1.6,22,22,0.13636363636363635,0.22727272727272727,1.0,1,True,8,True,0.6363636363636364
c182,aileron_step,iforest,clo_+0.1,22,13,0.23076923076923078,0.3076923076923077,0.8109905617258557,1,True,22,True,0.0
c182,aileron_step,iforest,cmalpha_x0.7,22,13,0.23076923076923078,0.3076923076923077,0.7336746388484898,1,True,0,False,1.0
c182,aileron_step,iforest,cmq_x0.5,22,13,0.23076923076923078,0.3076923076923077,0.7257469661137199,1,True,0,False,1.0
c182,aileron_step,iforest,inertia_x1.6,22,22,0.13636363636363635,0.22727272727272727,1.0,1,True,0,False,1.0
c182,aileron_step,ks,clo_+0.1,22,13,0.15384615384615385,0.23076923076923078,0.6200898027642491,1,True,17,True,0.2272727272727273
c182,aileron_step,ks,cmalpha_x0.7,22,13,0.23076923076923078,0.38461538461538464,0.9062604062604064,1,True,8,True,0.6363636363636364
c182,aileron_step,ks,cmq_x0.5,22,13,0.15384615384615385,0.3076923076923077,0.6681748076484919,1,True,4,True,0.8181818181818181
c182,aileron_step,ks,inertia_x1.6,22,22,0.13636363636363635,0.22727272727272727,1.0,1,True,7,True,0.6818181818181819
c182,aileron_step,regression,clo_+0.1,22,13,0.15384615384615385,0.23076923076923078,0.7657235424203749,1,True,21,True,0.045454545454545414
c182,aileron_step,regression,cmalpha_x0.7,22,13,0.23076923076923078,0.3076923076923077,0.8253064187274715,1,True,6,True,0.7272727272727273
c182,aileron_step,regression,cmq_x0.5,22,13,0.15384615384615385,0.3076923076923077,0.698115986577525,2,False,8,True,0.6363636363636364
c182,aileron_step,regression,inertia_x1.6,22,22,0.13636363636363635,0.22727272727272727,1.0,1,True,7,True,0.6818181818181819
c182,aileron_step,sig_dynamic,clo_+0.1,22,13,0.23076923076923078,0.38461538461538464,0.8446553446553448,1,True,11,True,0.5
c182,aileron_step,sig_dynamic,cmalpha_x0.7,22,13,0.23076923076923078,0.3076923076923077,0.8764041514041512,1,True,3,True,0.8636363636363636
c182,aileron_step,sig_dynamic,cmq_x0.5,22,13,0.07692307692307693,0.15384615384615385,0.5946479299986087,2,False,5,True,0.7727272727272727
c182,aileron_step,sig_dynamic,inertia_x1.6,22,22,0.13636363636363635,0.22727272727272727,1.0,1,True,4,True,0.8181818181818181
c182,aileron_step,sig_static,clo_+0.1,22,13,0.23076923076923078,0.38461538461538464,0.8242608437446495,1,True,6,True,0.7272727272727273
c182,aileron_step,sig_static,cmalpha_x0.7,22,13,0.23076923076923078,0.38461538461538464,0.871532634032634,1,True,2,True,0.9090909090909091
c182,aileron_step,sig_static,cmq_x0.5,22,13,0.15384615384615385,0.3076923076923077,0.6624606876809783,1,True,3,True,0.8636363636363636
c182,aileron_step,sig_static,inertia_x1.6,22,22,0.13636363636363635,0.22727272727272727,1.0,1,True,1,True,0.9545454545454546
c182,bank_hold,envelope,clo_+0.1,22,13,0.15384615384615385,0.23076923076923078,0.5924844032816169,1,True,17,True,0.2272727272727273
c182,bank_hold,envelope,cmalpha_x0.7,22,13,0.23076923076923078,0.38461538461538464,0.9076350999427922,1,True,7,True,0.6818181818181819
c182,bank_hold,envelope,cmq_x0.5,22,13,0.23076923076923078,0.3076923076923077,0.7710232551444745,1,True,11,True,0.5
c182,bank_hold,envelope,inertia_x1.6,22,22,0.13636363636363635,0.22727272727272727,1.0,1,True,8,True,0.6363636363636364
c182,bank_hold,iforest,clo_+0.1,22,13,0.15384615384615385,0.23076923076923078,0.6841248746226122,1,True,22,True,0.0
c182,bank_hold,iforest,cmalpha_x0.7,22,13,0.15384615384615385,0.23076923076923078,0.6235563462760414,1,True,0,False,1.0
c182,bank_hold,iforest,cmq_x0.5,22,13,0.15384615384615385,0.23076923076923078,0.7049269444006286,1,True,0,False,1.0
c182,bank_hold,iforest,inertia_x1.6,22,22,0.13636363636363635,0.22727272727272727,1.0,1,True,0,False,1.0
c182,bank_hold,ks,clo_+0.1,22,13,0.15384615384615385,0.23076923076923078,0.5665146465426293,1,True,17,True,0.2272727272727273
c182,bank_hold,ks,cmalpha_x0.7,22,13,0.23076923076923078,0.38461538461538464,0.9436726734803658,1,True,6,True,0.7272727272727273
c182,bank_hold,ks,cmq_x0.5,22,13,0.15384615384615385,0.23076923076923078,0.7171750202114576,1,True,6,True,0.7272727272727273
c182,bank_hold,ks,inertia_x1.6,22,22,0.13636363636363635,0.22727272727272727,1.0,1,True,3,True,0.8636363636363636
c182,bank_hold,regression,clo_+0.1,22,13,0.07692307692307693,0.23076923076923078,0.6534703544318928,3,False,19,True,0.13636363636363635
c182,bank_hold,regression,cmalpha_x0.7,22,13,0.23076923076923078,0.38461538461538464,0.9197507343018179,1,True,1,True,0.9545454545454546
c182,bank_hold,regression,cmq_x0.5,22,13,0.23076923076923078,0.38461538461538464,0.9057844116667646,1,True,4,True,0.8181818181818181
c182,bank_hold,regression,inertia_x1.6,22,22,0.13636363636363635,0.22727272727272727,1.0,1,True,7,True,0.6818181818181819
c182,bank_hold,sig_dynamic,clo_+0.1,22,13,0.15384615384615385,0.15384615384615385,0.6612467597761715,1,True,12,True,0.4545454545454546
c182,bank_hold,sig_dynamic,cmalpha_x0.7,22,13,0.23076923076923078,0.3076923076923077,0.6923797237532651,1,True,2,True,0.9090909090909091
c182,bank_hold,sig_dynamic,cmq_x0.5,22,13,0.23076923076923078,0.38461538461538464,0.8243312243312244,1,True,3,True,0.8636363636363636
c182,bank_hold,sig_dynamic,inertia_x1.6,22,22,0.13636363636363635,0.22727272727272727,1.0,1,True,3,True,0.8636363636363636
c182,bank_hold,sig_static,clo_+0.1,22,13,0.15384615384615385,0.3076923076923077,0.7844263192947404,1,True,3,True,0.8636363636363636
c182,bank_hold,sig_static,cmalpha_x0.7,22,13,0.23076923076923078,0.23076923076923078,0.7587884337884339,1,True,3,True,0.8636363636363636
c182,bank_hold,sig_static,cmq_x0.5,22,13,0.15384615384615385,0.23076923076923078,0.6508915920680626,1,True,5,True,0.7727272727272727
c182,bank_hold,sig_static,inertia_x1.6,22,22,0.13636363636363635,0.22727272727272727,1.0,1,True,0,False,1.0
c182,climbing_turn,envelope,clo_+0.1,22,13,0.15384615384615385,0.23076923076923078,0.6144574009780011,1,True,15,True,0.31818181818181823
c182,climbing_turn,envelope,cmalpha_x0.7,22,13,0.15384615384615385,0.3076923076923077,0.5985055879792721,2,False,20,True,0.09090909090909094
c182,climbing_turn,envelope,cmq_x0.5,22,13,0.23076923076923078,0.38461538461538464,0.8180471575208419,1,True,22,True,0.0
c182,climbing_turn,envelope,inertia_x1.6,22,22,0.13636363636363635,0.22727272727272727,1.0,1,True,11,True,0.5
c182,climbing_turn,iforest,clo_+0.1,22,13,0.07692307692307693,0.15384615384615385,0.5218813951786088,3,False,22,True,0.0
c182,climbing_turn,iforest,cmalpha_x0.7,22,13,0.15384615384615385,0.3076923076923077,0.7041233276527396,1,True,0,False,1.0
c182,climbing_turn,iforest,cmq_x0.5,22,13,0.23076923076923078,0.38461538461538464,0.8079108413086741,1,True,0,False,1.0
c182,climbing_turn,iforest,inertia_x1.6,22,22,0.13636363636363635,0.22727272727272727,1.0,1,True,0,False,1.0
c182,climbing_turn,ks,clo_+0.1,22,13,0.07692307692307693,0.23076923076923078,0.5813103563103563,3,False,14,True,0.36363636363636365
c182,climbing_turn,ks,cmalpha_x0.7,22,13,0.07692307692307693,0.15384615384615385,0.5530343925080767,1,True,10,True,0.5454545454545454
c182,climbing_turn,ks,cmq_x0.5,22,13,0.07692307692307693,0.15384615384615385,0.6042457542457542,1,True,11,True,0.5
c182,climbing_turn,ks,inertia_x1.6,22,22,0.13636363636363635,0.22727272727272727,1.0,1,True,9,True,0.5909090909090908
c182,climbing_turn,regression,clo_+0.1,22,13,0.15384615384615385,0.3076923076923077,0.7766277023629963,1,True,18,True,0.18181818181818177
c182,climbing_turn,regression,cmalpha_x0.7,22,13,0.23076923076923078,0.23076923076923078,0.7482017982017983,1,True,15,True,0.31818181818181823
c182,climbing_turn,regression,cmq_x0.5,22,13,0.23076923076923078,0.38461538461538464,0.8325729825729826,1,True,15,True,0.31818181818181823
c182,climbing_turn,regression,inertia_x1.6,22,22,0.13636363636363635,0.22727272727272727,1.0,1,True,7,True,0.6818181818181819
c182,climbing_turn,sig_dynamic,clo_+0.1,22,13,0.0,0.15384615384615385,0.5928363303363302,4,False,18,True,0.18181818181818177
c182,climbing_turn,sig_dynamic,cmalpha_x0.7,22,13,0.0,0.07692307692307693,0.4714692239966114,5,False,13,True,0.40909090909090906
c182,climbing_turn,sig_dynamic,cmq_x0.5,22,13,0.23076923076923078,0.3076923076923077,0.8031452465662993,1,True,16,True,0.2727272727272727
c182,climbing_turn,sig_dynamic,inertia_x1.6,22,22,0.13636363636363635,0.22727272727272727,1.0,1,True,6,True,0.7272727272727273
c182,climbing_turn,sig_static,clo_+0.1,22,13,0.0,0.0,0.48676574708665676,6,False,13,True,0.40909090909090906
c182,climbing_turn,sig_static,cmalpha_x0.7,22,13,0.0,0.0,0.4224026311070845,6,False,6,True,0.7272727272727273
c182,climbing_turn,sig_static,cmq_x0.5,22,13,0.0,0.15384615384615385,0.5088495843020729,4,False,12,True,0.4545454545454546
c182,climbing_turn,sig_static,inertia_x1.6,22,22,0.13636363636363635,0.22727272727272727,1.0,1,True,2,True,0.9090909090909091
c182,cruise,envelope,clo_+0.1,22,13,0.15384615384615385,0.23076923076923078,0.574401913875598,1,True,17,True,0.2272727272727273
c182,cruise,envelope,cmalpha_x0.7,22,13,0.23076923076923078,0.38461538461538464,0.7268945364920596,1,True,17,True,0.2272727272727273
c182,cruise,envelope,cmq_x0.5,22,13,0.23076923076923078,0.38461538461538464,0.7370818165322809,1,True,20,True,0.09090909090909094
c182,cruise,envelope,inertia_x1.6,22,22,0.13636363636363635,0.22727272727272727,1.0,1,True,14,True,0.36363636363636365
c182,cruise,iforest,clo_+0.1,22,13,0.15384615384615385,0.23076923076923078,0.6582995865503606,1,True,22,True,0.0
c182,cruise,iforest,cmalpha_x0.7,22,13,0.15384615384615385,0.23076923076923078,0.5865239084696098,2,False,1,False,0.9545454545454546
c182,cruise,iforest,cmq_x0.5,22,13,0.23076923076923078,0.38461538461538464,0.8447148555448151,1,True,0,False,1.0
c182,cruise,iforest,inertia_x1.6,22,22,0.13636363636363635,0.22727272727272727,1.0,1,True,0,False,1.0
c182,cruise,ks,clo_+0.1,22,13,0.07692307692307693,0.15384615384615385,0.49665700920761646,2,False,17,True,0.2272727272727273
c182,cruise,ks,cmalpha_x0.7,22,13,0.15384615384615385,0.23076923076923078,0.6994793605087722,1,True,11,True,0.5
c182,cruise,ks,cmq_x0.5,22,13,0.15384615384615385,0.3076923076923077,0.7039112933849776,1,True,11,True,0.5
c182,cruise,ks,inertia_x1.6,22,22,0.13636363636363635,0.22727272727272727,1.0,1,True,4,True,0.8181818181818181
c182,cruise,regression,clo_+0.1,22,13,0.15384615384615385,0.3076923076923077,0.8305640940256325,1,True,13,True,0.40909090909090906
c182,cruise,regression,cmalpha_x0.7,22,13,0.23076923076923078,0.3076923076923077,0.7444227427199563,1,True,8,True,0.6363636363636364
c182,cruise,regression,cmq_x0.5,22,13,0.23076923076923078,0.38461538461538464,0.9167371090448015,1,True,9,True,0.5909090909090908
c182,cruise,regression,inertia_x1.6,22,22,0.13636363636363635,0.22727272727272727,1.0,1,True,7,True,0.6818181818181819
c182,cruise,sig_dynamic,clo_+0.1,22,13,0.23076923076923078,0.38461538461538464,0.9351256649333572,1,True,8,True,0.6363636363636364
c182,cruise,sig_dynamic,cmalpha_x0.7,22,13,0.23076923076923078,0.23076923076923078,0.7507156242450361,1,True,2,True,0.9090909090909091
c182,cruise,sig_dynamic,cmq_x0.5,22,13,0.23076923076923078,0.38461538461538464,0.9562040523578985,1,True,9,True,0.5909090909090908
c182,cruise,sig_dynamic,inertia_x1.6,22,22,0.13636363636363635,0.22727272727272727,1.0,1,True,6,True,0.7272727272727273
c182,cruise,sig_static,clo_+0.1,22,13,0.23076923076923078,0.38461538461538464,0.9405497280497279,1,True,8,True,0.6363636363636364
c182,cruise,sig_static,cmalpha_x0.7,22,13,0.23076923076923078,0.23076923076923078,0.7164654059390902,1,True,3,True,0.8636363636363636
c182,cruise,sig_static,cmq_x0.5,22,13,0.23076923076923078,0.38461538461538464,0.9283570680331815,1,True,9,True,0.5909090909090908
c182,cruise,sig_static,inertia_x1.6,22,22,0.13636363636363635,0.22727272727272727,1.0,1,True,4,True,0.8181818181818181
c182,elev_doublet,envelope,clo_+0.1,22,13,0.15384615384615385,0.23076923076923078,0.6254585095648444,1,True,9,True,0.5909090909090908
c182,elev_doublet,envelope,cmalpha_x0.7,22,13,0.07692307692307693,0.07692307692307693,0.5580224143959558,1,True,4,True,0.8181818181818181
c182,elev_doublet,envelope,cmq_x0.5,22,13,0.07692307692307693,0.15384615384615385,0.6138957447780977,1,True,4,True,0.8181818181818181
c182,elev_doublet,envelope,inertia_x1.6,22,22,0.13636363636363635,0.22727272727272727,1.0,1,True,3,True,0.8636363636363636
c182,elev_doublet,iforest,clo_+0.1,22,13,0.15384615384615385,0.15384615384615385,0.6816720170226956,1,True,22,True,0.0
c182,elev_doublet,iforest,cmalpha_x0.7,22,13,0.07692307692307693,0.07692307692307693,0.5087560213066286,1,True,0,False,1.0
c182,elev_doublet,iforest,cmq_x0.5,22,13,0.07692307692307693,0.07692307692307693,0.4796866162072163,3,False,0,False,1.0
c182,elev_doublet,iforest,inertia_x1.6,22,22,0.13636363636363635,0.22727272727272727,1.0,1,True,0,False,1.0
c182,elev_doublet,ks,clo_+0.1,22,13,0.15384615384615385,0.23076923076923078,0.7506338690549216,1,True,7,True,0.6818181818181819
c182,elev_doublet,ks,cmalpha_x0.7,22,13,0.23076923076923078,0.38461538461538464,0.8121011467165313,1,True,2,True,0.9090909090909091
c182,elev_doublet,ks,cmq_x0.5,22,13,0.23076923076923078,0.23076923076923078,0.680313088118518,1,True,1,True,0.9545454545454546
c182,elev_doublet,ks,inertia_x1.6,22,22,0.13636363636363635,0.22727272727272727,1.0,1,True,2,True,0.9090909090909091
c182,elev_doublet,regression,clo_+0.1,22,13,0.23076923076923078,0.38461538461538464,0.9359251859251858,1,True,17,True,0.2272727272727273
c182,elev_doublet,regression,cmalpha_x0.7,22,13,0.23076923076923078,0.38461538461538464,0.7679317414611533,1,True,0,False,1.0
c182,elev_doublet,regression,cmq_x0.5,22,13,0.23076923076923078,0.23076923076923078,0.6398496739560089,1,True,3,True,0.8636363636363636
c182,elev_doublet,regression,inertia_x1.6,22,22,0.13636363636363635,0.22727272727272727,1.0,1,True,5,True,0.7727272727272727
c182,elev_doublet,sig_dynamic,clo_+0.1,22,13,0.23076923076923078,0.38461538461538464,0.8943796399678754,1,True,6,True,0.7272727272727273
c182,elev_doublet,sig_dynamic,cmalpha_x0.7,22,13,0.23076923076923078,0.38461538461538464,0.825272784292789,1,True,4,True,0.8181818181818181
c182,elev_doublet,sig_dynamic,cmq_x0.5,22,13,0.15384615384615385,0.23076923076923078,0.5984387351290185,2,False,0,False,1.0
c182,elev_doublet,sig_dynamic,inertia_x1.6,22,22,0.13636363636363635,0.22727272727272727,1.0,1,True,0,False,1.0
c182,elev_doublet,sig_static,clo_+0.1,22,13,0.23076923076923078,0.38461538461538464,0.8477932324086171,1,True,7,True,0.6818181818181819
c182,elev_doublet,sig_static,cmalpha_x0.7,22,13,0.15384615384615385,0.3076923076923077,0.7593874864385699,1,True,0,False,1.0
c182,elev_doublet,sig_static,cmq_x0.5,22,13,0.23076923076923078,0.3076923076923077,0.6795759065495908,1,True,0,False,1.0
c182,elev_doublet,sig_static,inertia_x1.6,22,22,0.13636363636363635,0.22727272727272727,1.0,1,True,1,True,0.9545454545454546
c182,elev_doublet_distractor,envelope,clo_+0.1,22,13,0.15384615384615385,0.23076923076923078,0.5968189576161712,1,True,17,True,0.2272727272727273
c182,elev_doublet_distractor,envelope,cmalpha_x0.7,22,13,0.23076923076923078,0.23076923076923078,0.7610097418920948,1,True,10,True,0.5454545454545454
c182,elev_doublet_distractor,envelope,cmq_x0.5,22,13,0.23076923076923078,0.38461538461538464,0.7843974401666711,1,True,6,True,0.7272727272727273
c182,elev_doublet_distractor,envelope,inertia_x1.6,22,22,0.13636363636363635,0.22727272727272727,1.0,1,True,8,True,0.6363636363636364
c182,elev_doublet_distractor,iforest,clo_+0.1,22,13,0.23076923076923078,0.3076923076923077,0.7614833434671492,1,True,22,True,0.0
c182,elev_doublet_distractor,iforest,cmalpha_x0.7,22,13,0.23076923076923078,0.3076923076923077,0.7929799084776461,1,True,2,True,0.9090909090909091
c182,elev_doublet_distractor,iforest,cmq_x0.5,22,13,0.23076923076923078,0.3076923076923077,0.7506763102738335,1,True,0,False,1.0
c182,elev_doublet_distractor,iforest,inertia_x1.6,22,22,0.13636363636363635,0.22727272727272727,1.0,1,True,0,False,1.0
c182,elev_doublet_distractor,ks,clo_+0.1,22,13,0.15384615384615385,0.23076923076923078,0.6310340991336466,1,True,8,True,0.6363636363636364
c182,elev_doublet_distractor,ks,cmalpha_x0.7,22,13,0.15384615384615385,0.23076923076923078,0.636946280215511,1,True,4,True,0.8181818181818181
c182,elev_doublet_distractor,ks,cmq_x0.5,22,13,0.15384615384615385,0.15384615384615385,0.5691523775502104,2,False,5,True,0.7727272727272727
c182,elev_doublet_distractor,ks,inertia_x1.6,22,22,0.13636363636363635,0.22727272727272727,1.0,1,True,6,True,0.7272727272727273
c182,elev_doublet_distractor,regression,clo_+0.1,22,13,0.23076923076923078,0.38461538461538464,0.8606476856476856,1,True,17,True,0.2272727272727273
c182,elev_doublet_distractor,regression,cmalpha_x0.7,22,13,0.23076923076923078,0.38461538461538464,0.9234432234432233,1,True,4,True,0.8181818181818181
c182,elev_doublet_distractor,regression,cmq_x0.5,22,13,0.23076923076923078,0.38461538461538464,0.7683937794231912,1,True,2,True,0.9090909090909091
c182,elev_doublet_distractor,regression,inertia_x1.6,22,22,0.13636363636363635,0.22727272727272727,1.0,1,True,8,True,0.6363636363636364
c182,elev_doublet_distractor,sig_dynamic,clo_+0.1,22,13,0.23076923076923078,0.3076923076923077,0.7765262515262514,1,True,15,True,0.31818181818181823
c182,elev_doublet_distractor,sig_dynamic,cmalpha_x0.7,22,13,0.23076923076923078,0.38461538461538464,0.8542886851710381,1,True,5,True,0.7727272727272727
c182,elev_doublet_distractor,sig_dynamic,cmq_x0.5,22,13,0.23076923076923078,0.38461538461538464,0.7657987866966194,1,True,4,True,0.8181818181818181
c182,elev_doublet_distractor,sig_dynamic,inertia_x1.6,22,22,0.13636363636363635,0.22727272727272727,1.0,1,True,2,True,0.9090909090909091
c182,elev_doublet_distractor,sig_static,clo_+0.1,22,13,0.23076923076923078,0.38461538461538464,0.8372072372072373,1,True,8,True,0.6363636363636364
c182,elev_doublet_distractor,sig_static,cmalpha_x0.7,22,13,0.15384615384615385,0.23076923076923078,0.6728558771545197,1,True,2,True,0.9090909090909091
c182,elev_doublet_distractor,sig_static,cmq_x0.5,22,13,0.15384615384615385,0.23076923076923078,0.6541290973983281,1,True,0,False,1.0
c182,elev_doublet_distractor,sig_static,inertia_x1.6,22,22,0.13636363636363635,0.22727272727272727,1.0,1,True,0,False,1.0
c182,elev_step,envelope,clo_+0.1,22,13,0.15384615384615385,0.23076923076923078,0.5799568587851511,1,True,14,True,0.36363636363636365
c182,elev_step,envelope,cmalpha_x0.7,22,13,0.0,0.07692307692307693,0.45458935463996186,4,False,16,True,0.2727272727272727
c182,elev_step,envelope,cmq_x0.5,22,13,0.23076923076923078,0.38461538461538464,0.7652725816693429,1,True,19,True,0.13636363636363635
c182,elev_step,envelope,inertia_x1.6,22,22,0.13636363636363635,0.22727272727272727,1.0,1,True,0,False,1.0
c182,elev_step,iforest,clo_+0.1,22,13,0.23076923076923078,0.3076923076923077,0.7689451455109946,1,True,22,True,0.0
c182,elev_step,iforest,cmalpha_x0.7,22,13,0.07692307692307693,0.15384615384615385,0.5283062971798385,2,False,0,False,1.0
c182,elev_step,iforest,cmq_x0.5,22,13,0.15384615384615385,0.23076923076923078,0.655291811665353,1,True,0,False,1.0
c182,elev_step,iforest,inertia_x1.6,22,22,0.13636363636363635,0.22727272727272727,1.0,1,True,0,False,1.0
c182,elev_step,ks,clo_+0.1,22,13,0.15384615384615385,0.23076923076923078,0.6710619075825076,1,True,12,True,0.4545454545454546
c182,elev_step,ks,cmalpha_x0.7,22,13,0.0,0.07692307692307693,0.46976420387053874,4,False,10,True,0.5454545454545454
c182,elev_step,ks,cmq_x0.5,22,13,0.23076923076923078,0.38461538461538464,0.8671396701522921,1,True,10,True,0.5454545454545454
c182,elev_step,ks,inertia_x1.6,22,22,0.13636363636363635,0.22727272727272727,1.0,1,True,0,False,1.0
c182,elev_step,regression,clo_+0.1,22,13,0.23076923076923078,0.38461538461538464,0.9674927636466097,1,True,15,True,0.31818181818181823
c182,elev_step,regression,cmalpha_x0.7,22,13,0.07692307692307693,0.23076923076923078,0.6639890024505409,3,False,12,True,0.4545454545454546
c182,elev_step,regression,cmq_x0.5,22,13,0.23076923076923078,0.38461538461538464,0.9121953712451449,1,True,15,True,0.31818181818181823
c182,elev_step,regression,inertia_x1.6,22,22,0.13636363636363635,0.22727272727272727,1.0,1,True,2,True,0.9090909090909091
c182,elev_step,sig_dynamic,clo_+0.1,22,13,0.15384615384615385,0.15384615384615385,0.6628169474144706,1,True,11,True,0.5
c182,elev_step,sig_dynamic,cmalpha_x0.7,22,13,0.0,0.15384615384615385,0.5066622361127003,4,False,7,True,0.6818181818181819
c182,elev_step,sig_dynamic,cmq_x0.5,22,13,0.15384615384615385,0.23076923076923078,0.6823443901498201,1,True,15,True,0.31818181818181823
c182,elev_step,sig_dynamic,inertia_x1.6,22,22,0.13636363636363635,0.22727272727272727,1.0,1,True,0,False,1.0
c182,elev_step,sig_static,clo_+0.1,22,13,0.23076923076923078,0.38461538461538464,0.9774161735700198,1,True,5,True,0.7727272727272727
c182,elev_step,sig_static,cmalpha_x0.7,22,13,0.07692307692307693,0.07692307692307693,0.5102719417466977,3,False,4,True,0.8181818181818181
c182,elev_step,sig_static,cmq_x0.5,22,13,0.23076923076923078,0.3076923076923077,0.7544365890519736,1,True,4,True,0.8181818181818181
c182,elev_step,sig_static,inertia_x1.6,22,22,0.13636363636363635,0.22727272727272727,1.0,1,True,0,False,1.0
c182,engine_stop,envelope,clo_+0.1,22,13,0.15384615384615385,0.15384615384615385,0.5632131026867868,1,True,17,True,0.2272727272727273
c182,engine_stop,envelope,cmalpha_x0.7,22,13,0.23076923076923078,0.38461538461538464,0.8318796310460992,1,True,8,True,0.6363636363636364
c182,engine_stop,envelope,cmq_x0.5,22,13,0.23076923076923078,0.3076923076923077,0.8016883568919767,1,True,15,True,0.31818181818181823
c182,engine_stop,envelope,inertia_x1.6,22,22,0.13636363636363635,0.22727272727272727,1.0,1,True,4,True,0.8181818181818181
c182,engine_stop,iforest,clo_+0.1,22,13,0.15384615384615385,0.3076923076923077,0.7227536352536353,2,False,22,True,0.0
c182,engine_stop,iforest,cmalpha_x0.7,22,13,0.23076923076923078,0.38461538461538464,0.820037070772365,1,True,0,False,1.0
c182,engine_stop,iforest,cmq_x0.5,22,13,0.07692307692307693,0.15384615384615385,0.6525339595177653,1,True,0,False,1.0
c182,engine_stop,iforest,inertia_x1.6,22,22,0.13636363636363635,0.22727272727272727,1.0,1,True,0,False,1.0
c182,engine_stop,ks,clo_+0.1,22,13,0.15384615384615385,0.23076923076923078,0.6187044439247344,1,True,17,True,0.2272727272727273
c182,engine_stop,ks,cmalpha_x0.7,22,13,0.15384615384615385,0.23076923076923078,0.7282747167362552,1,True,8,True,0.6363636363636364
c182,engine_stop,ks,cmq_x0.5,22,13,0.23076923076923078,0.23076923076923078,0.7736644577142315,1,True,12,True,0.4545454545454546
c182,engine_stop,ks,inertia_x1.6,22,22,0.13636363636363635,0.22727272727272727,1.0,1,True,3,True,0.8636363636363636
c182,engine_stop,regression,clo_+0.1,22,13,0.23076923076923078,0.3076923076923077,0.8230103230103231,1,True,19,True,0.13636363636363635
c182,engine_stop,regression,cmalpha_x0.7,22,13,0.23076923076923078,0.38461538461538464,0.9045329670329672,1,True,9,True,0.5909090909090908
c182,engine_stop,regression,cmq_x0.5,22,13,0.23076923076923078,0.38461538461538464,0.8939701324316709,1,True,16,True,0.2727272727272727
c182,engine_stop,regression,inertia_x1.6,22,22,0.13636363636363635,0.22727272727272727,1.0,1,True,4,True,0.8181818181818181
c182,engine_stop,sig_dynamic,clo_+0.1,22,13,0.07692307692307693,0.23076923076923078,0.5574433993938637,3,False,16,True,0.2727272727272727
c182,engine_stop,sig_dynamic,cmalpha_x0.7,22,13,0.23076923076923078,0.3076923076923077,0.706567787217942,1,True,1,True,0.9545454545454546
c182,engine_stop,sig_dynamic,cmq_x0.5,22,13,0.15384615384615385,0.23076923076923078,0.6754513371178053,1,True,10,True,0.5454545454545454
c182,engine_stop,sig_dynamic,inertia_x1.6,22,22,0.13636363636363635,0.22727272727272727,1.0,1,True,0,False,1.0
c182,engine_stop,sig_static,clo_+0.1,22,13,0.23076923076923078,0.3076923076923077,0.7553776289070407,1,True,11,True,0.5
c182,engine_stop,sig_static,cmalpha_x0.7,22,13,0.15384615384615385,0.15384615384615385,0.5439854977125755,1,True,0,False,1.0
c182,engine_stop,sig_static,cmq_x0.5,22,13,0.23076923076923078,0.38461538461538464,0.767695759494402,1,True,7,True,0.6818181818181819
c182,engine_stop,sig_static,inertia_x1.6,22,22,0.13636363636363635,0.22727272727272727,1.0,1,True,0,False,1.0
c182,rudder_doublet,envelope,clo_+0.1,22,13,0.23076923076923078,0.3076923076923077,0.7770548079371609,1,True,18,True,0.18181818181818177
c182,rudder_doublet,envelope,cmalpha_x0.7,22,13,0.23076923076923078,0.38461538461538464,0.9751850713389175,1,True,9,True,0.5909090909090908
c182,rudder_doublet,envelope,cmq_x0.5,22,13,0.23076923076923078,0.38461538461538464,0.9674927636466097,1,True,10,True,0.5454545454545454
c182,rudder_doublet,envelope,inertia_x1.6,22,22,0.13636363636363635,0.22727272727272727,1.0,1,True,16,True,0.2727272727272727
c182,rudder_doublet,iforest,clo_+0.1,22,13,0.23076923076923078,0.38461538461538464,0.8990288369247644,1,True,22,True,0.0
c182,rudder_doublet,iforest,cmalpha_x0.7,22,13,0.23076923076923078,0.38461538461538464,0.8614648423471952,1,True,0,False,1.0
c182,rudder_doublet,iforest,cmq_x0.5,22,13,0.23076923076923078,0.38461538461538464,0.8875616716114453,1,True,0,False,1.0
c182,rudder_doublet,iforest,inertia_x1.6,22,22,0.13636363636363635,0.22727272727272727,1.0,1,True,0,False,1.0
c182,rudder_doublet,ks,clo_+0.1,22,13,0.23076923076923078,0.3076923076923077,0.7598692973692974,1,True,12,True,0.4545454545454546
c182,rudder_doublet,ks,cmalpha_x0.7,22,13,0.23076923076923078,0.23076923076923078,0.6676080290274147,1,True,12,True,0.4545454545454546
c182,rudder_doublet,ks,cmq_x0.5,22,13,0.15384615384615385,0.3076923076923077,0.6414060242501538,2,False,11,True,0.5
c182,rudder_doublet,ks,inertia_x1.6,22,22,0.13636363636363635,0.22727272727272727,1.0,1,True,18,True,0.18181818181818177
c182,rudder_doublet,regression,clo_+0.1,22,13,0.23076923076923078,0.38461538461538464,0.8193428303722421,1,True,18,True,0.18181818181818177
c182,rudder_doublet,regression,cmalpha_x0.7,22,13,0.15384615384615385,0.23076923076923078,0.6657724753878601,2,False,9,True,0.5909090909090908
c182,rudder_doublet,regression,cmq_x0.5,22,13,0.15384615384615385,0.23076923076923078,0.6752047098200945,2,False,10,True,0.5454545454545454
c182,rudder_doublet,regression,inertia_x1.6,22,22,0.13636363636363635,0.22727272727272727,1.0,1,True,15,True,0.31818181818181823
c182,rudder_doublet,sig_dynamic,clo_+0.1,22,13,0.23076923076923078,0.38461538461538464,0.9538461538461539,1,True,14,True,0.36363636363636365
c182,rudder_doublet,sig_dynamic,cmalpha_x0.7,22,13,0.15384615384615385,0.23076923076923078,0.687803536332948,1,True,3,True,0.8636363636363636
c182,rudder_doublet,sig_dynamic,cmq_x0.5,22,13,0.23076923076923078,0.38461538461538464,0.8403360528360528,1,True,5,True,0.7727272727272727
c182,rudder_doublet,sig_dynamic,inertia_x1.6,22,22,0.13636363636363635,0.22727272727272727,1.0,1,True,5,True,0.7727272727272727
c182,rudder_doublet,sig_static,clo_+0.1,22,13,0.23076923076923078,0.38461538461538464,0.8928721076494355,1,True,14,True,0.36363636363636365
c182,rudder_doublet,sig_static,cmalpha_x0.7,22,13,0.15384615384615385,0.23076923076923078,0.6636718931223575,1,True,2,True,0.9090909090909091
c182,rudder_doublet,sig_static,cmq_x0.5,22,13,0.15384615384615385,0.3076923076923077,0.648234307831831,1,True,1,False,0.9545454545454546
c182,rudder_doublet,sig_static,inertia_x1.6,22,22,0.13636363636363635,0.22727272727272727,1.0,1,True,3,True,0.8636363636363636
c182,throttle_step,envelope,clo_+0.1,22,13,0.07692307692307693,0.23076923076923078,0.5216775312750545,3,False,20,True,0.09090909090909094
c182,throttle_step,envelope,cmalpha_x0.7,22,13,0.15384615384615385,0.3076923076923077,0.6369073178283705,1,True,18,True,0.18181818181818177
c182,throttle_step,envelope,cmq_x0.5,22,13,0.23076923076923078,0.38461538461538464,0.7609749168959696,1,True,19,True,0.13636363636363635
c182,throttle_step,envelope,inertia_x1.6,22,22,0.13636363636363635,0.22727272727272727,1.0,1,True,7,True,0.6818181818181819
c182,throttle_step,iforest,clo_+0.1,22,13,0.23076923076923078,0.23076923076923078,0.6522881976323271,1,True,22,True,0.0
c182,throttle_step,iforest,cmalpha_x0.7,22,13,0.07692307692307693,0.23076923076923078,0.6389584774200159,2,False,0,False,1.0
c182,throttle_step,iforest,cmq_x0.5,22,13,0.0,0.15384615384615385,0.5513734380250217,4,False,0,False,1.0
c182,throttle_step,iforest,inertia_x1.6,22,22,0.13636363636363635,0.22727272727272727,1.0,1,True,0,False,1.0
c182,throttle_step,ks,clo_+0.1,22,13,0.15384615384615385,0.23076923076923078,0.6873376425114934,1,True,9,True,0.5909090909090908
c182,throttle_step,ks,cmalpha_x0.7,22,13,0.23076923076923078,0.23076923076923078,0.7103832699807933,1,True,4,True,0.8181818181818181
c182,throttle_step,ks,cmq_x0.5,22,13,0.07692307692307693,0.23076923076923078,0.6034556946321652,1,True,10,True,0.5454545454545454
c182,throttle_step,ks,inertia_x1.6,22,22,0.13636363636363635,0.22727272727272727,1.0,1,True,2,True,0.9090909090909091
c182,throttle_step,regression,clo_+0.1,22,13,0.23076923076923078,0.38461538461538464,0.8584389969005353,1,True,17,True,0.2272727272727273
c182,throttle_step,regression,cmalpha_x0.7,22,13,0.23076923076923078,0.38461538461538464,0.8655615302376436,1,True,15,True,0.31818181818181823
c182,throttle_step,regression,cmq_x0.5,22,13,0.23076923076923078,0.38461538461538464,0.8475396623169902,1,True,18,True,0.18181818181818177
c182,throttle_step,regression,inertia_x1.6,22,22,0.13636363636363635,0.22727272727272727,1.0,1,True,7,True,0.6818181818181819
c182,throttle_step,sig_dynamic,clo_+0.1,22,13,0.15384615384615385,0.23076923076923078,0.6796258565995408,1,True,18,True,0.18181818181818177
c182,throttle_step,sig_dynamic,cmalpha_x0.7,22,13,0.07692307692307693,0.07692307692307693,0.5327805622310267,2,False,16,True,0.2727272727272727
c182,throttle_step,sig_dynamic,cmq_x0.5,22,13,0.15384615384615385,0.3076923076923077,0.6716546274238583,1,True,18,True,0.18181818181818177
c182,throttle_step,sig_dynamic,inertia_x1.6,22,22,0.13636363636363635,0.22727272727272727,1.0,1,True,9,True,0.5909090909090908
c182,throttle_step,sig_static,clo_+0.1,22,13,0.07692307692307693,0.23076923076923078,0.48751586754385035,3,False,18,True,0.18181818181818177
c182,throttle_step,sig_static,cmalpha_x0.7,22,13,0.0,0.0,0.4406181048714985,6,False,9,True,0.5909090909090908
c182,throttle_step,sig_static,cmq_x0.5,22,13,0.07692307692307693,0.15384615384615385,0.4751210288481067,3,False,7,True,0.6818181818181819
c182,throttle_step,sig_static,inertia_x1.6,22,22,0.13636363636363635,0.22727272727272727,1.0,1,True,5,True,0.7727272727272727
c310,aileron_step,envelope,clo_+0.1,22,13,0.23076923076923078,0.23076923076923078,0.6321669429641565,1,True,3,True,0.8636363636363636
c310,aileron_step,envelope,cmalpha_x0.7,22,13,0.23076923076923078,0.3076923076923077,0.6893098001070138,1,True,8,True,0.6363636363636364
c310,aileron_step,envelope,cmq_x0.5,22,13,0.23076923076923078,0.38461538461538464,0.8260502655239499,1,True,8,True,0.6363636363636364
c310,aileron_step,envelope,inertia_x1.6,22,22,0.13636363636363635,0.22727272727272727,1.0,1,True,2,True,0.9090909090909091
c310,aileron_step,iforest,clo_+0.1,22,13,0.23076923076923078,0.3076923076923077,0.8067917376740906,1,True,22,True,0.0
c310,aileron_step,iforest,cmalpha_x0.7,22,13,0.23076923076923078,0.3076923076923077,0.8283281046438942,1,True,19,True,0.13636363636363635
c310,aileron_step,iforest,cmq_x0.5,22,13,0.23076923076923078,0.38461538461538464,0.8863006876164771,1,True,0,False,1.0
c310,aileron_step,iforest,inertia_x1.6,22,22,0.13636363636363635,0.22727272727272727,1.0,1,True,0,False,1.0
c310,aileron_step,ks,clo_+0.1,22,13,0.23076923076923078,0.38461538461538464,0.8274123193627838,1,True,4,True,0.8181818181818181
c310,aileron_step,ks,cmalpha_x0.7,22,13,0.23076923076923078,0.23076923076923078,0.6798032039934874,1,True,4,True,0.8181818181818181
c310,aileron_step,ks,cmq_x0.5,22,13,0.23076923076923078,0.38461538461538464,0.7869852924985101,1,True,6,True,0.7272727272727273
c310,aileron_step,ks,inertia_x1.6,22,22,0.13636363636363635,0.22727272727272727,1.0,1,True,3,True,0.8636363636363636
c310,aileron_step,regression,clo_+0.1,22,13,0.23076923076923078,0.38461538461538464,0.7439556804762806,1,True,9,True,0.5909090909090908
c310,aileron_step,regression,cmalpha_x0.7,22,13,0.23076923076923078,0.38461538461538464,0.7460592313801411,1,True,7,True,0.6818181818181819
c310,aileron_step,regression,cmq_x0.5,22,13,0.23076923076923078,0.38461538461538464,0.9086625478593805,1,True,10,True,0.5454545454545454
c310,aileron_step,regression,inertia_x1.6,22,22,0.13636363636363635,0.22727272727272727,1.0,1,True,0,False,1.0
c310,aileron_step,sig_dynamic,clo_+0.1,22,13,0.23076923076923078,0.38461538461538464,0.9001541444980359,1,True,9,True,0.5909090909090908
c310,aileron_step,sig_dynamic,cmalpha_x0.7,22,13,0.23076923076923078,0.38461538461538464,1.0,1,True,8,True,0.6363636363636364
c310,aileron_step,sig_dynamic,cmq_x0.5,22,13,0.23076923076923078,0.38461538461538464,0.9653513153513154,1,True,9,True,0.5909090909090908
c310,aileron_step,sig_dynamic,inertia_x1.6,22,22,0.13636363636363635,0.22727272727272727,1.0,1,True,1,True,0.9545454545454546
c310,aileron_step,sig_static,clo_+0.1,22,13,0.23076923076923078,0.38461538461538464,0.9022311022311023,1,True,6,True,0.7272727272727273
c310,aileron_step,sig_static,cmalpha_x0.7,22,13,0.23076923076923078,0.38461538461538464,0.9335794547333008,1,True,2,True,0.9090909090909091
c310,aileron_step,sig_static,cmq_x0.5,22,13,0.23076923076923078,0.38461538461538464,0.9221611721611722,1,True,5,True,0.7727272727272727
c310,aileron_step,sig_static,inertia_x1.6,22,22,0.13636363636363635,0.22727272727272727,1.0,1,True,1,True,0.9545454545454546
c310,bank_hold,envelope,clo_+0.1,22,13,0.23076923076923078,0.3076923076923077,0.7437923752969001,1,True,10,True,0.5454545454545454
c310,bank_hold,envelope,cmalpha_x0.7,22,13,0.23076923076923078,0.38461538461538464,0.8474481526517726,1,True,15,True,0.31818181818181823
c310,bank_hold,envelope,cmq_x0.5,22,13,0.23076923076923078,0.38461538461538464,0.8671015761513499,1,True,9,True,0.5909090909090908
c310,bank_hold,envelope,inertia_x1.6,22,22,0.13636363636363635,0.22727272727272727,1.0,1,True,0,False,1.0
c310,bank_hold,iforest,clo_+0.1,22,13,0.23076923076923078,0.38461538461538464,0.8963510848126233,1,True,20,True,0.09090909090909094
c310,bank_hold,iforest,cmalpha_x0.7,22,13,0.23076923076923078,0.38461538461538464,0.8866136000751386,1,True,0,False,1.0
c310,bank_hold,iforest,cmq_x0.5,22,13,0.15384615384615385,0.23076923076923078,0.6245461426456901,1,True,0,False,1.0
c310,bank_hold,iforest,inertia_x1.6,22,22,0.13636363636363635,0.22727272727272727,1.0,1,True,0,False,1.0
c310,bank_hold,ks,clo_+0.1,22,13,0.23076923076923078,0.38461538461538464,0.8979994364609749,1,True,3,True,0.8636363636363636
c310,bank_hold,ks,cmalpha_x0.7,22,13,0.07692307692307693,0.07692307692307693,0.5055505038477175,2,False,5,True,0.7727272727272727
c310,bank_hold,ks,cmq_x0.5,22,13,0.23076923076923078,0.38461538461538464,0.828023146444199,1,True,4,True,0.8181818181818181
c310,bank_hold,ks,inertia_x1.6,22,22,0.13636363636363635,0.22727272727272727,1.0,1,True,0,False,1.0
c310,bank_hold,regression,clo_+0.1,22,13,0.23076923076923078,0.38461538461538464,0.9355644355644356,1,True,5,True,0.7727272727272727
c310,bank_hold,regression,cmalpha_x0.7,22,13,0.23076923076923078,0.38461538461538464,1.0,1,True,8,True,0.6363636363636364
c310,bank_hold,regression,cmq_x0.5,22,13,0.23076923076923078,0.38461538461538464,1.0,1,True,7,True,0.6818181818181819
c310,bank_hold,regression,inertia_x1.6,22,22,0.13636363636363635,0.22727272727272727,1.0,1,True,2,True,0.9090909090909091
c310,bank_hold,sig_dynamic,clo_+0.1,22,13,0.23076923076923078,0.38461538461538464,0.9135864135864137,1,True,7,True,0.6818181818181819
c310,bank_hold,sig_dynamic,cmalpha_x0.7,22,13,0.23076923076923078,0.38461538461538464,0.9447368421052632,1,True,12,True,0.4545454545454546
c310,bank_hold,sig_dynamic,cmq_x0.5,22,13,0.23076923076923078,0.38461538461538464,0.9945054945054945,1,True,11,True,0.5
c310,bank_hold,sig_dynamic,inertia_x1.6,22,22,0.13636363636363635,0.22727272727272727,1.0,1,True,0,False,1.0
c310,bank_hold,sig_static,clo_+0.1,22,13,0.23076923076923078,0.38461538461538464,0.8002635522372366,1,True,6,True,0.7272727272727273
c310,bank_hold,sig_static,cmalpha_x0.7,22,13,0.23076923076923078,0.38461538461538464,0.9296703296703298,1,True,7,True,0.6818181818181819
c310,bank_hold,sig_static,cmq_x0.5,22,13,0.23076923076923078,0.23076923076923078,0.6796216940953783,1,True,5,True,0.7727272727272727
c310,bank_hold,sig_static,inertia_x1.6,22,22,0.13636363636363635,0.22727272727272727,1.0,1,True,0,False,1.0
c310,climbing_turn,envelope,clo_+0.1,22,13,0.23076923076923078,0.3076923076923077,0.7077518972255815,1,True,16,True,0.2727272727272727
c310,climbing_turn,envelope,cmalpha_x0.7,22,13,0.23076923076923078,0.38461538461538464,0.9796597633136095,1,True,19,True,0.13636363636363635
c310,climbing_turn,envelope,cmq_x0.5,22,13,0.23076923076923078,0.38461538461538464,0.9560080442433383,1,True,22,True,0.0
c310,climbing_turn,envelope,inertia_x1.6,22,22,0.13636363636363635,0.22727272727272727,1.0,1,True,0,False,1.0
c310,climbing_turn,iforest,clo_+0.1,22,13,0.23076923076923078,0.38461538461538464,0.8889345948169478,1,True,22,True,0.0
c310,climbing_turn,iforest,cmalpha_x0.7,22,13,0.23076923076923078,0.38461538461538464,0.870183471499261,1,True,22,True,0.0
c310,climbing_turn,iforest,cmq_x0.5,22,13,0.15384615384615385,0.23076923076923078,0.6271737523940429,1,True,0,False,1.0
c310,climbing_turn,iforest,inertia_x1.6,22,22,0.13636363636363635,0.22727272727272727,1.0,1,True,0,False,1.0
c310,climbing_turn,ks,clo_+0.1,22,13,0.23076923076923078,0.23076923076923078,0.6786779397073516,1,True,14,True,0.36363636363636365
c310,climbing_turn,ks,cmalpha_x0.7,22,13,0.23076923076923078,0.3076923076923077,0.8970515595515595,1,True,21,True,0.045454545454545414
c310,climbing_turn,ks,cmq_x0.5,22,13,0.23076923076923078,0.3076923076923077,0.8570921411419149,1,True,21,True,0.045454545454545414
c310,climbing_turn,ks,inertia_x1.6,22,22,0.13636363636363635,0.22727272727272727,1.0,1,True,0,False,1.0
c310,climbing_turn,regression,clo_+0.1,22,13,0.23076923076923078,0.38461538461538464,0.7802357858859408,1,True,16,True,0.2727272727272727
c310,climbing_turn,regression,cmalpha_x0.7,22,13,0.23076923076923078,0.38461538461538464,0.8859012782089705,1,True,13,True,0.40909090909090906
c310,climbing_turn,regression,cmq_x0.5,22,13,0.23076923076923078,0.3076923076923077,0.84190185657797,1,True,19,True,0.13636363636363635
c310,climbing_turn,regression,inertia_x1.6,22,22,0.13636363636363635,0.22727272727272727,1.0,1,True,2,True,0.9090909090909091
c310,climbing_turn,sig_dynamic,clo_+0.1,22,13,0.15384615384615385,0.23076923076923078,0.6257037794308573,1,True,17,True,0.2272727272727273
c310,climbing_turn,sig_dynamic,cmalpha_x0.7,22,13,0.23076923076923078,0.38461538461538464,0.7947508631719159,1,True,12,True,0.4545454545454546
c310,climbing_turn,sig_dynamic,cmq_x0.5,22,13,0.23076923076923078,0.38461538461538464,0.9653513153513154,1,True,15,True,0.31818181818181823
c310,climbing_turn,sig_dynamic,inertia_x1.6,22,22,0.13636363636363635,0.22727272727272727,1.0,1,True,0,False,1.0
c310,climbing_turn,sig_static,clo_+0.1,22,13,0.15384615384615385,0.23076923076923078,0.5501837842901192,2,False,19,True,0.13636363636363635
c310,climbing_turn,sig_static,cmalpha_x0.7,22,13,0.15384615384615385,0.23076923076923078,0.625565456215611,1,True,4,True,0.8181818181818181
c310,climbing_turn,sig_static,cmq_x0.5,22,13,0.23076923076923078,0.38461538461538464,0.8672753026259812,1,True,10,True,0.5454545454545454
c310,climbing_turn,sig_static,inertia_x1.6,22,22,0.13636363636363635,0.22727272727272727,1.0,1,True,0,False,1.0
c310,cruise,envelope,clo_+0.1,22,13,0.23076923076923078,0.38461538461538464,0.8382185066395593,1,True,14,True,0.36363636363636365
c310,cruise,envelope,cmalpha_x0.7,22,13,0.23076923076923078,0.38461538461538464,0.8012631542995916,1,True,15,True,0.31818181818181823
c310,cruise,envelope,cmq_x0.5,22,13,0.23076923076923078,0.38461538461538464,0.838042726504265,1,True,17,True,0.2272727272727273
c310,cruise,envelope,inertia_x1.6,22,22,0.13636363636363635,0.22727272727272727,1.0,1,True,1,True,0.9545454545454546
c310,cruise,iforest,clo_+0.1,22,13,0.23076923076923078,0.3076923076923077,0.8147944501451287,1,True,22,True,0.0
c310,cruise,iforest,cmalpha_x0.7,22,13,0.23076923076923078,0.3076923076923077,0.7091644466644467,1,True,18,True,0.18181818181818177
c310,cruise,iforest,cmq_x0.5,22,13,0.23076923076923078,0.38461538461538464,0.8477345106006692,1,True,1,True,0.9545454545454546
c310,cruise,iforest,inertia_x1.6,22,22,0.13636363636363635,0.22727272727272727,1.0,1,True,0,False,1.0
c310,cruise,ks,clo_+0.1,22,13,0.23076923076923078,0.23076923076923078,0.5972838773118601,1,True,12,True,0.4545454545454546
c310,cruise,ks,cmalpha_x0.7,22,13,0.23076923076923078,0.3076923076923077,0.8374442676478876,1,True,3,True,0.8636363636363636
c310,cruise,ks,cmq_x0.5,22,13,0.23076923076923078,0.3076923076923077,0.7831023165001494,1,True,7,True,0.6818181818181819
c310,cruise,ks,inertia_x1.6,22,22,0.13636363636363635,0.22727272727272727,1.0,1,True,0,False,1.0
c310,cruise,regression,clo_+0.1,22,13,0.07692307692307693,0.07692307692307693,0.4622340980313116,2,False,7,True,0.6818181818181819
c310,cruise,regression,cmalpha_x0.7,22,13,0.23076923076923078,0.38461538461538464,0.8903552587763115,1,True,8,True,0.6363636363636364
c310,cruise,regression,cmq_x0.5,22,13,0.07692307692307693,0.15384615384615385,0.6175463425463426,2,False,7,True,0.6818181818181819
c310,cruise,regression,inertia_x1.6,22,22,0.13636363636363635,0.22727272727272727,1.0,1,True,3,True,0.8636363636363636
c310,cruise,sig_dynamic,clo_+0.1,22,13,0.23076923076923078,0.38461538461538464,0.8200334105311481,1,True,4,True,0.8181818181818181
c310,cruise,sig_dynamic,cmalpha_x0.7,22,13,0.23076923076923078,0.3076923076923077,0.7770427840265898,1,True,4,True,0.8181818181818181
c310,cruise,sig_dynamic,cmq_x0.5,22,13,0.15384615384615385,0.3076923076923077,0.6498930556622864,2,False,3,True,0.8636363636363636
c310,cruise,sig_dynamic,inertia_x1.6,22,22,0.13636363636363635,0.22727272727272727,1.0,1,True,0,False,1.0
c310,cruise,sig_static,clo_+0.1,22,13,0.23076923076923078,0.3076923076923077,0.7506327006327006,1,True,3,True,0.8636363636363636
c310,cruise,sig_static,cmalpha_x0.7,22,13,0.23076923076923078,0.3076923076923077,0.7013544091985386,1,True,4,True,0.8181818181818181
c310,cruise,sig_static,cmq_x0.5,22,13,0.15384615384615385,0.3076923076923077,0.7016639961478018,2,False,6,True,0.7272727272727273
c310,cruise,sig_static,inertia_x1.6,22,22,0.13636363636363635,0.22727272727272727,1.0,1,True,3,True,0.8636363636363636
c310,elev_doublet,envelope,clo_+0.1,22,13,0.23076923076923078,0.38461538461538464,0.8661935230761143,1,True,8,True,0.6363636363636364
c310,elev_doublet,envelope,cmalpha_x0.7,22,13,0.23076923076923078,0.38461538461538464,0.913050072099846,1,True,9,True,0.5909090909090908
c310,elev_doublet,envelope,cmq_x0.5,22,13,0.23076923076923078,0.38461538461538464,0.9063223326381221,1,True,13,True,0.40909090909090906
c310,elev_doublet,envelope,inertia_x1.6,22,22,0.13636363636363635,0.22727272727272727,1.0,1,True,0,False,1.0
c310,elev_doublet,iforest,clo_+0.1,22,13,0.07692307692307693,0.07692307692307693,0.4739674501492791,1,True,22,True,0.0
c310,elev_doublet,iforest,cmalpha_x0.7,22,13,0.07692307692307693,0.15384615384615385,0.5337566217091103,3,False,22,True,0.0
c310,elev_doublet,iforest,cmq_x0.5,22,13,0.07692307692307693,0.23076923076923078,0.6869361632519528,3,False,6,True,0.7272727272727273
c310,elev_doublet,iforest,inertia_x1.6,22,22,0.13636363636363635,0.22727272727272727,1.0,1,True,2,True,0.9090909090909091
c310,elev_doublet,ks,clo_+0.1,22,13,0.23076923076923078,0.3076923076923077,0.711078872108284,1,True,11,True,0.5
c310,elev_doublet,ks,cmalpha_x0.7,22,13,0.23076923076923078,0.3076923076923077,0.8195114264952322,1,True,6,True,0.7272727272727273
c310,elev_doublet,ks,cmq_x0.5,22,13,0.23076923076923078,0.3076923076923077,0.7885900047664756,1,True,7,True,0.6818181818181819
c310,elev_doublet,ks,inertia_x1.6,22,22,0.13636363636363635,0.22727272727272727,1.0,1,True,0,False,1.0
c310,elev_doublet,regression,clo_+0.1,22,13,0.23076923076923078,0.38461538461538464,1.0,1,True,4,True,0.8181818181818181
c310,elev_doublet,regression,cmalpha_x0.7,22,13,0.23076923076923078,0.38461538461538464,0.9335164835164834,1,True,10,True,0.5454545454545454
c310,elev_doublet,regression,cmq_x0.5,22,13,0.23076923076923078,0.38461538461538464,1.0,1,True,11,True,0.5
c310,elev_doublet,regression,inertia_x1.6,22,22,0.13636363636363635,0.22727272727272727,1.0,1,True,0,False,1.0
c310,elev_doublet,sig_dynamic,clo_+0.1,22,13,0.23076923076923078,0.38461538461538464,0.9467157842157843,1,True,3,True,0.8636363636363636
c310,elev_doublet,sig_dynamic,cmalpha_x0.7,22,13,0.07692307692307693,0.15384615384615385,0.5396326610067976,1,True,12,True,0.4545454545454546
c310,elev_doublet,sig_dynamic,cmq_x0.5,22,13,0.23076923076923078,0.3076923076923077,0.8278680972119885,1,True,11,True,0.5
c310,elev_doublet,sig_dynamic,inertia_x1.6,22,22,0.13636363636363635,0.22727272727272727,1.0,1,True,0,False,1.0
c310,elev_doublet,sig_static,clo_+0.1,22,13,0.23076923076923078,0.38461538461538464,0.9350769113927009,1,True,2,True,0.9090909090909091
c310,elev_doublet,sig_static,cmalpha_x0.7,22,13,0.23076923076923078,0.3076923076923077,0.7193958088694932,1,True,8,True,0.6363636363636364
c310,elev_doublet,sig_static,cmq_x0.5,22,13,0.23076923076923078,0.3076923076923077,0.7275801082302631,1,True,4,True,0.8181818181818181
c310,elev_doublet,sig_static,inertia_x1.6,22,22,0.13636363636363635,0.22727272727272727,1.0,1,True,1,True,0.9545454545454546
c310,elev_doublet_distractor,envelope,clo_+0.1,22,13,0.23076923076923078,0.38461538461538464,0.863966802428341,1,True,9,True,0.5909090909090908
c310,elev_doublet_distractor,envelope,cmalpha_x0.7,22,13,0.23076923076923078,0.38461538461538464,0.7848925584219703,1,True,7,True,0.6818181818181819
c310,elev_doublet_distractor,envelope,cmq_x0.5,22,13,0.23076923076923078,0.38461538461538464,0.913836540533373,1,True,10,True,0.5454545454545454
c310,elev_doublet_distractor,envelope,inertia_x1.6,22,22,0.13636363636363635,0.22727272727272727,1.0,1,True,0,False,1.0
c310,elev_doublet_distractor,iforest,clo_+0.1,22,13,0.15384615384615385,0.23076923076923078,0.791585360208842,1,True,22,True,0.0
c310,elev_doublet_distractor,iforest,cmalpha_x0.7,22,13,0.0,0.15384615384615385,0.4825444421419653,4,False,22,True,0.0
c310,elev_doublet_distractor,iforest,cmq_x0.5,22,13,0.23076923076923078,0.38461538461538464,0.7951829771667828,1,True,0,False,1.0
c310,elev_doublet_distractor,iforest,inertia_x1.6,22,22,0.13636363636363635,0.22727272727272727,1.0,1,True,0,False,1.0
c310,elev_doublet_distractor,ks,clo_+0.1,22,13,0.23076923076923078,0.38461538461538464,0.8446553446553448,1,True,4,True,0.8181818181818181
c310,elev_doublet_distractor,ks,cmalpha_x0.7,22,13,0.15384615384615385,0.23076923076923078,0.6303354411326547,1,True,5,True,0.7727272727272727
c310,elev_doublet_distractor,ks,cmq_x0.5,22,13,0.15384615384615385,0.23076923076923078,0.5667344744773894,2,False,9,True,0.5909090909090908
c310,elev_doublet_distractor,ks,inertia_x1.6,22,22,0.13636363636363635,0.22727272727272727,1.0,1,True,3,True,0.8636363636363636
c310,elev_doublet_distractor,regression,clo_+0.1,22,13,0.15384615384615385,0.3076923076923077,0.7359890109890108,2,False,10,True,0.5454545454545454
c310,elev_doublet_distractor,regression,cmalpha_x0.7,22,13,0.23076923076923078,0.3076923076923077,0.8098552032762559,1,True,14,True,0.36363636363636365
c310,elev_doublet_distractor,regression,cmq_x0.5,22,13,0.23076923076923078,0.38461538461538464,0.8714328657767573,1,True,12,True,0.4545454545454546
c310,elev_doublet_distractor,regression,inertia_x1.6,22,22,0.13636363636363635,0.22727272727272727,1.0,1,True,2,True,0.9090909090909091
c310,elev_doublet_distractor,sig_dynamic,clo_+0.1,22,13,0.0,0.15384615384615385,0.5216471522973071,4,False,8,True,0.6363636363636364
c310,elev_doublet_distractor,sig_dynamic,cmalpha_x0.7,22,13,0.23076923076923078,0.38461538461538464,1.0,1,True,10,True,0.5454545454545454
c310,elev_doublet_distractor,sig_dynamic,cmq_x0.5,22,13,0.23076923076923078,0.38461538461538464,0.9885883347421809,1,True,10,True,0.5454545454545454
c310,elev_doublet_distractor,sig_dynamic,inertia_x1.6,22,22,0.13636363636363635,0.22727272727272727,1.0,1,True,0,False,1.0
c310,elev_doublet_distractor,sig_static,clo_+0.1,22,13,0.15384615384615385,0.3076923076923077,0.7093648360318997,1,True,6,True,0.7272727272727273
c310,elev_doublet_distractor,sig_static,cmalpha_x0.7,22,13,0.23076923076923078,0.38461538461538464,0.9237301160378084,1,True,8,True,0.6363636363636364
c310,elev_doublet_distractor,sig_static,cmq_x0.5,22,13,0.23076923076923078,0.38461538461538464,0.9007730015082955,1,True,3,True,0.8636363636363636
c310,elev_doublet_distractor,sig_static,inertia_x1.6,22,22,0.13636363636363635,0.22727272727272727,1.0,1,True,1,True,0.9545454545454546
c310,elev_step,envelope,clo_+0.1,22,13,0.23076923076923078,0.38461538461538464,0.9674927636466097,1,True,7,True,0.6818181818181819
c310,elev_step,envelope,cmalpha_x0.7,22,13,0.23076923076923078,0.38461538461538464,0.7741108194549489,1,True,12,True,0.4545454545454546
c310,elev_step,envelope,cmq_x0.5,22,13,0.23076923076923078,0.38461538461538464,0.8500734559558087,1,True,13,True,0.40909090909090906
c310,elev_step,envelope,inertia_x1.6,22,22,0.13636363636363635,0.22727272727272727,1.0,1,True,0,False,1.0
c310,elev_step,iforest,clo_+0.1,22,13,0.23076923076923078,0.38461538461538464,0.8760232100729838,1,True,21,True,0.045454545454545414
c310,elev_step,iforest,cmalpha_x0.7,22,13,0.0,0.07692307692307693,0.4986538589747686,5,False,0,False,1.0
c310,elev_step,iforest,cmq_x0.5,22,13,0.15384615384615385,0.3076923076923077,0.7351107169933081,2,False,0,False,1.0
c310,elev_step,iforest,inertia_x1.6,22,22,0.13636363636363635,0.22727272727272727,1.0,1,True,0,False,1.0
c310,elev_step,ks,clo_+0.1,22,13,0.23076923076923078,0.3076923076923077,0.7640081072773379,1,True,7,True,0.6818181818181819
c310,elev_step,ks,cmalpha_x0.7,22,13,0.15384615384615385,0.3076923076923077,0.7291382171055903,1,True,9,True,0.5909090909090908
c310,elev_step,ks,cmq_x0.5,22,13,0.23076923076923078,0.38461538461538464,0.8399847172620452,1,True,8,True,0.6363636363636364
c310,elev_step,ks,inertia_x1.6,22,22,0.13636363636363635,0.22727272727272727,1.0,1,True,0,False,1.0
c310,elev_step,regression,clo_+0.1,22,13,0.23076923076923078,0.38461538461538464,0.9447368421052632,1,True,7,True,0.6818181818181819
c310,elev_step,regression,cmalpha_x0.7,22,13,0.23076923076923078,0.38461538461538464,0.9399267399267399,1,True,9,True,0.5909090909090908
c310,elev_step,regression,cmq_x0.5,22,13,0.23076923076923078,0.38461538461538464,0.9447368421052632,1,True,10,True,0.5454545454545454
c310,elev_step,regression,inertia_x1.6,22,22,0.13636363636363635,0.22727272727272727,1.0,1,True,0,False,1.0
c310,elev_step,sig_dynamic,clo_+0.1,22,13,0.15384615384615385,0.3076923076923077,0.7548507048507049,2,False,4,True,0.8181818181818181
c310,elev_step,sig_dynamic,cmalpha_x0.7,22,13,0.15384615384615385,0.23076923076923078,0.656990897488635,2,False,11,True,0.5
c310,elev_step,sig_dynamic,cmq_x0.5,22,13,0.15384615384615385,0.23076923076923078,0.7372960372960373,1,True,16,True,0.2727272727272727
c310,elev_step,sig_dynamic,inertia_x1.6,22,22,0.13636363636363635,0.22727272727272727,1.0,1,True,1,True,0.9545454545454546
c310,elev_step,sig_static,clo_+0.1,22,13,0.15384615384615385,0.3076923076923077,0.6726158258665998,1,True,6,True,0.7272727272727273
c310,elev_step,sig_static,cmalpha_x0.7,22,13,0.23076923076923078,0.38461538461538464,0.9838264299802761,1,True,8,True,0.6363636363636364
c310,elev_step,sig_static,cmq_x0.5,22,13,0.15384615384615385,0.23076923076923078,0.6656107050843894,1,True,4,True,0.8181818181818181
c310,elev_step,sig_static,inertia_x1.6,22,22,0.13636363636363635,0.22727272727272727,1.0,1,True,0,False,1.0
c310,engine_cut,envelope,clo_+0.1,22,13,0.15384615384615385,0.3076923076923077,0.6910643251855445,1,True,22,True,0.0
c310,engine_cut,envelope,cmalpha_x0.7,22,13,0.23076923076923078,0.38461538461538464,0.9436879359956283,1,True,22,True,0.0
c310,engine_cut,envelope,cmq_x0.5,22,13,0.23076923076923078,0.38461538461538464,0.9013419273034657,1,True,22,True,0.0
c310,engine_cut,envelope,inertia_x1.6,22,22,0.13636363636363635,0.22727272727272727,1.0,1,True,5,True,0.7727272727272727
c310,engine_cut,iforest,clo_+0.1,22,13,0.07692307692307693,0.15384615384615385,0.588641725293309,1,True,22,True,0.0
c310,engine_cut,iforest,cmalpha_x0.7,22,13,0.23076923076923078,0.38461538461538464,0.9353299478299478,1,True,22,True,0.0
c310,engine_cut,iforest,cmq_x0.5,22,13,0.23076923076923078,0.38461538461538464,0.8104779637287377,1,True,12,True,0.4545454545454546
c310,engine_cut,iforest,inertia_x1.6,22,22,0.13636363636363635,0.22727272727272727,1.0,1,True,4,True,0.8181818181818181
c310,engine_cut,ks,clo_+0.1,22,13,0.07692307692307693,0.15384615384615385,0.5873654688699937,2,False,21,True,0.045454545454545414
c310,engine_cut,ks,cmalpha_x0.7,22,13,0.07692307692307693,0.23076923076923078,0.6968852728468113,3,False,18,True,0.18181818181818177
c310,engine_cut,ks,cmq_x0.5,22,13,0.15384615384615385,0.23076923076923078,0.7977773106732383,1,True,22,True,0.0
c310,engine_cut,ks,inertia_x1.6,22,22,0.13636363636363635,0.22727272727272727,1.0,1,True,8,True,0.6363636363636364
c310,engine_cut,regression,clo_+0.1,22,13,0.15384615384615385,0.3076923076923077,0.6599020518525163,2,False,19,True,0.13636363636363635
c310,engine_cut,regression,cmalpha_x0.7,22,13,0.23076923076923078,0.38461538461538464,0.8402710537325923,1,True,14,True,0.36363636363636365
c310,engine_cut,regression,cmq_x0.5,22,13,0.15384615384615385,0.23076923076923078,0.7057139441754826,2,False,19,True,0.13636363636363635
c310,engine_cut,regression,inertia_x1.6,22,22,0.13636363636363635,0.22727272727272727,1.0,1,True,4,True,0.8181818181818181
c310,engine_cut,sig_dynamic,clo_+0.1,22,13,0.23076923076923078,0.3076923076923077,0.6968912064887298,1,True,15,True,0.31818181818181823
c310,engine_cut,sig_dynamic,cmalpha_x0.7,22,13,0.15384615384615385,0.23076923076923078,0.6610343266719785,1,True,13,True,0.40909090909090906
c310,engine_cut,sig_dynamic,cmq_x0.5,22,13,0.23076923076923078,0.38461538461538464,0.84107650142718,1,True,16,True,0.2727272727272727
c310,engine_cut,sig_dynamic,inertia_x1.6,22,22,0.13636363636363635,0.22727272727272727,1.0,1,True,1,True,0.9545454545454546
c310,engine_cut,sig_static,clo_+0.1,22,13,0.15384615384615385,0.23076923076923078,0.5931459509900805,2,False,10,True,0.5454545454545454
c310,engine_cut,sig_static,cmalpha_x0.7,22,13,0.15384615384615385,0.23076923076923078,0.5949313844050685,1,True,4,True,0.8181818181818181
c310,engine_cut,sig_static,cmq_x0.5,22,13,0.23076923076923078,0.23076923076923078,0.6994488354782473,1,True,11,True,0.5
c310,engine_cut,sig_static,inertia_x1.6,22,22,0.13636363636363635,0.22727272727272727,1.0,1,True,0,False,1.0
c310,engine_stop,envelope,clo_+0.1,22,13,0.23076923076923078,0.23076923076923078,0.6482515684944835,1,True,17,True,0.2272727272727273
c310,engine_stop,envelope,cmalpha_x0.7,22,13,0.23076923076923078,0.38461538461538464,0.817775662259468,1,True,17,True,0.2272727272727273
c310,engine_stop,envelope,cmq_x0.5,22,13,0.23076923076923078,0.38461538461538464,0.8396601879901475,1,True,17,True,0.2272727272727273
c310,engine_stop,envelope,inertia_x1.6,22,22,0.13636363636363635,0.22727272727272727,1.0,1,True,2,True,0.9090909090909091
c310,engine_stop,iforest,clo_+0.1,22,13,0.07692307692307693,0.15384615384615385,0.562054140191792,3,False,22,True,0.0
c310,engine_stop,iforest,cmalpha_x0.7,22,13,0.15384615384615385,0.23076923076923078,0.6503075534452053,1,True,8,True,0.6363636363636364
c310,engine_stop,iforest,cmq_x0.5,22,13,0.15384615384615385,0.23076923076923078,0.5856105393376171,1,True,0,False,1.0
c310,engine_stop,iforest,inertia_x1.6,22,22,0.13636363636363635,0.22727272727272727,1.0,1,True,0,False,1.0
c310,engine_stop,ks,clo_+0.1,22,13,0.07692307692307693,0.15384615384615385,0.5394491747700845,2,False,22,True,0.0
c310,engine_stop,ks,cmalpha_x0.7,22,13,0.15384615384615385,0.23076923076923078,0.6307705452442295,1,True,8,True,0.6363636363636364
c310,engine_stop,ks,cmq_x0.5,22,13,0.23076923076923078,0.38461538461538464,0.9537087912087912,1,True,15,True,0.31818181818181823
c310,engine_stop,ks,inertia_x1.6,22,22,0.13636363636363635,0.22727272727272727,1.0,1,True,1,True,0.9545454545454546
c310,engine_stop,regression,clo_+0.1,22,13,0.15384615384615385,0.23076923076923078,0.7636409342291695,1,True,5,True,0.7727272727272727
c310,engine_stop,regression,cmalpha_x0.7,22,13,0.23076923076923078,0.38461538461538464,0.846034521034521,1,True,8,True,0.6363636363636364
c310,engine_stop,regression,cmq_x0.5,22,13,0.23076923076923078,0.38461538461538464,0.9399267399267399,1,True,10,True,0.5454545454545454
c310,engine_stop,regression,inertia_x1.6,22,22,0.13636363636363635,0.22727272727272727,1.0,1,True,0,False,1.0
c310,engine_stop,sig_dynamic,clo_+0.1,22,13,0.07692307692307693,0.23076923076923078,0.6402175224156649,3,False,9,True,0.5909090909090908
c310,engine_stop,sig_dynamic,cmalpha_x0.7,22,13,0.07692307692307693,0.15384615384615385,0.641344173542316,1,True,10,True,0.5454545454545454
c310,engine_stop,sig_dynamic,cmq_x0.5,22,13,0.23076923076923078,0.38461538461538464,0.8699873341841666,1,True,15,True,0.31818181818181823
c310,engine_stop,sig_dynamic,inertia_x1.6,22,22,0.13636363636363635,0.22727272727272727,1.0,1,True,0,False,1.0
c310,engine_stop,sig_static,clo_+0.1,22,13,0.07692307692307693,0.23076923076923078,0.6293774852598382,3,False,3,True,0.8636363636363636
c310,engine_stop,sig_static,cmalpha_x0.7,22,13,0.0,0.07692307692307693,0.485364271884872,5,False,7,True,0.6818181818181819
c310,engine_stop,sig_static,cmq_x0.5,22,13,0.23076923076923078,0.38461538461538464,0.8298052992891051,1,True,8,True,0.6363636363636364
c310,engine_stop,sig_static,inertia_x1.6,22,22,0.13636363636363635,0.22727272727272727,1.0,1,True,0,False,1.0
c310,flap_extend,envelope,clo_+0.1,22,13,0.23076923076923078,0.38461538461538464,0.8577514590672486,1,True,11,True,0.5
c310,flap_extend,envelope,cmalpha_x0.7,22,13,0.23076923076923078,0.38461538461538464,0.9787545787545788,1,True,22,True,0.0
c310,flap_extend,envelope,cmq_x0.5,22,13,0.23076923076923078,0.38461538461538464,0.8268853953064479,1,True,19,True,0.13636363636363635
c310,flap_extend,envelope,inertia_x1.6,22,22,0.13636363636363635,0.22727272727272727,1.0,1,True,3,True,0.8636363636363636
c310,flap_extend,iforest,clo_+0.1,22,13,0.07692307692307693,0.23076923076923078,0.5908992716685024,3,False,22,True,0.0
c310,flap_extend,iforest,cmalpha_x0.7,22,13,0.0,0.0,0.5098109155801464,6,False,22,True,0.0
c310,flap_extend,iforest,cmq_x0.5,22,13,0.23076923076923078,0.3076923076923077,0.7516357825181353,1,True,13,True,0.40909090909090906
c310,flap_extend,iforest,inertia_x1.6,22,22,0.13636363636363635,0.22727272727272727,1.0,1,True,10,True,0.5454545454545454
c310,flap_extend,ks,clo_+0.1,22,13,0.15384615384615385,0.23076923076923078,0.679730688128521,1,True,5,True,0.7727272727272727
c310,flap_extend,ks,cmalpha_x0.7,22,13,0.15384615384615385,0.3076923076923077,0.613004297110632,2,False,19,True,0.13636363636363635
c310,flap_extend,ks,cmq_x0.5,22,13,0.07692307692307693,0.15384615384615385,0.6207694266517797,2,False,4,True,0.8181818181818181
c310,flap_extend,ks,inertia_x1.6,22,22,0.13636363636363635,0.22727272727272727,1.0,1,True,0,False,1.0
c310,flap_extend,regression,clo_+0.1,22,13,0.23076923076923078,0.38461538461538464,0.7724788369525213,1,True,7,True,0.6818181818181819
c310,flap_extend,regression,cmalpha_x0.7,22,13,0.23076923076923078,0.38461538461538464,0.8464927731896057,1,True,14,True,0.36363636363636365
c310,flap_extend,regression,cmq_x0.5,22,13,0.23076923076923078,0.38461538461538464,0.8261984747278864,1,True,11,True,0.5
c310,flap_extend,regression,inertia_x1.6,22,22,0.13636363636363635,0.22727272727272727,1.0,1,True,4,True,0.8181818181818181
c310,flap_extend,sig_dynamic,clo_+0.1,22,13,0.15384615384615385,0.3076923076923077,0.6501075807577356,1,True,5,True,0.7727272727272727
c310,flap_extend,sig_dynamic,cmalpha_x0.7,22,13,0.07692307692307693,0.23076923076923078,0.6804279054279055,1,True,14,True,0.36363636363636365
c310,flap_extend,sig_dynamic,cmq_x0.5,22,13,0.23076923076923078,0.38461538461538464,0.8693392302704044,1,True,10,True,0.5454545454545454
c310,flap_extend,sig_dynamic,inertia_x1.6,22,22,0.13636363636363635,0.22727272727272727,1.0,1,True,1,True,0.9545454545454546
c310,flap_extend,sig_static,clo_+0.1,22,13,0.23076923076923078,0.3076923076923077,0.7670159905454024,1,True,5,True,0.7727272727272727
c310,flap_extend,sig_static,cmalpha_x0.7,22,13,0.15384615384615385,0.3076923076923077,0.6776481688246394,1,True,8,True,0.6363636363636364
c310,flap_extend,sig_static,cmq_x0.5,22,13,0.23076923076923078,0.3076923076923077,0.7662408669761611,1,True,3,True,0.8636363636363636
c310,flap_extend,sig_static,inertia_x1.6,22,22,0.13636363636363635,0.22727272727272727,1.0,1,True,1,True,0.9545454545454546
c310,rudder_doublet,envelope,clo_+0.1,22,13,0.23076923076923078,0.38461538461538464,0.9522349445426368,1,True,8,True,0.6363636363636364
c310,rudder_doublet,envelope,cmalpha_x0.7,22,13,0.23076923076923078,0.38461538461538464,0.854753068568858,1,True,10,True,0.5454545454545454
c310,rudder_doublet,envelope,cmq_x0.5,22,13,0.23076923076923078,0.38461538461538464,1.0,1,True,11,True,0.5
c310,rudder_doublet,envelope,inertia_x1.6,22,22,0.13636363636363635,0.22727272727272727,1.0,1,True,0,False,1.0
c310,rudder_doublet,iforest,clo_+0.1,22,13,0.15384615384615385,0.3076923076923077,0.7515901330946579,1,True,22,True,0.0
c310,rudder_doublet,iforest,cmalpha_x0.7,22,13,0.15384615384615385,0.23076923076923078,0.5913868896841032,1,True,0,False,1.0
c310,rudder_doublet,iforest,cmq_x0.5,22,13,0.23076923076923078,0.3076923076923077,0.6978451373188216,1,True,0,False,1.0
c310,rudder_doublet,iforest,inertia_x1.6,22,22,0.13636363636363635,0.22727272727272727,1.0,1,True,0,False,1.0
c310,rudder_doublet,ks,clo_+0.1,22,13,0.23076923076923078,0.3076923076923077,0.8610400508173787,1,True,5,True,0.7727272727272727
c310,rudder_doublet,ks,cmalpha_x0.7,22,13,0.23076923076923078,0.23076923076923078,0.6738255294756843,1,True,4,True,0.8181818181818181
c310,rudder_doublet,ks,cmq_x0.5,22,13,0.23076923076923078,0.38461538461538464,0.867342059649752,1,True,4,True,0.8181818181818181
c310,rudder_doublet,ks,inertia_x1.6,22,22,0.13636363636363635,0.22727272727272727,1.0,1,True,3,True,0.8636363636363636
c310,rudder_doublet,regression,clo_+0.1,22,13,0.23076923076923078,0.38461538461538464,0.7898511705013255,1,True,8,True,0.6363636363636364
c310,rudder_doublet,regression,cmalpha_x0.7,22,13,0.23076923076923078,0.38461538461538464,0.7643145253439372,1,True,4,True,0.8181818181818181
c310,rudder_doublet,regression,cmq_x0.5,22,13,0.23076923076923078,0.38461538461538464,0.9355644355644356,1,True,8,True,0.6363636363636364
c310,rudder_doublet,regression,inertia_x1.6,22,22,0.13636363636363635,0.22727272727272727,1.0,1,True,2,True,0.9090909090909091
c310,rudder_doublet,sig_dynamic,clo_+0.1,22,13,0.23076923076923078,0.38461538461538464,0.9821780783319245,1,True,6,True,0.7272727272727273
c310,rudder_doublet,sig_dynamic,cmalpha_x0.7,22,13,0.23076923076923078,0.38461538461538464,0.8599263983879368,1,True,4,True,0.8181818181818181
c310,rudder_doublet,sig_dynamic,cmq_x0.5,22,13,0.23076923076923078,0.38461538461538464,1.0,1,True,11,True,0.5
c310,rudder_doublet,sig_dynamic,inertia_x1.6,22,22,0.13636363636363635,0.22727272727272727,1.0,1,True,0,False,1.0
c310,rudder_doublet,sig_static,clo_+0.1,22,13,0.23076923076923078,0.38461538461538464,0.809460186026035,1,True,6,True,0.7272727272727273
c310,rudder_doublet,sig_static,cmalpha_x0.7,22,13,0.23076923076923078,0.23076923076923078,0.7013824496796632,1,True,3,True,0.8636363636363636
c310,rudder_doublet,sig_static,cmq_x0.5,22,13,0.15384615384615385,0.23076923076923078,0.6512064818566367,1,True,4,True,0.8181818181818181
c310,rudder_doublet,sig_static,inertia_x1.6,22,22,0.13636363636363635,0.22727272727272727,1.0,1,True,0,False,1.0
c310,throttle_step,envelope,clo_+0.1,22,13,0.23076923076923078,0.38461538461538464,0.7806491152466385,1,True,15,True,0.31818181818181823
c310,throttle_step,envelope,cmalpha_x0.7,22,13,0.23076923076923078,0.38461538461538464,0.9102841602841601,1,True,19,True,0.13636363636363635
c310,throttle_step,envelope,cmq_x0.5,22,13,0.23076923076923078,0.38461538461538464,0.9589457550996012,1,True,21,True,0.045454545454545414
c310,throttle_step,envelope,inertia_x1.6,22,22,0.13636363636363635,0.22727272727272727,1.0,1,True,0,False,1.0
c310,throttle_step,iforest,clo_+0.1,22,13,0.23076923076923078,0.3076923076923077,0.8532148407148407,1,True,21,True,0.045454545454545414
c310,throttle_step,iforest,cmalpha_x0.7,22,13,0.23076923076923078,0.38461538461538464,0.8311921996132524,1,True,0,False,1.0
c310,throttle_step,iforest,cmq_x0.5,22,13,0.15384615384615385,0.15384615384615385,0.6051722787016903,1,True,0,False,1.0
c310,throttle_step,iforest,inertia_x1.6,22,22,0.13636363636363635,0.22727272727272727,1.0,1,True,0,False,1.0
c310,throttle_step,ks,clo_+0.1,22,13,0.23076923076923078,0.3076923076923077,0.734304258494542,1,True,8,True,0.6363636363636364
c310,throttle_step,ks,cmalpha_x0.7,22,13,0.23076923076923078,0.3076923076923077,0.8614746364746364,1,True,14,True,0.36363636363636365
c310,throttle_step,ks,cmq_x0.5,22,13,0.23076923076923078,0.38461538461538464,0.9319884965395802,1,True,17,True,0.2272727272727273
c310,throttle_step,ks,inertia_x1.6,22,22,0.13636363636363635,0.22727272727272727,1.0,1,True,0,False,1.0
c310,throttle_step,regression,clo_+0.1,22,13,0.23076923076923078,0.38461538461538464,0.9204019082978359,1,True,7,True,0.6818181818181819
c310,throttle_step,regression,cmalpha_x0.7,22,13,0.23076923076923078,0.38461538461538464,0.9405497280497279,1,True,12,True,0.4545454545454546
c310,throttle_step,regression,cmq_x0.5,22,13,0.23076923076923078,0.38461538461538464,0.9361500490459768,1,True,16,True,0.2727272727272727
c310,throttle_step,regression,inertia_x1.6,22,22,0.13636363636363635,0.22727272727272727,1.0,1,True,0,False,1.0
c310,throttle_step,sig_dynamic,clo_+0.1,22,13,0.23076923076923078,0.38461538461538464,0.8828007462622847,1,True,12,True,0.4545454545454546
c310,throttle_step,sig_dynamic,cmalpha_x0.7,22,13,0.15384615384615385,0.23076923076923078,0.6428135768335816,2,False,11,True,0.5
c310,throttle_step,sig_dynamic,cmq_x0.5,22,13,0.23076923076923078,0.38461538461538464,0.9774161735700198,1,True,20,True,0.09090909090909094
c310,throttle_step,sig_dynamic,inertia_x1.6,22,22,0.13636363636363635,0.22727272727272727,1.0,1,True,0,False,1.0
c310,throttle_step,sig_static,clo_+0.1,22,13,0.23076923076923078,0.3076923076923077,0.740188651218063,1,True,5,True,0.7727272727272727
c310,throttle_step,sig_static,cmalpha_x0.7,22,13,0.0,0.07692307692307693,0.4664770772742909,5,False,6,True,0.7272727272727273
c310,throttle_step,sig_static,cmq_x0.5,22,13,0.15384615384615385,0.3076923076923077,0.7816553670060458,1,True,10,True,0.5454545454545454
c310,throttle_step,sig_static,inertia_x1.6,22,22,0.13636363636363635,0.22727272727272727,1.0,1,True,3,True,0.8636363636363636
f15,aileron_step,envelope,clo_+0.1,22,13,0.23076923076923078,0.23076923076923078,0.6859937705912937,1,True,15,True,0.31818181818181823
f15,aileron_step,envelope,cmalpha_x0.7,22,13,0.07692307692307693,0.15384615384615385,0.6194106976614717,2,False,1,False,0.9545454545454546
f15,aileron_step,envelope,cmq_x0.5,22,13,0.15384615384615385,0.3076923076923077,0.8203994220962547,1,True,2,True,0.9090909090909091
f15,aileron_step,envelope,inertia_x1.6,22,22,0.13636363636363635,0.22727272727272727,1.0,1,True,0,False,1.0
f15,aileron_step,iforest,clo_+0.1,22,13,0.07692307692307693,0.15384615384615385,0.5430511283720381,2,False,22,True,0.0
f15,aileron_step,iforest,cmalpha_x0.7,22,13,0.15384615384615385,0.23076923076923078,0.7197676506500035,1,True,22,True,0.0
f15,aileron_step,iforest,cmq_x0.5,22,13,0.23076923076923078,0.3076923076923077,0.8005063563887093,1,True,4,True,0.8181818181818181
f15,aileron_step,iforest,inertia_x1.6,22,22,0.13636363636363635,0.22727272727272727,1.0,1,True,2,True,0.9090909090909091
f15,aileron_step,ks,clo_+0.1,22,13,0.23076923076923078,0.38461538461538464,0.7650471260765379,1,True,8,True,0.6363636363636364
f15,aileron_step,ks,cmalpha_x0.7,22,13,0.23076923076923078,0.23076923076923078,0.6170112653084789,1,True,0,False,1.0
f15,aileron_step,ks,cmq_x0.5,22,13,0.23076923076923078,0.23076923076923078,0.5931982193800484,1,True,0,False,1.0
f15,aileron_step,ks,inertia_x1.6,22,22,0.13636363636363635,0.22727272727272727,1.0,1,True,0,False,1.0
f15,aileron_step,regression,clo_+0.1,22,13,0.23076923076923078,0.23076923076923078,0.7698336407314735,1,True,22,True,0.0
f15,aileron_step,regression,cmalpha_x0.7,22,13,0.07692307692307693,0.23076923076923078,0.6407485227323284,3,False,19,True,0.13636363636363635
f15,aileron_step,regression,cmq_x0.5,22,13,0.23076923076923078,0.3076923076923077,0.6452643847380689,1,True,3,True,0.8636363636363636
f15,aileron_step,regression,inertia_x1.6,22,22,0.13636363636363635,0.22727272727272727,1.0,1,True,3,True,0.8636363636363636
f15,aileron_step,sig_dynamic,clo_+0.1,22,13,0.07692307692307693,0.15384615384615385,0.5718813951786088,1,True,13,True,0.40909090909090906
f15,aileron_step,sig_dynamic,cmalpha_x0.7,22,13,0.0,0.07692307692307693,0.4958046227276996,5,False,14,True,0.36363636363636365
f15,aileron_step,sig_dynamic,cmq_x0.5,22,13,0.23076923076923078,0.23076923076923078,0.7311007368699678,1,True,0,False,1.0
f15,aileron_step,sig_dynamic,inertia_x1.6,22,22,0.13636363636363635,0.22727272727272727,1.0,1,True,0,False,1.0
f15,aileron_step,sig_static,clo_+0.1,22,13,0.07692307692307693,0.15384615384615385,0.5735262937692087,1,True,15,True,0.31818181818181823
f15,aileron_step,sig_static,cmalpha_x0.7,22,13,0.0,0.07692307692307693,0.4801000916206917,5,False,19,True,0.13636363636363635
f15,aileron_step,sig_static,cmq_x0.5,22,13,0.23076923076923078,0.38461538461538464,0.8645118039854883,1,True,0,False,1.0
f15,aileron_step,sig_static,inertia_x1.6,22,22,0.13636363636363635,0.22727272727272727,1.0,1,True,0,False,1.0
f15,bank_hold,envelope,clo_+0.1,22,13,0.23076923076923078,0.23076923076923078,0.6309459417431553,1,True,14,True,0.36363636363636365
f15,bank_hold,envelope,cmalpha_x0.7,22,13,0.15384615384615385,0.15384615384615385,0.6592442813596661,1,True,2,True,0.9090909090909091
f15,bank_hold,envelope,cmq_x0.5,22,13,0.23076923076923078,0.3076923076923077,0.8521147655763042,1,True,0,False,1.0
f15,bank_hold,envelope,inertia_x1.6,22,22,0.13636363636363635,0.22727272727272727,1.0,1,True,0,False,1.0
f15,bank_hold,iforest,clo_+0.1,22,13,0.07692307692307693,0.07692307692307693,0.5139487592928889,2,False,22,True,0.0
f15,bank_hold,iforest,cmalpha_x0.7,22,13,0.07692307692307693,0.07692307692307693,0.5306076283273234,2,False,22,True,0.0
f15,bank_hold,iforest,cmq_x0.5,22,13,0.0,0.15384615384615385,0.4843914255678961,4,False,0,False,1.0
f15,bank_hold,iforest,inertia_x1.6,22,22,0.13636363636363635,0.22727272727272727,1.0,1,True,0,False,1.0
f15,bank_hold,ks,clo_+0.1,22,13,0.23076923076923078,0.3076923076923077,0.7013896320397868,1,True,11,True,0.5
f15,bank_hold,ks,cmalpha_x0.7,22,13,0.23076923076923078,0.38461538461538464,0.7468647451619588,1,True,0,False,1.0
f15,bank_hold,ks,cmq_x0.5,22,13,0.23076923076923078,0.38461538461538464,0.8260502655239499,1,True,0,False,1.0
f15,bank_hold,ks,inertia_x1.6,22,22,0.13636363636363635,0.22727272727272727,1.0,1,True,0,False,1.0
f15,bank_hold,regression,clo_+0.1,22,13,0.23076923076923078,0.23076923076923078,0.73625116713352,1,True,18,True,0.18181818181818177
f15,bank_hold,regression,cmalpha_x0.7,22,13,0.07692307692307693,0.23076923076923078,0.6410771920387304,3,False,14,True,0.36363636363636365
f15,bank_hold,regression,cmq_x0.5,22,13,0.23076923076923078,0.23076923076923078,0.6303857804363878,1,True,1,True,0.9545454545454546
f15,bank_hold,regression,inertia_x1.6,22,22,0.13636363636363635,0.22727272727272727,1.0,1,True,2,True,0.9090909090909091
f15,bank_hold,sig_dynamic,clo_+0.1,22,13,0.07692307692307693,0.15384615384615385,0.5155613263585399,2,False,15,True,0.31818181818181823
f15,bank_hold,sig_dynamic,cmalpha_x0.7,22,13,0.15384615384615385,0.15384615384615385,0.5642015749987885,1,True,10,True,0.5454545454545454
f15,bank_hold,sig_dynamic,cmq_x0.5,22,13,0.15384615384615385,0.15384615384615385,0.5663162338442167,1,True,2,True,0.9090909090909091
f15,bank_hold,sig_dynamic,inertia_x1.6,22,22,0.13636363636363635,0.22727272727272727,1.0,1,True,2,True,0.9090909090909091
f15,bank_hold,sig_static,clo_+0.1,22,13,0.0,0.0,0.4433714059220132,6,False,15,True,0.31818181818181823
f15,bank_hold,sig_static,cmalpha_x0.7,22,13,0.0,0.0,0.40836915955098857,8,False,16,True,0.2727272727272727
f15,bank_hold,sig_static,cmq_x0.5,22,13,0.15384615384615385,0.3076923076923077,0.7294806239644297,1,True,0,False,1.0
f15,bank_hold,sig_static,inertia_x1.6,22,22,0.13636363636363635,0.22727272727272727,1.0,1,True,0,False,1.0
f15,climbing_turn,envelope,clo_+0.1,22,13,0.15384615384615385,0.3076923076923077,0.7155693163046105,1,True,21,True,0.045454545454545414
f15,climbing_turn,envelope,cmalpha_x0.7,22,13,0.23076923076923078,0.38461538461538464,0.9560080442433383,1,True,17,True,0.2272727272727273
f15,climbing_turn,envelope,cmq_x0.5,22,13,0.23076923076923078,0.38461538461538464,0.8025126833950362,1,True,2,True,0.9090909090909091
f15,climbing_turn,envelope,inertia_x1.6,22,22,0.13636363636363635,0.22727272727272727,1.0,1,True,1,True,0.9545454545454546
f15,climbing_turn,iforest,clo_+0.1,22,13,0.23076923076923078,0.38461538461538464,0.7884329980305212,1,True,22,True,0.0
f15,climbing_turn,iforest,cmalpha_x0.7,22,13,0.07692307692307693,0.23076923076923078,0.6189935064935065,3,False,22,True,0.0
f15,climbing_turn,iforest,cmq_x0.5,22,13,0.15384615384615385,0.3076923076923077,0.8141978559399374,2,False,0,False,1.0
f15,climbing_turn,iforest,inertia_x1.6,22,22,0.13636363636363635,0.22727272727272727,1.0,1,True,0,False,1.0
f15,climbing_turn,ks,clo_+0.1,22,13,0.23076923076923078,0.38461538461538464,0.9504524886877828,1,True,16,True,0.2727272727272727
f15,climbing_turn,ks,cmalpha_x0.7,22,13,0.23076923076923078,0.38461538461538464,1.0,1,True,13,True,0.40909090909090906
f15,climbing_turn,ks,cmq_x0.5,22,13,0.15384615384615385,0.15384615384615385,0.6079660604934479,1,True,0,False,1.0
f15,climbing_turn,ks,inertia_x1.6,22,22,0.13636363636363635,0.22727272727272727,1.0,1,True,0,False,1.0
f15,climbing_turn,regression,clo_+0.1,22,13,0.15384615384615385,0.23076923076923078,0.7258301078139134,1,True,22,True,0.0
f15,climbing_turn,regression,cmalpha_x0.7,22,13,0.07692307692307693,0.23076923076923078,0.6834029218644603,3,False,19,True,0.13636363636363635
f15,climbing_turn,regression,cmq_x0.5,22,13,0.23076923076923078,0.23076923076923078,0.7493030275538015,1,True,1,True,0.9545454545454546
f15,climbing_turn,regression,inertia_x1.6,22,22,0.13636363636363635,0.22727272727272727,1.0,1,True,2,True,0.9090909090909091
f15,climbing_turn,sig_dynamic,clo_+0.1,22,13,0.07692307692307693,0.15384615384615385,0.5143376489351721,2,False,17,True,0.2272727272727273
f15,climbing_turn,sig_dynamic,cmalpha_x0.7,22,13,0.0,0.0,0.4497434824179286,6,False,14,True,0.36363636363636365
f15,climbing_turn,sig_dynamic,cmq_x0.5,22,13,0.23076923076923078,0.3076923076923077,0.7734360668571196,1,True,1,True,0.9545454545454546
f15,climbing_turn,sig_dynamic,inertia_x1.6,22,22,0.13636363636363635,0.22727272727272727,1.0,1,True,0,False,1.0
f15,climbing_turn,sig_static,clo_+0.1,22,13,0.07692307692307693,0.23076923076923078,0.54483276507568,2,False,18,True,0.18181818181818177
f15,climbing_turn,sig_static,cmalpha_x0.7,22,13,0.23076923076923078,0.23076923076923078,0.6564967797939935,1,True,17,True,0.2272727272727273
f15,climbing_turn,sig_static,cmq_x0.5,22,13,0.23076923076923078,0.3076923076923077,0.7954804308311094,1,True,2,True,0.9090909090909091
f15,climbing_turn,sig_static,inertia_x1.6,22,22,0.13636363636363635,0.22727272727272727,1.0,1,True,2,True,0.9090909090909091
f15,cruise,envelope,clo_+0.1,22,13,0.07692307692307693,0.07692307692307693,0.46706242078949867,3,False,16,True,0.2727272727272727
f15,cruise,envelope,cmalpha_x0.7,22,13,0.0,0.0,0.4289189089468918,6,False,12,True,0.4545454545454546
f15,cruise,envelope,cmq_x0.5,22,13,0.15384615384615385,0.23076923076923078,0.621216880814404,1,True,5,True,0.7727272727272727
f15,cruise,envelope,inertia_x1.6,22,22,0.13636363636363635,0.22727272727272727,1.0,1,True,2,True,0.9090909090909091
f15,cruise,iforest,clo_+0.1,22,13,0.15384615384615385,0.23076923076923078,0.6529130613108941,2,False,22,True,0.0
f15,cruise,iforest,cmalpha_x0.7,22,13,0.07692307692307693,0.23076923076923078,0.6145864756158873,3,False,22,True,0.0
f15,cruise,iforest,cmq_x0.5,22,13,0.07692307692307693,0.15384615384615385,0.5898325976767271,1,True,0,False,1.0
f15,cruise,iforest,inertia_x1.6,22,22,0.13636363636363635,0.22727272727272727,1.0,1,True,0,False,1.0
f15,cruise,ks,clo_+0.1,22,13,0.07692307692307693,0.07692307692307693,0.5152831833827308,2,False,16,True,0.2727272727272727
f15,cruise,ks,cmalpha_x0.7,22,13,0.0,0.07692307692307693,0.4653827279333352,5,False,14,True,0.36363636363636365
f15,cruise,ks,cmq_x0.5,22,13,0.15384615384615385,0.3076923076923077,0.6285472697237402,2,False,3,True,0.8636363636363636
f15,cruise,ks,inertia_x1.6,22,22,0.13636363636363635,0.22727272727272727,1.0,1,True,2,True,0.9090909090909091
f15,cruise,regression,clo_+0.1,22,13,0.23076923076923078,0.23076923076923078,0.7413650333154979,1,True,19,True,0.13636363636363635
f15,cruise,regression,cmalpha_x0.7,22,13,0.15384615384615385,0.15384615384615385,0.5492421754240044,1,True,12,True,0.4545454545454546
f15,cruise,regression,cmq_x0.5,22,13,0.23076923076923078,0.38461538461538464,0.7816328930522788,1,True,4,True,0.8181818181818181
f15,cruise,regression,inertia_x1.6,22,22,0.13636363636363635,0.22727272727272727,1.0,1,True,4,True,0.8181818181818181
f15,cruise,sig_dynamic,clo_+0.1,22,13,0.23076923076923078,0.3076923076923077,0.8043255889409735,1,True,8,True,0.6363636363636364
f15,cruise,sig_dynamic,cmalpha_x0.7,22,13,0.23076923076923078,0.3076923076923077,0.8340919486430322,1,True,8,True,0.6363636363636364
f15,cruise,sig_dynamic,cmq_x0.5,22,13,0.15384615384615385,0.3076923076923077,0.6351615882992401,2,False,2,True,0.9090909090909091
f15,cruise,sig_dynamic,inertia_x1.6,22,22,0.13636363636363635,0.22727272727272727,1.0,1,True,0,False,1.0
f15,cruise,sig_static,clo_+0.1,22,13,0.23076923076923078,0.38461538461538464,0.7906000987448951,1,True,8,True,0.6363636363636364
f15,cruise,sig_static,cmalpha_x0.7,22,13,0.23076923076923078,0.38461538461538464,0.8811393734470657,1,True,7,True,0.6818181818181819
f15,cruise,sig_static,cmq_x0.5,22,13,0.15384615384615385,0.3076923076923077,0.6873861181553488,1,True,2,True,0.9090909090909091
f15,cruise,sig_static,inertia_x1.6,22,22,0.13636363636363635,0.22727272727272727,1.0,1,True,0,False,1.0
f15,elev_doublet,envelope,clo_+0.1,22,13,0.15384615384615385,0.23076923076923078,0.5296933795743035,2,False,14,True,0.36363636363636365
f15,elev_doublet,envelope,cmalpha_x0.7,22,13,0.0,0.0,0.4472143955116091,6,False,8,True,0.6363636363636364
f15,elev_doublet,envelope,cmq_x0.5,22,13,0.0,0.0,0.483460864834406,6,False,4,True,0.8181818181818181
f15,elev_doublet,envelope,inertia_x1.6,22,22,0.13636363636363635,0.22727272727272727,1.0,1,True,3,True,0.8636363636363636
f15,elev_doublet,iforest,clo_+0.1,22,13,0.23076923076923078,0.23076923076923078,0.7100546770051414,1,True,22,True,0.0
f15,elev_doublet,iforest,cmalpha_x0.7,22,13,0.07692307692307693,0.23076923076923078,0.6143103635006469,2,False,22,True,0.0
f15,elev_doublet,iforest,cmq_x0.5,22,13,0.23076923076923078,0.38461538461538464,0.8112753643118017,1,True,0,False,1.0
f15,elev_doublet,iforest,inertia_x1.6,22,22,0.13636363636363635,0.22727272727272727,1.0,1,True,0,False,1.0
f15,elev_doublet,ks,clo_+0.1,22,13,0.15384615384615385,0.23076923076923078,0.5719364306408841,1,True,11,True,0.5
f15,elev_doublet,ks,cmalpha_x0.7,22,13,0.0,0.0,0.4899976029500915,6,False,6,True,0.7272727272727273
f15,elev_doublet,ks,cmq_x0.5,22,13,0.23076923076923078,0.23076923076923078,0.7541843777137894,1,True,1,True,0.9545454545454546
f15,elev_doublet,ks,inertia_x1.6,22,22,0.13636363636363635,0.22727272727272727,1.0,1,True,1,True,0.9545454545454546
f15,elev_doublet,regression,clo_+0.1,22,13,0.0,0.15384615384615385,0.5993971840125686,4,False,20,True,0.09090909090909094
f15,elev_doublet,regression,cmalpha_x0.7,22,13,0.07692307692307693,0.23076923076923078,0.6451515930022718,3,False,15,True,0.31818181818181823
f15,elev_doublet,regression,cmq_x0.5,22,13,0.23076923076923078,0.38461538461538464,0.8310823593331332,1,True,7,True,0.6818181818181819
f15,elev_doublet,regression,inertia_x1.6,22,22,0.13636363636363635,0.22727272727272727,1.0,1,True,9,True,0.5909090909090908
f15,elev_doublet,sig_dynamic,clo_+0.1,22,13,0.07692307692307693,0.23076923076923078,0.5824412703937589,2,False,7,True,0.6818181818181819
f15,elev_doublet,sig_dynamic,cmalpha_x0.7,22,13,0.15384615384615385,0.3076923076923077,0.733414504312337,1,True,4,True,0.8181818181818181
f15,elev_doublet,sig_dynamic,cmq_x0.5,22,13,0.15384615384615385,0.3076923076923077,0.7285827420442806,2,False,0,False,1.0
f15,elev_doublet,sig_dynamic,inertia_x1.6,22,22,0.13636363636363635,0.22727272727272727,1.0,1,True,0,False,1.0
f15,elev_doublet,sig_static,clo_+0.1,22,13,0.23076923076923078,0.38461538461538464,0.8447754168908015,1,True,11,True,0.5
f15,elev_doublet,sig_static,cmalpha_x0.7,22,13,0.23076923076923078,0.38461538461538464,0.9012858935935858,1,True,6,True,0.7272727272727273
f15,elev_doublet,sig_static,cmq_x0.5,22,13,0.23076923076923078,0.38461538461538464,0.9004977928054851,1,True,2,False,0.9090909090909091
f15,elev_doublet,sig_static,inertia_x1.6,22,22,0.13636363636363635,0.22727272727272727,1.0,1,True,1,True,0.9545454545454546
f15,elev_doublet_distractor,envelope,clo_+0.1,22,13,0.23076923076923078,0.23076923076923078,0.6647490211225624,1,True,18,True,0.18181818181818177
f15,elev_doublet_distractor,envelope,cmalpha_x0.7,22,13,0.23076923076923078,0.3076923076923077,0.7709967320261437,1,True,8,True,0.6363636363636364
f15,elev_doublet_distractor,envelope,cmq_x0.5,22,13,0.23076923076923078,0.38461538461538464,0.8530481888781485,1,True,2,True,0.9090909090909091
f15,elev_doublet_distractor,envelope,inertia_x1.6,22,22,0.13636363636363635,0.22727272727272727,1.0,1,True,2,True,0.9090909090909091
f15,elev_doublet_distractor,iforest,clo_+0.1,22,13,0.23076923076923078,0.23076923076923078,0.6927501985194293,1,True,22,True,0.0
f15,elev_doublet_distractor,iforest,cmalpha_x0.7,22,13,0.15384615384615385,0.23076923076923078,0.7086944656782712,1,True,22,True,0.0
f15,elev_doublet_distractor,iforest,cmq_x0.5,22,13,0.23076923076923078,0.3076923076923077,0.7835555470170855,1,True,0,False,1.0
f15,elev_doublet_distractor,iforest,inertia_x1.6,22,22,0.13636363636363635,0.22727272727272727,1.0,1,True,0,False,1.0
f15,elev_doublet_distractor,ks,clo_+0.1,22,13,0.23076923076923078,0.38461538461538464,0.8022488132782251,1,True,12,True,0.4545454545454546
f15,elev_doublet_distractor,ks,cmalpha_x0.7,22,13,0.15384615384615385,0.23076923076923078,0.7316331894535038,1,True,4,True,0.8181818181818181
f15,elev_doublet_distractor,ks,cmq_x0.5,22,13,0.23076923076923078,0.38461538461538464,0.8491815876431261,1,True,0,False,1.0
f15,elev_doublet_distractor,ks,inertia_x1.6,22,22,0.13636363636363635,0.22727272727272727,1.0,1,True,0,False,1.0
f15,elev_doublet_distractor,regression,clo_+0.1,22,13,0.23076923076923078,0.3076923076923077,0.7926648693319329,1,True,20,True,0.09090909090909094
f15,elev_doublet_distractor,regression,cmalpha_x0.7,22,13,0.07692307692307693,0.07692307692307693,0.48838549486025085,3,False,17,True,0.2272727272727273
f15,elev_doublet_distractor,regression,cmq_x0.5,22,13,0.23076923076923078,0.38461538461538464,0.8754557963536291,1,True,3,True,0.8636363636363636
f15,elev_doublet_distractor,regression,inertia_x1.6,22,22,0.13636363636363635,0.22727272727272727,1.0,1,True,5,True,0.7727272727272727
f15,elev_doublet_distractor,sig_dynamic,clo_+0.1,22,13,0.07692307692307693,0.07692307692307693,0.4504038342779709,3,False,10,True,0.5454545454545454
f15,elev_doublet_distractor,sig_dynamic,cmalpha_x0.7,22,13,0.07692307692307693,0.15384615384615385,0.439818266000095,3,False,8,True,0.6363636363636364
f15,elev_doublet_distractor,sig_dynamic,cmq_x0.5,22,13,0.23076923076923078,0.38461538461538464,0.7938968020415984,1,True,0,False,1.0
f15,elev_doublet_distractor,sig_dynamic,inertia_x1.6,22,22,0.13636363636363635,0.22727272727272727,1.0,1,True,0,False,1.0
f15,elev_doublet_distractor,sig_static,clo_+0.1,22,13,0.15384615384615385,0.23076923076923078,0.6179143843111454,1,True,13,True,0.40909090909090906
f15,elev_doublet_distractor,sig_static,cmalpha_x0.7,22,13,0.07692307692307693,0.07692307692307693,0.4946926627922102,3,False,11,True,0.5
f15,elev_doublet_distractor,sig_static,cmq_x0.5,22,13,0.15384615384615385,0.3076923076923077,0.7004450614744732,1,True,0,False,1.0
f15,elev_doublet_distractor,sig_static,inertia_x1.6,22,22,0.13636363636363635,0.22727272727272727,1.0,1,True,0,False,1.0
f15,elev_step,envelope,clo_+0.1,22,13,0.07692307692307693,0.15384615384615385,0.5759748421513127,2,False,22,True,0.0
f15,elev_step,envelope,cmalpha_x0.7,22,13,0.0,0.15384615384615385,0.5153054547791389,4,False,20,True,0.09090909090909094
f15,elev_step,envelope,cmq_x0.5,22,13,0.07692307692307693,0.23076923076923078,0.6231377847893685,1,True,11,True,0.5
f15,elev_step,envelope,inertia_x1.6,22,22,0.13636363636363635,0.22727272727272727,1.0,1,True,5,True,0.7727272727272727
f15,elev_step,iforest,clo_+0.1,22,13,0.15384615384615385,0.23076923076923078,0.6374165308375835,2,False,22,True,0.0
f15,elev_step,iforest,cmalpha_x0.7,22,13,0.07692307692307693,0.15384615384615385,0.5557205614897922,3,False,22,True,0.0
f15,elev_step,iforest,cmq_x0.5,22,13,0.15384615384615385,0.3076923076923077,0.7552635398789245,1,True,0,False,1.0
f15,elev_step,iforest,inertia_x1.6,22,22,0.13636363636363635,0.22727272727272727,1.0,1,True,0,False,1.0
f15,elev_step,ks,clo_+0.1,22,13,0.15384615384615385,0.15384615384615385,0.6327374036352365,1,True,21,True,0.045454545454545414
f15,elev_step,ks,cmalpha_x0.7,22,13,0.0,0.07692307692307693,0.4787857378920727,5,False,17,True,0.2272727272727273
f15,elev_step,ks,cmq_x0.5,22,13,0.15384615384615385,0.3076923076923077,0.6912795537795537,2,False,3,True,0.8636363636363636
f15,elev_step,ks,inertia_x1.6,22,22,0.13636363636363635,0.22727272727272727,1.0,1,True,0,False,1.0
f15,elev_step,regression,clo_+0.1,22,13,0.23076923076923078,0.23076923076923078,0.8173980933596319,1,True,21,True,0.045454545454545414
f15,elev_step,regression,cmalpha_x0.7,22,13,0.23076923076923078,0.38461538461538464,0.8359772705926551,1,True,14,True,0.36363636363636365
f15,elev_step,regression,cmq_x0.5,22,13,0.23076923076923078,0.3076923076923077,0.7196400091136934,1,True,8,True,0.6363636363636364
f15,elev_step,regression,inertia_x1.6,22,22,0.13636363636363635,0.22727272727272727,1.0,1,True,8,True,0.6363636363636364
f15,elev_step,sig_dynamic,clo_+0.1,22,13,0.15384615384615385,0.3076923076923077,0.7782585491563819,1,True,12,True,0.4545454545454546
f15,elev_step,sig_dynamic,cmalpha_x0.7,22,13,0.15384615384615385,0.3076923076923077,0.7318809197470783,1,True,8,True,0.6363636363636364
f15,elev_step,sig_dynamic,cmq_x0.5,22,13,0.07692307692307693,0.07692307692307693,0.4616764212739444,3,False,2,False,0.9090909090909091
f15,elev_step,sig_dynamic,inertia_x1.6,22,22,0.13636363636363635,0.22727272727272727,1.0,1,True,2,True,0.9090909090909091
f15,elev_step,sig_static,clo_+0.1,22,13,0.15384615384615385,0.3076923076923077,0.7271735742889589,1,True,8,True,0.6363636363636364
f15,elev_step,sig_static,cmalpha_x0.7,22,13,0.15384615384615385,0.3076923076923077,0.7174384994223052,1,True,3,True,0.8636363636363636
f15,elev_step,sig_static,cmq_x0.5,22,13,0.0,0.0,0.4513448050718829,6,False,1,False,0.9545454545454546
f15,elev_step,sig_static,inertia_x1.6,22,22,0.13636363636363635,0.22727272727272727,1.0,1,True,0,False,1.0
f15,engine_cut,envelope,clo_+0.1,22,13,0.15384615384615385,0.3076923076923077,0.683304792902316,1,True,22,True,0.0
f15,engine_cut,envelope,cmalpha_x0.7,22,13,0.07692307692307693,0.15384615384615385,0.5816973624665933,1,True,19,True,0.13636363636363635
f15,engine_cut,envelope,cmq_x0.5,22,13,0.15384615384615385,0.3076923076923077,0.6692903587640431,1,True,3,True,0.8636363636363636
f15,engine_cut,envelope,inertia_x1.6,22,22,0.13636363636363635,0.22727272727272727,1.0,1,True,1,True,0.9545454545454546
f15,engine_cut,iforest,clo_+0.1,22,13,0.15384615384615385,0.23076923076923078,0.6413887196394937,2,False,22,True,0.0
f15,engine_cut,iforest,cmalpha_x0.7,22,13,0.15384615384615385,0.3076923076923077,0.7599779305661658,2,False,22,True,0.0
f15,engine_cut,iforest,cmq_x0.5,22,13,0.07692307692307693,0.23076923076923078,0.5920159905454022,2,False,0,False,1.0
f15,engine_cut,iforest,inertia_x1.6,22,22,0.13636363636363635,0.22727272727272727,1.0,1,True,0,False,1.0
f15,engine_cut,ks,clo_+0.1,22,13,0.15384615384615385,0.23076923076923078,0.7077500372005017,1,True,20,True,0.09090909090909094
f15,engine_cut,ks,cmalpha_x0.7,22,13,0.15384615384615385,0.3076923076923077,0.7104624345515034,1,True,19,True,0.13636363636363635
f15,engine_cut,ks,cmq_x0.5,22,13,0.23076923076923078,0.3076923076923077,0.8063952942614528,1,True,5,True,0.7727272727272727
f15,engine_cut,ks,inertia_x1.6,22,22,0.13636363636363635,0.22727272727272727,1.0,1,True,3,True,0.8636363636363636
f15,engine_cut,regression,clo_+0.1,22,13,0.23076923076923078,0.38461538461538464,0.9056499056499057,1,True,22,True,0.0
f15,engine_cut,regression,cmalpha_x0.7,22,13,0.23076923076923078,0.3076923076923077,0.7305329223315647,1,True,22,True,0.0
f15,engine_cut,regression,cmq_x0.5,22,13,0.23076923076923078,0.38461538461538464,0.8882450882450884,1,True,4,True,0.8181818181818181
f15,engine_cut,regression,inertia_x1.6,22,22,0.13636363636363635,0.22727272727272727,1.0,1,True,2,True,0.9090909090909091
f15,engine_cut,sig_dynamic,clo_+0.1,22,13,0.23076923076923078,0.38461538461538464,0.806249507815357,1,True,20,True,0.09090909090909094
f15,engine_cut,sig_dynamic,cmalpha_x0.7,22,13,0.23076923076923078,0.3076923076923077,0.8010933510933511,1,True,18,True,0.18181818181818177
f15,engine_cut,sig_dynamic,cmq_x0.5,22,13,0.07692307692307693,0.15384615384615385,0.5513034609009841,1,True,1,True,0.9545454545454546
f15,engine_cut,sig_dynamic,inertia_x1.6,22,22,0.13636363636363635,0.22727272727272727,1.0,1,True,0,False,1.0
f15,engine_cut,sig_static,clo_+0.1,22,13,0.15384615384615385,0.23076923076923078,0.637116723146135,1,True,19,True,0.13636363636363635
f15,engine_cut,sig_static,cmalpha_x0.7,22,13,0.15384615384615385,0.23076923076923078,0.6957271916250245,1,True,21,True,0.045454545454545414
f15,engine_cut,sig_static,cmq_x0.5,22,13,0.15384615384615385,0.15384615384615385,0.6201646194561174,1,True,2,True,0.9090909090909091
f15,engine_cut,sig_static,inertia_x1.6,22,22,0.13636363636363635,0.22727272727272727,1.0,1,True,1,True,0.9545454545454546
f15,engine_restart,envelope,clo_+0.1,22,13,0.23076923076923078,0.3076923076923077,0.785028915542133,1,True,22,True,0.0
f15,engine_restart,envelope,cmalpha_x0.7,22,13,0.15384615384615385,0.15384615384615385,0.5906222320189931,1,True,19,True,0.13636363636363635
f15,engine_restart,envelope,cmq_x0.5,22,13,0.23076923076923078,0.38461538461538464,0.7565974246969722,1,True,12,True,0.4545454545454546
f15,engine_restart,envelope,inertia_x1.6,22,22,0.13636363636363635,0.22727272727272727,1.0,1,True,2,True,0.9090909090909091
f15,engine_restart,iforest,clo_+0.1,22,13,0.15384615384615385,0.23076923076923078,0.5945214529192856,1,True,22,True,0.0
f15,engine_restart,iforest,cmalpha_x0.7,22,13,0.15384615384615385,0.23076923076923078,0.6509227888752774,1,True,22,True,0.0
f15,engine_restart,iforest,cmq_x0.5,22,13,0.15384615384615385,0.23076923076923078,0.7396751250258038,1,True,17,True,0.2272727272727273
f15,engine_restart,iforest,inertia_x1.6,22,22,0.13636363636363635,0.22727272727272727,1.0,1,True,18,True,0.18181818181818177
f15,engine_restart,ks,clo_+0.1,22,13,0.23076923076923078,0.38461538461538464,0.8952447125524048,1,True,22,True,0.0
f15,engine_restart,ks,cmalpha_x0.7,22,13,0.23076923076923078,0.3076923076923077,0.687569873367087,1,True,15,True,0.31818181818181823
f15,engine_restart,ks,cmq_x0.5,22,13,0.23076923076923078,0.38461538461538464,0.8413336663336664,1,True,14,True,0.36363636363636365
f15,engine_restart,ks,inertia_x1.6,22,22,0.13636363636363635,0.22727272727272727,1.0,1,True,11,True,0.5
f15,engine_restart,regression,clo_+0.1,22,13,0.23076923076923078,0.3076923076923077,0.8285480042832984,1,True,22,True,0.0
f15,engine_restart,regression,cmalpha_x0.7,22,13,0.07692307692307693,0.23076923076923078,0.6415041099251625,2,False,22,True,0.0
f15,engine_restart,regression,cmq_x0.5,22,13,0.23076923076923078,0.38461538461538464,0.841564519600957,1,True,7,True,0.6818181818181819
f15,engine_restart,regression,inertia_x1.6,22,22,0.13636363636363635,0.22727272727272727,1.0,1,True,2,True,0.9090909090909091
f15,engine_restart,sig_dynamic,clo_+0.1,22,13,0.23076923076923078,0.3076923076923077,0.7628004474158321,1,True,22,True,0.0
f15,engine_restart,sig_dynamic,cmalpha_x0.7,22,13,0.15384615384615385,0.23076923076923078,0.5668447651419787,2,False,21,True,0.045454545454545414
f15,engine_restart,sig_dynamic,cmq_x0.5,22,13,0.23076923076923078,0.38461538461538464,0.9045030635528375,1,True,8,True,0.6363636363636364
f15,engine_restart,sig_dynamic,inertia_x1.6,22,22,0.13636363636363635,0.22727272727272727,1.0,1,True,4,True,0.8181818181818181
f15,engine_restart,sig_static,clo_+0.1,22,13,0.15384615384615385,0.23076923076923078,0.6412337662337662,2,False,20,True,0.09090909090909094
f15,engine_restart,sig_static,cmalpha_x0.7,22,13,0.0,0.15384615384615385,0.5881491315701841,4,False,20,True,0.09090909090909094
f15,engine_restart,sig_static,cmq_x0.5,22,13,0.15384615384615385,0.23076923076923078,0.6389069264069265,2,False,3,True,0.8636363636363636
f15,engine_restart,sig_static,inertia_x1.6,22,22,0.13636363636363635,0.22727272727272727,1.0,1,True,2,True,0.9090909090909091
f15,flap_extend,envelope,clo_+0.1,22,13,0.0,0.07692307692307693,0.45700609160361483,4,False,17,True,0.2272727272727273
f15,flap_extend,envelope,cmalpha_x0.7,22,13,0.0,0.07692307692307693,0.45825996593441215,5,False,16,True,0.2727272727272727
f15,flap_extend,envelope,cmq_x0.5,22,13,0.23076923076923078,0.3076923076923077,0.8091061659887571,1,True,6,True,0.7272727272727273
f15,flap_extend,envelope,inertia_x1.6,22,22,0.13636363636363635,0.22727272727272727,1.0,1,True,6,True,0.7272727272727273
f15,flap_extend,iforest,clo_+0.1,22,13,0.07692307692307693,0.23076923076923078,0.5749714595689828,3,False,22,True,0.0
f15,flap_extend,iforest,cmalpha_x0.7,22,13,0.07692307692307693,0.23076923076923078,0.6121626180836706,2,False,22,True,0.0
f15,flap_extend,iforest,cmq_x0.5,22,13,0.15384615384615385,0.23076923076923078,0.6603794207300994,2,False,1,False,0.9545454545454546
f15,flap_extend,iforest,inertia_x1.6,22,22,0.13636363636363635,0.22727272727272727,1.0,1,True,1,True,0.9545454545454546
f15,flap_extend,ks,clo_+0.1,22,13,0.07692307692307693,0.15384615384615385,0.5308017403992635,2,False,19,True,0.13636363636363635
f15,flap_extend,ks,cmalpha_x0.7,22,13,0.07692307692307693,0.07692307692307693,0.526062561383471,2,False,19,True,0.13636363636363635
f15,flap_extend,ks,cmq_x0.5,22,13,0.07692307692307693,0.23076923076923078,0.6656706541321926,3,False,9,True,0.5909090909090908
f15,flap_extend,ks,inertia_x1.6,22,22,0.13636363636363635,0.22727272727272727,1.0,1,True,7,True,0.6818181818181819
f15,flap_extend,regression,clo_+0.1,22,13,0.15384615384615385,0.15384615384615385,0.7088843346196286,1,True,20,True,0.09090909090909094
f15,flap_extend,regression,cmalpha_x0.7,22,13,0.0,0.15384615384615385,0.5928363303363302,4,False,18,True,0.18181818181818177
f15,flap_extend,regression,cmq_x0.5,22,13,0.15384615384615385,0.3076923076923077,0.6252439811650337,2,False,3,True,0.8636363636363636
f15,flap_extend,regression,inertia_x1.6,22,22,0.13636363636363635,0.22727272727272727,1.0,1,True,3,True,0.8636363636363636
f15,flap_extend,sig_dynamic,clo_+0.1,22,13,0.07692307692307693,0.15384615384615385,0.5287563115617414,2,False,11,True,0.5
f15,flap_extend,sig_dynamic,cmalpha_x0.7,22,13,0.0,0.15384615384615385,0.5909251005404851,4,False,8,True,0.6363636363636364
f15,flap_extend,sig_dynamic,cmq_x0.5,22,13,0.15384615384615385,0.3076923076923077,0.6751227656205033,2,False,2,True,0.9090909090909091
f15,flap_extend,sig_dynamic,inertia_x1.6,22,22,0.13636363636363635,0.22727272727272727,1.0,1,True,1,True,0.9545454545454546
f15,flap_extend,sig_static,clo_+0.1,22,13,0.07692307692307693,0.23076923076923078,0.5804301348805992,3,False,6,True,0.7272727272727273
f15,flap_extend,sig_static,cmalpha_x0.7,22,13,0.15384615384615385,0.3076923076923077,0.6225322321297553,2,False,6,True,0.7272727272727273
f15,flap_extend,sig_static,cmq_x0.5,22,13,0.15384615384615385,0.3076923076923077,0.7143118577329104,2,False,4,True,0.8181818181818181
f15,flap_extend,sig_static,inertia_x1.6,22,22,0.13636363636363635,0.22727272727272727,1.0,1,True,3,True,0.8636363636363636
f15,rudder_doublet,envelope,clo_+0.1,22,13,0.23076923076923078,0.3076923076923077,0.7326268304477401,1,True,22,True,0.0
f15,rudder_doublet,envelope,cmalpha_x0.7,22,13,0.23076923076923078,0.23076923076923078,0.6968715296769596,1,True,8,True,0.6363636363636364
f15,rudder_doublet,envelope,cmq_x0.5,22,13,0.23076923076923078,0.38461538461538464,0.8739756975051093,1,True,3,True,0.8636363636363636
f15,rudder_doublet,envelope,inertia_x1.6,22,22,0.13636363636363635,0.22727272727272727,1.0,1,True,0,False,1.0
f15,rudder_doublet,iforest,clo_+0.1,22,13,0.15384615384615385,0.23076923076923078,0.6184485723453335,1,True,22,True,0.0
f15,rudder_doublet,iforest,cmalpha_x0.7,22,13,0.07692307692307693,0.15384615384615385,0.5318438920635873,3,False,22,True,0.0
f15,rudder_doublet,iforest,cmq_x0.5,22,13,0.15384615384615385,0.15384615384615385,0.6526174167844805,1,True,0,False,1.0
f15,rudder_doublet,iforest,inertia_x1.6,22,22,0.13636363636363635,0.22727272727272727,1.0,1,True,0,False,1.0
f15,rudder_doublet,ks,clo_+0.1,22,13,0.23076923076923078,0.38461538461538464,0.8957475217090601,1,True,19,True,0.13636363636363635
f15,rudder_doublet,ks,cmalpha_x0.7,22,13,0.23076923076923078,0.23076923076923078,0.6706040321246322,1,True,1,True,0.9545454545454546
f15,rudder_doublet,ks,cmq_x0.5,22,13,0.07692307692307693,0.07692307692307693,0.5026070420807263,1,True,1,True,0.9545454545454546
f15,rudder_doublet,ks,inertia_x1.6,22,22,0.13636363636363635,0.22727272727272727,1.0,1,True,1,True,0.9545454545454546
f15,rudder_doublet,regression,clo_+0.1,22,13,0.23076923076923078,0.38461538461538464,0.8514773238457448,1,True,20,True,0.09090909090909094
f15,rudder_doublet,regression,cmalpha_x0.7,22,13,0.23076923076923078,0.38461538461538464,0.7534542261739214,1,True,11,True,0.5
f15,rudder_doublet,regression,cmq_x0.5,22,13,0.23076923076923078,0.38461538461538464,0.7851849954046907,1,True,0,False,1.0
f15,rudder_doublet,regression,inertia_x1.6,22,22,0.13636363636363635,0.22727272727272727,1.0,1,True,0,False,1.0
f15,rudder_doublet,sig_dynamic,clo_+0.1,22,13,0.07692307692307693,0.23076923076923078,0.5051990390731758,3,False,16,True,0.2727272727272727
f15,rudder_doublet,sig_dynamic,cmalpha_x0.7,22,13,0.15384615384615385,0.23076923076923078,0.5532010370751738,1,True,17,True,0.2272727272727273
f15,rudder_doublet,sig_dynamic,cmq_x0.5,22,13,0.23076923076923078,0.38461538461538464,0.8038667472877999,1,True,2,True,0.9090909090909091
f15,rudder_doublet,sig_dynamic,inertia_x1.6,22,22,0.13636363636363635,0.22727272727272727,1.0,1,True,3,True,0.8636363636363636
f15,rudder_doublet,sig_static,clo_+0.1,22,13,0.23076923076923078,0.3076923076923077,0.6739251847223985,1,True,11,True,0.5
f15,rudder_doublet,sig_static,cmalpha_x0.7,22,13,0.07692307692307693,0.23076923076923078,0.6068649101156841,3,False,19,True,0.13636363636363635
f15,rudder_doublet,sig_static,cmq_x0.5,22,13,0.23076923076923078,0.3076923076923077,0.8021229326361501,1,True,1,True,0.9545454545454546
f15,rudder_doublet,sig_static,inertia_x1.6,22,22,0.13636363636363635,0.22727272727272727,1.0,1,True,1,True,0.9545454545454546
f15,throttle_step,envelope,clo_+0.1,22,13,0.23076923076923078,0.3076923076923077,0.7662822471646001,1,True,20,True,0.09090909090909094
f15,throttle_step,envelope,cmalpha_x0.7,22,13,0.23076923076923078,0.23076923076923078,0.6401694796431638,1,True,4,True,0.8181818181818181
f15,throttle_step,envelope,cmq_x0.5,22,13,0.23076923076923078,0.38461538461538464,0.8047188106011635,1,True,3,True,0.8636363636363636
f15,throttle_step,envelope,inertia_x1.6,22,22,0.13636363636363635,0.22727272727272727,1.0,1,True,0,False,1.0
f15,throttle_step,iforest,clo_+0.1,22,13,0.23076923076923078,0.3076923076923077,0.7732086540910069,1,True,22,True,0.0
f15,throttle_step,iforest,cmalpha_x0.7,22,13,0.23076923076923078,0.3076923076923077,0.8063952942614528,1,True,22,True,0.0
f15,throttle_step,iforest,cmq_x0.5,22,13,0.07692307692307693,0.15384615384615385,0.550243158048588,2,False,0,False,1.0
f15,throttle_step,iforest,inertia_x1.6,22,22,0.13636363636363635,0.22727272727272727,1.0,1,True,0,False,1.0
f15,throttle_step,ks,clo_+0.1,22,13,0.23076923076923078,0.38461538461538464,0.8671922094999018,1,True,12,True,0.4545454545454546
f15,throttle_step,ks,cmalpha_x0.7,22,13,0.23076923076923078,0.38461538461538464,0.8658793129946977,1,True,8,True,0.6363636363636364
f15,throttle_step,ks,cmq_x0.5,22,13,0.23076923076923078,0.38461538461538464,0.9685314685314685,1,True,5,True,0.7727272727272727
f15,throttle_step,ks,inertia_x1.6,22,22,0.13636363636363635,0.22727272727272727,1.0,1,True,5,True,0.7727272727272727
f15,throttle_step,regression,clo_+0.1,22,13,0.23076923076923078,0.38461538461538464,0.8012721590150741,1,True,20,True,0.09090909090909094
f15,throttle_step,regression,cmalpha_x0.7,22,13,0.23076923076923078,0.38461538461538464,0.7510848070058598,1,True,18,True,0.18181818181818177
f15,throttle_step,regression,cmq_x0.5,22,13,0.23076923076923078,0.38461538461538464,0.7693383499885049,1,True,5,True,0.7727272727272727
f15,throttle_step,regression,inertia_x1.6,22,22,0.13636363636363635,0.22727272727272727,1.0,1,True,4,True,0.8181818181818181
f15,throttle_step,sig_dynamic,clo_+0.1,22,13,0.07692307692307693,0.23076923076923078,0.597663230236462,1,True,18,True,0.18181818181818177
f15,throttle_step,sig_dynamic,cmalpha_x0.7,22,13,0.23076923076923078,0.3076923076923077,0.7381381776118618,1,True,16,True,0.2727272727272727
f15,throttle_step,sig_dynamic,cmq_x0.5,22,13,0.23076923076923078,0.38461538461538464,0.8259983606137453,1,True,1,True,0.9545454545454546
f15,throttle_step,sig_dynamic,inertia_x1.6,22,22,0.13636363636363635,0.22727272727272727,1.0,1,True,1,True,0.9545454545454546
f15,throttle_step,sig_static,clo_+0.1,22,13,0.23076923076923078,0.3076923076923077,0.7384398367370504,1,True,16,True,0.2727272727272727
f15,throttle_step,sig_static,cmalpha_x0.7,22,13,0.23076923076923078,0.23076923076923078,0.6002988110960247,1,True,15,True,0.31818181818181823
f15,throttle_step,sig_static,cmq_x0.5,22,13,0.23076923076923078,0.3076923076923077,0.7658771053507897,1,True,0,False,1.0
f15,throttle_step,sig_static,inertia_x1.6,22,22,0.13636363636363635,0.22727272727272727,1.0,1,True,0,False,1.0
f16,aileron_step,envelope,clo_+0.1,22,13,0.23076923076923078,0.3076923076923077,0.7037341201308813,1,True,8,True,0.6363636363636364
f16,aileron_step,envelope,cmalpha_x0.7,22,13,0.23076923076923078,0.3076923076923077,0.8571123321123321,1,True,5,True,0.7727272727272727
f16,aileron_step,envelope,cmq_x0.5,22,13,0.15384615384615385,0.3076923076923077,0.7824814074814076,1,True,0,False,1.0
f16,aileron_step,envelope,inertia_x1.6,22,22,0.13636363636363635,0.22727272727272727,1.0,1,True,0,False,1.0
f16,aileron_step,iforest,clo_+0.1,22,13,0.15384615384615385,0.3076923076923077,0.7800767330893551,1,True,22,True,0.0
f16,aileron_step,iforest,cmalpha_x0.7,22,13,0.23076923076923078,0.38461538461538464,0.8319166127989656,1,True,0,False,1.0
f16,aileron_step,iforest,cmq_x0.5,22,13,0.07692307692307693,0.15384615384615385,0.6356711915535445,1,True,0,False,1.0
f16,aileron_step,iforest,inertia_x1.6,22,22,0.13636363636363635,0.22727272727272727,1.0,1,True,0,False,1.0
f16,aileron_step,ks,clo_+0.1,22,13,0.23076923076923078,0.3076923076923077,0.7215875627640335,1,True,16,True,0.2727272727272727
f16,aileron_step,ks,cmalpha_x0.7,22,13,0.23076923076923078,0.3076923076923077,0.8708485958485959,1,True,7,True,0.6818181818181819
f16,aileron_step,ks,cmq_x0.5,22,13,0.23076923076923078,0.38461538461538464,0.8711855396065923,1,True,1,True,0.9545454545454546
f16,aileron_step,ks,inertia_x1.6,22,22,0.13636363636363635,0.22727272727272727,1.0,1,True,1,True,0.9545454545454546
f16,aileron_step,regression,clo_+0.1,22,13,0.15384615384615385,0.3076923076923077,0.8470539694223904,1,True,20,True,0.09090909090909094
f16,aileron_step,regression,cmalpha_x0.7,22,13,0.23076923076923078,0.3076923076923077,0.8833732506809429,1,True,14,True,0.36363636363636365
f16,aileron_step,regression,cmq_x0.5,22,13,0.23076923076923078,0.38461538461538464,0.907151395612934,1,True,1,True,0.9545454545454546
f16,aileron_step,regression,inertia_x1.6,22,22,0.13636363636363635,0.22727272727272727,1.0,1,True,0,False,1.0
f16,aileron_step,sig_dynamic,clo_+0.1,22,13,0.23076923076923078,0.38461538461538464,0.831718338222863,1,True,19,True,0.13636363636363635
f16,aileron_step,sig_dynamic,cmalpha_x0.7,22,13,0.23076923076923078,0.38461538461538464,0.9464074387151309,1,True,18,True,0.18181818181818177
f16,aileron_step,sig_dynamic,cmq_x0.5,22,13,0.23076923076923078,0.38461538461538464,0.7527291084983394,1,True,4,True,0.8181818181818181
f16,aileron_step,sig_dynamic,inertia_x1.6,22,22,0.13636363636363635,0.22727272727272727,1.0,1,True,1,True,0.9545454545454546
f16,aileron_step,sig_static,clo_+0.1,22,13,0.23076923076923078,0.3076923076923077,0.7715522222875163,1,True,19,True,0.13636363636363635
f16,aileron_step,sig_static,cmalpha_x0.7,22,13,0.23076923076923078,0.3076923076923077,0.8693717831875726,1,True,19,True,0.13636363636363635
f16,aileron_step,sig_static,cmq_x0.5,22,13,0.23076923076923078,0.3076923076923077,0.7778669598507655,1,True,8,True,0.6363636363636364
f16,aileron_step,sig_static,inertia_x1.6,22,22,0.13636363636363635,0.22727272727272727,1.0,1,True,1,True,0.9545454545454546
f16,cruise,envelope,clo_+0.1,22,13,0.23076923076923078,0.3076923076923077,0.6718096343602417,1,True,17,True,0.2272727272727273
f16,cruise,envelope,cmalpha_x0.7,22,13,0.07692307692307693,0.07692307692307693,0.4869711131529421,1,True,14,True,0.36363636363636365
f16,cruise,envelope,cmq_x0.5,22,13,0.23076923076923078,0.38461538461538464,0.7502730113024232,1,True,0,False,1.0
f16,cruise,envelope,inertia_x1.6,22,22,0.13636363636363635,0.22727272727272727,1.0,1,True,11,True,0.5
f16,cruise,iforest,clo_+0.1,22,13,0.15384615384615385,0.23076923076923078,0.5713111321083457,1,True,22,True,0.0
f16,cruise,iforest,cmalpha_x0.7,22,13,0.23076923076923078,0.3076923076923077,0.7696220446220448,1,True,0,False,1.0
f16,cruise,iforest,cmq_x0.5,22,13,0.15384615384615385,0.3076923076923077,0.6347920955893092,1,True,0,False,1.0
f16,cruise,iforest,inertia_x1.6,22,22,0.13636363636363635,0.22727272727272727,1.0,1,True,0,False,1.0
f16,cruise,ks,clo_+0.1,22,13,0.0,0.0,0.4767629429394135,6,False,17,True,0.2272727272727273
f16,cruise,ks,cmalpha_x0.7,22,13,0.0,0.0,0.4084080095898386,8,False,13,True,0.40909090909090906
f16,cruise,ks,cmq_x0.5,22,13,0.23076923076923078,0.3076923076923077,0.7025645294876065,1,True,0,False,1.0
f16,cruise,ks,inertia_x1.6,22,22,0.13636363636363635,0.22727272727272727,1.0,1,True,8,True,0.6363636363636364
f16,cruise,regression,clo_+0.1,22,13,0.23076923076923078,0.38461538461538464,0.9701923076923078,1,True,19,True,0.13636363636363635
f16,cruise,regression,cmalpha_x0.7,22,13,0.07692307692307693,0.23076923076923078,0.4855059116877406,2,False,15,True,0.31818181818181823
f16,cruise,regression,cmq_x0.5,22,13,0.15384615384615385,0.15384615384615385,0.5162751424569714,1,True,0,False,1.0
f16,cruise,regression,inertia_x1.6,22,22,0.13636363636363635,0.22727272727272727,1.0,1,True,2,True,0.9090909090909091
f16,cruise,sig_dynamic,clo_+0.1,22,13,0.0,0.0,0.44973700884334367,8,False,16,True,0.2727272727272727
f16,cruise,sig_dynamic,cmalpha_x0.7,22,13,0.15384615384615385,0.3076923076923077,0.7737789987789987,2,False,6,True,0.7272727272727273
f16,cruise,sig_dynamic,cmq_x0.5,22,13,0.15384615384615385,0.15384615384615385,0.5355059116877406,1,True,0,False,1.0
f16,cruise,sig_dynamic,inertia_x1.6,22,22,0.13636363636363635,0.22727272727272727,1.0,1,True,3,True,0.8636363636363636
f16,cruise,sig_static,clo_+0.1,22,13,0.23076923076923078,0.23076923076923078,0.6335171176234524,1,True,16,True,0.2727272727272727
f16,cruise,sig_static,cmalpha_x0.7,22,13,0.15384615384615385,0.3076923076923077,0.7831529581529583,1,True,6,True,0.7272727272727273
f16,cruise,sig_static,cmq_x0.5,22,13,0.15384615384615385,0.15384615384615385,0.5355059116877406,1,True,0,False,1.0
f16,cruise,sig_static,inertia_x1.6,22,22,0.13636363636363635,0.22727272727272727,1.0,1,True,3,True,0.8636363636363636
f16,elev_doublet,envelope,clo_+0.1,22,13,0.07692307692307693,0.23076923076923078,0.5783014628989861,1,True,15,True,0.31818181818181823
f16,elev_doublet,envelope,cmalpha_x0.7,22,13,0.0,0.0,0.4158666833946662,9,False,12,True,0.4545454545454546
f16,elev_doublet,envelope,cmq_x0.5,22,13,0.15384615384615385,0.23076923076923078,0.5982443107949181,1,True,0,False,1.0
f16,elev_doublet,envelope,inertia_x1.6,22,22,0.13636363636363635,0.22727272727272727,1.0,1,True,6,True,0.7272727272727273
f16,elev_doublet,iforest,clo_+0.1,22,13,0.23076923076923078,0.23076923076923078,0.7070696648750947,1,True,22,True,0.0
f16,elev_doublet,iforest,cmalpha_x0.7,22,13,0.0,0.0,0.4291410079693003,6,False,2,False,0.9090909090909091
f16,elev_doublet,iforest,cmq_x0.5,22,13,0.23076923076923078,0.23076923076923078,0.634690092263324,1,True,0,False,1.0
f16,elev_doublet,iforest,inertia_x1.6,22,22,0.13636363636363635,0.22727272727272727,1.0,1,True,0,False,1.0
f16,elev_doublet,ks,clo_+0.1,22,13,0.0,0.0,0.4275164629237027,8,False,10,True,0.5454545454545454
f16,elev_doublet,ks,cmalpha_x0.7,22,13,0.0,0.0,0.44973700884334367,8,False,8,True,0.6363636363636364
f16,elev_doublet,ks,cmq_x0.5,22,13,0.23076923076923078,0.38461538461538464,0.9003663003663005,1,True,0,False,1.0
f16,elev_doublet,ks,inertia_x1.6,22,22,0.13636363636363635,0.22727272727272727,1.0,1,True,1,True,0.9545454545454546
f16,elev_doublet,regression,clo_+0.1,22,13,0.0,0.0,0.46406904664227827,6,False,20,True,0.09090909090909094
f16,elev_doublet,regression,cmalpha_x0.7,22,13,0.07692307692307693,0.07692307692307693,0.4910168514240911,1,True,10,True,0.5454545454545454
f16,elev_doublet,regression,cmq_x0.5,22,13,0.07692307692307693,0.23076923076923078,0.582121155418369,1,True,0,False,1.0
f16,elev_doublet,regression,inertia_x1.6,22,22,0.13636363636363635,0.22727272727272727,1.0,1,True,1,True,0.9545454545454546
f16,elev_doublet,sig_dynamic,clo_+0.1,22,13,0.07692307692307693,0.15384615384615385,0.547155515424746,3,False,13,True,0.40909090909090906
f16,elev_doublet,sig_dynamic,cmalpha_x0.7,22,13,0.23076923076923078,0.3076923076923077,0.7742985983876675,1,True,2,True,0.9090909090909091
f16,elev_doublet,sig_dynamic,cmq_x0.5,22,13,0.23076923076923078,0.3076923076923077,0.7260138012340919,1,True,0,False,1.0
f16,elev_doublet,sig_dynamic,inertia_x1.6,22,22,0.13636363636363635,0.22727272727272727,1.0,1,True,0,False,1.0
f16,elev_doublet,sig_static,clo_+0.1,22,13,0.15384615384615385,0.15384615384615385,0.6523233652907385,1,True,16,True,0.2727272727272727
f16,elev_doublet,sig_static,cmalpha_x0.7,22,13,0.15384615384615385,0.3076923076923077,0.7493751131909027,2,False,6,True,0.7272727272727273
f16,elev_doublet,sig_static,cmq_x0.5,22,13,0.23076923076923078,0.38461538461538464,0.8936371320986706,1,True,4,True,0.8181818181818181
f16,elev_doublet,sig_static,inertia_x1.6,22,22,0.13636363636363635,0.22727272727272727,1.0,1,True,3,True,0.8636363636363636
f16,elev_doublet_distractor,envelope,clo_+0.1,22,13,0.23076923076923078,0.23076923076923078,0.6752505664270371,1,True,9,True,0.5909090909090908
f16,elev_doublet_distractor,envelope,cmalpha_x0.7,22,13,0.23076923076923078,0.3076923076923077,0.8435330192683133,1,True,4,True,0.8181818181818181
f16,elev_doublet_distractor,envelope,cmq_x0.5,22,13,0.23076923076923078,0.38461538461538464,0.9819004524886878,1,True,0,False,1.0
f16,elev_doublet_distractor,envelope,inertia_x1.6,22,22,0.13636363636363635,0.22727272727272727,1.0,1,True,0,False,1.0
f16,elev_doublet_distractor,iforest,clo_+0.1,22,13,0.23076923076923078,0.3076923076923077,0.7266749220190516,1,True,22,True,0.0
f16,elev_doublet_distractor,iforest,cmalpha_x0.7,22,13,0.23076923076923078,0.23076923076923078,0.7333877462539048,1,True,6,True,0.7272727272727273
f16,elev_doublet_distractor,iforest,cmq_x0.5,22,13,0.07692307692307693,0.07692307692307693,0.49073469265776964,3,False,21,True,0.045454545454545414
f16,elev_doublet_distractor,iforest,inertia_x1.6,22,22,0.13636363636363635,0.22727272727272727,1.0,1,True,12,True,0.4545454545454546
f16,elev_doublet_distractor,ks,clo_+0.1,22,13,0.23076923076923078,0.38461538461538464,0.7647238389141223,1,True,9,True,0.5909090909090908
f16,elev_doublet_distractor,ks,cmalpha_x0.7,22,13,0.15384615384615385,0.3076923076923077,0.7472743068896915,1,True,9,True,0.5909090909090908
f16,elev_doublet_distractor,ks,cmq_x0.5,22,13,0.23076923076923078,0.23076923076923078,0.6596749741486583,1,True,3,True,0.8636363636363636
f16,elev_doublet_distractor,ks,inertia_x1.6,22,22,0.13636363636363635,0.22727272727272727,1.0,1,True,3,True,0.8636363636363636
f16,elev_doublet_distractor,regression,clo_+0.1,22,13,0.23076923076923078,0.38461538461538464,0.9309523809523809,1,True,21,True,0.045454545454545414
f16,elev_doublet_distractor,regression,cmalpha_x0.7,22,13,0.23076923076923078,0.38461538461538464,0.9405497280497279,1,True,15,True,0.31818181818181823
f16,elev_doublet_distractor,regression,cmq_x0.5,22,13,0.23076923076923078,0.38461538461538464,0.9182172078933213,1,True,5,True,0.7727272727272727
f16,elev_doublet_distractor,regression,inertia_x1.6,22,22,0.13636363636363635,0.22727272727272727,1.0,1,True,3,True,0.8636363636363636
f16,elev_doublet_distractor,sig_dynamic,clo_+0.1,22,13,0.07692307692307693,0.23076923076923078,0.6183870616562925,3,False,19,True,0.13636363636363635
f16,elev_doublet_distractor,sig_dynamic,cmalpha_x0.7,22,13,0.07692307692307693,0.23076923076923078,0.6292150408666247,1,True,9,True,0.5909090909090908
f16,elev_doublet_distractor,sig_dynamic,cmq_x0.5,22,13,0.23076923076923078,0.38461538461538464,0.730262719736404,1,True,0,False,1.0
f16,elev_doublet_distractor,sig_dynamic,inertia_x1.6,22,22,0.13636363636363635,0.22727272727272727,1.0,1,True,2,True,0.9090909090909091
f16,elev_doublet_distractor,sig_static,clo_+0.1,22,13,0.15384615384615385,0.3076923076923077,0.7025445708138017,1,True,17,True,0.2272727272727273
f16,elev_doublet_distractor,sig_static,cmalpha_x0.7,22,13,0.23076923076923078,0.38461538461538464,0.8223109492846337,1,True,10,True,0.5454545454545454
f16,elev_doublet_distractor,sig_static,cmq_x0.5,22,13,0.23076923076923078,0.3076923076923077,0.6931137238829547,1,True,0,False,1.0
f16,elev_doublet_distractor,sig_static,inertia_x1.6,22,22,0.13636363636363635,0.22727272727272727,1.0,1,True,0,False,1.0
f16,elev_step,envelope,clo_+0.1,22,13,0.15384615384615385,0.15384615384615385,0.5482342090314225,1,True,19,True,0.13636363636363635
f16,elev_step,envelope,cmalpha_x0.7,22,13,0.23076923076923078,0.38461538461538464,0.8731086839386435,1,True,6,True,0.7272727272727273
f16,elev_step,envelope,cmq_x0.5,22,13,0.15384615384615385,0.23076923076923078,0.7811218695834081,1,True,0,False,1.0
f16,elev_step,envelope,inertia_x1.6,22,22,0.13636363636363635,0.22727272727272727,1.0,1,True,0,False,1.0
f16,elev_step,iforest,clo_+0.1,22,13,0.23076923076923078,0.38461538461538464,0.7474189209483326,1,True,22,True,0.0
f16,elev_step,iforest,cmalpha_x0.7,22,13,0.23076923076923078,0.38461538461538464,0.8730800747769074,1,True,0,False,1.0
f16,elev_step,iforest,cmq_x0.5,22,13,0.23076923076923078,0.38461538461538464,0.8755795288303028,1,True,0,False,1.0
f16,elev_step,iforest,inertia_x1.6,22,22,0.13636363636363635,0.22727272727272727,1.0,1,True,0,False,1.0
f16,elev_step,ks,clo_+0.1,22,13,0.23076923076923078,0.3076923076923077,0.7145362807127513,1,True,19,True,0.13636363636363635
f16,elev_step,ks,cmalpha_x0.7,22,13,0.23076923076923078,0.38461538461538464,0.751074742251213,1,True,4,True,0.8181818181818181
f16,elev_step,ks,cmq_x0.5,22,13,0.23076923076923078,0.3076923076923077,0.712092671690195,1,True,0,False,1.0
f16,elev_step,ks,inertia_x1.6,22,22,0.13636363636363635,0.22727272727272727,1.0,1,True,1,True,0.9545454545454546
f16,elev_step,regression,clo_+0.1,22,13,0.23076923076923078,0.38461538461538464,1.0,1,True,16,True,0.2727272727272727
f16,elev_step,regression,cmalpha_x0.7,22,13,0.23076923076923078,0.38461538461538464,0.8858849483849484,1,True,6,True,0.7272727272727273
f16,elev_step,regression,cmq_x0.5,22,13,0.15384615384615385,0.15384615384615385,0.5832505815477952,1,True,0,False,1.0
f16,elev_step,regression,inertia_x1.6,22,22,0.13636363636363635,0.22727272727272727,1.0,1,True,0,False,1.0
f16,elev_step,sig_dynamic,clo_+0.1,22,13,0.15384615384615385,0.3076923076923077,0.7421006344083267,2,False,21,True,0.045454545454545414
f16,elev_step,sig_dynamic,cmalpha_x0.7,22,13,0.23076923076923078,0.38461538461538464,0.8283127089628639,1,True,1,True,0.9545454545454546
f16,elev_step,sig_dynamic,cmq_x0.5,22,13,0.15384615384615385,0.23076923076923078,0.5780531080810909,1,True,0,False,1.0
f16,elev_step,sig_dynamic,inertia_x1.6,22,22,0.13636363636363635,0.22727272727272727,1.0,1,True,0,False,1.0
f16,elev_step,sig_static,clo_+0.1,22,13,0.23076923076923078,0.23076923076923078,0.6965852774676305,1,True,21,True,0.045454545454545414
f16,elev_step,sig_static,cmalpha_x0.7,22,13,0.23076923076923078,0.38461538461538464,0.8568194962931807,1,True,3,True,0.8636363636363636
f16,elev_step,sig_static,cmq_x0.5,22,13,0.23076923076923078,0.38461538461538464,0.7536388448153155,1,True,2,False,0.9090909090909091
f16,elev_step,sig_static,inertia_x1.6,22,22,0.13636363636363635,0.22727272727272727,1.0,1,True,0,False,1.0
f16,flap_extend,envelope,clo_+0.1,22,13,0.07692307692307693,0.07692307692307693,0.5414438760413991,1,True,17,True,0.2272727272727273
f16,flap_extend,envelope,cmalpha_x0.7,22,13,0.0,0.0,0.43870634373432654,6,False,14,True,0.36363636363636365
f16,flap_extend,envelope,cmq_x0.5,22,13,0.23076923076923078,0.38461538461538464,0.7659628769922887,1,True,0,False,1.0
f16,flap_extend,envelope,inertia_x1.6,22,22,0.13636363636363635,0.22727272727272727,1.0,1,True,9,True,0.5909090909090908
f16,flap_extend,iforest,clo_+0.1,22,13,0.07692307692307693,0.23076923076923078,0.65139005731111,1,True,22,True,0.0
f16,flap_extend,iforest,cmalpha_x0.7,22,13,0.15384615384615385,0.23076923076923078,0.6641214435719079,1,True,4,True,0.8181818181818181
f16,flap_extend,iforest,cmq_x0.5,22,13,0.23076923076923078,0.38461538461538464,0.8509490509490509,1,True,0,False,1.0
f16,flap_extend,iforest,inertia_x1.6,22,22,0.13636363636363635,0.22727272727272727,1.0,1,True,0,False,1.0
f16,flap_extend,ks,clo_+0.1,22,13,0.0,0.0,0.4386705512211585,6,False,16,True,0.2727272727272727
f16,flap_extend,ks,cmalpha_x0.7,22,13,0.0,0.0,0.41362309365107647,9,False,14,True,0.36363636363636365
f16,flap_extend,ks,cmq_x0.5,22,13,0.07692307692307693,0.23076923076923078,0.534475173948858,3,False,0,False,1.0
f16,flap_extend,ks,inertia_x1.6,22,22,0.13636363636363635,0.22727272727272727,1.0,1,True,6,True,0.7272727272727273
f16,flap_extend,regression,clo_+0.1,22,13,0.23076923076923078,0.38461538461538464,0.7794526997968293,1,True,22,True,0.0
f16,flap_extend,regression,cmalpha_x0.7,22,13,0.0,0.0,0.4073396335214625,9,False,14,True,0.36363636363636365
f16,flap_extend,regression,cmq_x0.5,22,13,0.23076923076923078,0.23076923076923078,0.6629550274287117,1,True,0,False,1.0
f16,flap_extend,regression,inertia_x1.6,22,22,0.13636363636363635,0.22727272727272727,1.0,1,True,9,True,0.5909090909090908
f16,flap_extend,sig_dynamic,clo_+0.1,22,13,0.15384615384615385,0.15384615384615385,0.6024742602796902,1,True,16,True,0.2727272727272727
f16,flap_extend,sig_dynamic,cmalpha_x0.7,22,13,0.0,0.0,0.41630097132895416,8,False,14,True,0.36363636363636365
f16,flap_extend,sig_dynamic,cmq_x0.5,22,13,0.15384615384615385,0.23076923076923078,0.5861351969324106,1,True,0,False,1.0
f16,flap_extend,sig_dynamic,inertia_x1.6,22,22,0.13636363636363635,0.22727272727272727,1.0,1,True,6,True,0.7272727272727273
f16,flap_extend,sig_static,clo_+0.1,22,13,0.15384615384615385,0.23076923076923078,0.6115787995312881,1,True,15,True,0.31818181818181823
f16,flap_extend,sig_static,cmalpha_x0.7,22,13,0.15384615384615385,0.3076923076923077,0.6966180877945584,1,True,9,True,0.5909090909090908
f16,flap_extend,sig_static,cmq_x0.5,22,13,0.23076923076923078,0.23076923076923078,0.6359768397039176,1,True,0,False,1.0
f16,flap_extend,sig_static,inertia_x1.6,22,22,0.13636363636363635,0.22727272727272727,1.0,1,True,5,True,0.7727272727272727
f16,rudder_doublet,envelope,clo_+0.1,22,13,0.23076923076923078,0.38461538461538464,0.7576637672612905,1,True,10,True,0.5454545454545454
f16,rudder_doublet,envelope,cmalpha_x0.7,22,13,0.23076923076923078,0.23076923076923078,0.6679976258030558,1,True,8,True,0.6363636363636364
f16,rudder_doublet,envelope,cmq_x0.5,22,13,0.23076923076923078,0.23076923076923078,0.6571751149805449,1,True,0,False,1.0
f16,rudder_doublet,envelope,inertia_x1.6,22,22,0.13636363636363635,0.22727272727272727,1.0,1,True,5,True,0.7727272727272727
f16,rudder_doublet,iforest,clo_+0.1,22,13,0.23076923076923078,0.23076923076923078,0.7466410950722691,1,True,22,True,0.0
f16,rudder_doublet,iforest,cmalpha_x0.7,22,13,0.23076923076923078,0.3076923076923077,0.7580024164002492,1,True,0,False,1.0
f16,rudder_doublet,iforest,cmq_x0.5,22,13,0.23076923076923078,0.3076923076923077,0.8059904650402387,1,True,0,False,1.0
f16,rudder_doublet,iforest,inertia_x1.6,22,22,0.13636363636363635,0.22727272727272727,1.0,1,True,0,False,1.0
f16,rudder_doublet,ks,clo_+0.1,22,13,0.23076923076923078,0.38461538461538464,0.8386571031307875,1,True,4,True,0.8181818181818181
f16,rudder_doublet,ks,cmalpha_x0.7,22,13,0.23076923076923078,0.3076923076923077,0.7259516461945612,1,True,1,True,0.9545454545454546
f16,rudder_doublet,ks,cmq_x0.5,22,13,0.23076923076923078,0.3076923076923077,0.7218378113114956,1,True,0,False,1.0
f16,rudder_doublet,ks,inertia_x1.6,22,22,0.13636363636363635,0.22727272727272727,1.0,1,True,0,False,1.0
f16,rudder_doublet,regression,clo_+0.1,22,13,0.23076923076923078,0.38461538461538464,0.9730769230769231,1,True,10,True,0.5454545454545454
f16,rudder_doublet,regression,cmalpha_x0.7,22,13,0.23076923076923078,0.38461538461538464,0.9048600971677895,1,True,0,False,1.0
f16,rudder_doublet,regression,cmq_x0.5,22,13,0.15384615384615385,0.3076923076923077,0.7085329144539672,1,True,0,False,1.0
f16,rudder_doublet,regression,inertia_x1.6,22,22,0.13636363636363635,0.22727272727272727,1.0,1,True,0,False,1.0
f16,rudder_doublet,sig_dynamic,clo_+0.1,22,13,0.23076923076923078,0.38461538461538464,0.8707329220487114,1,True,10,True,0.5454545454545454
f16,rudder_doublet,sig_dynamic,cmalpha_x0.7,22,13,0.23076923076923078,0.38461538461538464,0.8235986235986237,1,True,3,True,0.8636363636363636
f16,rudder_doublet,sig_dynamic,cmq_x0.5,22,13,0.23076923076923078,0.3076923076923077,0.7426030110240637,1,True,1,False,0.9545454545454546
f16,rudder_doublet,sig_dynamic,inertia_x1.6,22,22,0.13636363636363635,0.22727272727272727,1.0,1,True,2,True,0.9090909090909091
f16,rudder_doublet,sig_static,clo_+0.1,22,13,0.23076923076923078,0.38461538461538464,0.7946509630720158,1,True,11,True,0.5
f16,rudder_doublet,sig_static,cmalpha_x0.7,22,13,0.15384615384615385,0.23076923076923078,0.6554282593250205,1,True,4,True,0.8181818181818181
f16,rudder_doublet,sig_static,cmq_x0.5,22,13,0.23076923076923078,0.3076923076923077,0.7301442107943656,1,True,0,False,1.0
f16,rudder_doublet,sig_static,inertia_x1.6,22,22,0.13636363636363635,0.22727272727272727,1.0,1,True,4,True,0.8181818181818181
f16,throttle_step,envelope,clo_+0.1,22,13,0.23076923076923078,0.38461538461538464,1.0,1,True,18,True,0.18181818181818177
f16,throttle_step,envelope,cmalpha_x0.7,22,13,0.23076923076923078,0.3076923076923077,0.8142332026947413,1,True,6,True,0.7272727272727273
f16,throttle_step,envelope,cmq_x0.5,22,13,0.23076923076923078,0.38461538461538464,0.8178293928293929,1,True,0,False,1.0
f16,throttle_step,envelope,inertia_x1.6,22,22,0.13636363636363635,0.22727272727272727,1.0,1,True,0,False,1.0
f16,throttle_step,iforest,clo_+0.1,22,13,0.23076923076923078,0.38461538461538464,0.7282076841287368,1,True,22,True,0.0
f16,throttle_step,iforest,cmalpha_x0.7,22,13,0.23076923076923078,0.38461538461538464,0.9653513153513154,1,True,0,False,1.0
f16,throttle_step,iforest,cmq_x0.5,22,13,0.23076923076923078,0.38461538461538464,0.8763137447347974,1,True,0,False,1.0
f16,throttle_step,iforest,inertia_x1.6,22,22,0.13636363636363635,0.22727272727272727,1.0,1,True,0,False,1.0
f16,throttle_step,ks,clo_+0.1,22,13,0.23076923076923078,0.38461538461538464,0.9247291170368093,1,True,20,True,0.09090909090909094
f16,throttle_step,ks,cmalpha_x0.7,22,13,0.23076923076923078,0.38461538461538464,0.7724788369525213,1,True,8,True,0.6363636363636364
f16,throttle_step,ks,cmq_x0.5,22,13,0.23076923076923078,0.38461538461538464,0.7113617865820772,1,True,0,False,1.0
f16,throttle_step,ks,inertia_x1.6,22,22,0.13636363636363635,0.22727272727272727,1.0,1,True,4,True,0.8181818181818181
f16,throttle_step,regression,clo_+0.1,22,13,0.23076923076923078,0.38461538461538464,0.9757085020242915,1,True,20,True,0.09090909090909094
f16,throttle_step,regression,cmalpha_x0.7,22,13,0.23076923076923078,0.38461538461538464,0.8741159425369952,1,True,8,True,0.6363636363636364
f16,throttle_step,regression,cmq_x0.5,22,13,0.23076923076923078,0.38461538461538464,0.7488255294756845,1,True,1,True,0.9545454545454546
f16,throttle_step,regression,inertia_x1.6,22,22,0.13636363636363635,0.22727272727272727,1.0,1,True,1,True,0.9545454545454546
f16,throttle_step,sig_dynamic,clo_+0.1,22,13,0.23076923076923078,0.38461538461538464,0.9467365967365967,1,True,21,True,0.045454545454545414
f16,throttle_step,sig_dynamic,cmalpha_x0.7,22,13,0.23076923076923078,0.38461538461538464,0.9355644355644356,1,True,8,True,0.6363636363636364
f16,throttle_step,sig_dynamic,cmq_x0.5,22,13,0.23076923076923078,0.38461538461538464,0.8175032569769414,1,True,0,False,1.0
f16,throttle_step,sig_dynamic,inertia_x1.6,22,22,0.13636363636363635,0.22727272727272727,1.0,1,True,0,False,1.0
f16,throttle_step,sig_static,clo_+0.1,22,13,0.23076923076923078,0.38461538461538464,0.919080919080919,1,True,20,True,0.09090909090909094
f16,throttle_step,sig_static,cmalpha_x0.7,22,13,0.23076923076923078,0.38461538461538464,0.9355644355644356,1,True,10,True,0.5454545454545454
f16,throttle_step,sig_static,cmq_x0.5,22,13,0.23076923076923078,0.38461538461538464,0.8260502655239499,1,True,1,True,0.9545454545454546
f16,throttle_step,sig_static,inertia_x1.6,22,22,0.13636363636363635,0.22727272727272727,1.0,1,True,1,True,0.9545454545454546
global5000,aileron_step,envelope,clo_+0.1,22,13,0.23076923076923078,0.3076923076923077,0.7040318599529125,1,True,10,True,0.5454545454545454
global5000,aileron_step,envelope,cmalpha_x0.7,22,13,0.07692307692307693,0.15384615384615385,0.5747415612621614,1,True,1,True,0.9545454545454546
global5000,aileron_step,envelope,cmq_x0.5,22,13,0.23076923076923078,0.38461538461538464,0.8240403770768142,1,True,3,True,0.8636363636363636
global5000,aileron_step,envelope,inertia_x1.6,22,22,0.13636363636363635,0.22727272727272727,1.0,1,True,2,True,0.9090909090909091
global5000,aileron_step,iforest,clo_+0.1,22,13,0.23076923076923078,0.3076923076923077,0.7210670306645539,1,True,22,True,0.0
global5000,aileron_step,iforest,cmalpha_x0.7,22,13,0.15384615384615385,0.3076923076923077,0.7271363053870794,1,True,22,True,0.0
global5000,aileron_step,iforest,cmq_x0.5,22,13,0.23076923076923078,0.3076923076923077,0.7299102606794915,1,True,0,False,1.0
global5000,aileron_step,iforest,inertia_x1.6,22,22,0.13636363636363635,0.22727272727272727,1.0,1,True,0,False,1.0
global5000,aileron_step,ks,clo_+0.1,22,13,0.23076923076923078,0.3076923076923077,0.7140052592481742,1,True,8,True,0.6363636363636364
global5000,aileron_step,ks,cmalpha_x0.7,22,13,0.23076923076923078,0.38461538461538464,0.7443006425978562,1,True,2,True,0.9090909090909091
global5000,aileron_step,ks,cmq_x0.5,22,13,0.23076923076923078,0.3076923076923077,0.8442918192918193,1,True,2,True,0.9090909090909091
global5000,aileron_step,ks,inertia_x1.6,22,22,0.13636363636363635,0.22727272727272727,1.0,1,True,1,True,0.9545454545454546
global5000,aileron_step,regression,clo_+0.1,22,13,0.23076923076923078,0.3076923076923077,0.7305304007733159,1,True,12,True,0.4545454545454546
global5000,aileron_step,regression,cmalpha_x0.7,22,13,0.23076923076923078,0.3076923076923077,0.7052357858859407,1,True,4,True,0.8181818181818181
global5000,aileron_step,regression,cmq_x0.5,22,13,0.23076923076923078,0.3076923076923077,0.6673873769849004,1,True,4,True,0.8181818181818181
global5000,aileron_step,regression,inertia_x1.6,22,22,0.13636363636363635,0.22727272727272727,1.0,1,True,3,True,0.8636363636363636
global5000,aileron_step,sig_dynamic,clo_+0.1,22,13,0.23076923076923078,0.38461538461538464,0.8034609564973938,1,True,13,True,0.40909090909090906
global5000,aileron_step,sig_dynamic,cmalpha_x0.7,22,13,0.23076923076923078,0.38461538461538464,0.8337148905974817,1,True,7,True,0.6818181818181819
global5000,aileron_step,sig_dynamic,cmq_x0.5,22,13,0.23076923076923078,0.38461538461538464,0.766244075841599,1,True,2,False,0.9090909090909091
global5000,aileron_step,sig_dynamic,inertia_x1.6,22,22,0.13636363636363635,0.22727272727272727,1.0,1,True,2,True,0.9090909090909091
global5000,aileron_step,sig_static,clo_+0.1,22,13,0.23076923076923078,0.3076923076923077,0.7309186090562609,1,True,10,True,0.5454545454545454
global5000,aileron_step,sig_static,cmalpha_x0.7,22,13,0.23076923076923078,0.3076923076923077,0.7548461091447515,1,True,10,True,0.5454545454545454
global5000,aileron_step,sig_static,cmq_x0.5,22,13,0.23076923076923078,0.3076923076923077,0.7473789368526211,1,True,7,True,0.6818181818181819
global5000,aileron_step,sig_static,inertia_x1.6,22,22,0.13636363636363635,0.22727272727272727,1.0,1,True,5,True,0.7727272727272727
global5000,bank_hold,envelope,clo_+0.1,22,13,0.23076923076923078,0.38461538461538464,0.790152829626514,1,True,19,True,0.13636363636363635
global5000,bank_hold,envelope,cmalpha_x0.7,22,13,0.07692307692307693,0.15384615384615385,0.5349695136965915,1,True,13,True,0.40909090909090906
global5000,bank_hold,envelope,cmq_x0.5,22,13,0.23076923076923078,0.3076923076923077,0.8033091177828021,1,True,7,True,0.6818181818181819
global5000,bank_hold,envelope,inertia_x1.6,22,22,0.13636363636363635,0.22727272727272727,1.0,1,True,9,True,0.5909090909090908
global5000,bank_hold,iforest,clo_+0.1,22,13,0.23076923076923078,0.3076923076923077,0.7919230567003847,1,True,22,True,0.0
global5000,bank_hold,iforest,cmalpha_x0.7,22,13,0.15384615384615385,0.23076923076923078,0.7502071457953812,1,True,22,True,0.0
global5000,bank_hold,iforest,cmq_x0.5,22,13,0.0,0.07692307692307693,0.4346465146744975,5,False,0,False,1.0
global5000,bank_hold,iforest,inertia_x1.6,22,22,0.13636363636363635,0.22727272727272727,1.0,1,True,0,False,1.0
global5000,bank_hold,ks,clo_+0.1,22,13,0.23076923076923078,0.38461538461538464,0.7734479830455064,1,True,13,True,0.40909090909090906
global5000,bank_hold,ks,cmalpha_x0.7,22,13,0.23076923076923078,0.23076923076923078,0.6084993689066086,1,True,7,True,0.6818181818181819
global5000,bank_hold,ks,cmq_x0.5,22,13,0.23076923076923078,0.38461538461538464,0.8692748428042546,1,True,4,True,0.8181818181818181
global5000,bank_hold,ks,inertia_x1.6,22,22,0.13636363636363635,0.22727272727272727,1.0,1,True,3,True,0.8636363636363636
global5000,bank_hold,regression,clo_+0.1,22,13,0.23076923076923078,0.3076923076923077,0.7786852036852037,1,True,14,True,0.36363636363636365
global5000,bank_hold,regression,cmalpha_x0.7,22,13,0.23076923076923078,0.38461538461538464,0.8667610167610168,1,True,7,True,0.6818181818181819
global5000,bank_hold,regression,cmq_x0.5,22,13,0.23076923076923078,0.38461538461538464,0.78465219487189,1,True,5,True,0.7727272727272727
global5000,bank_hold,regression,inertia_x1.6,22,22,0.13636363636363635,0.22727272727272727,1.0,1,True,3,True,0.8636363636363636
global5000,bank_hold,sig_dynamic,clo_+0.1,22,13,0.23076923076923078,0.38461538461538464,0.7470743566718799,1,True,9,True,0.5909090909090908
global5000,bank_hold,sig_dynamic,cmalpha_x0.7,22,13,0.23076923076923078,0.38461538461538464,0.7137077233052465,1,True,5,True,0.7727272727272727
global5000,bank_hold,sig_dynamic,cmq_x0.5,22,13,0.23076923076923078,0.38461538461538464,0.8507783826609738,1,True,1,False,0.9545454545454546
global5000,bank_hold,sig_dynamic,inertia_x1.6,22,22,0.13636363636363635,0.22727272727272727,1.0,1,True,2,True,0.9090909090909091
global5000,bank_hold,sig_static,clo_+0.1,22,13,0.23076923076923078,0.23076923076923078,0.6276819671556513,1,True,6,True,0.7272727272727273
global5000,bank_hold,sig_static,cmalpha_x0.7,22,13,0.23076923076923078,0.3076923076923077,0.6941316853081558,1,True,8,True,0.6363636363636364
global5000,bank_hold,sig_static,cmq_x0.5,22,13,0.23076923076923078,0.3076923076923077,0.6862633727839729,1,True,2,True,0.9090909090909091
global5000,bank_hold,sig_static,inertia_x1.6,22,22,0.13636363636363635,0.22727272727272727,1.0,1,True,2,True,0.9090909090909091
global5000,climbing_turn,envelope,clo_+0.1,22,13,0.23076923076923078,0.3076923076923077,0.7007207103182334,1,True,15,True,0.31818181818181823
global5000,climbing_turn,envelope,cmalpha_x0.7,22,13,0.23076923076923078,0.38461538461538464,0.8461871461871463,1,True,12,True,0.4545454545454546
global5000,climbing_turn,envelope,cmq_x0.5,22,13,0.23076923076923078,0.38461538461538464,0.9132009016624401,1,True,3,True,0.8636363636363636
global5000,climbing_turn,envelope,inertia_x1.6,22,22,0.13636363636363635,0.22727272727272727,1.0,1,True,3,True,0.8636363636363636
global5000,climbing_turn,iforest,clo_+0.1,22,13,0.15384615384615385,0.23076923076923078,0.6273781043517885,1,True,22,True,0.0
global5000,climbing_turn,iforest,cmalpha_x0.7,22,13,0.15384615384615385,0.3076923076923077,0.6610812201875551,1,True,22,True,0.0
global5000,climbing_turn,iforest,cmq_x0.5,22,13,0.07692307692307693,0.15384615384615385,0.5399736958947485,2,False,0,False,1.0
global5000,climbing_turn,iforest,inertia_x1.6,22,22,0.13636363636363635,0.22727272727272727,1.0,1,True,0,False,1.0
global5000,climbing_turn,ks,clo_+0.1,22,13,0.23076923076923078,0.38461538461538464,0.866958255419794,1,True,8,True,0.6363636363636364
global5000,climbing_turn,ks,cmalpha_x0.7,22,13,0.23076923076923078,0.38461538461538464,0.885869685869686,1,True,4,True,0.8181818181818181
global5000,climbing_turn,ks,cmq_x0.5,22,13,0.15384615384615385,0.23076923076923078,0.49832642450825343,2,False,0,False,1.0
global5000,climbing_turn,ks,inertia_x1.6,22,22,0.13636363636363635,0.22727272727272727,1.0,1,True,0,False,1.0
global5000,climbing_turn,regression,clo_+0.1,22,13,0.23076923076923078,0.38461538461538464,0.8807315491526018,1,True,18,True,0.18181818181818177
global5000,climbing_turn,regression,cmalpha_x0.7,22,13,0.23076923076923078,0.38461538461538464,0.8392884892884893,1,True,14,True,0.36363636363636365
global5000,climbing_turn,regression,cmq_x0.5,22,13,0.23076923076923078,0.38461538461538464,0.7234861629598471,1,True,7,True,0.6818181818181819
global5000,climbing_turn,regression,inertia_x1.6,22,22,0.13636363636363635,0.22727272727272727,1.0,1,True,11,True,0.5
global5000,climbing_turn,sig_dynamic,clo_+0.1,22,13,0.23076923076923078,0.38461538461538464,0.8974397397474321,1,True,11,True,0.5
global5000,climbing_turn,sig_dynamic,cmalpha_x0.7,22,13,0.23076923076923078,0.38461538461538464,0.9009490509490511,1,True,8,True,0.6363636363636364
global5000,climbing_turn,sig_dynamic,cmq_x0.5,22,13,0.23076923076923078,0.23076923076923078,0.5972838773118601,1,True,1,True,0.9545454545454546
global5000,climbing_turn,sig_dynamic,inertia_x1.6,22,22,0.13636363636363635,0.22727272727272727,1.0,1,True,2,True,0.9090909090909091
global5000,climbing_turn,sig_static,clo_+0.1,22,13,0.15384615384615385,0.3076923076923077,0.6847090431068759,1,True,13,True,0.40909090909090906
global5000,climbing_turn,sig_static,cmalpha_x0.7,22,13,0.23076923076923078,0.38461538461538464,0.9294235176588117,1,True,12,True,0.4545454545454546
global5000,climbing_turn,sig_static,cmq_x0.5,22,13,0.23076923076923078,0.3076923076923077,0.674105658703182,1,True,1,True,0.9545454545454546
global5000,climbing_turn,sig_static,inertia_x1.6,22,22,0.13636363636363635,0.22727272727272727,1.0,1,True,0,False,1.0
global5000,cruise,envelope,clo_+0.1,22,13,0.07692307692307693,0.15384615384615385,0.5516755561260205,3,False,15,True,0.31818181818181823
global5000,cruise,envelope,cmalpha_x0.7,22,13,0.0,0.15384615384615385,0.48749345174684533,4,False,11,True,0.5
global5000,cruise,envelope,cmq_x0.5,22,13,0.23076923076923078,0.23076923076923078,0.6659991340986817,1,True,9,True,0.5909090909090908
global5000,cruise,envelope,inertia_x1.6,22,22,0.13636363636363635,0.22727272727272727,1.0,1,True,6,True,0.7272727272727273
global5000,cruise,iforest,clo_+0.1,22,13,0.07692307692307693,0.23076923076923078,0.6151986171723013,1,True,22,True,0.0
global5000,cruise,iforest,cmalpha_x0.7,22,13,0.07692307692307693,0.15384615384615385,0.5013426013932086,3,False,22,True,0.0
global5000,cruise,iforest,cmq_x0.5,22,13,0.15384615384615385,0.15384615384615385,0.539885148589602,1,True,0,False,1.0
global5000,cruise,iforest,inertia_x1.6,22,22,0.13636363636363635,0.22727272727272727,1.0,1,True,0,False,1.0
global5000,cruise,ks,clo_+0.1,22,13,0.15384615384615385,0.23076923076923078,0.6573896133106659,1,True,15,True,0.31818181818181823
global5000,cruise,ks,cmalpha_x0.7,22,13,0.0,0.07692307692307693,0.44251670506731233,4,False,8,True,0.6363636363636364
global5000,cruise,ks,cmq_x0.5,22,13,0.23076923076923078,0.3076923076923077,0.7214698706601541,1,True,6,True,0.7272727272727273
global5000,cruise,ks,inertia_x1.6,22,22,0.13636363636363635,0.22727272727272727,1.0,1,True,1,True,0.9545454545454546
global5000,cruise,regression,clo_+0.1,22,13,0.23076923076923078,0.38461538461538464,0.90985680985681,1,True,20,True,0.09090909090909094
global5000,cruise,regression,cmalpha_x0.7,22,13,0.23076923076923078,0.38461538461538464,0.9022390792901629,1,True,20,True,0.09090909090909094
global5000,cruise,regression,cmq_x0.5,22,13,0.23076923076923078,0.3076923076923077,0.7301980784952922,1,True,4,True,0.8181818181818181
global5000,cruise,regression,inertia_x1.6,22,22,0.13636363636363635,0.22727272727272727,1.0,1,True,2,True,0.9090909090909091
global5000,cruise,sig_dynamic,clo_+0.1,22,13,0.15384615384615385,0.3076923076923077,0.7312070408224254,1,True,10,True,0.5454545454545454
global5000,cruise,sig_dynamic,cmalpha_x0.7,22,13,0.23076923076923078,0.38461538461538464,0.8311148818501758,1,True,14,True,0.36363636363636365
global5000,cruise,sig_dynamic,cmq_x0.5,22,13,0.15384615384615385,0.23076923076923078,0.6499974328415624,1,True,2,True,0.9090909090909091
global5000,cruise,sig_dynamic,inertia_x1.6,22,22,0.13636363636363635,0.22727272727272727,1.0,1,True,0,False,1.0
global5000,cruise,sig_static,clo_+0.1,22,13,0.15384615384615385,0.3076923076923077,0.733972249469987,1,True,11,True,0.5
global5000,cruise,sig_static,cmalpha_x0.7,22,13,0.23076923076923078,0.38461538461538464,0.8311148818501758,1,True,14,True,0.36363636363636365
global5000,cruise,sig_static,cmq_x0.5,22,13,0.15384615384615385,0.15384615384615385,0.5179147719127476,2,False,2,True,0.9090909090909091
global5000,cruise,sig_static,inertia_x1.6,22,22,0.13636363636363635,0.22727272727272727,1.0,1,True,0,False,1.0
global5000,elev_doublet,envelope,clo_+0.1,22,13,0.07692307692307693,0.23076923076923078,0.5905440594176008,2,False,5,True,0.7727272727272727
global5000,elev_doublet,envelope,cmalpha_x0.7,22,13,0.07692307692307693,0.23076923076923078,0.6120705704684034,3,False,4,True,0.8181818181818181
global5000,elev_doublet,envelope,cmq_x0.5,22,13,0.23076923076923078,0.3076923076923077,0.7736936616610348,1,True,1,True,0.9545454545454546
global5000,elev_doublet,envelope,inertia_x1.6,22,22,0.13636363636363635,0.22727272727272727,1.0,1,True,1,True,0.9545454545454546
global5000,elev_doublet,iforest,clo_+0.1,22,13,0.15384615384615385,0.23076923076923078,0.6745038636709272,1,True,22,True,0.0
global5000,elev_doublet,iforest,cmalpha_x0.7,22,13,0.07692307692307693,0.15384615384615385,0.5761731345709673,1,True,22,True,0.0
global5000,elev_doublet,iforest,cmq_x0.5,22,13,0.15384615384615385,0.23076923076923078,0.6226965286175813,2,False,0,False,1.0
global5000,elev_doublet,iforest,inertia_x1.6,22,22,0.13636363636363635,0.22727272727272727,1.0,1,True,0,False,1.0
global5000,elev_doublet,ks,clo_+0.1,22,13,0.07692307692307693,0.23076923076923078,0.6291579084565508,1,True,6,True,0.7272727272727273
global5000,elev_doublet,ks,cmalpha_x0.7,22,13,0.07692307692307693,0.15384615384615385,0.568252254281666,3,False,2,False,0.9090909090909091
global5000,elev_doublet,ks,cmq_x0.5,22,13,0.15384615384615385,0.23076923076923078,0.5787636075918999,1,True,1,True,0.9545454545454546
global5000,elev_doublet,ks,inertia_x1.6,22,22,0.13636363636363635,0.22727272727272727,1.0,1,True,1,True,0.9545454545454546
global5000,elev_doublet,regression,clo_+0.1,22,13,0.0,0.15384615384615385,0.5553875611567919,4,False,17,True,0.2272727272727273
global5000,elev_doublet,regression,cmalpha_x0.7,22,13,0.07692307692307693,0.15384615384615385,0.5145519347948497,3,False,18,True,0.18181818181818177
global5000,elev_doublet,regression,cmq_x0.5,22,13,0.15384615384615385,0.3076923076923077,0.7108846219140337,1,True,7,True,0.6818181818181819
global5000,elev_doublet,regression,inertia_x1.6,22,22,0.13636363636363635,0.22727272727272727,1.0,1,True,8,True,0.6363636363636364
global5000,elev_doublet,sig_dynamic,clo_+0.1,22,13,0.23076923076923078,0.23076923076923078,0.6650277628486726,1,True,8,True,0.6363636363636364
global5000,elev_doublet,sig_dynamic,cmalpha_x0.7,22,13,0.23076923076923078,0.3076923076923077,0.7767616155774051,1,True,9,True,0.5909090909090908
global5000,elev_doublet,sig_dynamic,cmq_x0.5,22,13,0.23076923076923078,0.23076923076923078,0.6862080171290698,1,True,0,False,1.0
global5000,elev_doublet,sig_dynamic,inertia_x1.6,22,22,0.13636363636363635,0.22727272727272727,1.0,1,True,1,True,0.9545454545454546
global5000,elev_doublet,sig_static,clo_+0.1,22,13,0.23076923076923078,0.3076923076923077,0.7799266522950734,1,True,9,True,0.5909090909090908
global5000,elev_doublet,sig_static,cmalpha_x0.7,22,13,0.23076923076923078,0.38461538461538464,0.9087398712398713,1,True,4,True,0.8181818181818181
global5000,elev_doublet,sig_static,cmq_x0.5,22,13,0.23076923076923078,0.3076923076923077,0.7716463361200205,1,True,1,True,0.9545454545454546
global5000,elev_doublet,sig_static,inertia_x1.6,22,22,0.13636363636363635,0.22727272727272727,1.0,1,True,0,False,1.0
global5000,elev_doublet_distractor,envelope,clo_+0.1,22,13,0.23076923076923078,0.23076923076923078,0.775459498890673,1,True,7,True,0.6818181818181819
global5000,elev_doublet_distractor,envelope,cmalpha_x0.7,22,13,0.15384615384615385,0.23076923076923078,0.7558382264979073,1,True,5,True,0.7727272727272727
global5000,elev_doublet_distractor,envelope,cmq_x0.5,22,13,0.23076923076923078,0.38461538461538464,1.0,1,True,3,True,0.8636363636363636
global5000,elev_doublet_distractor,envelope,inertia_x1.6,22,22,0.13636363636363635,0.22727272727272727,1.0,1,True,4,True,0.8181818181818181
global5000,elev_doublet_distractor,iforest,clo_+0.1,22,13,0.23076923076923078,0.23076923076923078,0.773002233933408,1,True,22,True,0.0
global5000,elev_doublet_distractor,iforest,cmalpha_x0.7,22,13,0.07692307692307693,0.15384615384615385,0.639920824789246,1,True,22,True,0.0
global5000,elev_doublet_distractor,iforest,cmq_x0.5,22,13,0.23076923076923078,0.3076923076923077,0.845987559449098,1,True,0,False,1.0
global5000,elev_doublet_distractor,iforest,inertia_x1.6,22,22,0.13636363636363635,0.22727272727272727,1.0,1,True,0,False,1.0
global5000,elev_doublet_distractor,ks,clo_+0.1,22,13,0.23076923076923078,0.38461538461538464,1.0,1,True,6,True,0.7272727272727273
global5000,elev_doublet_distractor,ks,cmalpha_x0.7,22,13,0.23076923076923078,0.38461538461538464,0.9821780783319245,1,True,2,True,0.9090909090909091
global5000,elev_doublet_distractor,ks,cmq_x0.5,22,13,0.23076923076923078,0.38461538461538464,0.9531468531468532,1,True,4,True,0.8181818181818181
global5000,elev_doublet_distractor,ks,inertia_x1.6,22,22,0.13636363636363635,0.22727272727272727,1.0,1,True,2,True,0.9090909090909091
global5000,elev_doublet_distractor,regression,clo_+0.1,22,13,0.23076923076923078,0.38461538461538464,0.9897435897435898,1,True,12,True,0.4545454545454546
global5000,elev_doublet_distractor,regression,cmalpha_x0.7,22,13,0.23076923076923078,0.38461538461538464,0.9504524886877828,1,True,11,True,0.5
global5000,elev_doublet_distractor,regression,cmq_x0.5,22,13,0.23076923076923078,0.38461538461538464,1.0,1,True,10,True,0.5454545454545454
global5000,elev_doublet_distractor,regression,inertia_x1.6,22,22,0.13636363636363635,0.22727272727272727,1.0,1,True,10,True,0.5454545454545454
global5000,elev_doublet_distractor,sig_dynamic,clo_+0.1,22,13,0.23076923076923078,0.3076923076923077,0.8305621728698652,1,True,5,True,0.7727272727272727
global5000,elev_doublet_distractor,sig_dynamic,cmalpha_x0.7,22,13,0.23076923076923078,0.3076923076923077,0.7962481962481962,1,True,3,True,0.8636363636363636
global5000,elev_doublet_distractor,sig_dynamic,cmq_x0.5,22,13,0.23076923076923078,0.38461538461538464,0.9730769230769231,1,True,3,True,0.8636363636363636
global5000,elev_doublet_distractor,sig_dynamic,inertia_x1.6,22,22,0.13636363636363635,0.22727272727272727,1.0,1,True,3,True,0.8636363636363636
global5000,elev_doublet_distractor,sig_static,clo_+0.1,22,13,0.15384615384615385,0.23076923076923078,0.6738047209201056,1,True,6,True,0.7272727272727273
global5000,elev_doublet_distractor,sig_static,cmalpha_x0.7,22,13,0.15384615384615385,0.3076923076923077,0.7123650858944977,1,True,6,True,0.7272727272727273
global5000,elev_doublet_distractor,sig_static,cmq_x0.5,22,13,0.23076923076923078,0.38461538461538464,0.9796597633136095,1,True,2,True,0.9090909090909091
global5000,elev_doublet_distractor,sig_static,inertia_x1.6,22,22,0.13636363636363635,0.22727272727272727,1.0,1,True,2,True,0.9090909090909091
global5000,elev_step,envelope,clo_+0.1,22,13,0.15384615384615385,0.23076923076923078,0.6177370273345505,1,True,10,True,0.5454545454545454
global5000,elev_step,envelope,cmalpha_x0.7,22,13,0.07692307692307693,0.07692307692307693,0.45310123577568207,3,False,19,True,0.13636363636363635
global5000,elev_step,envelope,cmq_x0.5,22,13,0.23076923076923078,0.3076923076923077,0.7033900111954411,1,True,11,True,0.5
global5000,elev_step,envelope,inertia_x1.6,22,22,0.13636363636363635,0.22727272727272727,1.0,1,True,2,True,0.9090909090909091
global5000,elev_step,iforest,clo_+0.1,22,13,0.23076923076923078,0.3076923076923077,0.8375152625152625,1,True,22,True,0.0
global5000,elev_step,iforest,cmalpha_x0.7,22,13,0.15384615384615385,0.23076923076923078,0.7042554667554668,2,False,22,True,0.0
global5000,elev_step,iforest,cmq_x0.5,22,13,0.07692307692307693,0.23076923076923078,0.6391023757539596,1,True,0,False,1.0
global5000,elev_step,iforest,inertia_x1.6,22,22,0.13636363636363635,0.22727272727272727,1.0,1,True,0,False,1.0
global5000,elev_step,ks,clo_+0.1,22,13,0.07692307692307693,0.23076923076923078,0.5927751986575516,3,False,6,True,0.7272727272727273
global5000,elev_step,ks,cmalpha_x0.7,22,13,0.0,0.07692307692307693,0.4862948954012302,4,False,17,True,0.2272727272727273
global5000,elev_step,ks,cmq_x0.5,22,13,0.23076923076923078,0.3076923076923077,0.7113580863580864,1,True,1,True,0.9545454545454546
global5000,elev_step,ks,inertia_x1.6,22,22,0.13636363636363635,0.22727272727272727,1.0,1,True,0,False,1.0
global5000,elev_step,regression,clo_+0.1,22,13,0.23076923076923078,0.38461538461538464,0.920178840767076,1,True,17,True,0.2272727272727273
global5000,elev_step,regression,cmalpha_x0.7,22,13,0.23076923076923078,0.38461538461538464,0.9945054945054945,1,True,20,True,0.09090909090909094
global5000,elev_step,regression,cmq_x0.5,22,13,0.23076923076923078,0.38461538461538464,0.6959032067004204,1,True,9,True,0.5909090909090908
global5000,elev_step,regression,inertia_x1.6,22,22,0.13636363636363635,0.22727272727272727,1.0,1,True,6,True,0.7272727272727273
global5000,elev_step,sig_dynamic,clo_+0.1,22,13,0.23076923076923078,0.23076923076923078,0.7340057180257228,1,True,17,True,0.2272727272727273
global5000,elev_step,sig_dynamic,cmalpha_x0.7,22,13,0.23076923076923078,0.38461538461538464,0.8134739443562974,1,True,17,True,0.2272727272727273
global5000,elev_step,sig_dynamic,cmq_x0.5,22,13,0.23076923076923078,0.3076923076923077,0.6782725444490152,1,True,3,True,0.8636363636363636
global5000,elev_step,sig_dynamic,inertia_x1.6,22,22,0.13636363636363635,0.22727272727272727,1.0,1,True,2,True,0.9090909090909091
global5000,elev_step,sig_static,clo_+0.1,22,13,0.0,0.15384615384615385,0.49325562473038054,4,False,18,True,0.18181818181818177
global5000,elev_step,sig_static,cmalpha_x0.7,22,13,0.15384615384615385,0.15384615384615385,0.6127251291218903,1,True,11,True,0.5
global5000,elev_step,sig_static,cmq_x0.5,22,13,0.23076923076923078,0.38461538461538464,0.8163336663336663,1,True,3,True,0.8636363636363636
global5000,elev_step,sig_static,inertia_x1.6,22,22,0.13636363636363635,0.22727272727272727,1.0,1,True,1,True,0.9545454545454546
global5000,engine_cut,envelope,clo_+0.1,22,13,0.23076923076923078,0.3076923076923077,0.638560549357763,1,True,17,True,0.2272727272727273
global5000,engine_cut,envelope,cmalpha_x0.7,22,13,0.15384615384615385,0.3076923076923077,0.645768328612458,2,False,19,True,0.13636363636363635
global5000,engine_cut,envelope,cmq_x0.5,22,13,0.23076923076923078,0.38461538461538464,0.8899777797551075,1,True,8,True,0.6363636363636364
global5000,engine_cut,envelope,inertia_x1.6,22,22,0.13636363636363635,0.22727272727272727,1.0,1,True,4,True,0.8181818181818181
global5000,engine_cut,iforest,clo_+0.1,22,13,0.23076923076923078,0.38461538461538464,0.9303696303696304,1,True,22,True,0.0
global5000,engine_cut,iforest,cmalpha_x0.7,22,13,0.23076923076923078,0.38461538461538464,0.8427533806195394,1,True,22,True,0.0
global5000,engine_cut,iforest,cmq_x0.5,22,13,0.15384615384615385,0.23076923076923078,0.6268006503300619,1,True,0,False,1.0
global5000,engine_cut,iforest,inertia_x1.6,22,22,0.13636363636363635,0.22727272727272727,1.0,1,True,0,False,1.0
global5000,engine_cut,ks,clo_+0.1,22,13,0.23076923076923078,0.3076923076923077,0.6971407135374748,1,True,15,True,0.31818181818181823
global5000,engine_cut,ks,cmalpha_x0.7,22,13,0.23076923076923078,0.38461538461538464,0.8036976181713025,1,True,14,True,0.36363636363636365
global5000,engine_cut,ks,cmq_x0.5,22,13,0.23076923076923078,0.38461538461538464,0.7647218880191018,1,True,5,True,0.7727272727272727
global5000,engine_cut,ks,inertia_x1.6,22,22,0.13636363636363635,0.22727272727272727,1.0,1,True,2,True,0.9090909090909091
global5000,engine_cut,regression,clo_+0.1,22,13,0.23076923076923078,0.38461538461538464,0.7798867798867801,1,True,19,True,0.13636363636363635
global5000,engine_cut,regression,cmalpha_x0.7,22,13,0.23076923076923078,0.38461538461538464,0.9645011850894203,1,True,18,True,0.18181818181818177
global5000,engine_cut,regression,cmq_x0.5,22,13,0.23076923076923078,0.38461538461538464,0.8004092398829242,1,True,10,True,0.5454545454545454
global5000,engine_cut,regression,inertia_x1.6,22,22,0.13636363636363635,0.22727272727272727,1.0,1,True,7,True,0.6818181818181819
global5000,engine_cut,sig_dynamic,clo_+0.1,22,13,0.23076923076923078,0.38461538461538464,0.8378318262933647,1,True,14,True,0.36363636363636365
global5000,engine_cut,sig_dynamic,cmalpha_x0.7,22,13,0.23076923076923078,0.38461538461538464,0.829299540328952,1,True,11,True,0.5
global5000,engine_cut,sig_dynamic,cmq_x0.5,22,13,0.23076923076923078,0.3076923076923077,0.6532292140264276,1,True,4,True,0.8181818181818181
global5000,engine_cut,sig_dynamic,inertia_x1.6,22,22,0.13636363636363635,0.22727272727272727,1.0,1,True,0,False,1.0
global5000,engine_cut,sig_static,clo_+0.1,22,13,0.23076923076923078,0.3076923076923077,0.8152757498911346,1,True,15,True,0.31818181818181823
global5000,engine_cut,sig_static,cmalpha_x0.7,22,13,0.23076923076923078,0.38461538461538464,0.8208110265802572,1,True,11,True,0.5
global5000,engine_cut,sig_static,cmq_x0.5,22,13,0.23076923076923078,0.23076923076923078,0.6362420345392482,1,True,3,True,0.8636363636363636
global5000,engine_cut,sig_static,inertia_x1.6,22,22,0.13636363636363635,0.22727272727272727,1.0,1,True,0,False,1.0
global5000,engine_restart,envelope,clo_+0.1,22,13,0.23076923076923078,0.23076923076923078,0.6134856242828379,1,True,14,True,0.36363636363636365
global5000,engine_restart,envelope,cmalpha_x0.7,22,13,0.23076923076923078,0.38461538461538464,0.8337425732162576,1,True,16,True,0.2727272727272727
global5000,engine_restart,envelope,cmq_x0.5,22,13,0.23076923076923078,0.38461538461538464,0.8535794056304892,1,True,6,True,0.7272727272727273
global5000,engine_restart,envelope,inertia_x1.6,22,22,0.13636363636363635,0.22727272727272727,1.0,1,True,2,True,0.9090909090909091
global5000,engine_restart,iforest,clo_+0.1,22,13,0.15384615384615385,0.15384615384615385,0.6340672485409328,1,True,22,True,0.0
global5000,engine_restart,iforest,cmalpha_x0.7,22,13,0.15384615384615385,0.15384615384615385,0.6136571031307873,1,True,22,True,0.0
global5000,engine_restart,iforest,cmq_x0.5,22,13,0.23076923076923078,0.3076923076923077,0.8481520616136,1,True,0,False,1.0
global5000,engine_restart,iforest,inertia_x1.6,22,22,0.13636363636363635,0.22727272727272727,1.0,1,True,0,False,1.0
global5000,engine_restart,ks,clo_+0.1,22,13,0.23076923076923078,0.3076923076923077,0.6909866112295262,1,True,17,True,0.2272727272727273
global5000,engine_restart,ks,cmalpha_x0.7,22,13,0.23076923076923078,0.38461538461538464,0.7766033072534622,1,True,15,True,0.31818181818181823
global5000,engine_restart,ks,cmq_x0.5,22,13,0.23076923076923078,0.38461538461538464,0.7853262836234974,1,True,7,True,0.6818181818181819
global5000,engine_restart,ks,inertia_x1.6,22,22,0.13636363636363635,0.22727272727272727,1.0,1,True,0,False,1.0
global5000,engine_restart,regression,clo_+0.1,22,13,0.23076923076923078,0.38461538461538464,0.8352897102897103,1,True,20,True,0.09090909090909094
global5000,engine_restart,regression,cmalpha_x0.7,22,13,0.23076923076923078,0.38461538461538464,0.9819004524886878,1,True,18,True,0.18181818181818177
global5000,engine_restart,regression,cmq_x0.5,22,13,0.23076923076923078,0.38461538461538464,0.8327886423861657,1,True,7,True,0.6818181818181819
global5000,engine_restart,regression,inertia_x1.6,22,22,0.13636363636363635,0.22727272727272727,1.0,1,True,4,True,0.8181818181818181
global5000,engine_restart,sig_dynamic,clo_+0.1,22,13,0.23076923076923078,0.38461538461538464,0.8712161320460916,1,True,19,True,0.13636363636363635
global5000,engine_restart,sig_dynamic,cmalpha_x0.7,22,13,0.23076923076923078,0.38461538461538464,0.9560080442433383,1,True,11,True,0.5
global5000,engine_restart,sig_dynamic,cmq_x0.5,22,13,0.23076923076923078,0.38461538461538464,0.8987054612054612,1,True,6,True,0.7272727272727273
global5000,engine_restart,sig_dynamic,inertia_x1.6,22,22,0.13636363636363635,0.22727272727272727,1.0,1,True,5,True,0.7727272727272727
global5000,engine_restart,sig_static,clo_+0.1,22,13,0.23076923076923078,0.38461538461538464,0.920178840767076,1,True,15,True,0.31818181818181823
global5000,engine_restart,sig_static,cmalpha_x0.7,22,13,0.23076923076923078,0.38461538461538464,0.9148223121907333,1,True,10,True,0.5454545454545454
global5000,engine_restart,sig_static,cmq_x0.5,22,13,0.23076923076923078,0.38461538461538464,0.8558635808635808,1,True,4,True,0.8181818181818181
global5000,engine_restart,sig_static,inertia_x1.6,22,22,0.13636363636363635,0.22727272727272727,1.0,1,True,2,True,0.9090909090909091
global5000,flap_extend,envelope,clo_+0.1,22,13,0.23076923076923078,0.23076923076923078,0.6800149283121419,1,True,14,True,0.36363636363636365
global5000,flap_extend,envelope,cmalpha_x0.7,22,13,0.07692307692307693,0.23076923076923078,0.5272843255815391,3,False,15,True,0.31818181818181823
global5000,flap_extend,envelope,cmq_x0.5,22,13,0.23076923076923078,0.38461538461538464,0.7710053104789949,1,True,5,True,0.7727272727272727
global5000,flap_extend,envelope,inertia_x1.6,22,22,0.13636363636363635,0.22727272727272727,1.0,1,True,9,True,0.5909090909090908
global5000,flap_extend,iforest,clo_+0.1,22,13,0.15384615384615385,0.3076923076923077,0.6670948590453233,2,False,22,True,0.0
global5000,flap_extend,iforest,cmalpha_x0.7,22,13,0.15384615384615385,0.23076923076923078,0.7532852830929754,2,False,22,True,0.0
global5000,flap_extend,iforest,cmq_x0.5,22,13,0.07692307692307693,0.15384615384615385,0.592442206915891,1,True,0,False,1.0
global5000,flap_extend,iforest,inertia_x1.6,22,22,0.13636363636363635,0.22727272727272727,1.0,1,True,0,False,1.0
global5000,flap_extend,ks,clo_+0.1,22,13,0.15384615384615385,0.15384615384615385,0.6281175712171188,1,True,5,True,0.7727272727272727
global5000,flap_extend,ks,cmalpha_x0.7,22,13,0.15384615384615385,0.15384615384615385,0.5438885546857682,1,True,12,True,0.4545454545454546
global5000,flap_extend,ks,cmq_x0.5,22,13,0.15384615384615385,0.3076923076923077,0.8277569652569654,1,True,3,True,0.8636363636363636
global5000,flap_extend,ks,inertia_x1.6,22,22,0.13636363636363635,0.22727272727272727,1.0,1,True,0,False,1.0
global5000,flap_extend,regression,clo_+0.1,22,13,0.23076923076923078,0.38461538461538464,0.941518737672584,1,True,13,True,0.40909090909090906
global5000,flap_extend,regression,cmalpha_x0.7,22,13,0.23076923076923078,0.38461538461538464,0.9401137324214248,1,True,13,True,0.40909090909090906
global5000,flap_extend,regression,cmq_x0.5,22,13,0.15384615384615385,0.23076923076923078,0.6560991302894137,1,True,2,True,0.9090909090909091
global5000,flap_extend,regression,inertia_x1.6,22,22,0.13636363636363635,0.22727272727272727,1.0,1,True,7,True,0.6818181818181819
global5000,flap_extend,sig_dynamic,clo_+0.1,22,13,0.23076923076923078,0.38461538461538464,0.7610319505056349,1,True,10,True,0.5454545454545454
global5000,flap_extend,sig_dynamic,cmalpha_x0.7,22,13,0.07692307692307693,0.23076923076923078,0.544426333900018,3,False,11,True,0.5
global5000,flap_extend,sig_dynamic,cmq_x0.5,22,13,0.23076923076923078,0.38461538461538464,0.778684770483413,1,True,13,True,0.40909090909090906
global5000,flap_extend,sig_dynamic,inertia_x1.6,22,22,0.13636363636363635,0.22727272727272727,1.0,1,True,3,True,0.8636363636363636
global5000,flap_extend,sig_static,clo_+0.1,22,13,0.23076923076923078,0.3076923076923077,0.8226248110863494,1,True,7,True,0.6818181818181819
global5000,flap_extend,sig_static,cmalpha_x0.7,22,13,0.07692307692307693,0.15384615384615385,0.4764047564327392,2,False,14,True,0.36363636363636365
global5000,flap_extend,sig_static,cmq_x0.5,22,13,0.23076923076923078,0.3076923076923077,0.7273440869416101,1,True,5,True,0.7727272727272727
global5000,flap_extend,sig_static,inertia_x1.6,22,22,0.13636363636363635,0.22727272727272727,1.0,1,True,4,True,0.8181818181818181
global5000,rudder_doublet,envelope,clo_+0.1,22,13,0.23076923076923078,0.3076923076923077,0.6890398000692118,1,True,13,True,0.40909090909090906
global5000,rudder_doublet,envelope,cmalpha_x0.7,22,13,0.23076923076923078,0.3076923076923077,0.6718096343602417,1,True,12,True,0.4545454545454546
global5000,rudder_doublet,envelope,cmq_x0.5,22,13,0.23076923076923078,0.38461538461538464,0.8004092398829242,1,True,2,True,0.9090909090909091
global5000,rudder_doublet,envelope,inertia_x1.6,22,22,0.13636363636363635,0.22727272727272727,1.0,1,True,3,True,0.8636363636363636
global5000,rudder_doublet,iforest,clo_+0.1,22,13,0.23076923076923078,0.3076923076923077,0.8233226740579682,1,True,22,True,0.0
global5000,rudder_doublet,iforest,cmalpha_x0.7,22,13,0.23076923076923078,0.3076923076923077,0.7369764401140919,1,True,22,True,0.0
global5000,rudder_doublet,iforest,cmq_x0.5,22,13,0.23076923076923078,0.3076923076923077,0.8271821745505956,1,True,0,False,1.0
global5000,rudder_doublet,iforest,inertia_x1.6,22,22,0.13636363636363635,0.22727272727272727,1.0,1,True,0,False,1.0
global5000,rudder_doublet,ks,clo_+0.1,22,13,0.23076923076923078,0.38461538461538464,1.0,1,True,4,True,0.8181818181818181
global5000,rudder_doublet,ks,cmalpha_x0.7,22,13,0.23076923076923078,0.38461538461538464,0.972715318869165,1,True,1,True,0.9545454545454546
global5000,rudder_doublet,ks,cmq_x0.5,22,13,0.23076923076923078,0.38461538461538464,1.0,1,True,2,True,0.9090909090909091
global5000,rudder_doublet,ks,inertia_x1.6,22,22,0.13636363636363635,0.22727272727272727,1.0,1,True,0,False,1.0
global5000,rudder_doublet,regression,clo_+0.1,22,13,0.23076923076923078,0.38461538461538464,0.925166713628252,1,True,6,True,0.7272727272727273
global5000,rudder_doublet,regression,cmalpha_x0.7,22,13,0.23076923076923078,0.38461538461538464,0.8789710289710292,1,True,6,True,0.7272727272727273
global5000,rudder_doublet,regression,cmq_x0.5,22,13,0.23076923076923078,0.38461538461538464,0.8283127089628639,1,True,1,True,0.9545454545454546
global5000,rudder_doublet,regression,inertia_x1.6,22,22,0.13636363636363635,0.22727272727272727,1.0,1,True,2,True,0.9090909090909091
global5000,rudder_doublet,sig_dynamic,clo_+0.1,22,13,0.23076923076923078,0.38461538461538464,0.7776986171723016,1,True,7,True,0.6818181818181819
global5000,rudder_doublet,sig_dynamic,cmalpha_x0.7,22,13,0.23076923076923078,0.38461538461538464,0.9211484593837536,1,True,7,True,0.6818181818181819
global5000,rudder_doublet,sig_dynamic,cmq_x0.5,22,13,0.23076923076923078,0.38461538461538464,0.7954558599295443,1,True,0,False,1.0
global5000,rudder_doublet,sig_dynamic,inertia_x1.6,22,22,0.13636363636363635,0.22727272727272727,1.0,1,True,0,False,1.0
global5000,rudder_doublet,sig_static,clo_+0.1,22,13,0.23076923076923078,0.38461538461538464,0.8842964727580113,1,True,4,True,0.8181818181818181
global5000,rudder_doublet,sig_static,cmalpha_x0.7,22,13,0.23076923076923078,0.38461538461538464,0.8996810881426267,1,True,6,True,0.7272727272727273
global5000,rudder_doublet,sig_static,cmq_x0.5,22,13,0.15384615384615385,0.3076923076923077,0.7601354785565312,1,True,2,True,0.9090909090909091
global5000,rudder_doublet,sig_static,inertia_x1.6,22,22,0.13636363636363635,0.22727272727272727,1.0,1,True,2,True,0.9090909090909091
global5000,throttle_step,envelope,clo_+0.1,22,13,0.23076923076923078,0.38461538461538464,0.7503920915685622,1,True,16,True,0.2727272727272727
global5000,throttle_step,envelope,cmalpha_x0.7,22,13,0.23076923076923078,0.38461538461538464,0.7864324658829303,1,True,17,True,0.2272727272727273
global5000,throttle_step,envelope,cmq_x0.5,22,13,0.23076923076923078,0.38461538461538464,0.8453190983555358,1,True,6,True,0.7272727272727273
global5000,throttle_step,envelope,inertia_x1.6,22,22,0.13636363636363635,0.22727272727272727,1.0,1,True,4,True,0.8181818181818181
global5000,throttle_step,iforest,clo_+0.1,22,13,0.23076923076923078,0.23076923076923078,0.7036448931185773,1,True,22,True,0.0
global5000,throttle_step,iforest,cmalpha_x0.7,22,13,0.07692307692307693,0.23076923076923078,0.5748181642918484,3,False,22,True,0.0
global5000,throttle_step,iforest,cmq_x0.5,22,13,0.23076923076923078,0.38461538461538464,0.8810106560106561,1,True,0,False,1.0
global5000,throttle_step,iforest,inertia_x1.6,22,22,0.13636363636363635,0.22727272727272727,1.0,1,True,0,False,1.0
global5000,throttle_step,ks,clo_+0.1,22,13,0.23076923076923078,0.38461538461538464,0.8050712445449288,1,True,17,True,0.2272727272727273
global5000,throttle_step,ks,cmalpha_x0.7,22,13,0.23076923076923078,0.38461538461538464,0.7443006425978562,1,True,13,True,0.40909090909090906
global5000,throttle_step,ks,cmq_x0.5,22,13,0.15384615384615385,0.23076923076923078,0.5902089010061146,1,True,4,True,0.8181818181818181
global5000,throttle_step,ks,inertia_x1.6,22,22,0.13636363636363635,0.22727272727272727,1.0,1,True,0,False,1.0
global5000,throttle_step,regression,clo_+0.1,22,13,0.23076923076923078,0.38461538461538464,0.8350133784344311,1,True,20,True,0.09090909090909094
global5000,throttle_step,regression,cmalpha_x0.7,22,13,0.23076923076923078,0.38461538461538464,0.9745879120879122,1,True,21,True,0.045454545454545414
global5000,throttle_step,regression,cmq_x0.5,22,13,0.23076923076923078,0.38461538461538464,0.8645118039854883,1,True,7,True,0.6818181818181819
global5000,throttle_step,regression,inertia_x1.6,22,22,0.13636363636363635,0.22727272727272727,1.0,1,True,5,True,0.7727272727272727
global5000,throttle_step,sig_dynamic,clo_+0.1,22,13,0.23076923076923078,0.23076923076923078,0.655855356307845,1,True,18,True,0.18181818181818177
global5000,throttle_step,sig_dynamic,cmalpha_x0.7,22,13,0.23076923076923078,0.38461538461538464,1.0,1,True,17,True,0.2272727272727273
global5000,throttle_step,sig_dynamic,cmq_x0.5,22,13,0.23076923076923078,0.38461538461538464,0.9355644355644356,1,True,6,True,0.7272727272727273
global5000,throttle_step,sig_dynamic,inertia_x1.6,22,22,0.13636363636363635,0.22727272727272727,1.0,1,True,3,True,0.8636363636363636
global5000,throttle_step,sig_static,clo_+0.1,22,13,0.23076923076923078,0.3076923076923077,0.693320449693991,1,True,18,True,0.18181818181818177
global5000,throttle_step,sig_static,cmalpha_x0.7,22,13,0.23076923076923078,0.38461538461538464,0.9009490509490511,1,True,11,True,0.5
global5000,throttle_step,sig_static,cmq_x0.5,22,13,0.23076923076923078,0.38461538461538464,0.817919361340414,1,True,4,True,0.8181818181818181
global5000,throttle_step,sig_static,inertia_x1.6,22,22,0.13636363636363635,0.22727272727272727,1.0,1,True,1,True,0.9545454545454546
pa28,aileron_step,envelope,clo_+0.1,22,13,0.23076923076923078,0.23076923076923078,0.6346301471807545,1,True,10,True,0.5454545454545454
pa28,aileron_step,envelope,cmalpha_x0.7,22,13,0.07692307692307693,0.15384615384615385,0.4558919359199187,3,False,0,False,1.0
pa28,aileron_step,envelope,cmq_x0.5,22,13,0.15384615384615385,0.15384615384615385,0.5529679368420735,1,True,1,True,0.9545454545454546
pa28,aileron_step,envelope,inertia_x1.6,22,22,0.13636363636363635,0.22727272727272727,1.0,1,True,10,True,0.5454545454545454
pa28,aileron_step,iforest,clo_+0.1,22,13,0.23076923076923078,0.38461538461538464,0.8882450882450884,1,True,20,True,0.09090909090909094
pa28,aileron_step,iforest,cmalpha_x0.7,22,13,0.23076923076923078,0.38461538461538464,0.9045329670329672,1,True,18,True,0.18181818181818177
pa28,aileron_step,iforest,cmq_x0.5,22,13,0.15384615384615385,0.23076923076923078,0.6348398340301173,2,False,0,False,1.0
pa28,aileron_step,iforest,inertia_x1.6,22,22,0.13636363636363635,0.22727272727272727,1.0,1,True,0,False,1.0
pa28,aileron_step,ks,clo_+0.1,22,13,0.23076923076923078,0.23076923076923078,0.72480772647479,1,True,7,True,0.6818181818181819
pa28,aileron_step,ks,cmalpha_x0.7,22,13,0.23076923076923078,0.3076923076923077,0.7439105567767155,1,True,1,False,0.9545454545454546
pa28,aileron_step,ks,cmq_x0.5,22,13,0.23076923076923078,0.38461538461538464,0.8495018053841583,1,True,1,True,0.9545454545454546
pa28,aileron_step,ks,inertia_x1.6,22,22,0.13636363636363635,0.22727272727272727,1.0,1,True,3,True,0.8636363636363636
pa28,aileron_step,regression,clo_+0.1,22,13,0.23076923076923078,0.38461538461538464,0.7819233061135897,1,True,10,True,0.5454545454545454
pa28,aileron_step,regression,cmalpha_x0.7,22,13,0.23076923076923078,0.38461538461538464,0.7939188817850404,1,True,5,True,0.7727272727272727
pa28,aileron_step,regression,cmq_x0.5,22,13,0.23076923076923078,0.3076923076923077,0.7571913380736911,1,True,1,True,0.9545454545454546
pa28,aileron_step,regression,inertia_x1.6,22,22,0.13636363636363635,0.22727272727272727,1.0,1,True,7,True,0.6818181818181819
pa28,aileron_step,sig_dynamic,clo_+0.1,22,13,0.15384615384615385,0.23076923076923078,0.6318372803666921,1,True,4,True,0.8181818181818181
pa28,aileron_step,sig_dynamic,cmalpha_x0.7,22,13,0.23076923076923078,0.38461538461538464,0.827545519495984,1,True,5,True,0.7727272727272727
pa28,aileron_step,sig_dynamic,cmq_x0.5,22,13,0.23076923076923078,0.38461538461538464,0.8439794124004649,1,True,0,False,1.0
pa28,aileron_step,sig_dynamic,inertia_x1.6,22,22,0.13636363636363635,0.22727272727272727,1.0,1,True,3,True,0.8636363636363636
pa28,aileron_step,sig_static,clo_+0.1,22,13,0.15384615384615385,0.3076923076923077,0.6592031899724208,2,False,5,True,0.7727272727272727
pa28,aileron_step,sig_static,cmalpha_x0.7,22,13,0.23076923076923078,0.38461538461538464,0.9020212693289617,1,True,5,True,0.7727272727272727
pa28,aileron_step,sig_static,cmq_x0.5,22,13,0.23076923076923078,0.38461538461538464,0.7554688861190411,1,True,0,False,1.0
pa28,aileron_step,sig_static,inertia_x1.6,22,22,0.13636363636363635,0.22727272727272727,1.0,1,True,1,True,0.9545454545454546
pa28,bank_hold,envelope,clo_+0.1,22,13,0.23076923076923078,0.23076923076923078,0.6410404035910109,1,True,12,True,0.4545454545454546
pa28,bank_hold,envelope,cmalpha_x0.7,22,13,0.23076923076923078,0.3076923076923077,0.7237896655883082,1,True,3,True,0.8636363636363636
pa28,bank_hold,envelope,cmq_x0.5,22,13,0.23076923076923078,0.3076923076923077,0.7339615449909568,1,True,3,True,0.8636363636363636
pa28,bank_hold,envelope,inertia_x1.6,22,22,0.13636363636363635,0.22727272727272727,1.0,1,True,12,True,0.4545454545454546
pa28,bank_hold,iforest,clo_+0.1,22,13,0.23076923076923078,0.38461538461538464,0.8566489066489067,1,True,22,True,0.0
pa28,bank_hold,iforest,cmalpha_x0.7,22,13,0.15384615384615385,0.3076923076923077,0.7097534904036452,1,True,0,False,1.0
pa28,bank_hold,iforest,cmq_x0.5,22,13,0.0,0.15384615384615385,0.4877913752913753,4,False,0,False,1.0
pa28,bank_hold,iforest,inertia_x1.6,22,22,0.13636363636363635,0.22727272727272727,1.0,1,True,0,False,1.0
pa28,bank_hold,ks,clo_+0.1,22,13,0.23076923076923078,0.23076923076923078,0.7318888627712158,1,True,10,True,0.5454545454545454
pa28,bank_hold,ks,cmalpha_x0.7,22,13,0.23076923076923078,0.38461538461538464,0.8763764013764013,1,True,5,True,0.7727272727272727
pa28,bank_hold,ks,cmq_x0.5,22,13,0.23076923076923078,0.38461538461538464,0.8395162529777914,1,True,0,False,1.0
pa28,bank_hold,ks,inertia_x1.6,22,22,0.13636363636363635,0.22727272727272727,1.0,1,True,1,True,0.9545454545454546
pa28,bank_hold,regression,clo_+0.1,22,13,0.23076923076923078,0.38461538461538464,0.8067084624776931,1,True,10,True,0.5454545454545454
pa28,bank_hold,regression,cmalpha_x0.7,22,13,0.15384615384615385,0.23076923076923078,0.5758671153407995,2,False,2,True,0.9090909090909091
pa28,bank_hold,regression,cmq_x0.5,22,13,0.07692307692307693,0.23076923076923078,0.4917893718173546,2,False,1,True,0.9545454545454546
pa28,bank_hold,regression,inertia_x1.6,22,22,0.13636363636363635,0.22727272727272727,1.0,1,True,7,True,0.6818181818181819
pa28,bank_hold,sig_dynamic,clo_+0.1,22,13,0.23076923076923078,0.3076923076923077,0.6510642849384216,1,True,7,True,0.6818181818181819
pa28,bank_hold,sig_dynamic,cmalpha_x0.7,22,13,0.23076923076923078,0.3076923076923077,0.9165922752461213,1,True,7,True,0.6818181818181819
pa28,bank_hold,sig_dynamic,cmq_x0.5,22,13,0.15384615384615385,0.15384615384615385,0.5729483837455974,1,True,2,False,0.9090909090909091
pa28,bank_hold,sig_dynamic,inertia_x1.6,22,22,0.13636363636363635,0.22727272727272727,1.0,1,True,7,True,0.6818181818181819
pa28,bank_hold,sig_static,clo_+0.1,22,13,0.15384615384615385,0.15384615384615385,0.5569842173914571,1,True,1,False,0.9545454545454546
pa28,bank_hold,sig_static,cmalpha_x0.7,22,13,0.23076923076923078,0.38461538461538464,0.8577658452658453,1,True,1,True,0.9545454545454546
pa28,bank_hold,sig_static,cmq_x0.5,22,13,0.15384615384615385,0.23076923076923078,0.5822608661350028,1,True,0,False,1.0
pa28,bank_hold,sig_static,inertia_x1.6,22,22,0.13636363636363635,0.22727272727272727,1.0,1,True,0,False,1.0
pa28,climbing_turn,envelope,clo_+0.1,22,13,0.15384615384615385,0.23076923076923078,0.6863802863802865,1,True,14,True,0.36363636363636365
pa28,climbing_turn,envelope,cmalpha_x0.7,22,13,0.23076923076923078,0.38461538461538464,0.8337841196140791,1,True,8,True,0.6363636363636364
pa28,climbing_turn,envelope,cmq_x0.5,22,13,0.23076923076923078,0.3076923076923077,0.780928787811379,1,True,2,True,0.9090909090909091
pa28,climbing_turn,envelope,inertia_x1.6,22,22,0.13636363636363635,0.22727272727272727,1.0,1,True,8,True,0.6363636363636364
pa28,climbing_turn,iforest,clo_+0.1,22,13,0.15384615384615385,0.3076923076923077,0.7364756975051093,1,True,22,True,0.0
pa28,climbing_turn,iforest,cmalpha_x0.7,22,13,0.15384615384615385,0.3076923076923077,0.8223953621726902,1,True,3,True,0.8636363636363636
pa28,climbing_turn,iforest,cmq_x0.5,22,13,0.23076923076923078,0.3076923076923077,0.8543791678407063,1,True,0,False,1.0
pa28,climbing_turn,iforest,inertia_x1.6,22,22,0.13636363636363635,0.22727272727272727,1.0,1,True,0,False,1.0
pa28,climbing_turn,ks,clo_+0.1,22,13,0.23076923076923078,0.3076923076923077,0.7930579654263864,1,True,12,True,0.4545454545454546
pa28,climbing_turn,ks,cmalpha_x0.7,22,13,0.23076923076923078,0.38461538461538464,0.7840298590298591,1,True,6,True,0.7272727272727273
pa28,climbing_turn,ks,cmq_x0.5,22,13,0.23076923076923078,0.3076923076923077,0.8583529215882156,1,True,4,True,0.8181818181818181
pa28,climbing_turn,ks,inertia_x1.6,22,22,0.13636363636363635,0.22727272727272727,1.0,1,True,3,True,0.8636363636363636
pa28,climbing_turn,regression,clo_+0.1,22,13,0.07692307692307693,0.23076923076923078,0.6348881689081737,2,False,19,True,0.13636363636363635
pa28,climbing_turn,regression,cmalpha_x0.7,22,13,0.23076923076923078,0.38461538461538464,0.9005450689661216,1,True,11,True,0.5
pa28,climbing_turn,regression,cmq_x0.5,22,13,0.15384615384615385,0.23076923076923078,0.66467957633116,1,True,2,False,0.9090909090909091
pa28,climbing_turn,regression,inertia_x1.6,22,22,0.13636363636363635,0.22727272727272727,1.0,1,True,7,True,0.6818181818181819
pa28,climbing_turn,sig_dynamic,clo_+0.1,22,13,0.07692307692307693,0.15384615384615385,0.5215961326255443,3,False,15,True,0.31818181818181823
pa28,climbing_turn,sig_dynamic,cmalpha_x0.7,22,13,0.23076923076923078,0.3076923076923077,0.7600725820182834,1,True,16,True,0.2727272727272727
pa28,climbing_turn,sig_dynamic,cmq_x0.5,22,13,0.0,0.07692307692307693,0.4288425963705792,5,False,4,False,0.8181818181818181
pa28,climbing_turn,sig_dynamic,inertia_x1.6,22,22,0.13636363636363635,0.22727272727272727,1.0,1,True,7,True,0.6818181818181819
pa28,climbing_turn,sig_static,clo_+0.1,22,13,0.15384615384615385,0.23076923076923078,0.5958595772331186,2,False,12,True,0.4545454545454546
pa28,climbing_turn,sig_static,cmalpha_x0.7,22,13,0.15384615384615385,0.23076923076923078,0.5799233532205668,2,False,8,True,0.6363636363636364
pa28,climbing_turn,sig_static,cmq_x0.5,22,13,0.15384615384615385,0.3076923076923077,0.6223273465176299,2,False,0,False,1.0
pa28,climbing_turn,sig_static,inertia_x1.6,22,22,0.13636363636363635,0.22727272727272727,1.0,1,True,0,False,1.0
pa28,cruise,envelope,clo_+0.1,22,13,0.23076923076923078,0.23076923076923078,0.6712275915717212,1,True,9,True,0.5909090909090908
pa28,cruise,envelope,cmalpha_x0.7,22,13,0.23076923076923078,0.38461538461538464,0.9289719052876948,1,True,0,False,1.0
pa28,cruise,envelope,cmq_x0.5,22,13,0.23076923076923078,0.38461538461538464,0.9255782401293237,1,True,0,False,1.0
pa28,cruise,envelope,inertia_x1.6,22,22,0.13636363636363635,0.22727272727272727,1.0,1,True,1,True,0.9545454545454546
pa28,cruise,iforest,clo_+0.1,22,13,0.15384615384615385,0.23076923076923078,0.6302265379694529,1,True,7,True,0.6818181818181819
pa28,cruise,iforest,cmalpha_x0.7,22,13,0.23076923076923078,0.38461538461538464,0.8890467663240943,1,True,0,False,1.0
pa28,cruise,iforest,cmq_x0.5,22,13,0.07692307692307693,0.07692307692307693,0.4616398205139572,3,False,0,False,1.0
pa28,cruise,iforest,inertia_x1.6,22,22,0.13636363636363635,0.22727272727272727,1.0,1,True,0,False,1.0
pa28,cruise,ks,clo_+0.1,22,13,0.07692307692307693,0.23076923076923078,0.5359570254307096,2,False,7,True,0.6818181818181819
pa28,cruise,ks,cmalpha_x0.7,22,13,0.23076923076923078,0.3076923076923077,0.7212531019032566,1,True,0,False,1.0
pa28,cruise,ks,cmq_x0.5,22,13,0.07692307692307693,0.23076923076923078,0.5963738875503581,1,True,2,True,0.9090909090909091
pa28,cruise,ks,inertia_x1.6,22,22,0.13636363636363635,0.22727272727272727,1.0,1,True,7,True,0.6818181818181819
pa28,cruise,regression,clo_+0.1,22,13,0.23076923076923078,0.38461538461538464,0.7356780920516334,1,True,10,True,0.5454545454545454
pa28,cruise,regression,cmalpha_x0.7,22,13,0.15384615384615385,0.15384615384615385,0.5201401876681705,1,True,1,False,0.9545454545454546
pa28,cruise,regression,cmq_x0.5,22,13,0.07692307692307693,0.23076923076923078,0.4726853988672278,3,False,1,True,0.9545454545454546
pa28,cruise,regression,inertia_x1.6,22,22,0.13636363636363635,0.22727272727272727,1.0,1,True,1,True,0.9545454545454546
pa28,cruise,sig_dynamic,clo_+0.1,22,13,0.23076923076923078,0.38461538461538464,0.8021475256769374,1,True,7,True,0.6818181818181819
pa28,cruise,sig_dynamic,cmalpha_x0.7,22,13,0.23076923076923078,0.38461538461538464,0.8161612896907015,1,True,7,True,0.6818181818181819
pa28,cruise,sig_dynamic,cmq_x0.5,22,13,0.23076923076923078,0.38461538461538464,0.7356376466670584,1,True,6,True,0.7272727272727273
pa28,cruise,sig_dynamic,inertia_x1.6,22,22,0.13636363636363635,0.22727272727272727,1.0,1,True,5,True,0.7727272727272727
pa28,cruise,sig_static,clo_+0.1,22,13,0.23076923076923078,0.38461538461538464,0.8081304316598433,1,True,8,True,0.6363636363636364
pa28,cruise,sig_static,cmalpha_x0.7,22,13,0.23076923076923078,0.3076923076923077,0.786929736929737,1,True,4,True,0.8181818181818181
pa28,cruise,sig_static,cmq_x0.5,22,13,0.23076923076923078,0.38461538461538464,0.7315740820265707,1,True,1,False,0.9545454545454546
pa28,cruise,sig_static,inertia_x1.6,22,22,0.13636363636363635,0.22727272727272727,1.0,1,True,3,True,0.8636363636363636
pa28,elev_doublet,envelope,clo_+0.1,22,13,0.23076923076923078,0.23076923076923078,0.6866811551022078,1,True,7,True,0.6818181818181819
pa28,elev_doublet,envelope,cmalpha_x0.7,22,13,0.0,0.0,0.48856570151819007,6,False,5,False,0.7727272727272727
pa28,elev_doublet,envelope,cmq_x0.5,22,13,0.15384615384615385,0.15384615384615385,0.6353891771878197,1,True,6,True,0.7272727272727273
pa28,elev_doublet,envelope,inertia_x1.6,22,22,0.13636363636363635,0.22727272727272727,1.0,1,True,11,True,0.5
pa28,elev_doublet,iforest,clo_+0.1,22,13,0.15384615384615385,0.23076923076923078,0.6542997600689908,1,True,22,True,0.0
pa28,elev_doublet,iforest,cmalpha_x0.7,22,13,0.15384615384615385,0.15384615384615385,0.5646700521700522,2,False,21,True,0.045454545454545414
pa28,elev_doublet,iforest,cmq_x0.5,22,13,0.15384615384615385,0.15384615384615385,0.6183677433677434,1,True,0,False,1.0
pa28,elev_doublet,iforest,inertia_x1.6,22,22,0.13636363636363635,0.22727272727272727,1.0,1,True,0,False,1.0
pa28,elev_doublet,ks,clo_+0.1,22,13,0.15384615384615385,0.23076923076923078,0.7095889490626333,1,True,5,True,0.7727272727272727
pa28,elev_doublet,ks,cmalpha_x0.7,22,13,0.15384615384615385,0.15384615384615385,0.6087933394434942,1,True,0,False,1.0
pa28,elev_doublet,ks,cmq_x0.5,22,13,0.23076923076923078,0.38461538461538464,0.7362684958660192,1,True,0,False,1.0
pa28,elev_doublet,ks,inertia_x1.6,22,22,0.13636363636363635,0.22727272727272727,1.0,1,True,4,True,0.8181818181818181
pa28,elev_doublet,regression,clo_+0.1,22,13,0.23076923076923078,0.23076923076923078,0.6814584924879041,1,True,17,True,0.2272727272727273
pa28,elev_doublet,regression,cmalpha_x0.7,22,13,0.23076923076923078,0.38461538461538464,0.8087867198161315,1,True,6,True,0.7272727272727273
pa28,elev_doublet,regression,cmq_x0.5,22,13,0.23076923076923078,0.3076923076923077,0.790280226309638,1,True,0,False,1.0
pa28,elev_doublet,regression,inertia_x1.6,22,22,0.13636363636363635,0.22727272727272727,1.0,1,True,7,True,0.6818181818181819
pa28,elev_doublet,sig_dynamic,clo_+0.1,22,13,0.15384615384615385,0.3076923076923077,0.7070693195693196,2,False,9,True,0.5909090909090908
pa28,elev_doublet,sig_dynamic,cmalpha_x0.7,22,13,0.23076923076923078,0.23076923076923078,0.6367011530979142,1,True,0,False,1.0
pa28,elev_doublet,sig_dynamic,cmq_x0.5,22,13,0.23076923076923078,0.38461538461538464,0.7545280061950699,1,True,0,False,1.0
pa28,elev_doublet,sig_dynamic,inertia_x1.6,22,22,0.13636363636363635,0.22727272727272727,1.0,1,True,2,True,0.9090909090909091
pa28,elev_doublet,sig_static,clo_+0.1,22,13,0.15384615384615385,0.23076923076923078,0.6107802414303961,2,False,11,True,0.5
pa28,elev_doublet,sig_static,cmalpha_x0.7,22,13,0.15384615384615385,0.3076923076923077,0.7200421310715428,1,True,2,False,0.9090909090909091
pa28,elev_doublet,sig_static,cmq_x0.5,22,13,0.23076923076923078,0.38461538461538464,0.8568156202771586,1,True,3,True,0.8636363636363636
pa28,elev_doublet,sig_static,inertia_x1.6,22,22,0.13636363636363635,0.22727272727272727,1.0,1,True,0,False,1.0
pa28,elev_doublet_distractor,envelope,clo_+0.1,22,13,0.23076923076923078,0.23076923076923078,0.6636879090320386,1,True,11,True,0.5
pa28,elev_doublet_distractor,envelope,cmalpha_x0.7,22,13,0.0,0.07692307692307693,0.4783757908757908,4,False,8,True,0.6363636363636364
pa28,elev_doublet_distractor,envelope,cmq_x0.5,22,13,0.15384615384615385,0.23076923076923078,0.6305704915999033,1,True,4,True,0.8181818181818181
pa28,elev_doublet_distractor,envelope,inertia_x1.6,22,22,0.13636363636363635,0.22727272727272727,1.0,1,True,9,True,0.5909090909090908
pa28,elev_doublet_distractor,iforest,clo_+0.1,22,13,0.15384615384615385,0.23076923076923078,0.5971396759679684,1,True,22,True,0.0
pa28,elev_doublet_distractor,iforest,cmalpha_x0.7,22,13,0.15384615384615385,0.15384615384615385,0.5642123468867932,1,True,0,False,1.0
pa28,elev_doublet_distractor,iforest,cmq_x0.5,22,13,0.07692307692307693,0.15384615384615385,0.5824634317549298,1,True,0,False,1.0
pa28,elev_doublet_distractor,iforest,inertia_x1.6,22,22,0.13636363636363635,0.22727272727272727,1.0,1,True,0,False,1.0
pa28,elev_doublet_distractor,ks,clo_+0.1,22,13,0.23076923076923078,0.23076923076923078,0.7418446488284545,1,True,6,True,0.7272727272727273
pa28,elev_doublet_distractor,ks,cmalpha_x0.7,22,13,0.15384615384615385,0.3076923076923077,0.6484673092645229,1,True,0,False,1.0
pa28,elev_doublet_distractor,ks,cmq_x0.5,22,13,0.15384615384615385,0.3076923076923077,0.7440611675905794,1,True,0,False,1.0
pa28,elev_doublet_distractor,ks,inertia_x1.6,22,22,0.13636363636363635,0.22727272727272727,1.0,1,True,7,True,0.6818181818181819
pa28,elev_doublet_distractor,regression,clo_+0.1,22,13,0.15384615384615385,0.3076923076923077,0.6769159203369731,2,False,14,True,0.36363636363636365
pa28,elev_doublet_distractor,regression,cmalpha_x0.7,22,13,0.15384615384615385,0.15384615384615385,0.5794378635441982,1,True,2,True,0.9090909090909091
pa28,elev_doublet_distractor,regression,cmq_x0.5,22,13,0.23076923076923078,0.38461538461538464,0.7245427586490935,1,True,3,True,0.8636363636363636
pa28,elev_doublet_distractor,regression,inertia_x1.6,22,22,0.13636363636363635,0.22727272727272727,1.0,1,True,9,True,0.5909090909090908
pa28,elev_doublet_distractor,sig_dynamic,clo_+0.1,22,13,0.15384615384615385,0.23076923076923078,0.6001767109739246,1,True,9,True,0.5909090909090908
pa28,elev_doublet_distractor,sig_dynamic,cmalpha_x0.7,22,13,0.23076923076923078,0.38461538461538464,0.7951327006459181,1,True,3,True,0.8636363636363636
pa28,elev_doublet_distractor,sig_dynamic,cmq_x0.5,22,13,0.15384615384615385,0.23076923076923078,0.5851746190487558,1,True,3,True,0.8636363636363636
pa28,elev_doublet_distractor,sig_dynamic,inertia_x1.6,22,22,0.13636363636363635,0.22727272727272727,1.0,1,True,11,True,0.5
pa28,elev_doublet_distractor,sig_static,clo_+0.1,22,13,0.23076923076923078,0.38461538461538464,0.7273323168060011,1,True,9,True,0.5909090909090908
pa28,elev_doublet_distractor,sig_static,cmalpha_x0.7,22,13,0.23076923076923078,0.38461538461538464,0.7646609760803618,1,True,3,True,0.8636363636363636
pa28,elev_doublet_distractor,sig_static,cmq_x0.5,22,13,0.15384615384615385,0.15384615384615385,0.5920489726991275,1,True,2,False,0.9090909090909091
pa28,elev_doublet_distractor,sig_static,inertia_x1.6,22,22,0.13636363636363635,0.22727272727272727,1.0,1,True,5,True,0.7727272727272727
pa28,elev_step,envelope,clo_+0.1,22,13,0.15384615384615385,0.3076923076923077,0.7634432032205312,1,True,10,True,0.5454545454545454
pa28,elev_step,envelope,cmalpha_x0.7,22,13,0.0,0.15384615384615385,0.5625797755471488,4,False,15,True,0.31818181818181823
pa28,elev_step,envelope,cmq_x0.5,22,13,0.07692307692307693,0.23076923076923078,0.6227129205635993,3,False,9,True,0.5909090909090908
pa28,elev_step,envelope,inertia_x1.6,22,22,0.13636363636363635,0.22727272727272727,1.0,1,True,5,True,0.7727272727272727
pa28,elev_step,iforest,clo_+0.1,22,13,0.23076923076923078,0.38461538461538464,0.8330981235958611,1,True,22,True,0.0
pa28,elev_step,iforest,cmalpha_x0.7,22,13,0.23076923076923078,0.38461538461538464,0.8410584943092684,1,True,11,True,0.5
pa28,elev_step,iforest,cmq_x0.5,22,13,0.07692307692307693,0.15384615384615385,0.49302840262592584,2,False,0,False,1.0
pa28,elev_step,iforest,inertia_x1.6,22,22,0.13636363636363635,0.22727272727272727,1.0,1,True,0,False,1.0
pa28,elev_step,ks,clo_+0.1,22,13,0.15384615384615385,0.23076923076923078,0.6533231662756549,1,True,8,True,0.6363636363636364
pa28,elev_step,ks,cmalpha_x0.7,22,13,0.0,0.07692307692307693,0.5061173868866177,4,False,8,True,0.6363636363636364
pa28,elev_step,ks,cmq_x0.5,22,13,0.23076923076923078,0.23076923076923078,0.6729533624270467,1,True,1,True,0.9545454545454546
pa28,elev_step,ks,inertia_x1.6,22,22,0.13636363636363635,0.22727272727272727,1.0,1,True,3,True,0.8636363636363636
pa28,elev_step,regression,clo_+0.1,22,13,0.23076923076923078,0.38461538461538464,0.8937297996121525,1,True,15,True,0.31818181818181823
pa28,elev_step,regression,cmalpha_x0.7,22,13,0.23076923076923078,0.38461538461538464,0.8356540776045419,1,True,8,True,0.6363636363636364
pa28,elev_step,regression,cmq_x0.5,22,13,0.23076923076923078,0.38461538461538464,0.8350274725274723,1,True,0,False,1.0
pa28,elev_step,regression,inertia_x1.6,22,22,0.13636363636363635,0.22727272727272727,1.0,1,True,1,True,0.9545454545454546
pa28,elev_step,sig_dynamic,clo_+0.1,22,13,0.23076923076923078,0.23076923076923078,0.6366729761466604,1,True,15,True,0.31818181818181823
pa28,elev_step,sig_dynamic,cmalpha_x0.7,22,13,0.23076923076923078,0.38461538461538464,0.9005852278625557,1,True,9,True,0.5909090909090908
pa28,elev_step,sig_dynamic,cmq_x0.5,22,13,0.07692307692307693,0.15384615384615385,0.5432238701469471,2,False,6,True,0.7272727272727273
pa28,elev_step,sig_dynamic,inertia_x1.6,22,22,0.13636363636363635,0.22727272727272727,1.0,1,True,2,True,0.9090909090909091
pa28,elev_step,sig_static,clo_+0.1,22,13,0.07692307692307693,0.23076923076923078,0.5793200349701897,1,True,8,True,0.6363636363636364
pa28,elev_step,sig_static,cmalpha_x0.7,22,13,0.23076923076923078,0.38461538461538464,0.86131221719457,1,True,7,True,0.6818181818181819
pa28,elev_step,sig_static,cmq_x0.5,22,13,0.15384615384615385,0.23076923076923078,0.6696229989216415,1,True,1,False,0.9545454545454546
pa28,elev_step,sig_static,inertia_x1.6,22,22,0.13636363636363635,0.22727272727272727,1.0,1,True,2,True,0.9090909090909091
pa28,engine_stop,envelope,clo_+0.1,22,13,0.23076923076923078,0.23076923076923078,0.6738148940578091,1,True,10,True,0.5454545454545454
pa28,engine_stop,envelope,cmalpha_x0.7,22,13,0.23076923076923078,0.38461538461538464,0.817652815021236,1,True,6,True,0.7272727272727273
pa28,engine_stop,envelope,cmq_x0.5,22,13,0.23076923076923078,0.3076923076923077,0.7179853821524458,1,True,6,True,0.7272727272727273
pa28,engine_stop,envelope,inertia_x1.6,22,22,0.13636363636363635,0.22727272727272727,1.0,1,True,6,True,0.7272727272727273
pa28,engine_stop,iforest,clo_+0.1,22,13,0.23076923076923078,0.3076923076923077,0.832057045518584,1,True,13,True,0.40909090909090906
pa28,engine_stop,iforest,cmalpha_x0.7,22,13,0.15384615384615385,0.23076923076923078,0.5692708881444294,2,False,8,True,0.6363636363636364
pa28,engine_stop,iforest,cmq_x0.5,22,13,0.15384615384615385,0.3076923076923077,0.6570174364679009,2,False,0,False,1.0
pa28,engine_stop,iforest,inertia_x1.6,22,22,0.13636363636363635,0.22727272727272727,1.0,1,True,0,False,1.0
pa28,engine_stop,ks,clo_+0.1,22,13,0.15384615384615385,0.23076923076923078,0.5939541565047638,1,True,9,True,0.5909090909090908
pa28,engine_stop,ks,cmalpha_x0.7,22,13,0.15384615384615385,0.3076923076923077,0.6980818208015159,1,True,3,True,0.8636363636363636
pa28,engine_stop,ks,cmq_x0.5,22,13,0.07692307692307693,0.15384615384615385,0.5376648952381269,1,True,2,True,0.9090909090909091
pa28,engine_stop,ks,inertia_x1.6,22,22,0.13636363636363635,0.22727272727272727,1.0,1,True,3,True,0.8636363636363636
pa28,engine_stop,regression,clo_+0.1,22,13,0.15384615384615385,0.3076923076923077,0.7202438587053972,2,False,20,True,0.09090909090909094
pa28,engine_stop,regression,cmalpha_x0.7,22,13,0.23076923076923078,0.3076923076923077,0.765906315906316,1,True,10,True,0.5454545454545454
pa28,engine_stop,regression,cmq_x0.5,22,13,0.23076923076923078,0.38461538461538464,0.9190360078517974,1,True,7,True,0.6818181818181819
pa28,engine_stop,regression,inertia_x1.6,22,22,0.13636363636363635,0.22727272727272727,1.0,1,True,8,True,0.6363636363636364
pa28,engine_stop,sig_dynamic,clo_+0.1,22,13,0.07692307692307693,0.15384615384615385,0.5500109116624953,3,False,12,True,0.4545454545454546
pa28,engine_stop,sig_dynamic,cmalpha_x0.7,22,13,0.23076923076923078,0.38461538461538464,0.764318650839251,1,True,7,True,0.6818181818181819
pa28,engine_stop,sig_dynamic,cmq_x0.5,22,13,0.15384615384615385,0.23076923076923078,0.6288282167807053,1,True,5,True,0.7727272727272727
pa28,engine_stop,sig_dynamic,inertia_x1.6,22,22,0.13636363636363635,0.22727272727272727,1.0,1,True,3,True,0.8636363636363636
pa28,engine_stop,sig_static,clo_+0.1,22,13,0.07692307692307693,0.15384615384615385,0.5170925565662408,3,False,12,True,0.4545454545454546
pa28,engine_stop,sig_static,cmalpha_x0.7,22,13,0.23076923076923078,0.3076923076923077,0.8143220027835412,1,True,9,True,0.5909090909090908
pa28,engine_stop,sig_static,cmq_x0.5,22,13,0.23076923076923078,0.38461538461538464,0.7612451531956176,1,True,6,True,0.7272727272727273
pa28,engine_stop,sig_static,inertia_x1.6,22,22,0.13636363636363635,0.22727272727272727,1.0,1,True,4,True,0.8181818181818181
pa28,flap_extend,envelope,clo_+0.1,22,13,0.15384615384615385,0.15384615384615385,0.5965855292599755,1,True,11,True,0.5
pa28,flap_extend,envelope,cmalpha_x0.7,22,13,0.15384615384615385,0.3076923076923077,0.659335856451241,2,False,20,True,0.09090909090909094
pa28,flap_extend,envelope,cmq_x0.5,22,13,0.23076923076923078,0.3076923076923077,0.7429853821524457,1,True,5,True,0.7727272727272727
pa28,flap_extend,envelope,inertia_x1.6,22,22,0.13636363636363635,0.22727272727272727,1.0,1,True,3,True,0.8636363636363636
pa28,flap_extend,iforest,clo_+0.1,22,13,0.07692307692307693,0.23076923076923078,0.6330247624752269,2,False,21,True,0.045454545454545414
pa28,flap_extend,iforest,cmalpha_x0.7,22,13,0.07692307692307693,0.23076923076923078,0.6065260161235393,1,True,0,False,1.0
pa28,flap_extend,iforest,cmq_x0.5,22,13,0.15384615384615385,0.23076923076923078,0.6142370787107628,2,False,0,False,1.0
pa28,flap_extend,iforest,inertia_x1.6,22,22,0.13636363636363635,0.22727272727272727,1.0,1,True,0,False,1.0
pa28,flap_extend,ks,clo_+0.1,22,13,0.15384615384615385,0.23076923076923078,0.638688871262103,1,True,7,True,0.6818181818181819
pa28,flap_extend,ks,cmalpha_x0.7,22,13,0.15384615384615385,0.3076923076923077,0.743599456099456,1,True,18,True,0.18181818181818177
pa28,flap_extend,ks,cmq_x0.5,22,13,0.23076923076923078,0.3076923076923077,0.7228004838298957,1,True,0,False,1.0
pa28,flap_extend,ks,inertia_x1.6,22,22,0.13636363636363635,0.22727272727272727,1.0,1,True,2,True,0.9090909090909091
pa28,flap_extend,regression,clo_+0.1,22,13,0.15384615384615385,0.15384615384615385,0.5156552495293861,2,False,12,True,0.4545454545454546
pa28,flap_extend,regression,cmalpha_x0.7,22,13,0.23076923076923078,0.3076923076923077,0.8141772558895684,1,True,17,True,0.2272727272727273
pa28,flap_extend,regression,cmq_x0.5,22,13,0.15384615384615385,0.3076923076923077,0.5523134631106766,2,False,4,True,0.8181818181818181
pa28,flap_extend,regression,inertia_x1.6,22,22,0.13636363636363635,0.22727272727272727,1.0,1,True,1,True,0.9545454545454546
pa28,flap_extend,sig_dynamic,clo_+0.1,22,13,0.07692307692307693,0.15384615384615385,0.4779867905373978,3,False,4,True,0.8181818181818181
pa28,flap_extend,sig_dynamic,cmalpha_x0.7,22,13,0.15384615384615385,0.3076923076923077,0.8409684332761256,1,True,18,True,0.18181818181818177
pa28,flap_extend,sig_dynamic,cmq_x0.5,22,13,0.0,0.0,0.4563067909043141,6,False,0,False,1.0
pa28,flap_extend,sig_dynamic,inertia_x1.6,22,22,0.13636363636363635,0.22727272727272727,1.0,1,True,0,False,1.0
pa28,flap_extend,sig_static,clo_+0.1,22,13,0.07692307692307693,0.15384615384615385,0.4582047940020076,3,False,4,True,0.8181818181818181
pa28,flap_extend,sig_static,cmalpha_x0.7,22,13,0.23076923076923078,0.38461538461538464,0.8894926654542039,1,True,14,True,0.36363636363636365
pa28,flap_extend,sig_static,cmq_x0.5,22,13,0.07692307692307693,0.07692307692307693,0.45948503085916753,2,False,0,False,1.0
pa28,flap_extend,sig_static,inertia_x1.6,22,22,0.13636363636363635,0.22727272727272727,1.0,1,True,1,True,0.9545454545454546
pa28,rudder_doublet,envelope,clo_+0.1,22,13,0.23076923076923078,0.3076923076923077,0.6931008431514505,1,True,6,True,0.7272727272727273
pa28,rudder_doublet,envelope,cmalpha_x0.7,22,13,0.23076923076923078,0.38461538461538464,0.7148582900785806,1,True,1,True,0.9545454545454546
pa28,rudder_doublet,envelope,cmq_x0.5,22,13,0.23076923076923078,0.38461538461538464,0.8299586034880153,1,True,1,True,0.9545454545454546
pa28,rudder_doublet,envelope,inertia_x1.6,22,22,0.13636363636363635,0.22727272727272727,1.0,1,True,17,True,0.2272727272727273
pa28,rudder_doublet,iforest,clo_+0.1,22,13,0.23076923076923078,0.38461538461538464,0.8525363525363526,1,True,6,True,0.7272727272727273
pa28,rudder_doublet,iforest,cmalpha_x0.7,22,13,0.23076923076923078,0.38461538461538464,0.823480685980686,1,True,7,True,0.6818181818181819
pa28,rudder_doublet,iforest,cmq_x0.5,22,13,0.07692307692307693,0.15384615384615385,0.6012929629445467,1,True,0,False,1.0
pa28,rudder_doublet,iforest,inertia_x1.6,22,22,0.13636363636363635,0.22727272727272727,1.0,1,True,0,False,1.0
pa28,rudder_doublet,ks,clo_+0.1,22,13,0.23076923076923078,0.23076923076923078,0.674269132074562,1,True,6,True,0.7272727272727273
pa28,rudder_doublet,ks,cmalpha_x0.7,22,13,0.23076923076923078,0.23076923076923078,0.6280764444732055,1,True,0,False,1.0
pa28,rudder_doublet,ks,cmq_x0.5,22,13,0.23076923076923078,0.23076923076923078,0.6434072275135624,1,True,0,False,1.0
pa28,rudder_doublet,ks,inertia_x1.6,22,22,0.13636363636363635,0.22727272727272727,1.0,1,True,12,True,0.4545454545454546
pa28,rudder_doublet,regression,clo_+0.1,22,13,0.23076923076923078,0.38461538461538464,0.9355644355644356,1,True,7,True,0.6818181818181819
pa28,rudder_doublet,regression,cmalpha_x0.7,22,13,0.0,0.0,0.4603902444965792,6,False,0,False,1.0
pa28,rudder_doublet,regression,cmq_x0.5,22,13,0.23076923076923078,0.3076923076923077,0.7082438416416744,1,True,0,False,1.0
pa28,rudder_doublet,regression,inertia_x1.6,22,22,0.13636363636363635,0.22727272727272727,1.0,1,True,7,True,0.6818181818181819
pa28,rudder_doublet,sig_dynamic,clo_+0.1,22,13,0.23076923076923078,0.38461538461538464,0.8849718908542438,1,True,12,True,0.4545454545454546
pa28,rudder_doublet,sig_dynamic,cmalpha_x0.7,22,13,0.23076923076923078,0.38461538461538464,0.8324488033466362,1,True,3,True,0.8636363636363636
pa28,rudder_doublet,sig_dynamic,cmq_x0.5,22,13,0.15384615384615385,0.15384615384615385,0.6143284621493719,1,True,0,False,1.0
pa28,rudder_doublet,sig_dynamic,inertia_x1.6,22,22,0.13636363636363635,0.22727272727272727,1.0,1,True,7,True,0.6818181818181819
pa28,rudder_doublet,sig_static,clo_+0.1,22,13,0.23076923076923078,0.38461538461538464,0.8689877374087901,1,True,11,True,0.5
pa28,rudder_doublet,sig_static,cmalpha_x0.7,22,13,0.23076923076923078,0.3076923076923077,0.723055221352435,1,True,4,True,0.8181818181818181
pa28,rudder_doublet,sig_static,cmq_x0.5,22,13,0.23076923076923078,0.38461538461538464,0.8575155494660139,1,True,0,False,1.0
pa28,rudder_doublet,sig_static,inertia_x1.6,22,22,0.13636363636363635,0.22727272727272727,1.0,1,True,3,True,0.8636363636363636
pa28,throttle_step,envelope,clo_+0.1,22,13,0.23076923076923078,0.23076923076923078,0.6786314364368663,1,True,13,True,0.40909090909090906
pa28,throttle_step,envelope,cmalpha_x0.7,22,13,0.0,0.07692307692307693,0.4671235696509571,4,False,13,True,0.40909090909090906
pa28,throttle_step,envelope,cmq_x0.5,22,13,0.15384615384615385,0.3076923076923077,0.7180354901508748,1,True,10,True,0.5454545454545454
pa28,throttle_step,envelope,inertia_x1.6,22,22,0.13636363636363635,0.22727272727272727,1.0,1,True,4,True,0.8181818181818181
pa28,throttle_step,iforest,clo_+0.1,22,13,0.15384615384615385,0.3076923076923077,0.6875536793523218,1,True,22,True,0.0
pa28,throttle_step,iforest,cmalpha_x0.7,22,13,0.23076923076923078,0.38461538461538464,0.8605474375985211,1,True,22,True,0.0
pa28,throttle_step,iforest,cmq_x0.5,22,13,0.23076923076923078,0.23076923076923078,0.7357840427678485,1,True,0,False,1.0
pa28,throttle_step,iforest,inertia_x1.6,22,22,0.13636363636363635,0.22727272727272727,1.0,1,True,0,False,1.0
pa28,throttle_step,ks,clo_+0.1,22,13,0.15384615384615385,0.23076923076923078,0.6864191364191364,1,True,6,True,0.7272727272727273
pa28,throttle_step,ks,cmalpha_x0.7,22,13,0.0,0.0,0.5027194828933339,6,False,0,False,1.0
pa28,throttle_step,ks,cmq_x0.5,22,13,0.23076923076923078,0.23076923076923078,0.6909894473629887,1,True,0,False,1.0
pa28,throttle_step,ks,inertia_x1.6,22,22,0.13636363636363635,0.22727272727272727,1.0,1,True,0,False,1.0
pa28,throttle_step,regression,clo_+0.1,22,13,0.15384615384615385,0.23076923076923078,0.718957212378265,1,True,14,True,0.36363636363636365
pa28,throttle_step,regression,cmalpha_x0.7,22,13,0.23076923076923078,0.38461538461538464,0.7132297527034369,1,True,5,True,0.7727272727272727
pa28,throttle_step,regression,cmq_x0.5,22,13,0.23076923076923078,0.38461538461538464,0.8653439006945794,1,True,0,False,1.0
pa28,throttle_step,regression,inertia_x1.6,22,22,0.13636363636363635,0.22727272727272727,1.0,1,True,0,False,1.0
pa28,throttle_step,sig_dynamic,clo_+0.1,22,13,0.23076923076923078,0.3076923076923077,0.7848077926281068,1,True,6,True,0.7272727272727273
pa28,throttle_step,sig_dynamic,cmalpha_x0.7,22,13,0.23076923076923078,0.38461538461538464,0.8551100859924389,1,True,2,True,0.9090909090909091
pa28,throttle_step,sig_dynamic,cmq_x0.5,22,13,0.15384615384615385,0.23076923076923078,0.7487777431216346,1,True,0,False,1.0
pa28,throttle_step,sig_dynamic,inertia_x1.6,22,22,0.13636363636363635,0.22727272727272727,1.0,1,True,0,False,1.0
pa28,throttle_step,sig_static,clo_+0.1,22,13,0.23076923076923078,0.23076923076923078,0.6966389260893906,1,True,9,True,0.5909090909090908
pa28,throttle_step,sig_static,cmalpha_x0.7,22,13,0.15384615384615385,0.23076923076923078,0.656433944386433,1,True,8,True,0.6363636363636364
pa28,throttle_step,sig_static,cmq_x0.5,22,13,0.15384615384615385,0.23076923076923078,0.6415248768457865,1,True,0,False,1.0
pa28,throttle_step,sig_static,inertia_x1.6,22,22,0.13636363636363635,0.22727272727272727,1.0,1,True,0,False,1.0
pc7,aileron_step,envelope,clo_+0.1,22,13,0.23076923076923078,0.3076923076923077,0.7232083705767918,1,True,7,True,0.6818181818181819
pc7,aileron_step,envelope,cmalpha_x0.7,22,13,0.23076923076923078,0.23076923076923078,0.6759727389252277,1,True,14,True,0.36363636363636365
pc7,aileron_step,envelope,cmq_x0.5,22,13,0.15384615384615385,0.23076923076923078,0.6376615472590704,1,True,5,True,0.7727272727272727
pc7,aileron_step,envelope,inertia_x1.6,22,22,0.13636363636363635,0.22727272727272727,1.0,1,True,2,True,0.9090909090909091
pc7,aileron_step,iforest,clo_+0.1,22,13,0.23076923076923078,0.38461538461538464,0.8242010351322092,1,True,22,True,0.0
pc7,aileron_step,iforest,cmalpha_x0.7,22,13,0.07692307692307693,0.23076923076923078,0.5148340463088021,3,False,0,False,1.0
pc7,aileron_step,iforest,cmq_x0.5,22,13,0.23076923076923078,0.3076923076923077,0.755627517279101,1,True,0,False,1.0
pc7,aileron_step,iforest,inertia_x1.6,22,22,0.13636363636363635,0.22727272727272727,1.0,1,True,0,False,1.0
pc7,aileron_step,ks,clo_+0.1,22,13,0.23076923076923078,0.23076923076923078,0.7521749617903463,1,True,5,True,0.7727272727272727
pc7,aileron_step,ks,cmalpha_x0.7,22,13,0.07692307692307693,0.15384615384615385,0.5414882760857992,3,False,2,True,0.9090909090909091
pc7,aileron_step,ks,cmq_x0.5,22,13,0.23076923076923078,0.23076923076923078,0.7079838845497335,1,True,2,True,0.9090909090909091
pc7,aileron_step,ks,inertia_x1.6,22,22,0.13636363636363635,0.22727272727272727,1.0,1,True,3,True,0.8636363636363636
pc7,aileron_step,regression,clo_+0.1,22,13,0.23076923076923078,0.38461538461538464,0.829151404151404,1,True,4,True,0.8181818181818181
pc7,aileron_step,regression,cmalpha_x0.7,22,13,0.07692307692307693,0.23076923076923078,0.6152214182578555,3,False,11,True,0.5
pc7,aileron_step,regression,cmq_x0.5,22,13,0.07692307692307693,0.23076923076923078,0.54731855691608,3,False,16,True,0.2727272727272727
pc7,aileron_step,regression,inertia_x1.6,22,22,0.13636363636363635,0.22727272727272727,1.0,1,True,6,True,0.7272727272727273
pc7,aileron_step,sig_dynamic,clo_+0.1,22,13,0.23076923076923078,0.38461538461538464,0.7944159040134272,1,True,2,True,0.9090909090909091
pc7,aileron_step,sig_dynamic,cmalpha_x0.7,22,13,0.15384615384615385,0.3076923076923077,0.6860327194305522,1,True,0,False,1.0
pc7,aileron_step,sig_dynamic,cmq_x0.5,22,13,0.15384615384615385,0.3076923076923077,0.6682980418274536,2,False,3,True,0.8636363636363636
pc7,aileron_step,sig_dynamic,inertia_x1.6,22,22,0.13636363636363635,0.22727272727272727,1.0,1,True,1,True,0.9545454545454546
pc7,aileron_step,sig_static,clo_+0.1,22,13,0.15384615384615385,0.15384615384615385,0.6316645230612843,1,True,13,True,0.40909090909090906
pc7,aileron_step,sig_static,cmalpha_x0.7,22,13,0.15384615384615385,0.23076923076923078,0.6524696794433636,1,True,0,False,1.0
pc7,aileron_step,sig_static,cmq_x0.5,22,13,0.23076923076923078,0.3076923076923077,0.7487685728576418,1,True,3,True,0.8636363636363636
pc7,aileron_step,sig_static,inertia_x1.6,22,22,0.13636363636363635,0.22727272727272727,1.0,1,True,0,False,1.0
pc7,bank_hold,envelope,clo_+0.1,22,13,0.23076923076923078,0.3076923076923077,0.7265484515484517,1,True,16,True,0.2727272727272727
pc7,bank_hold,envelope,cmalpha_x0.7,22,13,0.23076923076923078,0.38461538461538464,0.8172128954636695,1,True,22,True,0.0
pc7,bank_hold,envelope,cmq_x0.5,22,13,0.23076923076923078,0.3076923076923077,0.8347057040495955,1,True,20,True,0.09090909090909094
pc7,bank_hold,envelope,inertia_x1.6,22,22,0.13636363636363635,0.22727272727272727,1.0,1,True,8,True,0.6363636363636364
pc7,bank_hold,iforest,clo_+0.1,22,13,0.15384615384615385,0.23076923076923078,0.6428354708719082,2,False,22,True,0.0
pc7,bank_hold,iforest,cmalpha_x0.7,22,13,0.23076923076923078,0.23076923076923078,0.7201902285880615,1,True,0,False,1.0
pc7,bank_hold,iforest,cmq_x0.5,22,13,0.15384615384615385,0.3076923076923077,0.7276921346759403,1,True,2,True,0.9090909090909091
pc7,bank_hold,iforest,inertia_x1.6,22,22,0.13636363636363635,0.22727272727272727,1.0,1,True,0,False,1.0
pc7,bank_hold,ks,clo_+0.1,22,13,0.23076923076923078,0.23076923076923078,0.7848207348207349,1,True,3,True,0.8636363636363636
pc7,bank_hold,ks,cmalpha_x0.7,22,13,0.07692307692307693,0.23076923076923078,0.6015548355748404,3,False,13,True,0.40909090909090906
pc7,bank_hold,ks,cmq_x0.5,22,13,0.15384615384615385,0.3076923076923077,0.7864397972697568,1,True,16,True,0.2727272727272727
pc7,bank_hold,ks,inertia_x1.6,22,22,0.13636363636363635,0.22727272727272727,1.0,1,True,5,True,0.7727272727272727
pc7,bank_hold,regression,clo_+0.1,22,13,0.15384615384615385,0.3076923076923077,0.7164393299008686,2,False,5,True,0.7727272727272727
pc7,bank_hold,regression,cmalpha_x0.7,22,13,0.07692307692307693,0.23076923076923078,0.6189426969791341,3,False,13,True,0.40909090909090906
pc7,bank_hold,regression,cmq_x0.5,22,13,0.23076923076923078,0.3076923076923077,0.7417826712331356,1,True,18,True,0.18181818181818177
pc7,bank_hold,regression,inertia_x1.6,22,22,0.13636363636363635,0.22727272727272727,1.0,1,True,9,True,0.5909090909090908
pc7,bank_hold,sig_dynamic,clo_+0.1,22,13,0.23076923076923078,0.3076923076923077,0.6874055768792611,1,True,10,True,0.5454545454545454
pc7,bank_hold,sig_dynamic,cmalpha_x0.7,22,13,0.15384615384615385,0.15384615384615385,0.6118614228908347,1,True,7,True,0.6818181818181819
pc7,bank_hold,sig_dynamic,cmq_x0.5,22,13,0.23076923076923078,0.38461538461538464,0.8524833010127126,1,True,13,True,0.40909090909090906
pc7,bank_hold,sig_dynamic,inertia_x1.6,22,22,0.13636363636363635,0.22727272727272727,1.0,1,True,2,True,0.9090909090909091
pc7,bank_hold,sig_static,clo_+0.1,22,13,0.23076923076923078,0.23076923076923078,0.6226643352149425,1,True,12,True,0.4545454545454546
pc7,bank_hold,sig_static,cmalpha_x0.7,22,13,0.15384615384615385,0.3076923076923077,0.6470832546564864,1,True,4,False,0.8181818181818181
pc7,bank_hold,sig_static,cmq_x0.5,22,13,0.23076923076923078,0.3076923076923077,0.7966836833352671,1,True,6,True,0.7272727272727273
pc7,bank_hold,sig_static,inertia_x1.6,22,22,0.13636363636363635,0.22727272727272727,1.0,1,True,0,False,1.0
pc7,climbing_turn,envelope,clo_+0.1,22,13,0.23076923076923078,0.3076923076923077,0.8549516722593646,1,True,14,True,0.36363636363636365
pc7,climbing_turn,envelope,cmalpha_x0.7,22,13,0.15384615384615385,0.15384615384615385,0.5987143833119064,2,False,18,True,0.18181818181818177
pc7,climbing_turn,envelope,cmq_x0.5,22,13,0.23076923076923078,0.23076923076923078,0.610726089554382,1,True,11,True,0.5
pc7,climbing_turn,envelope,inertia_x1.6,22,22,0.13636363636363635,0.22727272727272727,1.0,1,True,1,True,0.9545454545454546
pc7,climbing_turn,iforest,clo_+0.1,22,13,0.15384615384615385,0.3076923076923077,0.7923774440742766,1,True,22,True,0.0
pc7,climbing_turn,iforest,cmalpha_x0.7,22,13,0.15384615384615385,0.3076923076923077,0.6732308627045469,1,True,0,False,1.0
pc7,climbing_turn,iforest,cmq_x0.5,22,13,0.15384615384615385,0.15384615384615385,0.5221103329075465,2,False,0,False,1.0
pc7,climbing_turn,iforest,inertia_x1.6,22,22,0.13636363636363635,0.22727272727272727,1.0,1,True,0,False,1.0
pc7,climbing_turn,ks,clo_+0.1,22,13,0.23076923076923078,0.3076923076923077,0.7537197844890152,1,True,3,True,0.8636363636363636
pc7,climbing_turn,ks,cmalpha_x0.7,22,13,0.07692307692307693,0.07692307692307693,0.5273242349986812,1,True,3,True,0.8636363636363636
pc7,climbing_turn,ks,cmq_x0.5,22,13,0.07692307692307693,0.23076923076923078,0.5760476640001526,1,True,2,True,0.9090909090909091
pc7,climbing_turn,ks,inertia_x1.6,22,22,0.13636363636363635,0.22727272727272727,1.0,1,True,0,False,1.0
pc7,climbing_turn,regression,clo_+0.1,22,13,0.15384615384615385,0.3076923076923077,0.7605960279037203,2,False,4,True,0.8181818181818181
pc7,climbing_turn,regression,cmalpha_x0.7,22,13,0.07692307692307693,0.23076923076923078,0.6031385281385281,3,False,13,True,0.40909090909090906
pc7,climbing_turn,regression,cmq_x0.5,22,13,0.07692307692307693,0.23076923076923078,0.5884532134532134,3,False,10,True,0.5454545454545454
pc7,climbing_turn,regression,inertia_x1.6,22,22,0.13636363636363635,0.22727272727272727,1.0,1,True,2,True,0.9090909090909091
pc7,climbing_turn,sig_dynamic,clo_+0.1,22,13,0.23076923076923078,0.3076923076923077,0.7722806988465478,1,True,9,True,0.5909090909090908
pc7,climbing_turn,sig_dynamic,cmalpha_x0.7,22,13,0.23076923076923078,0.23076923076923078,0.698261387735072,1,True,1,True,0.9545454545454546
pc7,climbing_turn,sig_dynamic,cmq_x0.5,22,13,0.23076923076923078,0.38461538461538464,0.7711855396065924,1,True,2,True,0.9090909090909091
pc7,climbing_turn,sig_dynamic,inertia_x1.6,22,22,0.13636363636363635,0.22727272727272727,1.0,1,True,0,False,1.0
pc7,climbing_turn,sig_static,clo_+0.1,22,13,0.23076923076923078,0.3076923076923077,0.7432719241542769,1,True,9,True,0.5909090909090908
pc7,climbing_turn,sig_static,cmalpha_x0.7,22,13,0.23076923076923078,0.23076923076923078,0.6579064098294869,1,True,3,True,0.8636363636363636
pc7,climbing_turn,sig_static,cmq_x0.5,22,13,0.07692307692307693,0.15384615384615385,0.6168406935077572,1,True,2,True,0.9090909090909091
pc7,climbing_turn,sig_static,inertia_x1.6,22,22,0.13636363636363635,0.22727272727272727,1.0,1,True,0,False,1.0
pc7,cruise,envelope,clo_+0.1,22,13,0.23076923076923078,0.38461538461538464,0.876889776889777,1,True,18,True,0.18181818181818177
pc7,cruise,envelope,cmalpha_x0.7,22,13,0.07692307692307693,0.07692307692307693,0.47256884875067773,1,True,10,True,0.5454545454545454
pc7,cruise,envelope,cmq_x0.5,22,13,0.07692307692307693,0.07692307692307693,0.5166167879909247,1,True,18,True,0.18181818181818177
pc7,cruise,envelope,inertia_x1.6,22,22,0.13636363636363635,0.22727272727272727,1.0,1,True,4,True,0.8181818181818181
pc7,cruise,iforest,clo_+0.1,22,13,0.07692307692307693,0.07692307692307693,0.5537005666530551,1,True,22,True,0.0
pc7,cruise,iforest,cmalpha_x0.7,22,13,0.23076923076923078,0.23076923076923078,0.661599185128597,1,True,0,False,1.0
pc7,cruise,iforest,cmq_x0.5,22,13,0.07692307692307693,0.07692307692307693,0.4832840173903522,3,False,0,False,1.0
pc7,cruise,iforest,inertia_x1.6,22,22,0.13636363636363635,0.22727272727272727,1.0,1,True,0,False,1.0
pc7,cruise,ks,clo_+0.1,22,13,0.23076923076923078,0.3076923076923077,0.7883193729347576,1,True,18,True,0.18181818181818177
pc7,cruise,ks,cmalpha_x0.7,22,13,0.15384615384615385,0.23076923076923078,0.6096852579824715,1,True,1,True,0.9545454545454546
pc7,cruise,ks,cmq_x0.5,22,13,0.23076923076923078,0.38461538461538464,0.7026070420807263,1,True,1,True,0.9545454545454546
pc7,cruise,ks,inertia_x1.6,22,22,0.13636363636363635,0.22727272727272727,1.0,1,True,6,True,0.7272727272727273
pc7,cruise,regression,clo_+0.1,22,13,0.15384615384615385,0.15384615384615385,0.5837905644407192,1,True,2,True,0.9090909090909091
pc7,cruise,regression,cmalpha_x0.7,22,13,0.0,0.15384615384615385,0.4758590335334798,4,False,6,True,0.7272727272727273
pc7,cruise,regression,cmq_x0.5,22,13,0.07692307692307693,0.23076923076923078,0.558715165189921,3,False,6,True,0.7272727272727273
pc7,cruise,regression,inertia_x1.6,22,22,0.13636363636363635,0.22727272727272727,1.0,1,True,0,False,1.0
pc7,cruise,sig_dynamic,clo_+0.1,22,13,0.07692307692307693,0.15384615384615385,0.6496128871128872,1,True,7,True,0.6818181818181819
pc7,cruise,sig_dynamic,cmalpha_x0.7,22,13,0.15384615384615385,0.3076923076923077,0.6654453389747508,1,True,5,True,0.7727272727272727
pc7,cruise,sig_dynamic,cmq_x0.5,22,13,0.15384615384615385,0.3076923076923077,0.7045911690648533,2,False,4,True,0.8181818181818181
pc7,cruise,sig_dynamic,inertia_x1.6,22,22,0.13636363636363635,0.22727272727272727,1.0,1,True,9,True,0.5909090909090908
pc7,cruise,sig_static,clo_+0.1,22,13,0.15384615384615385,0.23076923076923078,0.7343907726260668,1,True,7,True,0.6818181818181819
pc7,cruise,sig_static,cmalpha_x0.7,22,13,0.15384615384615385,0.23076923076923078,0.6225079288814702,1,True,2,True,0.9090909090909091
pc7,cruise,sig_static,cmq_x0.5,22,13,0.15384615384615385,0.3076923076923077,0.7161296306033148,2,False,3,True,0.8636363636363636
pc7,cruise,sig_static,inertia_x1.6,22,22,0.13636363636363635,0.22727272727272727,1.0,1,True,6,True,0.7272727272727273
pc7,elev_doublet,envelope,clo_+0.1,22,13,0.23076923076923078,0.23076923076923078,0.7297071518225364,1,True,12,True,0.4545454545454546
pc7,elev_doublet,envelope,cmalpha_x0.7,22,13,0.15384615384615385,0.23076923076923078,0.5394848701350249,2,False,22,True,0.0
pc7,elev_doublet,envelope,cmq_x0.5,22,13,0.07692307692307693,0.15384615384615385,0.5263977121949257,3,False,20,True,0.09090909090909094
pc7,elev_doublet,envelope,inertia_x1.6,22,22,0.13636363636363635,0.22727272727272727,1.0,1,True,5,True,0.7727272727272727
pc7,elev_doublet,iforest,clo_+0.1,22,13,0.23076923076923078,0.3076923076923077,0.642147592028516,1,True,22,True,0.0
pc7,elev_doublet,iforest,cmalpha_x0.7,22,13,0.23076923076923078,0.23076923076923078,0.8010130894746279,1,True,0,False,1.0
pc7,elev_doublet,iforest,cmq_x0.5,22,13,0.15384615384615385,0.23076923076923078,0.6808889378727436,1,True,1,True,0.9545454545454546
pc7,elev_doublet,iforest,inertia_x1.6,22,22,0.13636363636363635,0.22727272727272727,1.0,1,True,1,True,0.9545454545454546
pc7,elev_doublet,ks,clo_+0.1,22,13,0.23076923076923078,0.38461538461538464,0.8664375944502164,1,True,3,True,0.8636363636363636
pc7,elev_doublet,ks,cmalpha_x0.7,22,13,0.15384615384615385,0.3076923076923077,0.6027434441402052,2,False,17,True,0.2272727272727273
pc7,elev_doublet,ks,cmq_x0.5,22,13,0.23076923076923078,0.3076923076923077,0.7052245398220631,1,True,11,True,0.5
pc7,elev_doublet,ks,inertia_x1.6,22,22,0.13636363636363635,0.22727272727272727,1.0,1,True,2,True,0.9090909090909091
pc7,elev_doublet,regression,clo_+0.1,22,13,0.23076923076923078,0.3076923076923077,0.7602391674373098,1,True,1,True,0.9545454545454546
pc7,elev_doublet,regression,cmalpha_x0.7,22,13,0.23076923076923078,0.38461538461538464,0.8588373730342056,1,True,15,True,0.31818181818181823
pc7,elev_doublet,regression,cmq_x0.5,22,13,0.0,0.07692307692307693,0.5045895899104996,5,False,9,True,0.5909090909090908
pc7,elev_doublet,regression,inertia_x1.6,22,22,0.13636363636363635,0.22727272727272727,1.0,1,True,1,True,0.9545454545454546
pc7,elev_doublet,sig_dynamic,clo_+0.1,22,13,0.15384615384615385,0.15384615384615385,0.5893538720283182,1,True,2,True,0.9090909090909091
pc7,elev_doublet,sig_dynamic,cmalpha_x0.7,22,13,0.15384615384615385,0.23076923076923078,0.739086150017324,1,True,2,True,0.9090909090909091
pc7,elev_doublet,sig_dynamic,cmq_x0.5,22,13,0.23076923076923078,0.3076923076923077,0.793327660141187,1,True,2,True,0.9090909090909091
pc7,elev_doublet,sig_dynamic,inertia_x1.6,22,22,0.13636363636363635,0.22727272727272727,1.0,1,True,0,False,1.0
pc7,elev_doublet,sig_static,clo_+0.1,22,13,0.15384615384615385,0.3076923076923077,0.6165164530370533,2,False,0,False,1.0
pc7,elev_doublet,sig_static,cmalpha_x0.7,22,13,0.15384615384615385,0.15384615384615385,0.6583246825149658,1,True,0,False,1.0
pc7,elev_doublet,sig_static,cmq_x0.5,22,13,0.15384615384615385,0.3076923076923077,0.7188436563436563,1,True,0,False,1.0
pc7,elev_doublet,sig_static,inertia_x1.6,22,22,0.13636363636363635,0.22727272727272727,1.0,1,True,1,True,0.9545454545454546
pc7,elev_doublet_distractor,envelope,clo_+0.1,22,13,0.15384615384615385,0.3076923076923077,0.7064982660957894,1,True,18,True,0.18181818181818177
pc7,elev_doublet_distractor,envelope,cmalpha_x0.7,22,13,0.15384615384615385,0.23076923076923078,0.5415686523658659,2,False,20,True,0.09090909090909094
pc7,elev_doublet_distractor,envelope,cmq_x0.5,22,13,0.23076923076923078,0.3076923076923077,0.6707389102125945,1,True,17,True,0.2272727272727273
pc7,elev_doublet_distractor,envelope,inertia_x1.6,22,22,0.13636363636363635,0.22727272727272727,1.0,1,True,10,True,0.5454545454545454
pc7,elev_doublet_distractor,iforest,clo_+0.1,22,13,0.15384615384615385,0.23076923076923078,0.6942621282821331,1,True,22,True,0.0
pc7,elev_doublet_distractor,iforest,cmalpha_x0.7,22,13,0.15384615384615385,0.23076923076923078,0.6147239000448098,1,True,0,False,1.0
pc7,elev_doublet_distractor,iforest,cmq_x0.5,22,13,0.07692307692307693,0.07692307692307693,0.4504819612791749,2,False,0,False,1.0
pc7,elev_doublet_distractor,iforest,inertia_x1.6,22,22,0.13636363636363635,0.22727272727272727,1.0,1,True,0,False,1.0
pc7,elev_doublet_distractor,ks,clo_+0.1,22,13,0.23076923076923078,0.38461538461538464,1.0,1,True,13,True,0.40909090909090906
pc7,elev_doublet_distractor,ks,cmalpha_x0.7,22,13,0.23076923076923078,0.3076923076923077,0.6475268281769829,1,True,6,True,0.7272727272727273
pc7,elev_doublet_distractor,ks,cmq_x0.5,22,13,0.23076923076923078,0.23076923076923078,0.676844685242518,1,True,1,True,0.9545454545454546
pc7,elev_doublet_distractor,ks,inertia_x1.6,22,22,0.13636363636363635,0.22727272727272727,1.0,1,True,7,True,0.6818181818181819
pc7,elev_doublet_distractor,regression,clo_+0.1,22,13,0.07692307692307693,0.23076923076923078,0.5500040181035655,3,False,9,True,0.5909090909090908
pc7,elev_doublet_distractor,regression,cmalpha_x0.7,22,13,0.23076923076923078,0.38461538461538464,0.8364565989565989,1,True,14,True,0.36363636363636365
pc7,elev_doublet_distractor,regression,cmq_x0.5,22,13,0.0,0.15384615384615385,0.4829687366958145,4,False,2,True,0.9090909090909091
pc7,elev_doublet_distractor,regression,inertia_x1.6,22,22,0.13636363636363635,0.22727272727272727,1.0,1,True,4,True,0.8181818181818181
pc7,elev_doublet_distractor,sig_dynamic,clo_+0.1,22,13,0.15384615384615385,0.23076923076923078,0.6394598990752836,2,False,13,True,0.40909090909090906
pc7,elev_doublet_distractor,sig_dynamic,cmalpha_x0.7,22,13,0.15384615384615385,0.23076923076923078,0.6860520456495689,1,True,3,True,0.8636363636363636
pc7,elev_doublet_distractor,sig_dynamic,cmq_x0.5,22,13,0.15384615384615385,0.23076923076923078,0.5659643735376052,2,False,5,True,0.7727272727272727
pc7,elev_doublet_distractor,sig_dynamic,inertia_x1.6,22,22,0.13636363636363635,0.22727272727272727,1.0,1,True,2,True,0.9090909090909091
pc7,elev_doublet_distractor,sig_static,clo_+0.1,22,13,0.15384615384615385,0.15384615384615385,0.5395203721948184,2,False,6,True,0.7272727272727273
pc7,elev_doublet_distractor,sig_static,cmalpha_x0.7,22,13,0.15384615384615385,0.23076923076923078,0.590914712288849,1,True,3,True,0.8636363636363636
pc7,elev_doublet_distractor,sig_static,cmq_x0.5,22,13,0.07692307692307693,0.15384615384615385,0.5229977624714466,2,False,3,True,0.8636363636363636
pc7,elev_doublet_distractor,sig_static,inertia_x1.6,22,22,0.13636363636363635,0.22727272727272727,1.0,1,True,2,True,0.9090909090909091
pc7,elev_step,envelope,clo_+0.1,22,13,0.23076923076923078,0.38461538461538464,0.9240288369247647,1,True,15,True,0.31818181818181823
pc7,elev_step,envelope,cmalpha_x0.7,22,13,0.23076923076923078,0.3076923076923077,0.7600784836078953,1,True,22,True,0.0
pc7,elev_step,envelope,cmq_x0.5,22,13,0.15384615384615385,0.3076923076923077,0.8074842703801981,1,True,19,True,0.13636363636363635
pc7,elev_step,envelope,inertia_x1.6,22,22,0.13636363636363635,0.22727272727272727,1.0,1,True,0,False,1.0
pc7,elev_step,iforest,clo_+0.1,22,13,0.15384615384615385,0.3076923076923077,0.7335286058970271,1,True,22,True,0.0
pc7,elev_step,iforest,cmalpha_x0.7,22,13,0.15384615384615385,0.3076923076923077,0.7829710385140248,2,False,0,False,1.0
pc7,elev_step,iforest,cmq_x0.5,22,13,0.15384615384615385,0.23076923076923078,0.5937776533751765,2,False,0,False,1.0
pc7,elev_step,iforest,inertia_x1.6,22,22,0.13636363636363635,0.22727272727272727,1.0,1,True,0,False,1.0
pc7,elev_step,ks,clo_+0.1,22,13,0.15384615384615385,0.23076923076923078,0.7759129759129759,1,True,17,True,0.2272727272727273
pc7,elev_step,ks,cmalpha_x0.7,22,13,0.07692307692307693,0.07692307692307693,0.49112589502265613,2,False,1,True,0.9545454545454546
pc7,elev_step,ks,cmq_x0.5,22,13,0.23076923076923078,0.23076923076923078,0.6901042333734642,1,True,4,True,0.8181818181818181
pc7,elev_step,ks,inertia_x1.6,22,22,0.13636363636363635,0.22727272727272727,1.0,1,True,4,True,0.8181818181818181
pc7,elev_step,regression,clo_+0.1,22,13,0.23076923076923078,0.38461538461538464,0.9669202592279516,1,True,8,True,0.6363636363636364
pc7,elev_step,regression,cmalpha_x0.7,22,13,0.23076923076923078,0.38461538461538464,0.8859484757258037,1,True,6,True,0.7272727272727273
pc7,elev_step,regression,cmq_x0.5,22,13,0.07692307692307693,0.23076923076923078,0.5646567742542975,3,False,7,True,0.6818181818181819
pc7,elev_step,regression,inertia_x1.6,22,22,0.13636363636363635,0.22727272727272727,1.0,1,True,0,False,1.0
pc7,elev_step,sig_dynamic,clo_+0.1,22,13,0.07692307692307693,0.23076923076923078,0.6351523476523476,2,False,9,True,0.5909090909090908
pc7,elev_step,sig_dynamic,cmalpha_x0.7,22,13,0.0,0.07692307692307693,0.45845436218144,4,False,3,True,0.8636363636363636
pc7,elev_step,sig_dynamic,cmq_x0.5,22,13,0.23076923076923078,0.38461538461538464,0.8732588992204376,1,True,3,True,0.8636363636363636
pc7,elev_step,sig_dynamic,inertia_x1.6,22,22,0.13636363636363635,0.22727272727272727,1.0,1,True,0,False,1.0
pc7,elev_step,sig_static,clo_+0.1,22,13,0.0,0.0,0.4698147629143104,6,False,7,True,0.6818181818181819
pc7,elev_step,sig_static,cmalpha_x0.7,22,13,0.0,0.07692307692307693,0.4599048724554797,5,False,3,True,0.8636363636363636
pc7,elev_step,sig_static,cmq_x0.5,22,13,0.07692307692307693,0.07692307692307693,0.5056898167192284,2,False,3,True,0.8636363636363636
pc7,elev_step,sig_static,inertia_x1.6,22,22,0.13636363636363635,0.22727272727272727,1.0,1,True,3,True,0.8636363636363636
pc7,flap_extend,envelope,clo_+0.1,22,13,0.15384615384615385,0.3076923076923077,0.7364756975051093,1,True,12,True,0.4545454545454546
pc7,flap_extend,envelope,cmalpha_x0.7,22,13,0.07692307692307693,0.07692307692307693,0.4392265500237636,2,False,17,True,0.2272727272727273
pc7,flap_extend,envelope,cmq_x0.5,22,13,0.07692307692307693,0.07692307692307693,0.4837085637365466,1,True,10,True,0.5454545454545454
pc7,flap_extend,envelope,inertia_x1.6,22,22,0.13636363636363635,0.22727272727272727,1.0,1,True,0,False,1.0
pc7,flap_extend,iforest,clo_+0.1,22,13,0.0,0.07692307692307693,0.5594920602273544,5,False,22,True,0.0
pc7,flap_extend,iforest,cmalpha_x0.7,22,13,0.15384615384615385,0.3076923076923077,0.6732122066100394,1,True,0,False,1.0
pc7,flap_extend,iforest,cmq_x0.5,22,13,0.0,0.07692307692307693,0.5140172742369693,5,False,0,False,1.0
pc7,flap_extend,iforest,inertia_x1.6,22,22,0.13636363636363635,0.22727272727272727,1.0,1,True,0,False,1.0
pc7,flap_extend,ks,clo_+0.1,22,13,0.15384615384615385,0.3076923076923077,0.680224539822063,1,True,16,True,0.2727272727272727
pc7,flap_extend,ks,cmalpha_x0.7,22,13,0.15384615384615385,0.15384615384615385,0.5372541634359924,1,True,4,True,0.8181818181818181
pc7,flap_extend,ks,cmq_x0.5,22,13,0.15384615384615385,0.3076923076923077,0.5910685805422646,2,False,5,True,0.7727272727272727
pc7,flap_extend,ks,inertia_x1.6,22,22,0.13636363636363635,0.22727272727272727,1.0,1,True,5,True,0.7727272727272727
pc7,flap_extend,regression,clo_+0.1,22,13,0.07692307692307693,0.23076923076923078,0.6194098887537802,3,False,12,True,0.4545454545454546
pc7,flap_extend,regression,cmalpha_x0.7,22,13,0.15384615384615385,0.15384615384615385,0.6377256908633426,1,True,0,False,1.0
pc7,flap_extend,regression,cmq_x0.5,22,13,0.0,0.0,0.4265837441117269,7,False,0,False,1.0
pc7,flap_extend,regression,inertia_x1.6,22,22,0.13636363636363635,0.22727272727272727,1.0,1,True,0,False,1.0
pc7,flap_extend,sig_dynamic,clo_+0.1,22,13,0.15384615384615385,0.3076923076923077,0.6311099117600665,2,False,8,True,0.6363636363636364
pc7,flap_extend,sig_dynamic,cmalpha_x0.7,22,13,0.15384615384615385,0.3076923076923077,0.614637920558973,2,False,2,True,0.9090909090909091
pc7,flap_extend,sig_dynamic,cmq_x0.5,22,13,0.0,0.07692307692307693,0.4868885388116157,5,False,0,False,1.0
pc7,flap_extend,sig_dynamic,inertia_x1.6,22,22,0.13636363636363635,0.22727272727272727,1.0,1,True,0,False,1.0
pc7,flap_extend,sig_static,clo_+0.1,22,13,0.07692307692307693,0.15384615384615385,0.6431765041076782,1,True,8,True,0.6363636363636364
pc7,flap_extend,sig_static,cmalpha_x0.7,22,13,0.15384615384615385,0.15384615384615385,0.6165013349223876,1,True,0,False,1.0
pc7,flap_extend,sig_static,cmq_x0.5,22,13,0.15384615384615385,0.23076923076923078,0.639869152836526,1,True,1,True,0.9545454545454546
pc7,flap_extend,sig_static,inertia_x1.6,22,22,0.13636363636363635,0.22727272727272727,1.0,1,True,0,False,1.0
pc7,rudder_doublet,envelope,clo_+0.1,22,13,0.15384615384615385,0.15384615384615385,0.6760124292632033,1,True,18,True,0.18181818181818177
pc7,rudder_doublet,envelope,cmalpha_x0.7,22,13,0.07692307692307693,0.15384615384615385,0.5452536267283826,1,True,13,True,0.40909090909090906
pc7,rudder_doublet,envelope,cmq_x0.5,22,13,0.15384615384615385,0.23076923076923078,0.6972137313349507,1,True,10,True,0.5454545454545454
pc7,rudder_doublet,envelope,inertia_x1.6,22,22,0.13636363636363635,0.22727272727272727,1.0,1,True,2,True,0.9090909090909091
pc7,rudder_doublet,iforest,clo_+0.1,22,13,0.15384615384615385,0.23076923076923078,0.6260306944517471,2,False,22,True,0.0
pc7,rudder_doublet,iforest,cmalpha_x0.7,22,13,0.07692307692307693,0.07692307692307693,0.5148662948942777,1,True,0,False,1.0
pc7,rudder_doublet,iforest,cmq_x0.5,22,13,0.0,0.0,0.430159335187318,6,False,0,False,1.0
pc7,rudder_doublet,iforest,inertia_x1.6,22,22,0.13636363636363635,0.22727272727272727,1.0,1,True,0,False,1.0
pc7,rudder_doublet,ks,clo_+0.1,22,13,0.15384615384615385,0.23076923076923078,0.7813289499524316,1,True,7,True,0.6818181818181819
pc7,rudder_doublet,ks,cmalpha_x0.7,22,13,0.07692307692307693,0.23076923076923078,0.5077913185885322,2,False,0,False,1.0
pc7,rudder_doublet,ks,cmq_x0.5,22,13,0.07692307692307693,0.15384615384615385,0.5520080684048294,1,True,1,True,0.9545454545454546
pc7,rudder_doublet,ks,inertia_x1.6,22,22,0.13636363636363635,0.22727272727272727,1.0,1,True,8,True,0.6363636363636364
pc7,rudder_doublet,regression,clo_+0.1,22,13,0.15384615384615385,0.15384615384615385,0.5812360653424,1,True,2,True,0.9090909090909091
pc7,rudder_doublet,regression,cmalpha_x0.7,22,13,0.23076923076923078,0.38461538461538464,0.9124209124209124,1,True,2,True,0.9090909090909091
pc7,rudder_doublet,regression,cmq_x0.5,22,13,0.23076923076923078,0.38461538461538464,0.8425196535490653,1,True,2,True,0.9090909090909091
pc7,rudder_doublet,regression,inertia_x1.6,22,22,0.13636363636363635,0.22727272727272727,1.0,1,True,0,False,1.0
pc7,rudder_doublet,sig_dynamic,clo_+0.1,22,13,0.15384615384615385,0.3076923076923077,0.7582036553190399,1,True,6,True,0.7272727272727273
pc7,rudder_doublet,sig_dynamic,cmalpha_x0.7,22,13,0.07692307692307693,0.15384615384615385,0.5138094748388865,2,False,1,True,0.9545454545454546
pc7,rudder_doublet,sig_dynamic,cmq_x0.5,22,13,0.07692307692307693,0.23076923076923078,0.5389601497573634,3,False,2,True,0.9090909090909091
pc7,rudder_doublet,sig_dynamic,inertia_x1.6,22,22,0.13636363636363635,0.22727272727272727,1.0,1,True,6,True,0.7272727272727273
pc7,rudder_doublet,sig_static,clo_+0.1,22,13,0.15384615384615385,0.23076923076923078,0.7041197275509016,1,True,2,True,0.9090909090909091
pc7,rudder_doublet,sig_static,cmalpha_x0.7,22,13,0.15384615384615385,0.15384615384615385,0.5172344709615488,2,False,0,False,1.0
pc7,rudder_doublet,sig_static,cmq_x0.5,22,13,0.0,0.15384615384615385,0.5176317216296973,4,False,1,True,0.9545454545454546
pc7,rudder_doublet,sig_static,inertia_x1.6,22,22,0.13636363636363635,0.22727272727272727,1.0,1,True,6,True,0.7272727272727273
pc7,throttle_step,envelope,clo_+0.1,22,13,0.23076923076923078,0.3076923076923077,0.7477459073434306,1,True,16,True,0.2727272727272727
pc7,throttle_step,envelope,cmalpha_x0.7,22,13,0.23076923076923078,0.23076923076923078,0.6491438386175228,1,True,8,True,0.6363636363636364
pc7,throttle_step,envelope,cmq_x0.5,22,13,0.15384615384615385,0.3076923076923077,0.6412049826017436,1,True,11,True,0.5
pc7,throttle_step,envelope,inertia_x1.6,22,22,0.13636363636363635,0.22727272727272727,1.0,1,True,0,False,1.0
pc7,throttle_step,iforest,clo_+0.1,22,13,0.15384615384615385,0.15384615384615385,0.5440662536637768,2,False,22,True,0.0
pc7,throttle_step,iforest,cmalpha_x0.7,22,13,0.23076923076923078,0.23076923076923078,0.7538942392449179,1,True,0,False,1.0
pc7,throttle_step,iforest,cmq_x0.5,22,13,0.15384615384615385,0.3076923076923077,0.7619144744144746,1,True,0,False,1.0
pc7,throttle_step,iforest,inertia_x1.6,22,22,0.13636363636363635,0.22727272727272727,1.0,1,True,0,False,1.0
pc7,throttle_step,ks,clo_+0.1,22,13,0.23076923076923078,0.3076923076923077,0.8948784121861044,1,True,3,True,0.8636363636363636
pc7,throttle_step,ks,cmalpha_x0.7,22,13,0.07692307692307693,0.07692307692307693,0.5279409573914218,1,True,1,True,0.9545454545454546
pc7,throttle_step,ks,cmq_x0.5,22,13,0.07692307692307693,0.15384615384615385,0.5323510537251903,1,True,1,True,0.9545454545454546
pc7,throttle_step,ks,inertia_x1.6,22,22,0.13636363636363635,0.22727272727272727,1.0,1,True,0,False,1.0
pc7,throttle_step,regression,clo_+0.1,22,13,0.15384615384615385,0.3076923076923077,0.6518657561643987,2,False,2,True,0.9090909090909091
pc7,throttle_step,regression,cmalpha_x0.7,22,13,0.15384615384615385,0.23076923076923078,0.6356710540921067,2,False,0,False,1.0
pc7,throttle_step,regression,cmq_x0.5,22,13,0.15384615384615385,0.15384615384615385,0.6128185718385766,2,False,0,False,1.0
pc7,throttle_step,regression,inertia_x1.6,22,22,0.13636363636363635,0.22727272727272727,1.0,1,True,0,False,1.0
pc7,throttle_step,sig_dynamic,clo_+0.1,22,13,0.15384615384615385,0.3076923076923077,0.8401392411007796,1,True,11,True,0.5
pc7,throttle_step,sig_dynamic,cmalpha_x0.7,22,13,0.07692307692307693,0.23076923076923078,0.604019372440425,2,False,1,True,0.9545454545454546
pc7,throttle_step,sig_dynamic,cmq_x0.5,22,13,0.15384615384615385,0.23076923076923078,0.590220099817623,1,True,2,True,0.9090909090909091
pc7,throttle_step,sig_dynamic,inertia_x1.6,22,22,0.13636363636363635,0.22727272727272727,1.0,1,True,0,False,1.0
pc7,throttle_step,sig_static,clo_+0.1,22,13,0.15384615384615385,0.3076923076923077,0.753673272296754,2,False,7,True,0.6818181818181819
pc7,throttle_step,sig_static,cmalpha_x0.7,22,13,0.0,0.15384615384615385,0.57106381287734,4,False,1,False,0.9545454545454546
pc7,throttle_step,sig_static,cmq_x0.5,22,13,0.0,0.15384615384615385,0.5393740425116943,4,False,0,False,1.0
pc7,throttle_step,sig_static,inertia_x1.6,22,22,0.13636363636363635,0.22727272727272727,1.0,1,True,0,False,1.0
t6texan2,aileron_step,envelope,clo_+0.1,22,13,0.23076923076923078,0.23076923076923078,0.6147686361427728,1,True,15,True,0.31818181818181823
t6texan2,aileron_step,envelope,cmalpha_x0.7,22,13,0.23076923076923078,0.3076923076923077,0.6747493605465742,1,True,5,True,0.7727272727272727
t6texan2,aileron_step,envelope,cmq_x0.5,22,13,0.15384615384615385,0.3076923076923077,0.6305185913158049,1,True,4,True,0.8181818181818181
t6texan2,aileron_step,envelope,inertia_x1.6,22,22,0.13636363636363635,0.22727272727272727,1.0,1,True,15,True,0.31818181818181823
t6texan2,aileron_step,iforest,clo_+0.1,22,13,0.23076923076923078,0.23076923076923078,0.7282612937590311,1,True,22,True,0.0
t6texan2,aileron_step,iforest,cmalpha_x0.7,22,13,0.23076923076923078,0.38461538461538464,0.8446050681344798,1,True,1,True,0.9545454545454546
t6texan2,aileron_step,iforest,cmq_x0.5,22,13,0.23076923076923078,0.23076923076923078,0.7164618444982818,1,True,0,False,1.0
t6texan2,aileron_step,iforest,inertia_x1.6,22,22,0.13636363636363635,0.22727272727272727,1.0,1,True,0,False,1.0
t6texan2,aileron_step,ks,clo_+0.1,22,13,0.23076923076923078,0.3076923076923077,0.7496164568145992,1,True,6,True,0.7272727272727273
t6texan2,aileron_step,ks,cmalpha_x0.7,22,13,0.15384615384615385,0.23076923076923078,0.5798682424188496,1,True,0,False,1.0
t6texan2,aileron_step,ks,cmq_x0.5,22,13,0.23076923076923078,0.23076923076923078,0.6276819671556514,1,True,1,False,0.9545454545454546
t6texan2,aileron_step,ks,inertia_x1.6,22,22,0.13636363636363635,0.22727272727272727,1.0,1,True,6,True,0.7272727272727273
t6texan2,aileron_step,regression,clo_+0.1,22,13,0.23076923076923078,0.3076923076923077,0.6830826938799076,1,True,6,True,0.7272727272727273
t6texan2,aileron_step,regression,cmalpha_x0.7,22,13,0.23076923076923078,0.3076923076923077,0.6554728037700174,1,True,3,True,0.8636363636363636
t6texan2,aileron_step,regression,cmq_x0.5,22,13,0.23076923076923078,0.3076923076923077,0.6356467964440101,1,True,3,True,0.8636363636363636
t6texan2,aileron_step,regression,inertia_x1.6,22,22,0.13636363636363635,0.22727272727272727,1.0,1,True,10,True,0.5454545454545454
t6texan2,aileron_step,sig_dynamic,clo_+0.1,22,13,0.0,0.07692307692307693,0.49598666793236923,5,False,3,True,0.8636363636363636
t6texan2,aileron_step,sig_dynamic,cmalpha_x0.7,22,13,0.23076923076923078,0.38461538461538464,0.8532704726143641,1,True,3,True,0.8636363636363636
t6texan2,aileron_step,sig_dynamic,cmq_x0.5,22,13,0.23076923076923078,0.38461538461538464,0.8878522736822332,1,True,2,True,0.9090909090909091
t6texan2,aileron_step,sig_dynamic,inertia_x1.6,22,22,0.13636363636363635,0.22727272727272727,1.0,1,True,1,True,0.9545454545454546
t6texan2,aileron_step,sig_static,clo_+0.1,22,13,0.23076923076923078,0.3076923076923077,0.7767073738227585,1,True,2,True,0.9090909090909091
t6texan2,aileron_step,sig_static,cmalpha_x0.7,22,13,0.23076923076923078,0.38461538461538464,0.7791485561222404,1,True,3,True,0.8636363636363636
t6texan2,aileron_step,sig_static,cmq_x0.5,22,13,0.23076923076923078,0.38461538461538464,0.77832295909219,1,True,1,True,0.9545454545454546
t6texan2,aileron_step,sig_static,inertia_x1.6,22,22,0.13636363636363635,0.22727272727272727,1.0,1,True,1,True,0.9545454545454546
t6texan2,bank_hold,envelope,clo_+0.1,22,13,0.23076923076923078,0.23076923076923078,0.6354052879326754,1,True,11,True,0.5
t6texan2,bank_hold,envelope,cmalpha_x0.7,22,13,0.23076923076923078,0.38461538461538464,0.9408882783882784,1,True,5,True,0.7727272727272727
t6texan2,bank_hold,envelope,cmq_x0.5,22,13,0.15384615384615385,0.3076923076923077,0.7546339288242123,1,True,1,True,0.9545454545454546
t6texan2,bank_hold,envelope,inertia_x1.6,22,22,0.13636363636363635,0.22727272727272727,1.0,1,True,12,True,0.4545454545454546
t6texan2,bank_hold,iforest,clo_+0.1,22,13,0.23076923076923078,0.23076923076923078,0.7614428557867471,1,True,22,True,0.0
t6texan2,bank_hold,iforest,cmalpha_x0.7,22,13,0.23076923076923078,0.38461538461538464,0.8251532906510283,1,True,22,True,0.0
t6texan2,bank_hold,iforest,cmq_x0.5,22,13,0.15384615384615385,0.15384615384615385,0.7087652454317136,1,True,0,False,1.0
t6texan2,bank_hold,iforest,inertia_x1.6,22,22,0.13636363636363635,0.22727272727272727,1.0,1,True,0,False,1.0
t6texan2,bank_hold,ks,clo_+0.1,22,13,0.23076923076923078,0.23076923076923078,0.737203473869942,1,True,4,True,0.8181818181818181
t6texan2,bank_hold,ks,cmalpha_x0.7,22,13,0.15384615384615385,0.15384615384615385,0.612052473471859,1,True,0,False,1.0
t6texan2,bank_hold,ks,cmq_x0.5,22,13,0.23076923076923078,0.3076923076923077,0.7347409477083209,1,True,1,True,0.9545454545454546
t6texan2,bank_hold,ks,inertia_x1.6,22,22,0.13636363636363635,0.22727272727272727,1.0,1,True,3,True,0.8636363636363636
t6texan2,bank_hold,regression,clo_+0.1,22,13,0.23076923076923078,0.23076923076923078,0.651270160867684,1,True,11,True,0.5
t6texan2,bank_hold,regression,cmalpha_x0.7,22,13,0.23076923076923078,0.38461538461538464,0.9945054945054945,1,True,8,True,0.6363636363636364
t6texan2,bank_hold,regression,cmq_x0.5,22,13,0.23076923076923078,0.23076923076923078,0.6221112934854302,1,True,3,True,0.8636363636363636
t6texan2,bank_hold,regression,inertia_x1.6,22,22,0.13636363636363635,0.22727272727272727,1.0,1,True,9,True,0.5909090909090908
t6texan2,bank_hold,sig_dynamic,clo_+0.1,22,13,0.07692307692307693,0.07692307692307693,0.5902443710136018,1,True,9,True,0.5909090909090908
t6texan2,bank_hold,sig_dynamic,cmalpha_x0.7,22,13,0.23076923076923078,0.38461538461538464,0.7383843287510827,1,True,11,True,0.5
t6texan2,bank_hold,sig_dynamic,cmq_x0.5,22,13,0.23076923076923078,0.38461538461538464,0.8194129525577487,1,True,1,True,0.9545454545454546
t6texan2,bank_hold,sig_dynamic,inertia_x1.6,22,22,0.13636363636363635,0.22727272727272727,1.0,1,True,4,True,0.8181818181818181
t6texan2,bank_hold,sig_static,clo_+0.1,22,13,0.15384615384615385,0.23076923076923078,0.6096416404108711,2,False,11,True,0.5
t6texan2,bank_hold,sig_static,cmalpha_x0.7,22,13,0.23076923076923078,0.3076923076923077,0.800937950937951,1,True,4,True,0.8181818181818181
t6texan2,bank_hold,sig_static,cmq_x0.5,22,13,0.15384615384615385,0.23076923076923078,0.6216258044699341,1,True,3,True,0.8636363636363636
t6texan2,bank_hold,sig_static,inertia_x1.6,22,22,0.13636363636363635,0.22727272727272727,1.0,1,True,2,True,0.9090909090909091
t6texan2,climbing_turn,envelope,clo_+0.1,22,13,0.23076923076923078,0.23076923076923078,0.6093189576161712,1,True,16,True,0.2727272727272727
t6texan2,climbing_turn,envelope,cmalpha_x0.7,22,13,0.23076923076923078,0.3076923076923077,0.7885900047664756,1,True,16,True,0.2727272727272727
t6texan2,climbing_turn,envelope,cmq_x0.5,22,13,0.15384615384615385,0.15384615384615385,0.6256703710145005,1,True,19,True,0.13636363636363635
t6texan2,climbing_turn,envelope,inertia_x1.6,22,22,0.13636363636363635,0.22727272727272727,1.0,1,True,18,True,0.18181818181818177
t6texan2,climbing_turn,iforest,clo_+0.1,22,13,0.15384615384615385,0.15384615384615385,0.5597364134634912,1,True,22,True,0.0
t6texan2,climbing_turn,iforest,cmalpha_x0.7,22,13,0.07692307692307693,0.23076923076923078,0.5960646825852826,1,True,22,True,0.0
t6texan2,climbing_turn,iforest,cmq_x0.5,22,13,0.15384615384615385,0.23076923076923078,0.5547430847710676,1,True,22,True,0.0
t6texan2,climbing_turn,iforest,inertia_x1.6,22,22,0.13636363636363635,0.22727272727272727,1.0,1,True,19,True,0.13636363636363635
t6texan2,climbing_turn,ks,clo_+0.1,22,13,0.23076923076923078,0.23076923076923078,0.5931982193800484,1,True,7,True,0.6818181818181819
t6texan2,climbing_turn,ks,cmalpha_x0.7,22,13,0.0,0.0,0.4239738540018368,6,False,8,False,0.6363636363636364
t6texan2,climbing_turn,ks,cmq_x0.5,22,13,0.23076923076923078,0.23076923076923078,0.6202165990448913,1,True,15,True,0.31818181818181823
t6texan2,climbing_turn,ks,inertia_x1.6,22,22,0.13636363636363635,0.22727272727272727,1.0,1,True,22,True,0.0
t6texan2,climbing_turn,regression,clo_+0.1,22,13,0.23076923076923078,0.38461538461538464,0.8429056237879766,1,True,18,True,0.18181818181818177
t6texan2,climbing_turn,regression,cmalpha_x0.7,22,13,0.23076923076923078,0.38461538461538464,0.8922607307222692,1,True,6,True,0.7272727272727273
t6texan2,climbing_turn,regression,cmq_x0.5,22,13,0.23076923076923078,0.38461538461538464,0.9454202660085012,1,True,6,True,0.7272727272727273
t6texan2,climbing_turn,regression,inertia_x1.6,22,22,0.13636363636363635,0.22727272727272727,1.0,1,True,20,True,0.09090909090909094
t6texan2,climbing_turn,sig_dynamic,clo_+0.1,22,13,0.07692307692307693,0.15384615384615385,0.5427745268808616,1,True,17,True,0.2272727272727273
t6texan2,climbing_turn,sig_dynamic,cmalpha_x0.7,22,13,0.23076923076923078,0.23076923076923078,0.7233504967816707,1,True,14,True,0.36363636363636365
t6texan2,climbing_turn,sig_dynamic,cmq_x0.5,22,13,0.15384615384615385,0.15384615384615385,0.5369611495117568,1,True,8,True,0.6363636363636364
t6texan2,climbing_turn,sig_dynamic,inertia_x1.6,22,22,0.13636363636363635,0.22727272727272727,1.0,1,True,17,True,0.2272727272727273
t6texan2,climbing_turn,sig_static,clo_+0.1,22,13,0.23076923076923078,0.23076923076923078,0.7518016726995055,1,True,17,True,0.2272727272727273
t6texan2,climbing_turn,sig_static,cmalpha_x0.7,22,13,0.15384615384615385,0.23076923076923078,0.6856752697964892,1,True,8,True,0.6363636363636364
t6texan2,climbing_turn,sig_static,cmq_x0.5,22,13,0.15384615384615385,0.23076923076923078,0.6389916644441531,1,True,8,True,0.6363636363636364
t6texan2,climbing_turn,sig_static,inertia_x1.6,22,22,0.13636363636363635,0.22727272727272727,1.0,1,True,12,True,0.4545454545454546
t6texan2,cruise,envelope,clo_+0.1,22,13,0.23076923076923078,0.3076923076923077,0.6467907806649174,1,True,17,True,0.2272727272727273
t6texan2,cruise,envelope,cmalpha_x0.7,22,13,0.23076923076923078,0.38461538461538464,0.9421568627450981,1,True,7,True,0.6818181818181819
t6texan2,cruise,envelope,cmq_x0.5,22,13,0.23076923076923078,0.38461538461538464,0.9669202592279516,1,True,5,True,0.7727272727272727
t6texan2,cruise,envelope,inertia_x1.6,22,22,0.13636363636363635,0.22727272727272727,1.0,1,True,12,True,0.4545454545454546
t6texan2,cruise,iforest,clo_+0.1,22,13,0.23076923076923078,0.23076923076923078,0.637194249744857,1,True,22,True,0.0
t6texan2,cruise,iforest,cmalpha_x0.7,22,13,0.23076923076923078,0.38461538461538464,0.7746996553498102,1,True,22,True,0.0
t6texan2,cruise,iforest,cmq_x0.5,22,13,0.23076923076923078,0.23076923076923078,0.6154836262808399,1,True,7,True,0.6818181818181819
t6texan2,cruise,iforest,inertia_x1.6,22,22,0.13636363636363635,0.22727272727272727,1.0,1,True,6,True,0.7272727272727273
t6texan2,cruise,ks,clo_+0.1,22,13,0.23076923076923078,0.3076923076923077,0.8692706865783789,1,True,17,True,0.2272727272727273
t6texan2,cruise,ks,cmalpha_x0.7,22,13,0.23076923076923078,0.38461538461538464,0.9685314685314685,1,True,4,True,0.8181818181818181
t6texan2,cruise,ks,cmq_x0.5,22,13,0.23076923076923078,0.38461538461538464,1.0,1,True,5,True,0.7727272727272727
t6texan2,cruise,ks,inertia_x1.6,22,22,0.13636363636363635,0.22727272727272727,1.0,1,True,6,True,0.7272727272727273
t6texan2,cruise,regression,clo_+0.1,22,13,0.23076923076923078,0.38461538461538464,0.8936371320986706,1,True,7,True,0.6818181818181819
t6texan2,cruise,regression,cmalpha_x0.7,22,13,0.23076923076923078,0.38461538461538464,0.8721028971028972,1,True,7,True,0.6818181818181819
t6texan2,cruise,regression,cmq_x0.5,22,13,0.23076923076923078,0.38461538461538464,0.8283127089628639,1,True,4,True,0.8181818181818181
t6texan2,cruise,regression,inertia_x1.6,22,22,0.13636363636363635,0.22727272727272727,1.0,1,True,5,True,0.7727272727272727
t6texan2,cruise,sig_dynamic,clo_+0.1,22,13,0.23076923076923078,0.38461538461538464,0.8000873058565368,1,True,10,True,0.5454545454545454
t6texan2,cruise,sig_dynamic,cmalpha_x0.7,22,13,0.23076923076923078,0.38461538461538464,0.9685314685314685,1,True,6,True,0.7272727272727273
t6texan2,cruise,sig_dynamic,cmq_x0.5,22,13,0.23076923076923078,0.38461538461538464,0.7573542556514694,1,True,0,False,1.0
t6texan2,cruise,sig_dynamic,inertia_x1.6,22,22,0.13636363636363635,0.22727272727272727,1.0,1,True,0,False,1.0
t6texan2,cruise,sig_static,clo_+0.1,22,13,0.23076923076923078,0.38461538461538464,0.8416638916638918,1,True,7,True,0.6818181818181819
t6texan2,cruise,sig_static,cmalpha_x0.7,22,13,0.23076923076923078,0.38461538461538464,0.9645011850894203,1,True,10,True,0.5454545454545454
t6texan2,cruise,sig_static,cmq_x0.5,22,13,0.23076923076923078,0.3076923076923077,0.6712565926307293,1,True,0,False,1.0
t6texan2,cruise,sig_static,inertia_x1.6,22,22,0.13636363636363635,0.22727272727272727,1.0,1,True,0,False,1.0
t6texan2,elev_doublet,envelope,clo_+0.1,22,13,0.15384615384615385,0.15384615384615385,0.5372541634359924,1,True,17,True,0.2272727272727273
t6texan2,elev_doublet,envelope,cmalpha_x0.7,22,13,0.0,0.0,0.4650346015552017,7,False,12,True,0.4545454545454546
t6texan2,elev_doublet,envelope,cmq_x0.5,22,13,0.23076923076923078,0.23076923076923078,0.6818650921860019,1,True,5,True,0.7727272727272727
t6texan2,elev_doublet,envelope,inertia_x1.6,22,22,0.13636363636363635,0.22727272727272727,1.0,1,True,13,True,0.40909090909090906
t6texan2,elev_doublet,iforest,clo_+0.1,22,13,0.23076923076923078,0.23076923076923078,0.7519212122718909,1,True,22,True,0.0
t6texan2,elev_doublet,iforest,cmalpha_x0.7,22,13,0.23076923076923078,0.3076923076923077,0.7423217751659047,1,True,9,True,0.5909090909090908
t6texan2,elev_doublet,iforest,cmq_x0.5,22,13,0.23076923076923078,0.3076923076923077,0.8565961815961816,1,True,0,False,1.0
t6texan2,elev_doublet,iforest,inertia_x1.6,22,22,0.13636363636363635,0.22727272727272727,1.0,1,True,0,False,1.0
t6texan2,elev_doublet,ks,clo_+0.1,22,13,0.23076923076923078,0.23076923076923078,0.6483933447674814,1,True,13,True,0.40909090909090906
t6texan2,elev_doublet,ks,cmalpha_x0.7,22,13,0.07692307692307693,0.23076923076923078,0.523967450149279,1,True,8,True,0.6363636363636364
t6texan2,elev_doublet,ks,cmq_x0.5,22,13,0.23076923076923078,0.23076923076923078,0.610494171291385,1,True,0,False,1.0
t6texan2,elev_doublet,ks,inertia_x1.6,22,22,0.13636363636363635,0.22727272727272727,1.0,1,True,5,True,0.7727272727272727
t6texan2,elev_doublet,regression,clo_+0.1,22,13,0.23076923076923078,0.23076923076923078,0.6924936174936176,1,True,18,True,0.18181818181818177
t6texan2,elev_doublet,regression,cmalpha_x0.7,22,13,0.23076923076923078,0.3076923076923077,0.7042610167610168,1,True,10,True,0.5454545454545454
t6texan2,elev_doublet,regression,cmq_x0.5,22,13,0.23076923076923078,0.3076923076923077,0.7319345521774672,1,True,5,True,0.7727272727272727
t6texan2,elev_doublet,regression,inertia_x1.6,22,22,0.13636363636363635,0.22727272727272727,1.0,1,True,14,True,0.36363636363636365
t6texan2,elev_doublet,sig_dynamic,clo_+0.1,22,13,0.23076923076923078,0.3076923076923077,0.7360152667844976,1,True,12,True,0.4545454545454546
t6texan2,elev_doublet,sig_dynamic,cmalpha_x0.7,22,13,0.23076923076923078,0.38461538461538464,0.919080919080919,1,True,8,True,0.6363636363636364
t6texan2,elev_doublet,sig_dynamic,cmq_x0.5,22,13,0.23076923076923078,0.38461538461538464,0.9031757715968243,1,True,1,False,0.9545454545454546
t6texan2,elev_doublet,sig_dynamic,inertia_x1.6,22,22,0.13636363636363635,0.22727272727272727,1.0,1,True,7,True,0.6818181818181819
t6texan2,elev_doublet,sig_static,clo_+0.1,22,13,0.23076923076923078,0.38461538461538464,0.7814150160125393,1,True,11,True,0.5
t6texan2,elev_doublet,sig_static,cmalpha_x0.7,22,13,0.23076923076923078,0.38461538461538464,0.8763692447902975,1,True,5,True,0.7727272727272727
t6texan2,elev_doublet,sig_static,cmq_x0.5,22,13,0.23076923076923078,0.38461538461538464,0.9291541791541792,1,True,3,False,0.8636363636363636
t6texan2,elev_doublet,sig_static,inertia_x1.6,22,22,0.13636363636363635,0.22727272727272727,1.0,1,True,5,True,0.7727272727272727
t6texan2,elev_doublet_distractor,envelope,clo_+0.1,22,13,0.23076923076923078,0.23076923076923078,0.6449960256461804,1,True,15,True,0.31818181818181823
t6texan2,elev_doublet_distractor,envelope,cmalpha_x0.7,22,13,0.23076923076923078,0.38461538461538464,0.8260502655239499,1,True,13,True,0.40909090909090906
t6texan2,elev_doublet_distractor,envelope,cmq_x0.5,22,13,0.23076923076923078,0.23076923076923078,0.6330378669120036,1,True,4,True,0.8181818181818181
t6texan2,elev_doublet_distractor,envelope,inertia_x1.6,22,22,0.13636363636363635,0.22727272727272727,1.0,1,True,14,True,0.36363636363636365
t6texan2,elev_doublet_distractor,iforest,clo_+0.1,22,13,0.23076923076923078,0.3076923076923077,0.8519982154597538,1,True,22,True,0.0
t6texan2,elev_doublet_distractor,iforest,cmalpha_x0.7,22,13,0.15384615384615385,0.23076923076923078,0.530250910278893,2,False,17,True,0.2272727272727273
t6texan2,elev_doublet_distractor,iforest,cmq_x0.5,22,13,0.07692307692307693,0.07692307692307693,0.5127110006634893,3,False,0,False,1.0
t6texan2,elev_doublet_distractor,iforest,inertia_x1.6,22,22,0.13636363636363635,0.22727272727272727,1.0,1,True,0,False,1.0
t6texan2,elev_doublet_distractor,ks,clo_+0.1,22,13,0.23076923076923078,0.38461538461538464,0.9730769230769231,1,True,12,True,0.4545454545454546
t6texan2,elev_doublet_distractor,ks,cmalpha_x0.7,22,13,0.23076923076923078,0.38461538461538464,0.9428904428904429,1,True,5,True,0.7727272727272727
t6texan2,elev_doublet_distractor,ks,cmq_x0.5,22,13,0.23076923076923078,0.38461538461538464,0.9237301160378084,1,True,2,True,0.9090909090909091
t6texan2,elev_doublet_distractor,ks,inertia_x1.6,22,22,0.13636363636363635,0.22727272727272727,1.0,1,True,10,True,0.5454545454545454
t6texan2,elev_doublet_distractor,regression,clo_+0.1,22,13,0.23076923076923078,0.38461538461538464,0.8260502655239499,1,True,15,True,0.31818181818181823
t6texan2,elev_doublet_distractor,regression,cmalpha_x0.7,22,13,0.23076923076923078,0.38461538461538464,0.9355644355644356,1,True,10,True,0.5454545454545454
t6texan2,elev_doublet_distractor,regression,cmq_x0.5,22,13,0.23076923076923078,0.38461538461538464,0.9355644355644356,1,True,4,True,0.8181818181818181
t6texan2,elev_doublet_distractor,regression,inertia_x1.6,22,22,0.13636363636363635,0.22727272727272727,1.0,1,True,12,True,0.4545454545454546
t6texan2,elev_doublet_distractor,sig_dynamic,clo_+0.1,22,13,0.23076923076923078,0.3076923076923077,0.6868012963988195,1,True,10,True,0.5454545454545454
t6texan2,elev_doublet_distractor,sig_dynamic,cmalpha_x0.7,22,13,0.23076923076923078,0.38461538461538464,0.8069576278554607,1,True,0,False,1.0
t6texan2,elev_doublet_distractor,sig_dynamic,cmq_x0.5,22,13,0.15384615384615385,0.3076923076923077,0.7135864135864136,1,True,0,False,1.0
t6texan2,elev_doublet_distractor,sig_dynamic,inertia_x1.6,22,22,0.13636363636363635,0.22727272727272727,1.0,1,True,5,True,0.7727272727272727
t6texan2,elev_doublet_distractor,sig_static,clo_+0.1,22,13,0.23076923076923078,0.3076923076923077,0.7862887112887115,1,True,3,True,0.8636363636363636
t6texan2,elev_doublet_distractor,sig_static,cmalpha_x0.7,22,13,0.23076923076923078,0.38461538461538464,0.8730299614914999,1,True,0,False,1.0
t6texan2,elev_doublet_distractor,sig_static,cmq_x0.5,22,13,0.23076923076923078,0.3076923076923077,0.8342893217893218,1,True,1,False,0.9545454545454546
t6texan2,elev_doublet_distractor,sig_static,inertia_x1.6,22,22,0.13636363636363635,0.22727272727272727,1.0,1,True,1,True,0.9545454545454546
t6texan2,elev_step,envelope,clo_+0.1,22,13,0.15384615384615385,0.15384615384615385,0.5618372726344861,1,True,13,True,0.40909090909090906
t6texan2,elev_step,envelope,cmalpha_x0.7,22,13,0.23076923076923078,0.38461538461538464,0.8162822471646002,1,True,20,True,0.09090909090909094
t6texan2,elev_step,envelope,cmq_x0.5,22,13,0.15384615384615385,0.23076923076923078,0.6582200565172702,1,True,7,True,0.6818181818181819
t6texan2,elev_step,envelope,inertia_x1.6,22,22,0.13636363636363635,0.22727272727272727,1.0,1,True,9,True,0.5909090909090908
t6texan2,elev_step,iforest,clo_+0.1,22,13,0.23076923076923078,0.3076923076923077,0.6900332510626629,1,True,22,True,0.0
t6texan2,elev_step,iforest,cmalpha_x0.7,22,13,0.23076923076923078,0.38461538461538464,0.958309234625024,1,True,22,True,0.0
t6texan2,elev_step,iforest,cmq_x0.5,22,13,0.23076923076923078,0.3076923076923077,0.8738643385404519,1,True,0,False,1.0
t6texan2,elev_step,iforest,inertia_x1.6,22,22,0.13636363636363635,0.22727272727272727,1.0,1,True,0,False,1.0
t6texan2,elev_step,ks,clo_+0.1,22,13,0.23076923076923078,0.3076923076923077,0.6655370231102549,1,True,11,True,0.5
t6texan2,elev_step,ks,cmalpha_x0.7,22,13,0.23076923076923078,0.3076923076923077,0.7991730491730492,1,True,12,True,0.4545454545454546
t6texan2,elev_step,ks,cmq_x0.5,22,13,0.23076923076923078,0.23076923076923078,0.7147455743430975,1,True,1,True,0.9545454545454546
t6texan2,elev_step,ks,inertia_x1.6,22,22,0.13636363636363635,0.22727272727272727,1.0,1,True,4,True,0.8181818181818181
t6texan2,elev_step,regression,clo_+0.1,22,13,0.23076923076923078,0.3076923076923077,0.7892936913447749,1,True,15,True,0.31818181818181823
t6texan2,elev_step,regression,cmalpha_x0.7,22,13,0.23076923076923078,0.38461538461538464,0.9663050624589086,1,True,21,True,0.045454545454545414
t6texan2,elev_step,regression,cmq_x0.5,22,13,0.23076923076923078,0.3076923076923077,0.6893098001070138,1,True,9,True,0.5909090909090908
t6texan2,elev_step,regression,inertia_x1.6,22,22,0.13636363636363635,0.22727272727272727,1.0,1,True,9,True,0.5909090909090908
t6texan2,elev_step,sig_dynamic,clo_+0.1,22,13,0.0,0.07692307692307693,0.42947838988562964,5,False,8,False,0.6363636363636364
t6texan2,elev_step,sig_dynamic,cmalpha_x0.7,22,13,0.23076923076923078,0.3076923076923077,0.744129155158567,1,True,12,True,0.4545454545454546
t6texan2,elev_step,sig_dynamic,cmq_x0.5,22,13,0.15384615384615385,0.3076923076923077,0.6638519246491383,1,True,3,True,0.8636363636363636
t6texan2,elev_step,sig_dynamic,inertia_x1.6,22,22,0.13636363636363635,0.22727272727272727,1.0,1,True,3,True,0.8636363636363636
t6texan2,elev_step,sig_static,clo_+0.1,22,13,0.0,0.15384615384615385,0.5125041625041624,4,False,5,False,0.7727272727272727
t6texan2,elev_step,sig_static,cmalpha_x0.7,22,13,0.15384615384615385,0.3076923076923077,0.6866347962323195,1,True,10,True,0.5454545454545454
t6texan2,elev_step,sig_static,cmq_x0.5,22,13,0.23076923076923078,0.38461538461538464,0.8810411810411811,1,True,1,True,0.9545454545454546
t6texan2,elev_step,sig_static,inertia_x1.6,22,22,0.13636363636363635,0.22727272727272727,1.0,1,True,1,True,0.9545454545454546
t6texan2,flap_extend,envelope,clo_+0.1,22,13,0.15384615384615385,0.23076923076923078,0.5887603495575632,1,True,16,True,0.2727272727272727
t6texan2,flap_extend,envelope,cmalpha_x0.7,22,13,0.15384615384615385,0.23076923076923078,0.7040702886856735,1,True,20,True,0.09090909090909094
t6texan2,flap_extend,envelope,cmq_x0.5,22,13,0.15384615384615385,0.23076923076923078,0.6410615363044513,1,True,17,True,0.2272727272727273
t6texan2,flap_extend,envelope,inertia_x1.6,22,22,0.13636363636363635,0.22727272727272727,1.0,1,True,12,True,0.4545454545454546
t6texan2,flap_extend,iforest,clo_+0.1,22,13,0.23076923076923078,0.3076923076923077,0.7798736007714335,1,True,22,True,0.0
t6texan2,flap_extend,iforest,cmalpha_x0.7,22,13,0.15384615384615385,0.23076923076923078,0.6841850708366546,1,True,0,False,1.0
t6texan2,flap_extend,iforest,cmq_x0.5,22,13,0.07692307692307693,0.07692307692307693,0.4911165701145458,2,False,0,False,1.0
t6texan2,flap_extend,iforest,inertia_x1.6,22,22,0.13636363636363635,0.22727272727272727,1.0,1,True,0,False,1.0
t6texan2,flap_extend,ks,clo_+0.1,22,13,0.23076923076923078,0.3076923076923077,0.6846831924261074,1,True,10,True,0.5454545454545454
t6texan2,flap_extend,ks,cmalpha_x0.7,22,13,0.23076923076923078,0.38461538461538464,0.8928442902127114,1,True,19,True,0.13636363636363635
t6texan2,flap_extend,ks,cmq_x0.5,22,13,0.23076923076923078,0.3076923076923077,0.729051504051504,1,True,8,True,0.6363636363636364
t6texan2,flap_extend,ks,inertia_x1.6,22,22,0.13636363636363635,0.22727272727272727,1.0,1,True,7,True,0.6818181818181819
t6texan2,flap_extend,regression,clo_+0.1,22,13,0.15384615384615385,0.15384615384615385,0.6519834489291502,1,True,20,True,0.09090909090909094
t6texan2,flap_extend,regression,cmalpha_x0.7,22,13,0.23076923076923078,0.38461538461538464,0.8662833898128016,1,True,20,True,0.09090909090909094
t6texan2,flap_extend,regression,cmq_x0.5,22,13,0.07692307692307693,0.23076923076923078,0.627132156430799,1,True,18,True,0.18181818181818177
t6texan2,flap_extend,regression,inertia_x1.6,22,22,0.13636363636363635,0.22727272727272727,1.0,1,True,11,True,0.5
t6texan2,flap_extend,sig_dynamic,clo_+0.1,22,13,0.0,0.0,0.42316934805027207,8,False,5,False,0.7727272727272727
t6texan2,flap_extend,sig_dynamic,cmalpha_x0.7,22,13,0.23076923076923078,0.38461538461538464,0.7389961534192303,1,True,13,True,0.40909090909090906
t6texan2,flap_extend,sig_dynamic,cmq_x0.5,22,13,0.15384615384615385,0.15384615384615385,0.6249619661384366,1,True,6,True,0.7272727272727273
t6texan2,flap_extend,sig_dynamic,inertia_x1.6,22,22,0.13636363636363635,0.22727272727272727,1.0,1,True,3,True,0.8636363636363636
t6texan2,flap_extend,sig_static,clo_+0.1,22,13,0.07692307692307693,0.07692307692307693,0.4738823079886428,2,False,1,False,0.9545454545454546
t6texan2,flap_extend,sig_static,cmalpha_x0.7,22,13,0.23076923076923078,0.3076923076923077,0.7915225799841183,1,True,8,True,0.6363636363636364
t6texan2,flap_extend,sig_static,cmq_x0.5,22,13,0.15384615384615385,0.15384615384615385,0.5335699123982047,1,True,1,True,0.9545454545454546
t6texan2,flap_extend,sig_static,inertia_x1.6,22,22,0.13636363636363635,0.22727272727272727,1.0,1,True,1,True,0.9545454545454546
t6texan2,rudder_doublet,envelope,clo_+0.1,22,13,0.23076923076923078,0.3076923076923077,0.6795019420525493,1,True,16,True,0.2727272727272727
t6texan2,rudder_doublet,envelope,cmalpha_x0.7,22,13,0.23076923076923078,0.38461538461538464,0.8570903455518841,1,True,5,True,0.7727272727272727
t6texan2,rudder_doublet,envelope,cmq_x0.5,22,13,0.23076923076923078,0.3076923076923077,0.7526806526806527,1,True,3,True,0.8636363636363636
t6texan2,rudder_doublet,envelope,inertia_x1.6,22,22,0.13636363636363635,0.22727272727272727,1.0,1,True,21,True,0.045454545454545414
t6texan2,rudder_doublet,iforest,clo_+0.1,22,13,0.23076923076923078,0.38461538461538464,0.8368778538283181,1,True,22,True,0.0
t6texan2,rudder_doublet,iforest,cmalpha_x0.7,22,13,0.23076923076923078,0.3076923076923077,0.72716093675846,1,True,2,True,0.9090909090909091
t6texan2,rudder_doublet,iforest,cmq_x0.5,22,13,0.15384615384615385,0.23076923076923078,0.7107680503191338,1,True,1,True,0.9545454545454546
t6texan2,rudder_doublet,iforest,inertia_x1.6,22,22,0.13636363636363635,0.22727272727272727,1.0,1,True,0,False,1.0
t6texan2,rudder_doublet,ks,clo_+0.1,22,13,0.23076923076923078,0.3076923076923077,0.6647828290362228,1,True,11,True,0.5
t6texan2,rudder_doublet,ks,cmalpha_x0.7,22,13,0.07692307692307693,0.23076923076923078,0.49297280377001734,3,False,1,True,0.9545454545454546
t6texan2,rudder_doublet,ks,cmq_x0.5,22,13,0.15384615384615385,0.23076923076923078,0.6311596169568306,1,True,1,True,0.9545454545454546
t6texan2,rudder_doublet,ks,inertia_x1.6,22,22,0.13636363636363635,0.22727272727272727,1.0,1,True,19,True,0.13636363636363635
t6texan2,rudder_doublet,regression,clo_+0.1,22,13,0.23076923076923078,0.3076923076923077,0.722113451563916,1,True,13,True,0.40909090909090906
t6texan2,rudder_doublet,regression,cmalpha_x0.7,22,13,0.15384615384615385,0.3076923076923077,0.6662328770300907,1,True,3,True,0.8636363636363636
t6texan2,rudder_doublet,regression,cmq_x0.5,22,13,0.15384615384615385,0.3076923076923077,0.6217731700703837,2,False,3,True,0.8636363636363636
t6texan2,rudder_doublet,regression,inertia_x1.6,22,22,0.13636363636363635,0.22727272727272727,1.0,1,True,12,True,0.4545454545454546
t6texan2,rudder_doublet,sig_dynamic,clo_+0.1,22,13,0.23076923076923078,0.38461538461538464,0.7584296680271913,1,True,8,True,0.6363636363636364
t6texan2,rudder_doublet,sig_dynamic,cmalpha_x0.7,22,13,0.23076923076923078,0.23076923076923078,0.6594105327077463,1,True,3,True,0.8636363636363636
t6texan2,rudder_doublet,sig_dynamic,cmq_x0.5,22,13,0.15384615384615385,0.15384615384615385,0.48299111878833234,2,False,0,False,1.0
t6texan2,rudder_doublet,sig_dynamic,inertia_x1.6,22,22,0.13636363636363635,0.22727272727272727,1.0,1,True,12,True,0.4545454545454546
t6texan2,rudder_doublet,sig_static,clo_+0.1,22,13,0.15384615384615385,0.15384615384615385,0.6351323770828414,1,True,4,False,0.8181818181818181
t6texan2,rudder_doublet,sig_static,cmalpha_x0.7,22,13,0.23076923076923078,0.3076923076923077,0.7904789654789656,1,True,2,True,0.9090909090909091
t6texan2,rudder_doublet,sig_static,cmq_x0.5,22,13,0.15384615384615385,0.3076923076923077,0.618613829411043,1,True,0,False,1.0
t6texan2,rudder_doublet,sig_static,inertia_x1.6,22,22,0.13636363636363635,0.22727272727272727,1.0,1,True,13,True,0.40909090909090906
t6texan2,throttle_step,envelope,clo_+0.1,22,13,0.23076923076923078,0.3076923076923077,0.6464526572498708,1,True,13,True,0.40909090909090906
t6texan2,throttle_step,envelope,cmalpha_x0.7,22,13,0.23076923076923078,0.38461538461538464,0.9562040523578985,1,True,2,True,0.9090909090909091
t6texan2,throttle_step,envelope,cmq_x0.5,22,13,0.15384615384615385,0.3076923076923077,0.7840354090354091,1,True,5,True,0.7727272727272727
t6texan2,throttle_step,envelope,inertia_x1.6,22,22,0.13636363636363635,0.22727272727272727,1.0,1,True,9,True,0.5909090909090908
t6texan2,throttle_step,iforest,clo_+0.1,22,13,0.15384615384615385,0.23076923076923078,0.6638720055843181,2,False,22,True,0.0
t6texan2,throttle_step,iforest,cmalpha_x0.7,22,13,0.15384615384615385,0.23076923076923078,0.703554559475612,1,True,22,True,0.0
t6texan2,throttle_step,iforest,cmq_x0.5,22,13,0.23076923076923078,0.38461538461538464,0.762142621740145,1,True,0,False,1.0
t6texan2,throttle_step,iforest,inertia_x1.6,22,22,0.13636363636363635,0.22727272727272727,1.0,1,True,0,False,1.0
t6texan2,throttle_step,ks,clo_+0.1,22,13,0.23076923076923078,0.3076923076923077,0.7191551998053546,1,True,13,True,0.40909090909090906
t6texan2,throttle_step,ks,cmalpha_x0.7,22,13,0.23076923076923078,0.38461538461538464,0.7743561263298108,1,True,0,False,1.0
t6texan2,throttle_step,ks,cmq_x0.5,22,13,0.23076923076923078,0.38461538461538464,0.8478329243987736,1,True,2,True,0.9090909090909091
t6texan2,throttle_step,ks,inertia_x1.6,22,22,0.13636363636363635,0.22727272727272727,1.0,1,True,3,True,0.8636363636363636
t6texan2,throttle_step,regression,clo_+0.1,22,13,0.23076923076923078,0.3076923076923077,0.8363705738705739,1,True,11,True,0.5
t6texan2,throttle_step,regression,cmalpha_x0.7,22,13,0.23076923076923078,0.38461538461538464,0.9092039182536921,1,True,4,True,0.8181818181818181
t6texan2,throttle_step,regression,cmq_x0.5,22,13,0.23076923076923078,0.38461538461538464,0.9100122100122099,1,True,4,True,0.8181818181818181
t6texan2,throttle_step,regression,inertia_x1.6,22,22,0.13636363636363635,0.22727272727272727,1.0,1,True,5,True,0.7727272727272727
t6texan2,throttle_step,sig_dynamic,clo_+0.1,22,13,0.0,0.0,0.4374853425133253,6,False,18,True,0.18181818181818177
t6texan2,throttle_step,sig_dynamic,cmalpha_x0.7,22,13,0.23076923076923078,0.38461538461538464,0.841022866022866,1,True,4,True,0.8181818181818181
t6texan2,throttle_step,sig_dynamic,cmq_x0.5,22,13,0.23076923076923078,0.38461538461538464,0.8363220113220114,1,True,7,True,0.6818181818181819
t6texan2,throttle_step,sig_dynamic,inertia_x1.6,22,22,0.13636363636363635,0.22727272727272727,1.0,1,True,7,True,0.6818181818181819
t6texan2,throttle_step,sig_static,clo_+0.1,22,13,0.07692307692307693,0.07692307692307693,0.5501013880538766,1,True,19,True,0.13636363636363635
t6texan2,throttle_step,sig_static,cmalpha_x0.7,22,13,0.23076923076923078,0.3076923076923077,0.7288418846111154,1,True,10,True,0.5454545454545454
t6texan2,throttle_step,sig_static,cmq_x0.5,22,13,0.23076923076923078,0.3076923076923077,0.6757006151742994,1,True,4,True,0.8181818181818181
t6texan2,throttle_step,sig_static,inertia_x1.6,22,22,0.13636363636363635,0.22727272727272727,1.0,1,True,4,True,0.8181818181818181
