fault,set,kind,aircraft,test_case,n_matched,n_cand,n_missing,structural,propagated,es1_max,es1_output,es_max,observable,n_observable_outputs,n_flag_05,min_p
B_elevator_drag_8819410c,development,model,737,cruise,10,10,0,False,True,0.0270535573969312,velocities/p-rad_sec,0.9046687726141242,False,0.0,9.0,0.0013997200559888
B_ground_effect_9c058118,development,model,737,cruise,10,10,0,False,False,0.0,position/h-sl-ft,0.0,False,0.0,2.0,0.0291941611677664
B_pqrdot_5ad2694c,development,cpp,737,cruise,10,10,0,False,True,0.6977797732176247,accelerations/pdot-rad_sec2,0.7325864307946409,False,0.0,3.0,0.0023995200959808
B_turbine_windmill_2db8e408,development,cpp,737,cruise,10,10,0,False,False,0.0,position/h-sl-ft,0.0,False,0.0,2.0,0.0291941611677664
B2_turbine_throttle_init_c8af9244,heldout,cpp,737,cruise,10,10,0,False,False,0.0,position/h-sl-ft,0.0,False,0.0,2.0,0.0291941611677664
B2_turbine_thruster_inputs_20066483,heldout,cpp,737,cruise,10,10,0,False,False,0.0,position/h-sl-ft,0.0,False,0.0,2.0,0.0291941611677664
B2_wheel_spin_down_8a9fba1c,heldout,cpp,737,cruise,10,10,0,False,False,0.0,position/h-sl-ft,0.0,False,0.0,2.0,0.0291941611677664
B2_sensor_fail_stuck_f543d634,heldout,cpp,737,cruise,10,10,0,False,False,0.0,position/h-sl-ft,0.0,False,0.0,2.0,0.0291941611677664
B2_atmosphere_high_altitude_61f1e8c3,heldout,cpp,737,cruise,10,10,0,False,False,0.0,position/h-sl-ft,0.0,False,0.0,2.0,0.0291941611677664
B2_load_factor_sign_c3fa7d22,heldout,cpp,737,cruise,10,10,0,False,False,0.0,position/h-sl-ft,0.0,False,0.0,2.0,0.0291941611677664
B2_propeller_inflow_angle_82cc3893,heldout,cpp,737,cruise,10,10,0,False,False,0.0,position/h-sl-ft,0.0,False,0.0,2.0,0.0291941611677664
B2_atmosphere_gradient_fadeout_05b709c8,heldout,cpp,737,cruise,10,10,0,False,False,0.0,position/h-sl-ft,0.0,False,0.0,2.0,0.0291941611677664
B_elevator_drag_8819410c,development,model,737,throttle_step,10,10,0,False,True,0.326995737962418,attitude/psi-rad,0.4349284194916308,False,0.0,4.0,0.0001999600079984
B_ground_effect_9c058118,development,model,737,throttle_step,10,10,0,False,False,0.0,position/h-sl-ft,0.0,False,0.0,0.0,0.1307738452309538
B_pqrdot_5ad2694c,development,cpp,737,throttle_step,10,10,0,False,True,0.0108202719298768,accelerations/qdot-rad_sec2,0.0105137986002851,False,0.0,0.0,0.1299740051989602
B_turbine_windmill_2db8e408,development,cpp,737,throttle_step,10,10,0,False,False,0.0,position/h-sl-ft,0.0,False,0.0,0.0,0.1307738452309538
B2_turbine_throttle_init_c8af9244,heldout,cpp,737,throttle_step,10,10,0,False,False,0.0,position/h-sl-ft,0.0,False,0.0,0.0,0.1307738452309538
B2_turbine_thruster_inputs_20066483,heldout,cpp,737,throttle_step,10,10,0,False,False,0.0,position/h-sl-ft,0.0,False,0.0,0.0,0.1307738452309538
B2_wheel_spin_down_8a9fba1c,heldout,cpp,737,throttle_step,10,10,0,False,False,0.0,position/h-sl-ft,0.0,False,0.0,0.0,0.1307738452309538
B2_sensor_fail_stuck_f543d634,heldout,cpp,737,throttle_step,10,10,0,False,False,0.0,position/h-sl-ft,0.0,False,0.0,0.0,0.1307738452309538
B2_atmosphere_high_altitude_61f1e8c3,heldout,cpp,737,throttle_step,10,10,0,False,False,0.0,position/h-sl-ft,0.0,False,0.0,0.0,0.1307738452309538
B2_load_factor_sign_c3fa7d22,heldout,cpp,737,throttle_step,10,10,0,False,False,0.0,position/h-sl-ft,0.0,False,0.0,0.0,0.1307738452309538
B2_propeller_inflow_angle_82cc3893,heldout,cpp,737,throttle_step,10,10,0,False,False,0.0,position/h-sl-ft,0.0,False,0.0,0.0,0.1307738452309538
B2_atmosphere_gradient_fadeout_05b709c8,heldout,cpp,737,throttle_step,10,10,0,False,False,0.0,position/h-sl-ft,0.0,False,0.0,0.0,0.1307738452309538
B_elevator_drag_8819410c,development,model,737,elev_doublet,10,10,0,False,True,0.9533155875797732,accelerations/vdot-ft_sec2,1.0656951816504618,True,1.0,13.0,0.0001999600079984
B_ground_effect_9c058118,development,model,737,elev_doublet,10,10,0,False,False,0.0,position/h-sl-ft,0.0,False,0.0,0.0,0.052989402119576
B_pqrdot_5ad2694c,development,cpp,737,elev_doublet,10,10,0,False,True,10.688700510787998,accelerations/pdot-rad_sec2,12.034372807903235,True,1.0,2.0,0.0001999600079984
B_turbine_windmill_2db8e408,development,cpp,737,elev_doublet,10,10,0,False,False,0.0,position/h-sl-ft,0.0,False,0.0,0.0,0.052989402119576
B2_turbine_throttle_init_c8af9244,heldout,cpp,737,elev_doublet,10,10,0,False,False,0.0,position/h-sl-ft,0.0,False,0.0,0.0,0.052989402119576
B2_turbine_thruster_inputs_20066483,heldout,cpp,737,elev_doublet,10,10,0,False,False,0.0,position/h-sl-ft,0.0,False,0.0,0.0,0.052989402119576
B2_wheel_spin_down_8a9fba1c,heldout,cpp,737,elev_doublet,10,10,0,False,False,0.0,position/h-sl-ft,0.0,False,0.0,0.0,0.052989402119576
B2_sensor_fail_stuck_f543d634,heldout,cpp,737,elev_doublet,10,10,0,False,False,0.0,position/h-sl-ft,0.0,False,0.0,0.0,0.052989402119576
B2_atmosphere_high_altitude_61f1e8c3,heldout,cpp,737,elev_doublet,10,10,0,False,False,0.0,position/h-sl-ft,0.0,False,0.0,0.0,0.052989402119576
B2_load_factor_sign_c3fa7d22,heldout,cpp,737,elev_doublet,10,10,0,False,False,0.0,position/h-sl-ft,0.0,False,0.0,0.0,0.052989402119576
B2_propeller_inflow_angle_82cc3893,heldout,cpp,737,elev_doublet,10,10,0,False,False,0.0,position/h-sl-ft,0.0,False,0.0,0.0,0.052989402119576
B2_atmosphere_gradient_fadeout_05b709c8,heldout,cpp,737,elev_doublet,10,10,0,False,False,0.0,position/h-sl-ft,0.0,False,0.0,0.0,0.052989402119576
B_elevator_drag_8819410c,development,model,737,elev_step,10,10,0,False,True,1.6604778671152889,accelerations/udot-ft_sec2,1.5327711243773996,True,6.0,11.0,0.0001999600079984
B_ground_effect_9c058118,development,model,737,elev_step,10,10,0,False,False,0.0,position/h-sl-ft,0.0,False,0.0,0.0,0.0577884423115376
B_pqrdot_5ad2694c,development,cpp,737,elev_step,10,10,0,False,True,12.14209649441113,accelerations/pdot-rad_sec2,11.584416248170124,True,2.0,1.0,0.0001999600079984
B_turbine_windmill_2db8e408,development,cpp,737,elev_step,10,10,0,False,False,0.0,position/h-sl-ft,0.0,False,0.0,0.0,0.0577884423115376
B2_turbine_throttle_init_c8af9244,heldout,cpp,737,elev_step,10,10,0,False,False,0.0,position/h-sl-ft,0.0,False,0.0,0.0,0.0577884423115376
B2_turbine_thruster_inputs_20066483,heldout,cpp,737,elev_step,10,10,0,False,False,0.0,position/h-sl-ft,0.0,False,0.0,0.0,0.0577884423115376
B2_wheel_spin_down_8a9fba1c,heldout,cpp,737,elev_step,10,10,0,False,False,0.0,position/h-sl-ft,0.0,False,0.0,0.0,0.0577884423115376
B2_sensor_fail_stuck_f543d634,heldout,cpp,737,elev_step,10,10,0,False,False,0.0,position/h-sl-ft,0.0,False,0.0,0.0,0.0577884423115376
B2_atmosphere_high_altitude_61f1e8c3,heldout,cpp,737,elev_step,10,10,0,False,False,0.0,position/h-sl-ft,0.0,False,0.0,0.0,0.0577884423115376
B2_load_factor_sign_c3fa7d22,heldout,cpp,737,elev_step,10,10,0,False,False,0.0,position/h-sl-ft,0.0,False,0.0,0.0,0.0577884423115376
B2_propeller_inflow_angle_82cc3893,heldout,cpp,737,elev_step,10,10,0,False,False,0.0,position/h-sl-ft,0.0,False,0.0,0.0,0.0577884423115376
B2_atmosphere_gradient_fadeout_05b709c8,heldout,cpp,737,elev_step,10,10,0,False,False,0.0,position/h-sl-ft,0.0,False,0.0,0.0,0.0577884423115376
B_elevator_drag_8819410c,development,model,737,aileron_step,10,10,0,False,True,0.0160052853874751,accelerations/udot-ft_sec2,0.0245665831892518,False,0.0,1.0,0.048990201959608
B_ground_effect_9c058118,development,model,737,aileron_step,10,10,0,False,False,0.0,position/h-sl-ft,0.0,False,0.0,0.0,0.242751449710058
B_pqrdot_5ad2694c,development,cpp,737,aileron_step,10,10,0,False,True,0.016061136126943,accelerations/rdot-rad_sec2,0.0147218697876969,False,0.0,0.0,0.242751449710058
B_turbine_windmill_2db8e408,development,cpp,737,aileron_step,10,10,0,False,False,0.0,position/h-sl-ft,0.0,False,0.0,0.0,0.242751449710058
B2_turbine_throttle_init_c8af9244,heldout,cpp,737,aileron_step,10,10,0,False,False,0.0,position/h-sl-ft,0.0,False,0.0,0.0,0.242751449710058
B2_turbine_thruster_inputs_20066483,heldout,cpp,737,aileron_step,10,10,0,False,False,0.0,position/h-sl-ft,0.0,False,0.0,0.0,0.242751449710058
B2_wheel_spin_down_8a9fba1c,heldout,cpp,737,aileron_step,10,10,0,False,False,0.0,position/h-sl-ft,0.0,False,0.0,0.0,0.242751449710058
B2_sensor_fail_stuck_f543d634,heldout,cpp,737,aileron_step,10,10,0,False,False,0.0,position/h-sl-ft,0.0,False,0.0,0.0,0.242751449710058
B2_atmosphere_high_altitude_61f1e8c3,heldout,cpp,737,aileron_step,10,10,0,False,False,0.0,position/h-sl-ft,0.0,False,0.0,0.0,0.242751449710058
B2_load_factor_sign_c3fa7d22,heldout,cpp,737,aileron_step,10,10,0,False,False,0.0,position/h-sl-ft,0.0,False,0.0,0.0,0.242751449710058
B2_propeller_inflow_angle_82cc3893,heldout,cpp,737,aileron_step,10,10,0,False,False,0.0,position/h-sl-ft,0.0,False,0.0,0.0,0.242751449710058
B2_atmosphere_gradient_fadeout_05b709c8,heldout,cpp,737,aileron_step,10,10,0,False,False,0.0,position/h-sl-ft,0.0,False,0.0,0.0,0.242751449710058
B_elevator_drag_8819410c,development,model,737,rudder_doublet,10,10,0,False,True,0.0136752560208127,velocities/h-dot-fps,0.0123202639103391,False,0.0,0.0,0.0507898420315936
B_ground_effect_9c058118,development,model,737,rudder_doublet,10,10,0,False,False,0.0,position/h-sl-ft,0.0,False,0.0,1.0,0.0265946810637872
B_pqrdot_5ad2694c,development,cpp,737,rudder_doublet,10,10,0,False,True,0.0008328734372378,accelerations/qdot-rad_sec2,0.0010396125509128,False,0.0,1.0,0.0265946810637872
B_turbine_windmill_2db8e408,development,cpp,737,rudder_doublet,10,10,0,False,False,0.0,position/h-sl-ft,0.0,False,0.0,1.0,0.0265946810637872
B2_turbine_throttle_init_c8af9244,heldout,cpp,737,rudder_doublet,10,10,0,False,False,0.0,position/h-sl-ft,0.0,False,0.0,1.0,0.0265946810637872
B2_turbine_thruster_inputs_20066483,heldout,cpp,737,rudder_doublet,10,10,0,False,False,0.0,position/h-sl-ft,0.0,False,0.0,1.0,0.0265946810637872
B2_wheel_spin_down_8a9fba1c,heldout,cpp,737,rudder_doublet,10,10,0,False,False,0.0,position/h-sl-ft,0.0,False,0.0,1.0,0.0265946810637872
B2_sensor_fail_stuck_f543d634,heldout,cpp,737,rudder_doublet,10,10,0,False,False,0.0,position/h-sl-ft,0.0,False,0.0,1.0,0.0265946810637872
B2_atmosphere_high_altitude_61f1e8c3,heldout,cpp,737,rudder_doublet,10,10,0,False,False,0.0,position/h-sl-ft,0.0,False,0.0,1.0,0.0265946810637872
B2_load_factor_sign_c3fa7d22,heldout,cpp,737,rudder_doublet,10,10,0,False,False,0.0,position/h-sl-ft,0.0,False,0.0,1.0,0.0265946810637872
B2_propeller_inflow_angle_82cc3893,heldout,cpp,737,rudder_doublet,10,10,0,False,False,0.0,position/h-sl-ft,0.0,False,0.0,1.0,0.0265946810637872
B2_atmosphere_gradient_fadeout_05b709c8,heldout,cpp,737,rudder_doublet,10,10,0,False,False,0.0,position/h-sl-ft,0.0,False,0.0,1.0,0.0265946810637872
B_elevator_drag_8819410c,development,model,737,bank_hold,10,10,0,False,True,0.0234836950239816,accelerations/udot-ft_sec2,0.0236212243113114,False,0.0,9.0,0.0027994401119776
B_ground_effect_9c058118,development,model,737,bank_hold,10,10,0,False,False,0.0,position/h-sl-ft,0.0,False,0.0,5.0,0.0081983603279344
B_pqrdot_5ad2694c,development,cpp,737,bank_hold,10,10,0,False,True,0.0158787063393365,accelerations/rdot-rad_sec2,0.0155059784846298,False,0.0,5.0,0.0081983603279344
B_turbine_windmill_2db8e408,development,cpp,737,bank_hold,10,10,0,False,False,0.0,position/h-sl-ft,0.0,False,0.0,5.0,0.0081983603279344
B2_turbine_throttle_init_c8af9244,heldout,cpp,737,bank_hold,10,10,0,False,False,0.0,position/h-sl-ft,0.0,False,0.0,5.0,0.0081983603279344
B2_turbine_thruster_inputs_20066483,heldout,cpp,737,bank_hold,10,10,0,False,False,0.0,position/h-sl-ft,0.0,False,0.0,5.0,0.0081983603279344
B2_wheel_spin_down_8a9fba1c,heldout,cpp,737,bank_hold,10,10,0,False,False,0.0,position/h-sl-ft,0.0,False,0.0,5.0,0.0081983603279344
B2_sensor_fail_stuck_f543d634,heldout,cpp,737,bank_hold,10,10,0,False,False,0.0,position/h-sl-ft,0.0,False,0.0,5.0,0.0081983603279344
B2_atmosphere_high_altitude_61f1e8c3,heldout,cpp,737,bank_hold,10,10,0,False,False,0.0,position/h-sl-ft,0.0,False,0.0,5.0,0.0081983603279344
B2_load_factor_sign_c3fa7d22,heldout,cpp,737,bank_hold,10,10,0,False,False,0.0,position/h-sl-ft,0.0,False,0.0,5.0,0.0081983603279344
B2_propeller_inflow_angle_82cc3893,heldout,cpp,737,bank_hold,10,10,0,False,False,0.0,position/h-sl-ft,0.0,False,0.0,5.0,0.0081983603279344
B2_atmosphere_gradient_fadeout_05b709c8,heldout,cpp,737,bank_hold,10,10,0,False,False,0.0,position/h-sl-ft,0.0,False,0.0,5.0,0.0081983603279344
B_elevator_drag_8819410c,development,model,737,flap_extend,10,10,0,False,True,0.0523660302991458,velocities/q-rad_sec,0.0322706756727617,False,0.0,4.0,0.003999200159968
B_ground_effect_9c058118,development,model,737,flap_extend,10,10,0,False,False,0.0,position/h-sl-ft,0.0,False,0.0,0.0,0.310737852429514
B_pqrdot_5ad2694c,development,cpp,737,flap_extend,10,10,0,False,True,0.4811056520647275,accelerations/pdot-rad_sec2,0.5192465526871186,False,0.0,1.0,0.0127974405118976
B_turbine_windmill_2db8e408,development,cpp,737,flap_extend,10,10,0,False,False,0.0,position/h-sl-ft,0.0,False,0.0,0.0,0.310737852429514
B2_turbine_throttle_init_c8af9244,heldout,cpp,737,flap_extend,10,10,0,False,False,0.0,position/h-sl-ft,0.0,False,0.0,0.0,0.310737852429514
B2_turbine_thruster_inputs_20066483,heldout,cpp,737,flap_extend,10,10,0,False,False,0.0,position/h-sl-ft,0.0,False,0.0,0.0,0.310737852429514
B2_wheel_spin_down_8a9fba1c,heldout,cpp,737,flap_extend,10,10,0,False,False,0.0,position/h-sl-ft,0.0,False,0.0,0.0,0.310737852429514
B2_sensor_fail_stuck_f543d634,heldout,cpp,737,flap_extend,10,10,0,False,False,0.0,position/h-sl-ft,0.0,False,0.0,0.0,0.310737852429514
B2_atmosphere_high_altitude_61f1e8c3,heldout,cpp,737,flap_extend,10,10,0,False,False,0.0,position/h-sl-ft,0.0,False,0.0,0.0,0.310737852429514
B2_load_factor_sign_c3fa7d22,heldout,cpp,737,flap_extend,10,10,0,False,False,0.0,position/h-sl-ft,0.0,False,0.0,0.0,0.310737852429514
B2_propeller_inflow_angle_82cc3893,heldout,cpp,737,flap_extend,10,10,0,False,False,0.0,position/h-sl-ft,0.0,False,0.0,0.0,0.310737852429514
B2_atmosphere_gradient_fadeout_05b709c8,heldout,cpp,737,flap_extend,10,10,0,False,False,0.0,position/h-sl-ft,0.0,False,0.0,0.0,0.310737852429514
B_elevator_drag_8819410c,development,model,737,engine_cut,10,10,0,False,True,1.3628123434279469,attitude/psi-rad,2.010769257510675,True,7.0,20.0,0.0001999600079984
B_ground_effect_9c058118,development,model,737,engine_cut,10,10,0,False,False,0.0,position/h-sl-ft,0.0,False,0.0,0.0,0.2049590081983603
B_pqrdot_5ad2694c,development,cpp,737,engine_cut,10,10,0,False,True,0.0302852448251889,accelerations/qdot-rad_sec2,0.031482007334041,False,0.0,0.0,0.2049590081983603
B_turbine_windmill_2db8e408,development,cpp,737,engine_cut,10,10,0,False,False,0.0,position/h-sl-ft,0.0,False,0.0,0.0,0.2049590081983603
B2_turbine_throttle_init_c8af9244,heldout,cpp,737,engine_cut,10,10,0,False,False,0.0,position/h-sl-ft,0.0,False,0.0,0.0,0.2049590081983603
B2_turbine_thruster_inputs_20066483,heldout,cpp,737,engine_cut,10,10,0,False,False,0.0,position/h-sl-ft,0.0,False,0.0,0.0,0.2049590081983603
B2_wheel_spin_down_8a9fba1c,heldout,cpp,737,engine_cut,10,10,0,False,False,0.0,position/h-sl-ft,0.0,False,0.0,0.0,0.2049590081983603
B2_sensor_fail_stuck_f543d634,heldout,cpp,737,engine_cut,10,10,0,False,False,0.0,position/h-sl-ft,0.0,False,0.0,0.0,0.2049590081983603
B2_atmosphere_high_altitude_61f1e8c3,heldout,cpp,737,engine_cut,10,10,0,False,False,0.0,position/h-sl-ft,0.0,False,0.0,0.0,0.2049590081983603
B2_load_factor_sign_c3fa7d22,heldout,cpp,737,engine_cut,10,10,0,False,False,0.0,position/h-sl-ft,0.0,False,0.0,0.0,0.2049590081983603
B2_propeller_inflow_angle_82cc3893,heldout,cpp,737,engine_cut,10,10,0,False,False,0.0,position/h-sl-ft,0.0,False,0.0,0.0,0.2049590081983603
B2_atmosphere_gradient_fadeout_05b709c8,heldout,cpp,737,engine_cut,10,10,0,False,False,0.0,position/h-sl-ft,0.0,False,0.0,0.0,0.2049590081983603
B_elevator_drag_8819410c,development,model,737,climbing_turn,10,10,0,False,True,1.0443183060730066,accelerations/udot-ft_sec2,1.0282803917483605,True,1.0,9.0,0.0001999600079984
B_ground_effect_9c058118,development,model,737,climbing_turn,10,10,0,False,False,0.0,position/h-sl-ft,0.0,False,0.0,1.0,0.0393921215756848
B_pqrdot_5ad2694c,development,cpp,737,climbing_turn,10,10,0,False,True,0.0056269594951389,accelerations/rdot-rad_sec2,0.005531702871578,False,0.0,1.0,0.0397920415916816
B_turbine_windmill_2db8e408,development,cpp,737,climbing_turn,10,10,0,False,False,0.0,position/h-sl-ft,0.0,False,0.0,1.0,0.0393921215756848
B2_turbine_throttle_init_c8af9244,heldout,cpp,737,climbing_turn,10,10,0,False,False,0.0,position/h-sl-ft,0.0,False,0.0,1.0,0.0393921215756848
B2_turbine_thruster_inputs_20066483,heldout,cpp,737,climbing_turn,10,10,0,False,False,0.0,position/h-sl-ft,0.0,False,0.0,1.0,0.0393921215756848
B2_wheel_spin_down_8a9fba1c,heldout,cpp,737,climbing_turn,10,10,0,False,False,0.0,position/h-sl-ft,0.0,False,0.0,1.0,0.0393921215756848
B2_sensor_fail_stuck_f543d634,heldout,cpp,737,climbing_turn,10,10,0,False,False,0.0,position/h-sl-ft,0.0,False,0.0,1.0,0.0393921215756848
B2_atmosphere_high_altitude_61f1e8c3,heldout,cpp,737,climbing_turn,10,10,0,False,False,0.0,position/h-sl-ft,0.0,False,0.0,1.0,0.0393921215756848
B2_load_factor_sign_c3fa7d22,heldout,cpp,737,climbing_turn,10,10,0,False,False,0.0,position/h-sl-ft,0.0,False,0.0,1.0,0.0393921215756848
B2_propeller_inflow_angle_82cc3893,heldout,cpp,737,climbing_turn,10,10,0,False,False,0.0,position/h-sl-ft,0.0,False,0.0,1.0,0.0393921215756848
B2_atmosphere_gradient_fadeout_05b709c8,heldout,cpp,737,climbing_turn,10,10,0,False,False,0.0,position/h-sl-ft,0.0,False,0.0,1.0,0.0393921215756848
B_elevator_drag_8819410c,development,model,737,elev_doublet_distractor,10,10,0,False,True,1.505346456564234,accelerations/udot-ft_sec2,1.2977104705426006,True,1.0,1.0,0.0027994401119776
B_ground_effect_9c058118,development,model,737,elev_doublet_distractor,10,10,0,False,False,0.0,position/h-sl-ft,0.0,False,0.0,0.0,0.1155768846230753
B_pqrdot_5ad2694c,development,cpp,737,elev_doublet_distractor,10,10,0,False,True,0.000218994229591,accelerations/rdot-rad_sec2,0.000185858660403,False,0.0,0.0,0.1155768846230753
B_turbine_windmill_2db8e408,development,cpp,737,elev_doublet_distractor,10,10,0,False,False,0.0,position/h-sl-ft,0.0,False,0.0,0.0,0.1155768846230753
B2_turbine_throttle_init_c8af9244,heldout,cpp,737,elev_doublet_distractor,10,10,0,False,False,0.0,position/h-sl-ft,0.0,False,0.0,0.0,0.1155768846230753
B2_turbine_thruster_inputs_20066483,heldout,cpp,737,elev_doublet_distractor,10,10,0,False,False,0.0,position/h-sl-ft,0.0,False,0.0,0.0,0.1155768846230753
B2_wheel_spin_down_8a9fba1c,heldout,cpp,737,elev_doublet_distractor,10,10,0,False,False,0.0,position/h-sl-ft,0.0,False,0.0,0.0,0.1155768846230753
B2_sensor_fail_stuck_f543d634,heldout,cpp,737,elev_doublet_distractor,10,10,0,False,False,0.0,position/h-sl-ft,0.0,False,0.0,0.0,0.1155768846230753
B2_atmosphere_high_altitude_61f1e8c3,heldout,cpp,737,elev_doublet_distractor,10,10,0,False,False,0.0,position/h-sl-ft,0.0,False,0.0,0.0,0.1155768846230753
B2_load_factor_sign_c3fa7d22,heldout,cpp,737,elev_doublet_distractor,10,10,0,False,False,0.0,position/h-sl-ft,0.0,False,0.0,0.0,0.1155768846230753
B2_propeller_inflow_angle_82cc3893,heldout,cpp,737,elev_doublet_distractor,10,10,0,False,False,0.0,position/h-sl-ft,0.0,False,0.0,0.0,0.1155768846230753
B2_atmosphere_gradient_fadeout_05b709c8,heldout,cpp,737,elev_doublet_distractor,10,10,0,False,False,0.0,position/h-sl-ft,0.0,False,0.0,0.0,0.1155768846230753
B_elevator_drag_8819410c,development,model,737,engine_restart,10,10,0,False,True,2.3918444787568967,attitude/psi-rad,1.968160373589455,True,6.0,21.0,0.0001999600079984
B_ground_effect_9c058118,development,model,737,engine_restart,10,10,0,False,False,0.0,position/h-sl-ft,0.0,False,0.0,8.0,0.0143971205758848
B_pqrdot_5ad2694c,development,cpp,737,engine_restart,10,10,0,False,True,0.0176374187488366,accelerations/qdot-rad_sec2,0.016326296981874,False,0.0,8.0,0.0143971205758848
B_turbine_windmill_2db8e408,development,cpp,737,engine_restart,10,10,0,False,True,8.599342890202713,attitude/phi-rad,7.910440929496425,True,13.0,19.0,0.0001999600079984
B2_turbine_throttle_init_c8af9244,heldout,cpp,737,engine_restart,10,10,0,False,False,0.0,position/h-sl-ft,0.0,False,0.0,8.0,0.0143971205758848
B2_turbine_thruster_inputs_20066483,heldout,cpp,737,engine_restart,10,10,0,False,False,0.0,position/h-sl-ft,0.0,False,0.0,8.0,0.0143971205758848
B2_wheel_spin_down_8a9fba1c,heldout,cpp,737,engine_restart,10,10,0,False,False,0.0,position/h-sl-ft,0.0,False,0.0,8.0,0.0143971205758848
B2_sensor_fail_stuck_f543d634,heldout,cpp,737,engine_restart,10,10,0,False,False,0.0,position/h-sl-ft,0.0,False,0.0,8.0,0.0143971205758848
B2_atmosphere_high_altitude_61f1e8c3,heldout,cpp,737,engine_restart,10,10,0,False,False,0.0,position/h-sl-ft,0.0,False,0.0,8.0,0.0143971205758848
B2_load_factor_sign_c3fa7d22,heldout,cpp,737,engine_restart,10,10,0,False,False,0.0,position/h-sl-ft,0.0,False,0.0,8.0,0.0143971205758848
B2_propeller_inflow_angle_82cc3893,heldout,cpp,737,engine_restart,10,10,0,False,False,0.0,position/h-sl-ft,0.0,False,0.0,8.0,0.0143971205758848
B2_atmosphere_gradient_fadeout_05b709c8,heldout,cpp,737,engine_restart,10,10,0,False,False,0.0,position/h-sl-ft,0.0,False,0.0,8.0,0.0143971205758848
B_pqrdot_5ad2694c,development,cpp,787-8,cruise,10,10,0,False,True,35.656116474530755,accelerations/pdot-rad_sec2,35.97535068899575,True,2.0,2.0,0.0001999600079984
B_turbine_windmill_2db8e408,development,cpp,787-8,cruise,10,10,0,False,False,0.0,position/h-sl-ft,0.0,False,0.0,1.0,0.013997200559888
B2_turbine_throttle_init_c8af9244,heldout,cpp,787-8,cruise,10,10,0,False,False,0.0,position/h-sl-ft,0.0,False,0.0,1.0,0.013997200559888
B2_turbine_thruster_inputs_20066483,heldout,cpp,787-8,cruise,10,10,0,False,False,0.0,position/h-sl-ft,0.0,False,0.0,1.0,0.013997200559888
B2_wheel_spin_down_8a9fba1c,heldout,cpp,787-8,cruise,10,10,0,False,False,0.0,position/h-sl-ft,0.0,False,0.0,1.0,0.013997200559888
B2_sensor_fail_stuck_f543d634,heldout,cpp,787-8,cruise,10,10,0,False,False,0.0,position/h-sl-ft,0.0,False,0.0,1.0,0.013997200559888
B2_atmosphere_high_altitude_61f1e8c3,heldout,cpp,787-8,cruise,10,10,0,False,False,0.0,position/h-sl-ft,0.0,False,0.0,1.0,0.013997200559888
B2_load_factor_sign_c3fa7d22,heldout,cpp,787-8,cruise,10,10,0,False,False,0.0,position/h-sl-ft,0.0,False,0.0,1.0,0.013997200559888
B2_propeller_inflow_angle_82cc3893,heldout,cpp,787-8,cruise,10,10,0,False,False,0.0,position/h-sl-ft,0.0,False,0.0,1.0,0.013997200559888
B2_atmosphere_gradient_fadeout_05b709c8,heldout,cpp,787-8,cruise,10,10,0,False,False,0.0,position/h-sl-ft,0.0,False,0.0,1.0,0.013997200559888
B_pqrdot_5ad2694c,development,cpp,787-8,throttle_step,10,10,0,False,True,0.0063900084883421,accelerations/qdot-rad_sec2,0.0058465759723952,False,0.0,2.0,0.0421915616876624
B_turbine_windmill_2db8e408,development,cpp,787-8,throttle_step,10,10,0,False,False,0.0,position/h-sl-ft,0.0,False,0.0,2.0,0.0421915616876624
B2_turbine_throttle_init_c8af9244,heldout,cpp,787-8,throttle_step,10,10,0,False,False,0.0,position/h-sl-ft,0.0,False,0.0,2.0,0.0421915616876624
B2_turbine_thruster_inputs_20066483,heldout,cpp,787-8,throttle_step,10,10,0,False,False,0.0,position/h-sl-ft,0.0,False,0.0,2.0,0.0421915616876624
B2_wheel_spin_down_8a9fba1c,heldout,cpp,787-8,throttle_step,10,10,0,False,False,0.0,position/h-sl-ft,0.0,False,0.0,2.0,0.0421915616876624
B2_sensor_fail_stuck_f543d634,heldout,cpp,787-8,throttle_step,10,10,0,False,False,0.0,position/h-sl-ft,0.0,False,0.0,2.0,0.0421915616876624
B2_atmosphere_high_altitude_61f1e8c3,heldout,cpp,787-8,throttle_step,10,10,0,False,False,0.0,position/h-sl-ft,0.0,False,0.0,2.0,0.0421915616876624
B2_load_factor_sign_c3fa7d22,heldout,cpp,787-8,throttle_step,10,10,0,False,False,0.0,position/h-sl-ft,0.0,False,0.0,2.0,0.0421915616876624
B2_propeller_inflow_angle_82cc3893,heldout,cpp,787-8,throttle_step,10,10,0,False,False,0.0,position/h-sl-ft,0.0,False,0.0,2.0,0.0421915616876624
B2_atmosphere_gradient_fadeout_05b709c8,heldout,cpp,787-8,throttle_step,10,10,0,False,False,0.0,position/h-sl-ft,0.0,False,0.0,2.0,0.0421915616876624
B_pqrdot_5ad2694c,development,cpp,787-8,elev_doublet,10,10,0,False,True,4.45817581708264,accelerations/pdot-rad_sec2,4.52816528551827,True,2.0,2.0,0.0001999600079984
B_turbine_windmill_2db8e408,development,cpp,787-8,elev_doublet,10,10,0,False,False,0.0,position/h-sl-ft,0.0,False,0.0,0.0,0.0951809638072385
B2_turbine_throttle_init_c8af9244,heldout,cpp,787-8,elev_doublet,10,10,0,False,False,0.0,position/h-sl-ft,0.0,False,0.0,0.0,0.0951809638072385
B2_turbine_thruster_inputs_20066483,heldout,cpp,787-8,elev_doublet,10,10,0,False,False,0.0,position/h-sl-ft,0.0,False,0.0,0.0,0.0951809638072385
B2_wheel_spin_down_8a9fba1c,heldout,cpp,787-8,elev_doublet,10,10,0,False,False,0.0,position/h-sl-ft,0.0,False,0.0,0.0,0.0951809638072385
B2_sensor_fail_stuck_f543d634,heldout,cpp,787-8,elev_doublet,10,10,0,False,False,0.0,position/h-sl-ft,0.0,False,0.0,0.0,0.0951809638072385
B2_atmosphere_high_altitude_61f1e8c3,heldout,cpp,787-8,elev_doublet,10,10,0,False,False,0.0,position/h-sl-ft,0.0,False,0.0,0.0,0.0951809638072385
B2_load_factor_sign_c3fa7d22,heldout,cpp,787-8,elev_doublet,10,10,0,False,False,0.0,position/h-sl-ft,0.0,False,0.0,0.0,0.0951809638072385
B2_propeller_inflow_angle_82cc3893,heldout,cpp,787-8,elev_doublet,10,10,0,False,False,0.0,position/h-sl-ft,0.0,False,0.0,0.0,0.0951809638072385
B2_atmosphere_gradient_fadeout_05b709c8,heldout,cpp,787-8,elev_doublet,10,10,0,False,False,0.0,position/h-sl-ft,0.0,False,0.0,0.0,0.0951809638072385
B_pqrdot_5ad2694c,development,cpp,787-8,elev_step,10,10,0,False,True,4.406396068683791,accelerations/pdot-rad_sec2,4.239126960699484,True,1.0,6.0,0.0001999600079984
B_turbine_windmill_2db8e408,development,cpp,787-8,elev_step,10,10,0,False,False,0.0,position/h-sl-ft,0.0,False,0.0,4.0,0.0047990401919616
B2_turbine_throttle_init_c8af9244,heldout,cpp,787-8,elev_step,10,10,0,False,False,0.0,position/h-sl-ft,0.0,False,0.0,4.0,0.0047990401919616
B2_turbine_thruster_inputs_20066483,heldout,cpp,787-8,elev_step,10,10,0,False,False,0.0,position/h-sl-ft,0.0,False,0.0,4.0,0.0047990401919616
B2_wheel_spin_down_8a9fba1c,heldout,cpp,787-8,elev_step,10,10,0,False,False,0.0,position/h-sl-ft,0.0,False,0.0,4.0,0.0047990401919616
B2_sensor_fail_stuck_f543d634,heldout,cpp,787-8,elev_step,10,10,0,False,False,0.0,position/h-sl-ft,0.0,False,0.0,4.0,0.0047990401919616
B2_atmosphere_high_altitude_61f1e8c3,heldout,cpp,787-8,elev_step,10,10,0,False,False,0.0,position/h-sl-ft,0.0,False,0.0,4.0,0.0047990401919616
B2_load_factor_sign_c3fa7d22,heldout,cpp,787-8,elev_step,10,10,0,False,False,0.0,position/h-sl-ft,0.0,False,0.0,4.0,0.0047990401919616
B2_propeller_inflow_angle_82cc3893,heldout,cpp,787-8,elev_step,10,10,0,False,False,0.0,position/h-sl-ft,0.0,False,0.0,4.0,0.0047990401919616
B2_atmosphere_gradient_fadeout_05b709c8,heldout,cpp,787-8,elev_step,10,10,0,False,False,0.0,position/h-sl-ft,0.0,False,0.0,4.0,0.0047990401919616
B_pqrdot_5ad2694c,development,cpp,787-8,aileron_step,10,10,0,False,True,0.0301064249475863,accelerations/qdot-rad_sec2,0.0328601343734771,False,0.0,1.0,0.0213957208558288
B_turbine_windmill_2db8e408,development,cpp,787-8,aileron_step,10,10,0,False,False,0.0,position/h-sl-ft,0.0,False,0.0,1.0,0.0213957208558288
B2_turbine_throttle_init_c8af9244,heldout,cpp,787-8,aileron_step,10,10,0,False,False,0.0,position/h-sl-ft,0.0,False,0.0,1.0,0.0213957208558288
B2_turbine_thruster_inputs_20066483,heldout,cpp,787-8,aileron_step,10,10,0,False,False,0.0,position/h-sl-ft,0.0,False,0.0,1.0,0.0213957208558288
B2_wheel_spin_down_8a9fba1c,heldout,cpp,787-8,aileron_step,10,10,0,False,False,0.0,position/h-sl-ft,0.0,False,0.0,1.0,0.0213957208558288
B2_sensor_fail_stuck_f543d634,heldout,cpp,787-8,aileron_step,10,10,0,False,False,0.0,position/h-sl-ft,0.0,False,0.0,1.0,0.0213957208558288
B2_atmosphere_high_altitude_61f1e8c3,heldout,cpp,787-8,aileron_step,10,10,0,False,False,0.0,position/h-sl-ft,0.0,False,0.0,1.0,0.0213957208558288
B2_load_factor_sign_c3fa7d22,heldout,cpp,787-8,aileron_step,10,10,0,False,False,0.0,position/h-sl-ft,0.0,False,0.0,1.0,0.0213957208558288
B2_propeller_inflow_angle_82cc3893,heldout,cpp,787-8,aileron_step,10,10,0,False,False,0.0,position/h-sl-ft,0.0,False,0.0,1.0,0.0213957208558288
B2_atmosphere_gradient_fadeout_05b709c8,heldout,cpp,787-8,aileron_step,10,10,0,False,False,0.0,position/h-sl-ft,0.0,False,0.0,1.0,0.0213957208558288
B_pqrdot_5ad2694c,development,cpp,787-8,rudder_doublet,10,10,0,False,True,0.0013700408916464,accelerations/qdot-rad_sec2,0.0015371311105082,False,0.0,0.0,0.3873225354929014
B_turbine_windmill_2db8e408,development,cpp,787-8,rudder_doublet,10,10,0,False,False,0.0,position/h-sl-ft,0.0,False,0.0,0.0,0.3873225354929014
B2_turbine_throttle_init_c8af9244,heldout,cpp,787-8,rudder_doublet,10,10,0,False,False,0.0,position/h-sl-ft,0.0,False,0.0,0.0,0.3873225354929014
B2_turbine_thruster_inputs_20066483,heldout,cpp,787-8,rudder_doublet,10,10,0,False,False,0.0,position/h-sl-ft,0.0,False,0.0,0.0,0.3873225354929014
B2_wheel_spin_down_8a9fba1c,heldout,cpp,787-8,rudder_doublet,10,10,0,False,False,0.0,position/h-sl-ft,0.0,False,0.0,0.0,0.3873225354929014
B2_sensor_fail_stuck_f543d634,heldout,cpp,787-8,rudder_doublet,10,10,0,False,False,0.0,position/h-sl-ft,0.0,False,0.0,0.0,0.3873225354929014
B2_atmosphere_high_altitude_61f1e8c3,heldout,cpp,787-8,rudder_doublet,10,10,0,False,False,0.0,position/h-sl-ft,0.0,False,0.0,0.0,0.3873225354929014
B2_load_factor_sign_c3fa7d22,heldout,cpp,787-8,rudder_doublet,10,10,0,False,False,0.0,position/h-sl-ft,0.0,False,0.0,0.0,0.3873225354929014
B2_propeller_inflow_angle_82cc3893,heldout,cpp,787-8,rudder_doublet,10,10,0,False,False,0.0,position/h-sl-ft,0.0,False,0.0,0.0,0.3873225354929014
B2_atmosphere_gradient_fadeout_05b709c8,heldout,cpp,787-8,rudder_doublet,10,10,0,False,False,0.0,position/h-sl-ft,0.0,False,0.0,0.0,0.3873225354929014
B_pqrdot_5ad2694c,development,cpp,787-8,bank_hold,10,10,0,False,True,0.0443576497752966,accelerations/qdot-rad_sec2,0.0450261358262056,False,0.0,0.0,0.0787842431513697
B_turbine_windmill_2db8e408,development,cpp,787-8,bank_hold,10,10,0,False,False,0.0,position/h-sl-ft,0.0,False,0.0,0.0,0.0787842431513697
B2_turbine_throttle_init_c8af9244,heldout,cpp,787-8,bank_hold,10,10,0,False,False,0.0,position/h-sl-ft,0.0,False,0.0,0.0,0.0787842431513697
B2_turbine_thruster_inputs_20066483,heldout,cpp,787-8,bank_hold,10,10,0,False,False,0.0,position/h-sl-ft,0.0,False,0.0,0.0,0.0787842431513697
B2_wheel_spin_down_8a9fba1c,heldout,cpp,787-8,bank_hold,10,10,0,False,False,0.0,position/h-sl-ft,0.0,False,0.0,0.0,0.0787842431513697
B2_sensor_fail_stuck_f543d634,heldout,cpp,787-8,bank_hold,10,10,0,False,False,0.0,position/h-sl-ft,0.0,False,0.0,0.0,0.0787842431513697
B2_atmosphere_high_altitude_61f1e8c3,heldout,cpp,787-8,bank_hold,10,10,0,False,False,0.0,position/h-sl-ft,0.0,False,0.0,0.0,0.0787842431513697
B2_load_factor_sign_c3fa7d22,heldout,cpp,787-8,bank_hold,10,10,0,False,False,0.0,position/h-sl-ft,0.0,False,0.0,0.0,0.0787842431513697
B2_propeller_inflow_angle_82cc3893,heldout,cpp,787-8,bank_hold,10,10,0,False,False,0.0,position/h-sl-ft,0.0,False,0.0,0.0,0.0787842431513697
B2_atmosphere_gradient_fadeout_05b709c8,heldout,cpp,787-8,bank_hold,10,10,0,False,False,0.0,position/h-sl-ft,0.0,False,0.0,0.0,0.0787842431513697
B_pqrdot_5ad2694c,development,cpp,787-8,flap_extend,10,10,0,False,True,16.923401602078812,accelerations/pdot-rad_sec2,16.34617790894098,True,2.0,2.0,0.0001999600079984
B_turbine_windmill_2db8e408,development,cpp,787-8,flap_extend,10,10,0,False,False,0.0,position/h-sl-ft,0.0,False,0.0,0.0,0.2289542091581683
B2_turbine_throttle_init_c8af9244,heldout,cpp,787-8,flap_extend,10,10,0,False,False,0.0,position/h-sl-ft,0.0,False,0.0,0.0,0.2289542091581683
B2_turbine_thruster_inputs_20066483,heldout,cpp,787-8,flap_extend,10,10,0,False,False,0.0,position/h-sl-ft,0.0,False,0.0,0.0,0.2289542091581683
B2_wheel_spin_down_8a9fba1c,heldout,cpp,787-8,flap_extend,10,10,0,False,False,0.0,position/h-sl-ft,0.0,False,0.0,0.0,0.2289542091581683
B2_sensor_fail_stuck_f543d634,heldout,cpp,787-8,flap_extend,10,10,0,False,False,0.0,position/h-sl-ft,0.0,False,0.0,0.0,0.2289542091581683
B2_atmosphere_high_altitude_61f1e8c3,heldout,cpp,787-8,flap_extend,10,10,0,False,False,0.0,position/h-sl-ft,0.0,False,0.0,0.0,0.2289542091581683
B2_load_factor_sign_c3fa7d22,heldout,cpp,787-8,flap_extend,10,10,0,False,False,0.0,position/h-sl-ft,0.0,False,0.0,0.0,0.2289542091581683
B2_propeller_inflow_angle_82cc3893,heldout,cpp,787-8,flap_extend,10,10,0,False,False,0.0,position/h-sl-ft,0.0,False,0.0,0.0,0.2289542091581683
B2_atmosphere_gradient_fadeout_05b709c8,heldout,cpp,787-8,flap_extend,10,10,0,False,False,0.0,position/h-sl-ft,0.0,False,0.0,0.0,0.2289542091581683
B_pqrdot_5ad2694c,development,cpp,787-8,engine_cut,10,10,0,False,True,0.0273359277175653,accelerations/qdot-rad_sec2,0.0265496172145595,False,0.0,1.0,0.0337932413517296
B_turbine_windmill_2db8e408,development,cpp,787-8,engine_cut,10,10,0,False,False,0.0,position/h-sl-ft,0.0,False,0.0,1.0,0.0337932413517296
B2_turbine_throttle_init_c8af9244,heldout,cpp,787-8,engine_cut,10,10,0,False,False,0.0,position/h-sl-ft,0.0,False,0.0,1.0,0.0337932413517296
B2_turbine_thruster_inputs_20066483,heldout,cpp,787-8,engine_cut,10,10,0,False,False,0.0,position/h-sl-ft,0.0,False,0.0,1.0,0.0337932413517296
B2_wheel_spin_down_8a9fba1c,heldout,cpp,787-8,engine_cut,10,10,0,False,False,0.0,position/h-sl-ft,0.0,False,0.0,1.0,0.0337932413517296
B2_sensor_fail_stuck_f543d634,heldout,cpp,787-8,engine_cut,10,10,0,False,False,0.0,position/h-sl-ft,0.0,False,0.0,1.0,0.0337932413517296
B2_atmosphere_high_altitude_61f1e8c3,heldout,cpp,787-8,engine_cut,10,10,0,False,False,0.0,position/h-sl-ft,0.0,False,0.0,1.0,0.0337932413517296
B2_load_factor_sign_c3fa7d22,heldout,cpp,787-8,engine_cut,10,10,0,False,False,0.0,position/h-sl-ft,0.0,False,0.0,1.0,0.0337932413517296
B2_propeller_inflow_angle_82cc3893,heldout,cpp,787-8,engine_cut,10,10,0,False,False,0.0,position/h-sl-ft,0.0,False,0.0,1.0,0.0337932413517296
B2_atmosphere_gradient_fadeout_05b709c8,heldout,cpp,787-8,engine_cut,10,10,0,False,False,0.0,position/h-sl-ft,0.0,False,0.0,1.0,0.0337932413517296
B_pqrdot_5ad2694c,development,cpp,787-8,climbing_turn,10,10,0,False,True,0.0038939773625549,accelerations/rdot-rad_sec2,0.0040508462986472,False,0.0,0.0,0.0611877624475105
B_turbine_windmill_2db8e408,development,cpp,787-8,climbing_turn,10,10,0,False,False,0.0,position/h-sl-ft,0.0,False,0.0,0.0,0.0613877224555089
B2_turbine_throttle_init_c8af9244,heldout,cpp,787-8,climbing_turn,10,10,0,False,False,0.0,position/h-sl-ft,0.0,False,0.0,0.0,0.0613877224555089
B2_turbine_thruster_inputs_20066483,heldout,cpp,787-8,climbing_turn,10,10,0,False,False,0.0,position/h-sl-ft,0.0,False,0.0,0.0,0.0613877224555089
B2_wheel_spin_down_8a9fba1c,heldout,cpp,787-8,climbing_turn,10,10,0,False,False,0.0,position/h-sl-ft,0.0,False,0.0,0.0,0.0613877224555089
B2_sensor_fail_stuck_f543d634,heldout,cpp,787-8,climbing_turn,10,10,0,False,False,0.0,position/h-sl-ft,0.0,False,0.0,0.0,0.0613877224555089
B2_atmosphere_high_altitude_61f1e8c3,heldout,cpp,787-8,climbing_turn,10,10,0,False,False,0.0,position/h-sl-ft,0.0,False,0.0,0.0,0.0613877224555089
B2_load_factor_sign_c3fa7d22,heldout,cpp,787-8,climbing_turn,10,10,0,False,False,0.0,position/h-sl-ft,0.0,False,0.0,0.0,0.0613877224555089
B2_propeller_inflow_angle_82cc3893,heldout,cpp,787-8,climbing_turn,10,10,0,False,False,0.0,position/h-sl-ft,0.0,False,0.0,0.0,0.0613877224555089
B2_atmosphere_gradient_fadeout_05b709c8,heldout,cpp,787-8,climbing_turn,10,10,0,False,False,0.0,position/h-sl-ft,0.0,False,0.0,0.0,0.0613877224555089
B_pqrdot_5ad2694c,development,cpp,787-8,elev_doublet_distractor,10,10,0,False,True,0.0002253986831876,accelerations/rdot-rad_sec2,0.0002421808494982,False,0.0,0.0,0.0845830833833233
B_turbine_windmill_2db8e408,development,cpp,787-8,elev_doublet_distractor,10,10,0,False,False,0.0,position/h-sl-ft,0.0,False,0.0,0.0,0.0845830833833233
B2_turbine_throttle_init_c8af9244,heldout,cpp,787-8,elev_doublet_distractor,10,10,0,False,False,0.0,position/h-sl-ft,0.0,False,0.0,0.0,0.0845830833833233
B2_turbine_thruster_inputs_20066483,heldout,cpp,787-8,elev_doublet_distractor,10,10,0,False,False,0.0,position/h-sl-ft,0.0,False,0.0,0.0,0.0845830833833233
B2_wheel_spin_down_8a9fba1c,heldout,cpp,787-8,elev_doublet_distractor,10,10,0,False,False,0.0,position/h-sl-ft,0.0,False,0.0,0.0,0.0845830833833233
B2_sensor_fail_stuck_f543d634,heldout,cpp,787-8,elev_doublet_distractor,10,10,0,False,False,0.0,position/h-sl-ft,0.0,False,0.0,0.0,0.0845830833833233
B2_atmosphere_high_altitude_61f1e8c3,heldout,cpp,787-8,elev_doublet_distractor,10,10,0,False,False,0.0,position/h-sl-ft,0.0,False,0.0,0.0,0.0845830833833233
B2_load_factor_sign_c3fa7d22,heldout,cpp,787-8,elev_doublet_distractor,10,10,0,False,False,0.0,position/h-sl-ft,0.0,False,0.0,0.0,0.0845830833833233
B2_propeller_inflow_angle_82cc3893,heldout,cpp,787-8,elev_doublet_distractor,10,10,0,False,False,0.0,position/h-sl-ft,0.0,False,0.0,0.0,0.0845830833833233
B2_atmosphere_gradient_fadeout_05b709c8,heldout,cpp,787-8,elev_doublet_distractor,10,10,0,False,False,0.0,position/h-sl-ft,0.0,False,0.0,0.0,0.0845830833833233
B_pqrdot_5ad2694c,development,cpp,787-8,engine_restart,10,10,0,False,True,0.0042034552185056,accelerations/qdot-rad_sec2,0.0041710083180548,False,0.0,0.0,0.162367526494701
B_turbine_windmill_2db8e408,development,cpp,787-8,engine_restart,10,10,0,False,True,7.083921187508826,aero/beta-deg,7.015450992884206,True,12.0,17.0,0.0001999600079984
B2_turbine_throttle_init_c8af9244,heldout,cpp,787-8,engine_restart,10,10,0,False,False,0.0,position/h-sl-ft,0.0,False,0.0,0.0,0.162367526494701
B2_turbine_thruster_inputs_20066483,heldout,cpp,787-8,engine_restart,10,10,0,False,False,0.0,position/h-sl-ft,0.0,False,0.0,0.0,0.162367526494701
B2_wheel_spin_down_8a9fba1c,heldout,cpp,787-8,engine_restart,10,10,0,False,False,0.0,position/h-sl-ft,0.0,False,0.0,0.0,0.162367526494701
B2_sensor_fail_stuck_f543d634,heldout,cpp,787-8,engine_restart,10,10,0,False,False,0.0,position/h-sl-ft,0.0,False,0.0,0.0,0.162367526494701
B2_atmosphere_high_altitude_61f1e8c3,heldout,cpp,787-8,engine_restart,10,10,0,False,False,0.0,position/h-sl-ft,0.0,False,0.0,0.0,0.162367526494701
B2_load_factor_sign_c3fa7d22,heldout,cpp,787-8,engine_restart,10,10,0,False,False,0.0,position/h-sl-ft,0.0,False,0.0,0.0,0.162367526494701
B2_propeller_inflow_angle_82cc3893,heldout,cpp,787-8,engine_restart,10,10,0,False,False,0.0,position/h-sl-ft,0.0,False,0.0,0.0,0.162367526494701
B2_atmosphere_gradient_fadeout_05b709c8,heldout,cpp,787-8,engine_restart,10,10,0,False,False,0.0,position/h-sl-ft,0.0,False,0.0,0.0,0.162367526494701
B_elevator_drag_8819410c,development,model,A320,cruise,10,10,0,False,True,0.5707262700637715,velocities/q-rad_sec,0.6184097156306532,False,0.0,5.0,0.0001999600079984
B_pqrdot_5ad2694c,development,cpp,A320,cruise,10,10,0,False,True,12.136329315457203,accelerations/pdot-rad_sec2,11.963844932100375,True,1.0,6.0,0.0001999600079984
B_turbine_windmill_2db8e408,development,cpp,A320,cruise,10,10,0,False,False,0.0,position/h-sl-ft,0.0,False,0.0,5.0,0.0073985202959408
B2_turbine_throttle_init_c8af9244,heldout,cpp,A320,cruise,10,10,0,False,False,0.0,position/h-sl-ft,0.0,False,0.0,5.0,0.0073985202959408
B2_turbine_thruster_inputs_20066483,heldout,cpp,A320,cruise,10,10,0,False,False,0.0,position/h-sl-ft,0.0,False,0.0,5.0,0.0073985202959408
B2_wheel_spin_down_8a9fba1c,heldout,cpp,A320,cruise,10,10,0,False,False,0.0,position/h-sl-ft,0.0,False,0.0,5.0,0.0073985202959408
B2_sensor_fail_stuck_f543d634,heldout,cpp,A320,cruise,10,10,0,False,False,0.0,position/h-sl-ft,0.0,False,0.0,5.0,0.0073985202959408
B2_atmosphere_high_altitude_61f1e8c3,heldout,cpp,A320,cruise,10,10,0,False,False,0.0,position/h-sl-ft,0.0,False,0.0,5.0,0.0073985202959408
B2_load_factor_sign_c3fa7d22,heldout,cpp,A320,cruise,10,10,0,False,False,0.0,position/h-sl-ft,0.0,False,0.0,5.0,0.0073985202959408
B2_propeller_inflow_angle_82cc3893,heldout,cpp,A320,cruise,10,10,0,False,False,0.0,position/h-sl-ft,0.0,False,0.0,5.0,0.0073985202959408
B2_atmosphere_gradient_fadeout_05b709c8,heldout,cpp,A320,cruise,10,10,0,False,False,0.0,position/h-sl-ft,0.0,False,0.0,5.0,0.0073985202959408
B_elevator_drag_8819410c,development,model,A320,throttle_step,10,10,0,False,True,0.2507688958056612,attitude/psi-rad,0.2444876198657791,False,0.0,14.0,0.0001999600079984
B_pqrdot_5ad2694c,development,cpp,A320,throttle_step,10,10,0,False,True,0.0011072097736881,accelerations/qdot-rad_sec2,0.0010887711313869,False,0.0,4.0,0.0021995600879824
B_turbine_windmill_2db8e408,development,cpp,A320,throttle_step,10,10,0,False,False,0.0,position/h-sl-ft,0.0,False,0.0,4.0,0.0021995600879824
B2_turbine_throttle_init_c8af9244,heldout,cpp,A320,throttle_step,10,10,0,False,False,0.0,position/h-sl-ft,0.0,False,0.0,4.0,0.0021995600879824
B2_turbine_thruster_inputs_20066483,heldout,cpp,A320,throttle_step,10,10,0,False,False,0.0,position/h-sl-ft,0.0,False,0.0,4.0,0.0021995600879824
B2_wheel_spin_down_8a9fba1c,heldout,cpp,A320,throttle_step,10,10,0,False,False,0.0,position/h-sl-ft,0.0,False,0.0,4.0,0.0021995600879824
B2_sensor_fail_stuck_f543d634,heldout,cpp,A320,throttle_step,10,10,0,False,False,0.0,position/h-sl-ft,0.0,False,0.0,4.0,0.0021995600879824
B2_atmosphere_high_altitude_61f1e8c3,heldout,cpp,A320,throttle_step,10,10,0,False,False,0.0,position/h-sl-ft,0.0,False,0.0,4.0,0.0021995600879824
B2_load_factor_sign_c3fa7d22,heldout,cpp,A320,throttle_step,10,10,0,False,False,0.0,position/h-sl-ft,0.0,False,0.0,4.0,0.0021995600879824
B2_propeller_inflow_angle_82cc3893,heldout,cpp,A320,throttle_step,10,10,0,False,False,0.0,position/h-sl-ft,0.0,False,0.0,4.0,0.0021995600879824
B2_atmosphere_gradient_fadeout_05b709c8,heldout,cpp,A320,throttle_step,10,10,0,False,False,0.0,position/h-sl-ft,0.0,False,0.0,4.0,0.0021995600879824
B_elevator_drag_8819410c,development,model,A320,elev_doublet,10,10,0,False,True,0.6815763631525189,accelerations/vdot-ft_sec2,0.7302213579992565,False,0.0,4.0,0.0003999200159968
B_pqrdot_5ad2694c,development,cpp,A320,elev_doublet,10,10,0,False,True,32.77152626478817,accelerations/pdot-rad_sec2,32.093942605532,True,2.0,2.0,0.0001999600079984
B_turbine_windmill_2db8e408,development,cpp,A320,elev_doublet,10,10,0,False,False,0.0,position/h-sl-ft,0.0,False,0.0,0.0,0.3645270945810838
B2_turbine_throttle_init_c8af9244,heldout,cpp,A320,elev_doublet,10,10,0,False,False,0.0,position/h-sl-ft,0.0,False,0.0,0.0,0.3645270945810838
B2_turbine_thruster_inputs_20066483,heldout,cpp,A320,elev_doublet,10,10,0,False,False,0.0,position/h-sl-ft,0.0,False,0.0,0.0,0.3645270945810838
B2_wheel_spin_down_8a9fba1c,heldout,cpp,A320,elev_doublet,10,10,0,False,False,0.0,position/h-sl-ft,0.0,False,0.0,0.0,0.3645270945810838
B2_sensor_fail_stuck_f543d634,heldout,cpp,A320,elev_doublet,10,10,0,False,False,0.0,position/h-sl-ft,0.0,False,0.0,0.0,0.3645270945810838
B2_atmosphere_high_altitude_61f1e8c3,heldout,cpp,A320,elev_doublet,10,10,0,False,False,0.0,position/h-sl-ft,0.0,False,0.0,0.0,0.3645270945810838
B2_load_factor_sign_c3fa7d22,heldout,cpp,A320,elev_doublet,10,10,0,False,False,0.0,position/h-sl-ft,0.0,False,0.0,0.0,0.3645270945810838
B2_propeller_inflow_angle_82cc3893,heldout,cpp,A320,elev_doublet,10,10,0,False,False,0.0,position/h-sl-ft,0.0,False,0.0,0.0,0.3645270945810838
B2_atmosphere_gradient_fadeout_05b709c8,heldout,cpp,A320,elev_doublet,10,10,0,False,False,0.0,position/h-sl-ft,0.0,False,0.0,0.0,0.3645270945810838
B_elevator_drag_8819410c,development,model,A320,elev_step,10,10,0,False,True,1.6087550693476569,accelerations/udot-ft_sec2,1.2820016688926237,True,5.0,10.0,0.0001999600079984
B_pqrdot_5ad2694c,development,cpp,A320,elev_step,10,10,0,False,True,22.85892827632196,accelerations/pdot-rad_sec2,22.878767894816843,True,2.0,5.0,0.0001999600079984
B_turbine_windmill_2db8e408,development,cpp,A320,elev_step,10,10,0,False,False,0.0,position/h-sl-ft,0.0,False,0.0,4.0,0.0241951609678064
B2_turbine_throttle_init_c8af9244,heldout,cpp,A320,elev_step,10,10,0,False,False,0.0,position/h-sl-ft,0.0,False,0.0,4.0,0.0241951609678064
B2_turbine_thruster_inputs_20066483,heldout,cpp,A320,elev_step,10,10,0,False,False,0.0,position/h-sl-ft,0.0,False,0.0,4.0,0.0241951609678064
B2_wheel_spin_down_8a9fba1c,heldout,cpp,A320,elev_step,10,10,0,False,False,0.0,position/h-sl-ft,0.0,False,0.0,4.0,0.0241951609678064
B2_sensor_fail_stuck_f543d634,heldout,cpp,A320,elev_step,10,10,0,False,False,0.0,position/h-sl-ft,0.0,False,0.0,4.0,0.0241951609678064
B2_atmosphere_high_altitude_61f1e8c3,heldout,cpp,A320,elev_step,10,10,0,False,False,0.0,position/h-sl-ft,0.0,False,0.0,4.0,0.0241951609678064
B2_load_factor_sign_c3fa7d22,heldout,cpp,A320,elev_step,10,10,0,False,False,0.0,position/h-sl-ft,0.0,False,0.0,4.0,0.0241951609678064
B2_propeller_inflow_angle_82cc3893,heldout,cpp,A320,elev_step,10,10,0,False,False,0.0,position/h-sl-ft,0.0,False,0.0,4.0,0.0241951609678064
B2_atmosphere_gradient_fadeout_05b709c8,heldout,cpp,A320,elev_step,10,10,0,False,False,0.0,position/h-sl-ft,0.0,False,0.0,4.0,0.0241951609678064
B_elevator_drag_8819410c,development,model,A320,aileron_step,10,10,0,False,True,0.0244495421683158,accelerations/udot-ft_sec2,0.0124415428129693,False,0.0,5.0,0.0003999200159968
B_pqrdot_5ad2694c,development,cpp,A320,aileron_step,10,10,0,False,True,0.0237969029743232,accelerations/rdot-rad_sec2,0.0207709879818504,False,0.0,0.0,0.1755648870225954
B_turbine_windmill_2db8e408,development,cpp,A320,aileron_step,10,10,0,False,False,0.0,position/h-sl-ft,0.0,False,0.0,0.0,0.1755648870225954
B2_turbine_throttle_init_c8af9244,heldout,cpp,A320,aileron_step,10,10,0,False,False,0.0,position/h-sl-ft,0.0,False,0.0,0.0,0.1755648870225954
B2_turbine_thruster_inputs_20066483,heldout,cpp,A320,aileron_step,10,10,0,False,False,0.0,position/h-sl-ft,0.0,False,0.0,0.0,0.1755648870225954
B2_wheel_spin_down_8a9fba1c,heldout,cpp,A320,aileron_step,10,10,0,False,False,0.0,position/h-sl-ft,0.0,False,0.0,0.0,0.1755648870225954
B2_sensor_fail_stuck_f543d634,heldout,cpp,A320,aileron_step,10,10,0,False,False,0.0,position/h-sl-ft,0.0,False,0.0,0.0,0.1755648870225954
B2_atmosphere_high_altitude_61f1e8c3,heldout,cpp,A320,aileron_step,10,10,0,False,False,0.0,position/h-sl-ft,0.0,False,0.0,0.0,0.1755648870225954
B2_load_factor_sign_c3fa7d22,heldout,cpp,A320,aileron_step,10,10,0,False,False,0.0,position/h-sl-ft,0.0,False,0.0,0.0,0.1755648870225954
B2_propeller_inflow_angle_82cc3893,heldout,cpp,A320,aileron_step,10,10,0,False,False,0.0,position/h-sl-ft,0.0,False,0.0,0.0,0.1755648870225954
B2_atmosphere_gradient_fadeout_05b709c8,heldout,cpp,A320,aileron_step,10,10,0,False,False,0.0,position/h-sl-ft,0.0,False,0.0,0.0,0.1755648870225954
B_elevator_drag_8819410c,development,model,A320,rudder_doublet,10,10,0,False,True,0.0427708121551573,velocities/h-dot-fps,0.0288121966928589,False,0.0,3.0,0.0001999600079984
B_pqrdot_5ad2694c,development,cpp,A320,rudder_doublet,10,10,0,False,True,0.0003625761208234,accelerations/qdot-rad_sec2,0.0003284141053934,False,0.0,3.0,0.0131973605278944
B_turbine_windmill_2db8e408,development,cpp,A320,rudder_doublet,10,10,0,False,False,0.0,position/h-sl-ft,0.0,False,0.0,3.0,0.0131973605278944
B2_turbine_throttle_init_c8af9244,heldout,cpp,A320,rudder_doublet,10,10,0,False,False,0.0,position/h-sl-ft,0.0,False,0.0,3.0,0.0131973605278944
B2_turbine_thruster_inputs_20066483,heldout,cpp,A320,rudder_doublet,10,10,0,False,False,0.0,position/h-sl-ft,0.0,False,0.0,3.0,0.0131973605278944
B2_wheel_spin_down_8a9fba1c,heldout,cpp,A320,rudder_doublet,10,10,0,False,False,0.0,position/h-sl-ft,0.0,False,0.0,3.0,0.0131973605278944
B2_sensor_fail_stuck_f543d634,heldout,cpp,A320,rudder_doublet,10,10,0,False,False,0.0,position/h-sl-ft,0.0,False,0.0,3.0,0.0131973605278944
B2_atmosphere_high_altitude_61f1e8c3,heldout,cpp,A320,rudder_doublet,10,10,0,False,False,0.0,position/h-sl-ft,0.0,False,0.0,3.0,0.0131973605278944
B2_load_factor_sign_c3fa7d22,heldout,cpp,A320,rudder_doublet,10,10,0,False,False,0.0,position/h-sl-ft,0.0,False,0.0,3.0,0.0131973605278944
B2_propeller_inflow_angle_82cc3893,heldout,cpp,A320,rudder_doublet,10,10,0,False,False,0.0,position/h-sl-ft,0.0,False,0.0,3.0,0.0131973605278944
B2_atmosphere_gradient_fadeout_05b709c8,heldout,cpp,A320,rudder_doublet,10,10,0,False,False,0.0,position/h-sl-ft,0.0,False,0.0,3.0,0.0131973605278944
B_elevator_drag_8819410c,development,model,A320,bank_hold,10,10,0,False,True,0.0376180314510644,accelerations/udot-ft_sec2,0.038894866999031,False,0.0,3.0,0.0023995200959808
B_pqrdot_5ad2694c,development,cpp,A320,bank_hold,10,10,0,False,True,0.0300941506628026,accelerations/rdot-rad_sec2,0.0310146120134654,False,0.0,0.0,0.4665066986602679
B_turbine_windmill_2db8e408,development,cpp,A320,bank_hold,10,10,0,False,False,0.0,position/h-sl-ft,0.0,False,0.0,0.0,0.4665066986602679
B2_turbine_throttle_init_c8af9244,heldout,cpp,A320,bank_hold,10,10,0,False,False,0.0,position/h-sl-ft,0.0,False,0.0,0.0,0.4665066986602679
B2_turbine_thruster_inputs_20066483,heldout,cpp,A320,bank_hold,10,10,0,False,False,0.0,position/h-sl-ft,0.0,False,0.0,0.0,0.4665066986602679
B2_wheel_spin_down_8a9fba1c,heldout,cpp,A320,bank_hold,10,10,0,False,False,0.0,position/h-sl-ft,0.0,False,0.0,0.0,0.4665066986602679
B2_sensor_fail_stuck_f543d634,heldout,cpp,A320,bank_hold,10,10,0,False,False,0.0,position/h-sl-ft,0.0,False,0.0,0.0,0.4665066986602679
B2_atmosphere_high_altitude_61f1e8c3,heldout,cpp,A320,bank_hold,10,10,0,False,False,0.0,position/h-sl-ft,0.0,False,0.0,0.0,0.4665066986602679
B2_load_factor_sign_c3fa7d22,heldout,cpp,A320,bank_hold,10,10,0,False,False,0.0,position/h-sl-ft,0.0,False,0.0,0.0,0.4665066986602679
B2_propeller_inflow_angle_82cc3893,heldout,cpp,A320,bank_hold,10,10,0,False,False,0.0,position/h-sl-ft,0.0,False,0.0,0.0,0.4665066986602679
B2_atmosphere_gradient_fadeout_05b709c8,heldout,cpp,A320,bank_hold,10,10,0,False,False,0.0,position/h-sl-ft,0.0,False,0.0,0.0,0.4665066986602679
B_elevator_drag_8819410c,development,model,A320,flap_extend,10,10,0,False,True,0.0390178077496189,aero/beta-deg,0.0493738944681706,False,0.0,11.0,0.0001999600079984
B_pqrdot_5ad2694c,development,cpp,A320,flap_extend,10,10,0,False,True,21.986290045602928,accelerations/pdot-rad_sec2,24.177550834980817,True,2.0,4.0,0.0001999600079984
B_turbine_windmill_2db8e408,development,cpp,A320,flap_extend,10,10,0,False,False,0.0,position/h-sl-ft,0.0,False,0.0,2.0,0.0193961207758448
B2_turbine_throttle_init_c8af9244,heldout,cpp,A320,flap_extend,10,10,0,False,False,0.0,position/h-sl-ft,0.0,False,0.0,2.0,0.0193961207758448
B2_turbine_thruster_inputs_20066483,heldout,cpp,A320,flap_extend,10,10,0,False,False,0.0,position/h-sl-ft,0.0,False,0.0,2.0,0.0193961207758448
B2_wheel_spin_down_8a9fba1c,heldout,cpp,A320,flap_extend,10,10,0,False,False,0.0,position/h-sl-ft,0.0,False,0.0,2.0,0.0193961207758448
B2_sensor_fail_stuck_f543d634,heldout,cpp,A320,flap_extend,10,10,0,False,False,0.0,position/h-sl-ft,0.0,False,0.0,2.0,0.0193961207758448
B2_atmosphere_high_altitude_61f1e8c3,heldout,cpp,A320,flap_extend,10,10,0,False,False,0.0,position/h-sl-ft,0.0,False,0.0,2.0,0.0193961207758448
B2_load_factor_sign_c3fa7d22,heldout,cpp,A320,flap_extend,10,10,0,False,False,0.0,position/h-sl-ft,0.0,False,0.0,2.0,0.0193961207758448
B2_propeller_inflow_angle_82cc3893,heldout,cpp,A320,flap_extend,10,10,0,False,False,0.0,position/h-sl-ft,0.0,False,0.0,2.0,0.0193961207758448
B2_atmosphere_gradient_fadeout_05b709c8,heldout,cpp,A320,flap_extend,10,10,0,False,False,0.0,position/h-sl-ft,0.0,False,0.0,2.0,0.0193961207758448
B_elevator_drag_8819410c,development,model,A320,engine_cut,10,10,0,False,True,4.506290762562752,attitude/phi-rad,6.36672224310664,True,8.0,18.0,0.0001999600079984
B_pqrdot_5ad2694c,development,cpp,A320,engine_cut,10,10,0,False,True,0.0059063364337697,accelerations/qdot-rad_sec2,0.0059766114079148,False,0.0,1.0,0.0497900419916016
B_turbine_windmill_2db8e408,development,cpp,A320,engine_cut,10,10,0,False,False,0.0,position/h-sl-ft,0.0,False,0.0,1.0,0.0497900419916016
B2_turbine_throttle_init_c8af9244,heldout,cpp,A320,engine_cut,10,10,0,False,False,0.0,position/h-sl-ft,0.0,False,0.0,1.0,0.0497900419916016
B2_turbine_thruster_inputs_20066483,heldout,cpp,A320,engine_cut,10,10,0,False,False,0.0,position/h-sl-ft,0.0,False,0.0,1.0,0.0497900419916016
B2_wheel_spin_down_8a9fba1c,heldout,cpp,A320,engine_cut,10,10,0,False,False,0.0,position/h-sl-ft,0.0,False,0.0,1.0,0.0497900419916016
B2_sensor_fail_stuck_f543d634,heldout,cpp,A320,engine_cut,10,10,0,False,False,0.0,position/h-sl-ft,0.0,False,0.0,1.0,0.0497900419916016
B2_atmosphere_high_altitude_61f1e8c3,heldout,cpp,A320,engine_cut,10,10,0,False,False,0.0,position/h-sl-ft,0.0,False,0.0,1.0,0.0497900419916016
B2_load_factor_sign_c3fa7d22,heldout,cpp,A320,engine_cut,10,10,0,False,False,0.0,position/h-sl-ft,0.0,False,0.0,1.0,0.0497900419916016
B2_propeller_inflow_angle_82cc3893,heldout,cpp,A320,engine_cut,10,10,0,False,False,0.0,position/h-sl-ft,0.0,False,0.0,1.0,0.0497900419916016
B2_atmosphere_gradient_fadeout_05b709c8,heldout,cpp,A320,engine_cut,10,10,0,False,False,0.0,position/h-sl-ft,0.0,False,0.0,1.0,0.0497900419916016
B_elevator_drag_8819410c,development,model,A320,climbing_turn,10,10,0,False,True,0.1533804558231379,accelerations/udot-ft_sec2,0.1495213192440218,False,0.0,2.0,0.0221955608878224
B_pqrdot_5ad2694c,development,cpp,A320,climbing_turn,10,10,0,False,True,0.0107164267927814,accelerations/rdot-rad_sec2,0.0108522964487981,False,0.0,1.0,0.0493901219756048
B_turbine_windmill_2db8e408,development,cpp,A320,climbing_turn,10,10,0,False,False,0.0,position/h-sl-ft,0.0,False,0.0,1.0,0.0493901219756048
B2_turbine_throttle_init_c8af9244,heldout,cpp,A320,climbing_turn,10,10,0,False,False,0.0,position/h-sl-ft,0.0,False,0.0,1.0,0.0493901219756048
B2_turbine_thruster_inputs_20066483,heldout,cpp,A320,climbing_turn,10,10,0,False,False,0.0,position/h-sl-ft,0.0,False,0.0,1.0,0.0493901219756048
B2_wheel_spin_down_8a9fba1c,heldout,cpp,A320,climbing_turn,10,10,0,False,False,0.0,position/h-sl-ft,0.0,False,0.0,1.0,0.0493901219756048
B2_sensor_fail_stuck_f543d634,heldout,cpp,A320,climbing_turn,10,10,0,False,False,0.0,position/h-sl-ft,0.0,False,0.0,1.0,0.0493901219756048
B2_atmosphere_high_altitude_61f1e8c3,heldout,cpp,A320,climbing_turn,10,10,0,False,False,0.0,position/h-sl-ft,0.0,False,0.0,1.0,0.0493901219756048
B2_load_factor_sign_c3fa7d22,heldout,cpp,A320,climbing_turn,10,10,0,False,False,0.0,position/h-sl-ft,0.0,False,0.0,1.0,0.0493901219756048
B2_propeller_inflow_angle_82cc3893,heldout,cpp,A320,climbing_turn,10,10,0,False,False,0.0,position/h-sl-ft,0.0,False,0.0,1.0,0.0493901219756048
B2_atmosphere_gradient_fadeout_05b709c8,heldout,cpp,A320,climbing_turn,10,10,0,False,False,0.0,position/h-sl-ft,0.0,False,0.0,1.0,0.0493901219756048
B_elevator_drag_8819410c,development,model,A320,elev_doublet_distractor,10,10,0,False,True,0.2087114373211888,accelerations/udot-ft_sec2,0.237056056774044,False,0.0,4.0,0.0001999600079984
B_pqrdot_5ad2694c,development,cpp,A320,elev_doublet_distractor,10,10,0,False,True,8.765859794102935e-05,accelerations/rdot-rad_sec2,8.392927678755485e-05,False,0.0,0.0,0.0907818436312737
B_turbine_windmill_2db8e408,development,cpp,A320,elev_doublet_distractor,10,10,0,False,False,0.0,position/h-sl-ft,0.0,False,0.0,0.0,0.0907818436312737
B2_turbine_throttle_init_c8af9244,heldout,cpp,A320,elev_doublet_distractor,10,10,0,False,False,0.0,position/h-sl-ft,0.0,False,0.0,0.0,0.0907818436312737
B2_turbine_thruster_inputs_20066483,heldout,cpp,A320,elev_doublet_distractor,10,10,0,False,False,0.0,position/h-sl-ft,0.0,False,0.0,0.0,0.0907818436312737
B2_wheel_spin_down_8a9fba1c,heldout,cpp,A320,elev_doublet_distractor,10,10,0,False,False,0.0,position/h-sl-ft,0.0,False,0.0,0.0,0.0907818436312737
B2_sensor_fail_stuck_f543d634,heldout,cpp,A320,elev_doublet_distractor,10,10,0,False,False,0.0,position/h-sl-ft,0.0,False,0.0,0.0,0.0907818436312737
B2_atmosphere_high_altitude_61f1e8c3,heldout,cpp,A320,elev_doublet_distractor,10,10,0,False,False,0.0,position/h-sl-ft,0.0,False,0.0,0.0,0.0907818436312737
B2_load_factor_sign_c3fa7d22,heldout,cpp,A320,elev_doublet_distractor,10,10,0,False,False,0.0,position/h-sl-ft,0.0,False,0.0,0.0,0.0907818436312737
B2_propeller_inflow_angle_82cc3893,heldout,cpp,A320,elev_doublet_distractor,10,10,0,False,False,0.0,position/h-sl-ft,0.0,False,0.0,0.0,0.0907818436312737
B2_atmosphere_gradient_fadeout_05b709c8,heldout,cpp,A320,elev_doublet_distractor,10,10,0,False,False,0.0,position/h-sl-ft,0.0,False,0.0,0.0,0.0907818436312737
B_elevator_drag_8819410c,development,model,A320,engine_restart,10,10,0,False,True,5.523690805688969,attitude/phi-rad,4.905762335718495,True,4.0,20.0,0.0001999600079984
B_pqrdot_5ad2694c,development,cpp,A320,engine_restart,10,10,0,False,True,0.0011896880597245,accelerations/qdot-rad_sec2,0.001187256148021,False,0.0,2.0,0.0151969606078784
B_turbine_windmill_2db8e408,development,cpp,A320,engine_restart,10,10,0,False,True,29.31564941109817,attitude/phi-rad,30.100621271591525,True,13.0,16.0,0.0001999600079984
B2_turbine_throttle_init_c8af9244,heldout,cpp,A320,engine_restart,10,10,0,False,False,0.0,position/h-sl-ft,0.0,False,0.0,2.0,0.0151969606078784
B2_turbine_thruster_inputs_20066483,heldout,cpp,A320,engine_restart,10,10,0,False,False,0.0,position/h-sl-ft,0.0,False,0.0,2.0,0.0151969606078784
B2_wheel_spin_down_8a9fba1c,heldout,cpp,A320,engine_restart,10,10,0,False,False,0.0,position/h-sl-ft,0.0,False,0.0,2.0,0.0151969606078784
B2_sensor_fail_stuck_f543d634,heldout,cpp,A320,engine_restart,10,10,0,False,False,0.0,position/h-sl-ft,0.0,False,0.0,2.0,0.0151969606078784
B2_atmosphere_high_altitude_61f1e8c3,heldout,cpp,A320,engine_restart,10,10,0,False,False,0.0,position/h-sl-ft,0.0,False,0.0,2.0,0.0151969606078784
B2_load_factor_sign_c3fa7d22,heldout,cpp,A320,engine_restart,10,10,0,False,False,0.0,position/h-sl-ft,0.0,False,0.0,2.0,0.0151969606078784
B2_propeller_inflow_angle_82cc3893,heldout,cpp,A320,engine_restart,10,10,0,False,False,0.0,position/h-sl-ft,0.0,False,0.0,2.0,0.0151969606078784
B2_atmosphere_gradient_fadeout_05b709c8,heldout,cpp,A320,engine_restart,10,10,0,False,False,0.0,position/h-sl-ft,0.0,False,0.0,2.0,0.0151969606078784
B_elevator_drag_8819410c,development,model,A4,cruise,10,10,0,False,True,0.6095697991591451,accelerations/qdot-rad_sec2,0.8828456619831422,False,0.0,2.0,0.0361927614477104
B_pqrdot_5ad2694c,development,cpp,A4,cruise,10,10,0,False,True,0.5271934060079985,accelerations/pdot-rad_sec2,0.5476110115967963,False,0.0,1.0,0.043991201759648
B_turbine_windmill_2db8e408,development,cpp,A4,cruise,10,10,0,False,False,0.0,position/h-sl-ft,0.0,False,0.0,1.0,0.043991201759648
B2_turbine_throttle_init_c8af9244,heldout,cpp,A4,cruise,10,10,0,False,False,0.0,position/h-sl-ft,0.0,False,0.0,1.0,0.043991201759648
B2_turbine_thruster_inputs_20066483,heldout,cpp,A4,cruise,10,10,0,False,False,0.0,position/h-sl-ft,0.0,False,0.0,1.0,0.043991201759648
B2_wheel_spin_down_8a9fba1c,heldout,cpp,A4,cruise,10,10,0,False,False,0.0,position/h-sl-ft,0.0,False,0.0,1.0,0.043991201759648
B2_sensor_fail_stuck_f543d634,heldout,cpp,A4,cruise,10,10,0,False,False,0.0,position/h-sl-ft,0.0,False,0.0,1.0,0.043991201759648
B2_atmosphere_high_altitude_61f1e8c3,heldout,cpp,A4,cruise,10,10,0,False,False,0.0,position/h-sl-ft,0.0,False,0.0,1.0,0.043991201759648
B2_load_factor_sign_c3fa7d22,heldout,cpp,A4,cruise,10,10,0,False,False,0.0,position/h-sl-ft,0.0,False,0.0,1.0,0.043991201759648
B2_propeller_inflow_angle_82cc3893,heldout,cpp,A4,cruise,10,10,0,False,False,0.0,position/h-sl-ft,0.0,False,0.0,1.0,0.043991201759648
B2_atmosphere_gradient_fadeout_05b709c8,heldout,cpp,A4,cruise,10,10,0,False,False,0.0,position/h-sl-ft,0.0,False,0.0,1.0,0.043991201759648
B2_A4_gear_retractable_3be71976,heldout,model,A4,cruise,10,0,10,True,,,,,,,,
B_elevator_drag_8819410c,development,model,A4,throttle_step,10,10,0,False,True,0.0907614839941758,velocities/h-dot-fps,0.0811749566095655,False,0.0,0.0,0.2511497700459908
B_pqrdot_5ad2694c,development,cpp,A4,throttle_step,10,10,0,False,True,1.34323102087573,accelerations/pdot-rad_sec2,1.430193824118038,True,1.0,1.0,0.0001999600079984
B_turbine_windmill_2db8e408,development,cpp,A4,throttle_step,10,10,0,False,False,0.0,position/h-sl-ft,0.0,False,0.0,0.0,0.2383523295340932
B2_turbine_throttle_init_c8af9244,heldout,cpp,A4,throttle_step,10,10,0,False,False,0.0,position/h-sl-ft,0.0,False,0.0,0.0,0.2383523295340932
B2_turbine_thruster_inputs_20066483,heldout,cpp,A4,throttle_step,10,10,0,False,False,0.0,position/h-sl-ft,0.0,False,0.0,0.0,0.2383523295340932
B2_wheel_spin_down_8a9fba1c,heldout,cpp,A4,throttle_step,10,10,0,False,False,0.0,position/h-sl-ft,0.0,False,0.0,0.0,0.2383523295340932
B2_sensor_fail_stuck_f543d634,heldout,cpp,A4,throttle_step,10,10,0,False,False,0.0,position/h-sl-ft,0.0,False,0.0,0.0,0.2383523295340932
B2_atmosphere_high_altitude_61f1e8c3,heldout,cpp,A4,throttle_step,10,10,0,False,False,0.0,position/h-sl-ft,0.0,False,0.0,0.0,0.2383523295340932
B2_load_factor_sign_c3fa7d22,heldout,cpp,A4,throttle_step,10,10,0,False,False,0.0,position/h-sl-ft,0.0,False,0.0,0.0,0.2383523295340932
B2_propeller_inflow_angle_82cc3893,heldout,cpp,A4,throttle_step,10,10,0,False,False,0.0,position/h-sl-ft,0.0,False,0.0,0.0,0.2383523295340932
B2_atmosphere_gradient_fadeout_05b709c8,heldout,cpp,A4,throttle_step,10,10,0,False,False,0.0,position/h-sl-ft,0.0,False,0.0,0.0,0.2383523295340932
B2_A4_gear_retractable_3be71976,heldout,model,A4,throttle_step,10,0,10,True,,,,,,,,
B_elevator_drag_8819410c,development,model,A4,elev_doublet,10,10,0,False,True,0.656877342302303,accelerations/vdot-ft_sec2,0.6253867938446007,False,0.0,7.0,0.0153969206158768
B_pqrdot_5ad2694c,development,cpp,A4,elev_doublet,10,10,0,False,True,1.7239505063575216,accelerations/rdot-rad_sec2,1.6139744814245875,True,2.0,8.0,0.0001999600079984
B_turbine_windmill_2db8e408,development,cpp,A4,elev_doublet,10,10,0,False,False,0.0,position/h-sl-ft,0.0,False,0.0,6.0,0.013997200559888
B2_turbine_throttle_init_c8af9244,heldout,cpp,A4,elev_doublet,10,10,0,False,False,0.0,position/h-sl-ft,0.0,False,0.0,6.0,0.013997200559888
B2_turbine_thruster_inputs_20066483,heldout,cpp,A4,elev_doublet,10,10,0,False,False,0.0,position/h-sl-ft,0.0,False,0.0,6.0,0.013997200559888
B2_wheel_spin_down_8a9fba1c,heldout,cpp,A4,elev_doublet,10,10,0,False,False,0.0,position/h-sl-ft,0.0,False,0.0,6.0,0.013997200559888
B2_sensor_fail_stuck_f543d634,heldout,cpp,A4,elev_doublet,10,10,0,False,False,0.0,position/h-sl-ft,0.0,False,0.0,6.0,0.013997200559888
B2_atmosphere_high_altitude_61f1e8c3,heldout,cpp,A4,elev_doublet,10,10,0,False,False,0.0,position/h-sl-ft,0.0,False,0.0,6.0,0.013997200559888
B2_load_factor_sign_c3fa7d22,heldout,cpp,A4,elev_doublet,10,10,0,False,False,0.0,position/h-sl-ft,0.0,False,0.0,6.0,0.013997200559888
B2_propeller_inflow_angle_82cc3893,heldout,cpp,A4,elev_doublet,10,10,0,False,False,0.0,position/h-sl-ft,0.0,False,0.0,6.0,0.013997200559888
B2_atmosphere_gradient_fadeout_05b709c8,heldout,cpp,A4,elev_doublet,10,10,0,False,False,0.0,position/h-sl-ft,0.0,False,0.0,6.0,0.013997200559888
B2_A4_gear_retractable_3be71976,heldout,model,A4,elev_doublet,10,0,10,True,,,,,,,,
B_elevator_drag_8819410c,development,model,A4,elev_step,10,10,0,False,True,0.2798599482568215,accelerations/udot-ft_sec2,0.3316134446681747,False,0.0,4.0,0.0223955208958208
B_pqrdot_5ad2694c,development,cpp,A4,elev_step,10,10,0,False,True,1.5307909801144532,accelerations/pdot-rad_sec2,1.6277792562411668,True,2.0,5.0,0.0001999600079984
B_turbine_windmill_2db8e408,development,cpp,A4,elev_step,10,10,0,False,False,0.0,position/h-sl-ft,0.0,False,0.0,3.0,0.020995800839832
B2_turbine_throttle_init_c8af9244,heldout,cpp,A4,elev_step,10,10,0,False,False,0.0,position/h-sl-ft,0.0,False,0.0,3.0,0.020995800839832
B2_turbine_thruster_inputs_20066483,heldout,cpp,A4,elev_step,10,10,0,False,False,0.0,position/h-sl-ft,0.0,False,0.0,3.0,0.020995800839832
B2_wheel_spin_down_8a9fba1c,heldout,cpp,A4,elev_step,10,10,0,False,False,0.0,position/h-sl-ft,0.0,False,0.0,3.0,0.020995800839832
B2_sensor_fail_stuck_f543d634,heldout,cpp,A4,elev_step,10,10,0,False,False,0.0,position/h-sl-ft,0.0,False,0.0,3.0,0.020995800839832
B2_atmosphere_high_altitude_61f1e8c3,heldout,cpp,A4,elev_step,10,10,0,False,False,0.0,position/h-sl-ft,0.0,False,0.0,3.0,0.020995800839832
B2_load_factor_sign_c3fa7d22,heldout,cpp,A4,elev_step,10,10,0,False,False,0.0,position/h-sl-ft,0.0,False,0.0,3.0,0.020995800839832
B2_propeller_inflow_angle_82cc3893,heldout,cpp,A4,elev_step,10,10,0,False,False,0.0,position/h-sl-ft,0.0,False,0.0,3.0,0.020995800839832
B2_atmosphere_gradient_fadeout_05b709c8,heldout,cpp,A4,elev_step,10,10,0,False,False,0.0,position/h-sl-ft,0.0,False,0.0,3.0,0.020995800839832
B2_A4_gear_retractable_3be71976,heldout,model,A4,elev_step,10,0,10,True,,,,,,,,
B_elevator_drag_8819410c,development,model,A4,aileron_step,10,10,0,False,True,0.0011190900873819,accelerations/udot-ft_sec2,0.0032733736781347,False,0.0,1.0,0.0377924415116976
B_pqrdot_5ad2694c,development,cpp,A4,aileron_step,10,10,0,False,True,0.0419904975778373,accelerations/rdot-rad_sec2,0.0446547623530864,False,0.0,0.0,0.0711857628474305
B_turbine_windmill_2db8e408,development,cpp,A4,aileron_step,10,10,0,False,False,0.0,position/h-sl-ft,0.0,False,0.0,0.0,0.0711857628474305
B2_turbine_throttle_init_c8af9244,heldout,cpp,A4,aileron_step,10,10,0,False,False,0.0,position/h-sl-ft,0.0,False,0.0,0.0,0.0711857628474305
B2_turbine_thruster_inputs_20066483,heldout,cpp,A4,aileron_step,10,10,0,False,False,0.0,position/h-sl-ft,0.0,False,0.0,0.0,0.0711857628474305
B2_wheel_spin_down_8a9fba1c,heldout,cpp,A4,aileron_step,10,10,0,False,False,0.0,position/h-sl-ft,0.0,False,0.0,0.0,0.0711857628474305
B2_sensor_fail_stuck_f543d634,heldout,cpp,A4,aileron_step,10,10,0,False,False,0.0,position/h-sl-ft,0.0,False,0.0,0.0,0.0711857628474305
B2_atmosphere_high_altitude_61f1e8c3,heldout,cpp,A4,aileron_step,10,10,0,False,False,0.0,position/h-sl-ft,0.0,False,0.0,0.0,0.0711857628474305
B2_load_factor_sign_c3fa7d22,heldout,cpp,A4,aileron_step,10,10,0,False,False,0.0,position/h-sl-ft,0.0,False,0.0,0.0,0.0711857628474305
B2_propeller_inflow_angle_82cc3893,heldout,cpp,A4,aileron_step,10,10,0,False,False,0.0,position/h-sl-ft,0.0,False,0.0,0.0,0.0711857628474305
B2_atmosphere_gradient_fadeout_05b709c8,heldout,cpp,A4,aileron_step,10,10,0,False,False,0.0,position/h-sl-ft,0.0,False,0.0,0.0,0.0711857628474305
B2_A4_gear_retractable_3be71976,heldout,model,A4,aileron_step,10,0,10,True,,,,,,,,
B_elevator_drag_8819410c,development,model,A4,rudder_doublet,10,10,0,False,True,0.007342109017434,velocities/h-dot-fps,0.0056906773348902,False,0.0,0.0,0.1095780843831233
B_pqrdot_5ad2694c,development,cpp,A4,rudder_doublet,10,10,0,False,True,0.0017715586495687,accelerations/qdot-rad_sec2,0.001616496528903,False,0.0,0.0,0.1071785642871425
B_turbine_windmill_2db8e408,development,cpp,A4,rudder_doublet,10,10,0,False,False,0.0,position/h-sl-ft,0.0,False,0.0,0.0,0.1071785642871425
B2_turbine_throttle_init_c8af9244,heldout,cpp,A4,rudder_doublet,10,10,0,False,False,0.0,position/h-sl-ft,0.0,False,0.0,0.0,0.1071785642871425
B2_turbine_thruster_inputs_20066483,heldout,cpp,A4,rudder_doublet,10,10,0,False,False,0.0,position/h-sl-ft,0.0,False,0.0,0.0,0.1071785642871425
B2_wheel_spin_down_8a9fba1c,heldout,cpp,A4,rudder_doublet,10,10,0,False,False,0.0,position/h-sl-ft,0.0,False,0.0,0.0,0.1071785642871425
B2_sensor_fail_stuck_f543d634,heldout,cpp,A4,rudder_doublet,10,10,0,False,False,0.0,position/h-sl-ft,0.0,False,0.0,0.0,0.1071785642871425
B2_atmosphere_high_altitude_61f1e8c3,heldout,cpp,A4,rudder_doublet,10,10,0,False,False,0.0,position/h-sl-ft,0.0,False,0.0,0.0,0.1071785642871425
B2_load_factor_sign_c3fa7d22,heldout,cpp,A4,rudder_doublet,10,10,0,False,False,0.0,position/h-sl-ft,0.0,False,0.0,0.0,0.1071785642871425
B2_propeller_inflow_angle_82cc3893,heldout,cpp,A4,rudder_doublet,10,10,0,False,False,0.0,position/h-sl-ft,0.0,False,0.0,0.0,0.1071785642871425
B2_atmosphere_gradient_fadeout_05b709c8,heldout,cpp,A4,rudder_doublet,10,10,0,False,False,0.0,position/h-sl-ft,0.0,False,0.0,0.0,0.1071785642871425
B2_A4_gear_retractable_3be71976,heldout,model,A4,rudder_doublet,10,0,10,True,,,,,,,,
B_elevator_drag_8819410c,development,model,A4,bank_hold,10,10,0,False,True,0.0002868274354137,accelerations/udot-ft_sec2,0.0012591675427202,False,0.0,3.0,0.028994201159768
B_pqrdot_5ad2694c,development,cpp,A4,bank_hold,10,10,0,False,True,0.036237299823981,accelerations/rdot-rad_sec2,0.0339823172626899,False,0.0,4.0,0.028994201159768
B_turbine_windmill_2db8e408,development,cpp,A4,bank_hold,10,10,0,False,False,0.0,position/h-sl-ft,0.0,False,0.0,3.0,0.028994201159768
B2_turbine_throttle_init_c8af9244,heldout,cpp,A4,bank_hold,10,10,0,False,False,0.0,position/h-sl-ft,0.0,False,0.0,3.0,0.028994201159768
B2_turbine_thruster_inputs_20066483,heldout,cpp,A4,bank_hold,10,10,0,False,False,0.0,position/h-sl-ft,0.0,False,0.0,3.0,0.028994201159768
B2_wheel_spin_down_8a9fba1c,heldout,cpp,A4,bank_hold,10,10,0,False,False,0.0,position/h-sl-ft,0.0,False,0.0,3.0,0.028994201159768
B2_sensor_fail_stuck_f543d634,heldout,cpp,A4,bank_hold,10,10,0,False,False,0.0,position/h-sl-ft,0.0,False,0.0,3.0,0.028994201159768
B2_atmosphere_high_altitude_61f1e8c3,heldout,cpp,A4,bank_hold,10,10,0,False,False,0.0,position/h-sl-ft,0.0,False,0.0,3.0,0.028994201159768
B2_load_factor_sign_c3fa7d22,heldout,cpp,A4,bank_hold,10,10,0,False,False,0.0,position/h-sl-ft,0.0,False,0.0,3.0,0.028994201159768
B2_propeller_inflow_angle_82cc3893,heldout,cpp,A4,bank_hold,10,10,0,False,False,0.0,position/h-sl-ft,0.0,False,0.0,3.0,0.028994201159768
B2_atmosphere_gradient_fadeout_05b709c8,heldout,cpp,A4,bank_hold,10,10,0,False,False,0.0,position/h-sl-ft,0.0,False,0.0,3.0,0.028994201159768
B2_A4_gear_retractable_3be71976,heldout,model,A4,bank_hold,10,0,10,True,,,,,,,,
B_elevator_drag_8819410c,development,model,A4,flap_extend,10,10,0,False,True,0.0075157346367369,velocities/vt-fps,0.0138150285854684,False,0.0,4.0,0.0355928814237152
B_pqrdot_5ad2694c,development,cpp,A4,flap_extend,10,10,0,False,True,5.272094043339894,accelerations/rdot-rad_sec2,6.033483379109912,True,2.0,8.0,0.0001999600079984
B_turbine_windmill_2db8e408,development,cpp,A4,flap_extend,10,10,0,False,False,0.0,position/h-sl-ft,0.0,False,0.0,6.0,0.0107978404319136
B2_turbine_throttle_init_c8af9244,heldout,cpp,A4,flap_extend,10,10,0,False,False,0.0,position/h-sl-ft,0.0,False,0.0,6.0,0.0107978404319136
B2_turbine_thruster_inputs_20066483,heldout,cpp,A4,flap_extend,10,10,0,False,False,0.0,position/h-sl-ft,0.0,False,0.0,6.0,0.0107978404319136
B2_wheel_spin_down_8a9fba1c,heldout,cpp,A4,flap_extend,10,10,0,False,False,0.0,position/h-sl-ft,0.0,False,0.0,6.0,0.0107978404319136
B2_sensor_fail_stuck_f543d634,heldout,cpp,A4,flap_extend,10,10,0,False,False,0.0,position/h-sl-ft,0.0,False,0.0,6.0,0.0107978404319136
B2_atmosphere_high_altitude_61f1e8c3,heldout,cpp,A4,flap_extend,10,10,0,False,False,0.0,position/h-sl-ft,0.0,False,0.0,6.0,0.0107978404319136
B2_load_factor_sign_c3fa7d22,heldout,cpp,A4,flap_extend,10,10,0,False,False,0.0,position/h-sl-ft,0.0,False,0.0,6.0,0.0107978404319136
B2_propeller_inflow_angle_82cc3893,heldout,cpp,A4,flap_extend,10,10,0,False,False,0.0,position/h-sl-ft,0.0,False,0.0,6.0,0.0107978404319136
B2_atmosphere_gradient_fadeout_05b709c8,heldout,cpp,A4,flap_extend,10,10,0,False,False,0.0,position/h-sl-ft,0.0,False,0.0,6.0,0.0107978404319136
B2_A4_gear_retractable_3be71976,heldout,model,A4,flap_extend,10,0,10,True,,,,,,,,
B_elevator_drag_8819410c,development,model,A4,climbing_turn,10,10,0,False,True,0.1422883437848449,accelerations/udot-ft_sec2,0.1804275541065174,False,0.0,2.0,0.0221955608878224
B_pqrdot_5ad2694c,development,cpp,A4,climbing_turn,10,10,0,False,True,0.0181582629865748,accelerations/rdot-rad_sec2,0.0189991982868647,False,0.0,2.0,0.0227954409118176
B_turbine_windmill_2db8e408,development,cpp,A4,climbing_turn,10,10,0,False,False,0.0,position/h-sl-ft,0.0,False,0.0,2.0,0.0227954409118176
B2_turbine_throttle_init_c8af9244,heldout,cpp,A4,climbing_turn,10,10,0,False,False,0.0,position/h-sl-ft,0.0,False,0.0,2.0,0.0227954409118176
B2_turbine_thruster_inputs_20066483,heldout,cpp,A4,climbing_turn,10,10,0,False,False,0.0,position/h-sl-ft,0.0,False,0.0,2.0,0.0227954409118176
B2_wheel_spin_down_8a9fba1c,heldout,cpp,A4,climbing_turn,10,10,0,False,False,0.0,position/h-sl-ft,0.0,False,0.0,2.0,0.0227954409118176
B2_sensor_fail_stuck_f543d634,heldout,cpp,A4,climbing_turn,10,10,0,False,False,0.0,position/h-sl-ft,0.0,False,0.0,2.0,0.0227954409118176
B2_atmosphere_high_altitude_61f1e8c3,heldout,cpp,A4,climbing_turn,10,10,0,False,False,0.0,position/h-sl-ft,0.0,False,0.0,2.0,0.0227954409118176
B2_load_factor_sign_c3fa7d22,heldout,cpp,A4,climbing_turn,10,10,0,False,False,0.0,position/h-sl-ft,0.0,False,0.0,2.0,0.0227954409118176
B2_propeller_inflow_angle_82cc3893,heldout,cpp,A4,climbing_turn,10,10,0,False,False,0.0,position/h-sl-ft,0.0,False,0.0,2.0,0.0227954409118176
B2_atmosphere_gradient_fadeout_05b709c8,heldout,cpp,A4,climbing_turn,10,10,0,False,False,0.0,position/h-sl-ft,0.0,False,0.0,2.0,0.0227954409118176
B2_A4_gear_retractable_3be71976,heldout,model,A4,climbing_turn,10,0,10,True,,,,,,,,
B_elevator_drag_8819410c,development,model,A4,elev_doublet_distractor,10,10,0,False,True,0.257260793311885,accelerations/udot-ft_sec2,0.2964230628454837,False,0.0,1.0,0.0431913617276544
B_pqrdot_5ad2694c,development,cpp,A4,elev_doublet_distractor,10,10,0,False,True,0.0002966890267091,accelerations/rdot-rad_sec2,0.0002954292576214,False,0.0,1.0,0.0431913617276544
B_turbine_windmill_2db8e408,development,cpp,A4,elev_doublet_distractor,10,10,0,False,False,0.0,position/h-sl-ft,0.0,False,0.0,1.0,0.0431913617276544
B2_turbine_throttle_init_c8af9244,heldout,cpp,A4,elev_doublet_distractor,10,10,0,False,False,0.0,position/h-sl-ft,0.0,False,0.0,1.0,0.0431913617276544
B2_turbine_thruster_inputs_20066483,heldout,cpp,A4,elev_doublet_distractor,10,10,0,False,False,0.0,position/h-sl-ft,0.0,False,0.0,1.0,0.0431913617276544
B2_wheel_spin_down_8a9fba1c,heldout,cpp,A4,elev_doublet_distractor,10,10,0,False,False,0.0,position/h-sl-ft,0.0,False,0.0,1.0,0.0431913617276544
B2_sensor_fail_stuck_f543d634,heldout,cpp,A4,elev_doublet_distractor,10,10,0,False,False,0.0,position/h-sl-ft,0.0,False,0.0,1.0,0.0431913617276544
B2_atmosphere_high_altitude_61f1e8c3,heldout,cpp,A4,elev_doublet_distractor,10,10,0,False,False,0.0,position/h-sl-ft,0.0,False,0.0,1.0,0.0431913617276544
B2_load_factor_sign_c3fa7d22,heldout,cpp,A4,elev_doublet_distractor,10,10,0,False,False,0.0,position/h-sl-ft,0.0,False,0.0,1.0,0.0431913617276544
B2_propeller_inflow_angle_82cc3893,heldout,cpp,A4,elev_doublet_distractor,10,10,0,False,False,0.0,position/h-sl-ft,0.0,False,0.0,1.0,0.0431913617276544
B2_atmosphere_gradient_fadeout_05b709c8,heldout,cpp,A4,elev_doublet_distractor,10,10,0,False,False,0.0,position/h-sl-ft,0.0,False,0.0,1.0,0.0431913617276544
B2_A4_gear_retractable_3be71976,heldout,model,A4,elev_doublet_distractor,10,0,10,True,,,,,,,,
B_elevator_drag_8819410c,development,model,B747,cruise,10,10,0,False,True,3.847081047391045,accelerations/pdot-rad_sec2,3.902314470742716,True,1.0,8.0,0.0001999600079984
B_pqrdot_5ad2694c,development,cpp,B747,cruise,10,10,0,False,True,93.98404944977987,accelerations/pdot-rad_sec2,93.14798913135635,True,1.0,1.0,0.0001999600079984
B_turbine_windmill_2db8e408,development,cpp,B747,cruise,10,10,0,False,False,0.0,position/h-sl-ft,0.0,False,0.0,0.0,0.1111777644471105
B2_turbine_throttle_init_c8af9244,heldout,cpp,B747,cruise,10,10,0,False,False,0.0,position/h-sl-ft,0.0,False,0.0,0.0,0.1111777644471105
B2_turbine_thruster_inputs_20066483,heldout,cpp,B747,cruise,10,10,0,False,False,0.0,position/h-sl-ft,0.0,False,0.0,0.0,0.1111777644471105
B2_wheel_spin_down_8a9fba1c,heldout,cpp,B747,cruise,10,10,0,False,False,0.0,position/h-sl-ft,0.0,False,0.0,0.0,0.1111777644471105
B2_sensor_fail_stuck_f543d634,heldout,cpp,B747,cruise,10,10,0,False,False,0.0,position/h-sl-ft,0.0,False,0.0,0.0,0.1111777644471105
B2_atmosphere_high_altitude_61f1e8c3,heldout,cpp,B747,cruise,10,10,0,False,False,0.0,position/h-sl-ft,0.0,False,0.0,0.0,0.1111777644471105
B2_load_factor_sign_c3fa7d22,heldout,cpp,B747,cruise,10,10,0,False,False,0.0,position/h-sl-ft,0.0,False,0.0,0.0,0.1111777644471105
B2_propeller_inflow_angle_82cc3893,heldout,cpp,B747,cruise,10,10,0,False,False,0.0,position/h-sl-ft,0.0,False,0.0,0.0,0.1111777644471105
B2_atmosphere_gradient_fadeout_05b709c8,heldout,cpp,B747,cruise,10,10,0,False,False,0.0,position/h-sl-ft,0.0,False,0.0,0.0,0.1111777644471105
B_elevator_drag_8819410c,development,model,B747,throttle_step,10,10,0,False,True,0.5687047278922314,attitude/theta-rad,0.4897861830276021,False,0.0,11.0,0.0001999600079984
B_pqrdot_5ad2694c,development,cpp,B747,throttle_step,10,10,0,False,True,0.0093812933653994,accelerations/qdot-rad_sec2,0.0090424378701335,False,0.0,0.0,0.1335732853429314
B_turbine_windmill_2db8e408,development,cpp,B747,throttle_step,10,10,0,False,False,0.0,position/h-sl-ft,0.0,False,0.0,0.0,0.1337732453509298
B2_turbine_throttle_init_c8af9244,heldout,cpp,B747,throttle_step,10,10,0,False,False,0.0,position/h-sl-ft,0.0,False,0.0,0.0,0.1337732453509298
B2_turbine_thruster_inputs_20066483,heldout,cpp,B747,throttle_step,10,10,0,False,False,0.0,position/h-sl-ft,0.0,False,0.0,0.0,0.1337732453509298
B2_wheel_spin_down_8a9fba1c,heldout,cpp,B747,throttle_step,10,10,0,False,False,0.0,position/h-sl-ft,0.0,False,0.0,0.0,0.1337732453509298
B2_sensor_fail_stuck_f543d634,heldout,cpp,B747,throttle_step,10,10,0,False,False,0.0,position/h-sl-ft,0.0,False,0.0,0.0,0.1337732453509298
B2_atmosphere_high_altitude_61f1e8c3,heldout,cpp,B747,throttle_step,10,10,0,False,False,0.0,position/h-sl-ft,0.0,False,0.0,0.0,0.1337732453509298
B2_load_factor_sign_c3fa7d22,heldout,cpp,B747,throttle_step,10,10,0,False,False,0.0,position/h-sl-ft,0.0,False,0.0,0.0,0.1337732453509298
B2_propeller_inflow_angle_82cc3893,heldout,cpp,B747,throttle_step,10,10,0,False,False,0.0,position/h-sl-ft,0.0,False,0.0,0.0,0.1337732453509298
B2_atmosphere_gradient_fadeout_05b709c8,heldout,cpp,B747,throttle_step,10,10,0,False,False,0.0,position/h-sl-ft,0.0,False,0.0,0.0,0.1337732453509298
B_elevator_drag_8819410c,development,model,B747,elev_doublet,10,10,0,False,True,0.4030983589157346,accelerations/vdot-ft_sec2,0.4502809079950397,False,0.0,6.0,0.0001999600079984
B_pqrdot_5ad2694c,development,cpp,B747,elev_doublet,10,10,0,False,True,32.08883700649344,accelerations/pdot-rad_sec2,33.703159849391405,True,1.0,1.0,0.0001999600079984
B_turbine_windmill_2db8e408,development,cpp,B747,elev_doublet,10,10,0,False,False,0.0,position/h-sl-ft,0.0,False,0.0,0.0,0.1449710057988402
B2_turbine_throttle_init_c8af9244,heldout,cpp,B747,elev_doublet,10,10,0,False,False,0.0,position/h-sl-ft,0.0,False,0.0,0.0,0.1449710057988402
B2_turbine_thruster_inputs_20066483,heldout,cpp,B747,elev_doublet,10,10,0,False,False,0.0,position/h-sl-ft,0.0,False,0.0,0.0,0.1449710057988402
B2_wheel_spin_down_8a9fba1c,heldout,cpp,B747,elev_doublet,10,10,0,False,False,0.0,position/h-sl-ft,0.0,False,0.0,0.0,0.1449710057988402
B2_sensor_fail_stuck_f543d634,heldout,cpp,B747,elev_doublet,10,10,0,False,False,0.0,position/h-sl-ft,0.0,False,0.0,0.0,0.1449710057988402
B2_atmosphere_high_altitude_61f1e8c3,heldout,cpp,B747,elev_doublet,10,10,0,False,False,0.0,position/h-sl-ft,0.0,False,0.0,0.0,0.1449710057988402
B2_load_factor_sign_c3fa7d22,heldout,cpp,B747,elev_doublet,10,10,0,False,False,0.0,position/h-sl-ft,0.0,False,0.0,0.0,0.1449710057988402
B2_propeller_inflow_angle_82cc3893,heldout,cpp,B747,elev_doublet,10,10,0,False,False,0.0,position/h-sl-ft,0.0,False,0.0,0.0,0.1449710057988402
B2_atmosphere_gradient_fadeout_05b709c8,heldout,cpp,B747,elev_doublet,10,10,0,False,False,0.0,position/h-sl-ft,0.0,False,0.0,0.0,0.1449710057988402
B_elevator_drag_8819410c,development,model,B747,elev_step,10,10,0,False,True,0.6962736729616799,accelerations/udot-ft_sec2,0.7203203919536348,False,0.0,12.0,0.0001999600079984
B_pqrdot_5ad2694c,development,cpp,B747,elev_step,10,10,0,False,True,40.641312847929626,accelerations/pdot-rad_sec2,43.625495591039794,True,2.0,4.0,0.0001999600079984
B_turbine_windmill_2db8e408,development,cpp,B747,elev_step,10,10,0,False,False,0.0,position/h-sl-ft,0.0,False,0.0,2.0,0.0061987602479504
B2_turbine_throttle_init_c8af9244,heldout,cpp,B747,elev_step,10,10,0,False,False,0.0,position/h-sl-ft,0.0,False,0.0,2.0,0.0061987602479504
B2_turbine_thruster_inputs_20066483,heldout,cpp,B747,elev_step,10,10,0,False,False,0.0,position/h-sl-ft,0.0,False,0.0,2.0,0.0061987602479504
B2_wheel_spin_down_8a9fba1c,heldout,cpp,B747,elev_step,10,10,0,False,False,0.0,position/h-sl-ft,0.0,False,0.0,2.0,0.0061987602479504
B2_sensor_fail_stuck_f543d634,heldout,cpp,B747,elev_step,10,10,0,False,False,0.0,position/h-sl-ft,0.0,False,0.0,2.0,0.0061987602479504
B2_atmosphere_high_altitude_61f1e8c3,heldout,cpp,B747,elev_step,10,10,0,False,False,0.0,position/h-sl-ft,0.0,False,0.0,2.0,0.0061987602479504
B2_load_factor_sign_c3fa7d22,heldout,cpp,B747,elev_step,10,10,0,False,False,0.0,position/h-sl-ft,0.0,False,0.0,2.0,0.0061987602479504
B2_propeller_inflow_angle_82cc3893,heldout,cpp,B747,elev_step,10,10,0,False,False,0.0,position/h-sl-ft,0.0,False,0.0,2.0,0.0061987602479504
B2_atmosphere_gradient_fadeout_05b709c8,heldout,cpp,B747,elev_step,10,10,0,False,False,0.0,position/h-sl-ft,0.0,False,0.0,2.0,0.0061987602479504
B_elevator_drag_8819410c,development,model,B747,aileron_step,10,10,0,False,True,0.0242655744797224,accelerations/udot-ft_sec2,0.0306913927479231,False,0.0,5.0,0.0001999600079984
B_pqrdot_5ad2694c,development,cpp,B747,aileron_step,10,10,0,False,True,0.0310866952516527,accelerations/qdot-rad_sec2,0.0329422689714943,False,0.0,0.0,0.1221755648870226
B_turbine_windmill_2db8e408,development,cpp,B747,aileron_step,10,10,0,False,False,0.0,position/h-sl-ft,0.0,False,0.0,0.0,0.1221755648870226
B2_turbine_throttle_init_c8af9244,heldout,cpp,B747,aileron_step,10,10,0,False,False,0.0,position/h-sl-ft,0.0,False,0.0,0.0,0.1221755648870226
B2_turbine_thruster_inputs_20066483,heldout,cpp,B747,aileron_step,10,10,0,False,False,0.0,position/h-sl-ft,0.0,False,0.0,0.0,0.1221755648870226
B2_wheel_spin_down_8a9fba1c,heldout,cpp,B747,aileron_step,10,10,0,False,False,0.0,position/h-sl-ft,0.0,False,0.0,0.0,0.1221755648870226
B2_sensor_fail_stuck_f543d634,heldout,cpp,B747,aileron_step,10,10,0,False,False,0.0,position/h-sl-ft,0.0,False,0.0,0.0,0.1221755648870226
B2_atmosphere_high_altitude_61f1e8c3,heldout,cpp,B747,aileron_step,10,10,0,False,False,0.0,position/h-sl-ft,0.0,False,0.0,0.0,0.1221755648870226
B2_load_factor_sign_c3fa7d22,heldout,cpp,B747,aileron_step,10,10,0,False,False,0.0,position/h-sl-ft,0.0,False,0.0,0.0,0.1221755648870226
B2_propeller_inflow_angle_82cc3893,heldout,cpp,B747,aileron_step,10,10,0,False,False,0.0,position/h-sl-ft,0.0,False,0.0,0.0,0.1221755648870226
B2_atmosphere_gradient_fadeout_05b709c8,heldout,cpp,B747,aileron_step,10,10,0,False,False,0.0,position/h-sl-ft,0.0,False,0.0,0.0,0.1221755648870226
B_elevator_drag_8819410c,development,model,B747,rudder_doublet,10,10,0,False,True,0.0509494095597488,velocities/h-dot-fps,0.0505922037030783,False,0.0,7.0,0.0001999600079984
B_pqrdot_5ad2694c,development,cpp,B747,rudder_doublet,10,10,0,False,True,0.0018706504327542,accelerations/qdot-rad_sec2,0.0017073184506315,False,0.0,0.0,0.0669866026794641
B_turbine_windmill_2db8e408,development,cpp,B747,rudder_doublet,10,10,0,False,False,0.0,position/h-sl-ft,0.0,False,0.0,0.0,0.0669866026794641
B2_turbine_throttle_init_c8af9244,heldout,cpp,B747,rudder_doublet,10,10,0,False,False,0.0,position/h-sl-ft,0.0,False,0.0,0.0,0.0669866026794641
B2_turbine_thruster_inputs_20066483,heldout,cpp,B747,rudder_doublet,10,10,0,False,False,0.0,position/h-sl-ft,0.0,False,0.0,0.0,0.0669866026794641
B2_wheel_spin_down_8a9fba1c,heldout,cpp,B747,rudder_doublet,10,10,0,False,False,0.0,position/h-sl-ft,0.0,False,0.0,0.0,0.0669866026794641
B2_sensor_fail_stuck_f543d634,heldout,cpp,B747,rudder_doublet,10,10,0,False,False,0.0,position/h-sl-ft,0.0,False,0.0,0.0,0.0669866026794641
B2_atmosphere_high_altitude_61f1e8c3,heldout,cpp,B747,rudder_doublet,10,10,0,False,False,0.0,position/h-sl-ft,0.0,False,0.0,0.0,0.0669866026794641
B2_load_factor_sign_c3fa7d22,heldout,cpp,B747,rudder_doublet,10,10,0,False,False,0.0,position/h-sl-ft,0.0,False,0.0,0.0,0.0669866026794641
B2_propeller_inflow_angle_82cc3893,heldout,cpp,B747,rudder_doublet,10,10,0,False,False,0.0,position/h-sl-ft,0.0,False,0.0,0.0,0.0669866026794641
B2_atmosphere_gradient_fadeout_05b709c8,heldout,cpp,B747,rudder_doublet,10,10,0,False,False,0.0,position/h-sl-ft,0.0,False,0.0,0.0,0.0669866026794641
B_elevator_drag_8819410c,development,model,B747,bank_hold,10,10,0,False,True,0.0613148479552097,accelerations/udot-ft_sec2,0.0528458182538137,False,0.0,8.0,0.0001999600079984
B_pqrdot_5ad2694c,development,cpp,B747,bank_hold,10,10,0,False,True,0.038378561076595,accelerations/qdot-rad_sec2,0.0389578287886963,False,0.0,0.0,0.0591881623675265
B_turbine_windmill_2db8e408,development,cpp,B747,bank_hold,10,10,0,False,False,0.0,position/h-sl-ft,0.0,False,0.0,0.0,0.0591881623675265
B2_turbine_throttle_init_c8af9244,heldout,cpp,B747,bank_hold,10,10,0,False,False,0.0,position/h-sl-ft,0.0,False,0.0,0.0,0.0591881623675265
B2_turbine_thruster_inputs_20066483,heldout,cpp,B747,bank_hold,10,10,0,False,False,0.0,position/h-sl-ft,0.0,False,0.0,0.0,0.0591881623675265
B2_wheel_spin_down_8a9fba1c,heldout,cpp,B747,bank_hold,10,10,0,False,False,0.0,position/h-sl-ft,0.0,False,0.0,0.0,0.0591881623675265
B2_sensor_fail_stuck_f543d634,heldout,cpp,B747,bank_hold,10,10,0,False,False,0.0,position/h-sl-ft,0.0,False,0.0,0.0,0.0591881623675265
B2_atmosphere_high_altitude_61f1e8c3,heldout,cpp,B747,bank_hold,10,10,0,False,False,0.0,position/h-sl-ft,0.0,False,0.0,0.0,0.0591881623675265
B2_load_factor_sign_c3fa7d22,heldout,cpp,B747,bank_hold,10,10,0,False,False,0.0,position/h-sl-ft,0.0,False,0.0,0.0,0.0591881623675265
B2_propeller_inflow_angle_82cc3893,heldout,cpp,B747,bank_hold,10,10,0,False,False,0.0,position/h-sl-ft,0.0,False,0.0,0.0,0.0591881623675265
B2_atmosphere_gradient_fadeout_05b709c8,heldout,cpp,B747,bank_hold,10,10,0,False,False,0.0,position/h-sl-ft,0.0,False,0.0,0.0,0.0591881623675265
B_elevator_drag_8819410c,development,model,B747,flap_extend,10,10,0,False,True,0.1400891405581008,velocities/q-rad_sec,0.1234428873435857,False,0.0,17.0,0.0001999600079984
B_pqrdot_5ad2694c,development,cpp,B747,flap_extend,10,10,0,False,True,2.487030364750334,accelerations/pdot-rad_sec2,2.3822248589545607,True,1.0,2.0,0.0001999600079984
B_turbine_windmill_2db8e408,development,cpp,B747,flap_extend,10,10,0,False,False,0.0,position/h-sl-ft,0.0,False,0.0,0.0,0.1267746450709858
B2_turbine_throttle_init_c8af9244,heldout,cpp,B747,flap_extend,10,10,0,False,False,0.0,position/h-sl-ft,0.0,False,0.0,0.0,0.1267746450709858
B2_turbine_thruster_inputs_20066483,heldout,cpp,B747,flap_extend,10,10,0,False,False,0.0,position/h-sl-ft,0.0,False,0.0,0.0,0.1267746450709858
B2_wheel_spin_down_8a9fba1c,heldout,cpp,B747,flap_extend,10,10,0,False,False,0.0,position/h-sl-ft,0.0,False,0.0,0.0,0.1267746450709858
B2_sensor_fail_stuck_f543d634,heldout,cpp,B747,flap_extend,10,10,0,False,False,0.0,position/h-sl-ft,0.0,False,0.0,0.0,0.1267746450709858
B2_atmosphere_high_altitude_61f1e8c3,heldout,cpp,B747,flap_extend,10,10,0,False,False,0.0,position/h-sl-ft,0.0,False,0.0,0.0,0.1267746450709858
B2_load_factor_sign_c3fa7d22,heldout,cpp,B747,flap_extend,10,10,0,False,False,0.0,position/h-sl-ft,0.0,False,0.0,0.0,0.1267746450709858
B2_propeller_inflow_angle_82cc3893,heldout,cpp,B747,flap_extend,10,10,0,False,False,0.0,position/h-sl-ft,0.0,False,0.0,0.0,0.1267746450709858
B2_atmosphere_gradient_fadeout_05b709c8,heldout,cpp,B747,flap_extend,10,10,0,False,False,0.0,position/h-sl-ft,0.0,False,0.0,0.0,0.1267746450709858
B_elevator_drag_8819410c,development,model,B747,engine_cut,10,10,0,False,True,5.514367630942726,attitude/psi-rad,5.203508221892635,True,10.0,20.0,0.0001999600079984
B_pqrdot_5ad2694c,development,cpp,B747,engine_cut,10,10,0,False,True,0.039323117602094,accelerations/qdot-rad_sec2,0.0401458672776405,False,0.0,0.0,0.2355528894221155
B_turbine_windmill_2db8e408,development,cpp,B747,engine_cut,10,10,0,False,False,0.0,position/h-sl-ft,0.0,False,0.0,0.0,0.2355528894221155
B2_turbine_throttle_init_c8af9244,heldout,cpp,B747,engine_cut,10,10,0,False,False,0.0,position/h-sl-ft,0.0,False,0.0,0.0,0.2355528894221155
B2_turbine_thruster_inputs_20066483,heldout,cpp,B747,engine_cut,10,10,0,False,False,0.0,position/h-sl-ft,0.0,False,0.0,0.0,0.2355528894221155
B2_wheel_spin_down_8a9fba1c,heldout,cpp,B747,engine_cut,10,10,0,False,False,0.0,position/h-sl-ft,0.0,False,0.0,0.0,0.2355528894221155
B2_sensor_fail_stuck_f543d634,heldout,cpp,B747,engine_cut,10,10,0,False,False,0.0,position/h-sl-ft,0.0,False,0.0,0.0,0.2355528894221155
B2_atmosphere_high_altitude_61f1e8c3,heldout,cpp,B747,engine_cut,10,10,0,False,False,0.0,position/h-sl-ft,0.0,False,0.0,0.0,0.2355528894221155
B2_load_factor_sign_c3fa7d22,heldout,cpp,B747,engine_cut,10,10,0,False,False,0.0,position/h-sl-ft,0.0,False,0.0,0.0,0.2355528894221155
B2_propeller_inflow_angle_82cc3893,heldout,cpp,B747,engine_cut,10,10,0,False,False,0.0,position/h-sl-ft,0.0,False,0.0,0.0,0.2355528894221155
B2_atmosphere_gradient_fadeout_05b709c8,heldout,cpp,B747,engine_cut,10,10,0,False,False,0.0,position/h-sl-ft,0.0,False,0.0,0.0,0.2355528894221155
B_elevator_drag_8819410c,development,model,B747,climbing_turn,10,10,0,False,True,0.6907963364771328,accelerations/udot-ft_sec2,0.7156123722446746,False,0.0,7.0,0.0001999600079984
B_pqrdot_5ad2694c,development,cpp,B747,climbing_turn,10,10,0,False,True,0.0052341739087217,accelerations/rdot-rad_sec2,0.005799778875864,False,0.0,2.0,0.0167966406718656
B_turbine_windmill_2db8e408,development,cpp,B747,climbing_turn,10,10,0,False,False,0.0,position/h-sl-ft,0.0,False,0.0,2.0,0.0167966406718656
B2_turbine_throttle_init_c8af9244,heldout,cpp,B747,climbing_turn,10,10,0,False,False,0.0,position/h-sl-ft,0.0,False,0.0,2.0,0.0167966406718656
B2_turbine_thruster_inputs_20066483,heldout,cpp,B747,climbing_turn,10,10,0,False,False,0.0,position/h-sl-ft,0.0,False,0.0,2.0,0.0167966406718656
B2_wheel_spin_down_8a9fba1c,heldout,cpp,B747,climbing_turn,10,10,0,False,False,0.0,position/h-sl-ft,0.0,False,0.0,2.0,0.0167966406718656
B2_sensor_fail_stuck_f543d634,heldout,cpp,B747,climbing_turn,10,10,0,False,False,0.0,position/h-sl-ft,0.0,False,0.0,2.0,0.0167966406718656
B2_atmosphere_high_altitude_61f1e8c3,heldout,cpp,B747,climbing_turn,10,10,0,False,False,0.0,position/h-sl-ft,0.0,False,0.0,2.0,0.0167966406718656
B2_load_factor_sign_c3fa7d22,heldout,cpp,B747,climbing_turn,10,10,0,False,False,0.0,position/h-sl-ft,0.0,False,0.0,2.0,0.0167966406718656
B2_propeller_inflow_angle_82cc3893,heldout,cpp,B747,climbing_turn,10,10,0,False,False,0.0,position/h-sl-ft,0.0,False,0.0,2.0,0.0167966406718656
B2_atmosphere_gradient_fadeout_05b709c8,heldout,cpp,B747,climbing_turn,10,10,0,False,False,0.0,position/h-sl-ft,0.0,False,0.0,2.0,0.0167966406718656
B_elevator_drag_8819410c,development,model,B747,elev_doublet_distractor,10,10,0,False,True,0.439577197571303,accelerations/udot-ft_sec2,0.4169871013777743,False,0.0,2.0,0.0055988802239552
B_pqrdot_5ad2694c,development,cpp,B747,elev_doublet_distractor,10,10,0,False,True,0.0001732575819021,accelerations/rdot-rad_sec2,0.0002063183426851,False,0.0,0.0,0.2039592081583683
B_turbine_windmill_2db8e408,development,cpp,B747,elev_doublet_distractor,10,10,0,False,False,0.0,position/h-sl-ft,0.0,False,0.0,0.0,0.2039592081583683
B2_turbine_throttle_init_c8af9244,heldout,cpp,B747,elev_doublet_distractor,10,10,0,False,False,0.0,position/h-sl-ft,0.0,False,0.0,0.0,0.2039592081583683
B2_turbine_thruster_inputs_20066483,heldout,cpp,B747,elev_doublet_distractor,10,10,0,False,False,0.0,position/h-sl-ft,0.0,False,0.0,0.0,0.2039592081583683
B2_wheel_spin_down_8a9fba1c,heldout,cpp,B747,elev_doublet_distractor,10,10,0,False,False,0.0,position/h-sl-ft,0.0,False,0.0,0.0,0.2039592081583683
B2_sensor_fail_stuck_f543d634,heldout,cpp,B747,elev_doublet_distractor,10,10,0,False,False,0.0,position/h-sl-ft,0.0,False,0.0,0.0,0.2039592081583683
B2_atmosphere_high_altitude_61f1e8c3,heldout,cpp,B747,elev_doublet_distractor,10,10,0,False,False,0.0,position/h-sl-ft,0.0,False,0.0,0.0,0.2039592081583683
B2_load_factor_sign_c3fa7d22,heldout,cpp,B747,elev_doublet_distractor,10,10,0,False,False,0.0,position/h-sl-ft,0.0,False,0.0,0.0,0.2039592081583683
B2_propeller_inflow_angle_82cc3893,heldout,cpp,B747,elev_doublet_distractor,10,10,0,False,False,0.0,position/h-sl-ft,0.0,False,0.0,0.0,0.2039592081583683
B2_atmosphere_gradient_fadeout_05b709c8,heldout,cpp,B747,elev_doublet_distractor,10,10,0,False,False,0.0,position/h-sl-ft,0.0,False,0.0,0.0,0.2039592081583683
B_elevator_drag_8819410c,development,model,B747,engine_restart,10,10,0,False,True,4.338346486004999,attitude/psi-rad,4.610458610568164,True,12.0,20.0,0.0001999600079984
B_pqrdot_5ad2694c,development,cpp,B747,engine_restart,10,10,0,False,True,0.0120911098140816,accelerations/qdot-rad_sec2,0.0121694548985239,False,0.0,3.0,0.0111977604479104
B_turbine_windmill_2db8e408,development,cpp,B747,engine_restart,10,10,0,False,True,15.472995906356124,velocities/p-rad_sec,15.293562416839173,True,16.0,22.0,0.0001999600079984
B2_turbine_throttle_init_c8af9244,heldout,cpp,B747,engine_restart,10,10,0,False,False,0.0,position/h-sl-ft,0.0,False,0.0,3.0,0.0111977604479104
B2_turbine_thruster_inputs_20066483,heldout,cpp,B747,engine_restart,10,10,0,False,False,0.0,position/h-sl-ft,0.0,False,0.0,3.0,0.0111977604479104
B2_wheel_spin_down_8a9fba1c,heldout,cpp,B747,engine_restart,10,10,0,False,False,0.0,position/h-sl-ft,0.0,False,0.0,3.0,0.0111977604479104
B2_sensor_fail_stuck_f543d634,heldout,cpp,B747,engine_restart,10,10,0,False,False,0.0,position/h-sl-ft,0.0,False,0.0,3.0,0.0111977604479104
B2_atmosphere_high_altitude_61f1e8c3,heldout,cpp,B747,engine_restart,10,10,0,False,False,0.0,position/h-sl-ft,0.0,False,0.0,3.0,0.0111977604479104
B2_load_factor_sign_c3fa7d22,heldout,cpp,B747,engine_restart,10,10,0,False,False,0.0,position/h-sl-ft,0.0,False,0.0,3.0,0.0111977604479104
B2_propeller_inflow_angle_82cc3893,heldout,cpp,B747,engine_restart,10,10,0,False,False,0.0,position/h-sl-ft,0.0,False,0.0,3.0,0.0111977604479104
B2_atmosphere_gradient_fadeout_05b709c8,heldout,cpp,B747,engine_restart,10,10,0,False,False,0.0,position/h-sl-ft,0.0,False,0.0,3.0,0.0111977604479104
B_pqrdot_5ad2694c,development,cpp,Boeing314,cruise,10,10,0,False,True,0.0007195647467395,accelerations/pdot-rad_sec2,0.0006600701276443,False,0.0,0.0,0.0787842431513697
B_piston_power_bcd3f980,development,cpp,Boeing314,cruise,10,10,0,False,True,1.517424721115965,attitude/psi-rad,0.7401237341894975,False,0.0,0.0,0.3195360927814437
B2_turbine_throttle_init_c8af9244,heldout,cpp,Boeing314,cruise,10,10,0,False,False,0.0,position/h-sl-ft,0.0,False,0.0,0.0,0.0787842431513697
B2_turbine_thruster_inputs_20066483,heldout,cpp,Boeing314,cruise,10,10,0,False,False,0.0,position/h-sl-ft,0.0,False,0.0,0.0,0.0787842431513697
B2_wheel_spin_down_8a9fba1c,heldout,cpp,Boeing314,cruise,10,10,0,False,False,0.0,position/h-sl-ft,0.0,False,0.0,0.0,0.0787842431513697
B2_sensor_fail_stuck_f543d634,heldout,cpp,Boeing314,cruise,10,10,0,False,False,0.0,position/h-sl-ft,0.0,False,0.0,0.0,0.0787842431513697
B2_atmosphere_high_altitude_61f1e8c3,heldout,cpp,Boeing314,cruise,10,10,0,False,False,0.0,position/h-sl-ft,0.0,False,0.0,0.0,0.0787842431513697
B2_load_factor_sign_c3fa7d22,heldout,cpp,Boeing314,cruise,10,10,0,False,False,0.0,position/h-sl-ft,0.0,False,0.0,0.0,0.0787842431513697
B2_propeller_inflow_angle_82cc3893,heldout,cpp,Boeing314,cruise,10,10,0,False,False,0.0,position/h-sl-ft,0.0,False,0.0,0.0,0.0787842431513697
B2_atmosphere_gradient_fadeout_05b709c8,heldout,cpp,Boeing314,cruise,10,10,0,False,False,0.0,position/h-sl-ft,0.0,False,0.0,0.0,0.0787842431513697
B2_Boeing314_aero_props_75b9b1e8,heldout,model,Boeing314,cruise,10,0,10,True,,,,,,,,
B_pqrdot_5ad2694c,development,cpp,Boeing314,throttle_step,10,10,0,False,True,0.0023893227642129,accelerations/pdot-rad_sec2,0.0032317182548032,False,0.0,0.0,0.0721855628874225
B_piston_power_bcd3f980,development,cpp,Boeing314,throttle_step,10,10,0,False,True,3.537898586477338,velocities/h-dot-fps,0.7099016770440318,False,0.0,2.0,0.0195960807838432
B2_turbine_throttle_init_c8af9244,heldout,cpp,Boeing314,throttle_step,10,10,0,False,False,0.0,position/h-sl-ft,0.0,False,0.0,0.0,0.0721855628874225
B2_turbine_thruster_inputs_20066483,heldout,cpp,Boeing314,throttle_step,10,10,0,False,False,0.0,position/h-sl-ft,0.0,False,0.0,0.0,0.0721855628874225
B2_wheel_spin_down_8a9fba1c,heldout,cpp,Boeing314,throttle_step,10,10,0,False,False,0.0,position/h-sl-ft,0.0,False,0.0,0.0,0.0721855628874225
B2_sensor_fail_stuck_f543d634,heldout,cpp,Boeing314,throttle_step,10,10,0,False,False,0.0,position/h-sl-ft,0.0,False,0.0,0.0,0.0721855628874225
B2_atmosphere_high_altitude_61f1e8c3,heldout,cpp,Boeing314,throttle_step,10,10,0,False,False,0.0,position/h-sl-ft,0.0,False,0.0,0.0,0.0721855628874225
B2_load_factor_sign_c3fa7d22,heldout,cpp,Boeing314,throttle_step,10,10,0,False,False,0.0,position/h-sl-ft,0.0,False,0.0,0.0,0.0721855628874225
B2_propeller_inflow_angle_82cc3893,heldout,cpp,Boeing314,throttle_step,10,10,0,False,False,0.0,position/h-sl-ft,0.0,False,0.0,0.0,0.0721855628874225
B2_atmosphere_gradient_fadeout_05b709c8,heldout,cpp,Boeing314,throttle_step,10,10,0,False,False,0.0,position/h-sl-ft,0.0,False,0.0,0.0,0.0721855628874225
B2_Boeing314_aero_props_75b9b1e8,heldout,model,Boeing314,throttle_step,10,0,10,True,,,,,,,,
B_pqrdot_5ad2694c,development,cpp,Boeing314,elev_doublet,10,10,0,False,True,0.0004691520875365,accelerations/pdot-rad_sec2,0.000435881818734,False,0.0,6.0,0.0061987602479504
B_piston_power_bcd3f980,development,cpp,Boeing314,elev_doublet,10,10,0,False,True,1.4846820131000562,accelerations/vdot-ft_sec2,0.7972809416166566,False,0.0,0.0,0.0861827634473105
B2_turbine_throttle_init_c8af9244,heldout,cpp,Boeing314,elev_doublet,10,10,0,False,False,0.0,position/h-sl-ft,0.0,False,0.0,6.0,0.0061987602479504
B2_turbine_thruster_inputs_20066483,heldout,cpp,Boeing314,elev_doublet,10,10,0,False,False,0.0,position/h-sl-ft,0.0,False,0.0,6.0,0.0061987602479504
B2_wheel_spin_down_8a9fba1c,heldout,cpp,Boeing314,elev_doublet,10,10,0,False,False,0.0,position/h-sl-ft,0.0,False,0.0,6.0,0.0061987602479504
B2_sensor_fail_stuck_f543d634,heldout,cpp,Boeing314,elev_doublet,10,10,0,False,False,0.0,position/h-sl-ft,0.0,False,0.0,6.0,0.0061987602479504
B2_atmosphere_high_altitude_61f1e8c3,heldout,cpp,Boeing314,elev_doublet,10,10,0,False,False,0.0,position/h-sl-ft,0.0,False,0.0,6.0,0.0061987602479504
B2_load_factor_sign_c3fa7d22,heldout,cpp,Boeing314,elev_doublet,10,10,0,False,False,0.0,position/h-sl-ft,0.0,False,0.0,6.0,0.0061987602479504
B2_propeller_inflow_angle_82cc3893,heldout,cpp,Boeing314,elev_doublet,10,10,0,False,False,0.0,position/h-sl-ft,0.0,False,0.0,6.0,0.0061987602479504
B2_atmosphere_gradient_fadeout_05b709c8,heldout,cpp,Boeing314,elev_doublet,10,10,0,False,False,0.0,position/h-sl-ft,0.0,False,0.0,6.0,0.0061987602479504
B2_Boeing314_aero_props_75b9b1e8,heldout,model,Boeing314,elev_doublet,10,0,10,True,,,,,,,,
B_pqrdot_5ad2694c,development,cpp,Boeing314,elev_step,9,9,0,False,True,0.0010519225978394,accelerations/pdot-rad_sec2,0.0008954932400718,False,0.0,0.0,0.0885822835432913
B_piston_power_bcd3f980,development,cpp,Boeing314,elev_step,9,10,0,False,True,3.399954183129803,attitude/psi-rad,1.2363122634946058,True,8.0,0.0,0.2079584083183363
B2_turbine_throttle_init_c8af9244,heldout,cpp,Boeing314,elev_step,9,9,0,False,False,0.0,position/h-sl-ft,0.0,False,0.0,0.0,0.0885822835432913
B2_turbine_thruster_inputs_20066483,heldout,cpp,Boeing314,elev_step,9,9,0,False,False,0.0,position/h-sl-ft,0.0,False,0.0,0.0,0.0885822835432913
B2_wheel_spin_down_8a9fba1c,heldout,cpp,Boeing314,elev_step,9,9,0,False,False,0.0,position/h-sl-ft,0.0,False,0.0,0.0,0.0885822835432913
B2_sensor_fail_stuck_f543d634,heldout,cpp,Boeing314,elev_step,9,9,0,False,False,0.0,position/h-sl-ft,0.0,False,0.0,0.0,0.0885822835432913
B2_atmosphere_high_altitude_61f1e8c3,heldout,cpp,Boeing314,elev_step,9,9,0,False,False,0.0,position/h-sl-ft,0.0,False,0.0,0.0,0.0885822835432913
B2_load_factor_sign_c3fa7d22,heldout,cpp,Boeing314,elev_step,9,9,0,False,False,0.0,position/h-sl-ft,0.0,False,0.0,0.0,0.0885822835432913
B2_propeller_inflow_angle_82cc3893,heldout,cpp,Boeing314,elev_step,9,9,0,False,False,0.0,position/h-sl-ft,0.0,False,0.0,0.0,0.0885822835432913
B2_atmosphere_gradient_fadeout_05b709c8,heldout,cpp,Boeing314,elev_step,9,9,0,False,False,0.0,position/h-sl-ft,0.0,False,0.0,0.0,0.0885822835432913
B2_Boeing314_aero_props_75b9b1e8,heldout,model,Boeing314,elev_step,9,0,9,True,,,,,,,,
B_pqrdot_5ad2694c,development,cpp,Boeing314,aileron_step,10,10,0,False,True,0.0008560732427956,accelerations/rdot-rad_sec2,0.0007953832021941,False,0.0,2.0,0.010997800439912
B_piston_power_bcd3f980,development,cpp,Boeing314,aileron_step,10,10,0,False,True,1.507813481719113,accelerations/qdot-rad_sec2,0.8777456229532247,False,0.0,0.0,0.1073785242951409
B2_turbine_throttle_init_c8af9244,heldout,cpp,Boeing314,aileron_step,10,10,0,False,False,0.0,position/h-sl-ft,0.0,False,0.0,2.0,0.010997800439912
B2_turbine_thruster_inputs_20066483,heldout,cpp,Boeing314,aileron_step,10,10,0,False,False,0.0,position/h-sl-ft,0.0,False,0.0,2.0,0.010997800439912
B2_wheel_spin_down_8a9fba1c,heldout,cpp,Boeing314,aileron_step,10,10,0,False,False,0.0,position/h-sl-ft,0.0,False,0.0,2.0,0.010997800439912
B2_sensor_fail_stuck_f543d634,heldout,cpp,Boeing314,aileron_step,10,10,0,False,False,0.0,position/h-sl-ft,0.0,False,0.0,2.0,0.010997800439912
B2_atmosphere_high_altitude_61f1e8c3,heldout,cpp,Boeing314,aileron_step,10,10,0,False,False,0.0,position/h-sl-ft,0.0,False,0.0,2.0,0.010997800439912
B2_load_factor_sign_c3fa7d22,heldout,cpp,Boeing314,aileron_step,10,10,0,False,False,0.0,position/h-sl-ft,0.0,False,0.0,2.0,0.010997800439912
B2_propeller_inflow_angle_82cc3893,heldout,cpp,Boeing314,aileron_step,10,10,0,False,False,0.0,position/h-sl-ft,0.0,False,0.0,2.0,0.010997800439912
B2_atmosphere_gradient_fadeout_05b709c8,heldout,cpp,Boeing314,aileron_step,10,10,0,False,False,0.0,position/h-sl-ft,0.0,False,0.0,2.0,0.010997800439912
B2_Boeing314_aero_props_75b9b1e8,heldout,model,Boeing314,aileron_step,10,0,10,True,,,,,,,,
B_pqrdot_5ad2694c,development,cpp,Boeing314,rudder_doublet,10,10,0,False,True,0.0004381633202271,accelerations/pdot-rad_sec2,0.0003846026052316,False,0.0,0.0,0.0613877224555089
B_piston_power_bcd3f980,development,cpp,Boeing314,rudder_doublet,10,10,0,False,True,5.2161079199343146,accelerations/wdot-ft_sec2,0.8842816225316903,False,0.0,0.0,0.2453509298140372
B2_turbine_throttle_init_c8af9244,heldout,cpp,Boeing314,rudder_doublet,10,10,0,False,False,0.0,position/h-sl-ft,0.0,False,0.0,0.0,0.0613877224555089
B2_turbine_thruster_inputs_20066483,heldout,cpp,Boeing314,rudder_doublet,10,10,0,False,False,0.0,position/h-sl-ft,0.0,False,0.0,0.0,0.0613877224555089
B2_wheel_spin_down_8a9fba1c,heldout,cpp,Boeing314,rudder_doublet,10,10,0,False,False,0.0,position/h-sl-ft,0.0,False,0.0,0.0,0.0613877224555089
B2_sensor_fail_stuck_f543d634,heldout,cpp,Boeing314,rudder_doublet,10,10,0,False,False,0.0,position/h-sl-ft,0.0,False,0.0,0.0,0.0613877224555089
B2_atmosphere_high_altitude_61f1e8c3,heldout,cpp,Boeing314,rudder_doublet,10,10,0,False,False,0.0,position/h-sl-ft,0.0,False,0.0,0.0,0.0613877224555089
B2_load_factor_sign_c3fa7d22,heldout,cpp,Boeing314,rudder_doublet,10,10,0,False,False,0.0,position/h-sl-ft,0.0,False,0.0,0.0,0.0613877224555089
B2_propeller_inflow_angle_82cc3893,heldout,cpp,Boeing314,rudder_doublet,10,10,0,False,False,0.0,position/h-sl-ft,0.0,False,0.0,0.0,0.0613877224555089
B2_atmosphere_gradient_fadeout_05b709c8,heldout,cpp,Boeing314,rudder_doublet,10,10,0,False,False,0.0,position/h-sl-ft,0.0,False,0.0,0.0,0.0613877224555089
B2_Boeing314_aero_props_75b9b1e8,heldout,model,Boeing314,rudder_doublet,10,0,10,True,,,,,,,,
B_pqrdot_5ad2694c,development,cpp,Boeing314,bank_hold,10,10,0,False,True,0.0012871855337825,accelerations/qdot-rad_sec2,0.0014333953301316,False,0.0,7.0,0.0143971205758848
B_piston_power_bcd3f980,development,cpp,Boeing314,bank_hold,10,10,0,False,True,0.0013716384761723,accelerations/qdot-rad_sec2,1.4075462870778337,True,2.0,15.0,0.0037992401519696
B2_turbine_throttle_init_c8af9244,heldout,cpp,Boeing314,bank_hold,10,10,0,False,False,0.0,position/h-sl-ft,0.0,False,0.0,7.0,0.0143971205758848
B2_turbine_thruster_inputs_20066483,heldout,cpp,Boeing314,bank_hold,10,10,0,False,False,0.0,position/h-sl-ft,0.0,False,0.0,7.0,0.0143971205758848
B2_wheel_spin_down_8a9fba1c,heldout,cpp,Boeing314,bank_hold,10,10,0,False,False,0.0,position/h-sl-ft,0.0,False,0.0,7.0,0.0143971205758848
B2_sensor_fail_stuck_f543d634,heldout,cpp,Boeing314,bank_hold,10,10,0,False,False,0.0,position/h-sl-ft,0.0,False,0.0,7.0,0.0143971205758848
B2_atmosphere_high_altitude_61f1e8c3,heldout,cpp,Boeing314,bank_hold,10,10,0,False,False,0.0,position/h-sl-ft,0.0,False,0.0,7.0,0.0143971205758848
B2_load_factor_sign_c3fa7d22,heldout,cpp,Boeing314,bank_hold,10,10,0,False,False,0.0,position/h-sl-ft,0.0,False,0.0,7.0,0.0143971205758848
B2_propeller_inflow_angle_82cc3893,heldout,cpp,Boeing314,bank_hold,10,10,0,False,False,0.0,position/h-sl-ft,0.0,False,0.0,7.0,0.0143971205758848
B2_atmosphere_gradient_fadeout_05b709c8,heldout,cpp,Boeing314,bank_hold,10,10,0,False,False,0.0,position/h-sl-ft,0.0,False,0.0,7.0,0.0143971205758848
B2_Boeing314_aero_props_75b9b1e8,heldout,model,Boeing314,bank_hold,10,0,10,True,,,,,,,,
B_pqrdot_5ad2694c,development,cpp,Boeing314,flap_extend,10,10,0,False,True,0.0030007413731785,accelerations/pdot-rad_sec2,0.0026037412590992,False,0.0,3.0,0.0091981603679264
B_piston_power_bcd3f980,development,cpp,Boeing314,flap_extend,10,10,0,False,True,4.1400139770735285,attitude/psi-rad,2.7581518254543247,True,9.0,6.0,0.010997800439912
B2_turbine_throttle_init_c8af9244,heldout,cpp,Boeing314,flap_extend,10,10,0,False,False,0.0,position/h-sl-ft,0.0,False,0.0,3.0,0.0091981603679264
B2_turbine_thruster_inputs_20066483,heldout,cpp,Boeing314,flap_extend,10,10,0,False,False,0.0,position/h-sl-ft,0.0,False,0.0,3.0,0.0091981603679264
B2_wheel_spin_down_8a9fba1c,heldout,cpp,Boeing314,flap_extend,10,10,0,False,False,0.0,position/h-sl-ft,0.0,False,0.0,3.0,0.0091981603679264
B2_sensor_fail_stuck_f543d634,heldout,cpp,Boeing314,flap_extend,10,10,0,False,False,0.0,position/h-sl-ft,0.0,False,0.0,3.0,0.0091981603679264
B2_atmosphere_high_altitude_61f1e8c3,heldout,cpp,Boeing314,flap_extend,10,10,0,False,False,0.0,position/h-sl-ft,0.0,False,0.0,3.0,0.0091981603679264
B2_load_factor_sign_c3fa7d22,heldout,cpp,Boeing314,flap_extend,10,10,0,False,False,0.0,position/h-sl-ft,0.0,False,0.0,3.0,0.0091981603679264
B2_propeller_inflow_angle_82cc3893,heldout,cpp,Boeing314,flap_extend,10,10,0,False,False,0.0,position/h-sl-ft,0.0,False,0.0,3.0,0.0091981603679264
B2_atmosphere_gradient_fadeout_05b709c8,heldout,cpp,Boeing314,flap_extend,10,10,0,False,False,0.0,position/h-sl-ft,0.0,False,0.0,3.0,0.0091981603679264
B2_Boeing314_aero_props_75b9b1e8,heldout,model,Boeing314,flap_extend,10,0,10,True,,,,,,,,
B_pqrdot_5ad2694c,development,cpp,Boeing314,engine_cut,10,10,0,False,True,0.004894396663047,accelerations/pdot-rad_sec2,0.0048855334902872,False,0.0,0.0,0.2353529294141171
B_piston_power_bcd3f980,development,cpp,Boeing314,engine_cut,10,10,0,False,True,1.5126620653506364,accelerations/rdot-rad_sec2,1.7578877168719074,True,4.0,0.0,0.0597880423915217
B2_turbine_throttle_init_c8af9244,heldout,cpp,Boeing314,engine_cut,10,10,0,False,False,0.0,position/h-sl-ft,0.0,False,0.0,0.0,0.2353529294141171
B2_turbine_thruster_inputs_20066483,heldout,cpp,Boeing314,engine_cut,10,10,0,False,False,0.0,position/h-sl-ft,0.0,False,0.0,0.0,0.2353529294141171
B2_wheel_spin_down_8a9fba1c,heldout,cpp,Boeing314,engine_cut,10,10,0,False,False,0.0,position/h-sl-ft,0.0,False,0.0,0.0,0.2353529294141171
B2_sensor_fail_stuck_f543d634,heldout,cpp,Boeing314,engine_cut,10,10,0,False,False,0.0,position/h-sl-ft,0.0,False,0.0,0.0,0.2353529294141171
B2_atmosphere_high_altitude_61f1e8c3,heldout,cpp,Boeing314,engine_cut,10,10,0,False,False,0.0,position/h-sl-ft,0.0,False,0.0,0.0,0.2353529294141171
B2_load_factor_sign_c3fa7d22,heldout,cpp,Boeing314,engine_cut,10,10,0,False,False,0.0,position/h-sl-ft,0.0,False,0.0,0.0,0.2353529294141171
B2_propeller_inflow_angle_82cc3893,heldout,cpp,Boeing314,engine_cut,10,10,0,False,False,0.0,position/h-sl-ft,0.0,False,0.0,0.0,0.2353529294141171
B2_atmosphere_gradient_fadeout_05b709c8,heldout,cpp,Boeing314,engine_cut,10,10,0,False,False,0.0,position/h-sl-ft,0.0,False,0.0,0.0,0.2353529294141171
B2_Boeing314_aero_props_75b9b1e8,heldout,model,Boeing314,engine_cut,10,0,10,True,,,,,,,,
B_pqrdot_5ad2694c,development,cpp,Boeing314,climbing_turn,10,10,0,False,True,0.0020830944597105,accelerations/rdot-rad_sec2,0.002289826734218,False,0.0,0.0,0.0975804839032193
B_piston_power_bcd3f980,development,cpp,Boeing314,climbing_turn,10,10,0,False,True,0.4438028748806072,accelerations/udot-ft_sec2,0.7220589268989092,False,0.0,0.0,0.0863827234553089
B2_turbine_throttle_init_c8af9244,heldout,cpp,Boeing314,climbing_turn,10,10,0,False,False,0.0,position/h-sl-ft,0.0,False,0.0,0.0,0.0975804839032193
B2_turbine_thruster_inputs_20066483,heldout,cpp,Boeing314,climbing_turn,10,10,0,False,False,0.0,position/h-sl-ft,0.0,False,0.0,0.0,0.0975804839032193
B2_wheel_spin_down_8a9fba1c,heldout,cpp,Boeing314,climbing_turn,10,10,0,False,False,0.0,position/h-sl-ft,0.0,False,0.0,0.0,0.0975804839032193
B2_sensor_fail_stuck_f543d634,heldout,cpp,Boeing314,climbing_turn,10,10,0,False,False,0.0,position/h-sl-ft,0.0,False,0.0,0.0,0.0975804839032193
B2_atmosphere_high_altitude_61f1e8c3,heldout,cpp,Boeing314,climbing_turn,10,10,0,False,False,0.0,position/h-sl-ft,0.0,False,0.0,0.0,0.0975804839032193
B2_load_factor_sign_c3fa7d22,heldout,cpp,Boeing314,climbing_turn,10,10,0,False,False,0.0,position/h-sl-ft,0.0,False,0.0,0.0,0.0975804839032193
B2_propeller_inflow_angle_82cc3893,heldout,cpp,Boeing314,climbing_turn,10,10,0,False,False,0.0,position/h-sl-ft,0.0,False,0.0,0.0,0.0975804839032193
B2_atmosphere_gradient_fadeout_05b709c8,heldout,cpp,Boeing314,climbing_turn,10,10,0,False,False,0.0,position/h-sl-ft,0.0,False,0.0,0.0,0.0975804839032193
B2_Boeing314_aero_props_75b9b1e8,heldout,model,Boeing314,climbing_turn,10,0,10,True,,,,,,,,
B_pqrdot_5ad2694c,development,cpp,Boeing314,elev_doublet_distractor,10,10,0,False,True,0.0001757106987482,accelerations/rdot-rad_sec2,0.0002209646186809,False,0.0,0.0,0.2003599280143971
B_piston_power_bcd3f980,development,cpp,Boeing314,elev_doublet_distractor,10,10,0,False,True,0.0006135737666597,accelerations/udot-ft_sec2,0.5891327904903816,False,0.0,0.0,0.0613877224555089
B2_turbine_throttle_init_c8af9244,heldout,cpp,Boeing314,elev_doublet_distractor,10,10,0,False,False,0.0,position/h-sl-ft,0.0,False,0.0,0.0,0.2003599280143971
B2_turbine_thruster_inputs_20066483,heldout,cpp,Boeing314,elev_doublet_distractor,10,10,0,False,False,0.0,position/h-sl-ft,0.0,False,0.0,0.0,0.2003599280143971
B2_wheel_spin_down_8a9fba1c,heldout,cpp,Boeing314,elev_doublet_distractor,10,10,0,False,False,0.0,position/h-sl-ft,0.0,False,0.0,0.0,0.2003599280143971
B2_sensor_fail_stuck_f543d634,heldout,cpp,Boeing314,elev_doublet_distractor,10,10,0,False,False,0.0,position/h-sl-ft,0.0,False,0.0,0.0,0.2003599280143971
B2_atmosphere_high_altitude_61f1e8c3,heldout,cpp,Boeing314,elev_doublet_distractor,10,10,0,False,False,0.0,position/h-sl-ft,0.0,False,0.0,0.0,0.2003599280143971
B2_load_factor_sign_c3fa7d22,heldout,cpp,Boeing314,elev_doublet_distractor,10,10,0,False,False,0.0,position/h-sl-ft,0.0,False,0.0,0.0,0.2003599280143971
B2_propeller_inflow_angle_82cc3893,heldout,cpp,Boeing314,elev_doublet_distractor,10,10,0,False,False,0.0,position/h-sl-ft,0.0,False,0.0,0.0,0.2003599280143971
B2_atmosphere_gradient_fadeout_05b709c8,heldout,cpp,Boeing314,elev_doublet_distractor,10,10,0,False,False,0.0,position/h-sl-ft,0.0,False,0.0,0.0,0.2003599280143971
B2_Boeing314_aero_props_75b9b1e8,heldout,model,Boeing314,elev_doublet_distractor,10,0,10,True,,,,,,,,
B_pqrdot_5ad2694c,development,cpp,Boeing314,engine_stop,10,0,10,True,,,,,,,,
B_piston_power_bcd3f980,development,cpp,Boeing314,engine_stop,10,10,0,False,True,2.0034753936201195,accelerations/wdot-ft_sec2,0.6864422078323467,False,0.0,1.0,0.030993801239752
B2_turbine_throttle_init_c8af9244,heldout,cpp,Boeing314,engine_stop,10,10,0,False,False,0.0,position/h-sl-ft,0.0,False,0.0,1.0,0.0315936812637472
B2_turbine_thruster_inputs_20066483,heldout,cpp,Boeing314,engine_stop,10,10,0,False,False,0.0,position/h-sl-ft,0.0,False,0.0,1.0,0.0315936812637472
B2_wheel_spin_down_8a9fba1c,heldout,cpp,Boeing314,engine_stop,10,10,0,False,False,0.0,position/h-sl-ft,0.0,False,0.0,1.0,0.0315936812637472
B2_sensor_fail_stuck_f543d634,heldout,cpp,Boeing314,engine_stop,10,10,0,False,False,0.0,position/h-sl-ft,0.0,False,0.0,1.0,0.0315936812637472
B2_atmosphere_high_altitude_61f1e8c3,heldout,cpp,Boeing314,engine_stop,10,10,0,False,False,0.0,position/h-sl-ft,0.0,False,0.0,1.0,0.0315936812637472
B2_load_factor_sign_c3fa7d22,heldout,cpp,Boeing314,engine_stop,10,10,0,False,False,0.0,position/h-sl-ft,0.0,False,0.0,1.0,0.0315936812637472
B2_propeller_inflow_angle_82cc3893,heldout,cpp,Boeing314,engine_stop,10,10,0,False,False,0.0,position/h-sl-ft,0.0,False,0.0,1.0,0.0315936812637472
B2_atmosphere_gradient_fadeout_05b709c8,heldout,cpp,Boeing314,engine_stop,10,10,0,False,False,0.0,position/h-sl-ft,0.0,False,0.0,1.0,0.0315936812637472
B2_Boeing314_aero_props_75b9b1e8,heldout,model,Boeing314,engine_stop,10,0,10,True,,,,,,,,
B_pqrdot_5ad2694c,development,cpp,Camel,cruise,10,10,0,False,True,0.0135450787030876,accelerations/pdot-rad_sec2,0.0150602160997944,False,0.0,1.0,0.0061987602479504
B_piston_power_bcd3f980,development,cpp,Camel,cruise,10,10,0,False,False,0.0,position/h-sl-ft,0.0,False,0.0,1.0,0.0061987602479504
B2_turbine_throttle_init_c8af9244,heldout,cpp,Camel,cruise,10,10,0,False,False,0.0,position/h-sl-ft,0.0,False,0.0,1.0,0.0061987602479504
B2_turbine_thruster_inputs_20066483,heldout,cpp,Camel,cruise,10,10,0,False,False,0.0,position/h-sl-ft,0.0,False,0.0,1.0,0.0061987602479504
B2_wheel_spin_down_8a9fba1c,heldout,cpp,Camel,cruise,10,10,0,False,False,0.0,position/h-sl-ft,0.0,False,0.0,1.0,0.0061987602479504
B2_sensor_fail_stuck_f543d634,heldout,cpp,Camel,cruise,10,10,0,False,False,0.0,position/h-sl-ft,0.0,False,0.0,1.0,0.0061987602479504
B2_atmosphere_high_altitude_61f1e8c3,heldout,cpp,Camel,cruise,10,10,0,False,False,0.0,position/h-sl-ft,0.0,False,0.0,1.0,0.0061987602479504
B2_load_factor_sign_c3fa7d22,heldout,cpp,Camel,cruise,10,10,0,False,False,0.0,position/h-sl-ft,2.520714060710995e-09,False,0.0,1.0,0.0061987602479504
B2_propeller_inflow_angle_82cc3893,heldout,cpp,Camel,cruise,10,10,0,False,False,0.0,position/h-sl-ft,0.0,False,0.0,1.0,0.0061987602479504
B2_atmosphere_gradient_fadeout_05b709c8,heldout,cpp,Camel,cruise,10,10,0,False,False,0.0,position/h-sl-ft,0.0,False,0.0,1.0,0.0061987602479504
B_pqrdot_5ad2694c,development,cpp,Camel,throttle_step,10,10,0,False,True,0.0082302946999125,accelerations/rdot-rad_sec2,0.0082412640854448,False,0.0,0.0,0.5302939412117577
B_piston_power_bcd3f980,development,cpp,Camel,throttle_step,10,10,0,False,False,0.0,position/h-sl-ft,0.0,False,0.0,0.0,0.5438912217556489
B2_turbine_throttle_init_c8af9244,heldout,cpp,Camel,throttle_step,10,10,0,False,False,0.0,position/h-sl-ft,0.0,False,0.0,0.0,0.5438912217556489
B2_turbine_thruster_inputs_20066483,heldout,cpp,Camel,throttle_step,10,10,0,False,False,0.0,position/h-sl-ft,0.0,False,0.0,0.0,0.5438912217556489
B2_wheel_spin_down_8a9fba1c,heldout,cpp,Camel,throttle_step,10,10,0,False,False,0.0,position/h-sl-ft,0.0,False,0.0,0.0,0.5438912217556489
B2_sensor_fail_stuck_f543d634,heldout,cpp,Camel,throttle_step,10,10,0,False,False,0.0,position/h-sl-ft,0.0,False,0.0,0.0,0.5438912217556489
B2_atmosphere_high_altitude_61f1e8c3,heldout,cpp,Camel,throttle_step,10,10,0,False,False,0.0,position/h-sl-ft,0.0,False,0.0,0.0,0.5438912217556489
B2_load_factor_sign_c3fa7d22,heldout,cpp,Camel,throttle_step,10,10,0,False,True,9.746201751697515e-11,accelerations/qdot-rad_sec2,9.243843798889572e-11,False,0.0,0.0,0.5438912217556489
B2_propeller_inflow_angle_82cc3893,heldout,cpp,Camel,throttle_step,10,10,0,False,False,0.0,position/h-sl-ft,0.0,False,0.0,0.0,0.5438912217556489
B2_atmosphere_gradient_fadeout_05b709c8,heldout,cpp,Camel,throttle_step,10,10,0,False,False,0.0,position/h-sl-ft,0.0,False,0.0,0.0,0.5438912217556489
B_pqrdot_5ad2694c,development,cpp,Camel,elev_doublet,10,10,0,False,True,9.228126036971873e-05,accelerations/pdot-rad_sec2,0.0001016410505147,False,0.0,1.0,0.0341931613677264
B_piston_power_bcd3f980,development,cpp,Camel,elev_doublet,10,10,0,False,False,0.0,position/h-sl-ft,0.0,False,0.0,1.0,0.0341931613677264
B2_turbine_throttle_init_c8af9244,heldout,cpp,Camel,elev_doublet,10,10,0,False,False,0.0,position/h-sl-ft,0.0,False,0.0,1.0,0.0341931613677264
B2_turbine_thruster_inputs_20066483,heldout,cpp,Camel,elev_doublet,10,10,0,False,False,0.0,position/h-sl-ft,0.0,False,0.0,1.0,0.0341931613677264
B2_wheel_spin_down_8a9fba1c,heldout,cpp,Camel,elev_doublet,10,10,0,False,False,0.0,position/h-sl-ft,0.0,False,0.0,1.0,0.0341931613677264
B2_sensor_fail_stuck_f543d634,heldout,cpp,Camel,elev_doublet,10,10,0,False,False,0.0,position/h-sl-ft,0.0,False,0.0,1.0,0.0341931613677264
B2_atmosphere_high_altitude_61f1e8c3,heldout,cpp,Camel,elev_doublet,10,10,0,False,False,0.0,position/h-sl-ft,0.0,False,0.0,1.0,0.0341931613677264
B2_load_factor_sign_c3fa7d22,heldout,cpp,Camel,elev_doublet,10,10,0,False,True,1.0004697331877188e-13,velocities/vc-kts,6.66648578659878e-14,False,0.0,1.0,0.0341931613677264
B2_propeller_inflow_angle_82cc3893,heldout,cpp,Camel,elev_doublet,10,10,0,False,False,0.0,position/h-sl-ft,0.0,False,0.0,1.0,0.0341931613677264
B2_atmosphere_gradient_fadeout_05b709c8,heldout,cpp,Camel,elev_doublet,10,10,0,False,False,0.0,position/h-sl-ft,0.0,False,0.0,1.0,0.0341931613677264
B_pqrdot_5ad2694c,development,cpp,Camel,elev_step,10,10,0,False,True,0.0001581206511325,accelerations/pdot-rad_sec2,0.0001715291794535,False,0.0,0.0,0.4809038192361528
B_piston_power_bcd3f980,development,cpp,Camel,elev_step,10,10,0,False,False,0.0,position/h-sl-ft,0.0,False,0.0,0.0,0.4809038192361528
B2_turbine_throttle_init_c8af9244,heldout,cpp,Camel,elev_step,10,10,0,False,False,0.0,position/h-sl-ft,0.0,False,0.0,0.0,0.4809038192361528
B2_turbine_thruster_inputs_20066483,heldout,cpp,Camel,elev_step,10,10,0,False,False,0.0,position/h-sl-ft,0.0,False,0.0,0.0,0.4809038192361528
B2_wheel_spin_down_8a9fba1c,heldout,cpp,Camel,elev_step,10,10,0,False,False,0.0,position/h-sl-ft,0.0,False,0.0,0.0,0.4809038192361528
B2_sensor_fail_stuck_f543d634,heldout,cpp,Camel,elev_step,10,10,0,False,False,0.0,position/h-sl-ft,0.0,False,0.0,0.0,0.4809038192361528
B2_atmosphere_high_altitude_61f1e8c3,heldout,cpp,Camel,elev_step,10,10,0,False,False,0.0,position/h-sl-ft,0.0,False,0.0,0.0,0.4809038192361528
B2_load_factor_sign_c3fa7d22,heldout,cpp,Camel,elev_step,10,10,0,False,True,1.4247591624305806e-13,velocities/vc-kts,4.241727287527845e-13,False,0.0,0.0,0.4809038192361528
B2_propeller_inflow_angle_82cc3893,heldout,cpp,Camel,elev_step,10,10,0,False,False,0.0,position/h-sl-ft,0.0,False,0.0,0.0,0.4809038192361528
B2_atmosphere_gradient_fadeout_05b709c8,heldout,cpp,Camel,elev_step,10,10,0,False,False,0.0,position/h-sl-ft,0.0,False,0.0,0.0,0.4809038192361528
B_pqrdot_5ad2694c,development,cpp,Camel,aileron_step,10,10,0,False,True,0.000202150781777,accelerations/qdot-rad_sec2,0.0001858245872879,False,0.0,0.0,0.055988802239552
B_piston_power_bcd3f980,development,cpp,Camel,aileron_step,10,10,0,False,False,0.0,position/h-sl-ft,0.0,False,0.0,0.0,0.055988802239552
B2_turbine_throttle_init_c8af9244,heldout,cpp,Camel,aileron_step,10,10,0,False,False,0.0,position/h-sl-ft,0.0,False,0.0,0.0,0.055988802239552
B2_turbine_thruster_inputs_20066483,heldout,cpp,Camel,aileron_step,10,10,0,False,False,0.0,position/h-sl-ft,0.0,False,0.0,0.0,0.055988802239552
B2_wheel_spin_down_8a9fba1c,heldout,cpp,Camel,aileron_step,10,10,0,False,False,0.0,position/h-sl-ft,0.0,False,0.0,0.0,0.055988802239552
B2_sensor_fail_stuck_f543d634,heldout,cpp,Camel,aileron_step,10,10,0,False,False,0.0,position/h-sl-ft,0.0,False,0.0,0.0,0.055988802239552
B2_atmosphere_high_altitude_61f1e8c3,heldout,cpp,Camel,aileron_step,10,10,0,False,False,0.0,position/h-sl-ft,0.0,False,0.0,0.0,0.055988802239552
B2_load_factor_sign_c3fa7d22,heldout,cpp,Camel,aileron_step,10,10,0,False,True,4.667813220543466e-13,accelerations/wdot-ft_sec2,4.856279531290399e-13,False,0.0,0.0,0.055988802239552
B2_propeller_inflow_angle_82cc3893,heldout,cpp,Camel,aileron_step,10,10,0,False,False,0.0,position/h-sl-ft,0.0,False,0.0,0.0,0.055988802239552
B2_atmosphere_gradient_fadeout_05b709c8,heldout,cpp,Camel,aileron_step,10,10,0,False,False,0.0,position/h-sl-ft,0.0,False,0.0,0.0,0.055988802239552
B_pqrdot_5ad2694c,development,cpp,Camel,rudder_doublet,10,10,0,False,True,5.3874874229281455e-05,accelerations/pdot-rad_sec2,6.589778212618139e-05,False,0.0,5.0,0.0087982403519296
B_piston_power_bcd3f980,development,cpp,Camel,rudder_doublet,10,10,0,False,False,0.0,position/h-sl-ft,0.0,False,0.0,5.0,0.0087982403519296
B2_turbine_throttle_init_c8af9244,heldout,cpp,Camel,rudder_doublet,10,10,0,False,False,0.0,position/h-sl-ft,0.0,False,0.0,5.0,0.0087982403519296
B2_turbine_thruster_inputs_20066483,heldout,cpp,Camel,rudder_doublet,10,10,0,False,False,0.0,position/h-sl-ft,0.0,False,0.0,5.0,0.0087982403519296
B2_wheel_spin_down_8a9fba1c,heldout,cpp,Camel,rudder_doublet,10,10,0,False,False,0.0,position/h-sl-ft,0.0,False,0.0,5.0,0.0087982403519296
B2_sensor_fail_stuck_f543d634,heldout,cpp,Camel,rudder_doublet,10,10,0,False,False,0.0,position/h-sl-ft,0.0,False,0.0,5.0,0.0087982403519296
B2_atmosphere_high_altitude_61f1e8c3,heldout,cpp,Camel,rudder_doublet,10,10,0,False,False,0.0,position/h-sl-ft,0.0,False,0.0,5.0,0.0087982403519296
B2_load_factor_sign_c3fa7d22,heldout,cpp,Camel,rudder_doublet,10,10,0,False,True,4.772149014228727e-15,accelerations/qdot-rad_sec2,1.412655073629874e-13,False,0.0,5.0,0.0087982403519296
B2_propeller_inflow_angle_82cc3893,heldout,cpp,Camel,rudder_doublet,10,10,0,False,False,0.0,position/h-sl-ft,0.0,False,0.0,5.0,0.0087982403519296
B2_atmosphere_gradient_fadeout_05b709c8,heldout,cpp,Camel,rudder_doublet,10,10,0,False,False,0.0,position/h-sl-ft,0.0,False,0.0,5.0,0.0087982403519296
B_pqrdot_5ad2694c,development,cpp,Camel,bank_hold,10,10,0,False,True,0.0002097978652792,accelerations/qdot-rad_sec2,0.0002233111668007,False,0.0,2.0,0.0087982403519296
B_piston_power_bcd3f980,development,cpp,Camel,bank_hold,10,10,0,False,False,0.0,position/h-sl-ft,0.0,False,0.0,2.0,0.0087982403519296
B2_turbine_throttle_init_c8af9244,heldout,cpp,Camel,bank_hold,10,10,0,False,False,0.0,position/h-sl-ft,0.0,False,0.0,2.0,0.0087982403519296
B2_turbine_thruster_inputs_20066483,heldout,cpp,Camel,bank_hold,10,10,0,False,False,0.0,position/h-sl-ft,0.0,False,0.0,2.0,0.0087982403519296
B2_wheel_spin_down_8a9fba1c,heldout,cpp,Camel,bank_hold,10,10,0,False,False,0.0,position/h-sl-ft,0.0,False,0.0,2.0,0.0087982403519296
B2_sensor_fail_stuck_f543d634,heldout,cpp,Camel,bank_hold,10,10,0,False,False,0.0,position/h-sl-ft,0.0,False,0.0,2.0,0.0087982403519296
B2_atmosphere_high_altitude_61f1e8c3,heldout,cpp,Camel,bank_hold,10,10,0,False,False,0.0,position/h-sl-ft,0.0,False,0.0,2.0,0.0087982403519296
B2_load_factor_sign_c3fa7d22,heldout,cpp,Camel,bank_hold,10,10,0,False,True,8.423724297872924e-13,accelerations/wdot-ft_sec2,1.234082627539497e-12,False,0.0,2.0,0.0087982403519296
B2_propeller_inflow_angle_82cc3893,heldout,cpp,Camel,bank_hold,10,10,0,False,False,0.0,position/h-sl-ft,0.0,False,0.0,2.0,0.0087982403519296
B2_atmosphere_gradient_fadeout_05b709c8,heldout,cpp,Camel,bank_hold,10,10,0,False,False,0.0,position/h-sl-ft,0.0,False,0.0,2.0,0.0087982403519296
B_pqrdot_5ad2694c,development,cpp,Camel,flap_extend,10,10,0,False,True,0.0060697620581706,accelerations/rdot-rad_sec2,0.00722210845535,False,0.0,3.0,0.0097980403919216
B_piston_power_bcd3f980,development,cpp,Camel,flap_extend,10,10,0,False,False,0.0,position/h-sl-ft,0.0,False,0.0,3.0,0.0097980403919216
B2_turbine_throttle_init_c8af9244,heldout,cpp,Camel,flap_extend,10,10,0,False,False,0.0,position/h-sl-ft,0.0,False,0.0,3.0,0.0097980403919216
B2_turbine_thruster_inputs_20066483,heldout,cpp,Camel,flap_extend,10,10,0,False,False,0.0,position/h-sl-ft,0.0,False,0.0,3.0,0.0097980403919216
B2_wheel_spin_down_8a9fba1c,heldout,cpp,Camel,flap_extend,10,10,0,False,False,0.0,position/h-sl-ft,0.0,False,0.0,3.0,0.0097980403919216
B2_sensor_fail_stuck_f543d634,heldout,cpp,Camel,flap_extend,10,10,0,False,False,0.0,position/h-sl-ft,0.0,False,0.0,3.0,0.0097980403919216
B2_atmosphere_high_altitude_61f1e8c3,heldout,cpp,Camel,flap_extend,10,10,0,False,False,0.0,position/h-sl-ft,0.0,False,0.0,3.0,0.0097980403919216
B2_load_factor_sign_c3fa7d22,heldout,cpp,Camel,flap_extend,10,10,0,False,False,0.0,position/h-sl-ft,1.3792585370125543e-09,False,0.0,3.0,0.0097980403919216
B2_propeller_inflow_angle_82cc3893,heldout,cpp,Camel,flap_extend,10,10,0,False,False,0.0,position/h-sl-ft,0.0,False,0.0,3.0,0.0097980403919216
B2_atmosphere_gradient_fadeout_05b709c8,heldout,cpp,Camel,flap_extend,10,10,0,False,False,0.0,position/h-sl-ft,0.0,False,0.0,3.0,0.0097980403919216
B_pqrdot_5ad2694c,development,cpp,Camel,climbing_turn,10,10,0,False,True,8.111748029048574e-05,accelerations/rdot-rad_sec2,3.766142597110358e-05,False,0.0,0.0,0.2659468106378724
B_piston_power_bcd3f980,development,cpp,Camel,climbing_turn,10,10,0,False,False,0.0,position/h-sl-ft,0.0,False,0.0,0.0,0.2659468106378724
B2_turbine_throttle_init_c8af9244,heldout,cpp,Camel,climbing_turn,10,10,0,False,False,0.0,position/h-sl-ft,0.0,False,0.0,0.0,0.2659468106378724
B2_turbine_thruster_inputs_20066483,heldout,cpp,Camel,climbing_turn,10,10,0,False,False,0.0,position/h-sl-ft,0.0,False,0.0,0.0,0.2659468106378724
B2_wheel_spin_down_8a9fba1c,heldout,cpp,Camel,climbing_turn,10,10,0,False,False,0.0,position/h-sl-ft,0.0,False,0.0,0.0,0.2659468106378724
B2_sensor_fail_stuck_f543d634,heldout,cpp,Camel,climbing_turn,10,10,0,False,False,0.0,position/h-sl-ft,0.0,False,0.0,0.0,0.2659468106378724
B2_atmosphere_high_altitude_61f1e8c3,heldout,cpp,Camel,climbing_turn,10,10,0,False,False,0.0,position/h-sl-ft,0.0,False,0.0,0.0,0.2659468106378724
B2_load_factor_sign_c3fa7d22,heldout,cpp,Camel,climbing_turn,10,10,0,False,True,8.493337164402979e-12,accelerations/pdot-rad_sec2,1.8036739104328812e-11,False,0.0,0.0,0.2659468106378724
B2_propeller_inflow_angle_82cc3893,heldout,cpp,Camel,climbing_turn,10,10,0,False,False,0.0,position/h-sl-ft,0.0,False,0.0,0.0,0.2659468106378724
B2_atmosphere_gradient_fadeout_05b709c8,heldout,cpp,Camel,climbing_turn,10,10,0,False,False,0.0,position/h-sl-ft,0.0,False,0.0,0.0,0.2659468106378724
B_pqrdot_5ad2694c,development,cpp,Camel,elev_doublet_distractor,10,10,0,False,True,3.309916732979262e-05,accelerations/pdot-rad_sec2,3.470155798316316e-05,False,0.0,0.0,0.0725854829034193
B_piston_power_bcd3f980,development,cpp,Camel,elev_doublet_distractor,10,10,0,False,False,0.0,position/h-sl-ft,0.0,False,0.0,0.0,0.0725854829034193
B2_turbine_throttle_init_c8af9244,heldout,cpp,Camel,elev_doublet_distractor,10,10,0,False,False,0.0,position/h-sl-ft,0.0,False,0.0,0.0,0.0725854829034193
B2_turbine_thruster_inputs_20066483,heldout,cpp,Camel,elev_doublet_distractor,10,10,0,False,False,0.0,position/h-sl-ft,0.0,False,0.0,0.0,0.0725854829034193
B2_wheel_spin_down_8a9fba1c,heldout,cpp,Camel,elev_doublet_distractor,10,10,0,False,False,0.0,position/h-sl-ft,0.0,False,0.0,0.0,0.0725854829034193
B2_sensor_fail_stuck_f543d634,heldout,cpp,Camel,elev_doublet_distractor,10,10,0,False,False,0.0,position/h-sl-ft,0.0,False,0.0,0.0,0.0725854829034193
B2_atmosphere_high_altitude_61f1e8c3,heldout,cpp,Camel,elev_doublet_distractor,10,10,0,False,False,0.0,position/h-sl-ft,0.0,False,0.0,0.0,0.0725854829034193
B2_load_factor_sign_c3fa7d22,heldout,cpp,Camel,elev_doublet_distractor,10,10,0,False,True,5.946408342347243e-14,velocities/vc-kts,5.578800843558398e-14,False,0.0,0.0,0.0725854829034193
B2_propeller_inflow_angle_82cc3893,heldout,cpp,Camel,elev_doublet_distractor,10,10,0,False,False,0.0,position/h-sl-ft,0.0,False,0.0,0.0,0.0725854829034193
B2_atmosphere_gradient_fadeout_05b709c8,heldout,cpp,Camel,elev_doublet_distractor,10,10,0,False,False,0.0,position/h-sl-ft,0.0,False,0.0,0.0,0.0725854829034193
B_pqrdot_5ad2694c,development,cpp,Camel,engine_stop,10,0,10,True,,,,,,,,
B_piston_power_bcd3f980,development,cpp,Camel,engine_stop,10,10,0,False,False,0.0,position/h-sl-ft,0.0,False,0.0,2.0,0.0071985602879424
B2_turbine_throttle_init_c8af9244,heldout,cpp,Camel,engine_stop,10,10,0,False,False,0.0,position/h-sl-ft,0.0,False,0.0,2.0,0.0071985602879424
B2_turbine_thruster_inputs_20066483,heldout,cpp,Camel,engine_stop,10,10,0,False,False,0.0,position/h-sl-ft,0.0,False,0.0,2.0,0.0071985602879424
B2_wheel_spin_down_8a9fba1c,heldout,cpp,Camel,engine_stop,10,10,0,False,False,0.0,position/h-sl-ft,0.0,False,0.0,2.0,0.0071985602879424
B2_sensor_fail_stuck_f543d634,heldout,cpp,Camel,engine_stop,10,10,0,False,False,0.0,position/h-sl-ft,0.0,False,0.0,2.0,0.0071985602879424
B2_atmosphere_high_altitude_61f1e8c3,heldout,cpp,Camel,engine_stop,10,10,0,False,False,0.0,position/h-sl-ft,0.0,False,0.0,2.0,0.0071985602879424
B2_load_factor_sign_c3fa7d22,heldout,cpp,Camel,engine_stop,10,10,0,False,False,0.0,position/h-sl-ft,2.71552083902022e-12,False,0.0,2.0,0.0071985602879424
B2_propeller_inflow_angle_82cc3893,heldout,cpp,Camel,engine_stop,10,10,0,False,False,0.0,position/h-sl-ft,0.0,False,0.0,2.0,0.0071985602879424
B2_atmosphere_gradient_fadeout_05b709c8,heldout,cpp,Camel,engine_stop,10,10,0,False,False,0.0,position/h-sl-ft,0.0,False,0.0,2.0,0.0071985602879424
B_elevator_drag_8819410c,development,model,F4N,cruise,10,10,0,False,True,0.6952481017907631,velocities/p-rad_sec,0.8930364947596756,False,0.0,2.0,0.006998600279944
B_pqrdot_5ad2694c,development,cpp,F4N,cruise,10,10,0,False,True,0.3423408131857935,accelerations/pdot-rad_sec2,0.3442396721103445,False,0.0,1.0,0.0227954409118176
B_turbine_windmill_2db8e408,development,cpp,F4N,cruise,10,10,0,False,False,0.0,position/h-sl-ft,0.0,False,0.0,1.0,0.0227954409118176
B2_turbine_throttle_init_c8af9244,heldout,cpp,F4N,cruise,10,10,0,False,False,0.0,position/h-sl-ft,0.0,False,0.0,1.0,0.0227954409118176
B2_turbine_thruster_inputs_20066483,heldout,cpp,F4N,cruise,10,10,0,False,False,0.0,position/h-sl-ft,0.0,False,0.0,1.0,0.0227954409118176
B2_wheel_spin_down_8a9fba1c,heldout,cpp,F4N,cruise,10,10,0,False,False,0.0,position/h-sl-ft,0.0,False,0.0,1.0,0.0227954409118176
B2_sensor_fail_stuck_f543d634,heldout,cpp,F4N,cruise,10,10,0,False,False,0.0,position/h-sl-ft,0.0,False,0.0,1.0,0.0227954409118176
B2_atmosphere_high_altitude_61f1e8c3,heldout,cpp,F4N,cruise,10,10,0,False,False,0.0,position/h-sl-ft,0.0,False,0.0,1.0,0.0227954409118176
B2_load_factor_sign_c3fa7d22,heldout,cpp,F4N,cruise,10,10,0,False,False,0.0,position/h-sl-ft,0.0,False,0.0,1.0,0.0227954409118176
B2_propeller_inflow_angle_82cc3893,heldout,cpp,F4N,cruise,10,10,0,False,False,0.0,position/h-sl-ft,0.0,False,0.0,1.0,0.0227954409118176
B2_atmosphere_gradient_fadeout_05b709c8,heldout,cpp,F4N,cruise,10,10,0,False,False,0.0,position/h-sl-ft,0.0,False,0.0,1.0,0.0227954409118176
B2_holdback_thrust_prop_5306a18b,heldout,model,F4N,cruise,10,0,10,True,,,,,,,,
B2_systems_xml_validation_95e5a16b,heldout,model,F4N,cruise,10,10,0,False,False,0.0,position/h-sl-ft,0.0,False,0.0,1.0,0.0227954409118176
B_elevator_drag_8819410c,development,model,F4N,throttle_step,10,10,0,False,True,0.2497641114873801,attitude/phi-rad,0.1640231846877058,False,0.0,12.0,0.0001999600079984
B_pqrdot_5ad2694c,development,cpp,F4N,throttle_step,10,10,0,False,True,0.000721030204223,accelerations/pdot-rad_sec2,0.0006867524145265,False,0.0,10.0,0.0013997200559888
B_turbine_windmill_2db8e408,development,cpp,F4N,throttle_step,10,10,0,False,False,0.0,position/h-sl-ft,0.0,False,0.0,10.0,0.0013997200559888
B2_turbine_throttle_init_c8af9244,heldout,cpp,F4N,throttle_step,10,10,0,False,False,0.0,position/h-sl-ft,0.0,False,0.0,10.0,0.0013997200559888
B2_turbine_thruster_inputs_20066483,heldout,cpp,F4N,throttle_step,10,10,0,False,False,0.0,position/h-sl-ft,0.0,False,0.0,10.0,0.0013997200559888
B2_wheel_spin_down_8a9fba1c,heldout,cpp,F4N,throttle_step,10,10,0,False,False,0.0,position/h-sl-ft,0.0,False,0.0,10.0,0.0013997200559888
B2_sensor_fail_stuck_f543d634,heldout,cpp,F4N,throttle_step,10,10,0,False,False,0.0,position/h-sl-ft,0.0,False,0.0,10.0,0.0013997200559888
B2_atmosphere_high_altitude_61f1e8c3,heldout,cpp,F4N,throttle_step,10,10,0,False,False,0.0,position/h-sl-ft,0.0,False,0.0,10.0,0.0013997200559888
B2_load_factor_sign_c3fa7d22,heldout,cpp,F4N,throttle_step,10,10,0,False,False,0.0,position/h-sl-ft,0.0,False,0.0,10.0,0.0013997200559888
B2_propeller_inflow_angle_82cc3893,heldout,cpp,F4N,throttle_step,10,10,0,False,False,0.0,position/h-sl-ft,0.0,False,0.0,10.0,0.0013997200559888
B2_atmosphere_gradient_fadeout_05b709c8,heldout,cpp,F4N,throttle_step,10,10,0,False,False,0.0,position/h-sl-ft,0.0,False,0.0,10.0,0.0013997200559888
B2_holdback_thrust_prop_5306a18b,heldout,model,F4N,throttle_step,10,0,10,True,,,,,,,,
B2_systems_xml_validation_95e5a16b,heldout,model,F4N,throttle_step,10,10,0,False,False,0.0,position/h-sl-ft,0.0,False,0.0,10.0,0.0013997200559888
B_elevator_drag_8819410c,development,model,F4N,elev_doublet,10,10,0,False,True,1.211009002576558,accelerations/vdot-ft_sec2,1.1170138178217563,True,1.0,2.0,0.035992801439712
B_pqrdot_5ad2694c,development,cpp,F4N,elev_doublet,10,10,0,False,True,2.825466020490098,accelerations/pdot-rad_sec2,2.65868539249432,True,1.0,1.0,0.0001999600079984
B_turbine_windmill_2db8e408,development,cpp,F4N,elev_doublet,10,10,0,False,False,0.0,position/h-sl-ft,0.0,False,0.0,0.0,0.0661867626474705
B2_turbine_throttle_init_c8af9244,heldout,cpp,F4N,elev_doublet,10,10,0,False,False,0.0,position/h-sl-ft,0.0,False,0.0,0.0,0.0661867626474705
B2_turbine_thruster_inputs_20066483,heldout,cpp,F4N,elev_doublet,10,10,0,False,False,0.0,position/h-sl-ft,0.0,False,0.0,0.0,0.0661867626474705
B2_wheel_spin_down_8a9fba1c,heldout,cpp,F4N,elev_doublet,10,10,0,False,False,0.0,position/h-sl-ft,0.0,False,0.0,0.0,0.0661867626474705
B2_sensor_fail_stuck_f543d634,heldout,cpp,F4N,elev_doublet,10,10,0,False,False,0.0,position/h-sl-ft,0.0,False,0.0,0.0,0.0661867626474705
B2_atmosphere_high_altitude_61f1e8c3,heldout,cpp,F4N,elev_doublet,10,10,0,False,False,0.0,position/h-sl-ft,0.0,False,0.0,0.0,0.0661867626474705
B2_load_factor_sign_c3fa7d22,heldout,cpp,F4N,elev_doublet,10,10,0,False,False,0.0,position/h-sl-ft,0.0,False,0.0,0.0,0.0661867626474705
B2_propeller_inflow_angle_82cc3893,heldout,cpp,F4N,elev_doublet,10,10,0,False,False,0.0,position/h-sl-ft,0.0,False,0.0,0.0,0.0661867626474705
B2_atmosphere_gradient_fadeout_05b709c8,heldout,cpp,F4N,elev_doublet,10,10,0,False,False,0.0,position/h-sl-ft,0.0,False,0.0,0.0,0.0661867626474705
B2_holdback_thrust_prop_5306a18b,heldout,model,F4N,elev_doublet,10,0,10,True,,,,,,,,
B2_systems_xml_validation_95e5a16b,heldout,model,F4N,elev_doublet,10,10,0,False,False,0.0,position/h-sl-ft,0.0,False,0.0,0.0,0.0661867626474705
B_elevator_drag_8819410c,development,model,F4N,elev_step,10,10,0,False,True,1.6100578150104945,accelerations/udot-ft_sec2,1.6878868085002612,True,3.0,3.0,0.0001999600079984
B_pqrdot_5ad2694c,development,cpp,F4N,elev_step,10,10,0,False,True,3.9592697325745583,accelerations/pdot-rad_sec2,4.005010709958628,True,2.0,1.0,0.0001999600079984
B_turbine_windmill_2db8e408,development,cpp,F4N,elev_step,10,10,0,False,False,0.0,position/h-sl-ft,0.0,False,0.0,0.0,0.0871825634873025
B2_turbine_throttle_init_c8af9244,heldout,cpp,F4N,elev_step,10,10,0,False,False,0.0,position/h-sl-ft,0.0,False,0.0,0.0,0.0871825634873025
B2_turbine_thruster_inputs_20066483,heldout,cpp,F4N,elev_step,10,10,0,False,False,0.0,position/h-sl-ft,0.0,False,0.0,0.0,0.0871825634873025
B2_wheel_spin_down_8a9fba1c,heldout,cpp,F4N,elev_step,10,10,0,False,False,0.0,position/h-sl-ft,0.0,False,0.0,0.0,0.0871825634873025
B2_sensor_fail_stuck_f543d634,heldout,cpp,F4N,elev_step,10,10,0,False,False,0.0,position/h-sl-ft,0.0,False,0.0,0.0,0.0871825634873025
B2_atmosphere_high_altitude_61f1e8c3,heldout,cpp,F4N,elev_step,10,10,0,False,False,0.0,position/h-sl-ft,0.0,False,0.0,0.0,0.0871825634873025
B2_load_factor_sign_c3fa7d22,heldout,cpp,F4N,elev_step,10,10,0,False,False,0.0,position/h-sl-ft,0.0,False,0.0,0.0,0.0871825634873025
B2_propeller_inflow_angle_82cc3893,heldout,cpp,F4N,elev_step,10,10,0,False,False,0.0,position/h-sl-ft,0.0,False,0.0,0.0,0.0871825634873025
B2_atmosphere_gradient_fadeout_05b709c8,heldout,cpp,F4N,elev_step,10,10,0,False,False,0.0,position/h-sl-ft,0.0,False,0.0,0.0,0.0871825634873025
B2_holdback_thrust_prop_5306a18b,heldout,model,F4N,elev_step,10,0,10,True,,,,,,,,
B2_systems_xml_validation_95e5a16b,heldout,model,F4N,elev_step,10,10,0,False,False,0.0,position/h-sl-ft,0.0,False,0.0,0.0,0.0871825634873025
B_elevator_drag_8819410c,development,model,F4N,aileron_step,10,10,0,False,True,0.0002130400695036,accelerations/udot-ft_sec2,0.0060977376140629,False,0.0,0.0,0.2023595280943811
B_pqrdot_5ad2694c,development,cpp,F4N,aileron_step,10,10,0,False,True,0.0190650554658046,accelerations/rdot-rad_sec2,0.0212879927438476,False,0.0,0.0,0.1155768846230753
B_turbine_windmill_2db8e408,development,cpp,F4N,aileron_step,10,10,0,False,False,0.0,position/h-sl-ft,0.0,False,0.0,0.0,0.1155768846230753
B2_turbine_throttle_init_c8af9244,heldout,cpp,F4N,aileron_step,10,10,0,False,False,0.0,position/h-sl-ft,0.0,False,0.0,0.0,0.1155768846230753
B2_turbine_thruster_inputs_20066483,heldout,cpp,F4N,aileron_step,10,10,0,False,False,0.0,position/h-sl-ft,0.0,False,0.0,0.0,0.1155768846230753
B2_wheel_spin_down_8a9fba1c,heldout,cpp,F4N,aileron_step,10,10,0,False,False,0.0,position/h-sl-ft,0.0,False,0.0,0.0,0.1155768846230753
B2_sensor_fail_stuck_f543d634,heldout,cpp,F4N,aileron_step,10,10,0,False,False,0.0,position/h-sl-ft,0.0,False,0.0,0.0,0.1155768846230753
B2_atmosphere_high_altitude_61f1e8c3,heldout,cpp,F4N,aileron_step,10,10,0,False,False,0.0,position/h-sl-ft,0.0,False,0.0,0.0,0.1155768846230753
B2_load_factor_sign_c3fa7d22,heldout,cpp,F4N,aileron_step,10,10,0,False,False,0.0,position/h-sl-ft,0.0,False,0.0,0.0,0.1155768846230753
B2_propeller_inflow_angle_82cc3893,heldout,cpp,F4N,aileron_step,10,10,0,False,False,0.0,position/h-sl-ft,0.0,False,0.0,0.0,0.1155768846230753
B2_atmosphere_gradient_fadeout_05b709c8,heldout,cpp,F4N,aileron_step,10,10,0,False,False,0.0,position/h-sl-ft,0.0,False,0.0,0.0,0.1155768846230753
B2_holdback_thrust_prop_5306a18b,heldout,model,F4N,aileron_step,10,0,10,True,,,,,,,,
B2_systems_xml_validation_95e5a16b,heldout,model,F4N,aileron_step,10,10,0,False,False,0.0,position/h-sl-ft,0.0,False,0.0,0.0,0.1155768846230753
B_elevator_drag_8819410c,development,model,F4N,rudder_doublet,10,10,0,False,True,0.0363786247210459,velocities/h-dot-fps,0.0307690096930023,False,0.0,0.0,0.0843831233753249
B_pqrdot_5ad2694c,development,cpp,F4N,rudder_doublet,10,10,0,False,True,0.0033419002117647,accelerations/qdot-rad_sec2,0.0037691827024409,False,0.0,0.0,0.1085782843431313
B_turbine_windmill_2db8e408,development,cpp,F4N,rudder_doublet,10,10,0,False,False,0.0,position/h-sl-ft,0.0,False,0.0,0.0,0.1085782843431313
B2_turbine_throttle_init_c8af9244,heldout,cpp,F4N,rudder_doublet,10,10,0,False,False,0.0,position/h-sl-ft,0.0,False,0.0,0.0,0.1085782843431313
B2_turbine_thruster_inputs_20066483,heldout,cpp,F4N,rudder_doublet,10,10,0,False,False,0.0,position/h-sl-ft,0.0,False,0.0,0.0,0.1085782843431313
B2_wheel_spin_down_8a9fba1c,heldout,cpp,F4N,rudder_doublet,10,10,0,False,False,0.0,position/h-sl-ft,0.0,False,0.0,0.0,0.1085782843431313
B2_sensor_fail_stuck_f543d634,heldout,cpp,F4N,rudder_doublet,10,10,0,False,False,0.0,position/h-sl-ft,0.0,False,0.0,0.0,0.1085782843431313
B2_atmosphere_high_altitude_61f1e8c3,heldout,cpp,F4N,rudder_doublet,10,10,0,False,False,0.0,position/h-sl-ft,0.0,False,0.0,0.0,0.1085782843431313
B2_load_factor_sign_c3fa7d22,heldout,cpp,F4N,rudder_doublet,10,10,0,False,False,0.0,position/h-sl-ft,0.0,False,0.0,0.0,0.1085782843431313
B2_propeller_inflow_angle_82cc3893,heldout,cpp,F4N,rudder_doublet,10,10,0,False,False,0.0,position/h-sl-ft,0.0,False,0.0,0.0,0.1085782843431313
B2_atmosphere_gradient_fadeout_05b709c8,heldout,cpp,F4N,rudder_doublet,10,10,0,False,False,0.0,position/h-sl-ft,0.0,False,0.0,0.0,0.1085782843431313
B2_holdback_thrust_prop_5306a18b,heldout,model,F4N,rudder_doublet,10,0,10,True,,,,,,,,
B2_systems_xml_validation_95e5a16b,heldout,model,F4N,rudder_doublet,10,10,0,False,False,0.0,position/h-sl-ft,0.0,False,0.0,0.0,0.1085782843431313
B_elevator_drag_8819410c,development,model,F4N,bank_hold,10,10,0,False,True,0.0027552100139741,accelerations/udot-ft_sec2,0.008506348244932,False,0.0,9.0,0.0041991601679664
B_pqrdot_5ad2694c,development,cpp,F4N,bank_hold,10,10,0,False,True,0.0328199309827224,accelerations/rdot-rad_sec2,0.0303864662513274,False,0.0,8.0,0.0153969206158768
B_turbine_windmill_2db8e408,development,cpp,F4N,bank_hold,10,10,0,False,False,0.0,position/h-sl-ft,0.0,False,0.0,8.0,0.0153969206158768
B2_turbine_throttle_init_c8af9244,heldout,cpp,F4N,bank_hold,10,10,0,False,False,0.0,position/h-sl-ft,0.0,False,0.0,8.0,0.0153969206158768
B2_turbine_thruster_inputs_20066483,heldout,cpp,F4N,bank_hold,10,10,0,False,False,0.0,position/h-sl-ft,0.0,False,0.0,8.0,0.0153969206158768
B2_wheel_spin_down_8a9fba1c,heldout,cpp,F4N,bank_hold,10,10,0,False,False,0.0,position/h-sl-ft,0.0,False,0.0,8.0,0.0153969206158768
B2_sensor_fail_stuck_f543d634,heldout,cpp,F4N,bank_hold,10,10,0,False,False,0.0,position/h-sl-ft,0.0,False,0.0,8.0,0.0153969206158768
B2_atmosphere_high_altitude_61f1e8c3,heldout,cpp,F4N,bank_hold,10,10,0,False,False,0.0,position/h-sl-ft,0.0,False,0.0,8.0,0.0153969206158768
B2_load_factor_sign_c3fa7d22,heldout,cpp,F4N,bank_hold,10,10,0,False,False,0.0,position/h-sl-ft,0.0,False,0.0,8.0,0.0153969206158768
B2_propeller_inflow_angle_82cc3893,heldout,cpp,F4N,bank_hold,10,10,0,False,False,0.0,position/h-sl-ft,0.0,False,0.0,8.0,0.0153969206158768
B2_atmosphere_gradient_fadeout_05b709c8,heldout,cpp,F4N,bank_hold,10,10,0,False,False,0.0,position/h-sl-ft,0.0,False,0.0,8.0,0.0153969206158768
B2_holdback_thrust_prop_5306a18b,heldout,model,F4N,bank_hold,10,0,10,True,,,,,,,,
B2_systems_xml_validation_95e5a16b,heldout,model,F4N,bank_hold,10,10,0,False,False,0.0,position/h-sl-ft,0.0,False,0.0,8.0,0.0153969206158768
B_elevator_drag_8819410c,development,model,F4N,flap_extend,10,10,0,False,True,0.0178831912247443,velocities/h-dot-fps,0.0151038016736286,False,0.0,3.0,0.0023995200959808
B_pqrdot_5ad2694c,development,cpp,F4N,flap_extend,10,10,0,False,True,2.0242534777397347,accelerations/pdot-rad_sec2,2.6378586641242734,True,1.0,1.0,0.0001999600079984
B_turbine_windmill_2db8e408,development,cpp,F4N,flap_extend,10,10,0,False,False,0.0,position/h-sl-ft,0.0,False,0.0,0.0,0.0961807638472305
B2_turbine_throttle_init_c8af9244,heldout,cpp,F4N,flap_extend,10,10,0,False,False,0.0,position/h-sl-ft,0.0,False,0.0,0.0,0.0961807638472305
B2_turbine_thruster_inputs_20066483,heldout,cpp,F4N,flap_extend,10,10,0,False,False,0.0,position/h-sl-ft,0.0,False,0.0,0.0,0.0961807638472305
B2_wheel_spin_down_8a9fba1c,heldout,cpp,F4N,flap_extend,10,10,0,False,False,0.0,position/h-sl-ft,0.0,False,0.0,0.0,0.0961807638472305
B2_sensor_fail_stuck_f543d634,heldout,cpp,F4N,flap_extend,10,10,0,False,False,0.0,position/h-sl-ft,0.0,False,0.0,0.0,0.0961807638472305
B2_atmosphere_high_altitude_61f1e8c3,heldout,cpp,F4N,flap_extend,10,10,0,False,False,0.0,position/h-sl-ft,0.0,False,0.0,0.0,0.0961807638472305
B2_load_factor_sign_c3fa7d22,heldout,cpp,F4N,flap_extend,10,10,0,False,False,0.0,position/h-sl-ft,0.0,False,0.0,0.0,0.0961807638472305
B2_propeller_inflow_angle_82cc3893,heldout,cpp,F4N,flap_extend,10,10,0,False,False,0.0,position/h-sl-ft,0.0,False,0.0,0.0,0.0961807638472305
B2_atmosphere_gradient_fadeout_05b709c8,heldout,cpp,F4N,flap_extend,10,10,0,False,False,0.0,position/h-sl-ft,0.0,False,0.0,0.0,0.0961807638472305
B2_holdback_thrust_prop_5306a18b,heldout,model,F4N,flap_extend,10,0,10,True,,,,,,,,
B2_systems_xml_validation_95e5a16b,heldout,model,F4N,flap_extend,10,10,0,False,False,0.0,position/h-sl-ft,0.0,False,0.0,0.0,0.0961807638472305
B_elevator_drag_8819410c,development,model,F4N,engine_cut,10,10,0,False,True,0.3020253033151897,attitude/theta-rad,0.2492500198465242,False,0.0,4.0,0.0051989602079584
B_pqrdot_5ad2694c,development,cpp,F4N,engine_cut,10,10,0,False,True,0.0023480754601292,accelerations/qdot-rad_sec2,0.0022884873128908,False,0.0,0.0,0.0845830833833233
B_turbine_windmill_2db8e408,development,cpp,F4N,engine_cut,10,10,0,False,False,0.0,position/h-sl-ft,0.0,False,0.0,0.0,0.0845830833833233
B2_turbine_throttle_init_c8af9244,heldout,cpp,F4N,engine_cut,10,10,0,False,False,0.0,position/h-sl-ft,0.0,False,0.0,0.0,0.0845830833833233
B2_turbine_thruster_inputs_20066483,heldout,cpp,F4N,engine_cut,10,10,0,False,False,0.0,position/h-sl-ft,0.0,False,0.0,0.0,0.0845830833833233
B2_wheel_spin_down_8a9fba1c,heldout,cpp,F4N,engine_cut,10,10,0,False,False,0.0,position/h-sl-ft,0.0,False,0.0,0.0,0.0845830833833233
B2_sensor_fail_stuck_f543d634,heldout,cpp,F4N,engine_cut,10,10,0,False,False,0.0,position/h-sl-ft,0.0,False,0.0,0.0,0.0845830833833233
B2_atmosphere_high_altitude_61f1e8c3,heldout,cpp,F4N,engine_cut,10,10,0,False,False,0.0,position/h-sl-ft,0.0,False,0.0,0.0,0.0845830833833233
B2_load_factor_sign_c3fa7d22,heldout,cpp,F4N,engine_cut,10,10,0,False,False,0.0,position/h-sl-ft,0.0,False,0.0,0.0,0.0845830833833233
B2_propeller_inflow_angle_82cc3893,heldout,cpp,F4N,engine_cut,10,10,0,False,False,0.0,position/h-sl-ft,0.0,False,0.0,0.0,0.0845830833833233
B2_atmosphere_gradient_fadeout_05b709c8,heldout,cpp,F4N,engine_cut,10,10,0,False,False,0.0,position/h-sl-ft,0.0,False,0.0,0.0,0.0845830833833233
B2_holdback_thrust_prop_5306a18b,heldout,model,F4N,engine_cut,10,0,10,True,,,,,,,,
B2_systems_xml_validation_95e5a16b,heldout,model,F4N,engine_cut,10,10,0,False,False,0.0,position/h-sl-ft,0.0,False,0.0,0.0,0.0845830833833233
B_elevator_drag_8819410c,development,model,F4N,climbing_turn,10,10,0,False,True,0.5750838628691634,accelerations/rdot-rad_sec2,0.4048111150090079,False,0.0,1.0,0.0407918416316736
B_pqrdot_5ad2694c,development,cpp,F4N,climbing_turn,10,10,0,False,True,0.0019733412896288,accelerations/rdot-rad_sec2,0.001846082374798,False,0.0,1.0,0.0499900019996
B_turbine_windmill_2db8e408,development,cpp,F4N,climbing_turn,10,10,0,False,False,0.0,position/h-sl-ft,0.0,False,0.0,1.0,0.0499900019996
B2_turbine_throttle_init_c8af9244,heldout,cpp,F4N,climbing_turn,10,10,0,False,False,0.0,position/h-sl-ft,0.0,False,0.0,1.0,0.0499900019996
B2_turbine_thruster_inputs_20066483,heldout,cpp,F4N,climbing_turn,10,10,0,False,False,0.0,position/h-sl-ft,0.0,False,0.0,1.0,0.0499900019996
B2_wheel_spin_down_8a9fba1c,heldout,cpp,F4N,climbing_turn,10,10,0,False,False,0.0,position/h-sl-ft,0.0,False,0.0,1.0,0.0499900019996
B2_sensor_fail_stuck_f543d634,heldout,cpp,F4N,climbing_turn,10,10,0,False,False,0.0,position/h-sl-ft,0.0,False,0.0,1.0,0.0499900019996
B2_atmosphere_high_altitude_61f1e8c3,heldout,cpp,F4N,climbing_turn,10,10,0,False,False,0.0,position/h-sl-ft,0.0,False,0.0,1.0,0.0499900019996
B2_load_factor_sign_c3fa7d22,heldout,cpp,F4N,climbing_turn,10,10,0,False,False,0.0,position/h-sl-ft,0.0,False,0.0,1.0,0.0499900019996
B2_propeller_inflow_angle_82cc3893,heldout,cpp,F4N,climbing_turn,10,10,0,False,False,0.0,position/h-sl-ft,0.0,False,0.0,1.0,0.0499900019996
B2_atmosphere_gradient_fadeout_05b709c8,heldout,cpp,F4N,climbing_turn,10,10,0,False,False,0.0,position/h-sl-ft,0.0,False,0.0,1.0,0.0499900019996
B2_holdback_thrust_prop_5306a18b,heldout,model,F4N,climbing_turn,10,0,10,True,,,,,,,,
B2_systems_xml_validation_95e5a16b,heldout,model,F4N,climbing_turn,10,10,0,False,False,0.0,position/h-sl-ft,0.0,False,0.0,1.0,0.0499900019996
B_elevator_drag_8819410c,development,model,F4N,elev_doublet_distractor,10,10,0,False,True,0.7505748343334736,accelerations/udot-ft_sec2,0.845124523699658,False,0.0,1.0,0.0075984803039392
B_pqrdot_5ad2694c,development,cpp,F4N,elev_doublet_distractor,10,10,0,False,True,0.0003944774306004,accelerations/rdot-rad_sec2,0.0003624965572693,False,0.0,0.0,0.1095780843831233
B_turbine_windmill_2db8e408,development,cpp,F4N,elev_doublet_distractor,10,10,0,False,False,0.0,position/h-sl-ft,0.0,False,0.0,0.0,0.1095780843831233
B2_turbine_throttle_init_c8af9244,heldout,cpp,F4N,elev_doublet_distractor,10,10,0,False,False,0.0,position/h-sl-ft,0.0,False,0.0,0.0,0.1095780843831233
B2_turbine_thruster_inputs_20066483,heldout,cpp,F4N,elev_doublet_distractor,10,10,0,False,False,0.0,position/h-sl-ft,0.0,False,0.0,0.0,0.1095780843831233
B2_wheel_spin_down_8a9fba1c,heldout,cpp,F4N,elev_doublet_distractor,10,10,0,False,False,0.0,position/h-sl-ft,0.0,False,0.0,0.0,0.1095780843831233
B2_sensor_fail_stuck_f543d634,heldout,cpp,F4N,elev_doublet_distractor,10,10,0,False,False,0.0,position/h-sl-ft,0.0,False,0.0,0.0,0.1095780843831233
B2_atmosphere_high_altitude_61f1e8c3,heldout,cpp,F4N,elev_doublet_distractor,10,10,0,False,False,0.0,position/h-sl-ft,0.0,False,0.0,0.0,0.1095780843831233
B2_load_factor_sign_c3fa7d22,heldout,cpp,F4N,elev_doublet_distractor,10,10,0,False,False,0.0,position/h-sl-ft,0.0,False,0.0,0.0,0.1095780843831233
B2_propeller_inflow_angle_82cc3893,heldout,cpp,F4N,elev_doublet_distractor,10,10,0,False,False,0.0,position/h-sl-ft,0.0,False,0.0,0.0,0.1095780843831233
B2_atmosphere_gradient_fadeout_05b709c8,heldout,cpp,F4N,elev_doublet_distractor,10,10,0,False,False,0.0,position/h-sl-ft,0.0,False,0.0,0.0,0.1095780843831233
B2_holdback_thrust_prop_5306a18b,heldout,model,F4N,elev_doublet_distractor,10,0,10,True,,,,,,,,
B2_systems_xml_validation_95e5a16b,heldout,model,F4N,elev_doublet_distractor,10,10,0,False,False,0.0,position/h-sl-ft,0.0,False,0.0,0.0,0.1095780843831233
B_elevator_drag_8819410c,development,model,F4N,engine_restart,10,10,0,False,True,0.3067819218517656,attitude/psi-rad,0.4752612964084421,False,0.0,5.0,0.0215956808638272
B_pqrdot_5ad2694c,development,cpp,F4N,engine_restart,10,10,0,False,True,0.0007151350470661,accelerations/qdot-rad_sec2,0.0007286463122673,False,0.0,0.0,0.0581883623275344
B_turbine_windmill_2db8e408,development,cpp,F4N,engine_restart,10,10,0,False,True,26.20731017964742,attitude/phi-rad,26.465720561695647,True,18.0,20.0,0.0001999600079984
B2_turbine_throttle_init_c8af9244,heldout,cpp,F4N,engine_restart,10,10,0,False,False,0.0,position/h-sl-ft,0.0,False,0.0,0.0,0.0581883623275344
B2_turbine_thruster_inputs_20066483,heldout,cpp,F4N,engine_restart,10,10,0,False,False,0.0,position/h-sl-ft,0.0,False,0.0,0.0,0.0581883623275344
B2_wheel_spin_down_8a9fba1c,heldout,cpp,F4N,engine_restart,10,10,0,False,False,0.0,position/h-sl-ft,0.0,False,0.0,0.0,0.0581883623275344
B2_sensor_fail_stuck_f543d634,heldout,cpp,F4N,engine_restart,10,10,0,False,False,0.0,position/h-sl-ft,0.0,False,0.0,0.0,0.0581883623275344
B2_atmosphere_high_altitude_61f1e8c3,heldout,cpp,F4N,engine_restart,10,10,0,False,False,0.0,position/h-sl-ft,0.0,False,0.0,0.0,0.0581883623275344
B2_load_factor_sign_c3fa7d22,heldout,cpp,F4N,engine_restart,10,10,0,False,False,0.0,position/h-sl-ft,0.0,False,0.0,0.0,0.0581883623275344
B2_propeller_inflow_angle_82cc3893,heldout,cpp,F4N,engine_restart,10,10,0,False,False,0.0,position/h-sl-ft,0.0,False,0.0,0.0,0.0581883623275344
B2_atmosphere_gradient_fadeout_05b709c8,heldout,cpp,F4N,engine_restart,10,10,0,False,False,0.0,position/h-sl-ft,0.0,False,0.0,0.0,0.0581883623275344
B2_holdback_thrust_prop_5306a18b,heldout,model,F4N,engine_restart,10,0,10,True,,,,,,,,
B2_systems_xml_validation_95e5a16b,heldout,model,F4N,engine_restart,10,10,0,False,False,0.0,position/h-sl-ft,0.0,False,0.0,0.0,0.0581883623275344
B_elevator_drag_8819410c,development,model,F80C,cruise,10,10,0,False,True,11.86080921914752,velocities/r-rad_sec,13.661781702331664,True,12.0,9.0,0.0001999600079984
B_pqrdot_5ad2694c,development,cpp,F80C,cruise,10,10,0,False,True,2.8561241160932838,accelerations/pdot-rad_sec2,2.8804692002710803,True,1.0,3.0,0.0137972405518896
B_turbine_windmill_2db8e408,development,cpp,F80C,cruise,10,10,0,False,False,0.0,position/h-sl-ft,0.0,False,0.0,2.0,0.02999400119976
B2_turbine_throttle_init_c8af9244,heldout,cpp,F80C,cruise,10,10,0,False,False,0.0,position/h-sl-ft,0.0,False,0.0,2.0,0.02999400119976
B2_turbine_thruster_inputs_20066483,heldout,cpp,F80C,cruise,10,10,0,False,False,0.0,position/h-sl-ft,0.0,False,0.0,2.0,0.02999400119976
B2_wheel_spin_down_8a9fba1c,heldout,cpp,F80C,cruise,10,10,0,False,False,0.0,position/h-sl-ft,0.0,False,0.0,2.0,0.02999400119976
B2_sensor_fail_stuck_f543d634,heldout,cpp,F80C,cruise,10,10,0,False,False,0.0,position/h-sl-ft,0.0,False,0.0,2.0,0.02999400119976
B2_atmosphere_high_altitude_61f1e8c3,heldout,cpp,F80C,cruise,10,10,0,False,False,0.0,position/h-sl-ft,0.0,False,0.0,2.0,0.02999400119976
B2_load_factor_sign_c3fa7d22,heldout,cpp,F80C,cruise,10,10,0,False,False,0.0,position/h-sl-ft,0.0,False,0.0,2.0,0.02999400119976
B2_propeller_inflow_angle_82cc3893,heldout,cpp,F80C,cruise,10,10,0,False,False,0.0,position/h-sl-ft,0.0,False,0.0,2.0,0.02999400119976
B2_atmosphere_gradient_fadeout_05b709c8,heldout,cpp,F80C,cruise,10,10,0,False,False,0.0,position/h-sl-ft,0.0,False,0.0,2.0,0.02999400119976
B_elevator_drag_8819410c,development,model,F80C,throttle_step,10,10,0,False,True,4.692030379564383,aero/beta-deg,4.498551159318808,True,10.0,21.0,0.0001999600079984
B_pqrdot_5ad2694c,development,cpp,F80C,throttle_step,10,10,0,False,True,5.0554918545087135,accelerations/pdot-rad_sec2,5.850353066604566,True,1.0,1.0,0.0001999600079984
B_turbine_windmill_2db8e408,development,cpp,F80C,throttle_step,10,10,0,False,False,0.0,position/h-sl-ft,0.0,False,0.0,0.0,0.2041591681663667
B2_turbine_throttle_init_c8af9244,heldout,cpp,F80C,throttle_step,10,10,0,False,False,0.0,position/h-sl-ft,0.0,False,0.0,0.0,0.2041591681663667
B2_turbine_thruster_inputs_20066483,heldout,cpp,F80C,throttle_step,10,10,0,False,False,0.0,position/h-sl-ft,0.0,False,0.0,0.0,0.2041591681663667
B2_wheel_spin_down_8a9fba1c,heldout,cpp,F80C,throttle_step,10,10,0,False,False,0.0,position/h-sl-ft,0.0,False,0.0,0.0,0.2041591681663667
B2_sensor_fail_stuck_f543d634,heldout,cpp,F80C,throttle_step,10,10,0,False,False,0.0,position/h-sl-ft,0.0,False,0.0,0.0,0.2041591681663667
B2_atmosphere_high_altitude_61f1e8c3,heldout,cpp,F80C,throttle_step,10,10,0,False,False,0.0,position/h-sl-ft,0.0,False,0.0,0.0,0.2041591681663667
B2_load_factor_sign_c3fa7d22,heldout,cpp,F80C,throttle_step,10,10,0,False,False,0.0,position/h-sl-ft,0.0,False,0.0,0.0,0.2041591681663667
B2_propeller_inflow_angle_82cc3893,heldout,cpp,F80C,throttle_step,10,10,0,False,False,0.0,position/h-sl-ft,0.0,False,0.0,0.0,0.2041591681663667
B2_atmosphere_gradient_fadeout_05b709c8,heldout,cpp,F80C,throttle_step,10,10,0,False,False,0.0,position/h-sl-ft,0.0,False,0.0,0.0,0.2041591681663667
B_elevator_drag_8819410c,development,model,F80C,elev_doublet,10,10,0,False,True,10.428517387096202,accelerations/vdot-ft_sec2,8.76307806747496,True,7.0,16.0,0.0001999600079984
B_pqrdot_5ad2694c,development,cpp,F80C,elev_doublet,10,10,0,False,True,16.420933654792922,accelerations/pdot-rad_sec2,13.682530668699696,True,1.0,3.0,0.0001999600079984
B_turbine_windmill_2db8e408,development,cpp,F80C,elev_doublet,10,10,0,False,False,0.0,position/h-sl-ft,0.0,False,0.0,1.0,0.0221955608878224
B2_turbine_throttle_init_c8af9244,heldout,cpp,F80C,elev_doublet,10,10,0,False,False,0.0,position/h-sl-ft,0.0,False,0.0,1.0,0.0221955608878224
B2_turbine_thruster_inputs_20066483,heldout,cpp,F80C,elev_doublet,10,10,0,False,False,0.0,position/h-sl-ft,0.0,False,0.0,1.0,0.0221955608878224
B2_wheel_spin_down_8a9fba1c,heldout,cpp,F80C,elev_doublet,10,10,0,False,False,0.0,position/h-sl-ft,0.0,False,0.0,1.0,0.0221955608878224
B2_sensor_fail_stuck_f543d634,heldout,cpp,F80C,elev_doublet,10,10,0,False,False,0.0,position/h-sl-ft,0.0,False,0.0,1.0,0.0221955608878224
B2_atmosphere_high_altitude_61f1e8c3,heldout,cpp,F80C,elev_doublet,10,10,0,False,False,0.0,position/h-sl-ft,0.0,False,0.0,1.0,0.0221955608878224
B2_load_factor_sign_c3fa7d22,heldout,cpp,F80C,elev_doublet,10,10,0,False,False,0.0,position/h-sl-ft,0.0,False,0.0,1.0,0.0221955608878224
B2_propeller_inflow_angle_82cc3893,heldout,cpp,F80C,elev_doublet,10,10,0,False,False,0.0,position/h-sl-ft,0.0,False,0.0,1.0,0.0221955608878224
B2_atmosphere_gradient_fadeout_05b709c8,heldout,cpp,F80C,elev_doublet,10,10,0,False,False,0.0,position/h-sl-ft,0.0,False,0.0,1.0,0.0221955608878224
B_elevator_drag_8819410c,development,model,F80C,elev_step,10,10,0,False,True,6.419434189971376,accelerations/vdot-ft_sec2,6.434210634696176,True,10.0,16.0,0.0001999600079984
B_pqrdot_5ad2694c,development,cpp,F80C,elev_step,10,10,0,False,True,21.091094607620903,accelerations/pdot-rad_sec2,20.699745032454608,True,2.0,1.0,0.0001999600079984
B_turbine_windmill_2db8e408,development,cpp,F80C,elev_step,10,10,0,False,False,0.0,position/h-sl-ft,0.0,False,0.0,0.0,0.0925814837032593
B2_turbine_throttle_init_c8af9244,heldout,cpp,F80C,elev_step,10,10,0,False,False,0.0,position/h-sl-ft,0.0,False,0.0,0.0,0.0925814837032593
B2_turbine_thruster_inputs_20066483,heldout,cpp,F80C,elev_step,10,10,0,False,False,0.0,position/h-sl-ft,0.0,False,0.0,0.0,0.0925814837032593
B2_wheel_spin_down_8a9fba1c,heldout,cpp,F80C,elev_step,10,10,0,False,False,0.0,position/h-sl-ft,0.0,False,0.0,0.0,0.0925814837032593
B2_sensor_fail_stuck_f543d634,heldout,cpp,F80C,elev_step,10,10,0,False,False,0.0,position/h-sl-ft,0.0,False,0.0,0.0,0.0925814837032593
B2_atmosphere_high_altitude_61f1e8c3,heldout,cpp,F80C,elev_step,10,10,0,False,False,0.0,position/h-sl-ft,0.0,False,0.0,0.0,0.0925814837032593
B2_load_factor_sign_c3fa7d22,heldout,cpp,F80C,elev_step,10,10,0,False,False,0.0,position/h-sl-ft,0.0,False,0.0,0.0,0.0925814837032593
B2_propeller_inflow_angle_82cc3893,heldout,cpp,F80C,elev_step,10,10,0,False,False,0.0,position/h-sl-ft,0.0,False,0.0,0.0,0.0925814837032593
B2_atmosphere_gradient_fadeout_05b709c8,heldout,cpp,F80C,elev_step,10,10,0,False,False,0.0,position/h-sl-ft,0.0,False,0.0,0.0,0.0925814837032593
B_elevator_drag_8819410c,development,model,F80C,aileron_step,10,10,0,False,True,0.8418098689893206,accelerations/udot-ft_sec2,1.012718986712934,True,1.0,6.0,0.0001999600079984
B_pqrdot_5ad2694c,development,cpp,F80C,aileron_step,10,10,0,False,True,0.0316700595278941,accelerations/qdot-rad_sec2,0.0327775840558015,False,0.0,0.0,0.1001799640071985
B_turbine_windmill_2db8e408,development,cpp,F80C,aileron_step,10,10,0,False,False,0.0,position/h-sl-ft,0.0,False,0.0,0.0,0.1001799640071985
B2_turbine_throttle_init_c8af9244,heldout,cpp,F80C,aileron_step,10,10,0,False,False,0.0,position/h-sl-ft,0.0,False,0.0,0.0,0.1001799640071985
B2_turbine_thruster_inputs_20066483,heldout,cpp,F80C,aileron_step,10,10,0,False,False,0.0,position/h-sl-ft,0.0,False,0.0,0.0,0.1001799640071985
B2_wheel_spin_down_8a9fba1c,heldout,cpp,F80C,aileron_step,10,10,0,False,False,0.0,position/h-sl-ft,0.0,False,0.0,0.0,0.1001799640071985
B2_sensor_fail_stuck_f543d634,heldout,cpp,F80C,aileron_step,10,10,0,False,False,0.0,position/h-sl-ft,0.0,False,0.0,0.0,0.1001799640071985
B2_atmosphere_high_altitude_61f1e8c3,heldout,cpp,F80C,aileron_step,10,10,0,False,False,0.0,position/h-sl-ft,0.0,False,0.0,0.0,0.1001799640071985
B2_load_factor_sign_c3fa7d22,heldout,cpp,F80C,aileron_step,10,10,0,False,False,0.0,position/h-sl-ft,0.0,False,0.0,0.0,0.1001799640071985
B2_propeller_inflow_angle_82cc3893,heldout,cpp,F80C,aileron_step,10,10,0,False,False,0.0,position/h-sl-ft,0.0,False,0.0,0.0,0.1001799640071985
B2_atmosphere_gradient_fadeout_05b709c8,heldout,cpp,F80C,aileron_step,10,10,0,False,False,0.0,position/h-sl-ft,0.0,False,0.0,0.0,0.1001799640071985
B_elevator_drag_8819410c,development,model,F80C,rudder_doublet,10,10,0,False,True,3.8114224593805495,velocities/h-dot-fps,3.954276562998971,True,1.0,8.0,0.0001999600079984
B_pqrdot_5ad2694c,development,cpp,F80C,rudder_doublet,10,10,0,False,True,0.0038119784659853,accelerations/qdot-rad_sec2,0.004083085372676,False,0.0,2.0,0.0295940811837632
B_turbine_windmill_2db8e408,development,cpp,F80C,rudder_doublet,10,10,0,False,False,0.0,position/h-sl-ft,0.0,False,0.0,2.0,0.0295940811837632
B2_turbine_throttle_init_c8af9244,heldout,cpp,F80C,rudder_doublet,10,10,0,False,False,0.0,position/h-sl-ft,0.0,False,0.0,2.0,0.0295940811837632
B2_turbine_thruster_inputs_20066483,heldout,cpp,F80C,rudder_doublet,10,10,0,False,False,0.0,position/h-sl-ft,0.0,False,0.0,2.0,0.0295940811837632
B2_wheel_spin_down_8a9fba1c,heldout,cpp,F80C,rudder_doublet,10,10,0,False,False,0.0,position/h-sl-ft,0.0,False,0.0,2.0,0.0295940811837632
B2_sensor_fail_stuck_f543d634,heldout,cpp,F80C,rudder_doublet,10,10,0,False,False,0.0,position/h-sl-ft,0.0,False,0.0,2.0,0.0295940811837632
B2_atmosphere_high_altitude_61f1e8c3,heldout,cpp,F80C,rudder_doublet,10,10,0,False,False,0.0,position/h-sl-ft,0.0,False,0.0,2.0,0.0295940811837632
B2_load_factor_sign_c3fa7d22,heldout,cpp,F80C,rudder_doublet,10,10,0,False,False,0.0,position/h-sl-ft,0.0,False,0.0,2.0,0.0295940811837632
B2_propeller_inflow_angle_82cc3893,heldout,cpp,F80C,rudder_doublet,10,10,0,False,False,0.0,position/h-sl-ft,0.0,False,0.0,2.0,0.0295940811837632
B2_atmosphere_gradient_fadeout_05b709c8,heldout,cpp,F80C,rudder_doublet,10,10,0,False,False,0.0,position/h-sl-ft,0.0,False,0.0,2.0,0.0295940811837632
B_elevator_drag_8819410c,development,model,F80C,bank_hold,10,10,0,False,True,0.8492303194803065,accelerations/udot-ft_sec2,0.919005440496382,False,0.0,10.0,0.0001999600079984
B_pqrdot_5ad2694c,development,cpp,F80C,bank_hold,10,10,0,False,True,0.0331677878276456,accelerations/qdot-rad_sec2,0.0349787619778235,False,0.0,2.0,0.0173965206958608
B_turbine_windmill_2db8e408,development,cpp,F80C,bank_hold,10,10,0,False,False,0.0,position/h-sl-ft,0.0,False,0.0,2.0,0.0173965206958608
B2_turbine_throttle_init_c8af9244,heldout,cpp,F80C,bank_hold,10,10,0,False,False,0.0,position/h-sl-ft,0.0,False,0.0,2.0,0.0173965206958608
B2_turbine_thruster_inputs_20066483,heldout,cpp,F80C,bank_hold,10,10,0,False,False,0.0,position/h-sl-ft,0.0,False,0.0,2.0,0.0173965206958608
B2_wheel_spin_down_8a9fba1c,heldout,cpp,F80C,bank_hold,10,10,0,False,False,0.0,position/h-sl-ft,0.0,False,0.0,2.0,0.0173965206958608
B2_sensor_fail_stuck_f543d634,heldout,cpp,F80C,bank_hold,10,10,0,False,False,0.0,position/h-sl-ft,0.0,False,0.0,2.0,0.0173965206958608
B2_atmosphere_high_altitude_61f1e8c3,heldout,cpp,F80C,bank_hold,10,10,0,False,False,0.0,position/h-sl-ft,0.0,False,0.0,2.0,0.0173965206958608
B2_load_factor_sign_c3fa7d22,heldout,cpp,F80C,bank_hold,10,10,0,False,False,0.0,position/h-sl-ft,0.0,False,0.0,2.0,0.0173965206958608
B2_propeller_inflow_angle_82cc3893,heldout,cpp,F80C,bank_hold,10,10,0,False,False,0.0,position/h-sl-ft,0.0,False,0.0,2.0,0.0173965206958608
B2_atmosphere_gradient_fadeout_05b709c8,heldout,cpp,F80C,bank_hold,10,10,0,False,False,0.0,position/h-sl-ft,0.0,False,0.0,2.0,0.0173965206958608
B_elevator_drag_8819410c,development,model,F80C,flap_extend,10,10,0,False,True,4.353681818255434,aero/beta-deg,4.567878109565915,True,10.0,19.0,0.0001999600079984
B_pqrdot_5ad2694c,development,cpp,F80C,flap_extend,10,10,0,False,True,15.384778033401052,accelerations/pdot-rad_sec2,16.227241371958574,True,2.0,3.0,0.0001999600079984
B_turbine_windmill_2db8e408,development,cpp,F80C,flap_extend,10,10,0,False,False,0.0,position/h-sl-ft,0.0,False,0.0,1.0,0.0487902419516096
B2_turbine_throttle_init_c8af9244,heldout,cpp,F80C,flap_extend,10,10,0,False,False,0.0,position/h-sl-ft,0.0,False,0.0,1.0,0.0487902419516096
B2_turbine_thruster_inputs_20066483,heldout,cpp,F80C,flap_extend,10,10,0,False,False,0.0,position/h-sl-ft,0.0,False,0.0,1.0,0.0487902419516096
B2_wheel_spin_down_8a9fba1c,heldout,cpp,F80C,flap_extend,10,10,0,False,False,0.0,position/h-sl-ft,0.0,False,0.0,1.0,0.0487902419516096
B2_sensor_fail_stuck_f543d634,heldout,cpp,F80C,flap_extend,10,10,0,False,False,0.0,position/h-sl-ft,0.0,False,0.0,1.0,0.0487902419516096
B2_atmosphere_high_altitude_61f1e8c3,heldout,cpp,F80C,flap_extend,10,10,0,False,False,0.0,position/h-sl-ft,0.0,False,0.0,1.0,0.0487902419516096
B2_load_factor_sign_c3fa7d22,heldout,cpp,F80C,flap_extend,10,10,0,False,False,0.0,position/h-sl-ft,0.0,False,0.0,1.0,0.0487902419516096
B2_propeller_inflow_angle_82cc3893,heldout,cpp,F80C,flap_extend,10,10,0,False,False,0.0,position/h-sl-ft,0.0,False,0.0,1.0,0.0487902419516096
B2_atmosphere_gradient_fadeout_05b709c8,heldout,cpp,F80C,flap_extend,10,10,0,False,False,0.0,position/h-sl-ft,0.0,False,0.0,1.0,0.0487902419516096
B_elevator_drag_8819410c,development,model,F80C,climbing_turn,10,10,0,False,True,2.76112675052464,accelerations/udot-ft_sec2,3.116369104621732,True,5.0,20.0,0.0001999600079984
B_pqrdot_5ad2694c,development,cpp,F80C,climbing_turn,10,10,0,False,True,0.0065141784518526,accelerations/rdot-rad_sec2,0.006772242730622,False,0.0,1.0,0.0105978804239152
B_turbine_windmill_2db8e408,development,cpp,F80C,climbing_turn,10,10,0,False,False,0.0,position/h-sl-ft,0.0,False,0.0,1.0,0.0105978804239152
B2_turbine_throttle_init_c8af9244,heldout,cpp,F80C,climbing_turn,10,10,0,False,False,0.0,position/h-sl-ft,0.0,False,0.0,1.0,0.0105978804239152
B2_turbine_thruster_inputs_20066483,heldout,cpp,F80C,climbing_turn,10,10,0,False,False,0.0,position/h-sl-ft,0.0,False,0.0,1.0,0.0105978804239152
B2_wheel_spin_down_8a9fba1c,heldout,cpp,F80C,climbing_turn,10,10,0,False,False,0.0,position/h-sl-ft,0.0,False,0.0,1.0,0.0105978804239152
B2_sensor_fail_stuck_f543d634,heldout,cpp,F80C,climbing_turn,10,10,0,False,False,0.0,position/h-sl-ft,0.0,False,0.0,1.0,0.0105978804239152
B2_atmosphere_high_altitude_61f1e8c3,heldout,cpp,F80C,climbing_turn,10,10,0,False,False,0.0,position/h-sl-ft,0.0,False,0.0,1.0,0.0105978804239152
B2_load_factor_sign_c3fa7d22,heldout,cpp,F80C,climbing_turn,10,10,0,False,False,0.0,position/h-sl-ft,0.0,False,0.0,1.0,0.0105978804239152
B2_propeller_inflow_angle_82cc3893,heldout,cpp,F80C,climbing_turn,10,10,0,False,False,0.0,position/h-sl-ft,0.0,False,0.0,1.0,0.0105978804239152
B2_atmosphere_gradient_fadeout_05b709c8,heldout,cpp,F80C,climbing_turn,10,10,0,False,False,0.0,position/h-sl-ft,0.0,False,0.0,1.0,0.0105978804239152
B_elevator_drag_8819410c,development,model,F80C,elev_doublet_distractor,10,10,0,False,True,1.6406795003172754,accelerations/udot-ft_sec2,1.9402785512560508,True,1.0,9.0,0.0001999600079984
B_pqrdot_5ad2694c,development,cpp,F80C,elev_doublet_distractor,10,10,0,False,True,0.000316453023075,accelerations/rdot-rad_sec2,0.0002738166208307,False,0.0,3.0,0.0045990801839632
B_turbine_windmill_2db8e408,development,cpp,F80C,elev_doublet_distractor,10,10,0,False,False,0.0,position/h-sl-ft,0.0,False,0.0,3.0,0.0045990801839632
B2_turbine_throttle_init_c8af9244,heldout,cpp,F80C,elev_doublet_distractor,10,10,0,False,False,0.0,position/h-sl-ft,0.0,False,0.0,3.0,0.0045990801839632
B2_turbine_thruster_inputs_20066483,heldout,cpp,F80C,elev_doublet_distractor,10,10,0,False,False,0.0,position/h-sl-ft,0.0,False,0.0,3.0,0.0045990801839632
B2_wheel_spin_down_8a9fba1c,heldout,cpp,F80C,elev_doublet_distractor,10,10,0,False,False,0.0,position/h-sl-ft,0.0,False,0.0,3.0,0.0045990801839632
B2_sensor_fail_stuck_f543d634,heldout,cpp,F80C,elev_doublet_distractor,10,10,0,False,False,0.0,position/h-sl-ft,0.0,False,0.0,3.0,0.0045990801839632
B2_atmosphere_high_altitude_61f1e8c3,heldout,cpp,F80C,elev_doublet_distractor,10,10,0,False,False,0.0,position/h-sl-ft,0.0,False,0.0,3.0,0.0045990801839632
B2_load_factor_sign_c3fa7d22,heldout,cpp,F80C,elev_doublet_distractor,10,10,0,False,False,0.0,position/h-sl-ft,0.0,False,0.0,3.0,0.0045990801839632
B2_propeller_inflow_angle_82cc3893,heldout,cpp,F80C,elev_doublet_distractor,10,10,0,False,False,0.0,position/h-sl-ft,0.0,False,0.0,3.0,0.0045990801839632
B2_atmosphere_gradient_fadeout_05b709c8,heldout,cpp,F80C,elev_doublet_distractor,10,10,0,False,False,0.0,position/h-sl-ft,0.0,False,0.0,3.0,0.0045990801839632
B_pqrdot_5ad2694c,development,cpp,J3Cub,cruise,10,10,0,False,True,0.0721135957689243,accelerations/pdot-rad_sec2,0.0723142509179051,False,0.0,0.0,0.0899820035992801
B_piston_power_bcd3f980,development,cpp,J3Cub,cruise,10,10,0,False,False,0.0,position/h-sl-ft,0.0,False,0.0,0.0,0.0899820035992801
B2_turbine_throttle_init_c8af9244,heldout,cpp,J3Cub,cruise,10,10,0,False,False,0.0,position/h-sl-ft,0.0,False,0.0,0.0,0.0899820035992801
B2_turbine_thruster_inputs_20066483,heldout,cpp,J3Cub,cruise,10,10,0,False,False,0.0,position/h-sl-ft,0.0,False,0.0,0.0,0.0899820035992801
B2_wheel_spin_down_8a9fba1c,heldout,cpp,J3Cub,cruise,10,10,0,False,False,0.0,position/h-sl-ft,0.0,False,0.0,0.0,0.0899820035992801
B2_sensor_fail_stuck_f543d634,heldout,cpp,J3Cub,cruise,10,10,0,False,False,0.0,position/h-sl-ft,0.0,False,0.0,0.0,0.0899820035992801
B2_atmosphere_high_altitude_61f1e8c3,heldout,cpp,J3Cub,cruise,10,10,0,False,False,0.0,position/h-sl-ft,0.0,False,0.0,0.0,0.0899820035992801
B2_load_factor_sign_c3fa7d22,heldout,cpp,J3Cub,cruise,10,10,0,False,False,0.0,position/h-sl-ft,0.0,False,0.0,0.0,0.0899820035992801
B2_propeller_inflow_angle_82cc3893,heldout,cpp,J3Cub,cruise,10,10,0,False,False,0.0,position/h-sl-ft,0.0,False,0.0,0.0,0.0899820035992801
B2_atmosphere_gradient_fadeout_05b709c8,heldout,cpp,J3Cub,cruise,10,10,0,False,False,0.0,position/h-sl-ft,0.0,False,0.0,0.0,0.0899820035992801
B_pqrdot_5ad2694c,development,cpp,J3Cub,throttle_step,10,10,0,False,True,0.002488519987168,accelerations/pdot-rad_sec2,0.0018964600545702,False,0.0,7.0,0.0147970405918816
B_piston_power_bcd3f980,development,cpp,J3Cub,throttle_step,10,10,0,False,False,0.0,position/h-sl-ft,0.0,False,0.0,7.0,0.0151969606078784
B2_turbine_throttle_init_c8af9244,heldout,cpp,J3Cub,throttle_step,10,10,0,False,False,0.0,position/h-sl-ft,0.0,False,0.0,7.0,0.0151969606078784
B2_turbine_thruster_inputs_20066483,heldout,cpp,J3Cub,throttle_step,10,10,0,False,False,0.0,position/h-sl-ft,0.0,False,0.0,7.0,0.0151969606078784
B2_wheel_spin_down_8a9fba1c,heldout,cpp,J3Cub,throttle_step,10,10,0,False,False,0.0,position/h-sl-ft,0.0,False,0.0,7.0,0.0151969606078784
B2_sensor_fail_stuck_f543d634,heldout,cpp,J3Cub,throttle_step,10,10,0,False,False,0.0,position/h-sl-ft,0.0,False,0.0,7.0,0.0151969606078784
B2_atmosphere_high_altitude_61f1e8c3,heldout,cpp,J3Cub,throttle_step,10,10,0,False,False,0.0,position/h-sl-ft,0.0,False,0.0,7.0,0.0151969606078784
B2_load_factor_sign_c3fa7d22,heldout,cpp,J3Cub,throttle_step,10,10,0,False,False,0.0,position/h-sl-ft,0.0,False,0.0,7.0,0.0151969606078784
B2_propeller_inflow_angle_82cc3893,heldout,cpp,J3Cub,throttle_step,10,10,0,False,False,0.0,position/h-sl-ft,0.0,False,0.0,7.0,0.0151969606078784
B2_atmosphere_gradient_fadeout_05b709c8,heldout,cpp,J3Cub,throttle_step,10,10,0,False,False,0.0,position/h-sl-ft,0.0,False,0.0,7.0,0.0151969606078784
B_pqrdot_5ad2694c,development,cpp,J3Cub,elev_doublet,10,10,0,False,True,0.0012907816021016,accelerations/pdot-rad_sec2,0.0011980468058451,False,0.0,0.0,0.0809838032393521
B_piston_power_bcd3f980,development,cpp,J3Cub,elev_doublet,10,10,0,False,False,0.0,position/h-sl-ft,0.0,False,0.0,0.0,0.0809838032393521
B2_turbine_throttle_init_c8af9244,heldout,cpp,J3Cub,elev_doublet,10,10,0,False,False,0.0,position/h-sl-ft,0.0,False,0.0,0.0,0.0809838032393521
B2_turbine_thruster_inputs_20066483,heldout,cpp,J3Cub,elev_doublet,10,10,0,False,False,0.0,position/h-sl-ft,0.0,False,0.0,0.0,0.0809838032393521
B2_wheel_spin_down_8a9fba1c,heldout,cpp,J3Cub,elev_doublet,10,10,0,False,False,0.0,position/h-sl-ft,0.0,False,0.0,0.0,0.0809838032393521
B2_sensor_fail_stuck_f543d634,heldout,cpp,J3Cub,elev_doublet,10,10,0,False,False,0.0,position/h-sl-ft,0.0,False,0.0,0.0,0.0809838032393521
B2_atmosphere_high_altitude_61f1e8c3,heldout,cpp,J3Cub,elev_doublet,10,10,0,False,False,0.0,position/h-sl-ft,0.0,False,0.0,0.0,0.0809838032393521
B2_load_factor_sign_c3fa7d22,heldout,cpp,J3Cub,elev_doublet,10,10,0,False,False,0.0,position/h-sl-ft,0.0,False,0.0,0.0,0.0809838032393521
B2_propeller_inflow_angle_82cc3893,heldout,cpp,J3Cub,elev_doublet,10,10,0,False,False,0.0,position/h-sl-ft,0.0,False,0.0,0.0,0.0809838032393521
B2_atmosphere_gradient_fadeout_05b709c8,heldout,cpp,J3Cub,elev_doublet,10,10,0,False,False,0.0,position/h-sl-ft,0.0,False,0.0,0.0,0.0809838032393521
B_pqrdot_5ad2694c,development,cpp,J3Cub,elev_step,10,10,0,False,True,0.0032620524397262,accelerations/pdot-rad_sec2,0.0034069425599249,False,0.0,0.0,0.3477304539092181
B_piston_power_bcd3f980,development,cpp,J3Cub,elev_step,10,10,0,False,False,0.0,position/h-sl-ft,0.0,False,0.0,0.0,0.3477304539092181
B2_turbine_throttle_init_c8af9244,heldout,cpp,J3Cub,elev_step,10,10,0,False,False,0.0,position/h-sl-ft,0.0,False,0.0,0.0,0.3477304539092181
B2_turbine_thruster_inputs_20066483,heldout,cpp,J3Cub,elev_step,10,10,0,False,False,0.0,position/h-sl-ft,0.0,False,0.0,0.0,0.3477304539092181
B2_wheel_spin_down_8a9fba1c,heldout,cpp,J3Cub,elev_step,10,10,0,False,False,0.0,position/h-sl-ft,0.0,False,0.0,0.0,0.3477304539092181
B2_sensor_fail_stuck_f543d634,heldout,cpp,J3Cub,elev_step,10,10,0,False,False,0.0,position/h-sl-ft,0.0,False,0.0,0.0,0.3477304539092181
B2_atmosphere_high_altitude_61f1e8c3,heldout,cpp,J3Cub,elev_step,10,10,0,False,False,0.0,position/h-sl-ft,0.0,False,0.0,0.0,0.3477304539092181
B2_load_factor_sign_c3fa7d22,heldout,cpp,J3Cub,elev_step,10,10,0,False,False,0.0,position/h-sl-ft,0.0,False,0.0,0.0,0.3477304539092181
B2_propeller_inflow_angle_82cc3893,heldout,cpp,J3Cub,elev_step,10,10,0,False,False,0.0,position/h-sl-ft,0.0,False,0.0,0.0,0.3477304539092181
B2_atmosphere_gradient_fadeout_05b709c8,heldout,cpp,J3Cub,elev_step,10,10,0,False,False,0.0,position/h-sl-ft,0.0,False,0.0,0.0,0.3477304539092181
B_pqrdot_5ad2694c,development,cpp,J3Cub,aileron_step,10,10,0,False,True,0.0027123159015474,accelerations/qdot-rad_sec2,0.0026989376432886,False,0.0,0.0,0.0715856828634273
B_piston_power_bcd3f980,development,cpp,J3Cub,aileron_step,10,10,0,False,False,0.0,position/h-sl-ft,0.0,False,0.0,0.0,0.0713857228554289
B2_turbine_throttle_init_c8af9244,heldout,cpp,J3Cub,aileron_step,10,10,0,False,False,0.0,position/h-sl-ft,0.0,False,0.0,0.0,0.0713857228554289
B2_turbine_thruster_inputs_20066483,heldout,cpp,J3Cub,aileron_step,10,10,0,False,False,0.0,position/h-sl-ft,0.0,False,0.0,0.0,0.0713857228554289
B2_wheel_spin_down_8a9fba1c,heldout,cpp,J3Cub,aileron_step,10,10,0,False,False,0.0,position/h-sl-ft,0.0,False,0.0,0.0,0.0713857228554289
B2_sensor_fail_stuck_f543d634,heldout,cpp,J3Cub,aileron_step,10,10,0,False,False,0.0,position/h-sl-ft,0.0,False,0.0,0.0,0.0713857228554289
B2_atmosphere_high_altitude_61f1e8c3,heldout,cpp,J3Cub,aileron_step,10,10,0,False,False,0.0,position/h-sl-ft,0.0,False,0.0,0.0,0.0713857228554289
B2_load_factor_sign_c3fa7d22,heldout,cpp,J3Cub,aileron_step,10,10,0,False,False,0.0,position/h-sl-ft,0.0,False,0.0,0.0,0.0713857228554289
B2_propeller_inflow_angle_82cc3893,heldout,cpp,J3Cub,aileron_step,10,10,0,False,False,0.0,position/h-sl-ft,0.0,False,0.0,0.0,0.0713857228554289
B2_atmosphere_gradient_fadeout_05b709c8,heldout,cpp,J3Cub,aileron_step,10,10,0,False,False,0.0,position/h-sl-ft,0.0,False,0.0,0.0,0.0713857228554289
B_pqrdot_5ad2694c,development,cpp,J3Cub,rudder_doublet,10,10,0,False,True,0.0002218007553079,accelerations/pdot-rad_sec2,0.0002372321373029,False,0.0,0.0,0.0609878024395121
B_piston_power_bcd3f980,development,cpp,J3Cub,rudder_doublet,10,10,0,False,False,0.0,position/h-sl-ft,0.0,False,0.0,0.0,0.0609878024395121
B2_turbine_throttle_init_c8af9244,heldout,cpp,J3Cub,rudder_doublet,10,10,0,False,False,0.0,position/h-sl-ft,0.0,False,0.0,0.0,0.0609878024395121
B2_turbine_thruster_inputs_20066483,heldout,cpp,J3Cub,rudder_doublet,10,10,0,False,False,0.0,position/h-sl-ft,0.0,False,0.0,0.0,0.0609878024395121
B2_wheel_spin_down_8a9fba1c,heldout,cpp,J3Cub,rudder_doublet,10,10,0,False,False,0.0,position/h-sl-ft,0.0,False,0.0,0.0,0.0609878024395121
B2_sensor_fail_stuck_f543d634,heldout,cpp,J3Cub,rudder_doublet,10,10,0,False,False,0.0,position/h-sl-ft,0.0,False,0.0,0.0,0.0609878024395121
B2_atmosphere_high_altitude_61f1e8c3,heldout,cpp,J3Cub,rudder_doublet,10,10,0,False,False,0.0,position/h-sl-ft,0.0,False,0.0,0.0,0.0609878024395121
B2_load_factor_sign_c3fa7d22,heldout,cpp,J3Cub,rudder_doublet,10,10,0,False,False,0.0,position/h-sl-ft,0.0,False,0.0,0.0,0.0609878024395121
B2_propeller_inflow_angle_82cc3893,heldout,cpp,J3Cub,rudder_doublet,10,10,0,False,False,0.0,position/h-sl-ft,0.0,False,0.0,0.0,0.0609878024395121
B2_atmosphere_gradient_fadeout_05b709c8,heldout,cpp,J3Cub,rudder_doublet,10,10,0,False,False,0.0,position/h-sl-ft,0.0,False,0.0,0.0,0.0609878024395121
B_pqrdot_5ad2694c,development,cpp,J3Cub,bank_hold,10,10,0,False,True,0.0033637170944134,accelerations/qdot-rad_sec2,0.0032839444084598,False,0.0,0.0,0.1187762447510498
B_piston_power_bcd3f980,development,cpp,J3Cub,bank_hold,10,10,0,False,False,0.0,position/h-sl-ft,0.0,False,0.0,0.0,0.1187762447510498
B2_turbine_throttle_init_c8af9244,heldout,cpp,J3Cub,bank_hold,10,10,0,False,False,0.0,position/h-sl-ft,0.0,False,0.0,0.0,0.1187762447510498
B2_turbine_thruster_inputs_20066483,heldout,cpp,J3Cub,bank_hold,10,10,0,False,False,0.0,position/h-sl-ft,0.0,False,0.0,0.0,0.1187762447510498
B2_wheel_spin_down_8a9fba1c,heldout,cpp,J3Cub,bank_hold,10,10,0,False,False,0.0,position/h-sl-ft,0.0,False,0.0,0.0,0.1187762447510498
B2_sensor_fail_stuck_f543d634,heldout,cpp,J3Cub,bank_hold,10,10,0,False,False,0.0,position/h-sl-ft,0.0,False,0.0,0.0,0.1187762447510498
B2_atmosphere_high_altitude_61f1e8c3,heldout,cpp,J3Cub,bank_hold,10,10,0,False,False,0.0,position/h-sl-ft,0.0,False,0.0,0.0,0.1187762447510498
B2_load_factor_sign_c3fa7d22,heldout,cpp,J3Cub,bank_hold,10,10,0,False,False,0.0,position/h-sl-ft,0.0,False,0.0,0.0,0.1187762447510498
B2_propeller_inflow_angle_82cc3893,heldout,cpp,J3Cub,bank_hold,10,10,0,False,False,0.0,position/h-sl-ft,0.0,False,0.0,0.0,0.1187762447510498
B2_atmosphere_gradient_fadeout_05b709c8,heldout,cpp,J3Cub,bank_hold,10,10,0,False,False,0.0,position/h-sl-ft,0.0,False,0.0,0.0,0.1187762447510498
B_pqrdot_5ad2694c,development,cpp,J3Cub,flap_extend,10,10,0,False,True,0.0267798086593002,accelerations/pdot-rad_sec2,0.0274507319408517,False,0.0,0.0,0.052989402119576
B_piston_power_bcd3f980,development,cpp,J3Cub,flap_extend,10,10,0,False,False,0.0,position/h-sl-ft,0.0,False,0.0,0.0,0.052989402119576
B2_turbine_throttle_init_c8af9244,heldout,cpp,J3Cub,flap_extend,10,10,0,False,False,0.0,position/h-sl-ft,0.0,False,0.0,0.0,0.052989402119576
B2_turbine_thruster_inputs_20066483,heldout,cpp,J3Cub,flap_extend,10,10,0,False,False,0.0,position/h-sl-ft,0.0,False,0.0,0.0,0.052989402119576
B2_wheel_spin_down_8a9fba1c,heldout,cpp,J3Cub,flap_extend,10,10,0,False,False,0.0,position/h-sl-ft,0.0,False,0.0,0.0,0.052989402119576
B2_sensor_fail_stuck_f543d634,heldout,cpp,J3Cub,flap_extend,10,10,0,False,False,0.0,position/h-sl-ft,0.0,False,0.0,0.0,0.052989402119576
B2_atmosphere_high_altitude_61f1e8c3,heldout,cpp,J3Cub,flap_extend,10,10,0,False,False,0.0,position/h-sl-ft,0.0,False,0.0,0.0,0.052989402119576
B2_load_factor_sign_c3fa7d22,heldout,cpp,J3Cub,flap_extend,10,10,0,False,False,0.0,position/h-sl-ft,0.0,False,0.0,0.0,0.052989402119576
B2_propeller_inflow_angle_82cc3893,heldout,cpp,J3Cub,flap_extend,10,10,0,False,False,0.0,position/h-sl-ft,0.0,False,0.0,0.0,0.052989402119576
B2_atmosphere_gradient_fadeout_05b709c8,heldout,cpp,J3Cub,flap_extend,10,10,0,False,False,0.0,position/h-sl-ft,0.0,False,0.0,0.0,0.052989402119576
B_pqrdot_5ad2694c,development,cpp,J3Cub,climbing_turn,10,10,0,False,True,0.0023044539258917,accelerations/rdot-rad_sec2,0.0026468833687196,False,0.0,0.0,0.4357128574285143
B_piston_power_bcd3f980,development,cpp,J3Cub,climbing_turn,10,10,0,False,False,0.0,position/h-sl-ft,0.0,False,0.0,0.0,0.4357128574285143
B2_turbine_throttle_init_c8af9244,heldout,cpp,J3Cub,climbing_turn,10,10,0,False,False,0.0,position/h-sl-ft,0.0,False,0.0,0.0,0.4357128574285143
B2_turbine_thruster_inputs_20066483,heldout,cpp,J3Cub,climbing_turn,10,10,0,False,False,0.0,position/h-sl-ft,0.0,False,0.0,0.0,0.4357128574285143
B2_wheel_spin_down_8a9fba1c,heldout,cpp,J3Cub,climbing_turn,10,10,0,False,False,0.0,position/h-sl-ft,0.0,False,0.0,0.0,0.4357128574285143
B2_sensor_fail_stuck_f543d634,heldout,cpp,J3Cub,climbing_turn,10,10,0,False,False,0.0,position/h-sl-ft,0.0,False,0.0,0.0,0.4357128574285143
B2_atmosphere_high_altitude_61f1e8c3,heldout,cpp,J3Cub,climbing_turn,10,10,0,False,False,0.0,position/h-sl-ft,0.0,False,0.0,0.0,0.4357128574285143
B2_load_factor_sign_c3fa7d22,heldout,cpp,J3Cub,climbing_turn,10,10,0,False,False,0.0,position/h-sl-ft,0.0,False,0.0,0.0,0.4357128574285143
B2_propeller_inflow_angle_82cc3893,heldout,cpp,J3Cub,climbing_turn,10,10,0,False,False,0.0,position/h-sl-ft,0.0,False,0.0,0.0,0.4357128574285143
B2_atmosphere_gradient_fadeout_05b709c8,heldout,cpp,J3Cub,climbing_turn,10,10,0,False,False,0.0,position/h-sl-ft,0.0,False,0.0,0.0,0.4357128574285143
B_pqrdot_5ad2694c,development,cpp,J3Cub,elev_doublet_distractor,10,10,0,False,True,8.245275702667297e-05,accelerations/qdot-rad_sec2,5.739640400338477e-05,False,0.0,3.0,0.0327934413117376
B_piston_power_bcd3f980,development,cpp,J3Cub,elev_doublet_distractor,10,10,0,False,False,0.0,position/h-sl-ft,0.0,False,0.0,3.0,0.0327934413117376
B2_turbine_throttle_init_c8af9244,heldout,cpp,J3Cub,elev_doublet_distractor,10,10,0,False,False,0.0,position/h-sl-ft,0.0,False,0.0,3.0,0.0327934413117376
B2_turbine_thruster_inputs_20066483,heldout,cpp,J3Cub,elev_doublet_distractor,10,10,0,False,False,0.0,position/h-sl-ft,0.0,False,0.0,3.0,0.0327934413117376
B2_wheel_spin_down_8a9fba1c,heldout,cpp,J3Cub,elev_doublet_distractor,10,10,0,False,False,0.0,position/h-sl-ft,0.0,False,0.0,3.0,0.0327934413117376
B2_sensor_fail_stuck_f543d634,heldout,cpp,J3Cub,elev_doublet_distractor,10,10,0,False,False,0.0,position/h-sl-ft,0.0,False,0.0,3.0,0.0327934413117376
B2_atmosphere_high_altitude_61f1e8c3,heldout,cpp,J3Cub,elev_doublet_distractor,10,10,0,False,False,0.0,position/h-sl-ft,0.0,False,0.0,3.0,0.0327934413117376
B2_load_factor_sign_c3fa7d22,heldout,cpp,J3Cub,elev_doublet_distractor,10,10,0,False,False,0.0,position/h-sl-ft,0.0,False,0.0,3.0,0.0327934413117376
B2_propeller_inflow_angle_82cc3893,heldout,cpp,J3Cub,elev_doublet_distractor,10,10,0,False,False,0.0,position/h-sl-ft,0.0,False,0.0,3.0,0.0327934413117376
B2_atmosphere_gradient_fadeout_05b709c8,heldout,cpp,J3Cub,elev_doublet_distractor,10,10,0,False,False,0.0,position/h-sl-ft,0.0,False,0.0,3.0,0.0327934413117376
B_pqrdot_5ad2694c,development,cpp,J3Cub,engine_stop,10,0,10,True,,,,,,,,
B_piston_power_bcd3f980,development,cpp,J3Cub,engine_stop,10,3,7,True,True,292397.02919219574,accelerations/qdot-rad_sec2,,,,,
B2_turbine_throttle_init_c8af9244,heldout,cpp,J3Cub,engine_stop,10,10,0,False,False,0.0,position/h-sl-ft,0.0,False,0.0,0.0,0.2077584483103379
B2_turbine_thruster_inputs_20066483,heldout,cpp,J3Cub,engine_stop,10,10,0,False,False,0.0,position/h-sl-ft,0.0,False,0.0,0.0,0.2077584483103379
B2_wheel_spin_down_8a9fba1c,heldout,cpp,J3Cub,engine_stop,10,10,0,False,False,0.0,position/h-sl-ft,0.0,False,0.0,0.0,0.2077584483103379
B2_sensor_fail_stuck_f543d634,heldout,cpp,J3Cub,engine_stop,10,10,0,False,False,0.0,position/h-sl-ft,0.0,False,0.0,0.0,0.2077584483103379
B2_atmosphere_high_altitude_61f1e8c3,heldout,cpp,J3Cub,engine_stop,10,10,0,False,False,0.0,position/h-sl-ft,0.0,False,0.0,0.0,0.2077584483103379
B2_load_factor_sign_c3fa7d22,heldout,cpp,J3Cub,engine_stop,10,10,0,False,False,0.0,position/h-sl-ft,0.0,False,0.0,0.0,0.2077584483103379
B2_propeller_inflow_angle_82cc3893,heldout,cpp,J3Cub,engine_stop,10,10,0,False,False,0.0,position/h-sl-ft,0.0,False,0.0,0.0,0.2077584483103379
B2_atmosphere_gradient_fadeout_05b709c8,heldout,cpp,J3Cub,engine_stop,10,10,0,False,False,0.0,position/h-sl-ft,0.0,False,0.0,0.0,0.2077584483103379
B_elevator_drag_8819410c,development,model,MD11,cruise,10,10,0,False,True,1.0963510390862794,accelerations/pdot-rad_sec2,1.317953352878121,True,1.0,3.0,0.0001999600079984
B_pqrdot_5ad2694c,development,cpp,MD11,cruise,10,10,0,False,True,21.524934504873904,accelerations/pdot-rad_sec2,21.440898575422867,True,1.0,1.0,0.0001999600079984
B_turbine_windmill_2db8e408,development,cpp,MD11,cruise,10,10,0,False,False,0.0,position/h-sl-ft,0.0,False,0.0,0.0,0.0951809638072385
B2_turbine_throttle_init_c8af9244,heldout,cpp,MD11,cruise,10,10,0,False,False,0.0,position/h-sl-ft,0.0,False,0.0,0.0,0.0951809638072385
B2_turbine_thruster_inputs_20066483,heldout,cpp,MD11,cruise,10,10,0,False,False,0.0,position/h-sl-ft,0.0,False,0.0,0.0,0.0951809638072385
B2_wheel_spin_down_8a9fba1c,heldout,cpp,MD11,cruise,10,10,0,False,False,0.0,position/h-sl-ft,0.0,False,0.0,0.0,0.0951809638072385
B2_sensor_fail_stuck_f543d634,heldout,cpp,MD11,cruise,10,10,0,False,False,0.0,position/h-sl-ft,0.0,False,0.0,0.0,0.0951809638072385
B2_atmosphere_high_altitude_61f1e8c3,heldout,cpp,MD11,cruise,10,10,0,False,False,0.0,position/h-sl-ft,0.0,False,0.0,0.0,0.0951809638072385
B2_load_factor_sign_c3fa7d22,heldout,cpp,MD11,cruise,10,10,0,False,False,0.0,position/h-sl-ft,0.0,False,0.0,0.0,0.0951809638072385
B2_propeller_inflow_angle_82cc3893,heldout,cpp,MD11,cruise,10,10,0,False,False,0.0,position/h-sl-ft,0.0,False,0.0,0.0,0.0951809638072385
B2_atmosphere_gradient_fadeout_05b709c8,heldout,cpp,MD11,cruise,10,10,0,False,False,0.0,position/h-sl-ft,0.0,False,0.0,0.0,0.0951809638072385
B_elevator_drag_8819410c,development,model,MD11,throttle_step,10,10,0,False,True,0.0737341730884573,attitude/psi-rad,0.0708845930165749,False,0.0,2.0,0.0143971205758848
B_pqrdot_5ad2694c,development,cpp,MD11,throttle_step,10,10,0,False,True,0.0190934063139963,accelerations/qdot-rad_sec2,0.0180165782927517,False,0.0,0.0,0.0783843231353729
B_turbine_windmill_2db8e408,development,cpp,MD11,throttle_step,10,10,0,False,False,0.0,position/h-sl-ft,0.0,False,0.0,0.0,0.0783843231353729
B2_turbine_throttle_init_c8af9244,heldout,cpp,MD11,throttle_step,10,10,0,False,False,0.0,position/h-sl-ft,0.0,False,0.0,0.0,0.0783843231353729
B2_turbine_thruster_inputs_20066483,heldout,cpp,MD11,throttle_step,10,10,0,False,False,0.0,position/h-sl-ft,0.0,False,0.0,0.0,0.0783843231353729
B2_wheel_spin_down_8a9fba1c,heldout,cpp,MD11,throttle_step,10,10,0,False,False,0.0,position/h-sl-ft,0.0,False,0.0,0.0,0.0783843231353729
B2_sensor_fail_stuck_f543d634,heldout,cpp,MD11,throttle_step,10,10,0,False,False,0.0,position/h-sl-ft,0.0,False,0.0,0.0,0.0783843231353729
B2_atmosphere_high_altitude_61f1e8c3,heldout,cpp,MD11,throttle_step,10,10,0,False,False,0.0,position/h-sl-ft,0.0,False,0.0,0.0,0.0783843231353729
B2_load_factor_sign_c3fa7d22,heldout,cpp,MD11,throttle_step,10,10,0,False,False,0.0,position/h-sl-ft,0.0,False,0.0,0.0,0.0783843231353729
B2_propeller_inflow_angle_82cc3893,heldout,cpp,MD11,throttle_step,10,10,0,False,False,0.0,position/h-sl-ft,0.0,False,0.0,0.0,0.0783843231353729
B2_atmosphere_gradient_fadeout_05b709c8,heldout,cpp,MD11,throttle_step,10,10,0,False,False,0.0,position/h-sl-ft,0.0,False,0.0,0.0,0.0783843231353729
B_elevator_drag_8819410c,development,model,MD11,elev_doublet,10,10,0,False,True,0.456609733248765,accelerations/vdot-ft_sec2,0.3827025343290546,False,0.0,8.0,0.0065986802639472
B_pqrdot_5ad2694c,development,cpp,MD11,elev_doublet,10,10,0,False,True,11.625758962136898,accelerations/pdot-rad_sec2,8.552272111326115,True,1.0,3.0,0.0001999600079984
B_turbine_windmill_2db8e408,development,cpp,MD11,elev_doublet,10,10,0,False,False,0.0,position/h-sl-ft,0.0,False,0.0,2.0,0.013997200559888
B2_turbine_throttle_init_c8af9244,heldout,cpp,MD11,elev_doublet,10,10,0,False,False,0.0,position/h-sl-ft,0.0,False,0.0,2.0,0.013997200559888
B2_turbine_thruster_inputs_20066483,heldout,cpp,MD11,elev_doublet,10,10,0,False,False,0.0,position/h-sl-ft,0.0,False,0.0,2.0,0.013997200559888
B2_wheel_spin_down_8a9fba1c,heldout,cpp,MD11,elev_doublet,10,10,0,False,False,0.0,position/h-sl-ft,0.0,False,0.0,2.0,0.013997200559888
B2_sensor_fail_stuck_f543d634,heldout,cpp,MD11,elev_doublet,10,10,0,False,False,0.0,position/h-sl-ft,0.0,False,0.0,2.0,0.013997200559888
B2_atmosphere_high_altitude_61f1e8c3,heldout,cpp,MD11,elev_doublet,10,10,0,False,False,0.0,position/h-sl-ft,0.0,False,0.0,2.0,0.013997200559888
B2_load_factor_sign_c3fa7d22,heldout,cpp,MD11,elev_doublet,10,10,0,False,False,0.0,position/h-sl-ft,0.0,False,0.0,2.0,0.013997200559888
B2_propeller_inflow_angle_82cc3893,heldout,cpp,MD11,elev_doublet,10,10,0,False,False,0.0,position/h-sl-ft,0.0,False,0.0,2.0,0.013997200559888
B2_atmosphere_gradient_fadeout_05b709c8,heldout,cpp,MD11,elev_doublet,10,10,0,False,False,0.0,position/h-sl-ft,0.0,False,0.0,2.0,0.013997200559888
B_elevator_drag_8819410c,development,model,MD11,elev_step,10,10,0,False,True,0.3139816188174188,accelerations/rdot-rad_sec2,0.268418969446017,False,0.0,8.0,0.0001999600079984
B_pqrdot_5ad2694c,development,cpp,MD11,elev_step,10,10,0,False,True,13.160592264443356,accelerations/pdot-rad_sec2,11.423315157627767,True,2.0,5.0,0.0001999600079984
B_turbine_windmill_2db8e408,development,cpp,MD11,elev_step,10,10,0,False,False,0.0,position/h-sl-ft,0.0,False,0.0,4.0,0.001999600079984
B2_turbine_throttle_init_c8af9244,heldout,cpp,MD11,elev_step,10,10,0,False,False,0.0,position/h-sl-ft,0.0,False,0.0,4.0,0.001999600079984
B2_turbine_thruster_inputs_20066483,heldout,cpp,MD11,elev_step,10,10,0,False,False,0.0,position/h-sl-ft,0.0,False,0.0,4.0,0.001999600079984
B2_wheel_spin_down_8a9fba1c,heldout,cpp,MD11,elev_step,10,10,0,False,False,0.0,position/h-sl-ft,0.0,False,0.0,4.0,0.001999600079984
B2_sensor_fail_stuck_f543d634,heldout,cpp,MD11,elev_step,10,10,0,False,False,0.0,position/h-sl-ft,0.0,False,0.0,4.0,0.001999600079984
B2_atmosphere_high_altitude_61f1e8c3,heldout,cpp,MD11,elev_step,10,10,0,False,False,0.0,position/h-sl-ft,0.0,False,0.0,4.0,0.001999600079984
B2_load_factor_sign_c3fa7d22,heldout,cpp,MD11,elev_step,10,10,0,False,False,0.0,position/h-sl-ft,0.0,False,0.0,4.0,0.001999600079984
B2_propeller_inflow_angle_82cc3893,heldout,cpp,MD11,elev_step,10,10,0,False,False,0.0,position/h-sl-ft,0.0,False,0.0,4.0,0.001999600079984
B2_atmosphere_gradient_fadeout_05b709c8,heldout,cpp,MD11,elev_step,10,10,0,False,False,0.0,position/h-sl-ft,0.0,False,0.0,4.0,0.001999600079984
B_elevator_drag_8819410c,development,model,MD11,aileron_step,10,10,0,False,True,0.0071870443791731,accelerations/udot-ft_sec2,0.0049273714457113,False,0.0,3.0,0.0003999200159968
B_pqrdot_5ad2694c,development,cpp,MD11,aileron_step,10,10,0,False,True,0.0253602769245087,accelerations/qdot-rad_sec2,0.0234920379638356,False,0.0,0.0,0.0581883623275344
B_turbine_windmill_2db8e408,development,cpp,MD11,aileron_step,10,10,0,False,False,0.0,position/h-sl-ft,0.0,False,0.0,0.0,0.0581883623275344
B2_turbine_throttle_init_c8af9244,heldout,cpp,MD11,aileron_step,10,10,0,False,False,0.0,position/h-sl-ft,0.0,False,0.0,0.0,0.0581883623275344
B2_turbine_thruster_inputs_20066483,heldout,cpp,MD11,aileron_step,10,10,0,False,False,0.0,position/h-sl-ft,0.0,False,0.0,0.0,0.0581883623275344
B2_wheel_spin_down_8a9fba1c,heldout,cpp,MD11,aileron_step,10,10,0,False,False,0.0,position/h-sl-ft,0.0,False,0.0,0.0,0.0581883623275344
B2_sensor_fail_stuck_f543d634,heldout,cpp,MD11,aileron_step,10,10,0,False,False,0.0,position/h-sl-ft,0.0,False,0.0,0.0,0.0581883623275344
B2_atmosphere_high_altitude_61f1e8c3,heldout,cpp,MD11,aileron_step,10,10,0,False,False,0.0,position/h-sl-ft,0.0,False,0.0,0.0,0.0581883623275344
B2_load_factor_sign_c3fa7d22,heldout,cpp,MD11,aileron_step,10,10,0,False,False,0.0,position/h-sl-ft,0.0,False,0.0,0.0,0.0581883623275344
B2_propeller_inflow_angle_82cc3893,heldout,cpp,MD11,aileron_step,10,10,0,False,False,0.0,position/h-sl-ft,0.0,False,0.0,0.0,0.0581883623275344
B2_atmosphere_gradient_fadeout_05b709c8,heldout,cpp,MD11,aileron_step,10,10,0,False,False,0.0,position/h-sl-ft,0.0,False,0.0,0.0,0.0581883623275344
B_elevator_drag_8819410c,development,model,MD11,rudder_doublet,10,10,0,False,True,0.0061329823421844,velocities/h-dot-fps,0.0067105901670456,False,0.0,3.0,0.0031993601279744
B_pqrdot_5ad2694c,development,cpp,MD11,rudder_doublet,10,10,0,False,True,0.0016751968879238,accelerations/qdot-rad_sec2,0.0031445634039405,False,0.0,1.0,0.041991601679664
B_turbine_windmill_2db8e408,development,cpp,MD11,rudder_doublet,10,10,0,False,False,0.0,position/h-sl-ft,0.0,False,0.0,1.0,0.041991601679664
B2_turbine_throttle_init_c8af9244,heldout,cpp,MD11,rudder_doublet,10,10,0,False,False,0.0,position/h-sl-ft,0.0,False,0.0,1.0,0.041991601679664
B2_turbine_thruster_inputs_20066483,heldout,cpp,MD11,rudder_doublet,10,10,0,False,False,0.0,position/h-sl-ft,0.0,False,0.0,1.0,0.041991601679664
B2_wheel_spin_down_8a9fba1c,heldout,cpp,MD11,rudder_doublet,10,10,0,False,False,0.0,position/h-sl-ft,0.0,False,0.0,1.0,0.041991601679664
B2_sensor_fail_stuck_f543d634,heldout,cpp,MD11,rudder_doublet,10,10,0,False,False,0.0,position/h-sl-ft,0.0,False,0.0,1.0,0.041991601679664
B2_atmosphere_high_altitude_61f1e8c3,heldout,cpp,MD11,rudder_doublet,10,10,0,False,False,0.0,position/h-sl-ft,0.0,False,0.0,1.0,0.041991601679664
B2_load_factor_sign_c3fa7d22,heldout,cpp,MD11,rudder_doublet,10,10,0,False,False,0.0,position/h-sl-ft,0.0,False,0.0,1.0,0.041991601679664
B2_propeller_inflow_angle_82cc3893,heldout,cpp,MD11,rudder_doublet,10,10,0,False,False,0.0,position/h-sl-ft,0.0,False,0.0,1.0,0.041991601679664
B2_atmosphere_gradient_fadeout_05b709c8,heldout,cpp,MD11,rudder_doublet,10,10,0,False,False,0.0,position/h-sl-ft,0.0,False,0.0,1.0,0.041991601679664
B_elevator_drag_8819410c,development,model,MD11,bank_hold,10,10,0,False,True,0.0079076458061275,accelerations/udot-ft_sec2,0.0080014065473935,False,0.0,3.0,0.0001999600079984
B_pqrdot_5ad2694c,development,cpp,MD11,bank_hold,10,10,0,False,True,0.0304021311753347,accelerations/qdot-rad_sec2,0.0300620966726429,False,0.0,0.0,0.2183563287342531
B_turbine_windmill_2db8e408,development,cpp,MD11,bank_hold,10,10,0,False,False,0.0,position/h-sl-ft,0.0,False,0.0,0.0,0.2183563287342531
B2_turbine_throttle_init_c8af9244,heldout,cpp,MD11,bank_hold,10,10,0,False,False,0.0,position/h-sl-ft,0.0,False,0.0,0.0,0.2183563287342531
B2_turbine_thruster_inputs_20066483,heldout,cpp,MD11,bank_hold,10,10,0,False,False,0.0,position/h-sl-ft,0.0,False,0.0,0.0,0.2183563287342531
B2_wheel_spin_down_8a9fba1c,heldout,cpp,MD11,bank_hold,10,10,0,False,False,0.0,position/h-sl-ft,0.0,False,0.0,0.0,0.2183563287342531
B2_sensor_fail_stuck_f543d634,heldout,cpp,MD11,bank_hold,10,10,0,False,False,0.0,position/h-sl-ft,0.0,False,0.0,0.0,0.2183563287342531
B2_atmosphere_high_altitude_61f1e8c3,heldout,cpp,MD11,bank_hold,10,10,0,False,False,0.0,position/h-sl-ft,0.0,False,0.0,0.0,0.2183563287342531
B2_load_factor_sign_c3fa7d22,heldout,cpp,MD11,bank_hold,10,10,0,False,False,0.0,position/h-sl-ft,0.0,False,0.0,0.0,0.2183563287342531
B2_propeller_inflow_angle_82cc3893,heldout,cpp,MD11,bank_hold,10,10,0,False,False,0.0,position/h-sl-ft,0.0,False,0.0,0.0,0.2183563287342531
B2_atmosphere_gradient_fadeout_05b709c8,heldout,cpp,MD11,bank_hold,10,10,0,False,False,0.0,position/h-sl-ft,0.0,False,0.0,0.0,0.2183563287342531
B_elevator_drag_8819410c,development,model,MD11,flap_extend,10,10,0,False,True,0.0308986979969881,accelerations/rdot-rad_sec2,0.0749900061746263,False,0.0,1.0,0.0453909218156368
B_pqrdot_5ad2694c,development,cpp,MD11,flap_extend,10,10,0,False,True,0.1489375720326926,accelerations/rdot-rad_sec2,0.1377449520270828,False,0.0,2.0,0.0075984803039392
B_turbine_windmill_2db8e408,development,cpp,MD11,flap_extend,10,10,0,False,False,0.0,position/h-sl-ft,0.0,False,0.0,0.0,0.0545890821835632
B2_turbine_throttle_init_c8af9244,heldout,cpp,MD11,flap_extend,10,10,0,False,False,0.0,position/h-sl-ft,0.0,False,0.0,0.0,0.0545890821835632
B2_turbine_thruster_inputs_20066483,heldout,cpp,MD11,flap_extend,10,10,0,False,False,0.0,position/h-sl-ft,0.0,False,0.0,0.0,0.0545890821835632
B2_wheel_spin_down_8a9fba1c,heldout,cpp,MD11,flap_extend,10,10,0,False,False,0.0,position/h-sl-ft,0.0,False,0.0,0.0,0.0545890821835632
B2_sensor_fail_stuck_f543d634,heldout,cpp,MD11,flap_extend,10,10,0,False,False,0.0,position/h-sl-ft,0.0,False,0.0,0.0,0.0545890821835632
B2_atmosphere_high_altitude_61f1e8c3,heldout,cpp,MD11,flap_extend,10,10,0,False,False,0.0,position/h-sl-ft,0.0,False,0.0,0.0,0.0545890821835632
B2_load_factor_sign_c3fa7d22,heldout,cpp,MD11,flap_extend,10,10,0,False,False,0.0,position/h-sl-ft,0.0,False,0.0,0.0,0.0545890821835632
B2_propeller_inflow_angle_82cc3893,heldout,cpp,MD11,flap_extend,10,10,0,False,False,0.0,position/h-sl-ft,0.0,False,0.0,0.0,0.0545890821835632
B2_atmosphere_gradient_fadeout_05b709c8,heldout,cpp,MD11,flap_extend,10,10,0,False,False,0.0,position/h-sl-ft,0.0,False,0.0,0.0,0.0545890821835632
B_elevator_drag_8819410c,development,model,MD11,engine_cut,10,10,0,False,True,0.6793143748622826,attitude/psi-rad,0.5937480980463666,False,0.0,11.0,0.0001999600079984
B_pqrdot_5ad2694c,development,cpp,MD11,engine_cut,10,10,0,False,True,0.0398493290774142,accelerations/qdot-rad_sec2,0.0416769785896182,False,0.0,0.0,0.1775644871025795
B_turbine_windmill_2db8e408,development,cpp,MD11,engine_cut,10,10,0,False,False,0.0,position/h-sl-ft,0.0,False,0.0,0.0,0.1775644871025795
B2_turbine_throttle_init_c8af9244,heldout,cpp,MD11,engine_cut,10,10,0,False,False,0.0,position/h-sl-ft,0.0,False,0.0,0.0,0.1775644871025795
B2_turbine_thruster_inputs_20066483,heldout,cpp,MD11,engine_cut,10,10,0,False,False,0.0,position/h-sl-ft,0.0,False,0.0,0.0,0.1775644871025795
B2_wheel_spin_down_8a9fba1c,heldout,cpp,MD11,engine_cut,10,10,0,False,False,0.0,position/h-sl-ft,0.0,False,0.0,0.0,0.1775644871025795
B2_sensor_fail_stuck_f543d634,heldout,cpp,MD11,engine_cut,10,10,0,False,False,0.0,position/h-sl-ft,0.0,False,0.0,0.0,0.1775644871025795
B2_atmosphere_high_altitude_61f1e8c3,heldout,cpp,MD11,engine_cut,10,10,0,False,False,0.0,position/h-sl-ft,0.0,False,0.0,0.0,0.1775644871025795
B2_load_factor_sign_c3fa7d22,heldout,cpp,MD11,engine_cut,10,10,0,False,False,0.0,position/h-sl-ft,0.0,False,0.0,0.0,0.1775644871025795
B2_propeller_inflow_angle_82cc3893,heldout,cpp,MD11,engine_cut,10,10,0,False,False,0.0,position/h-sl-ft,0.0,False,0.0,0.0,0.1775644871025795
B2_atmosphere_gradient_fadeout_05b709c8,heldout,cpp,MD11,engine_cut,10,10,0,False,False,0.0,position/h-sl-ft,0.0,False,0.0,0.0,0.1775644871025795
B_elevator_drag_8819410c,development,model,MD11,climbing_turn,10,10,0,False,True,0.3983006832317382,accelerations/udot-ft_sec2,0.4037345597717509,False,0.0,0.0,0.0533893221355728
B_pqrdot_5ad2694c,development,cpp,MD11,climbing_turn,10,10,0,False,True,0.0114807087871966,accelerations/rdot-rad_sec2,0.0115049000644717,False,0.0,1.0,0.0047990401919616
B_turbine_windmill_2db8e408,development,cpp,MD11,climbing_turn,10,10,0,False,False,0.0,position/h-sl-ft,0.0,False,0.0,1.0,0.0047990401919616
B2_turbine_throttle_init_c8af9244,heldout,cpp,MD11,climbing_turn,10,10,0,False,False,0.0,position/h-sl-ft,0.0,False,0.0,1.0,0.0047990401919616
B2_turbine_thruster_inputs_20066483,heldout,cpp,MD11,climbing_turn,10,10,0,False,False,0.0,position/h-sl-ft,0.0,False,0.0,1.0,0.0047990401919616
B2_wheel_spin_down_8a9fba1c,heldout,cpp,MD11,climbing_turn,10,10,0,False,False,0.0,position/h-sl-ft,0.0,False,0.0,1.0,0.0047990401919616
B2_sensor_fail_stuck_f543d634,heldout,cpp,MD11,climbing_turn,10,10,0,False,False,0.0,position/h-sl-ft,0.0,False,0.0,1.0,0.0047990401919616
B2_atmosphere_high_altitude_61f1e8c3,heldout,cpp,MD11,climbing_turn,10,10,0,False,False,0.0,position/h-sl-ft,0.0,False,0.0,1.0,0.0047990401919616
B2_load_factor_sign_c3fa7d22,heldout,cpp,MD11,climbing_turn,10,10,0,False,False,0.0,position/h-sl-ft,0.0,False,0.0,1.0,0.0047990401919616
B2_propeller_inflow_angle_82cc3893,heldout,cpp,MD11,climbing_turn,10,10,0,False,False,0.0,position/h-sl-ft,0.0,False,0.0,1.0,0.0047990401919616
B2_atmosphere_gradient_fadeout_05b709c8,heldout,cpp,MD11,climbing_turn,10,10,0,False,False,0.0,position/h-sl-ft,0.0,False,0.0,1.0,0.0047990401919616
B_elevator_drag_8819410c,development,model,MD11,elev_doublet_distractor,10,10,0,False,True,0.2245655809293289,accelerations/udot-ft_sec2,0.216229660034871,False,0.0,4.0,0.0291941611677664
B_pqrdot_5ad2694c,development,cpp,MD11,elev_doublet_distractor,10,10,0,False,True,0.0009152946530623,accelerations/rdot-rad_sec2,0.0008018917520527,False,0.0,3.0,0.0311937612477504
B_turbine_windmill_2db8e408,development,cpp,MD11,elev_doublet_distractor,10,10,0,False,False,0.0,position/h-sl-ft,0.0,False,0.0,3.0,0.0311937612477504
B2_turbine_throttle_init_c8af9244,heldout,cpp,MD11,elev_doublet_distractor,10,10,0,False,False,0.0,position/h-sl-ft,0.0,False,0.0,3.0,0.0311937612477504
B2_turbine_thruster_inputs_20066483,heldout,cpp,MD11,elev_doublet_distractor,10,10,0,False,False,0.0,position/h-sl-ft,0.0,False,0.0,3.0,0.0311937612477504
B2_wheel_spin_down_8a9fba1c,heldout,cpp,MD11,elev_doublet_distractor,10,10,0,False,False,0.0,position/h-sl-ft,0.0,False,0.0,3.0,0.0311937612477504
B2_sensor_fail_stuck_f543d634,heldout,cpp,MD11,elev_doublet_distractor,10,10,0,False,False,0.0,position/h-sl-ft,0.0,False,0.0,3.0,0.0311937612477504
B2_atmosphere_high_altitude_61f1e8c3,heldout,cpp,MD11,elev_doublet_distractor,10,10,0,False,False,0.0,position/h-sl-ft,0.0,False,0.0,3.0,0.0311937612477504
B2_load_factor_sign_c3fa7d22,heldout,cpp,MD11,elev_doublet_distractor,10,10,0,False,False,0.0,position/h-sl-ft,0.0,False,0.0,3.0,0.0311937612477504
B2_propeller_inflow_angle_82cc3893,heldout,cpp,MD11,elev_doublet_distractor,10,10,0,False,False,0.0,position/h-sl-ft,0.0,False,0.0,3.0,0.0311937612477504
B2_atmosphere_gradient_fadeout_05b709c8,heldout,cpp,MD11,elev_doublet_distractor,10,10,0,False,False,0.0,position/h-sl-ft,0.0,False,0.0,3.0,0.0311937612477504
B_elevator_drag_8819410c,development,model,MD11,engine_restart,10,10,0,False,True,1.2594145807467625,attitude/psi-rad,1.1074292872813665,True,1.0,14.0,0.0001999600079984
B_pqrdot_5ad2694c,development,cpp,MD11,engine_restart,10,10,0,False,True,0.0323956955550172,accelerations/qdot-rad_sec2,0.0330296377172165,False,0.0,0.0,0.2297540491901619
B_turbine_windmill_2db8e408,development,cpp,MD11,engine_restart,10,10,0,False,True,11.643193297084748,velocities/r-rad_sec,11.973507887027306,True,15.0,20.0,0.0001999600079984
B2_turbine_throttle_init_c8af9244,heldout,cpp,MD11,engine_restart,10,10,0,False,False,0.0,position/h-sl-ft,0.0,False,0.0,0.0,0.2299540091981603
B2_turbine_thruster_inputs_20066483,heldout,cpp,MD11,engine_restart,10,10,0,False,False,0.0,position/h-sl-ft,0.0,False,0.0,0.0,0.2299540091981603
B2_wheel_spin_down_8a9fba1c,heldout,cpp,MD11,engine_restart,10,10,0,False,False,0.0,position/h-sl-ft,0.0,False,0.0,0.0,0.2299540091981603
B2_sensor_fail_stuck_f543d634,heldout,cpp,MD11,engine_restart,10,10,0,False,False,0.0,position/h-sl-ft,0.0,False,0.0,0.0,0.2299540091981603
B2_atmosphere_high_altitude_61f1e8c3,heldout,cpp,MD11,engine_restart,10,10,0,False,False,0.0,position/h-sl-ft,0.0,False,0.0,0.0,0.2299540091981603
B2_load_factor_sign_c3fa7d22,heldout,cpp,MD11,engine_restart,10,10,0,False,False,0.0,position/h-sl-ft,0.0,False,0.0,0.0,0.2299540091981603
B2_propeller_inflow_angle_82cc3893,heldout,cpp,MD11,engine_restart,10,10,0,False,False,0.0,position/h-sl-ft,0.0,False,0.0,0.0,0.2299540091981603
B2_atmosphere_gradient_fadeout_05b709c8,heldout,cpp,MD11,engine_restart,10,10,0,False,False,0.0,position/h-sl-ft,0.0,False,0.0,0.0,0.2299540091981603
B_elevator_drag_8819410c,development,model,OV10,cruise,10,10,0,False,True,0.1456453726100301,accelerations/qdot-rad_sec2,1.213888922897217,True,1.0,0.0,0.2741451709658068
B_pqrdot_5ad2694c,development,cpp,OV10,cruise,10,10,0,False,True,25.235069814562436,accelerations/pdot-rad_sec2,26.09026226547178,True,1.0,0.0,0.3193361327734453
B2_turbine_throttle_init_c8af9244,heldout,cpp,OV10,cruise,10,10,0,False,False,0.0,position/h-sl-ft,0.0,False,0.0,0.0,0.4323135372925415
B2_turbine_thruster_inputs_20066483,heldout,cpp,OV10,cruise,10,10,0,False,False,0.0,position/h-sl-ft,0.0,False,0.0,0.0,0.4323135372925415
B2_wheel_spin_down_8a9fba1c,heldout,cpp,OV10,cruise,10,10,0,False,False,0.0,position/h-sl-ft,0.0,False,0.0,0.0,0.4323135372925415
B2_sensor_fail_stuck_f543d634,heldout,cpp,OV10,cruise,10,10,0,False,False,0.0,position/h-sl-ft,0.0,False,0.0,0.0,0.4323135372925415
B2_atmosphere_high_altitude_61f1e8c3,heldout,cpp,OV10,cruise,10,10,0,False,False,0.0,position/h-sl-ft,0.0,False,0.0,0.0,0.4323135372925415
B2_load_factor_sign_c3fa7d22,heldout,cpp,OV10,cruise,10,10,0,False,False,0.0,position/h-sl-ft,0.0,False,0.0,0.0,0.4323135372925415
B2_propeller_inflow_angle_82cc3893,heldout,cpp,OV10,cruise,10,10,0,False,False,0.0,position/h-sl-ft,0.0,False,0.0,0.0,0.4323135372925415
B2_atmosphere_gradient_fadeout_05b709c8,heldout,cpp,OV10,cruise,10,10,0,False,False,0.0,position/h-sl-ft,0.0,False,0.0,0.0,0.4323135372925415
B_elevator_drag_8819410c,development,model,OV10,throttle_step,10,10,0,False,True,0.0487175743517298,attitude/phi-rad,0.1313676161267843,False,0.0,0.0,0.1211757648470305
B_pqrdot_5ad2694c,development,cpp,OV10,throttle_step,10,10,0,False,True,0.0034515351244554,accelerations/qdot-rad_sec2,0.0049504828668278,False,0.0,0.0,0.2999400119976004
B2_turbine_throttle_init_c8af9244,heldout,cpp,OV10,throttle_step,10,10,0,False,False,0.0,position/h-sl-ft,0.0,False,0.0,0.0,0.2999400119976004
B2_turbine_thruster_inputs_20066483,heldout,cpp,OV10,throttle_step,10,10,0,False,False,0.0,position/h-sl-ft,0.0,False,0.0,0.0,0.2999400119976004
B2_wheel_spin_down_8a9fba1c,heldout,cpp,OV10,throttle_step,10,10,0,False,False,0.0,position/h-sl-ft,0.0,False,0.0,0.0,0.2999400119976004
B2_sensor_fail_stuck_f543d634,heldout,cpp,OV10,throttle_step,10,10,0,False,False,0.0,position/h-sl-ft,0.0,False,0.0,0.0,0.2999400119976004
B2_atmosphere_high_altitude_61f1e8c3,heldout,cpp,OV10,throttle_step,10,10,0,False,False,0.0,position/h-sl-ft,0.0,False,0.0,0.0,0.2999400119976004
B2_load_factor_sign_c3fa7d22,heldout,cpp,OV10,throttle_step,10,10,0,False,False,0.0,position/h-sl-ft,0.0,False,0.0,0.0,0.2999400119976004
B2_propeller_inflow_angle_82cc3893,heldout,cpp,OV10,throttle_step,10,10,0,False,False,0.0,position/h-sl-ft,0.0,False,0.0,0.0,0.2999400119976004
B2_atmosphere_gradient_fadeout_05b709c8,heldout,cpp,OV10,throttle_step,10,10,0,False,False,0.0,position/h-sl-ft,0.0,False,0.0,0.0,0.2999400119976004
B_elevator_drag_8819410c,development,model,OV10,elev_doublet,10,10,0,False,True,0.7166257302806002,accelerations/vdot-ft_sec2,1.067645851115802,True,1.0,0.0,0.0691861627674465
B_pqrdot_5ad2694c,development,cpp,OV10,elev_doublet,10,10,0,False,True,22.29132100167166,accelerations/pdot-rad_sec2,24.552993636795332,True,1.0,1.0,0.0001999600079984
B2_turbine_throttle_init_c8af9244,heldout,cpp,OV10,elev_doublet,10,10,0,False,False,0.0,position/h-sl-ft,0.0,False,0.0,0.0,0.1933613277344531
B2_turbine_thruster_inputs_20066483,heldout,cpp,OV10,elev_doublet,10,10,0,False,False,0.0,position/h-sl-ft,0.0,False,0.0,0.0,0.1933613277344531
B2_wheel_spin_down_8a9fba1c,heldout,cpp,OV10,elev_doublet,10,10,0,False,False,0.0,position/h-sl-ft,0.0,False,0.0,0.0,0.1933613277344531
B2_sensor_fail_stuck_f543d634,heldout,cpp,OV10,elev_doublet,10,10,0,False,False,0.0,position/h-sl-ft,0.0,False,0.0,0.0,0.1933613277344531
B2_atmosphere_high_altitude_61f1e8c3,heldout,cpp,OV10,elev_doublet,10,10,0,False,False,0.0,position/h-sl-ft,0.0,False,0.0,0.0,0.1933613277344531
B2_load_factor_sign_c3fa7d22,heldout,cpp,OV10,elev_doublet,10,10,0,False,False,0.0,position/h-sl-ft,0.0,False,0.0,0.0,0.1933613277344531
B2_propeller_inflow_angle_82cc3893,heldout,cpp,OV10,elev_doublet,10,10,0,False,False,0.0,position/h-sl-ft,0.0,False,0.0,0.0,0.1933613277344531
B2_atmosphere_gradient_fadeout_05b709c8,heldout,cpp,OV10,elev_doublet,10,10,0,False,False,0.0,position/h-sl-ft,0.0,False,0.0,0.0,0.1933613277344531
B_elevator_drag_8819410c,development,model,OV10,elev_step,10,10,0,False,True,0.4187074215041438,accelerations/udot-ft_sec2,0.3589912503624569,False,0.0,5.0,0.0151969606078784
B_pqrdot_5ad2694c,development,cpp,OV10,elev_step,10,10,0,False,True,17.150024367630966,accelerations/pdot-rad_sec2,15.2663395476665,True,2.0,5.0,0.0001999600079984
B2_turbine_throttle_init_c8af9244,heldout,cpp,OV10,elev_step,10,10,0,False,False,0.0,position/h-sl-ft,0.0,False,0.0,4.0,0.007998400319936
B2_turbine_thruster_inputs_20066483,heldout,cpp,OV10,elev_step,10,10,0,False,False,0.0,position/h-sl-ft,0.0,False,0.0,4.0,0.007998400319936
B2_wheel_spin_down_8a9fba1c,heldout,cpp,OV10,elev_step,10,10,0,False,False,0.0,position/h-sl-ft,0.0,False,0.0,4.0,0.007998400319936
B2_sensor_fail_stuck_f543d634,heldout,cpp,OV10,elev_step,10,10,0,False,False,0.0,position/h-sl-ft,0.0,False,0.0,4.0,0.007998400319936
B2_atmosphere_high_altitude_61f1e8c3,heldout,cpp,OV10,elev_step,10,10,0,False,False,0.0,position/h-sl-ft,0.0,False,0.0,4.0,0.007998400319936
B2_load_factor_sign_c3fa7d22,heldout,cpp,OV10,elev_step,10,10,0,False,False,0.0,position/h-sl-ft,0.0,False,0.0,4.0,0.007998400319936
B2_propeller_inflow_angle_82cc3893,heldout,cpp,OV10,elev_step,10,10,0,False,False,0.0,position/h-sl-ft,0.0,False,0.0,4.0,0.007998400319936
B2_atmosphere_gradient_fadeout_05b709c8,heldout,cpp,OV10,elev_step,10,10,0,False,False,0.0,position/h-sl-ft,0.0,False,0.0,4.0,0.007998400319936
B_elevator_drag_8819410c,development,model,OV10,aileron_step,10,10,0,False,True,0.0167623009770444,accelerations/udot-ft_sec2,0.0080552188494584,False,0.0,15.0,0.0015996800639872
B_pqrdot_5ad2694c,development,cpp,OV10,aileron_step,10,10,0,False,True,0.0097832821209501,accelerations/qdot-rad_sec2,0.0098018180109297,False,0.0,16.0,0.002999400119976
B2_turbine_throttle_init_c8af9244,heldout,cpp,OV10,aileron_step,10,10,0,False,False,0.0,position/h-sl-ft,0.0,False,0.0,16.0,0.002999400119976
B2_turbine_thruster_inputs_20066483,heldout,cpp,OV10,aileron_step,10,10,0,False,False,0.0,position/h-sl-ft,0.0,False,0.0,16.0,0.002999400119976
B2_wheel_spin_down_8a9fba1c,heldout,cpp,OV10,aileron_step,10,10,0,False,False,0.0,position/h-sl-ft,0.0,False,0.0,16.0,0.002999400119976
B2_sensor_fail_stuck_f543d634,heldout,cpp,OV10,aileron_step,10,10,0,False,False,0.0,position/h-sl-ft,0.0,False,0.0,16.0,0.002999400119976
B2_atmosphere_high_altitude_61f1e8c3,heldout,cpp,OV10,aileron_step,10,10,0,False,False,0.0,position/h-sl-ft,0.0,False,0.0,16.0,0.002999400119976
B2_load_factor_sign_c3fa7d22,heldout,cpp,OV10,aileron_step,10,10,0,False,False,0.0,position/h-sl-ft,0.0,False,0.0,16.0,0.002999400119976
B2_propeller_inflow_angle_82cc3893,heldout,cpp,OV10,aileron_step,10,10,0,False,False,0.0,position/h-sl-ft,0.0,False,0.0,16.0,0.002999400119976
B2_atmosphere_gradient_fadeout_05b709c8,heldout,cpp,OV10,aileron_step,10,10,0,False,False,0.0,position/h-sl-ft,0.0,False,0.0,16.0,0.002999400119976
B_elevator_drag_8819410c,development,model,OV10,rudder_doublet,10,10,0,False,True,0.0160311323554014,velocities/h-dot-fps,0.0066647850995187,False,0.0,0.0,0.0935812837432513
B_pqrdot_5ad2694c,development,cpp,OV10,rudder_doublet,10,10,0,False,True,0.000971617002454,accelerations/qdot-rad_sec2,0.0009838108989174,False,0.0,0.0,0.3319336132773445
B2_turbine_throttle_init_c8af9244,heldout,cpp,OV10,rudder_doublet,10,10,0,False,False,0.0,position/h-sl-ft,0.0,False,0.0,0.0,0.3319336132773445
B2_turbine_thruster_inputs_20066483,heldout,cpp,OV10,rudder_doublet,10,10,0,False,False,0.0,position/h-sl-ft,0.0,False,0.0,0.0,0.3319336132773445
B2_wheel_spin_down_8a9fba1c,heldout,cpp,OV10,rudder_doublet,10,10,0,False,False,0.0,position/h-sl-ft,0.0,False,0.0,0.0,0.3319336132773445
B2_sensor_fail_stuck_f543d634,heldout,cpp,OV10,rudder_doublet,10,10,0,False,False,0.0,position/h-sl-ft,0.0,False,0.0,0.0,0.3319336132773445
B2_atmosphere_high_altitude_61f1e8c3,heldout,cpp,OV10,rudder_doublet,10,10,0,False,False,0.0,position/h-sl-ft,0.0,False,0.0,0.0,0.3319336132773445
B2_load_factor_sign_c3fa7d22,heldout,cpp,OV10,rudder_doublet,10,10,0,False,False,0.0,position/h-sl-ft,0.0,False,0.0,0.0,0.3319336132773445
B2_propeller_inflow_angle_82cc3893,heldout,cpp,OV10,rudder_doublet,10,10,0,False,False,0.0,position/h-sl-ft,0.0,False,0.0,0.0,0.3319336132773445
B2_atmosphere_gradient_fadeout_05b709c8,heldout,cpp,OV10,rudder_doublet,10,10,0,False,False,0.0,position/h-sl-ft,0.0,False,0.0,0.0,0.3319336132773445
B_elevator_drag_8819410c,development,model,OV10,bank_hold,10,10,0,False,True,0.0081207113984595,velocities/vt-fps,0.0070620164802406,False,0.0,2.0,0.0057988402319536
B_pqrdot_5ad2694c,development,cpp,OV10,bank_hold,10,10,0,False,True,0.0120376986568965,accelerations/qdot-rad_sec2,0.0101312708663793,False,0.0,0.0,0.0961807638472305
B2_turbine_throttle_init_c8af9244,heldout,cpp,OV10,bank_hold,10,10,0,False,False,0.0,position/h-sl-ft,0.0,False,0.0,0.0,0.0961807638472305
B2_turbine_thruster_inputs_20066483,heldout,cpp,OV10,bank_hold,10,10,0,False,False,0.0,position/h-sl-ft,0.0,False,0.0,0.0,0.0961807638472305
B2_wheel_spin_down_8a9fba1c,heldout,cpp,OV10,bank_hold,10,10,0,False,False,0.0,position/h-sl-ft,0.0,False,0.0,0.0,0.0961807638472305
B2_sensor_fail_stuck_f543d634,heldout,cpp,OV10,bank_hold,10,10,0,False,False,0.0,position/h-sl-ft,0.0,False,0.0,0.0,0.0961807638472305
B2_atmosphere_high_altitude_61f1e8c3,heldout,cpp,OV10,bank_hold,10,10,0,False,False,0.0,position/h-sl-ft,0.0,False,0.0,0.0,0.0961807638472305
B2_load_factor_sign_c3fa7d22,heldout,cpp,OV10,bank_hold,10,10,0,False,False,0.0,position/h-sl-ft,0.0,False,0.0,0.0,0.0961807638472305
B2_propeller_inflow_angle_82cc3893,heldout,cpp,OV10,bank_hold,10,10,0,False,False,0.0,position/h-sl-ft,0.0,False,0.0,0.0,0.0961807638472305
B2_atmosphere_gradient_fadeout_05b709c8,heldout,cpp,OV10,bank_hold,10,10,0,False,False,0.0,position/h-sl-ft,0.0,False,0.0,0.0,0.0961807638472305
B_elevator_drag_8819410c,development,model,OV10,flap_extend,10,10,0,False,True,0.0063023746098772,aero/alpha-deg,0.006991425888361,False,0.0,4.0,0.0143971205758848
B_pqrdot_5ad2694c,development,cpp,OV10,flap_extend,10,10,0,False,True,2.9934410388444865,accelerations/pdot-rad_sec2,3.2547673185399346,True,1.0,6.0,0.0001999600079984
B2_turbine_throttle_init_c8af9244,heldout,cpp,OV10,flap_extend,10,10,0,False,False,0.0,position/h-sl-ft,0.0,False,0.0,4.0,0.0171965606878624
B2_turbine_thruster_inputs_20066483,heldout,cpp,OV10,flap_extend,10,10,0,False,False,0.0,position/h-sl-ft,0.0,False,0.0,4.0,0.0171965606878624
B2_wheel_spin_down_8a9fba1c,heldout,cpp,OV10,flap_extend,10,10,0,False,False,0.0,position/h-sl-ft,0.0,False,0.0,4.0,0.0171965606878624
B2_sensor_fail_stuck_f543d634,heldout,cpp,OV10,flap_extend,10,10,0,False,False,0.0,position/h-sl-ft,0.0,False,0.0,4.0,0.0171965606878624
B2_atmosphere_high_altitude_61f1e8c3,heldout,cpp,OV10,flap_extend,10,10,0,False,False,0.0,position/h-sl-ft,0.0,False,0.0,4.0,0.0171965606878624
B2_load_factor_sign_c3fa7d22,heldout,cpp,OV10,flap_extend,10,10,0,False,False,0.0,position/h-sl-ft,0.0,False,0.0,4.0,0.0171965606878624
B2_propeller_inflow_angle_82cc3893,heldout,cpp,OV10,flap_extend,10,10,0,False,False,0.0,position/h-sl-ft,0.0,False,0.0,4.0,0.0171965606878624
B2_atmosphere_gradient_fadeout_05b709c8,heldout,cpp,OV10,flap_extend,10,10,0,False,False,0.0,position/h-sl-ft,0.0,False,0.0,4.0,0.0171965606878624
B_elevator_drag_8819410c,development,model,OV10,engine_cut,10,10,0,False,True,0.0814340432987851,attitude/psi-rad,0.0570096169262794,False,0.0,2.0,0.0451909618076384
B_pqrdot_5ad2694c,development,cpp,OV10,engine_cut,10,10,0,False,True,0.0016736919684858,accelerations/qdot-rad_sec2,0.0016646586457925,False,0.0,0.0,0.0571885622875424
B2_turbine_throttle_init_c8af9244,heldout,cpp,OV10,engine_cut,10,10,0,False,False,0.0,position/h-sl-ft,0.0,False,0.0,0.0,0.0571885622875424
B2_turbine_thruster_inputs_20066483,heldout,cpp,OV10,engine_cut,10,10,0,False,False,0.0,position/h-sl-ft,0.0,False,0.0,0.0,0.0571885622875424
B2_wheel_spin_down_8a9fba1c,heldout,cpp,OV10,engine_cut,10,10,0,False,False,0.0,position/h-sl-ft,0.0,False,0.0,0.0,0.0571885622875424
B2_sensor_fail_stuck_f543d634,heldout,cpp,OV10,engine_cut,10,10,0,False,False,0.0,position/h-sl-ft,0.0,False,0.0,0.0,0.0571885622875424
B2_atmosphere_high_altitude_61f1e8c3,heldout,cpp,OV10,engine_cut,10,10,0,False,False,0.0,position/h-sl-ft,0.0,False,0.0,0.0,0.0571885622875424
B2_load_factor_sign_c3fa7d22,heldout,cpp,OV10,engine_cut,10,10,0,False,False,0.0,position/h-sl-ft,0.0,False,0.0,0.0,0.0571885622875424
B2_propeller_inflow_angle_82cc3893,heldout,cpp,OV10,engine_cut,10,10,0,False,False,0.0,position/h-sl-ft,0.0,False,0.0,0.0,0.0571885622875424
B2_atmosphere_gradient_fadeout_05b709c8,heldout,cpp,OV10,engine_cut,10,10,0,False,False,0.0,position/h-sl-ft,0.0,False,0.0,0.0,0.0571885622875424
B_elevator_drag_8819410c,development,model,OV10,elev_doublet_distractor,10,10,0,False,True,0.1686744942386588,accelerations/udot-ft_sec2,0.1583016474339807,False,0.0,0.0,0.0983803239352129
B_pqrdot_5ad2694c,development,cpp,OV10,elev_doublet_distractor,10,10,0,False,True,0.0003045080316465,accelerations/rdot-rad_sec2,0.0002688933940637,False,0.0,0.0,0.1147770445910817
B2_turbine_throttle_init_c8af9244,heldout,cpp,OV10,elev_doublet_distractor,10,10,0,False,False,0.0,position/h-sl-ft,0.0,False,0.0,0.0,0.1147770445910817
B2_turbine_thruster_inputs_20066483,heldout,cpp,OV10,elev_doublet_distractor,10,10,0,False,False,0.0,position/h-sl-ft,0.0,False,0.0,0.0,0.1147770445910817
B2_wheel_spin_down_8a9fba1c,heldout,cpp,OV10,elev_doublet_distractor,10,10,0,False,False,0.0,position/h-sl-ft,0.0,False,0.0,0.0,0.1147770445910817
B2_sensor_fail_stuck_f543d634,heldout,cpp,OV10,elev_doublet_distractor,10,10,0,False,False,0.0,position/h-sl-ft,0.0,False,0.0,0.0,0.1147770445910817
B2_atmosphere_high_altitude_61f1e8c3,heldout,cpp,OV10,elev_doublet_distractor,10,10,0,False,False,0.0,position/h-sl-ft,0.0,False,0.0,0.0,0.1147770445910817
B2_load_factor_sign_c3fa7d22,heldout,cpp,OV10,elev_doublet_distractor,10,10,0,False,False,0.0,position/h-sl-ft,0.0,False,0.0,0.0,0.1147770445910817
B2_propeller_inflow_angle_82cc3893,heldout,cpp,OV10,elev_doublet_distractor,10,10,0,False,False,0.0,position/h-sl-ft,0.0,False,0.0,0.0,0.1147770445910817
B2_atmosphere_gradient_fadeout_05b709c8,heldout,cpp,OV10,elev_doublet_distractor,10,10,0,False,False,0.0,position/h-sl-ft,0.0,False,0.0,0.0,0.1147770445910817
B_pqrdot_5ad2694c,development,cpp,Short_S23,cruise,10,10,0,False,True,0.0006822028194266,accelerations/pdot-rad_sec2,0.0009521166626291,False,0.0,0.0,0.2013597280543891
B_piston_power_bcd3f980,development,cpp,Short_S23,cruise,10,10,0,False,False,0.0,position/h-sl-ft,0.0,False,0.0,0.0,0.2013597280543891
B2_turbine_throttle_init_c8af9244,heldout,cpp,Short_S23,cruise,10,10,0,False,False,0.0,position/h-sl-ft,0.0,False,0.0,0.0,0.2013597280543891
B2_turbine_thruster_inputs_20066483,heldout,cpp,Short_S23,cruise,10,10,0,False,False,0.0,position/h-sl-ft,0.0,False,0.0,0.0,0.2013597280543891
B2_wheel_spin_down_8a9fba1c,heldout,cpp,Short_S23,cruise,10,10,0,False,False,0.0,position/h-sl-ft,0.0,False,0.0,0.0,0.2013597280543891
B2_sensor_fail_stuck_f543d634,heldout,cpp,Short_S23,cruise,10,10,0,False,False,0.0,position/h-sl-ft,0.0,False,0.0,0.0,0.2013597280543891
B2_atmosphere_high_altitude_61f1e8c3,heldout,cpp,Short_S23,cruise,10,10,0,False,False,0.0,position/h-sl-ft,0.0,False,0.0,0.0,0.2013597280543891
B2_load_factor_sign_c3fa7d22,heldout,cpp,Short_S23,cruise,10,10,0,False,False,0.0,position/h-sl-ft,0.0,False,0.0,0.0,0.2013597280543891
B2_propeller_inflow_angle_82cc3893,heldout,cpp,Short_S23,cruise,10,10,0,False,False,0.0,position/h-sl-ft,0.0,False,0.0,0.0,0.2013597280543891
B2_atmosphere_gradient_fadeout_05b709c8,heldout,cpp,Short_S23,cruise,10,10,0,False,False,0.0,position/h-sl-ft,0.0,False,0.0,0.0,0.2013597280543891
B2_systems_xml_validation_95e5a16b,heldout,model,Short_S23,cruise,10,10,0,False,False,0.0,position/h-sl-ft,0.0,False,0.0,0.0,0.2013597280543891
B_pqrdot_5ad2694c,development,cpp,Short_S23,throttle_step,10,10,0,False,True,0.0037086540133061,accelerations/rdot-rad_sec2,0.0025991925279849,False,0.0,5.0,0.005998800239952
B_piston_power_bcd3f980,development,cpp,Short_S23,throttle_step,10,10,0,False,False,0.0,position/h-sl-ft,0.0,False,0.0,5.0,0.005998800239952
B2_turbine_throttle_init_c8af9244,heldout,cpp,Short_S23,throttle_step,10,10,0,False,False,0.0,position/h-sl-ft,0.0,False,0.0,5.0,0.005998800239952
B2_turbine_thruster_inputs_20066483,heldout,cpp,Short_S23,throttle_step,10,10,0,False,False,0.0,position/h-sl-ft,0.0,False,0.0,5.0,0.005998800239952
B2_wheel_spin_down_8a9fba1c,heldout,cpp,Short_S23,throttle_step,10,10,0,False,False,0.0,position/h-sl-ft,0.0,False,0.0,5.0,0.005998800239952
B2_sensor_fail_stuck_f543d634,heldout,cpp,Short_S23,throttle_step,10,10,0,False,False,0.0,position/h-sl-ft,0.0,False,0.0,5.0,0.005998800239952
B2_atmosphere_high_altitude_61f1e8c3,heldout,cpp,Short_S23,throttle_step,10,10,0,False,False,0.0,position/h-sl-ft,0.0,False,0.0,5.0,0.005998800239952
B2_load_factor_sign_c3fa7d22,heldout,cpp,Short_S23,throttle_step,10,10,0,False,False,0.0,position/h-sl-ft,0.0,False,0.0,5.0,0.005998800239952
B2_propeller_inflow_angle_82cc3893,heldout,cpp,Short_S23,throttle_step,10,10,0,False,False,0.0,position/h-sl-ft,0.0,False,0.0,5.0,0.005998800239952
B2_atmosphere_gradient_fadeout_05b709c8,heldout,cpp,Short_S23,throttle_step,10,10,0,False,False,0.0,position/h-sl-ft,0.0,False,0.0,5.0,0.005998800239952
B2_systems_xml_validation_95e5a16b,heldout,model,Short_S23,throttle_step,10,10,0,False,False,0.0,position/h-sl-ft,0.0,False,0.0,5.0,0.005998800239952
B_pqrdot_5ad2694c,development,cpp,Short_S23,elev_doublet,10,10,0,False,True,0.0004039561383694,accelerations/pdot-rad_sec2,0.0004951448461424,False,0.0,5.0,0.0125974805038992
B_piston_power_bcd3f980,development,cpp,Short_S23,elev_doublet,10,10,0,False,False,0.0,position/h-sl-ft,0.0,False,0.0,5.0,0.0125974805038992
B2_turbine_throttle_init_c8af9244,heldout,cpp,Short_S23,elev_doublet,10,10,0,False,False,0.0,position/h-sl-ft,0.0,False,0.0,5.0,0.0125974805038992
B2_turbine_thruster_inputs_20066483,heldout,cpp,Short_S23,elev_doublet,10,10,0,False,False,0.0,position/h-sl-ft,0.0,False,0.0,5.0,0.0125974805038992
B2_wheel_spin_down_8a9fba1c,heldout,cpp,Short_S23,elev_doublet,10,10,0,False,False,0.0,position/h-sl-ft,0.0,False,0.0,5.0,0.0125974805038992
B2_sensor_fail_stuck_f543d634,heldout,cpp,Short_S23,elev_doublet,10,10,0,False,False,0.0,position/h-sl-ft,0.0,False,0.0,5.0,0.0125974805038992
B2_atmosphere_high_altitude_61f1e8c3,heldout,cpp,Short_S23,elev_doublet,10,10,0,False,False,0.0,position/h-sl-ft,0.0,False,0.0,5.0,0.0125974805038992
B2_load_factor_sign_c3fa7d22,heldout,cpp,Short_S23,elev_doublet,10,10,0,False,False,0.0,position/h-sl-ft,0.0,False,0.0,5.0,0.0125974805038992
B2_propeller_inflow_angle_82cc3893,heldout,cpp,Short_S23,elev_doublet,10,10,0,False,False,0.0,position/h-sl-ft,0.0,False,0.0,5.0,0.0125974805038992
B2_atmosphere_gradient_fadeout_05b709c8,heldout,cpp,Short_S23,elev_doublet,10,10,0,False,False,0.0,position/h-sl-ft,0.0,False,0.0,5.0,0.0125974805038992
B2_systems_xml_validation_95e5a16b,heldout,model,Short_S23,elev_doublet,10,10,0,False,False,0.0,position/h-sl-ft,0.0,False,0.0,5.0,0.0125974805038992
B_pqrdot_5ad2694c,development,cpp,Short_S23,elev_step,10,10,0,False,True,0.0010319253556002,accelerations/pdot-rad_sec2,0.0016598319250643,False,0.0,0.0,0.2661467706458708
B_piston_power_bcd3f980,development,cpp,Short_S23,elev_step,10,10,0,False,False,0.0,position/h-sl-ft,0.0,False,0.0,0.0,0.2661467706458708
B2_turbine_throttle_init_c8af9244,heldout,cpp,Short_S23,elev_step,10,10,0,False,False,0.0,position/h-sl-ft,0.0,False,0.0,0.0,0.2661467706458708
B2_turbine_thruster_inputs_20066483,heldout,cpp,Short_S23,elev_step,10,10,0,False,False,0.0,position/h-sl-ft,0.0,False,0.0,0.0,0.2661467706458708
B2_wheel_spin_down_8a9fba1c,heldout,cpp,Short_S23,elev_step,10,10,0,False,False,0.0,position/h-sl-ft,0.0,False,0.0,0.0,0.2661467706458708
B2_sensor_fail_stuck_f543d634,heldout,cpp,Short_S23,elev_step,10,10,0,False,False,0.0,position/h-sl-ft,0.0,False,0.0,0.0,0.2661467706458708
B2_atmosphere_high_altitude_61f1e8c3,heldout,cpp,Short_S23,elev_step,10,10,0,False,False,0.0,position/h-sl-ft,0.0,False,0.0,0.0,0.2661467706458708
B2_load_factor_sign_c3fa7d22,heldout,cpp,Short_S23,elev_step,10,10,0,False,False,0.0,position/h-sl-ft,0.0,False,0.0,0.0,0.2661467706458708
B2_propeller_inflow_angle_82cc3893,heldout,cpp,Short_S23,elev_step,10,10,0,False,False,0.0,position/h-sl-ft,0.0,False,0.0,0.0,0.2661467706458708
B2_atmosphere_gradient_fadeout_05b709c8,heldout,cpp,Short_S23,elev_step,10,10,0,False,False,0.0,position/h-sl-ft,0.0,False,0.0,0.0,0.2661467706458708
B2_systems_xml_validation_95e5a16b,heldout,model,Short_S23,elev_step,10,10,0,False,False,0.0,position/h-sl-ft,0.0,False,0.0,0.0,0.2661467706458708
B_pqrdot_5ad2694c,development,cpp,Short_S23,aileron_step,10,10,0,False,True,0.000306062583299,accelerations/rdot-rad_sec2,0.0004198377046809,False,0.0,0.0,0.3867226554689062
B_piston_power_bcd3f980,development,cpp,Short_S23,aileron_step,10,10,0,False,False,0.0,position/h-sl-ft,0.0,False,0.0,0.0,0.3867226554689062
B2_turbine_throttle_init_c8af9244,heldout,cpp,Short_S23,aileron_step,10,10,0,False,False,0.0,position/h-sl-ft,0.0,False,0.0,0.0,0.3867226554689062
B2_turbine_thruster_inputs_20066483,heldout,cpp,Short_S23,aileron_step,10,10,0,False,False,0.0,position/h-sl-ft,0.0,False,0.0,0.0,0.3867226554689062
B2_wheel_spin_down_8a9fba1c,heldout,cpp,Short_S23,aileron_step,10,10,0,False,False,0.0,position/h-sl-ft,0.0,False,0.0,0.0,0.3867226554689062
B2_sensor_fail_stuck_f543d634,heldout,cpp,Short_S23,aileron_step,10,10,0,False,False,0.0,position/h-sl-ft,0.0,False,0.0,0.0,0.3867226554689062
B2_atmosphere_high_altitude_61f1e8c3,heldout,cpp,Short_S23,aileron_step,10,10,0,False,False,0.0,position/h-sl-ft,0.0,False,0.0,0.0,0.3867226554689062
B2_load_factor_sign_c3fa7d22,heldout,cpp,Short_S23,aileron_step,10,10,0,False,False,0.0,position/h-sl-ft,0.0,False,0.0,0.0,0.3867226554689062
B2_propeller_inflow_angle_82cc3893,heldout,cpp,Short_S23,aileron_step,10,10,0,False,False,0.0,position/h-sl-ft,0.0,False,0.0,0.0,0.3867226554689062
B2_atmosphere_gradient_fadeout_05b709c8,heldout,cpp,Short_S23,aileron_step,10,10,0,False,False,0.0,position/h-sl-ft,0.0,False,0.0,0.0,0.3867226554689062
B2_systems_xml_validation_95e5a16b,heldout,model,Short_S23,aileron_step,10,10,0,False,False,0.0,position/h-sl-ft,0.0,False,0.0,0.0,0.3867226554689062
B_pqrdot_5ad2694c,development,cpp,Short_S23,rudder_doublet,10,10,0,False,True,0.0002177348179505,accelerations/pdot-rad_sec2,0.0003457165445404,False,0.0,0.0,0.2929414117176565
B_piston_power_bcd3f980,development,cpp,Short_S23,rudder_doublet,10,10,0,False,False,0.0,position/h-sl-ft,0.0,False,0.0,0.0,0.2929414117176565
B2_turbine_throttle_init_c8af9244,heldout,cpp,Short_S23,rudder_doublet,10,10,0,False,False,0.0,position/h-sl-ft,0.0,False,0.0,0.0,0.2929414117176565
B2_turbine_thruster_inputs_20066483,heldout,cpp,Short_S23,rudder_doublet,10,10,0,False,False,0.0,position/h-sl-ft,0.0,False,0.0,0.0,0.2929414117176565
B2_wheel_spin_down_8a9fba1c,heldout,cpp,Short_S23,rudder_doublet,10,10,0,False,False,0.0,position/h-sl-ft,0.0,False,0.0,0.0,0.2929414117176565
B2_sensor_fail_stuck_f543d634,heldout,cpp,Short_S23,rudder_doublet,10,10,0,False,False,0.0,position/h-sl-ft,0.0,False,0.0,0.0,0.2929414117176565
B2_atmosphere_high_altitude_61f1e8c3,heldout,cpp,Short_S23,rudder_doublet,10,10,0,False,False,0.0,position/h-sl-ft,0.0,False,0.0,0.0,0.2929414117176565
B2_load_factor_sign_c3fa7d22,heldout,cpp,Short_S23,rudder_doublet,10,10,0,False,False,0.0,position/h-sl-ft,0.0,False,0.0,0.0,0.2929414117176565
B2_propeller_inflow_angle_82cc3893,heldout,cpp,Short_S23,rudder_doublet,10,10,0,False,False,0.0,position/h-sl-ft,0.0,False,0.0,0.0,0.2929414117176565
B2_atmosphere_gradient_fadeout_05b709c8,heldout,cpp,Short_S23,rudder_doublet,10,10,0,False,False,0.0,position/h-sl-ft,0.0,False,0.0,0.0,0.2929414117176565
B2_systems_xml_validation_95e5a16b,heldout,model,Short_S23,rudder_doublet,10,10,0,False,False,0.0,position/h-sl-ft,0.0,False,0.0,0.0,0.2929414117176565
B_pqrdot_5ad2694c,development,cpp,Short_S23,bank_hold,10,10,0,False,True,0.0011907947533615,accelerations/qdot-rad_sec2,0.0011203824023884,False,0.0,3.0,0.0263947210557888
B_piston_power_bcd3f980,development,cpp,Short_S23,bank_hold,10,10,0,False,False,0.0,position/h-sl-ft,0.0,False,0.0,3.0,0.0263947210557888
B2_turbine_throttle_init_c8af9244,heldout,cpp,Short_S23,bank_hold,10,10,0,False,False,0.0,position/h-sl-ft,0.0,False,0.0,3.0,0.0263947210557888
B2_turbine_thruster_inputs_20066483,heldout,cpp,Short_S23,bank_hold,10,10,0,False,False,0.0,position/h-sl-ft,0.0,False,0.0,3.0,0.0263947210557888
B2_wheel_spin_down_8a9fba1c,heldout,cpp,Short_S23,bank_hold,10,10,0,False,False,0.0,position/h-sl-ft,0.0,False,0.0,3.0,0.0263947210557888
B2_sensor_fail_stuck_f543d634,heldout,cpp,Short_S23,bank_hold,10,10,0,False,False,0.0,position/h-sl-ft,0.0,False,0.0,3.0,0.0263947210557888
B2_atmosphere_high_altitude_61f1e8c3,heldout,cpp,Short_S23,bank_hold,10,10,0,False,False,0.0,position/h-sl-ft,0.0,False,0.0,3.0,0.0263947210557888
B2_load_factor_sign_c3fa7d22,heldout,cpp,Short_S23,bank_hold,10,10,0,False,False,0.0,position/h-sl-ft,0.0,False,0.0,3.0,0.0263947210557888
B2_propeller_inflow_angle_82cc3893,heldout,cpp,Short_S23,bank_hold,10,10,0,False,False,0.0,position/h-sl-ft,0.0,False,0.0,3.0,0.0263947210557888
B2_atmosphere_gradient_fadeout_05b709c8,heldout,cpp,Short_S23,bank_hold,10,10,0,False,False,0.0,position/h-sl-ft,0.0,False,0.0,3.0,0.0263947210557888
B2_systems_xml_validation_95e5a16b,heldout,model,Short_S23,bank_hold,10,10,0,False,False,0.0,position/h-sl-ft,0.0,False,0.0,3.0,0.0263947210557888
B_pqrdot_5ad2694c,development,cpp,Short_S23,flap_extend,10,10,0,False,True,0.0027863478576859,accelerations/pdot-rad_sec2,0.002882497551279,False,0.0,0.0,0.1967606478704259
B_piston_power_bcd3f980,development,cpp,Short_S23,flap_extend,10,10,0,False,False,0.0,position/h-sl-ft,0.0,False,0.0,0.0,0.1969606078784243
B2_turbine_throttle_init_c8af9244,heldout,cpp,Short_S23,flap_extend,10,10,0,False,False,0.0,position/h-sl-ft,0.0,False,0.0,0.0,0.1969606078784243
B2_turbine_thruster_inputs_20066483,heldout,cpp,Short_S23,flap_extend,10,10,0,False,False,0.0,position/h-sl-ft,0.0,False,0.0,0.0,0.1969606078784243
B2_wheel_spin_down_8a9fba1c,heldout,cpp,Short_S23,flap_extend,10,10,0,False,False,0.0,position/h-sl-ft,0.0,False,0.0,0.0,0.1969606078784243
B2_sensor_fail_stuck_f543d634,heldout,cpp,Short_S23,flap_extend,10,10,0,False,False,0.0,position/h-sl-ft,0.0,False,0.0,0.0,0.1969606078784243
B2_atmosphere_high_altitude_61f1e8c3,heldout,cpp,Short_S23,flap_extend,10,10,0,False,False,0.0,position/h-sl-ft,0.0,False,0.0,0.0,0.1969606078784243
B2_load_factor_sign_c3fa7d22,heldout,cpp,Short_S23,flap_extend,10,10,0,False,False,0.0,position/h-sl-ft,0.0,False,0.0,0.0,0.1969606078784243
B2_propeller_inflow_angle_82cc3893,heldout,cpp,Short_S23,flap_extend,10,10,0,False,False,0.0,position/h-sl-ft,0.0,False,0.0,0.0,0.1969606078784243
B2_atmosphere_gradient_fadeout_05b709c8,heldout,cpp,Short_S23,flap_extend,10,10,0,False,False,0.0,position/h-sl-ft,0.0,False,0.0,0.0,0.1969606078784243
B2_systems_xml_validation_95e5a16b,heldout,model,Short_S23,flap_extend,10,10,0,False,False,0.0,position/h-sl-ft,0.0,False,0.0,0.0,0.1969606078784243
B_pqrdot_5ad2694c,development,cpp,Short_S23,engine_cut,10,10,0,False,True,5.713074606160966e-05,accelerations/rdot-rad_sec2,7.678728706990587e-05,False,0.0,0.0,0.1769646070785842
B_piston_power_bcd3f980,development,cpp,Short_S23,engine_cut,10,10,0,False,False,0.0,position/h-sl-ft,0.0,False,0.0,0.0,0.1769646070785842
B2_turbine_throttle_init_c8af9244,heldout,cpp,Short_S23,engine_cut,10,10,0,False,False,0.0,position/h-sl-ft,0.0,False,0.0,0.0,0.1769646070785842
B2_turbine_thruster_inputs_20066483,heldout,cpp,Short_S23,engine_cut,10,10,0,False,False,0.0,position/h-sl-ft,0.0,False,0.0,0.0,0.1769646070785842
B2_wheel_spin_down_8a9fba1c,heldout,cpp,Short_S23,engine_cut,10,10,0,False,False,0.0,position/h-sl-ft,0.0,False,0.0,0.0,0.1769646070785842
B2_sensor_fail_stuck_f543d634,heldout,cpp,Short_S23,engine_cut,10,10,0,False,False,0.0,position/h-sl-ft,0.0,False,0.0,0.0,0.1769646070785842
B2_atmosphere_high_altitude_61f1e8c3,heldout,cpp,Short_S23,engine_cut,10,10,0,False,False,0.0,position/h-sl-ft,0.0,False,0.0,0.0,0.1769646070785842
B2_load_factor_sign_c3fa7d22,heldout,cpp,Short_S23,engine_cut,10,10,0,False,False,0.0,position/h-sl-ft,0.0,False,0.0,0.0,0.1769646070785842
B2_propeller_inflow_angle_82cc3893,heldout,cpp,Short_S23,engine_cut,10,10,0,False,False,0.0,position/h-sl-ft,0.0,False,0.0,0.0,0.1769646070785842
B2_atmosphere_gradient_fadeout_05b709c8,heldout,cpp,Short_S23,engine_cut,10,10,0,False,False,0.0,position/h-sl-ft,0.0,False,0.0,0.0,0.1769646070785842
B2_systems_xml_validation_95e5a16b,heldout,model,Short_S23,engine_cut,10,10,0,False,False,0.0,position/h-sl-ft,0.0,False,0.0,0.0,0.1769646070785842
B_pqrdot_5ad2694c,development,cpp,Short_S23,climbing_turn,10,10,0,False,True,0.0007037017238912,accelerations/qdot-rad_sec2,0.0008609972739946,False,0.0,0.0,0.2013597280543891
B_piston_power_bcd3f980,development,cpp,Short_S23,climbing_turn,10,10,0,False,False,0.0,position/h-sl-ft,0.0,False,0.0,0.0,0.2013597280543891
B2_turbine_throttle_init_c8af9244,heldout,cpp,Short_S23,climbing_turn,10,10,0,False,False,0.0,position/h-sl-ft,0.0,False,0.0,0.0,0.2013597280543891
B2_turbine_thruster_inputs_20066483,heldout,cpp,Short_S23,climbing_turn,10,10,0,False,False,0.0,position/h-sl-ft,0.0,False,0.0,0.0,0.2013597280543891
B2_wheel_spin_down_8a9fba1c,heldout,cpp,Short_S23,climbing_turn,10,10,0,False,False,0.0,position/h-sl-ft,0.0,False,0.0,0.0,0.2013597280543891
B2_sensor_fail_stuck_f543d634,heldout,cpp,Short_S23,climbing_turn,10,10,0,False,False,0.0,position/h-sl-ft,0.0,False,0.0,0.0,0.2013597280543891
B2_atmosphere_high_altitude_61f1e8c3,heldout,cpp,Short_S23,climbing_turn,10,10,0,False,False,0.0,position/h-sl-ft,0.0,False,0.0,0.0,0.2013597280543891
B2_load_factor_sign_c3fa7d22,heldout,cpp,Short_S23,climbing_turn,10,10,0,False,False,0.0,position/h-sl-ft,0.0,False,0.0,0.0,0.2013597280543891
B2_propeller_inflow_angle_82cc3893,heldout,cpp,Short_S23,climbing_turn,10,10,0,False,False,0.0,position/h-sl-ft,0.0,False,0.0,0.0,0.2013597280543891
B2_atmosphere_gradient_fadeout_05b709c8,heldout,cpp,Short_S23,climbing_turn,10,10,0,False,False,0.0,position/h-sl-ft,0.0,False,0.0,0.0,0.2013597280543891
B2_systems_xml_validation_95e5a16b,heldout,model,Short_S23,climbing_turn,10,10,0,False,False,0.0,position/h-sl-ft,0.0,False,0.0,0.0,0.2013597280543891
B_pqrdot_5ad2694c,development,cpp,Short_S23,elev_doublet_distractor,10,10,0,False,True,0.0002374870561539,accelerations/rdot-rad_sec2,0.0004121220284825,False,0.0,0.0,0.0875824835032993
B_piston_power_bcd3f980,development,cpp,Short_S23,elev_doublet_distractor,10,10,0,False,False,0.0,position/h-sl-ft,0.0,False,0.0,0.0,0.0875824835032993
B2_turbine_throttle_init_c8af9244,heldout,cpp,Short_S23,elev_doublet_distractor,10,10,0,False,False,0.0,position/h-sl-ft,0.0,False,0.0,0.0,0.0875824835032993
B2_turbine_thruster_inputs_20066483,heldout,cpp,Short_S23,elev_doublet_distractor,10,10,0,False,False,0.0,position/h-sl-ft,0.0,False,0.0,0.0,0.0875824835032993
B2_wheel_spin_down_8a9fba1c,heldout,cpp,Short_S23,elev_doublet_distractor,10,10,0,False,False,0.0,position/h-sl-ft,0.0,False,0.0,0.0,0.0875824835032993
B2_sensor_fail_stuck_f543d634,heldout,cpp,Short_S23,elev_doublet_distractor,10,10,0,False,False,0.0,position/h-sl-ft,0.0,False,0.0,0.0,0.0875824835032993
B2_atmosphere_high_altitude_61f1e8c3,heldout,cpp,Short_S23,elev_doublet_distractor,10,10,0,False,False,0.0,position/h-sl-ft,0.0,False,0.0,0.0,0.0875824835032993
B2_load_factor_sign_c3fa7d22,heldout,cpp,Short_S23,elev_doublet_distractor,10,10,0,False,False,0.0,position/h-sl-ft,0.0,False,0.0,0.0,0.0875824835032993
B2_propeller_inflow_angle_82cc3893,heldout,cpp,Short_S23,elev_doublet_distractor,10,10,0,False,False,0.0,position/h-sl-ft,0.0,False,0.0,0.0,0.0875824835032993
B2_atmosphere_gradient_fadeout_05b709c8,heldout,cpp,Short_S23,elev_doublet_distractor,10,10,0,False,False,0.0,position/h-sl-ft,0.0,False,0.0,0.0,0.0875824835032993
B2_systems_xml_validation_95e5a16b,heldout,model,Short_S23,elev_doublet_distractor,10,10,0,False,False,0.0,position/h-sl-ft,0.0,False,0.0,0.0,0.0875824835032993
B_pqrdot_5ad2694c,development,cpp,Short_S23,engine_stop,10,0,10,True,,,,,,,,
B_piston_power_bcd3f980,development,cpp,Short_S23,engine_stop,10,10,0,False,False,0.0,position/h-sl-ft,0.0,False,0.0,0.0,0.2043591281743651
B2_turbine_throttle_init_c8af9244,heldout,cpp,Short_S23,engine_stop,10,10,0,False,False,0.0,position/h-sl-ft,0.0,False,0.0,0.0,0.2043591281743651
B2_turbine_thruster_inputs_20066483,heldout,cpp,Short_S23,engine_stop,10,10,0,False,False,0.0,position/h-sl-ft,0.0,False,0.0,0.0,0.2043591281743651
B2_wheel_spin_down_8a9fba1c,heldout,cpp,Short_S23,engine_stop,10,10,0,False,False,0.0,position/h-sl-ft,0.0,False,0.0,0.0,0.2043591281743651
B2_sensor_fail_stuck_f543d634,heldout,cpp,Short_S23,engine_stop,10,10,0,False,False,0.0,position/h-sl-ft,0.0,False,0.0,0.0,0.2043591281743651
B2_atmosphere_high_altitude_61f1e8c3,heldout,cpp,Short_S23,engine_stop,10,10,0,False,False,0.0,position/h-sl-ft,0.0,False,0.0,0.0,0.2043591281743651
B2_load_factor_sign_c3fa7d22,heldout,cpp,Short_S23,engine_stop,10,10,0,False,False,0.0,position/h-sl-ft,0.0,False,0.0,0.0,0.2043591281743651
B2_propeller_inflow_angle_82cc3893,heldout,cpp,Short_S23,engine_stop,10,10,0,False,False,0.0,position/h-sl-ft,0.0,False,0.0,0.0,0.2043591281743651
B2_atmosphere_gradient_fadeout_05b709c8,heldout,cpp,Short_S23,engine_stop,10,10,0,False,False,0.0,position/h-sl-ft,0.0,False,0.0,0.0,0.2043591281743651
B2_systems_xml_validation_95e5a16b,heldout,model,Short_S23,engine_stop,10,10,0,False,False,0.0,position/h-sl-ft,0.0,False,0.0,0.0,0.2043591281743651
B_elevator_drag_8819410c,development,model,T37,cruise,10,10,0,False,True,3.0863607277425418,velocities/r-rad_sec,2.899900424139272,True,9.0,6.0,0.0001999600079984
B_pqrdot_5ad2694c,development,cpp,T37,cruise,10,10,0,False,True,0.8417749816307872,accelerations/pdot-rad_sec2,0.8329002971705284,False,0.0,1.0,0.0355928814237152
B_turbine_windmill_2db8e408,development,cpp,T37,cruise,10,10,0,False,False,0.0,position/h-sl-ft,0.0,False,0.0,1.0,0.0355928814237152
B2_turbine_throttle_init_c8af9244,heldout,cpp,T37,cruise,10,10,0,False,False,0.0,position/h-sl-ft,0.0,False,0.0,1.0,0.0355928814237152
B2_turbine_thruster_inputs_20066483,heldout,cpp,T37,cruise,10,10,0,False,False,0.0,position/h-sl-ft,0.0,False,0.0,1.0,0.0355928814237152
B2_wheel_spin_down_8a9fba1c,heldout,cpp,T37,cruise,10,10,0,False,False,0.0,position/h-sl-ft,0.0,False,0.0,1.0,0.0355928814237152
B2_sensor_fail_stuck_f543d634,heldout,cpp,T37,cruise,10,10,0,False,False,0.0,position/h-sl-ft,0.0,False,0.0,1.0,0.0355928814237152
B2_atmosphere_high_altitude_61f1e8c3,heldout,cpp,T37,cruise,10,10,0,False,False,0.0,position/h-sl-ft,0.0,False,0.0,1.0,0.0355928814237152
B2_load_factor_sign_c3fa7d22,heldout,cpp,T37,cruise,10,10,0,False,False,0.0,position/h-sl-ft,0.0,False,0.0,1.0,0.0355928814237152
B2_propeller_inflow_angle_82cc3893,heldout,cpp,T37,cruise,10,10,0,False,False,0.0,position/h-sl-ft,0.0,False,0.0,1.0,0.0355928814237152
B2_atmosphere_gradient_fadeout_05b709c8,heldout,cpp,T37,cruise,10,10,0,False,False,0.0,position/h-sl-ft,0.0,False,0.0,1.0,0.0355928814237152
B_elevator_drag_8819410c,development,model,T37,throttle_step,10,10,0,False,True,1.0355372012255506,attitude/phi-rad,1.0476151592023817,True,2.0,16.0,0.0001999600079984
B_pqrdot_5ad2694c,development,cpp,T37,throttle_step,10,10,0,False,True,0.0030575933352821,accelerations/qdot-rad_sec2,0.0032365358751929,False,0.0,0.0,0.126374725054989
B_turbine_windmill_2db8e408,development,cpp,T37,throttle_step,10,10,0,False,False,0.0,position/h-sl-ft,0.0,False,0.0,0.0,0.126374725054989
B2_turbine_throttle_init_c8af9244,heldout,cpp,T37,throttle_step,10,10,0,False,False,0.0,position/h-sl-ft,0.0,False,0.0,0.0,0.126374725054989
B2_turbine_thruster_inputs_20066483,heldout,cpp,T37,throttle_step,10,10,0,False,False,0.0,position/h-sl-ft,0.0,False,0.0,0.0,0.126374725054989
B2_wheel_spin_down_8a9fba1c,heldout,cpp,T37,throttle_step,10,10,0,False,False,0.0,position/h-sl-ft,0.0,False,0.0,0.0,0.126374725054989
B2_sensor_fail_stuck_f543d634,heldout,cpp,T37,throttle_step,10,10,0,False,False,0.0,position/h-sl-ft,0.0,False,0.0,0.0,0.126374725054989
B2_atmosphere_high_altitude_61f1e8c3,heldout,cpp,T37,throttle_step,10,10,0,False,False,0.0,position/h-sl-ft,0.0,False,0.0,0.0,0.126374725054989
B2_load_factor_sign_c3fa7d22,heldout,cpp,T37,throttle_step,10,10,0,False,False,0.0,position/h-sl-ft,0.0,False,0.0,0.0,0.126374725054989
B2_propeller_inflow_angle_82cc3893,heldout,cpp,T37,throttle_step,10,10,0,False,False,0.0,position/h-sl-ft,0.0,False,0.0,0.0,0.126374725054989
B2_atmosphere_gradient_fadeout_05b709c8,heldout,cpp,T37,throttle_step,10,10,0,False,False,0.0,position/h-sl-ft,0.0,False,0.0,0.0,0.126374725054989
B_elevator_drag_8819410c,development,model,T37,elev_doublet,10,10,0,False,True,1.3092839984080953,accelerations/vdot-ft_sec2,1.2077478241690405,True,2.0,12.0,0.0001999600079984
B_pqrdot_5ad2694c,development,cpp,T37,elev_doublet,10,10,0,False,True,5.293002574875666,accelerations/pdot-rad_sec2,5.535985302129372,True,1.0,4.0,0.0001999600079984
B_turbine_windmill_2db8e408,development,cpp,T37,elev_doublet,10,10,0,False,False,0.0,position/h-sl-ft,0.0,False,0.0,3.0,0.0047990401919616
B2_turbine_throttle_init_c8af9244,heldout,cpp,T37,elev_doublet,10,10,0,False,False,0.0,position/h-sl-ft,0.0,False,0.0,3.0,0.0047990401919616
B2_turbine_thruster_inputs_20066483,heldout,cpp,T37,elev_doublet,10,10,0,False,False,0.0,position/h-sl-ft,0.0,False,0.0,3.0,0.0047990401919616
B2_wheel_spin_down_8a9fba1c,heldout,cpp,T37,elev_doublet,10,10,0,False,False,0.0,position/h-sl-ft,0.0,False,0.0,3.0,0.0047990401919616
B2_sensor_fail_stuck_f543d634,heldout,cpp,T37,elev_doublet,10,10,0,False,False,0.0,position/h-sl-ft,0.0,False,0.0,3.0,0.0047990401919616
B2_atmosphere_high_altitude_61f1e8c3,heldout,cpp,T37,elev_doublet,10,10,0,False,False,0.0,position/h-sl-ft,0.0,False,0.0,3.0,0.0047990401919616
B2_load_factor_sign_c3fa7d22,heldout,cpp,T37,elev_doublet,10,10,0,False,False,0.0,position/h-sl-ft,0.0,False,0.0,3.0,0.0047990401919616
B2_propeller_inflow_angle_82cc3893,heldout,cpp,T37,elev_doublet,10,10,0,False,False,0.0,position/h-sl-ft,0.0,False,0.0,3.0,0.0047990401919616
B2_atmosphere_gradient_fadeout_05b709c8,heldout,cpp,T37,elev_doublet,10,10,0,False,False,0.0,position/h-sl-ft,0.0,False,0.0,3.0,0.0047990401919616
B_elevator_drag_8819410c,development,model,T37,elev_step,10,10,0,False,True,0.8094926029314207,accelerations/udot-ft_sec2,0.8986995557948239,False,0.0,7.0,0.0025994801039792
B_pqrdot_5ad2694c,development,cpp,T37,elev_step,10,10,0,False,True,7.877093472312717,accelerations/pdot-rad_sec2,8.504405435981154,True,1.0,2.0,0.0001999600079984
B_turbine_windmill_2db8e408,development,cpp,T37,elev_step,10,10,0,False,False,0.0,position/h-sl-ft,0.0,False,0.0,1.0,0.0301939612077584
B2_turbine_throttle_init_c8af9244,heldout,cpp,T37,elev_step,10,10,0,False,False,0.0,position/h-sl-ft,0.0,False,0.0,1.0,0.0301939612077584
B2_turbine_thruster_inputs_20066483,heldout,cpp,T37,elev_step,10,10,0,False,False,0.0,position/h-sl-ft,0.0,False,0.0,1.0,0.0301939612077584
B2_wheel_spin_down_8a9fba1c,heldout,cpp,T37,elev_step,10,10,0,False,False,0.0,position/h-sl-ft,0.0,False,0.0,1.0,0.0301939612077584
B2_sensor_fail_stuck_f543d634,heldout,cpp,T37,elev_step,10,10,0,False,False,0.0,position/h-sl-ft,0.0,False,0.0,1.0,0.0301939612077584
B2_atmosphere_high_altitude_61f1e8c3,heldout,cpp,T37,elev_step,10,10,0,False,False,0.0,position/h-sl-ft,0.0,False,0.0,1.0,0.0301939612077584
B2_load_factor_sign_c3fa7d22,heldout,cpp,T37,elev_step,10,10,0,False,False,0.0,position/h-sl-ft,0.0,False,0.0,1.0,0.0301939612077584
B2_propeller_inflow_angle_82cc3893,heldout,cpp,T37,elev_step,10,10,0,False,False,0.0,position/h-sl-ft,0.0,False,0.0,1.0,0.0301939612077584
B2_atmosphere_gradient_fadeout_05b709c8,heldout,cpp,T37,elev_step,10,10,0,False,False,0.0,position/h-sl-ft,0.0,False,0.0,1.0,0.0301939612077584
B_elevator_drag_8819410c,development,model,T37,aileron_step,10,10,0,False,True,0.24351028667795,accelerations/udot-ft_sec2,0.2735470367026859,False,0.0,1.0,0.0407918416316736
B_pqrdot_5ad2694c,development,cpp,T37,aileron_step,10,10,0,False,True,0.0028831574329388,accelerations/qdot-rad_sec2,0.0030781099743358,False,0.0,2.0,0.0275944811037792
B_turbine_windmill_2db8e408,development,cpp,T37,aileron_step,10,10,0,False,False,0.0,position/h-sl-ft,0.0,False,0.0,2.0,0.0271945610877824
B2_turbine_throttle_init_c8af9244,heldout,cpp,T37,aileron_step,10,10,0,False,False,0.0,position/h-sl-ft,0.0,False,0.0,2.0,0.0271945610877824
B2_turbine_thruster_inputs_20066483,heldout,cpp,T37,aileron_step,10,10,0,False,False,0.0,position/h-sl-ft,0.0,False,0.0,2.0,0.0271945610877824
B2_wheel_spin_down_8a9fba1c,heldout,cpp,T37,aileron_step,10,10,0,False,False,0.0,position/h-sl-ft,0.0,False,0.0,2.0,0.0271945610877824
B2_sensor_fail_stuck_f543d634,heldout,cpp,T37,aileron_step,10,10,0,False,False,0.0,position/h-sl-ft,0.0,False,0.0,2.0,0.0271945610877824
B2_atmosphere_high_altitude_61f1e8c3,heldout,cpp,T37,aileron_step,10,10,0,False,False,0.0,position/h-sl-ft,0.0,False,0.0,2.0,0.0271945610877824
B2_load_factor_sign_c3fa7d22,heldout,cpp,T37,aileron_step,10,10,0,False,False,0.0,position/h-sl-ft,0.0,False,0.0,2.0,0.0271945610877824
B2_propeller_inflow_angle_82cc3893,heldout,cpp,T37,aileron_step,10,10,0,False,False,0.0,position/h-sl-ft,0.0,False,0.0,2.0,0.0271945610877824
B2_atmosphere_gradient_fadeout_05b709c8,heldout,cpp,T37,aileron_step,10,10,0,False,False,0.0,position/h-sl-ft,0.0,False,0.0,2.0,0.0271945610877824
B_elevator_drag_8819410c,development,model,T37,rudder_doublet,10,10,0,False,True,0.3840548340149766,velocities/h-dot-fps,0.3771266768419946,False,0.0,2.0,0.030993801239752
B_pqrdot_5ad2694c,development,cpp,T37,rudder_doublet,10,10,0,False,True,0.0008881828873949,accelerations/qdot-rad_sec2,0.0008233961657012,False,0.0,1.0,0.0295940811837632
B_turbine_windmill_2db8e408,development,cpp,T37,rudder_doublet,10,10,0,False,False,0.0,position/h-sl-ft,0.0,False,0.0,1.0,0.0295940811837632
B2_turbine_throttle_init_c8af9244,heldout,cpp,T37,rudder_doublet,10,10,0,False,False,0.0,position/h-sl-ft,0.0,False,0.0,1.0,0.0295940811837632
B2_turbine_thruster_inputs_20066483,heldout,cpp,T37,rudder_doublet,10,10,0,False,False,0.0,position/h-sl-ft,0.0,False,0.0,1.0,0.0295940811837632
B2_wheel_spin_down_8a9fba1c,heldout,cpp,T37,rudder_doublet,10,10,0,False,False,0.0,position/h-sl-ft,0.0,False,0.0,1.0,0.0295940811837632
B2_sensor_fail_stuck_f543d634,heldout,cpp,T37,rudder_doublet,10,10,0,False,False,0.0,position/h-sl-ft,0.0,False,0.0,1.0,0.0295940811837632
B2_atmosphere_high_altitude_61f1e8c3,heldout,cpp,T37,rudder_doublet,10,10,0,False,False,0.0,position/h-sl-ft,0.0,False,0.0,1.0,0.0295940811837632
B2_load_factor_sign_c3fa7d22,heldout,cpp,T37,rudder_doublet,10,10,0,False,False,0.0,position/h-sl-ft,0.0,False,0.0,1.0,0.0295940811837632
B2_propeller_inflow_angle_82cc3893,heldout,cpp,T37,rudder_doublet,10,10,0,False,False,0.0,position/h-sl-ft,0.0,False,0.0,1.0,0.0295940811837632
B2_atmosphere_gradient_fadeout_05b709c8,heldout,cpp,T37,rudder_doublet,10,10,0,False,False,0.0,position/h-sl-ft,0.0,False,0.0,1.0,0.0295940811837632
B_elevator_drag_8819410c,development,model,T37,bank_hold,10,10,0,False,True,0.38891644077687,accelerations/udot-ft_sec2,0.3112244938716066,False,0.0,0.0,0.284743051389722
B_pqrdot_5ad2694c,development,cpp,T37,bank_hold,10,10,0,False,True,0.0067019613589196,accelerations/qdot-rad_sec2,0.0064261201466171,False,0.0,0.0,0.1391721655668866
B_turbine_windmill_2db8e408,development,cpp,T37,bank_hold,10,10,0,False,False,0.0,position/h-sl-ft,0.0,False,0.0,0.0,0.1391721655668866
B2_turbine_throttle_init_c8af9244,heldout,cpp,T37,bank_hold,10,10,0,False,False,0.0,position/h-sl-ft,0.0,False,0.0,0.0,0.1391721655668866
B2_turbine_thruster_inputs_20066483,heldout,cpp,T37,bank_hold,10,10,0,False,False,0.0,position/h-sl-ft,0.0,False,0.0,0.0,0.1391721655668866
B2_wheel_spin_down_8a9fba1c,heldout,cpp,T37,bank_hold,10,10,0,False,False,0.0,position/h-sl-ft,0.0,False,0.0,0.0,0.1391721655668866
B2_sensor_fail_stuck_f543d634,heldout,cpp,T37,bank_hold,10,10,0,False,False,0.0,position/h-sl-ft,0.0,False,0.0,0.0,0.1391721655668866
B2_atmosphere_high_altitude_61f1e8c3,heldout,cpp,T37,bank_hold,10,10,0,False,False,0.0,position/h-sl-ft,0.0,False,0.0,0.0,0.1391721655668866
B2_load_factor_sign_c3fa7d22,heldout,cpp,T37,bank_hold,10,10,0,False,False,0.0,position/h-sl-ft,0.0,False,0.0,0.0,0.1391721655668866
B2_propeller_inflow_angle_82cc3893,heldout,cpp,T37,bank_hold,10,10,0,False,False,0.0,position/h-sl-ft,0.0,False,0.0,0.0,0.1391721655668866
B2_atmosphere_gradient_fadeout_05b709c8,heldout,cpp,T37,bank_hold,10,10,0,False,False,0.0,position/h-sl-ft,0.0,False,0.0,0.0,0.1391721655668866
B_elevator_drag_8819410c,development,model,T37,flap_extend,10,10,0,False,True,0.6927233435504911,aero/alpha-deg,0.6761311511088512,False,0.0,17.0,0.0001999600079984
B_pqrdot_5ad2694c,development,cpp,T37,flap_extend,10,10,0,False,True,5.677145948866828,accelerations/pdot-rad_sec2,5.690122783062306,True,1.0,2.0,0.0001999600079984
B_turbine_windmill_2db8e408,development,cpp,T37,flap_extend,10,10,0,False,False,0.0,position/h-sl-ft,0.0,False,0.0,0.0,0.0653869226154769
B2_turbine_throttle_init_c8af9244,heldout,cpp,T37,flap_extend,10,10,0,False,False,0.0,position/h-sl-ft,0.0,False,0.0,0.0,0.0653869226154769
B2_turbine_thruster_inputs_20066483,heldout,cpp,T37,flap_extend,10,10,0,False,False,0.0,position/h-sl-ft,0.0,False,0.0,0.0,0.0653869226154769
B2_wheel_spin_down_8a9fba1c,heldout,cpp,T37,flap_extend,10,10,0,False,False,0.0,position/h-sl-ft,0.0,False,0.0,0.0,0.0653869226154769
B2_sensor_fail_stuck_f543d634,heldout,cpp,T37,flap_extend,10,10,0,False,False,0.0,position/h-sl-ft,0.0,False,0.0,0.0,0.0653869226154769
B2_atmosphere_high_altitude_61f1e8c3,heldout,cpp,T37,flap_extend,10,10,0,False,False,0.0,position/h-sl-ft,0.0,False,0.0,0.0,0.0653869226154769
B2_load_factor_sign_c3fa7d22,heldout,cpp,T37,flap_extend,10,10,0,False,False,0.0,position/h-sl-ft,0.0,False,0.0,0.0,0.0653869226154769
B2_propeller_inflow_angle_82cc3893,heldout,cpp,T37,flap_extend,10,10,0,False,False,0.0,position/h-sl-ft,0.0,False,0.0,0.0,0.0653869226154769
B2_atmosphere_gradient_fadeout_05b709c8,heldout,cpp,T37,flap_extend,10,10,0,False,False,0.0,position/h-sl-ft,0.0,False,0.0,0.0,0.0653869226154769
B_elevator_drag_8819410c,development,model,T37,engine_cut,10,10,0,False,True,9.01541983421914,attitude/theta-rad,9.873682533075964,True,15.0,22.0,0.0001999600079984
B_pqrdot_5ad2694c,development,cpp,T37,engine_cut,10,10,0,False,True,0.0155922986152117,accelerations/qdot-rad_sec2,0.0155125320970936,False,0.0,2.0,0.0081983603279344
B_turbine_windmill_2db8e408,development,cpp,T37,engine_cut,10,10,0,False,False,0.0,position/h-sl-ft,0.0,False,0.0,2.0,0.0081983603279344
B2_turbine_throttle_init_c8af9244,heldout,cpp,T37,engine_cut,10,10,0,False,False,0.0,position/h-sl-ft,0.0,False,0.0,2.0,0.0081983603279344
B2_turbine_thruster_inputs_20066483,heldout,cpp,T37,engine_cut,10,10,0,False,False,0.0,position/h-sl-ft,0.0,False,0.0,2.0,0.0081983603279344
B2_wheel_spin_down_8a9fba1c,heldout,cpp,T37,engine_cut,10,10,0,False,False,0.0,position/h-sl-ft,0.0,False,0.0,2.0,0.0081983603279344
B2_sensor_fail_stuck_f543d634,heldout,cpp,T37,engine_cut,10,10,0,False,False,0.0,position/h-sl-ft,0.0,False,0.0,2.0,0.0081983603279344
B2_atmosphere_high_altitude_61f1e8c3,heldout,cpp,T37,engine_cut,10,10,0,False,False,0.0,position/h-sl-ft,0.0,False,0.0,2.0,0.0081983603279344
B2_load_factor_sign_c3fa7d22,heldout,cpp,T37,engine_cut,10,10,0,False,False,0.0,position/h-sl-ft,0.0,False,0.0,2.0,0.0081983603279344
B2_propeller_inflow_angle_82cc3893,heldout,cpp,T37,engine_cut,10,10,0,False,False,0.0,position/h-sl-ft,0.0,False,0.0,2.0,0.0081983603279344
B2_atmosphere_gradient_fadeout_05b709c8,heldout,cpp,T37,engine_cut,10,10,0,False,False,0.0,position/h-sl-ft,0.0,False,0.0,2.0,0.0081983603279344
B_elevator_drag_8819410c,development,model,T37,elev_doublet_distractor,10,10,0,False,True,0.4448097140779115,accelerations/udot-ft_sec2,0.5014555661615726,False,0.0,0.0,0.0903819236152769
B_pqrdot_5ad2694c,development,cpp,T37,elev_doublet_distractor,10,10,0,False,True,0.0001250170648111,accelerations/rdot-rad_sec2,0.0001224494878887,False,0.0,1.0,0.0417916416716656
B_turbine_windmill_2db8e408,development,cpp,T37,elev_doublet_distractor,10,10,0,False,False,0.0,position/h-sl-ft,0.0,False,0.0,1.0,0.0417916416716656
B2_turbine_throttle_init_c8af9244,heldout,cpp,T37,elev_doublet_distractor,10,10,0,False,False,0.0,position/h-sl-ft,0.0,False,0.0,1.0,0.0417916416716656
B2_turbine_thruster_inputs_20066483,heldout,cpp,T37,elev_doublet_distractor,10,10,0,False,False,0.0,position/h-sl-ft,0.0,False,0.0,1.0,0.0417916416716656
B2_wheel_spin_down_8a9fba1c,heldout,cpp,T37,elev_doublet_distractor,10,10,0,False,False,0.0,position/h-sl-ft,0.0,False,0.0,1.0,0.0417916416716656
B2_sensor_fail_stuck_f543d634,heldout,cpp,T37,elev_doublet_distractor,10,10,0,False,False,0.0,position/h-sl-ft,0.0,False,0.0,1.0,0.0417916416716656
B2_atmosphere_high_altitude_61f1e8c3,heldout,cpp,T37,elev_doublet_distractor,10,10,0,False,False,0.0,position/h-sl-ft,0.0,False,0.0,1.0,0.0417916416716656
B2_load_factor_sign_c3fa7d22,heldout,cpp,T37,elev_doublet_distractor,10,10,0,False,False,0.0,position/h-sl-ft,0.0,False,0.0,1.0,0.0417916416716656
B2_propeller_inflow_angle_82cc3893,heldout,cpp,T37,elev_doublet_distractor,10,10,0,False,False,0.0,position/h-sl-ft,0.0,False,0.0,1.0,0.0417916416716656
B2_atmosphere_gradient_fadeout_05b709c8,heldout,cpp,T37,elev_doublet_distractor,10,10,0,False,False,0.0,position/h-sl-ft,0.0,False,0.0,1.0,0.0417916416716656
B_elevator_drag_8819410c,development,model,T38,cruise,10,10,0,False,True,1.815563892394562,velocities/h-dot-fps,1.815853681580514,True,11.0,13.0,0.0001999600079984
B_pqrdot_5ad2694c,development,cpp,T38,cruise,10,10,0,False,True,0.0685003200290457,accelerations/pdot-rad_sec2,0.0765217845466225,False,0.0,0.0,0.1697660467906418
B_turbine_windmill_2db8e408,development,cpp,T38,cruise,10,10,0,False,False,0.0,position/h-sl-ft,0.0,False,0.0,0.0,0.1697660467906418
B2_turbine_throttle_init_c8af9244,heldout,cpp,T38,cruise,10,10,0,False,False,0.0,position/h-sl-ft,0.0,False,0.0,0.0,0.1697660467906418
B2_turbine_thruster_inputs_20066483,heldout,cpp,T38,cruise,10,10,0,False,False,0.0,position/h-sl-ft,0.0,False,0.0,0.0,0.1697660467906418
B2_wheel_spin_down_8a9fba1c,heldout,cpp,T38,cruise,10,10,0,False,False,0.0,position/h-sl-ft,0.0,False,0.0,0.0,0.1697660467906418
B2_sensor_fail_stuck_f543d634,heldout,cpp,T38,cruise,10,10,0,False,False,0.0,position/h-sl-ft,0.0,False,0.0,0.0,0.1697660467906418
B2_atmosphere_high_altitude_61f1e8c3,heldout,cpp,T38,cruise,10,10,0,False,False,0.0,position/h-sl-ft,0.0,False,0.0,0.0,0.1697660467906418
B2_load_factor_sign_c3fa7d22,heldout,cpp,T38,cruise,10,10,0,False,False,0.0,position/h-sl-ft,0.0,False,0.0,0.0,0.1697660467906418
B2_propeller_inflow_angle_82cc3893,heldout,cpp,T38,cruise,10,10,0,False,False,0.0,position/h-sl-ft,0.0,False,0.0,0.0,0.1697660467906418
B2_atmosphere_gradient_fadeout_05b709c8,heldout,cpp,T38,cruise,10,10,0,False,False,0.0,position/h-sl-ft,0.0,False,0.0,0.0,0.1697660467906418
B_elevator_drag_8819410c,development,model,T38,throttle_step,10,10,0,False,True,0.3270205212843983,accelerations/udot-ft_sec2,0.3331973344593037,False,0.0,10.0,0.0001999600079984
B_pqrdot_5ad2694c,development,cpp,T38,throttle_step,10,10,0,False,True,0.0023773871960449,accelerations/qdot-rad_sec2,0.0023575967455317,False,0.0,2.0,0.0117976404719056
B_turbine_windmill_2db8e408,development,cpp,T38,throttle_step,10,10,0,False,False,0.0,position/h-sl-ft,0.0,False,0.0,2.0,0.0117976404719056
B2_turbine_throttle_init_c8af9244,heldout,cpp,T38,throttle_step,10,10,0,False,False,0.0,position/h-sl-ft,0.0,False,0.0,2.0,0.0117976404719056
B2_turbine_thruster_inputs_20066483,heldout,cpp,T38,throttle_step,10,10,0,False,False,0.0,position/h-sl-ft,0.0,False,0.0,2.0,0.0117976404719056
B2_wheel_spin_down_8a9fba1c,heldout,cpp,T38,throttle_step,10,10,0,False,False,0.0,position/h-sl-ft,0.0,False,0.0,2.0,0.0117976404719056
B2_sensor_fail_stuck_f543d634,heldout,cpp,T38,throttle_step,10,10,0,False,False,0.0,position/h-sl-ft,0.0,False,0.0,2.0,0.0117976404719056
B2_atmosphere_high_altitude_61f1e8c3,heldout,cpp,T38,throttle_step,10,10,0,False,False,0.0,position/h-sl-ft,0.0,False,0.0,2.0,0.0117976404719056
B2_load_factor_sign_c3fa7d22,heldout,cpp,T38,throttle_step,10,10,0,False,False,0.0,position/h-sl-ft,0.0,False,0.0,2.0,0.0117976404719056
B2_propeller_inflow_angle_82cc3893,heldout,cpp,T38,throttle_step,10,10,0,False,False,0.0,position/h-sl-ft,0.0,False,0.0,2.0,0.0117976404719056
B2_atmosphere_gradient_fadeout_05b709c8,heldout,cpp,T38,throttle_step,10,10,0,False,False,0.0,position/h-sl-ft,0.0,False,0.0,2.0,0.0117976404719056
B_elevator_drag_8819410c,development,model,T38,elev_doublet,10,10,0,False,True,2.317639840490733,velocities/p-rad_sec,1.0082869553193736,True,1.0,10.0,0.0001999600079984
B_pqrdot_5ad2694c,development,cpp,T38,elev_doublet,10,10,0,False,True,2.4623641699482905,accelerations/pdot-rad_sec2,2.5703866828164417,True,1.0,4.0,0.0001999600079984
B_turbine_windmill_2db8e408,development,cpp,T38,elev_doublet,10,10,0,False,False,0.0,position/h-sl-ft,0.0,False,0.0,2.0,0.00999800039992
B2_turbine_throttle_init_c8af9244,heldout,cpp,T38,elev_doublet,10,10,0,False,False,0.0,position/h-sl-ft,0.0,False,0.0,2.0,0.00999800039992
B2_turbine_thruster_inputs_20066483,heldout,cpp,T38,elev_doublet,10,10,0,False,False,0.0,position/h-sl-ft,0.0,False,0.0,2.0,0.00999800039992
B2_wheel_spin_down_8a9fba1c,heldout,cpp,T38,elev_doublet,10,10,0,False,False,0.0,position/h-sl-ft,0.0,False,0.0,2.0,0.00999800039992
B2_sensor_fail_stuck_f543d634,heldout,cpp,T38,elev_doublet,10,10,0,False,False,0.0,position/h-sl-ft,0.0,False,0.0,2.0,0.00999800039992
B2_atmosphere_high_altitude_61f1e8c3,heldout,cpp,T38,elev_doublet,10,10,0,False,False,0.0,position/h-sl-ft,0.0,False,0.0,2.0,0.00999800039992
B2_load_factor_sign_c3fa7d22,heldout,cpp,T38,elev_doublet,10,10,0,False,False,0.0,position/h-sl-ft,0.0,False,0.0,2.0,0.00999800039992
B2_propeller_inflow_angle_82cc3893,heldout,cpp,T38,elev_doublet,10,10,0,False,False,0.0,position/h-sl-ft,0.0,False,0.0,2.0,0.00999800039992
B2_atmosphere_gradient_fadeout_05b709c8,heldout,cpp,T38,elev_doublet,10,10,0,False,False,0.0,position/h-sl-ft,0.0,False,0.0,2.0,0.00999800039992
B_elevator_drag_8819410c,development,model,T38,elev_step,10,10,0,False,True,0.5674019802486863,accelerations/udot-ft_sec2,0.8919029190119339,False,0.0,6.0,0.0001999600079984
B_pqrdot_5ad2694c,development,cpp,T38,elev_step,10,10,0,False,True,2.880164915456812,accelerations/pdot-rad_sec2,2.8827589781020886,True,2.0,2.0,0.0001999600079984
B_turbine_windmill_2db8e408,development,cpp,T38,elev_step,10,10,0,False,False,0.0,position/h-sl-ft,0.0,False,0.0,0.0,0.0641871625674865
B2_turbine_throttle_init_c8af9244,heldout,cpp,T38,elev_step,10,10,0,False,False,0.0,position/h-sl-ft,0.0,False,0.0,0.0,0.0641871625674865
B2_turbine_thruster_inputs_20066483,heldout,cpp,T38,elev_step,10,10,0,False,False,0.0,position/h-sl-ft,0.0,False,0.0,0.0,0.0641871625674865
B2_wheel_spin_down_8a9fba1c,heldout,cpp,T38,elev_step,10,10,0,False,False,0.0,position/h-sl-ft,0.0,False,0.0,0.0,0.0641871625674865
B2_sensor_fail_stuck_f543d634,heldout,cpp,T38,elev_step,10,10,0,False,False,0.0,position/h-sl-ft,0.0,False,0.0,0.0,0.0641871625674865
B2_atmosphere_high_altitude_61f1e8c3,heldout,cpp,T38,elev_step,10,10,0,False,False,0.0,position/h-sl-ft,0.0,False,0.0,0.0,0.0641871625674865
B2_load_factor_sign_c3fa7d22,heldout,cpp,T38,elev_step,10,10,0,False,False,0.0,position/h-sl-ft,0.0,False,0.0,0.0,0.0641871625674865
B2_propeller_inflow_angle_82cc3893,heldout,cpp,T38,elev_step,10,10,0,False,False,0.0,position/h-sl-ft,0.0,False,0.0,0.0,0.0641871625674865
B2_atmosphere_gradient_fadeout_05b709c8,heldout,cpp,T38,elev_step,10,10,0,False,False,0.0,position/h-sl-ft,0.0,False,0.0,0.0,0.0641871625674865
B_elevator_drag_8819410c,development,model,T38,aileron_step,10,10,0,False,True,0.0871729614997325,accelerations/udot-ft_sec2,0.1021533082068914,False,0.0,0.0,0.1649670065986802
B_pqrdot_5ad2694c,development,cpp,T38,aileron_step,10,10,0,False,True,0.0069473185317665,accelerations/qdot-rad_sec2,0.0081504652280833,False,0.0,0.0,0.0701859628074385
B_turbine_windmill_2db8e408,development,cpp,T38,aileron_step,10,10,0,False,False,0.0,position/h-sl-ft,0.0,False,0.0,0.0,0.0701859628074385
B2_turbine_throttle_init_c8af9244,heldout,cpp,T38,aileron_step,10,10,0,False,False,0.0,position/h-sl-ft,0.0,False,0.0,0.0,0.0701859628074385
B2_turbine_thruster_inputs_20066483,heldout,cpp,T38,aileron_step,10,10,0,False,False,0.0,position/h-sl-ft,0.0,False,0.0,0.0,0.0701859628074385
B2_wheel_spin_down_8a9fba1c,heldout,cpp,T38,aileron_step,10,10,0,False,False,0.0,position/h-sl-ft,0.0,False,0.0,0.0,0.0701859628074385
B2_sensor_fail_stuck_f543d634,heldout,cpp,T38,aileron_step,10,10,0,False,False,0.0,position/h-sl-ft,0.0,False,0.0,0.0,0.0701859628074385
B2_atmosphere_high_altitude_61f1e8c3,heldout,cpp,T38,aileron_step,10,10,0,False,False,0.0,position/h-sl-ft,0.0,False,0.0,0.0,0.0701859628074385
B2_load_factor_sign_c3fa7d22,heldout,cpp,T38,aileron_step,10,10,0,False,False,0.0,position/h-sl-ft,0.0,False,0.0,0.0,0.0701859628074385
B2_propeller_inflow_angle_82cc3893,heldout,cpp,T38,aileron_step,10,10,0,False,False,0.0,position/h-sl-ft,0.0,False,0.0,0.0,0.0701859628074385
B2_atmosphere_gradient_fadeout_05b709c8,heldout,cpp,T38,aileron_step,10,10,0,False,False,0.0,position/h-sl-ft,0.0,False,0.0,0.0,0.0701859628074385
B_elevator_drag_8819410c,development,model,T38,rudder_doublet,10,10,0,False,True,0.2645245125007527,velocities/h-dot-fps,0.287382589896132,False,0.0,4.0,0.0001999600079984
B_pqrdot_5ad2694c,development,cpp,T38,rudder_doublet,10,10,0,False,True,0.0020118097890466,accelerations/qdot-rad_sec2,0.0020716994208854,False,0.0,0.0,0.181363727254549
B_turbine_windmill_2db8e408,development,cpp,T38,rudder_doublet,10,10,0,False,False,0.0,position/h-sl-ft,0.0,False,0.0,0.0,0.181363727254549
B2_turbine_throttle_init_c8af9244,heldout,cpp,T38,rudder_doublet,10,10,0,False,False,0.0,position/h-sl-ft,0.0,False,0.0,0.0,0.181363727254549
B2_turbine_thruster_inputs_20066483,heldout,cpp,T38,rudder_doublet,10,10,0,False,False,0.0,position/h-sl-ft,0.0,False,0.0,0.0,0.181363727254549
B2_wheel_spin_down_8a9fba1c,heldout,cpp,T38,rudder_doublet,10,10,0,False,False,0.0,position/h-sl-ft,0.0,False,0.0,0.0,0.181363727254549
B2_sensor_fail_stuck_f543d634,heldout,cpp,T38,rudder_doublet,10,10,0,False,False,0.0,position/h-sl-ft,0.0,False,0.0,0.0,0.181363727254549
B2_atmosphere_high_altitude_61f1e8c3,heldout,cpp,T38,rudder_doublet,10,10,0,False,False,0.0,position/h-sl-ft,0.0,False,0.0,0.0,0.181363727254549
B2_load_factor_sign_c3fa7d22,heldout,cpp,T38,rudder_doublet,10,10,0,False,False,0.0,position/h-sl-ft,0.0,False,0.0,0.0,0.181363727254549
B2_propeller_inflow_angle_82cc3893,heldout,cpp,T38,rudder_doublet,10,10,0,False,False,0.0,position/h-sl-ft,0.0,False,0.0,0.0,0.181363727254549
B2_atmosphere_gradient_fadeout_05b709c8,heldout,cpp,T38,rudder_doublet,10,10,0,False,False,0.0,position/h-sl-ft,0.0,False,0.0,0.0,0.181363727254549
B_elevator_drag_8819410c,development,model,T38,bank_hold,10,10,0,False,True,0.2154224947071915,accelerations/udot-ft_sec2,0.214697767325057,False,0.0,6.0,0.007998400319936
B_pqrdot_5ad2694c,development,cpp,T38,bank_hold,10,10,0,False,True,0.0119461112062728,accelerations/qdot-rad_sec2,0.0114736236459124,False,0.0,0.0,0.3057388522295541
B_turbine_windmill_2db8e408,development,cpp,T38,bank_hold,10,10,0,False,False,0.0,position/h-sl-ft,0.0,False,0.0,0.0,0.3057388522295541
B2_turbine_throttle_init_c8af9244,heldout,cpp,T38,bank_hold,10,10,0,False,False,0.0,position/h-sl-ft,0.0,False,0.0,0.0,0.3057388522295541
B2_turbine_thruster_inputs_20066483,heldout,cpp,T38,bank_hold,10,10,0,False,False,0.0,position/h-sl-ft,0.0,False,0.0,0.0,0.3057388522295541
B2_wheel_spin_down_8a9fba1c,heldout,cpp,T38,bank_hold,10,10,0,False,False,0.0,position/h-sl-ft,0.0,False,0.0,0.0,0.3057388522295541
B2_sensor_fail_stuck_f543d634,heldout,cpp,T38,bank_hold,10,10,0,False,False,0.0,position/h-sl-ft,0.0,False,0.0,0.0,0.3057388522295541
B2_atmosphere_high_altitude_61f1e8c3,heldout,cpp,T38,bank_hold,10,10,0,False,False,0.0,position/h-sl-ft,0.0,False,0.0,0.0,0.3057388522295541
B2_load_factor_sign_c3fa7d22,heldout,cpp,T38,bank_hold,10,10,0,False,False,0.0,position/h-sl-ft,0.0,False,0.0,0.0,0.3057388522295541
B2_propeller_inflow_angle_82cc3893,heldout,cpp,T38,bank_hold,10,10,0,False,False,0.0,position/h-sl-ft,0.0,False,0.0,0.0,0.3057388522295541
B2_atmosphere_gradient_fadeout_05b709c8,heldout,cpp,T38,bank_hold,10,10,0,False,False,0.0,position/h-sl-ft,0.0,False,0.0,0.0,0.3057388522295541
B_elevator_drag_8819410c,development,model,T38,flap_extend,10,10,0,False,True,0.2359678737247914,velocities/v-fps,0.5925396139140854,False,0.0,9.0,0.0001999600079984
B_pqrdot_5ad2694c,development,cpp,T38,flap_extend,10,10,0,False,True,12.39422304727728,accelerations/pdot-rad_sec2,12.378826838265146,True,2.0,3.0,0.0001999600079984
B_turbine_windmill_2db8e408,development,cpp,T38,flap_extend,10,10,0,False,False,0.0,position/h-sl-ft,0.0,False,0.0,1.0,0.046990601879624
B2_turbine_throttle_init_c8af9244,heldout,cpp,T38,flap_extend,10,10,0,False,False,0.0,position/h-sl-ft,0.0,False,0.0,1.0,0.046990601879624
B2_turbine_thruster_inputs_20066483,heldout,cpp,T38,flap_extend,10,10,0,False,False,0.0,position/h-sl-ft,0.0,False,0.0,1.0,0.046990601879624
B2_wheel_spin_down_8a9fba1c,heldout,cpp,T38,flap_extend,10,10,0,False,False,0.0,position/h-sl-ft,0.0,False,0.0,1.0,0.046990601879624
B2_sensor_fail_stuck_f543d634,heldout,cpp,T38,flap_extend,10,10,0,False,False,0.0,position/h-sl-ft,0.0,False,0.0,1.0,0.046990601879624
B2_atmosphere_high_altitude_61f1e8c3,heldout,cpp,T38,flap_extend,10,10,0,False,False,0.0,position/h-sl-ft,0.0,False,0.0,1.0,0.046990601879624
B2_load_factor_sign_c3fa7d22,heldout,cpp,T38,flap_extend,10,10,0,False,False,0.0,position/h-sl-ft,0.0,False,0.0,1.0,0.046990601879624
B2_propeller_inflow_angle_82cc3893,heldout,cpp,T38,flap_extend,10,10,0,False,False,0.0,position/h-sl-ft,0.0,False,0.0,1.0,0.046990601879624
B2_atmosphere_gradient_fadeout_05b709c8,heldout,cpp,T38,flap_extend,10,10,0,False,False,0.0,position/h-sl-ft,0.0,False,0.0,1.0,0.046990601879624
B_elevator_drag_8819410c,development,model,T38,engine_cut,10,10,0,False,True,2.147429337723173,velocities/h-dot-fps,2.142018833416067,True,10.0,18.0,0.0001999600079984
B_pqrdot_5ad2694c,development,cpp,T38,engine_cut,10,10,0,False,True,0.0153101995389219,accelerations/qdot-rad_sec2,0.0153874912493449,False,0.0,3.0,0.0161967606478704
B_turbine_windmill_2db8e408,development,cpp,T38,engine_cut,10,10,0,False,False,0.0,position/h-sl-ft,0.0,False,0.0,3.0,0.016996600679864
B2_turbine_throttle_init_c8af9244,heldout,cpp,T38,engine_cut,10,10,0,False,False,0.0,position/h-sl-ft,0.0,False,0.0,3.0,0.016996600679864
B2_turbine_thruster_inputs_20066483,heldout,cpp,T38,engine_cut,10,10,0,False,False,0.0,position/h-sl-ft,0.0,False,0.0,3.0,0.016996600679864
B2_wheel_spin_down_8a9fba1c,heldout,cpp,T38,engine_cut,10,10,0,False,False,0.0,position/h-sl-ft,0.0,False,0.0,3.0,0.016996600679864
B2_sensor_fail_stuck_f543d634,heldout,cpp,T38,engine_cut,10,10,0,False,False,0.0,position/h-sl-ft,0.0,False,0.0,3.0,0.016996600679864
B2_atmosphere_high_altitude_61f1e8c3,heldout,cpp,T38,engine_cut,10,10,0,False,False,0.0,position/h-sl-ft,0.0,False,0.0,3.0,0.016996600679864
B2_load_factor_sign_c3fa7d22,heldout,cpp,T38,engine_cut,10,10,0,False,False,0.0,position/h-sl-ft,0.0,False,0.0,3.0,0.016996600679864
B2_propeller_inflow_angle_82cc3893,heldout,cpp,T38,engine_cut,10,10,0,False,False,0.0,position/h-sl-ft,0.0,False,0.0,3.0,0.016996600679864
B2_atmosphere_gradient_fadeout_05b709c8,heldout,cpp,T38,engine_cut,10,10,0,False,False,0.0,position/h-sl-ft,0.0,False,0.0,3.0,0.016996600679864
B_elevator_drag_8819410c,development,model,T38,climbing_turn,8,7,1,True,True,0.3149436029085145,accelerations/udot-ft_sec2,0.2793719372921462,False,0.0,3.0,0.0033993201359728
B_pqrdot_5ad2694c,development,cpp,T38,climbing_turn,8,8,0,False,True,0.0074117597628557,accelerations/rdot-rad_sec2,0.0076493747656572,False,0.0,1.0,0.036992601479704
B_turbine_windmill_2db8e408,development,cpp,T38,climbing_turn,8,8,0,False,False,0.0,position/h-sl-ft,0.0,False,0.0,1.0,0.036992601479704
B2_turbine_throttle_init_c8af9244,heldout,cpp,T38,climbing_turn,8,8,0,False,False,0.0,position/h-sl-ft,0.0,False,0.0,1.0,0.036992601479704
B2_turbine_thruster_inputs_20066483,heldout,cpp,T38,climbing_turn,8,8,0,False,False,0.0,position/h-sl-ft,0.0,False,0.0,1.0,0.036992601479704
B2_wheel_spin_down_8a9fba1c,heldout,cpp,T38,climbing_turn,8,8,0,False,False,0.0,position/h-sl-ft,0.0,False,0.0,1.0,0.036992601479704
B2_sensor_fail_stuck_f543d634,heldout,cpp,T38,climbing_turn,8,8,0,False,False,0.0,position/h-sl-ft,0.0,False,0.0,1.0,0.036992601479704
B2_atmosphere_high_altitude_61f1e8c3,heldout,cpp,T38,climbing_turn,8,8,0,False,False,0.0,position/h-sl-ft,0.0,False,0.0,1.0,0.036992601479704
B2_load_factor_sign_c3fa7d22,heldout,cpp,T38,climbing_turn,8,8,0,False,False,0.0,position/h-sl-ft,0.0,False,0.0,1.0,0.036992601479704
B2_propeller_inflow_angle_82cc3893,heldout,cpp,T38,climbing_turn,8,8,0,False,False,0.0,position/h-sl-ft,0.0,False,0.0,1.0,0.036992601479704
B2_atmosphere_gradient_fadeout_05b709c8,heldout,cpp,T38,climbing_turn,8,8,0,False,False,0.0,position/h-sl-ft,0.0,False,0.0,1.0,0.036992601479704
B_elevator_drag_8819410c,development,model,T38,elev_doublet_distractor,10,10,0,False,True,0.289612855725666,accelerations/udot-ft_sec2,0.3451602736904353,False,0.0,3.0,0.0005998800239952
B_pqrdot_5ad2694c,development,cpp,T38,elev_doublet_distractor,10,10,0,False,True,0.0009853337021165,accelerations/rdot-rad_sec2,0.0009175265860491,False,0.0,0.0,0.1347730453909218
B_turbine_windmill_2db8e408,development,cpp,T38,elev_doublet_distractor,10,10,0,False,False,0.0,position/h-sl-ft,0.0,False,0.0,0.0,0.1347730453909218
B2_turbine_throttle_init_c8af9244,heldout,cpp,T38,elev_doublet_distractor,10,10,0,False,False,0.0,position/h-sl-ft,0.0,False,0.0,0.0,0.1347730453909218
B2_turbine_thruster_inputs_20066483,heldout,cpp,T38,elev_doublet_distractor,10,10,0,False,False,0.0,position/h-sl-ft,0.0,False,0.0,0.0,0.1347730453909218
B2_wheel_spin_down_8a9fba1c,heldout,cpp,T38,elev_doublet_distractor,10,10,0,False,False,0.0,position/h-sl-ft,0.0,False,0.0,0.0,0.1347730453909218
B2_sensor_fail_stuck_f543d634,heldout,cpp,T38,elev_doublet_distractor,10,10,0,False,False,0.0,position/h-sl-ft,0.0,False,0.0,0.0,0.1347730453909218
B2_atmosphere_high_altitude_61f1e8c3,heldout,cpp,T38,elev_doublet_distractor,10,10,0,False,False,0.0,position/h-sl-ft,0.0,False,0.0,0.0,0.1347730453909218
B2_load_factor_sign_c3fa7d22,heldout,cpp,T38,elev_doublet_distractor,10,10,0,False,False,0.0,position/h-sl-ft,0.0,False,0.0,0.0,0.1347730453909218
B2_propeller_inflow_angle_82cc3893,heldout,cpp,T38,elev_doublet_distractor,10,10,0,False,False,0.0,position/h-sl-ft,0.0,False,0.0,0.0,0.1347730453909218
B2_atmosphere_gradient_fadeout_05b709c8,heldout,cpp,T38,elev_doublet_distractor,10,10,0,False,False,0.0,position/h-sl-ft,0.0,False,0.0,0.0,0.1347730453909218
B_elevator_drag_8819410c,development,model,c172p,cruise,10,10,0,False,True,30.22120984030001,accelerations/pdot-rad_sec2,20.26354710301069,True,13.0,20.0,0.0001999600079984
B_pqrdot_5ad2694c,development,cpp,c172p,cruise,10,10,0,False,True,0.0495028867318752,accelerations/pdot-rad_sec2,0.046868900043298,False,0.0,0.0,0.2743451309738052
B_piston_power_bcd3f980,development,cpp,c172p,cruise,10,10,0,False,False,0.0,position/h-sl-ft,0.0,False,0.0,0.0,0.2743451309738052
B2_turbine_throttle_init_c8af9244,heldout,cpp,c172p,cruise,10,10,0,False,False,0.0,position/h-sl-ft,0.0,False,0.0,0.0,0.2743451309738052
B2_turbine_thruster_inputs_20066483,heldout,cpp,c172p,cruise,10,10,0,False,False,0.0,position/h-sl-ft,0.0,False,0.0,0.0,0.2743451309738052
B2_wheel_spin_down_8a9fba1c,heldout,cpp,c172p,cruise,10,10,0,False,False,0.0,position/h-sl-ft,0.0,False,0.0,0.0,0.2743451309738052
B2_sensor_fail_stuck_f543d634,heldout,cpp,c172p,cruise,10,10,0,False,False,0.0,position/h-sl-ft,0.0,False,0.0,0.0,0.2743451309738052
B2_atmosphere_high_altitude_61f1e8c3,heldout,cpp,c172p,cruise,10,10,0,False,False,0.0,position/h-sl-ft,0.0,False,0.0,0.0,0.2743451309738052
B2_load_factor_sign_c3fa7d22,heldout,cpp,c172p,cruise,10,10,0,False,False,0.0,position/h-sl-ft,0.0,False,0.0,0.0,0.2743451309738052
B2_propeller_inflow_angle_82cc3893,heldout,cpp,c172p,cruise,10,10,0,False,True,0.1525862179480382,accelerations/pdot-rad_sec2,0.0875217931714704,False,0.0,0.0,0.2743451309738052
B2_atmosphere_gradient_fadeout_05b709c8,heldout,cpp,c172p,cruise,10,10,0,False,False,0.0,position/h-sl-ft,0.0,False,0.0,0.0,0.2743451309738052
B_elevator_drag_8819410c,development,model,c172p,throttle_step,10,10,0,False,True,2.772948560443681,attitude/phi-rad,2.6654934698397645,True,13.0,18.0,0.0001999600079984
B_pqrdot_5ad2694c,development,cpp,c172p,throttle_step,10,10,0,False,True,0.0045310120451691,accelerations/rdot-rad_sec2,0.0041247239384252,False,0.0,0.0,0.0537892421515696
B_piston_power_bcd3f980,development,cpp,c172p,throttle_step,10,10,0,False,False,0.0,position/h-sl-ft,0.0,False,0.0,0.0,0.0537892421515696
B2_turbine_throttle_init_c8af9244,heldout,cpp,c172p,throttle_step,10,10,0,False,False,0.0,position/h-sl-ft,0.0,False,0.0,0.0,0.0537892421515696
B2_turbine_thruster_inputs_20066483,heldout,cpp,c172p,throttle_step,10,10,0,False,False,0.0,position/h-sl-ft,0.0,False,0.0,0.0,0.0537892421515696
B2_wheel_spin_down_8a9fba1c,heldout,cpp,c172p,throttle_step,10,10,0,False,False,0.0,position/h-sl-ft,0.0,False,0.0,0.0,0.0537892421515696
B2_sensor_fail_stuck_f543d634,heldout,cpp,c172p,throttle_step,10,10,0,False,False,0.0,position/h-sl-ft,0.0,False,0.0,0.0,0.0537892421515696
B2_atmosphere_high_altitude_61f1e8c3,heldout,cpp,c172p,throttle_step,10,10,0,False,False,0.0,position/h-sl-ft,0.0,False,0.0,0.0,0.0537892421515696
B2_load_factor_sign_c3fa7d22,heldout,cpp,c172p,throttle_step,10,10,0,False,False,0.0,position/h-sl-ft,0.0,False,0.0,0.0,0.0537892421515696
B2_propeller_inflow_angle_82cc3893,heldout,cpp,c172p,throttle_step,10,10,0,False,True,0.0077800459893533,accelerations/vdot-ft_sec2,0.0087076501864502,False,0.0,0.0,0.0537892421515696
B2_atmosphere_gradient_fadeout_05b709c8,heldout,cpp,c172p,throttle_step,10,10,0,False,False,0.0,position/h-sl-ft,0.0,False,0.0,0.0,0.0537892421515696
B_elevator_drag_8819410c,development,model,c172p,elev_doublet,10,10,0,False,True,0.2666067663102703,aero/beta-deg,0.2882335078719553,False,0.0,8.0,0.0001999600079984
B_pqrdot_5ad2694c,development,cpp,c172p,elev_doublet,10,10,0,False,True,0.0002696406963413,accelerations/pdot-rad_sec2,0.0002902925757465,False,0.0,2.0,0.0055988802239552
B_piston_power_bcd3f980,development,cpp,c172p,elev_doublet,10,10,0,False,False,0.0,position/h-sl-ft,0.0,False,0.0,2.0,0.0055988802239552
B2_turbine_throttle_init_c8af9244,heldout,cpp,c172p,elev_doublet,10,10,0,False,False,0.0,position/h-sl-ft,0.0,False,0.0,2.0,0.0055988802239552
B2_turbine_thruster_inputs_20066483,heldout,cpp,c172p,elev_doublet,10,10,0,False,False,0.0,position/h-sl-ft,0.0,False,0.0,2.0,0.0055988802239552
B2_wheel_spin_down_8a9fba1c,heldout,cpp,c172p,elev_doublet,10,10,0,False,False,0.0,position/h-sl-ft,0.0,False,0.0,2.0,0.0055988802239552
B2_sensor_fail_stuck_f543d634,heldout,cpp,c172p,elev_doublet,10,10,0,False,False,0.0,position/h-sl-ft,0.0,False,0.0,2.0,0.0055988802239552
B2_atmosphere_high_altitude_61f1e8c3,heldout,cpp,c172p,elev_doublet,10,10,0,False,False,0.0,position/h-sl-ft,0.0,False,0.0,2.0,0.0055988802239552
B2_load_factor_sign_c3fa7d22,heldout,cpp,c172p,elev_doublet,10,10,0,False,False,0.0,position/h-sl-ft,0.0,False,0.0,2.0,0.0055988802239552
B2_propeller_inflow_angle_82cc3893,heldout,cpp,c172p,elev_doublet,10,10,0,False,True,0.0050600638086376,aero/beta-deg,0.0052345530381329,False,0.0,2.0,0.0055988802239552
B2_atmosphere_gradient_fadeout_05b709c8,heldout,cpp,c172p,elev_doublet,10,10,0,False,False,0.0,position/h-sl-ft,0.0,False,0.0,2.0,0.0055988802239552
B_elevator_drag_8819410c,development,model,c172p,elev_step,10,10,0,False,True,0.5282765038484744,attitude/psi-rad,0.5029986288668206,False,0.0,17.0,0.0001999600079984
B_pqrdot_5ad2694c,development,cpp,c172p,elev_step,10,10,0,False,True,0.0006866678819961,accelerations/pdot-rad_sec2,0.0006224845962334,False,0.0,4.0,0.013997200559888
B_piston_power_bcd3f980,development,cpp,c172p,elev_step,10,10,0,False,False,0.0,position/h-sl-ft,0.0,False,0.0,4.0,0.013997200559888
B2_turbine_throttle_init_c8af9244,heldout,cpp,c172p,elev_step,10,10,0,False,False,0.0,position/h-sl-ft,0.0,False,0.0,4.0,0.013997200559888
B2_turbine_thruster_inputs_20066483,heldout,cpp,c172p,elev_step,10,10,0,False,False,0.0,position/h-sl-ft,0.0,False,0.0,4.0,0.013997200559888
B2_wheel_spin_down_8a9fba1c,heldout,cpp,c172p,elev_step,10,10,0,False,False,0.0,position/h-sl-ft,0.0,False,0.0,4.0,0.013997200559888
B2_sensor_fail_stuck_f543d634,heldout,cpp,c172p,elev_step,10,10,0,False,False,0.0,position/h-sl-ft,0.0,False,0.0,4.0,0.013997200559888
B2_atmosphere_high_altitude_61f1e8c3,heldout,cpp,c172p,elev_step,10,10,0,False,False,0.0,position/h-sl-ft,0.0,False,0.0,4.0,0.013997200559888
B2_load_factor_sign_c3fa7d22,heldout,cpp,c172p,elev_step,10,10,0,False,False,0.0,position/h-sl-ft,0.0,False,0.0,4.0,0.013997200559888
B2_propeller_inflow_angle_82cc3893,heldout,cpp,c172p,elev_step,10,10,0,False,True,0.0102942090384876,attitude/psi-rad,0.006297503945086,False,0.0,5.0,0.0133973205358928
B2_atmosphere_gradient_fadeout_05b709c8,heldout,cpp,c172p,elev_step,10,10,0,False,False,0.0,position/h-sl-ft,0.0,False,0.0,4.0,0.013997200559888
B_elevator_drag_8819410c,development,model,c172p,aileron_step,10,10,0,False,True,0.4377023426919304,accelerations/udot-ft_sec2,0.4337395925803185,False,0.0,5.0,0.0001999600079984
B_pqrdot_5ad2694c,development,cpp,c172p,aileron_step,10,10,0,False,True,0.0019871937727125,accelerations/qdot-rad_sec2,0.0020878177806721,False,0.0,0.0,0.2253549290141971
B_piston_power_bcd3f980,development,cpp,c172p,aileron_step,10,10,0,False,False,0.0,position/h-sl-ft,0.0,False,0.0,0.0,0.2253549290141971
B2_turbine_throttle_init_c8af9244,heldout,cpp,c172p,aileron_step,10,10,0,False,False,0.0,position/h-sl-ft,0.0,False,0.0,0.0,0.2253549290141971
B2_turbine_thruster_inputs_20066483,heldout,cpp,c172p,aileron_step,10,10,0,False,False,0.0,position/h-sl-ft,0.0,False,0.0,0.0,0.2253549290141971
B2_wheel_spin_down_8a9fba1c,heldout,cpp,c172p,aileron_step,10,10,0,False,False,0.0,position/h-sl-ft,0.0,False,0.0,0.0,0.2253549290141971
B2_sensor_fail_stuck_f543d634,heldout,cpp,c172p,aileron_step,10,10,0,False,False,0.0,position/h-sl-ft,0.0,False,0.0,0.0,0.2253549290141971
B2_atmosphere_high_altitude_61f1e8c3,heldout,cpp,c172p,aileron_step,10,10,0,False,False,0.0,position/h-sl-ft,0.0,False,0.0,0.0,0.2253549290141971
B2_load_factor_sign_c3fa7d22,heldout,cpp,c172p,aileron_step,10,10,0,False,False,0.0,position/h-sl-ft,0.0,False,0.0,0.0,0.2253549290141971
B2_propeller_inflow_angle_82cc3893,heldout,cpp,c172p,aileron_step,10,10,0,False,True,0.0014240510394071,accelerations/wdot-ft_sec2,0.0014459171949659,False,0.0,0.0,0.2259548090381923
B2_atmosphere_gradient_fadeout_05b709c8,heldout,cpp,c172p,aileron_step,10,10,0,False,False,0.0,position/h-sl-ft,0.0,False,0.0,0.0,0.2253549290141971
B_elevator_drag_8819410c,development,model,c172p,rudder_doublet,10,10,0,False,True,0.3467968570264541,velocities/h-dot-fps,0.31309541977931,False,0.0,7.0,0.0001999600079984
B_pqrdot_5ad2694c,development,cpp,c172p,rudder_doublet,10,10,0,False,True,0.0002622174730304,accelerations/qdot-rad_sec2,0.0002386144691857,False,0.0,1.0,0.0331933613277344
B_piston_power_bcd3f980,development,cpp,c172p,rudder_doublet,10,10,0,False,False,0.0,position/h-sl-ft,0.0,False,0.0,1.0,0.0331933613277344
B2_turbine_throttle_init_c8af9244,heldout,cpp,c172p,rudder_doublet,10,10,0,False,False,0.0,position/h-sl-ft,0.0,False,0.0,1.0,0.0331933613277344
B2_turbine_thruster_inputs_20066483,heldout,cpp,c172p,rudder_doublet,10,10,0,False,False,0.0,position/h-sl-ft,0.0,False,0.0,1.0,0.0331933613277344
B2_wheel_spin_down_8a9fba1c,heldout,cpp,c172p,rudder_doublet,10,10,0,False,False,0.0,position/h-sl-ft,0.0,False,0.0,1.0,0.0331933613277344
B2_sensor_fail_stuck_f543d634,heldout,cpp,c172p,rudder_doublet,10,10,0,False,False,0.0,position/h-sl-ft,0.0,False,0.0,1.0,0.0331933613277344
B2_atmosphere_high_altitude_61f1e8c3,heldout,cpp,c172p,rudder_doublet,10,10,0,False,False,0.0,position/h-sl-ft,0.0,False,0.0,1.0,0.0331933613277344
B2_load_factor_sign_c3fa7d22,heldout,cpp,c172p,rudder_doublet,10,10,0,False,False,0.0,position/h-sl-ft,0.0,False,0.0,1.0,0.0331933613277344
B2_propeller_inflow_angle_82cc3893,heldout,cpp,c172p,rudder_doublet,10,10,0,False,True,0.0020209347621293,velocities/q-rad_sec,0.0019029281216099,False,0.0,1.0,0.0331933613277344
B2_atmosphere_gradient_fadeout_05b709c8,heldout,cpp,c172p,rudder_doublet,10,10,0,False,False,0.0,position/h-sl-ft,0.0,False,0.0,1.0,0.0331933613277344
B_elevator_drag_8819410c,development,model,c172p,bank_hold,10,10,0,False,True,0.5137615326330075,accelerations/udot-ft_sec2,0.480582894021476,False,0.0,5.0,0.0001999600079984
B_pqrdot_5ad2694c,development,cpp,c172p,bank_hold,10,10,0,False,True,0.0038745354714348,accelerations/qdot-rad_sec2,0.0039164552331192,False,0.0,0.0,0.1161767646470705
B_piston_power_bcd3f980,development,cpp,c172p,bank_hold,10,10,0,False,False,0.0,position/h-sl-ft,0.0,False,0.0,0.0,0.1161767646470705
B2_turbine_throttle_init_c8af9244,heldout,cpp,c172p,bank_hold,10,10,0,False,False,0.0,position/h-sl-ft,0.0,False,0.0,0.0,0.1161767646470705
B2_turbine_thruster_inputs_20066483,heldout,cpp,c172p,bank_hold,10,10,0,False,False,0.0,position/h-sl-ft,0.0,False,0.0,0.0,0.1161767646470705
B2_wheel_spin_down_8a9fba1c,heldout,cpp,c172p,bank_hold,10,10,0,False,False,0.0,position/h-sl-ft,0.0,False,0.0,0.0,0.1161767646470705
B2_sensor_fail_stuck_f543d634,heldout,cpp,c172p,bank_hold,10,10,0,False,False,0.0,position/h-sl-ft,0.0,False,0.0,0.0,0.1161767646470705
B2_atmosphere_high_altitude_61f1e8c3,heldout,cpp,c172p,bank_hold,10,10,0,False,False,0.0,position/h-sl-ft,0.0,False,0.0,0.0,0.1161767646470705
B2_load_factor_sign_c3fa7d22,heldout,cpp,c172p,bank_hold,10,10,0,False,False,0.0,position/h-sl-ft,0.0,False,0.0,0.0,0.1161767646470705
B2_propeller_inflow_angle_82cc3893,heldout,cpp,c172p,bank_hold,10,10,0,False,True,0.0020401560660398,accelerations/wdot-ft_sec2,0.001959701898402,False,0.0,0.0,0.2305538892221555
B2_atmosphere_gradient_fadeout_05b709c8,heldout,cpp,c172p,bank_hold,10,10,0,False,False,0.0,position/h-sl-ft,0.0,False,0.0,0.0,0.1161767646470705
B_elevator_drag_8819410c,development,model,c172p,flap_extend,10,10,0,False,True,0.8944567599595831,attitude/psi-rad,0.905905424549306,False,0.0,15.0,0.0001999600079984
B_pqrdot_5ad2694c,development,cpp,c172p,flap_extend,10,10,0,False,True,0.0013883258069719,accelerations/pdot-rad_sec2,0.0014371564334766,False,0.0,3.0,0.0117976404719056
B_piston_power_bcd3f980,development,cpp,c172p,flap_extend,10,10,0,False,False,0.0,position/h-sl-ft,0.0,False,0.0,3.0,0.0117976404719056
B2_turbine_throttle_init_c8af9244,heldout,cpp,c172p,flap_extend,10,10,0,False,False,0.0,position/h-sl-ft,0.0,False,0.0,3.0,0.0117976404719056
B2_turbine_thruster_inputs_20066483,heldout,cpp,c172p,flap_extend,10,10,0,False,False,0.0,position/h-sl-ft,0.0,False,0.0,3.0,0.0117976404719056
B2_wheel_spin_down_8a9fba1c,heldout,cpp,c172p,flap_extend,10,10,0,False,False,0.0,position/h-sl-ft,0.0,False,0.0,3.0,0.0117976404719056
B2_sensor_fail_stuck_f543d634,heldout,cpp,c172p,flap_extend,10,10,0,False,False,0.0,position/h-sl-ft,0.0,False,0.0,3.0,0.0117976404719056
B2_atmosphere_high_altitude_61f1e8c3,heldout,cpp,c172p,flap_extend,10,10,0,False,False,0.0,position/h-sl-ft,0.0,False,0.0,3.0,0.0117976404719056
B2_load_factor_sign_c3fa7d22,heldout,cpp,c172p,flap_extend,10,10,0,False,False,0.0,position/h-sl-ft,0.0,False,0.0,3.0,0.0117976404719056
B2_propeller_inflow_angle_82cc3893,heldout,cpp,c172p,flap_extend,10,10,0,False,True,0.6063746388527571,attitude/psi-rad,0.6267101554537275,False,0.0,6.0,0.0001999600079984
B2_atmosphere_gradient_fadeout_05b709c8,heldout,cpp,c172p,flap_extend,10,10,0,False,False,0.0,position/h-sl-ft,0.0,False,0.0,3.0,0.0117976404719056
B_elevator_drag_8819410c,development,model,c172p,climbing_turn,10,10,0,False,True,0.6535757141203882,position/h-agl-ft,0.6720885756161493,False,0.0,11.0,0.0001999600079984
B_pqrdot_5ad2694c,development,cpp,c172p,climbing_turn,10,10,0,False,True,0.0007330951025537,accelerations/rdot-rad_sec2,0.0008441260724877,False,0.0,5.0,0.0223955208958208
B_piston_power_bcd3f980,development,cpp,c172p,climbing_turn,10,10,0,False,False,0.0,position/h-sl-ft,0.0,False,0.0,5.0,0.0223955208958208
B2_turbine_throttle_init_c8af9244,heldout,cpp,c172p,climbing_turn,10,10,0,False,False,0.0,position/h-sl-ft,0.0,False,0.0,5.0,0.0223955208958208
B2_turbine_thruster_inputs_20066483,heldout,cpp,c172p,climbing_turn,10,10,0,False,False,0.0,position/h-sl-ft,0.0,False,0.0,5.0,0.0223955208958208
B2_wheel_spin_down_8a9fba1c,heldout,cpp,c172p,climbing_turn,10,10,0,False,False,0.0,position/h-sl-ft,0.0,False,0.0,5.0,0.0223955208958208
B2_sensor_fail_stuck_f543d634,heldout,cpp,c172p,climbing_turn,10,10,0,False,False,0.0,position/h-sl-ft,0.0,False,0.0,5.0,0.0223955208958208
B2_atmosphere_high_altitude_61f1e8c3,heldout,cpp,c172p,climbing_turn,10,10,0,False,False,0.0,position/h-sl-ft,0.0,False,0.0,5.0,0.0223955208958208
B2_load_factor_sign_c3fa7d22,heldout,cpp,c172p,climbing_turn,10,10,0,False,False,0.0,position/h-sl-ft,0.0,False,0.0,5.0,0.0223955208958208
B2_propeller_inflow_angle_82cc3893,heldout,cpp,c172p,climbing_turn,10,10,0,False,True,0.0025587743431384,aero/beta-deg,0.0023207747239393,False,0.0,5.0,0.0223955208958208
B2_atmosphere_gradient_fadeout_05b709c8,heldout,cpp,c172p,climbing_turn,10,10,0,False,False,0.0,position/h-sl-ft,0.0,False,0.0,5.0,0.0223955208958208
B_elevator_drag_8819410c,development,model,c172p,elev_doublet_distractor,10,10,0,False,True,0.2367567229605793,accelerations/udot-ft_sec2,0.2347925903507887,False,0.0,7.0,0.0003999200159968
B_pqrdot_5ad2694c,development,cpp,c172p,elev_doublet_distractor,10,10,0,False,True,0.0001140722764002,accelerations/rdot-rad_sec2,0.0001356960549077,False,0.0,1.0,0.030993801239752
B_piston_power_bcd3f980,development,cpp,c172p,elev_doublet_distractor,10,10,0,False,False,0.0,position/h-sl-ft,0.0,False,0.0,1.0,0.030993801239752
B2_turbine_throttle_init_c8af9244,heldout,cpp,c172p,elev_doublet_distractor,10,10,0,False,False,0.0,position/h-sl-ft,0.0,False,0.0,1.0,0.030993801239752
B2_turbine_thruster_inputs_20066483,heldout,cpp,c172p,elev_doublet_distractor,10,10,0,False,False,0.0,position/h-sl-ft,0.0,False,0.0,1.0,0.030993801239752
B2_wheel_spin_down_8a9fba1c,heldout,cpp,c172p,elev_doublet_distractor,10,10,0,False,False,0.0,position/h-sl-ft,0.0,False,0.0,1.0,0.030993801239752
B2_sensor_fail_stuck_f543d634,heldout,cpp,c172p,elev_doublet_distractor,10,10,0,False,False,0.0,position/h-sl-ft,0.0,False,0.0,1.0,0.030993801239752
B2_atmosphere_high_altitude_61f1e8c3,heldout,cpp,c172p,elev_doublet_distractor,10,10,0,False,False,0.0,position/h-sl-ft,0.0,False,0.0,1.0,0.030993801239752
B2_load_factor_sign_c3fa7d22,heldout,cpp,c172p,elev_doublet_distractor,10,10,0,False,False,0.0,position/h-sl-ft,0.0,False,0.0,1.0,0.030993801239752
B2_propeller_inflow_angle_82cc3893,heldout,cpp,c172p,elev_doublet_distractor,10,10,0,False,True,0.0008173387869371,accelerations/vdot-ft_sec2,0.0008970426745523,False,0.0,1.0,0.030993801239752
B2_atmosphere_gradient_fadeout_05b709c8,heldout,cpp,c172p,elev_doublet_distractor,10,10,0,False,False,0.0,position/h-sl-ft,0.0,False,0.0,1.0,0.030993801239752
B_elevator_drag_8819410c,development,model,c172p,engine_stop,10,0,10,True,,,,,,,,
B_pqrdot_5ad2694c,development,cpp,c172p,engine_stop,10,0,10,True,,,,,,,,
B_piston_power_bcd3f980,development,cpp,c172p,engine_stop,10,6,4,True,True,14464.062268276815,accelerations/vdot-ft_sec2,62188.43945472778,True,22.0,22.0,0.0001999600079984
B2_turbine_throttle_init_c8af9244,heldout,cpp,c172p,engine_stop,10,10,0,False,False,0.0,position/h-sl-ft,0.0,False,0.0,0.0,0.2999400119976004
B2_turbine_thruster_inputs_20066483,heldout,cpp,c172p,engine_stop,10,10,0,False,False,0.0,position/h-sl-ft,0.0,False,0.0,0.0,0.2999400119976004
B2_wheel_spin_down_8a9fba1c,heldout,cpp,c172p,engine_stop,10,10,0,False,False,0.0,position/h-sl-ft,0.0,False,0.0,0.0,0.2999400119976004
B2_sensor_fail_stuck_f543d634,heldout,cpp,c172p,engine_stop,10,10,0,False,False,0.0,position/h-sl-ft,0.0,False,0.0,0.0,0.2999400119976004
B2_atmosphere_high_altitude_61f1e8c3,heldout,cpp,c172p,engine_stop,10,10,0,False,False,0.0,position/h-sl-ft,0.0,False,0.0,0.0,0.2999400119976004
B2_load_factor_sign_c3fa7d22,heldout,cpp,c172p,engine_stop,10,10,0,False,False,0.0,position/h-sl-ft,0.0,False,0.0,0.0,0.2999400119976004
B2_propeller_inflow_angle_82cc3893,heldout,cpp,c172p,engine_stop,10,10,0,False,True,0.0038419972824191,attitude/phi-rad,0.0038135439726661,False,0.0,0.0,0.2999400119976004
B2_atmosphere_gradient_fadeout_05b709c8,heldout,cpp,c172p,engine_stop,10,10,0,False,False,0.0,position/h-sl-ft,0.0,False,0.0,0.0,0.2999400119976004
B_elevator_drag_8819410c,development,model,c172r,cruise,10,10,0,False,True,3.1689925715816427,velocities/p-rad_sec,26764.747752341616,True,15.0,17.0,0.0001999600079984
B_pqrdot_5ad2694c,development,cpp,c172r,cruise,10,10,0,False,True,0.0454881684396168,accelerations/pdot-rad_sec2,0.0473864216933983,False,0.0,0.0,0.2679464107178564
B_piston_power_bcd3f980,development,cpp,c172r,cruise,10,10,0,False,False,0.0,position/h-sl-ft,0.0,False,0.0,0.0,0.2679464107178564
B2_turbine_throttle_init_c8af9244,heldout,cpp,c172r,cruise,10,10,0,False,False,0.0,position/h-sl-ft,0.0,False,0.0,0.0,0.2679464107178564
B2_turbine_thruster_inputs_20066483,heldout,cpp,c172r,cruise,10,10,0,False,False,0.0,position/h-sl-ft,0.0,False,0.0,0.0,0.2679464107178564
B2_wheel_spin_down_8a9fba1c,heldout,cpp,c172r,cruise,10,10,0,False,False,0.0,position/h-sl-ft,0.0,False,0.0,0.0,0.2679464107178564
B2_sensor_fail_stuck_f543d634,heldout,cpp,c172r,cruise,10,10,0,False,False,0.0,position/h-sl-ft,0.0,False,0.0,0.0,0.2679464107178564
B2_atmosphere_high_altitude_61f1e8c3,heldout,cpp,c172r,cruise,10,10,0,False,False,0.0,position/h-sl-ft,0.0,False,0.0,0.0,0.2679464107178564
B2_load_factor_sign_c3fa7d22,heldout,cpp,c172r,cruise,10,10,0,False,False,0.0,position/h-sl-ft,0.0,False,0.0,0.0,0.2679464107178564
B2_propeller_inflow_angle_82cc3893,heldout,cpp,c172r,cruise,10,10,0,False,True,0.0554507498510374,attitude/phi-rad,0.079912132799123,False,0.0,0.0,0.2403519296140772
B2_atmosphere_gradient_fadeout_05b709c8,heldout,cpp,c172r,cruise,10,10,0,False,False,0.0,position/h-sl-ft,0.0,False,0.0,0.0,0.2679464107178564
B_elevator_drag_8819410c,development,model,c172r,throttle_step,10,10,0,False,True,3.2207087703295065,velocities/h-dot-fps,13.953530219804245,True,15.0,16.0,0.0001999600079984
B_pqrdot_5ad2694c,development,cpp,c172r,throttle_step,10,10,0,False,True,0.0051652824215349,accelerations/pdot-rad_sec2,0.0048502789670606,False,0.0,6.0,0.0015996800639872
B_piston_power_bcd3f980,development,cpp,c172r,throttle_step,10,10,0,False,False,0.0,position/h-sl-ft,0.0,False,0.0,6.0,0.0015996800639872
B2_turbine_throttle_init_c8af9244,heldout,cpp,c172r,throttle_step,10,10,0,False,False,0.0,position/h-sl-ft,0.0,False,0.0,6.0,0.0015996800639872
B2_turbine_thruster_inputs_20066483,heldout,cpp,c172r,throttle_step,10,10,0,False,False,0.0,position/h-sl-ft,0.0,False,0.0,6.0,0.0015996800639872
B2_wheel_spin_down_8a9fba1c,heldout,cpp,c172r,throttle_step,10,10,0,False,False,0.0,position/h-sl-ft,0.0,False,0.0,6.0,0.0015996800639872
B2_sensor_fail_stuck_f543d634,heldout,cpp,c172r,throttle_step,10,10,0,False,False,0.0,position/h-sl-ft,0.0,False,0.0,6.0,0.0015996800639872
B2_atmosphere_high_altitude_61f1e8c3,heldout,cpp,c172r,throttle_step,10,10,0,False,False,0.0,position/h-sl-ft,0.0,False,0.0,6.0,0.0015996800639872
B2_load_factor_sign_c3fa7d22,heldout,cpp,c172r,throttle_step,10,10,0,False,False,0.0,position/h-sl-ft,0.0,False,0.0,6.0,0.0015996800639872
B2_propeller_inflow_angle_82cc3893,heldout,cpp,c172r,throttle_step,10,10,0,False,True,0.0290367349865599,accelerations/vdot-ft_sec2,0.0305846426710831,False,0.0,5.0,0.0031993601279744
B2_atmosphere_gradient_fadeout_05b709c8,heldout,cpp,c172r,throttle_step,10,10,0,False,False,0.0,position/h-sl-ft,0.0,False,0.0,6.0,0.0015996800639872
B_elevator_drag_8819410c,development,model,c172r,elev_doublet,10,10,0,False,True,0.1260557306406586,accelerations/udot-ft_sec2,0.6953767644972009,False,0.0,18.0,0.0001999600079984
B_pqrdot_5ad2694c,development,cpp,c172r,elev_doublet,10,10,0,False,True,0.0005344514371967,accelerations/pdot-rad_sec2,0.0005832197979001,False,0.0,3.0,0.0255948810237952
B_piston_power_bcd3f980,development,cpp,c172r,elev_doublet,10,10,0,False,False,0.0,position/h-sl-ft,0.0,False,0.0,3.0,0.0255948810237952
B2_turbine_throttle_init_c8af9244,heldout,cpp,c172r,elev_doublet,10,10,0,False,False,0.0,position/h-sl-ft,0.0,False,0.0,3.0,0.0255948810237952
B2_turbine_thruster_inputs_20066483,heldout,cpp,c172r,elev_doublet,10,10,0,False,False,0.0,position/h-sl-ft,0.0,False,0.0,3.0,0.0255948810237952
B2_wheel_spin_down_8a9fba1c,heldout,cpp,c172r,elev_doublet,10,10,0,False,False,0.0,position/h-sl-ft,0.0,False,0.0,3.0,0.0255948810237952
B2_sensor_fail_stuck_f543d634,heldout,cpp,c172r,elev_doublet,10,10,0,False,False,0.0,position/h-sl-ft,0.0,False,0.0,3.0,0.0255948810237952
B2_atmosphere_high_altitude_61f1e8c3,heldout,cpp,c172r,elev_doublet,10,10,0,False,False,0.0,position/h-sl-ft,0.0,False,0.0,3.0,0.0255948810237952
B2_load_factor_sign_c3fa7d22,heldout,cpp,c172r,elev_doublet,10,10,0,False,False,0.0,position/h-sl-ft,0.0,False,0.0,3.0,0.0255948810237952
B2_propeller_inflow_angle_82cc3893,heldout,cpp,c172r,elev_doublet,10,10,0,False,True,0.0090423218126254,accelerations/vdot-ft_sec2,0.0112424463258969,False,0.0,4.0,0.0143971205758848
B2_atmosphere_gradient_fadeout_05b709c8,heldout,cpp,c172r,elev_doublet,10,10,0,False,False,0.0,position/h-sl-ft,0.0,False,0.0,3.0,0.0255948810237952
B_elevator_drag_8819410c,development,model,c172r,elev_step,10,10,0,False,True,0.6540264514347748,attitude/psi-rad,1.039019634300084,True,1.0,18.0,0.0001999600079984
B_pqrdot_5ad2694c,development,cpp,c172r,elev_step,10,10,0,False,True,0.0010856160004172,accelerations/pdot-rad_sec2,0.0010077279694141,False,0.0,6.0,0.0023995200959808
B_piston_power_bcd3f980,development,cpp,c172r,elev_step,10,10,0,False,False,0.0,position/h-sl-ft,0.0,False,0.0,6.0,0.0025994801039792
B2_turbine_throttle_init_c8af9244,heldout,cpp,c172r,elev_step,10,10,0,False,False,0.0,position/h-sl-ft,0.0,False,0.0,6.0,0.0025994801039792
B2_turbine_thruster_inputs_20066483,heldout,cpp,c172r,elev_step,10,10,0,False,False,0.0,position/h-sl-ft,0.0,False,0.0,6.0,0.0025994801039792
B2_wheel_spin_down_8a9fba1c,heldout,cpp,c172r,elev_step,10,10,0,False,False,0.0,position/h-sl-ft,0.0,False,0.0,6.0,0.0025994801039792
B2_sensor_fail_stuck_f543d634,heldout,cpp,c172r,elev_step,10,10,0,False,False,0.0,position/h-sl-ft,0.0,False,0.0,6.0,0.0025994801039792
B2_atmosphere_high_altitude_61f1e8c3,heldout,cpp,c172r,elev_step,10,10,0,False,False,0.0,position/h-sl-ft,0.0,False,0.0,6.0,0.0025994801039792
B2_load_factor_sign_c3fa7d22,heldout,cpp,c172r,elev_step,10,10,0,False,False,0.0,position/h-sl-ft,0.0,False,0.0,6.0,0.0025994801039792
B2_propeller_inflow_angle_82cc3893,heldout,cpp,c172r,elev_step,10,10,0,False,True,0.0933098555033747,attitude/psi-rad,0.0669762721140335,False,0.0,6.0,0.0021995600879824
B2_atmosphere_gradient_fadeout_05b709c8,heldout,cpp,c172r,elev_step,10,10,0,False,False,0.0,position/h-sl-ft,0.0,False,0.0,6.0,0.0025994801039792
B_elevator_drag_8819410c,development,model,c172r,aileron_step,10,10,0,False,True,18.91043643873681,accelerations/qdot-rad_sec2,6.04122677858889,True,2.0,14.0,0.0001999600079984
B_pqrdot_5ad2694c,development,cpp,c172r,aileron_step,10,10,0,False,True,0.0029762430402771,accelerations/qdot-rad_sec2,0.0031041932878734,False,0.0,0.0,0.0781843631273745
B_piston_power_bcd3f980,development,cpp,c172r,aileron_step,10,10,0,False,False,0.0,position/h-sl-ft,0.0,False,0.0,0.0,0.0781843631273745
B2_turbine_throttle_init_c8af9244,heldout,cpp,c172r,aileron_step,10,10,0,False,False,0.0,position/h-sl-ft,0.0,False,0.0,0.0,0.0781843631273745
B2_turbine_thruster_inputs_20066483,heldout,cpp,c172r,aileron_step,10,10,0,False,False,0.0,position/h-sl-ft,0.0,False,0.0,0.0,0.0781843631273745
B2_wheel_spin_down_8a9fba1c,heldout,cpp,c172r,aileron_step,10,10,0,False,False,0.0,position/h-sl-ft,0.0,False,0.0,0.0,0.0781843631273745
B2_sensor_fail_stuck_f543d634,heldout,cpp,c172r,aileron_step,10,10,0,False,False,0.0,position/h-sl-ft,0.0,False,0.0,0.0,0.0781843631273745
B2_atmosphere_high_altitude_61f1e8c3,heldout,cpp,c172r,aileron_step,10,10,0,False,False,0.0,position/h-sl-ft,0.0,False,0.0,0.0,0.0781843631273745
B2_load_factor_sign_c3fa7d22,heldout,cpp,c172r,aileron_step,10,10,0,False,False,0.0,position/h-sl-ft,0.0,False,0.0,0.0,0.0781843631273745
B2_propeller_inflow_angle_82cc3893,heldout,cpp,c172r,aileron_step,10,10,0,False,True,0.0035109123227201,accelerations/wdot-ft_sec2,0.0037315678224087,False,0.0,0.0,0.0707858428314337
B2_atmosphere_gradient_fadeout_05b709c8,heldout,cpp,c172r,aileron_step,10,10,0,False,False,0.0,position/h-sl-ft,0.0,False,0.0,0.0,0.0781843631273745
B_elevator_drag_8819410c,development,model,c172r,rudder_doublet,10,10,0,False,True,0.4401509020962182,velocities/h-dot-fps,0.3720212262122472,False,0.0,6.0,0.0001999600079984
B_pqrdot_5ad2694c,development,cpp,c172r,rudder_doublet,10,10,0,False,True,0.0004167566633364,accelerations/qdot-rad_sec2,0.0003794788038387,False,0.0,0.0,0.27374525094981
B_piston_power_bcd3f980,development,cpp,c172r,rudder_doublet,10,10,0,False,False,0.0,position/h-sl-ft,0.0,False,0.0,0.0,0.27374525094981
B2_turbine_throttle_init_c8af9244,heldout,cpp,c172r,rudder_doublet,10,10,0,False,False,0.0,position/h-sl-ft,0.0,False,0.0,0.0,0.27374525094981
B2_turbine_thruster_inputs_20066483,heldout,cpp,c172r,rudder_doublet,10,10,0,False,False,0.0,position/h-sl-ft,0.0,False,0.0,0.0,0.27374525094981
B2_wheel_spin_down_8a9fba1c,heldout,cpp,c172r,rudder_doublet,10,10,0,False,False,0.0,position/h-sl-ft,0.0,False,0.0,0.0,0.27374525094981
B2_sensor_fail_stuck_f543d634,heldout,cpp,c172r,rudder_doublet,10,10,0,False,False,0.0,position/h-sl-ft,0.0,False,0.0,0.0,0.27374525094981
B2_atmosphere_high_altitude_61f1e8c3,heldout,cpp,c172r,rudder_doublet,10,10,0,False,False,0.0,position/h-sl-ft,0.0,False,0.0,0.0,0.27374525094981
B2_load_factor_sign_c3fa7d22,heldout,cpp,c172r,rudder_doublet,10,10,0,False,False,0.0,position/h-sl-ft,0.0,False,0.0,0.0,0.27374525094981
B2_propeller_inflow_angle_82cc3893,heldout,cpp,c172r,rudder_doublet,10,10,0,False,True,0.0079617761329813,velocities/q-rad_sec,0.0075621051295859,False,0.0,0.0,0.3537292541491701
B2_atmosphere_gradient_fadeout_05b709c8,heldout,cpp,c172r,rudder_doublet,10,10,0,False,False,0.0,position/h-sl-ft,0.0,False,0.0,0.0,0.27374525094981
B_elevator_drag_8819410c,development,model,c172r,bank_hold,10,10,0,False,True,0.767122743874151,attitude/theta-rad,0.8950908463156242,False,0.0,9.0,0.0001999600079984
B_pqrdot_5ad2694c,development,cpp,c172r,bank_hold,10,10,0,False,True,0.0039718168305313,accelerations/qdot-rad_sec2,0.0039514559304658,False,0.0,1.0,0.0265946810637872
B_piston_power_bcd3f980,development,cpp,c172r,bank_hold,10,10,0,False,False,0.0,position/h-sl-ft,0.0,False,0.0,1.0,0.0265946810637872
B2_turbine_throttle_init_c8af9244,heldout,cpp,c172r,bank_hold,10,10,0,False,False,0.0,position/h-sl-ft,0.0,False,0.0,1.0,0.0265946810637872
B2_turbine_thruster_inputs_20066483,heldout,cpp,c172r,bank_hold,10,10,0,False,False,0.0,position/h-sl-ft,0.0,False,0.0,1.0,0.0265946810637872
B2_wheel_spin_down_8a9fba1c,heldout,cpp,c172r,bank_hold,10,10,0,False,False,0.0,position/h-sl-ft,0.0,False,0.0,1.0,0.0265946810637872
B2_sensor_fail_stuck_f543d634,heldout,cpp,c172r,bank_hold,10,10,0,False,False,0.0,position/h-sl-ft,0.0,False,0.0,1.0,0.0265946810637872
B2_atmosphere_high_altitude_61f1e8c3,heldout,cpp,c172r,bank_hold,10,10,0,False,False,0.0,position/h-sl-ft,0.0,False,0.0,1.0,0.0265946810637872
B2_load_factor_sign_c3fa7d22,heldout,cpp,c172r,bank_hold,10,10,0,False,False,0.0,position/h-sl-ft,0.0,False,0.0,1.0,0.0265946810637872
B2_propeller_inflow_angle_82cc3893,heldout,cpp,c172r,bank_hold,10,10,0,False,True,0.0056407154402179,velocities/q-rad_sec,0.0052597783324202,False,0.0,1.0,0.0267946410717856
B2_atmosphere_gradient_fadeout_05b709c8,heldout,cpp,c172r,bank_hold,10,10,0,False,False,0.0,position/h-sl-ft,0.0,False,0.0,1.0,0.0265946810637872
B_elevator_drag_8819410c,development,model,c172r,flap_extend,10,10,0,False,True,1.342332732671281,aero/beta-deg,1.1807983820379306,True,2.0,17.0,0.0001999600079984
B_pqrdot_5ad2694c,development,cpp,c172r,flap_extend,10,10,0,False,True,0.0040510941814057,accelerations/pdot-rad_sec2,0.0038356318562337,False,0.0,5.0,0.0055988802239552
B_piston_power_bcd3f980,development,cpp,c172r,flap_extend,10,10,0,False,False,0.0,position/h-sl-ft,0.0,False,0.0,5.0,0.0055988802239552
B2_turbine_throttle_init_c8af9244,heldout,cpp,c172r,flap_extend,10,10,0,False,False,0.0,position/h-sl-ft,0.0,False,0.0,5.0,0.0055988802239552
B2_turbine_thruster_inputs_20066483,heldout,cpp,c172r,flap_extend,10,10,0,False,False,0.0,position/h-sl-ft,0.0,False,0.0,5.0,0.0055988802239552
B2_wheel_spin_down_8a9fba1c,heldout,cpp,c172r,flap_extend,10,10,0,False,False,0.0,position/h-sl-ft,0.0,False,0.0,5.0,0.0055988802239552
B2_sensor_fail_stuck_f543d634,heldout,cpp,c172r,flap_extend,10,10,0,False,False,0.0,position/h-sl-ft,0.0,False,0.0,5.0,0.0055988802239552
B2_atmosphere_high_altitude_61f1e8c3,heldout,cpp,c172r,flap_extend,10,10,0,False,False,0.0,position/h-sl-ft,0.0,False,0.0,5.0,0.0055988802239552
B2_load_factor_sign_c3fa7d22,heldout,cpp,c172r,flap_extend,10,10,0,False,False,0.0,position/h-sl-ft,0.0,False,0.0,5.0,0.0055988802239552
B2_propeller_inflow_angle_82cc3893,heldout,cpp,c172r,flap_extend,10,10,0,False,True,0.4373229373468044,attitude/psi-rad,0.4087655821346937,False,0.0,10.0,0.0055988802239552
B2_atmosphere_gradient_fadeout_05b709c8,heldout,cpp,c172r,flap_extend,10,10,0,False,False,0.0,position/h-sl-ft,0.0,False,0.0,5.0,0.0055988802239552
B_elevator_drag_8819410c,development,model,c172r,climbing_turn,10,10,0,False,True,2.5989838324691874,velocities/w-fps,0.9991638790299078,False,0.0,14.0,0.0001999600079984
B_pqrdot_5ad2694c,development,cpp,c172r,climbing_turn,10,10,0,False,True,0.0017838449532568,accelerations/rdot-rad_sec2,0.0016004641434046,False,0.0,0.0,0.0863827234553089
B_piston_power_bcd3f980,development,cpp,c172r,climbing_turn,10,10,0,False,False,0.0,position/h-sl-ft,0.0,False,0.0,0.0,0.0863827234553089
B2_turbine_throttle_init_c8af9244,heldout,cpp,c172r,climbing_turn,10,10,0,False,False,0.0,position/h-sl-ft,0.0,False,0.0,0.0,0.0863827234553089
B2_turbine_thruster_inputs_20066483,heldout,cpp,c172r,climbing_turn,10,10,0,False,False,0.0,position/h-sl-ft,0.0,False,0.0,0.0,0.0863827234553089
B2_wheel_spin_down_8a9fba1c,heldout,cpp,c172r,climbing_turn,10,10,0,False,False,0.0,position/h-sl-ft,0.0,False,0.0,0.0,0.0863827234553089
B2_sensor_fail_stuck_f543d634,heldout,cpp,c172r,climbing_turn,10,10,0,False,False,0.0,position/h-sl-ft,0.0,False,0.0,0.0,0.0863827234553089
B2_atmosphere_high_altitude_61f1e8c3,heldout,cpp,c172r,climbing_turn,10,10,0,False,False,0.0,position/h-sl-ft,0.0,False,0.0,0.0,0.0863827234553089
B2_load_factor_sign_c3fa7d22,heldout,cpp,c172r,climbing_turn,10,10,0,False,False,0.0,position/h-sl-ft,0.0,False,0.0,0.0,0.0863827234553089
B2_propeller_inflow_angle_82cc3893,heldout,cpp,c172r,climbing_turn,10,10,0,False,True,0.0058202232965676,velocities/v-fps,0.0072255579144896,False,0.0,0.0,0.0875824835032993
B2_atmosphere_gradient_fadeout_05b709c8,heldout,cpp,c172r,climbing_turn,10,10,0,False,False,0.0,position/h-sl-ft,0.0,False,0.0,0.0,0.0863827234553089
B_elevator_drag_8819410c,development,model,c172r,elev_doublet_distractor,10,10,0,False,True,0.2047572315122598,accelerations/udot-ft_sec2,1.1413325094499769,True,2.0,7.0,0.0001999600079984
B_pqrdot_5ad2694c,development,cpp,c172r,elev_doublet_distractor,10,10,0,False,True,0.0001874362113793,accelerations/rdot-rad_sec2,0.0001844937273983,False,0.0,2.0,0.0353929214157168
B_piston_power_bcd3f980,development,cpp,c172r,elev_doublet_distractor,10,10,0,False,False,0.0,position/h-sl-ft,0.0,False,0.0,2.0,0.0353929214157168
B2_turbine_throttle_init_c8af9244,heldout,cpp,c172r,elev_doublet_distractor,10,10,0,False,False,0.0,position/h-sl-ft,0.0,False,0.0,2.0,0.0353929214157168
B2_turbine_thruster_inputs_20066483,heldout,cpp,c172r,elev_doublet_distractor,10,10,0,False,False,0.0,position/h-sl-ft,0.0,False,0.0,2.0,0.0353929214157168
B2_wheel_spin_down_8a9fba1c,heldout,cpp,c172r,elev_doublet_distractor,10,10,0,False,False,0.0,position/h-sl-ft,0.0,False,0.0,2.0,0.0353929214157168
B2_sensor_fail_stuck_f543d634,heldout,cpp,c172r,elev_doublet_distractor,10,10,0,False,False,0.0,position/h-sl-ft,0.0,False,0.0,2.0,0.0353929214157168
B2_atmosphere_high_altitude_61f1e8c3,heldout,cpp,c172r,elev_doublet_distractor,10,10,0,False,False,0.0,position/h-sl-ft,0.0,False,0.0,2.0,0.0353929214157168
B2_load_factor_sign_c3fa7d22,heldout,cpp,c172r,elev_doublet_distractor,10,10,0,False,False,0.0,position/h-sl-ft,0.0,False,0.0,2.0,0.0353929214157168
B2_propeller_inflow_angle_82cc3893,heldout,cpp,c172r,elev_doublet_distractor,10,10,0,False,True,0.0024965652278015,accelerations/vdot-ft_sec2,0.0030692560162977,False,0.0,2.0,0.0111977604479104
B2_atmosphere_gradient_fadeout_05b709c8,heldout,cpp,c172r,elev_doublet_distractor,10,10,0,False,False,0.0,position/h-sl-ft,0.0,False,0.0,2.0,0.0353929214157168
B_elevator_drag_8819410c,development,model,c172r,engine_stop,10,0,10,True,,,,,,,,
B_pqrdot_5ad2694c,development,cpp,c172r,engine_stop,10,0,10,True,,,,,,,,
B_piston_power_bcd3f980,development,cpp,c172r,engine_stop,10,2,8,True,True,245907.2839136659,accelerations/rdot-rad_sec2,,,,,
B2_turbine_throttle_init_c8af9244,heldout,cpp,c172r,engine_stop,10,10,0,False,False,0.0,position/h-sl-ft,0.0,False,0.0,0.0,0.1247750449910018
B2_turbine_thruster_inputs_20066483,heldout,cpp,c172r,engine_stop,10,10,0,False,False,0.0,position/h-sl-ft,0.0,False,0.0,0.0,0.1247750449910018
B2_wheel_spin_down_8a9fba1c,heldout,cpp,c172r,engine_stop,10,10,0,False,False,0.0,position/h-sl-ft,0.0,False,0.0,0.0,0.1247750449910018
B2_sensor_fail_stuck_f543d634,heldout,cpp,c172r,engine_stop,10,10,0,False,False,0.0,position/h-sl-ft,0.0,False,0.0,0.0,0.1247750449910018
B2_atmosphere_high_altitude_61f1e8c3,heldout,cpp,c172r,engine_stop,10,10,0,False,False,0.0,position/h-sl-ft,0.0,False,0.0,0.0,0.1247750449910018
B2_load_factor_sign_c3fa7d22,heldout,cpp,c172r,engine_stop,10,10,0,False,False,0.0,position/h-sl-ft,0.0,False,0.0,0.0,0.1247750449910018
B2_propeller_inflow_angle_82cc3893,heldout,cpp,c172r,engine_stop,10,10,0,False,True,0.0328494730574625,attitude/phi-rad,0.0223223153735133,False,0.0,0.0,0.1245750849830034
B2_atmosphere_gradient_fadeout_05b709c8,heldout,cpp,c172r,engine_stop,10,10,0,False,False,0.0,position/h-sl-ft,0.0,False,0.0,0.0,0.1247750449910018
B_elevator_drag_8819410c,development,model,c182,cruise,10,10,0,False,True,0.8181854095172689,velocities/h-dot-fps,0.8075767201280063,False,0.0,8.0,0.0003999200159968
B_pqrdot_5ad2694c,development,cpp,c182,cruise,10,10,0,False,True,0.0007003640130831,accelerations/pdot-rad_sec2,0.0006801702827814,False,0.0,5.0,0.00499900019996
B_piston_power_bcd3f980,development,cpp,c182,cruise,10,10,0,False,True,0.0059216739066777,attitude/psi-rad,0.003844278168997,False,0.0,5.0,0.00499900019996
B2_turbine_throttle_init_c8af9244,heldout,cpp,c182,cruise,10,10,0,False,False,0.0,position/h-sl-ft,0.0,False,0.0,5.0,0.00499900019996
B2_turbine_thruster_inputs_20066483,heldout,cpp,c182,cruise,10,10,0,False,False,0.0,position/h-sl-ft,0.0,False,0.0,5.0,0.00499900019996
B2_wheel_spin_down_8a9fba1c,heldout,cpp,c182,cruise,10,10,0,False,False,0.0,position/h-sl-ft,0.0,False,0.0,5.0,0.00499900019996
B2_sensor_fail_stuck_f543d634,heldout,cpp,c182,cruise,10,10,0,False,False,0.0,position/h-sl-ft,0.0,False,0.0,5.0,0.00499900019996
B2_atmosphere_high_altitude_61f1e8c3,heldout,cpp,c182,cruise,10,10,0,False,False,0.0,position/h-sl-ft,0.0,False,0.0,5.0,0.00499900019996
B2_load_factor_sign_c3fa7d22,heldout,cpp,c182,cruise,10,10,0,False,False,0.0,position/h-sl-ft,0.0,False,0.0,5.0,0.00499900019996
B2_propeller_inflow_angle_82cc3893,heldout,cpp,c182,cruise,10,10,0,False,True,0.0185389850693224,attitude/phi-rad,0.0182790656977214,False,0.0,5.0,0.00499900019996
B2_atmosphere_gradient_fadeout_05b709c8,heldout,cpp,c182,cruise,10,10,0,False,False,0.0,position/h-sl-ft,0.0,False,0.0,5.0,0.00499900019996
B_elevator_drag_8819410c,development,model,c182,throttle_step,10,10,0,False,True,0.560378579483394,accelerations/pdot-rad_sec2,0.6437892189426346,False,0.0,17.0,0.0001999600079984
B_pqrdot_5ad2694c,development,cpp,c182,throttle_step,10,10,0,False,True,0.002320806516185,accelerations/pdot-rad_sec2,0.0023963820170568,False,0.0,4.0,0.0071985602879424
B_piston_power_bcd3f980,development,cpp,c182,throttle_step,10,10,0,False,True,0.0002139540757356,attitude/theta-rad,0.0003423874685538,False,0.0,4.0,0.0071985602879424
B2_turbine_throttle_init_c8af9244,heldout,cpp,c182,throttle_step,10,10,0,False,False,0.0,position/h-sl-ft,0.0,False,0.0,4.0,0.0071985602879424
B2_turbine_thruster_inputs_20066483,heldout,cpp,c182,throttle_step,10,10,0,False,False,0.0,position/h-sl-ft,0.0,False,0.0,4.0,0.0071985602879424
B2_wheel_spin_down_8a9fba1c,heldout,cpp,c182,throttle_step,10,10,0,False,False,0.0,position/h-sl-ft,0.0,False,0.0,4.0,0.0071985602879424
B2_sensor_fail_stuck_f543d634,heldout,cpp,c182,throttle_step,10,10,0,False,False,0.0,position/h-sl-ft,0.0,False,0.0,4.0,0.0071985602879424
B2_atmosphere_high_altitude_61f1e8c3,heldout,cpp,c182,throttle_step,10,10,0,False,False,0.0,position/h-sl-ft,0.0,False,0.0,4.0,0.0071985602879424
B2_load_factor_sign_c3fa7d22,heldout,cpp,c182,throttle_step,10,10,0,False,False,0.0,position/h-sl-ft,0.0,False,0.0,4.0,0.0071985602879424
B2_propeller_inflow_angle_82cc3893,heldout,cpp,c182,throttle_step,10,10,0,False,True,0.0207398062956611,velocities/p-rad_sec,0.0239813407245386,False,0.0,4.0,0.0083983203359328
B2_atmosphere_gradient_fadeout_05b709c8,heldout,cpp,c182,throttle_step,10,10,0,False,False,0.0,position/h-sl-ft,0.0,False,0.0,4.0,0.0071985602879424
B_elevator_drag_8819410c,development,model,c182,elev_doublet,10,10,0,False,True,0.4304325233563857,velocities/v-fps,0.4077448088776129,False,0.0,4.0,0.0013997200559888
B_pqrdot_5ad2694c,development,cpp,c182,elev_doublet,10,10,0,False,True,0.0003696589892613,accelerations/pdot-rad_sec2,0.0004119566801478,False,0.0,0.0,0.3677264547090582
B_piston_power_bcd3f980,development,cpp,c182,elev_doublet,10,10,0,False,True,0.0004376840093859,attitude/theta-rad,0.0005003249653112,False,0.0,0.0,0.3677264547090582
B2_turbine_throttle_init_c8af9244,heldout,cpp,c182,elev_doublet,10,10,0,False,False,0.0,position/h-sl-ft,0.0,False,0.0,0.0,0.3677264547090582
B2_turbine_thruster_inputs_20066483,heldout,cpp,c182,elev_doublet,10,10,0,False,False,0.0,position/h-sl-ft,0.0,False,0.0,0.0,0.3677264547090582
B2_wheel_spin_down_8a9fba1c,heldout,cpp,c182,elev_doublet,10,10,0,False,False,0.0,position/h-sl-ft,0.0,False,0.0,0.0,0.3677264547090582
B2_sensor_fail_stuck_f543d634,heldout,cpp,c182,elev_doublet,10,10,0,False,False,0.0,position/h-sl-ft,0.0,False,0.0,0.0,0.3677264547090582
B2_atmosphere_high_altitude_61f1e8c3,heldout,cpp,c182,elev_doublet,10,10,0,False,False,0.0,position/h-sl-ft,0.0,False,0.0,0.0,0.3677264547090582
B2_load_factor_sign_c3fa7d22,heldout,cpp,c182,elev_doublet,10,10,0,False,False,0.0,position/h-sl-ft,0.0,False,0.0,0.0,0.3677264547090582
B2_propeller_inflow_angle_82cc3893,heldout,cpp,c182,elev_doublet,10,10,0,False,True,0.0160551407354734,velocities/v-fps,0.0174995930551201,False,0.0,0.0,0.3725254949010197
B2_atmosphere_gradient_fadeout_05b709c8,heldout,cpp,c182,elev_doublet,10,10,0,False,False,0.0,position/h-sl-ft,0.0,False,0.0,0.0,0.3677264547090582
B_elevator_drag_8819410c,development,model,c182,elev_step,10,10,0,False,True,0.4784432313987093,aero/beta-deg,0.524978502512471,False,0.0,4.0,0.0001999600079984
B_pqrdot_5ad2694c,development,cpp,c182,elev_step,10,10,0,False,True,0.0011746215790254,accelerations/pdot-rad_sec2,0.0010883968660007,False,0.0,0.0,0.130373925214957
B_piston_power_bcd3f980,development,cpp,c182,elev_step,10,10,0,False,True,0.0014270118374946,attitude/psi-rad,0.0010685204920804,False,0.0,0.0,0.130373925214957
B2_turbine_throttle_init_c8af9244,heldout,cpp,c182,elev_step,10,10,0,False,False,0.0,position/h-sl-ft,0.0,False,0.0,0.0,0.130373925214957
B2_turbine_thruster_inputs_20066483,heldout,cpp,c182,elev_step,10,10,0,False,False,0.0,position/h-sl-ft,0.0,False,0.0,0.0,0.130373925214957
B2_wheel_spin_down_8a9fba1c,heldout,cpp,c182,elev_step,10,10,0,False,False,0.0,position/h-sl-ft,0.0,False,0.0,0.0,0.130373925214957
B2_sensor_fail_stuck_f543d634,heldout,cpp,c182,elev_step,10,10,0,False,False,0.0,position/h-sl-ft,0.0,False,0.0,0.0,0.130373925214957
B2_atmosphere_high_altitude_61f1e8c3,heldout,cpp,c182,elev_step,10,10,0,False,False,0.0,position/h-sl-ft,0.0,False,0.0,0.0,0.130373925214957
B2_load_factor_sign_c3fa7d22,heldout,cpp,c182,elev_step,10,10,0,False,False,0.0,position/h-sl-ft,0.0,False,0.0,0.0,0.130373925214957
B2_propeller_inflow_angle_82cc3893,heldout,cpp,c182,elev_step,10,10,0,False,True,0.0611876322254258,attitude/psi-rad,0.0465853183899272,False,0.0,0.0,0.130373925214957
B2_atmosphere_gradient_fadeout_05b709c8,heldout,cpp,c182,elev_step,10,10,0,False,False,0.0,position/h-sl-ft,0.0,False,0.0,0.0,0.130373925214957
B_elevator_drag_8819410c,development,model,c182,aileron_step,10,10,0,False,True,0.400715715269048,accelerations/udot-ft_sec2,0.3337903943827636,False,0.0,3.0,0.0005998800239952
B_pqrdot_5ad2694c,development,cpp,c182,aileron_step,10,10,0,False,True,0.0006182709408521,accelerations/qdot-rad_sec2,0.0005979598500334,False,0.0,0.0,0.0973805238952209
B_piston_power_bcd3f980,development,cpp,c182,aileron_step,10,10,0,False,True,0.0007876362838949,velocities/h-dot-fps,0.0006902887076365,False,0.0,0.0,0.0975804839032193
B2_turbine_throttle_init_c8af9244,heldout,cpp,c182,aileron_step,10,10,0,False,False,0.0,position/h-sl-ft,0.0,False,0.0,0.0,0.0973805238952209
B2_turbine_thruster_inputs_20066483,heldout,cpp,c182,aileron_step,10,10,0,False,False,0.0,position/h-sl-ft,0.0,False,0.0,0.0,0.0973805238952209
B2_wheel_spin_down_8a9fba1c,heldout,cpp,c182,aileron_step,10,10,0,False,False,0.0,position/h-sl-ft,0.0,False,0.0,0.0,0.0973805238952209
B2_sensor_fail_stuck_f543d634,heldout,cpp,c182,aileron_step,10,10,0,False,False,0.0,position/h-sl-ft,0.0,False,0.0,0.0,0.0973805238952209
B2_atmosphere_high_altitude_61f1e8c3,heldout,cpp,c182,aileron_step,10,10,0,False,False,0.0,position/h-sl-ft,0.0,False,0.0,0.0,0.0973805238952209
B2_load_factor_sign_c3fa7d22,heldout,cpp,c182,aileron_step,10,10,0,False,False,0.0,position/h-sl-ft,0.0,False,0.0,0.0,0.0973805238952209
B2_propeller_inflow_angle_82cc3893,heldout,cpp,c182,aileron_step,10,10,0,False,True,0.0070077572198432,velocities/h-dot-fps,0.0068287485609409,False,0.0,0.0,0.0987802439512097
B2_atmosphere_gradient_fadeout_05b709c8,heldout,cpp,c182,aileron_step,10,10,0,False,False,0.0,position/h-sl-ft,0.0,False,0.0,0.0,0.0973805238952209
B_elevator_drag_8819410c,development,model,c182,rudder_doublet,10,10,0,False,True,0.3161121881183825,velocities/h-dot-fps,0.3554755242636701,False,0.0,7.0,0.0001999600079984
B_pqrdot_5ad2694c,development,cpp,c182,rudder_doublet,10,10,0,False,True,0.000303314576345,accelerations/qdot-rad_sec2,0.0003989519253229,False,0.0,3.0,0.0321935612877424
B_piston_power_bcd3f980,development,cpp,c182,rudder_doublet,10,10,0,False,True,0.0008386916657531,velocities/h-dot-fps,0.0006113600417452,False,0.0,3.0,0.0313937212557488
B2_turbine_throttle_init_c8af9244,heldout,cpp,c182,rudder_doublet,10,10,0,False,False,0.0,position/h-sl-ft,0.0,False,0.0,3.0,0.0321935612877424
B2_turbine_thruster_inputs_20066483,heldout,cpp,c182,rudder_doublet,10,10,0,False,False,0.0,position/h-sl-ft,0.0,False,0.0,3.0,0.0321935612877424
B2_wheel_spin_down_8a9fba1c,heldout,cpp,c182,rudder_doublet,10,10,0,False,False,0.0,position/h-sl-ft,0.0,False,0.0,3.0,0.0321935612877424
B2_sensor_fail_stuck_f543d634,heldout,cpp,c182,rudder_doublet,10,10,0,False,False,0.0,position/h-sl-ft,0.0,False,0.0,3.0,0.0321935612877424
B2_atmosphere_high_altitude_61f1e8c3,heldout,cpp,c182,rudder_doublet,10,10,0,False,False,0.0,position/h-sl-ft,0.0,False,0.0,3.0,0.0321935612877424
B2_load_factor_sign_c3fa7d22,heldout,cpp,c182,rudder_doublet,10,10,0,False,False,0.0,position/h-sl-ft,0.0,False,0.0,3.0,0.0321935612877424
B2_propeller_inflow_angle_82cc3893,heldout,cpp,c182,rudder_doublet,10,10,0,False,True,0.0062510754646888,velocities/q-rad_sec,0.0068645003133207,False,0.0,3.0,0.0313937212557488
B2_atmosphere_gradient_fadeout_05b709c8,heldout,cpp,c182,rudder_doublet,10,10,0,False,False,0.0,position/h-sl-ft,0.0,False,0.0,3.0,0.0321935612877424
B_elevator_drag_8819410c,development,model,c182,bank_hold,10,10,0,False,True,0.3781992922034007,accelerations/udot-ft_sec2,0.3756249459397834,False,0.0,3.0,0.0005998800239952
B_pqrdot_5ad2694c,development,cpp,c182,bank_hold,10,10,0,False,True,0.0006414944346499,accelerations/qdot-rad_sec2,0.0007848682928131,False,0.0,0.0,0.1845630873825235
B_piston_power_bcd3f980,development,cpp,c182,bank_hold,10,10,0,False,True,0.0006330731723182,accelerations/udot-ft_sec2,0.0005429964103663,False,0.0,0.0,0.1845630873825235
B2_turbine_throttle_init_c8af9244,heldout,cpp,c182,bank_hold,10,10,0,False,False,0.0,position/h-sl-ft,0.0,False,0.0,0.0,0.1845630873825235
B2_turbine_thruster_inputs_20066483,heldout,cpp,c182,bank_hold,10,10,0,False,False,0.0,position/h-sl-ft,0.0,False,0.0,0.0,0.1845630873825235
B2_wheel_spin_down_8a9fba1c,heldout,cpp,c182,bank_hold,10,10,0,False,False,0.0,position/h-sl-ft,0.0,False,0.0,0.0,0.1845630873825235
B2_sensor_fail_stuck_f543d634,heldout,cpp,c182,bank_hold,10,10,0,False,False,0.0,position/h-sl-ft,0.0,False,0.0,0.0,0.1845630873825235
B2_atmosphere_high_altitude_61f1e8c3,heldout,cpp,c182,bank_hold,10,10,0,False,False,0.0,position/h-sl-ft,0.0,False,0.0,0.0,0.1845630873825235
B2_load_factor_sign_c3fa7d22,heldout,cpp,c182,bank_hold,10,10,0,False,False,0.0,position/h-sl-ft,0.0,False,0.0,0.0,0.1845630873825235
B2_propeller_inflow_angle_82cc3893,heldout,cpp,c182,bank_hold,10,10,0,False,True,0.0064547653744561,velocities/h-dot-fps,0.0070478760725129,False,0.0,0.0,0.1845630873825235
B2_atmosphere_gradient_fadeout_05b709c8,heldout,cpp,c182,bank_hold,10,10,0,False,False,0.0,position/h-sl-ft,0.0,False,0.0,0.0,0.1845630873825235
B_elevator_drag_8819410c,development,model,c182,climbing_turn,10,10,0,False,True,0.5515480569241656,accelerations/udot-ft_sec2,0.483141448720765,False,0.0,6.0,0.0111977604479104
B_pqrdot_5ad2694c,development,cpp,c182,climbing_turn,10,10,0,False,True,0.00024361215673,accelerations/rdot-rad_sec2,0.0002447971350884,False,0.0,0.0,0.0673865226954609
B_piston_power_bcd3f980,development,cpp,c182,climbing_turn,10,10,0,False,True,0.0002877339040982,accelerations/udot-ft_sec2,0.0002507878364947,False,0.0,0.0,0.0673865226954609
B2_turbine_throttle_init_c8af9244,heldout,cpp,c182,climbing_turn,10,10,0,False,False,0.0,position/h-sl-ft,0.0,False,0.0,0.0,0.0673865226954609
B2_turbine_thruster_inputs_20066483,heldout,cpp,c182,climbing_turn,10,10,0,False,False,0.0,position/h-sl-ft,0.0,False,0.0,0.0,0.0673865226954609
B2_wheel_spin_down_8a9fba1c,heldout,cpp,c182,climbing_turn,10,10,0,False,False,0.0,position/h-sl-ft,0.0,False,0.0,0.0,0.0673865226954609
B2_sensor_fail_stuck_f543d634,heldout,cpp,c182,climbing_turn,10,10,0,False,False,0.0,position/h-sl-ft,0.0,False,0.0,0.0,0.0673865226954609
B2_atmosphere_high_altitude_61f1e8c3,heldout,cpp,c182,climbing_turn,10,10,0,False,False,0.0,position/h-sl-ft,0.0,False,0.0,0.0,0.0673865226954609
B2_load_factor_sign_c3fa7d22,heldout,cpp,c182,climbing_turn,10,10,0,False,False,0.0,position/h-sl-ft,0.0,False,0.0,0.0,0.0673865226954609
B2_propeller_inflow_angle_82cc3893,heldout,cpp,c182,climbing_turn,10,10,0,False,True,0.0506463788858646,attitude/phi-rad,0.0500450261463208,False,0.0,0.0,0.0719856028794241
B2_atmosphere_gradient_fadeout_05b709c8,heldout,cpp,c182,climbing_turn,10,10,0,False,False,0.0,position/h-sl-ft,0.0,False,0.0,0.0,0.0673865226954609
B_elevator_drag_8819410c,development,model,c182,elev_doublet_distractor,10,10,0,False,True,0.1203640946253279,accelerations/udot-ft_sec2,0.1617560027206676,False,0.0,2.0,0.0103979204159168
B_pqrdot_5ad2694c,development,cpp,c182,elev_doublet_distractor,10,10,0,False,True,0.0001171097695821,accelerations/rdot-rad_sec2,0.0001352930345539,False,0.0,0.0,0.5386922615476905
B_piston_power_bcd3f980,development,cpp,c182,elev_doublet_distractor,10,10,0,False,True,0.0003208319377871,attitude/psi-rad,0.0003148950139176,False,0.0,0.0,0.5388922215556888
B2_turbine_throttle_init_c8af9244,heldout,cpp,c182,elev_doublet_distractor,10,10,0,False,False,0.0,position/h-sl-ft,0.0,False,0.0,0.0,0.5386922615476905
B2_turbine_thruster_inputs_20066483,heldout,cpp,c182,elev_doublet_distractor,10,10,0,False,False,0.0,position/h-sl-ft,0.0,False,0.0,0.0,0.5386922615476905
B2_wheel_spin_down_8a9fba1c,heldout,cpp,c182,elev_doublet_distractor,10,10,0,False,False,0.0,position/h-sl-ft,0.0,False,0.0,0.0,0.5386922615476905
B2_sensor_fail_stuck_f543d634,heldout,cpp,c182,elev_doublet_distractor,10,10,0,False,False,0.0,position/h-sl-ft,0.0,False,0.0,0.0,0.5386922615476905
B2_atmosphere_high_altitude_61f1e8c3,heldout,cpp,c182,elev_doublet_distractor,10,10,0,False,False,0.0,position/h-sl-ft,0.0,False,0.0,0.0,0.5386922615476905
B2_load_factor_sign_c3fa7d22,heldout,cpp,c182,elev_doublet_distractor,10,10,0,False,False,0.0,position/h-sl-ft,0.0,False,0.0,0.0,0.5386922615476905
B2_propeller_inflow_angle_82cc3893,heldout,cpp,c182,elev_doublet_distractor,10,10,0,False,True,0.0059596105394129,velocities/v-fps,0.0052064463902447,False,0.0,0.0,0.5380923815236952
B2_atmosphere_gradient_fadeout_05b709c8,heldout,cpp,c182,elev_doublet_distractor,10,10,0,False,False,0.0,position/h-sl-ft,0.0,False,0.0,0.0,0.5386922615476905
B_elevator_drag_8819410c,development,model,c182,engine_stop,10,0,10,True,,,,,,,,
B_pqrdot_5ad2694c,development,cpp,c182,engine_stop,10,0,10,True,,,,,,,,
B_piston_power_bcd3f980,development,cpp,c182,engine_stop,10,10,0,False,True,0.0004855806614173,attitude/phi-rad,0.0008709017474941,False,0.0,3.0,0.0343931213757248
B2_turbine_throttle_init_c8af9244,heldout,cpp,c182,engine_stop,10,10,0,False,False,0.0,position/h-sl-ft,0.0,False,0.0,3.0,0.0341931613677264
B2_turbine_thruster_inputs_20066483,heldout,cpp,c182,engine_stop,10,10,0,False,False,0.0,position/h-sl-ft,0.0,False,0.0,3.0,0.0341931613677264
B2_wheel_spin_down_8a9fba1c,heldout,cpp,c182,engine_stop,10,10,0,False,False,0.0,position/h-sl-ft,0.0,False,0.0,3.0,0.0341931613677264
B2_sensor_fail_stuck_f543d634,heldout,cpp,c182,engine_stop,10,10,0,False,False,0.0,position/h-sl-ft,0.0,False,0.0,3.0,0.0341931613677264
B2_atmosphere_high_altitude_61f1e8c3,heldout,cpp,c182,engine_stop,10,10,0,False,False,0.0,position/h-sl-ft,0.0,False,0.0,3.0,0.0341931613677264
B2_load_factor_sign_c3fa7d22,heldout,cpp,c182,engine_stop,10,10,0,False,False,0.0,position/h-sl-ft,0.0,False,0.0,3.0,0.0341931613677264
B2_propeller_inflow_angle_82cc3893,heldout,cpp,c182,engine_stop,10,10,0,False,True,0.0121457451980523,attitude/phi-rad,0.027195290148889,False,0.0,2.0,0.0343931213757248
B2_atmosphere_gradient_fadeout_05b709c8,heldout,cpp,c182,engine_stop,10,10,0,False,False,0.0,position/h-sl-ft,0.0,False,0.0,3.0,0.0341931613677264
B_elevator_drag_8819410c,development,model,c310,cruise,10,10,0,False,True,0.2192078770794771,accelerations/rdot-rad_sec2,0.5777684048970454,False,0.0,4.0,0.0243951209758048
B_pqrdot_5ad2694c,development,cpp,c310,cruise,10,10,0,False,True,0.000345829079735,accelerations/pdot-rad_sec2,0.0002334993311228,False,0.0,3.0,0.016996600679864
B_piston_power_bcd3f980,development,cpp,c310,cruise,10,10,0,False,True,0.0007712905042144,velocities/h-dot-fps,0.6683269438408712,False,0.0,2.0,0.0081983603279344
B2_turbine_throttle_init_c8af9244,heldout,cpp,c310,cruise,10,10,0,False,False,0.0,position/h-sl-ft,0.0,False,0.0,3.0,0.016996600679864
B2_turbine_thruster_inputs_20066483,heldout,cpp,c310,cruise,10,10,0,False,False,0.0,position/h-sl-ft,0.0,False,0.0,3.0,0.016996600679864
B2_wheel_spin_down_8a9fba1c,heldout,cpp,c310,cruise,10,10,0,False,False,0.0,position/h-sl-ft,0.0,False,0.0,3.0,0.016996600679864
B2_sensor_fail_stuck_f543d634,heldout,cpp,c310,cruise,10,10,0,False,False,0.0,position/h-sl-ft,0.0,False,0.0,3.0,0.016996600679864
B2_atmosphere_high_altitude_61f1e8c3,heldout,cpp,c310,cruise,10,10,0,False,False,0.0,position/h-sl-ft,0.0,False,0.0,3.0,0.016996600679864
B2_load_factor_sign_c3fa7d22,heldout,cpp,c310,cruise,10,10,0,False,False,0.0,position/h-sl-ft,0.0,False,0.0,3.0,0.016996600679864
B2_propeller_inflow_angle_82cc3893,heldout,cpp,c310,cruise,10,10,0,False,True,0.0002819475257486,aero/beta-deg,0.6398519507517079,False,0.0,2.0,0.0391921615676864
B2_atmosphere_gradient_fadeout_05b709c8,heldout,cpp,c310,cruise,10,10,0,False,False,0.0,position/h-sl-ft,0.0,False,0.0,3.0,0.016996600679864
B2_systems_xml_validation_95e5a16b,heldout,model,c310,cruise,10,10,0,False,False,0.0,position/h-sl-ft,0.0,False,0.0,3.0,0.016996600679864
B_elevator_drag_8819410c,development,model,c310,throttle_step,9,9,0,False,True,0.1223856992134476,velocities/h-dot-fps,0.446025113194223,False,0.0,0.0,0.0903819236152769
B_pqrdot_5ad2694c,development,cpp,c310,throttle_step,9,9,0,False,True,0.0016578597332713,accelerations/pdot-rad_sec2,0.0017440008419855,False,0.0,0.0,0.0679864027194561
B_piston_power_bcd3f980,development,cpp,c310,throttle_step,9,9,0,False,True,0.000137619647791,accelerations/qdot-rad_sec2,0.4172517021870279,False,0.0,1.0,0.0047990401919616
B2_turbine_throttle_init_c8af9244,heldout,cpp,c310,throttle_step,9,9,0,False,False,0.0,position/h-sl-ft,0.0,False,0.0,0.0,0.0679864027194561
B2_turbine_thruster_inputs_20066483,heldout,cpp,c310,throttle_step,9,9,0,False,False,0.0,position/h-sl-ft,0.0,False,0.0,0.0,0.0679864027194561
B2_wheel_spin_down_8a9fba1c,heldout,cpp,c310,throttle_step,9,9,0,False,False,0.0,position/h-sl-ft,0.0,False,0.0,0.0,0.0679864027194561
B2_sensor_fail_stuck_f543d634,heldout,cpp,c310,throttle_step,9,9,0,False,False,0.0,position/h-sl-ft,0.0,False,0.0,0.0,0.0679864027194561
B2_atmosphere_high_altitude_61f1e8c3,heldout,cpp,c310,throttle_step,9,9,0,False,False,0.0,position/h-sl-ft,0.0,False,0.0,0.0,0.0679864027194561
B2_load_factor_sign_c3fa7d22,heldout,cpp,c310,throttle_step,9,9,0,False,False,0.0,position/h-sl-ft,0.0,False,0.0,0.0,0.0679864027194561
B2_propeller_inflow_angle_82cc3893,heldout,cpp,c310,throttle_step,9,9,0,False,True,0.0001818802423346,attitude/phi-rad,0.2643961056400241,False,0.0,0.0,0.0571885622875424
B2_atmosphere_gradient_fadeout_05b709c8,heldout,cpp,c310,throttle_step,9,9,0,False,False,0.0,position/h-sl-ft,0.0,False,0.0,0.0,0.0679864027194561
B2_systems_xml_validation_95e5a16b,heldout,model,c310,throttle_step,9,9,0,False,False,0.0,position/h-sl-ft,0.0,False,0.0,0.0,0.0679864027194561
B_elevator_drag_8819410c,development,model,c310,elev_doublet,9,9,0,False,True,1.4733794153912558,accelerations/udot-ft_sec2,0.5639442700658146,False,0.0,0.0,0.3037392521495701
B_pqrdot_5ad2694c,development,cpp,c310,elev_doublet,9,9,0,False,True,0.0001257381766589,accelerations/pdot-rad_sec2,0.0001493474628973,False,0.0,0.0,0.1651669666066786
B_piston_power_bcd3f980,development,cpp,c310,elev_doublet,9,9,0,False,True,0.0002812345924852,velocities/h-dot-fps,0.2003238119663471,False,0.0,0.0,0.1717656468706258
B2_turbine_throttle_init_c8af9244,heldout,cpp,c310,elev_doublet,9,9,0,False,False,0.0,position/h-sl-ft,0.0,False,0.0,0.0,0.1651669666066786
B2_turbine_thruster_inputs_20066483,heldout,cpp,c310,elev_doublet,9,9,0,False,False,0.0,position/h-sl-ft,0.0,False,0.0,0.0,0.1651669666066786
B2_wheel_spin_down_8a9fba1c,heldout,cpp,c310,elev_doublet,9,9,0,False,False,0.0,position/h-sl-ft,0.0,False,0.0,0.0,0.1651669666066786
B2_sensor_fail_stuck_f543d634,heldout,cpp,c310,elev_doublet,9,9,0,False,False,0.0,position/h-sl-ft,0.0,False,0.0,0.0,0.1651669666066786
B2_atmosphere_high_altitude_61f1e8c3,heldout,cpp,c310,elev_doublet,9,9,0,False,False,0.0,position/h-sl-ft,0.0,False,0.0,0.0,0.1651669666066786
B2_load_factor_sign_c3fa7d22,heldout,cpp,c310,elev_doublet,9,9,0,False,False,0.0,position/h-sl-ft,0.0,False,0.0,0.0,0.1651669666066786
B2_propeller_inflow_angle_82cc3893,heldout,cpp,c310,elev_doublet,9,9,0,False,True,9.370788467746405e-05,aero/beta-deg,0.4918310260796769,False,0.0,0.0,0.2733453309338132
B2_atmosphere_gradient_fadeout_05b709c8,heldout,cpp,c310,elev_doublet,9,9,0,False,False,0.0,position/h-sl-ft,0.0,False,0.0,0.0,0.1651669666066786
B2_systems_xml_validation_95e5a16b,heldout,model,c310,elev_doublet,9,9,0,False,False,0.0,position/h-sl-ft,0.0,False,0.0,0.0,0.1651669666066786
B_elevator_drag_8819410c,development,model,c310,elev_step,9,9,0,False,True,3.334262187126273,attitude/psi-rad,0.8468247436947838,False,0.0,0.0,0.2453509298140372
B_pqrdot_5ad2694c,development,cpp,c310,elev_step,9,9,0,False,True,0.0002447189004587,accelerations/pdot-rad_sec2,0.0002461934195674,False,0.0,0.0,0.4751049790041992
B_piston_power_bcd3f980,development,cpp,c310,elev_step,9,9,0,False,True,2.605371265715604,attitude/psi-rad,0.7205983530760572,False,0.0,0.0,0.3235352929414117
B2_turbine_throttle_init_c8af9244,heldout,cpp,c310,elev_step,9,9,0,False,False,0.0,position/h-sl-ft,0.0,False,0.0,0.0,0.4751049790041992
B2_turbine_thruster_inputs_20066483,heldout,cpp,c310,elev_step,9,9,0,False,False,0.0,position/h-sl-ft,0.0,False,0.0,0.0,0.4751049790041992
B2_wheel_spin_down_8a9fba1c,heldout,cpp,c310,elev_step,9,9,0,False,False,0.0,position/h-sl-ft,0.0,False,0.0,0.0,0.4751049790041992
B2_sensor_fail_stuck_f543d634,heldout,cpp,c310,elev_step,9,9,0,False,False,0.0,position/h-sl-ft,0.0,False,0.0,0.0,0.4751049790041992
B2_atmosphere_high_altitude_61f1e8c3,heldout,cpp,c310,elev_step,9,9,0,False,False,0.0,position/h-sl-ft,0.0,False,0.0,0.0,0.4751049790041992
B2_load_factor_sign_c3fa7d22,heldout,cpp,c310,elev_step,9,9,0,False,False,0.0,position/h-sl-ft,0.0,False,0.0,0.0,0.4751049790041992
B2_propeller_inflow_angle_82cc3893,heldout,cpp,c310,elev_step,9,9,0,False,True,2.340277608083114,accelerations/pdot-rad_sec2,0.5601339878718882,False,0.0,0.0,0.3507298540291941
B2_atmosphere_gradient_fadeout_05b709c8,heldout,cpp,c310,elev_step,9,9,0,False,False,0.0,position/h-sl-ft,0.0,False,0.0,0.0,0.4751049790041992
B2_systems_xml_validation_95e5a16b,heldout,model,c310,elev_step,9,9,0,False,False,0.0,position/h-sl-ft,0.0,False,0.0,0.0,0.4751049790041992
B_elevator_drag_8819410c,development,model,c310,aileron_step,10,10,0,False,True,0.1755620478270536,accelerations/udot-ft_sec2,0.4835388462439869,False,0.0,0.0,0.145370925814837
B_pqrdot_5ad2694c,development,cpp,c310,aileron_step,10,10,0,False,True,0.0003152704146547,accelerations/qdot-rad_sec2,0.0003399478363961,False,0.0,1.0,0.0405918816236752
B_piston_power_bcd3f980,development,cpp,c310,aileron_step,10,10,0,False,True,0.0002384723323681,velocities/h-dot-fps,0.6240989514510147,False,0.0,0.0,0.1877624475104979
B2_turbine_throttle_init_c8af9244,heldout,cpp,c310,aileron_step,10,10,0,False,False,0.0,position/h-sl-ft,0.0,False,0.0,1.0,0.0405918816236752
B2_turbine_thruster_inputs_20066483,heldout,cpp,c310,aileron_step,10,10,0,False,False,0.0,position/h-sl-ft,0.0,False,0.0,1.0,0.0405918816236752
B2_wheel_spin_down_8a9fba1c,heldout,cpp,c310,aileron_step,10,10,0,False,False,0.0,position/h-sl-ft,0.0,False,0.0,1.0,0.0405918816236752
B2_sensor_fail_stuck_f543d634,heldout,cpp,c310,aileron_step,10,10,0,False,False,0.0,position/h-sl-ft,0.0,False,0.0,1.0,0.0405918816236752
B2_atmosphere_high_altitude_61f1e8c3,heldout,cpp,c310,aileron_step,10,10,0,False,False,0.0,position/h-sl-ft,0.0,False,0.0,1.0,0.0405918816236752
B2_load_factor_sign_c3fa7d22,heldout,cpp,c310,aileron_step,10,10,0,False,False,0.0,position/h-sl-ft,0.0,False,0.0,1.0,0.0405918816236752
B2_propeller_inflow_angle_82cc3893,heldout,cpp,c310,aileron_step,10,10,0,False,True,0.0001164811663556,attitude/phi-rad,0.6698520249378979,False,0.0,3.0,0.0251949610077984
B2_atmosphere_gradient_fadeout_05b709c8,heldout,cpp,c310,aileron_step,10,10,0,False,False,0.0,position/h-sl-ft,0.0,False,0.0,1.0,0.0405918816236752
B2_systems_xml_validation_95e5a16b,heldout,model,c310,aileron_step,10,10,0,False,False,0.0,position/h-sl-ft,0.0,False,0.0,1.0,0.0405918816236752
B_elevator_drag_8819410c,development,model,c310,rudder_doublet,10,10,0,False,True,0.0888846542196682,accelerations/qdot-rad_sec2,0.1862496606965319,False,0.0,0.0,0.0617876424715057
B_pqrdot_5ad2694c,development,cpp,c310,rudder_doublet,10,10,0,False,True,0.000442662076401,accelerations/qdot-rad_sec2,0.0004395637790554,False,0.0,1.0,0.022995400919816
B_piston_power_bcd3f980,development,cpp,c310,rudder_doublet,10,10,0,False,True,0.0003465313790883,velocities/h-dot-fps,0.2029735700747059,False,0.0,1.0,0.0307938412317536
B2_turbine_throttle_init_c8af9244,heldout,cpp,c310,rudder_doublet,10,10,0,False,False,0.0,position/h-sl-ft,0.0,False,0.0,1.0,0.022995400919816
B2_turbine_thruster_inputs_20066483,heldout,cpp,c310,rudder_doublet,10,10,0,False,False,0.0,position/h-sl-ft,0.0,False,0.0,1.0,0.022995400919816
B2_wheel_spin_down_8a9fba1c,heldout,cpp,c310,rudder_doublet,10,10,0,False,False,0.0,position/h-sl-ft,0.0,False,0.0,1.0,0.022995400919816
B2_sensor_fail_stuck_f543d634,heldout,cpp,c310,rudder_doublet,10,10,0,False,False,0.0,position/h-sl-ft,0.0,False,0.0,1.0,0.022995400919816
B2_atmosphere_high_altitude_61f1e8c3,heldout,cpp,c310,rudder_doublet,10,10,0,False,False,0.0,position/h-sl-ft,0.0,False,0.0,1.0,0.022995400919816
B2_load_factor_sign_c3fa7d22,heldout,cpp,c310,rudder_doublet,10,10,0,False,False,0.0,position/h-sl-ft,0.0,False,0.0,1.0,0.022995400919816
B2_propeller_inflow_angle_82cc3893,heldout,cpp,c310,rudder_doublet,10,10,0,False,True,3.934196713242799e-05,velocities/q-rad_sec,0.0514887663788695,False,0.0,1.0,0.023995200959808
B2_atmosphere_gradient_fadeout_05b709c8,heldout,cpp,c310,rudder_doublet,10,10,0,False,False,0.0,position/h-sl-ft,0.0,False,0.0,1.0,0.022995400919816
B2_systems_xml_validation_95e5a16b,heldout,model,c310,rudder_doublet,10,10,0,False,False,0.0,position/h-sl-ft,0.0,False,0.0,1.0,0.022995400919816
B_elevator_drag_8819410c,development,model,c310,bank_hold,10,10,0,False,True,0.0863117692175325,accelerations/udot-ft_sec2,0.0901420134529242,False,0.0,0.0,0.1025794841031793
B_pqrdot_5ad2694c,development,cpp,c310,bank_hold,10,10,0,False,True,0.0004647275573714,accelerations/qdot-rad_sec2,0.0004424698726908,False,0.0,2.0,0.0343931213757248
B_piston_power_bcd3f980,development,cpp,c310,bank_hold,10,10,0,False,True,0.0001423948490489,velocities/h-dot-fps,0.1014819880034167,False,0.0,2.0,0.0341931613677264
B2_turbine_throttle_init_c8af9244,heldout,cpp,c310,bank_hold,10,10,0,False,False,0.0,position/h-sl-ft,0.0,False,0.0,2.0,0.0343931213757248
B2_turbine_thruster_inputs_20066483,heldout,cpp,c310,bank_hold,10,10,0,False,False,0.0,position/h-sl-ft,0.0,False,0.0,2.0,0.0343931213757248
B2_wheel_spin_down_8a9fba1c,heldout,cpp,c310,bank_hold,10,10,0,False,False,0.0,position/h-sl-ft,0.0,False,0.0,2.0,0.0343931213757248
B2_sensor_fail_stuck_f543d634,heldout,cpp,c310,bank_hold,10,10,0,False,False,0.0,position/h-sl-ft,0.0,False,0.0,2.0,0.0343931213757248
B2_atmosphere_high_altitude_61f1e8c3,heldout,cpp,c310,bank_hold,10,10,0,False,False,0.0,position/h-sl-ft,0.0,False,0.0,2.0,0.0343931213757248
B2_load_factor_sign_c3fa7d22,heldout,cpp,c310,bank_hold,10,10,0,False,False,0.0,position/h-sl-ft,0.0,False,0.0,2.0,0.0343931213757248
B2_propeller_inflow_angle_82cc3893,heldout,cpp,c310,bank_hold,10,10,0,False,True,0.0001148697435341,aero/beta-deg,0.0001161498370476,False,0.0,2.0,0.0343931213757248
B2_atmosphere_gradient_fadeout_05b709c8,heldout,cpp,c310,bank_hold,10,10,0,False,False,0.0,position/h-sl-ft,0.0,False,0.0,2.0,0.0343931213757248
B2_systems_xml_validation_95e5a16b,heldout,model,c310,bank_hold,10,10,0,False,False,0.0,position/h-sl-ft,0.0,False,0.0,2.0,0.0343931213757248
B_elevator_drag_8819410c,development,model,c310,flap_extend,10,10,0,False,True,1.9126332903968517,accelerations/rdot-rad_sec2,0.921302119419402,False,0.0,1.0,0.0165966806638672
B_pqrdot_5ad2694c,development,cpp,c310,flap_extend,10,10,0,False,True,0.0002015603019436,accelerations/pdot-rad_sec2,0.0001961557756531,False,0.0,1.0,0.0133973205358928
B_piston_power_bcd3f980,development,cpp,c310,flap_extend,10,10,0,False,True,3.016000464999287,aero/beta-deg,1.0685132598929985,True,5.0,1.0,0.0141971605678864
B2_turbine_throttle_init_c8af9244,heldout,cpp,c310,flap_extend,10,10,0,False,False,0.0,position/h-sl-ft,0.0,False,0.0,1.0,0.0133973205358928
B2_turbine_thruster_inputs_20066483,heldout,cpp,c310,flap_extend,10,10,0,False,False,0.0,position/h-sl-ft,0.0,False,0.0,1.0,0.0133973205358928
B2_wheel_spin_down_8a9fba1c,heldout,cpp,c310,flap_extend,10,10,0,False,False,0.0,position/h-sl-ft,0.0,False,0.0,1.0,0.0133973205358928
B2_sensor_fail_stuck_f543d634,heldout,cpp,c310,flap_extend,10,10,0,False,False,0.0,position/h-sl-ft,0.0,False,0.0,1.0,0.0133973205358928
B2_atmosphere_high_altitude_61f1e8c3,heldout,cpp,c310,flap_extend,10,10,0,False,False,0.0,position/h-sl-ft,0.0,False,0.0,1.0,0.0133973205358928
B2_load_factor_sign_c3fa7d22,heldout,cpp,c310,flap_extend,10,10,0,False,False,0.0,position/h-sl-ft,0.0,False,0.0,1.0,0.0133973205358928
B2_propeller_inflow_angle_82cc3893,heldout,cpp,c310,flap_extend,10,10,0,False,True,1.9722526709157464,aero/beta-deg,1.2055591195368915,True,8.0,1.0,0.0137972405518896
B2_atmosphere_gradient_fadeout_05b709c8,heldout,cpp,c310,flap_extend,10,10,0,False,False,0.0,position/h-sl-ft,0.0,False,0.0,1.0,0.0133973205358928
B2_systems_xml_validation_95e5a16b,heldout,model,c310,flap_extend,10,10,0,False,False,0.0,position/h-sl-ft,0.0,False,0.0,1.0,0.0133973205358928
B_elevator_drag_8819410c,development,model,c310,engine_cut,10,10,0,False,True,1.294789412277006,accelerations/rdot-rad_sec2,0.438404241942575,False,0.0,2.0,0.042991401719656
B_pqrdot_5ad2694c,development,cpp,c310,engine_cut,10,10,0,False,True,0.0012825286428136,accelerations/qdot-rad_sec2,0.0012812754976282,False,0.0,0.0,0.0649870025994801
B_piston_power_bcd3f980,development,cpp,c310,engine_cut,10,10,0,False,True,1.026981110547912,accelerations/rdot-rad_sec2,0.2567878646712778,False,0.0,0.0,0.0587882423515296
B2_turbine_throttle_init_c8af9244,heldout,cpp,c310,engine_cut,10,10,0,False,False,0.0,position/h-sl-ft,0.0,False,0.0,0.0,0.0649870025994801
B2_turbine_thruster_inputs_20066483,heldout,cpp,c310,engine_cut,10,10,0,False,False,0.0,position/h-sl-ft,0.0,False,0.0,0.0,0.0649870025994801
B2_wheel_spin_down_8a9fba1c,heldout,cpp,c310,engine_cut,10,10,0,False,False,0.0,position/h-sl-ft,0.0,False,0.0,0.0,0.0649870025994801
B2_sensor_fail_stuck_f543d634,heldout,cpp,c310,engine_cut,10,10,0,False,False,0.0,position/h-sl-ft,0.0,False,0.0,0.0,0.0649870025994801
B2_atmosphere_high_altitude_61f1e8c3,heldout,cpp,c310,engine_cut,10,10,0,False,False,0.0,position/h-sl-ft,0.0,False,0.0,0.0,0.0649870025994801
B2_load_factor_sign_c3fa7d22,heldout,cpp,c310,engine_cut,10,10,0,False,False,0.0,position/h-sl-ft,0.0,False,0.0,0.0,0.0649870025994801
B2_propeller_inflow_angle_82cc3893,heldout,cpp,c310,engine_cut,10,10,0,False,True,1.0297809118930603,accelerations/rdot-rad_sec2,0.2053852715298397,False,0.0,0.0,0.0535892821435712
B2_atmosphere_gradient_fadeout_05b709c8,heldout,cpp,c310,engine_cut,10,10,0,False,False,0.0,position/h-sl-ft,0.0,False,0.0,0.0,0.0649870025994801
B2_systems_xml_validation_95e5a16b,heldout,model,c310,engine_cut,10,10,0,False,False,0.0,position/h-sl-ft,0.0,False,0.0,0.0,0.0649870025994801
B_elevator_drag_8819410c,development,model,c310,climbing_turn,10,10,0,False,True,1.943951164670924,aero/beta-deg,0.6275832523296598,False,0.0,3.0,0.0117976404719056
B_pqrdot_5ad2694c,development,cpp,c310,climbing_turn,10,10,0,False,True,0.0006819966750235,accelerations/pdot-rad_sec2,0.0006725145848552,False,0.0,8.0,0.013997200559888
B_piston_power_bcd3f980,development,cpp,c310,climbing_turn,10,10,0,False,True,1.2638825304001498,accelerations/rdot-rad_sec2,0.4860362734605272,False,0.0,0.0,0.1609678064387122
B2_turbine_throttle_init_c8af9244,heldout,cpp,c310,climbing_turn,10,10,0,False,False,0.0,position/h-sl-ft,0.0,False,0.0,8.0,0.013997200559888
B2_turbine_thruster_inputs_20066483,heldout,cpp,c310,climbing_turn,10,10,0,False,False,0.0,position/h-sl-ft,0.0,False,0.0,8.0,0.013997200559888
B2_wheel_spin_down_8a9fba1c,heldout,cpp,c310,climbing_turn,10,10,0,False,False,0.0,position/h-sl-ft,0.0,False,0.0,8.0,0.013997200559888
B2_sensor_fail_stuck_f543d634,heldout,cpp,c310,climbing_turn,10,10,0,False,False,0.0,position/h-sl-ft,0.0,False,0.0,8.0,0.013997200559888
B2_atmosphere_high_altitude_61f1e8c3,heldout,cpp,c310,climbing_turn,10,10,0,False,False,0.0,position/h-sl-ft,0.0,False,0.0,8.0,0.013997200559888
B2_load_factor_sign_c3fa7d22,heldout,cpp,c310,climbing_turn,10,10,0,False,False,0.0,position/h-sl-ft,0.0,False,0.0,8.0,0.013997200559888
B2_propeller_inflow_angle_82cc3893,heldout,cpp,c310,climbing_turn,10,10,0,False,True,1.3556058846138273,aero/beta-deg,0.3810081959471013,False,0.0,0.0,0.1577684463107378
B2_atmosphere_gradient_fadeout_05b709c8,heldout,cpp,c310,climbing_turn,10,10,0,False,False,0.0,position/h-sl-ft,0.0,False,0.0,8.0,0.013997200559888
B2_systems_xml_validation_95e5a16b,heldout,model,c310,climbing_turn,10,10,0,False,False,0.0,position/h-sl-ft,0.0,False,0.0,8.0,0.013997200559888
B_elevator_drag_8819410c,development,model,c310,elev_doublet_distractor,9,9,0,False,True,0.8063866029276566,accelerations/rdot-rad_sec2,0.3822785596102214,False,0.0,1.0,0.028994201159768
B_pqrdot_5ad2694c,development,cpp,c310,elev_doublet_distractor,9,9,0,False,True,0.0001242966438321,accelerations/pdot-rad_sec2,0.0001496963696677,False,0.0,0.0,0.0705858828234353
B_piston_power_bcd3f980,development,cpp,c310,elev_doublet_distractor,9,9,0,False,True,0.0003242196228926,velocities/h-dot-fps,0.2224520214118515,False,0.0,1.0,0.0347930413917216
B2_turbine_throttle_init_c8af9244,heldout,cpp,c310,elev_doublet_distractor,9,9,0,False,False,0.0,position/h-sl-ft,0.0,False,0.0,0.0,0.0705858828234353
B2_turbine_thruster_inputs_20066483,heldout,cpp,c310,elev_doublet_distractor,9,9,0,False,False,0.0,position/h-sl-ft,0.0,False,0.0,0.0,0.0705858828234353
B2_wheel_spin_down_8a9fba1c,heldout,cpp,c310,elev_doublet_distractor,9,9,0,False,False,0.0,position/h-sl-ft,0.0,False,0.0,0.0,0.0705858828234353
B2_sensor_fail_stuck_f543d634,heldout,cpp,c310,elev_doublet_distractor,9,9,0,False,False,0.0,position/h-sl-ft,0.0,False,0.0,0.0,0.0705858828234353
B2_atmosphere_high_altitude_61f1e8c3,heldout,cpp,c310,elev_doublet_distractor,9,9,0,False,False,0.0,position/h-sl-ft,0.0,False,0.0,0.0,0.0705858828234353
B2_load_factor_sign_c3fa7d22,heldout,cpp,c310,elev_doublet_distractor,9,9,0,False,False,0.0,position/h-sl-ft,0.0,False,0.0,0.0,0.0705858828234353
B2_propeller_inflow_angle_82cc3893,heldout,cpp,c310,elev_doublet_distractor,9,9,0,False,True,6.561041642962818e-05,aero/beta-deg,0.1802826855737762,False,0.0,1.0,0.0265946810637872
B2_atmosphere_gradient_fadeout_05b709c8,heldout,cpp,c310,elev_doublet_distractor,9,9,0,False,False,0.0,position/h-sl-ft,0.0,False,0.0,0.0,0.0705858828234353
B2_systems_xml_validation_95e5a16b,heldout,model,c310,elev_doublet_distractor,9,9,0,False,False,0.0,position/h-sl-ft,0.0,False,0.0,0.0,0.0705858828234353
B_elevator_drag_8819410c,development,model,c310,engine_stop,10,0,10,True,,,,,,,,
B_pqrdot_5ad2694c,development,cpp,c310,engine_stop,10,0,10,True,,,,,,,,
B_piston_power_bcd3f980,development,cpp,c310,engine_stop,10,10,0,False,True,1.0155663319894166,accelerations/udot-ft_sec2,0.3328904439918686,False,0.0,0.0,0.1963607278544291
B2_turbine_throttle_init_c8af9244,heldout,cpp,c310,engine_stop,10,10,0,False,False,0.0,position/h-sl-ft,0.0,False,0.0,0.0,0.0535892821435712
B2_turbine_thruster_inputs_20066483,heldout,cpp,c310,engine_stop,10,10,0,False,False,0.0,position/h-sl-ft,0.0,False,0.0,0.0,0.0535892821435712
B2_wheel_spin_down_8a9fba1c,heldout,cpp,c310,engine_stop,10,10,0,False,False,0.0,position/h-sl-ft,0.0,False,0.0,0.0,0.0535892821435712
B2_sensor_fail_stuck_f543d634,heldout,cpp,c310,engine_stop,10,10,0,False,False,0.0,position/h-sl-ft,0.0,False,0.0,0.0,0.0535892821435712
B2_atmosphere_high_altitude_61f1e8c3,heldout,cpp,c310,engine_stop,10,10,0,False,False,0.0,position/h-sl-ft,0.0,False,0.0,0.0,0.0535892821435712
B2_load_factor_sign_c3fa7d22,heldout,cpp,c310,engine_stop,10,10,0,False,False,0.0,position/h-sl-ft,0.0,False,0.0,0.0,0.0535892821435712
B2_propeller_inflow_angle_82cc3893,heldout,cpp,c310,engine_stop,10,10,0,False,True,1.0155885651637475,accelerations/udot-ft_sec2,0.2520832304245023,False,0.0,0.0,0.1309738052389522
B2_atmosphere_gradient_fadeout_05b709c8,heldout,cpp,c310,engine_stop,10,10,0,False,False,0.0,position/h-sl-ft,0.0,False,0.0,0.0,0.0535892821435712
B2_systems_xml_validation_95e5a16b,heldout,model,c310,engine_stop,10,10,0,False,False,0.0,position/h-sl-ft,0.0,False,0.0,0.0,0.0535892821435712
B_elevator_drag_8819410c,development,model,f15,cruise,10,10,0,False,True,4.571817020480833,velocities/q-rad_sec,4.440630134312834,True,8.0,15.0,0.0001999600079984
B_pqrdot_5ad2694c,development,cpp,f15,cruise,10,10,0,False,True,7.437496157480084,accelerations/pdot-rad_sec2,7.377619704510031,True,1.0,3.0,0.0103979204159168
B_turbine_windmill_2db8e408,development,cpp,f15,cruise,10,10,0,False,False,0.0,position/h-sl-ft,0.0,False,0.0,2.0,0.032993401319736
B2_turbine_throttle_init_c8af9244,heldout,cpp,f15,cruise,10,10,0,False,False,0.0,position/h-sl-ft,0.0,False,0.0,2.0,0.032993401319736
B2_turbine_thruster_inputs_20066483,heldout,cpp,f15,cruise,10,10,0,False,False,0.0,position/h-sl-ft,0.0,False,0.0,2.0,0.032993401319736
B2_wheel_spin_down_8a9fba1c,heldout,cpp,f15,cruise,10,10,0,False,False,0.0,position/h-sl-ft,0.0,False,0.0,2.0,0.032993401319736
B2_sensor_fail_stuck_f543d634,heldout,cpp,f15,cruise,10,10,0,False,False,0.0,position/h-sl-ft,0.0,False,0.0,2.0,0.032993401319736
B2_atmosphere_high_altitude_61f1e8c3,heldout,cpp,f15,cruise,10,10,0,False,False,0.0,position/h-sl-ft,0.0,False,0.0,2.0,0.032993401319736
B2_load_factor_sign_c3fa7d22,heldout,cpp,f15,cruise,10,10,0,False,False,0.0,position/h-sl-ft,0.0,False,0.0,2.0,0.032993401319736
B2_propeller_inflow_angle_82cc3893,heldout,cpp,f15,cruise,10,10,0,False,False,0.0,position/h-sl-ft,0.0,False,0.0,2.0,0.032993401319736
B2_atmosphere_gradient_fadeout_05b709c8,heldout,cpp,f15,cruise,10,10,0,False,False,0.0,position/h-sl-ft,0.0,False,0.0,2.0,0.032993401319736
B_elevator_drag_8819410c,development,model,f15,throttle_step,10,10,0,False,True,0.7382919584620422,attitude/psi-rad,0.7482977848901248,False,0.0,11.0,0.0001999600079984
B_pqrdot_5ad2694c,development,cpp,f15,throttle_step,10,10,0,False,True,0.000945076385205,accelerations/qdot-rad_sec2,0.0009701300751723,False,0.0,3.0,0.0005998800239952
B_turbine_windmill_2db8e408,development,cpp,f15,throttle_step,10,10,0,False,False,0.0,position/h-sl-ft,0.0,False,0.0,3.0,0.0005998800239952
B2_turbine_throttle_init_c8af9244,heldout,cpp,f15,throttle_step,10,10,0,False,False,0.0,position/h-sl-ft,0.0,False,0.0,3.0,0.0005998800239952
B2_turbine_thruster_inputs_20066483,heldout,cpp,f15,throttle_step,10,10,0,False,False,0.0,position/h-sl-ft,0.0,False,0.0,3.0,0.0005998800239952
B2_wheel_spin_down_8a9fba1c,heldout,cpp,f15,throttle_step,10,10,0,False,False,0.0,position/h-sl-ft,0.0,False,0.0,3.0,0.0005998800239952
B2_sensor_fail_stuck_f543d634,heldout,cpp,f15,throttle_step,10,10,0,False,False,0.0,position/h-sl-ft,0.0,False,0.0,3.0,0.0005998800239952
B2_atmosphere_high_altitude_61f1e8c3,heldout,cpp,f15,throttle_step,10,10,0,False,False,0.0,position/h-sl-ft,0.0,False,0.0,3.0,0.0005998800239952
B2_load_factor_sign_c3fa7d22,heldout,cpp,f15,throttle_step,10,10,0,False,False,0.0,position/h-sl-ft,0.0,False,0.0,3.0,0.0005998800239952
B2_propeller_inflow_angle_82cc3893,heldout,cpp,f15,throttle_step,10,10,0,False,False,0.0,position/h-sl-ft,0.0,False,0.0,3.0,0.0005998800239952
B2_atmosphere_gradient_fadeout_05b709c8,heldout,cpp,f15,throttle_step,10,10,0,False,False,0.0,position/h-sl-ft,0.0,False,0.0,3.0,0.0005998800239952
B_elevator_drag_8819410c,development,model,f15,elev_doublet,10,10,0,False,True,0.5654180065321138,accelerations/udot-ft_sec2,0.5264024893672907,False,0.0,7.0,0.000999800039992
B_pqrdot_5ad2694c,development,cpp,f15,elev_doublet,10,10,0,False,True,0.1941843984342549,accelerations/pdot-rad_sec2,0.1854091638783335,False,0.0,5.0,0.000999800039992
B_turbine_windmill_2db8e408,development,cpp,f15,elev_doublet,10,10,0,False,False,0.0,position/h-sl-ft,0.0,False,0.0,4.0,0.000999800039992
B2_turbine_throttle_init_c8af9244,heldout,cpp,f15,elev_doublet,10,10,0,False,False,0.0,position/h-sl-ft,0.0,False,0.0,4.0,0.000999800039992
B2_turbine_thruster_inputs_20066483,heldout,cpp,f15,elev_doublet,10,10,0,False,False,0.0,position/h-sl-ft,0.0,False,0.0,4.0,0.000999800039992
B2_wheel_spin_down_8a9fba1c,heldout,cpp,f15,elev_doublet,10,10,0,False,False,0.0,position/h-sl-ft,0.0,False,0.0,4.0,0.000999800039992
B2_sensor_fail_stuck_f543d634,heldout,cpp,f15,elev_doublet,10,10,0,False,False,0.0,position/h-sl-ft,0.0,False,0.0,4.0,0.000999800039992
B2_atmosphere_high_altitude_61f1e8c3,heldout,cpp,f15,elev_doublet,10,10,0,False,False,0.0,position/h-sl-ft,0.0,False,0.0,4.0,0.000999800039992
B2_load_factor_sign_c3fa7d22,heldout,cpp,f15,elev_doublet,10,10,0,False,False,0.0,position/h-sl-ft,0.0,False,0.0,4.0,0.000999800039992
B2_propeller_inflow_angle_82cc3893,heldout,cpp,f15,elev_doublet,10,10,0,False,False,0.0,position/h-sl-ft,0.0,False,0.0,4.0,0.000999800039992
B2_atmosphere_gradient_fadeout_05b709c8,heldout,cpp,f15,elev_doublet,10,10,0,False,False,0.0,position/h-sl-ft,0.0,False,0.0,4.0,0.000999800039992
B_elevator_drag_8819410c,development,model,f15,elev_step,10,10,0,False,True,1.0974144177698328,accelerations/udot-ft_sec2,1.031442243993034,True,1.0,6.0,0.0001999600079984
B_pqrdot_5ad2694c,development,cpp,f15,elev_step,10,10,0,False,True,0.2497743564402926,accelerations/pdot-rad_sec2,0.2368363996688544,False,0.0,3.0,0.0011997600479904
B_turbine_windmill_2db8e408,development,cpp,f15,elev_step,10,10,0,False,False,0.0,position/h-sl-ft,0.0,False,0.0,1.0,0.0345930813837232
B2_turbine_throttle_init_c8af9244,heldout,cpp,f15,elev_step,10,10,0,False,False,0.0,position/h-sl-ft,0.0,False,0.0,1.0,0.0345930813837232
B2_turbine_thruster_inputs_20066483,heldout,cpp,f15,elev_step,10,10,0,False,False,0.0,position/h-sl-ft,0.0,False,0.0,1.0,0.0345930813837232
B2_wheel_spin_down_8a9fba1c,heldout,cpp,f15,elev_step,10,10,0,False,False,0.0,position/h-sl-ft,0.0,False,0.0,1.0,0.0345930813837232
B2_sensor_fail_stuck_f543d634,heldout,cpp,f15,elev_step,10,10,0,False,False,0.0,position/h-sl-ft,0.0,False,0.0,1.0,0.0345930813837232
B2_atmosphere_high_altitude_61f1e8c3,heldout,cpp,f15,elev_step,10,10,0,False,False,0.0,position/h-sl-ft,0.0,False,0.0,1.0,0.0345930813837232
B2_load_factor_sign_c3fa7d22,heldout,cpp,f15,elev_step,10,10,0,False,False,0.0,position/h-sl-ft,0.0,False,0.0,1.0,0.0345930813837232
B2_propeller_inflow_angle_82cc3893,heldout,cpp,f15,elev_step,10,10,0,False,False,0.0,position/h-sl-ft,0.0,False,0.0,1.0,0.0345930813837232
B2_atmosphere_gradient_fadeout_05b709c8,heldout,cpp,f15,elev_step,10,10,0,False,False,0.0,position/h-sl-ft,0.0,False,0.0,1.0,0.0345930813837232
B_elevator_drag_8819410c,development,model,f15,aileron_step,10,10,0,False,True,0.0392947230670176,accelerations/udot-ft_sec2,0.0400447680264545,False,0.0,12.0,0.0001999600079984
B_pqrdot_5ad2694c,development,cpp,f15,aileron_step,10,10,0,False,True,0.0044947148283203,accelerations/qdot-rad_sec2,0.0045913261862862,False,0.0,1.0,0.0085982803439312
B_turbine_windmill_2db8e408,development,cpp,f15,aileron_step,10,10,0,False,False,0.0,position/h-sl-ft,0.0,False,0.0,1.0,0.0085982803439312
B2_turbine_throttle_init_c8af9244,heldout,cpp,f15,aileron_step,10,10,0,False,False,0.0,position/h-sl-ft,0.0,False,0.0,1.0,0.0085982803439312
B2_turbine_thruster_inputs_20066483,heldout,cpp,f15,aileron_step,10,10,0,False,False,0.0,position/h-sl-ft,0.0,False,0.0,1.0,0.0085982803439312
B2_wheel_spin_down_8a9fba1c,heldout,cpp,f15,aileron_step,10,10,0,False,False,0.0,position/h-sl-ft,0.0,False,0.0,1.0,0.0085982803439312
B2_sensor_fail_stuck_f543d634,heldout,cpp,f15,aileron_step,10,10,0,False,False,0.0,position/h-sl-ft,0.0,False,0.0,1.0,0.0085982803439312
B2_atmosphere_high_altitude_61f1e8c3,heldout,cpp,f15,aileron_step,10,10,0,False,False,0.0,position/h-sl-ft,0.0,False,0.0,1.0,0.0085982803439312
B2_load_factor_sign_c3fa7d22,heldout,cpp,f15,aileron_step,10,10,0,False,False,0.0,position/h-sl-ft,0.0,False,0.0,1.0,0.0085982803439312
B2_propeller_inflow_angle_82cc3893,heldout,cpp,f15,aileron_step,10,10,0,False,False,0.0,position/h-sl-ft,0.0,False,0.0,1.0,0.0085982803439312
B2_atmosphere_gradient_fadeout_05b709c8,heldout,cpp,f15,aileron_step,10,10,0,False,False,0.0,position/h-sl-ft,0.0,False,0.0,1.0,0.0085982803439312
B_elevator_drag_8819410c,development,model,f15,rudder_doublet,10,10,0,False,True,0.0951600702239581,velocities/u-fps,0.1034218358987895,False,0.0,2.0,0.0301939612077584
B_pqrdot_5ad2694c,development,cpp,f15,rudder_doublet,10,10,0,False,True,0.0002533747570233,accelerations/qdot-rad_sec2,0.0002896573187053,False,0.0,0.0,0.2111577684463107
B_turbine_windmill_2db8e408,development,cpp,f15,rudder_doublet,10,10,0,False,False,0.0,position/h-sl-ft,0.0,False,0.0,0.0,0.2111577684463107
B2_turbine_throttle_init_c8af9244,heldout,cpp,f15,rudder_doublet,10,10,0,False,False,0.0,position/h-sl-ft,0.0,False,0.0,0.0,0.2111577684463107
B2_turbine_thruster_inputs_20066483,heldout,cpp,f15,rudder_doublet,10,10,0,False,False,0.0,position/h-sl-ft,0.0,False,0.0,0.0,0.2111577684463107
B2_wheel_spin_down_8a9fba1c,heldout,cpp,f15,rudder_doublet,10,10,0,False,False,0.0,position/h-sl-ft,0.0,False,0.0,0.0,0.2111577684463107
B2_sensor_fail_stuck_f543d634,heldout,cpp,f15,rudder_doublet,10,10,0,False,False,0.0,position/h-sl-ft,0.0,False,0.0,0.0,0.2111577684463107
B2_atmosphere_high_altitude_61f1e8c3,heldout,cpp,f15,rudder_doublet,10,10,0,False,False,0.0,position/h-sl-ft,0.0,False,0.0,0.0,0.2111577684463107
B2_load_factor_sign_c3fa7d22,heldout,cpp,f15,rudder_doublet,10,10,0,False,False,0.0,position/h-sl-ft,0.0,False,0.0,0.0,0.2111577684463107
B2_propeller_inflow_angle_82cc3893,heldout,cpp,f15,rudder_doublet,10,10,0,False,False,0.0,position/h-sl-ft,0.0,False,0.0,0.0,0.2111577684463107
B2_atmosphere_gradient_fadeout_05b709c8,heldout,cpp,f15,rudder_doublet,10,10,0,False,False,0.0,position/h-sl-ft,0.0,False,0.0,0.0,0.2111577684463107
B_elevator_drag_8819410c,development,model,f15,bank_hold,10,10,0,False,True,0.0304112522367219,accelerations/udot-ft_sec2,0.0330658994145686,False,0.0,3.0,0.0001999600079984
B_pqrdot_5ad2694c,development,cpp,f15,bank_hold,10,10,0,False,True,0.0032151387926745,accelerations/qdot-rad_sec2,0.0034476187313494,False,0.0,0.0,0.1291741651669666
B_turbine_windmill_2db8e408,development,cpp,f15,bank_hold,10,10,0,False,False,0.0,position/h-sl-ft,0.0,False,0.0,0.0,0.1291741651669666
B2_turbine_throttle_init_c8af9244,heldout,cpp,f15,bank_hold,10,10,0,False,False,0.0,position/h-sl-ft,0.0,False,0.0,0.0,0.1291741651669666
B2_turbine_thruster_inputs_20066483,heldout,cpp,f15,bank_hold,10,10,0,False,False,0.0,position/h-sl-ft,0.0,False,0.0,0.0,0.1291741651669666
B2_wheel_spin_down_8a9fba1c,heldout,cpp,f15,bank_hold,10,10,0,False,False,0.0,position/h-sl-ft,0.0,False,0.0,0.0,0.1291741651669666
B2_sensor_fail_stuck_f543d634,heldout,cpp,f15,bank_hold,10,10,0,False,False,0.0,position/h-sl-ft,0.0,False,0.0,0.0,0.1291741651669666
B2_atmosphere_high_altitude_61f1e8c3,heldout,cpp,f15,bank_hold,10,10,0,False,False,0.0,position/h-sl-ft,0.0,False,0.0,0.0,0.1291741651669666
B2_load_factor_sign_c3fa7d22,heldout,cpp,f15,bank_hold,10,10,0,False,False,0.0,position/h-sl-ft,0.0,False,0.0,0.0,0.1291741651669666
B2_propeller_inflow_angle_82cc3893,heldout,cpp,f15,bank_hold,10,10,0,False,False,0.0,position/h-sl-ft,0.0,False,0.0,0.0,0.1291741651669666
B2_atmosphere_gradient_fadeout_05b709c8,heldout,cpp,f15,bank_hold,10,10,0,False,False,0.0,position/h-sl-ft,0.0,False,0.0,0.0,0.1291741651669666
B_elevator_drag_8819410c,development,model,f15,flap_extend,10,10,0,False,True,4.968970191371388,velocities/q-rad_sec,4.99653545063687,True,8.0,11.0,0.0001999600079984
B_pqrdot_5ad2694c,development,cpp,f15,flap_extend,10,10,0,False,True,1.750981729917065,accelerations/pdot-rad_sec2,1.7158609718670406,True,1.0,1.0,0.0367926414717056
B_turbine_windmill_2db8e408,development,cpp,f15,flap_extend,10,10,0,False,False,0.0,position/h-sl-ft,0.0,False,0.0,1.0,0.0367926414717056
B2_turbine_throttle_init_c8af9244,heldout,cpp,f15,flap_extend,10,10,0,False,False,0.0,position/h-sl-ft,0.0,False,0.0,1.0,0.0367926414717056
B2_turbine_thruster_inputs_20066483,heldout,cpp,f15,flap_extend,10,10,0,False,False,0.0,position/h-sl-ft,0.0,False,0.0,1.0,0.0367926414717056
B2_wheel_spin_down_8a9fba1c,heldout,cpp,f15,flap_extend,10,10,0,False,False,0.0,position/h-sl-ft,0.0,False,0.0,1.0,0.0367926414717056
B2_sensor_fail_stuck_f543d634,heldout,cpp,f15,flap_extend,10,10,0,False,False,0.0,position/h-sl-ft,0.0,False,0.0,1.0,0.0367926414717056
B2_atmosphere_high_altitude_61f1e8c3,heldout,cpp,f15,flap_extend,10,10,0,False,False,0.0,position/h-sl-ft,0.0,False,0.0,1.0,0.0367926414717056
B2_load_factor_sign_c3fa7d22,heldout,cpp,f15,flap_extend,10,10,0,False,False,0.0,position/h-sl-ft,0.0,False,0.0,1.0,0.0367926414717056
B2_propeller_inflow_angle_82cc3893,heldout,cpp,f15,flap_extend,10,10,0,False,False,0.0,position/h-sl-ft,0.0,False,0.0,1.0,0.0367926414717056
B2_atmosphere_gradient_fadeout_05b709c8,heldout,cpp,f15,flap_extend,10,10,0,False,False,0.0,position/h-sl-ft,0.0,False,0.0,1.0,0.0367926414717056
B_elevator_drag_8819410c,development,model,f15,engine_cut,10,10,0,False,True,7.440426525350166,attitude/theta-rad,7.138623754602183,True,12.0,16.0,0.0001999600079984
B_pqrdot_5ad2694c,development,cpp,f15,engine_cut,10,10,0,False,True,0.0047351619561532,accelerations/qdot-rad_sec2,0.0046370058864273,False,0.0,0.0,0.0735852829434113
B_turbine_windmill_2db8e408,development,cpp,f15,engine_cut,10,10,0,False,False,0.0,position/h-sl-ft,0.0,False,0.0,0.0,0.0735852829434113
B2_turbine_throttle_init_c8af9244,heldout,cpp,f15,engine_cut,10,10,0,False,False,0.0,position/h-sl-ft,0.0,False,0.0,0.0,0.0735852829434113
B2_turbine_thruster_inputs_20066483,heldout,cpp,f15,engine_cut,10,10,0,False,False,0.0,position/h-sl-ft,0.0,False,0.0,0.0,0.0735852829434113
B2_wheel_spin_down_8a9fba1c,heldout,cpp,f15,engine_cut,10,10,0,False,False,0.0,position/h-sl-ft,0.0,False,0.0,0.0,0.0735852829434113
B2_sensor_fail_stuck_f543d634,heldout,cpp,f15,engine_cut,10,10,0,False,False,0.0,position/h-sl-ft,0.0,False,0.0,0.0,0.0735852829434113
B2_atmosphere_high_altitude_61f1e8c3,heldout,cpp,f15,engine_cut,10,10,0,False,False,0.0,position/h-sl-ft,0.0,False,0.0,0.0,0.0735852829434113
B2_load_factor_sign_c3fa7d22,heldout,cpp,f15,engine_cut,10,10,0,False,False,0.0,position/h-sl-ft,0.0,False,0.0,0.0,0.0735852829434113
B2_propeller_inflow_angle_82cc3893,heldout,cpp,f15,engine_cut,10,10,0,False,False,0.0,position/h-sl-ft,0.0,False,0.0,0.0,0.0735852829434113
B2_atmosphere_gradient_fadeout_05b709c8,heldout,cpp,f15,engine_cut,10,10,0,False,False,0.0,position/h-sl-ft,0.0,False,0.0,0.0,0.0735852829434113
B_elevator_drag_8819410c,development,model,f15,climbing_turn,10,10,0,False,True,0.6663484899070384,accelerations/udot-ft_sec2,0.6551996499162659,False,0.0,4.0,0.0313937212557488
B_pqrdot_5ad2694c,development,cpp,f15,climbing_turn,10,10,0,False,True,0.0015395364160704,accelerations/rdot-rad_sec2,0.0015214462351718,False,0.0,0.0,0.2247550489902019
B_turbine_windmill_2db8e408,development,cpp,f15,climbing_turn,10,10,0,False,False,0.0,position/h-sl-ft,0.0,False,0.0,0.0,0.2247550489902019
B2_turbine_throttle_init_c8af9244,heldout,cpp,f15,climbing_turn,10,10,0,False,False,0.0,position/h-sl-ft,0.0,False,0.0,0.0,0.2247550489902019
B2_turbine_thruster_inputs_20066483,heldout,cpp,f15,climbing_turn,10,10,0,False,False,0.0,position/h-sl-ft,0.0,False,0.0,0.0,0.2247550489902019
B2_wheel_spin_down_8a9fba1c,heldout,cpp,f15,climbing_turn,10,10,0,False,False,0.0,position/h-sl-ft,0.0,False,0.0,0.0,0.2247550489902019
B2_sensor_fail_stuck_f543d634,heldout,cpp,f15,climbing_turn,10,10,0,False,False,0.0,position/h-sl-ft,0.0,False,0.0,0.0,0.2247550489902019
B2_atmosphere_high_altitude_61f1e8c3,heldout,cpp,f15,climbing_turn,10,10,0,False,False,0.0,position/h-sl-ft,0.0,False,0.0,0.0,0.2247550489902019
B2_load_factor_sign_c3fa7d22,heldout,cpp,f15,climbing_turn,10,10,0,False,False,0.0,position/h-sl-ft,0.0,False,0.0,0.0,0.2247550489902019
B2_propeller_inflow_angle_82cc3893,heldout,cpp,f15,climbing_turn,10,10,0,False,False,0.0,position/h-sl-ft,0.0,False,0.0,0.0,0.2247550489902019
B2_atmosphere_gradient_fadeout_05b709c8,heldout,cpp,f15,climbing_turn,10,10,0,False,False,0.0,position/h-sl-ft,0.0,False,0.0,0.0,0.2247550489902019
B_elevator_drag_8819410c,development,model,f15,elev_doublet_distractor,10,10,0,False,True,0.1410563129281071,accelerations/udot-ft_sec2,0.1523024360995345,False,0.0,0.0,0.0615876824635073
B_pqrdot_5ad2694c,development,cpp,f15,elev_doublet_distractor,10,10,0,False,True,0.00010626436962,accelerations/rdot-rad_sec2,9.930982809819728e-05,False,0.0,0.0,0.271745650869826
B_turbine_windmill_2db8e408,development,cpp,f15,elev_doublet_distractor,10,10,0,False,False,0.0,position/h-sl-ft,0.0,False,0.0,0.0,0.271745650869826
B2_turbine_throttle_init_c8af9244,heldout,cpp,f15,elev_doublet_distractor,10,10,0,False,False,0.0,position/h-sl-ft,0.0,False,0.0,0.0,0.271745650869826
B2_turbine_thruster_inputs_20066483,heldout,cpp,f15,elev_doublet_distractor,10,10,0,False,False,0.0,position/h-sl-ft,0.0,False,0.0,0.0,0.271745650869826
B2_wheel_spin_down_8a9fba1c,heldout,cpp,f15,elev_doublet_distractor,10,10,0,False,False,0.0,position/h-sl-ft,0.0,False,0.0,0.0,0.271745650869826
B2_sensor_fail_stuck_f543d634,heldout,cpp,f15,elev_doublet_distractor,10,10,0,False,False,0.0,position/h-sl-ft,0.0,False,0.0,0.0,0.271745650869826
B2_atmosphere_high_altitude_61f1e8c3,heldout,cpp,f15,elev_doublet_distractor,10,10,0,False,False,0.0,position/h-sl-ft,0.0,False,0.0,0.0,0.271745650869826
B2_load_factor_sign_c3fa7d22,heldout,cpp,f15,elev_doublet_distractor,10,10,0,False,False,0.0,position/h-sl-ft,0.0,False,0.0,0.0,0.271745650869826
B2_propeller_inflow_angle_82cc3893,heldout,cpp,f15,elev_doublet_distractor,10,10,0,False,False,0.0,position/h-sl-ft,0.0,False,0.0,0.0,0.271745650869826
B2_atmosphere_gradient_fadeout_05b709c8,heldout,cpp,f15,elev_doublet_distractor,10,10,0,False,False,0.0,position/h-sl-ft,0.0,False,0.0,0.0,0.271745650869826
B_elevator_drag_8819410c,development,model,f15,engine_restart,10,10,0,False,True,4.7783150244913815,attitude/theta-rad,4.551950152736474,True,12.0,19.0,0.0001999600079984
B_pqrdot_5ad2694c,development,cpp,f15,engine_restart,10,10,0,False,True,0.0016301099240412,accelerations/qdot-rad_sec2,0.001575608856575,False,0.0,0.0,0.0503899220155968
B_turbine_windmill_2db8e408,development,cpp,f15,engine_restart,10,10,0,False,True,15.454464882865548,attitude/theta-rad,14.740586993166156,True,16.0,22.0,0.0001999600079984
B2_turbine_throttle_init_c8af9244,heldout,cpp,f15,engine_restart,10,10,0,False,False,0.0,position/h-sl-ft,0.0,False,0.0,0.0,0.0503899220155968
B2_turbine_thruster_inputs_20066483,heldout,cpp,f15,engine_restart,10,10,0,False,False,0.0,position/h-sl-ft,0.0,False,0.0,0.0,0.0503899220155968
B2_wheel_spin_down_8a9fba1c,heldout,cpp,f15,engine_restart,10,10,0,False,False,0.0,position/h-sl-ft,0.0,False,0.0,0.0,0.0503899220155968
B2_sensor_fail_stuck_f543d634,heldout,cpp,f15,engine_restart,10,10,0,False,False,0.0,position/h-sl-ft,0.0,False,0.0,0.0,0.0503899220155968
B2_atmosphere_high_altitude_61f1e8c3,heldout,cpp,f15,engine_restart,10,10,0,False,False,0.0,position/h-sl-ft,0.0,False,0.0,0.0,0.0503899220155968
B2_load_factor_sign_c3fa7d22,heldout,cpp,f15,engine_restart,10,10,0,False,False,0.0,position/h-sl-ft,0.0,False,0.0,0.0,0.0503899220155968
B2_propeller_inflow_angle_82cc3893,heldout,cpp,f15,engine_restart,10,10,0,False,False,0.0,position/h-sl-ft,0.0,False,0.0,0.0,0.0503899220155968
B2_atmosphere_gradient_fadeout_05b709c8,heldout,cpp,f15,engine_restart,10,10,0,False,False,0.0,position/h-sl-ft,0.0,False,0.0,0.0,0.0503899220155968
B_pqrdot_5ad2694c,development,cpp,f16,cruise,10,10,0,False,True,0.0558337789932986,accelerations/qdot-rad_sec2,0.0510112628462364,False,0.0,0.0,0.134373125374925
B_turbine_windmill_2db8e408,development,cpp,f16,cruise,10,10,0,False,False,0.0,position/h-sl-ft,0.0,False,0.0,0.0,0.134373125374925
B2_turbine_throttle_init_c8af9244,heldout,cpp,f16,cruise,10,10,0,False,False,0.0,position/h-sl-ft,0.0,False,0.0,0.0,0.134373125374925
B2_turbine_thruster_inputs_20066483,heldout,cpp,f16,cruise,10,10,0,False,False,0.0,position/h-sl-ft,0.0,False,0.0,0.0,0.134373125374925
B2_wheel_spin_down_8a9fba1c,heldout,cpp,f16,cruise,10,10,0,False,False,0.0,position/h-sl-ft,0.0,False,0.0,0.0,0.134373125374925
B2_sensor_fail_stuck_f543d634,heldout,cpp,f16,cruise,10,10,0,False,False,0.0,position/h-sl-ft,0.0,False,0.0,0.0,0.134373125374925
B2_atmosphere_high_altitude_61f1e8c3,heldout,cpp,f16,cruise,10,10,0,False,False,0.0,position/h-sl-ft,0.0,False,0.0,0.0,0.134373125374925
B2_load_factor_sign_c3fa7d22,heldout,cpp,f16,cruise,10,10,0,False,False,0.0,position/h-sl-ft,0.0,False,0.0,0.0,0.134373125374925
B2_propeller_inflow_angle_82cc3893,heldout,cpp,f16,cruise,10,10,0,False,False,0.0,position/h-sl-ft,0.0,False,0.0,0.0,0.134373125374925
B2_atmosphere_gradient_fadeout_05b709c8,heldout,cpp,f16,cruise,10,10,0,False,False,0.0,position/h-sl-ft,0.0,False,0.0,0.0,0.134373125374925
B_pqrdot_5ad2694c,development,cpp,f16,throttle_step,10,10,0,False,True,0.0546208884961701,accelerations/rdot-rad_sec2,0.050083518654431,False,0.0,1.0,0.0485902819436112
B_turbine_windmill_2db8e408,development,cpp,f16,throttle_step,10,10,0,False,False,0.0,position/h-sl-ft,0.0,False,0.0,1.0,0.0485902819436112
B2_turbine_throttle_init_c8af9244,heldout,cpp,f16,throttle_step,10,10,0,False,False,0.0,position/h-sl-ft,0.0,False,0.0,1.0,0.0485902819436112
B2_turbine_thruster_inputs_20066483,heldout,cpp,f16,throttle_step,10,10,0,False,False,0.0,position/h-sl-ft,0.0,False,0.0,1.0,0.0485902819436112
B2_wheel_spin_down_8a9fba1c,heldout,cpp,f16,throttle_step,10,10,0,False,False,0.0,position/h-sl-ft,0.0,False,0.0,1.0,0.0485902819436112
B2_sensor_fail_stuck_f543d634,heldout,cpp,f16,throttle_step,10,10,0,False,False,0.0,position/h-sl-ft,0.0,False,0.0,1.0,0.0485902819436112
B2_atmosphere_high_altitude_61f1e8c3,heldout,cpp,f16,throttle_step,10,10,0,False,False,0.0,position/h-sl-ft,0.0,False,0.0,1.0,0.0485902819436112
B2_load_factor_sign_c3fa7d22,heldout,cpp,f16,throttle_step,10,10,0,False,False,0.0,position/h-sl-ft,0.0,False,0.0,1.0,0.0485902819436112
B2_propeller_inflow_angle_82cc3893,heldout,cpp,f16,throttle_step,10,10,0,False,False,0.0,position/h-sl-ft,0.0,False,0.0,1.0,0.0485902819436112
B2_atmosphere_gradient_fadeout_05b709c8,heldout,cpp,f16,throttle_step,10,10,0,False,False,0.0,position/h-sl-ft,0.0,False,0.0,1.0,0.0485902819436112
B_pqrdot_5ad2694c,development,cpp,f16,elev_doublet,10,10,0,False,True,0.7142508299543198,accelerations/pdot-rad_sec2,0.6650238852210291,False,0.0,1.0,0.0001999600079984
B_turbine_windmill_2db8e408,development,cpp,f16,elev_doublet,10,10,0,False,False,0.0,position/h-sl-ft,0.0,False,0.0,0.0,0.1571685662867426
B2_turbine_throttle_init_c8af9244,heldout,cpp,f16,elev_doublet,10,10,0,False,False,0.0,position/h-sl-ft,0.0,False,0.0,0.0,0.1571685662867426
B2_turbine_thruster_inputs_20066483,heldout,cpp,f16,elev_doublet,10,10,0,False,False,0.0,position/h-sl-ft,0.0,False,0.0,0.0,0.1571685662867426
B2_wheel_spin_down_8a9fba1c,heldout,cpp,f16,elev_doublet,10,10,0,False,False,0.0,position/h-sl-ft,0.0,False,0.0,0.0,0.1571685662867426
B2_sensor_fail_stuck_f543d634,heldout,cpp,f16,elev_doublet,10,10,0,False,False,0.0,position/h-sl-ft,0.0,False,0.0,0.0,0.1571685662867426
B2_atmosphere_high_altitude_61f1e8c3,heldout,cpp,f16,elev_doublet,10,10,0,False,False,0.0,position/h-sl-ft,0.0,False,0.0,0.0,0.1571685662867426
B2_load_factor_sign_c3fa7d22,heldout,cpp,f16,elev_doublet,10,10,0,False,False,0.0,position/h-sl-ft,0.0,False,0.0,0.0,0.1571685662867426
B2_propeller_inflow_angle_82cc3893,heldout,cpp,f16,elev_doublet,10,10,0,False,False,0.0,position/h-sl-ft,0.0,False,0.0,0.0,0.1571685662867426
B2_atmosphere_gradient_fadeout_05b709c8,heldout,cpp,f16,elev_doublet,10,10,0,False,False,0.0,position/h-sl-ft,0.0,False,0.0,0.0,0.1571685662867426
B_pqrdot_5ad2694c,development,cpp,f16,elev_step,10,10,0,False,True,0.020436368506695,accelerations/rdot-rad_sec2,0.0230414866600706,False,0.0,0.0,0.1899620075984803
B_turbine_windmill_2db8e408,development,cpp,f16,elev_step,10,10,0,False,False,0.0,position/h-sl-ft,0.0,False,0.0,0.0,0.1899620075984803
B2_turbine_throttle_init_c8af9244,heldout,cpp,f16,elev_step,10,10,0,False,False,0.0,position/h-sl-ft,0.0,False,0.0,0.0,0.1899620075984803
B2_turbine_thruster_inputs_20066483,heldout,cpp,f16,elev_step,10,10,0,False,False,0.0,position/h-sl-ft,0.0,False,0.0,0.0,0.1899620075984803
B2_wheel_spin_down_8a9fba1c,heldout,cpp,f16,elev_step,10,10,0,False,False,0.0,position/h-sl-ft,0.0,False,0.0,0.0,0.1899620075984803
B2_sensor_fail_stuck_f543d634,heldout,cpp,f16,elev_step,10,10,0,False,False,0.0,position/h-sl-ft,0.0,False,0.0,0.0,0.1899620075984803
B2_atmosphere_high_altitude_61f1e8c3,heldout,cpp,f16,elev_step,10,10,0,False,False,0.0,position/h-sl-ft,0.0,False,0.0,0.0,0.1899620075984803
B2_load_factor_sign_c3fa7d22,heldout,cpp,f16,elev_step,10,10,0,False,False,0.0,position/h-sl-ft,0.0,False,0.0,0.0,0.1899620075984803
B2_propeller_inflow_angle_82cc3893,heldout,cpp,f16,elev_step,10,10,0,False,False,0.0,position/h-sl-ft,0.0,False,0.0,0.0,0.1899620075984803
B2_atmosphere_gradient_fadeout_05b709c8,heldout,cpp,f16,elev_step,10,10,0,False,False,0.0,position/h-sl-ft,0.0,False,0.0,0.0,0.1899620075984803
B_pqrdot_5ad2694c,development,cpp,f16,aileron_step,10,10,0,False,True,0.0051293687752118,accelerations/qdot-rad_sec2,0.0051370707974169,False,0.0,0.0,0.2065586882623475
B_turbine_windmill_2db8e408,development,cpp,f16,aileron_step,10,10,0,False,False,0.0,position/h-sl-ft,0.0,False,0.0,0.0,0.2065586882623475
B2_turbine_throttle_init_c8af9244,heldout,cpp,f16,aileron_step,10,10,0,False,False,0.0,position/h-sl-ft,0.0,False,0.0,0.0,0.2065586882623475
B2_turbine_thruster_inputs_20066483,heldout,cpp,f16,aileron_step,10,10,0,False,False,0.0,position/h-sl-ft,0.0,False,0.0,0.0,0.2065586882623475
B2_wheel_spin_down_8a9fba1c,heldout,cpp,f16,aileron_step,10,10,0,False,False,0.0,position/h-sl-ft,0.0,False,0.0,0.0,0.2065586882623475
B2_sensor_fail_stuck_f543d634,heldout,cpp,f16,aileron_step,10,10,0,False,False,0.0,position/h-sl-ft,0.0,False,0.0,0.0,0.2065586882623475
B2_atmosphere_high_altitude_61f1e8c3,heldout,cpp,f16,aileron_step,10,10,0,False,False,0.0,position/h-sl-ft,0.0,False,0.0,0.0,0.2065586882623475
B2_load_factor_sign_c3fa7d22,heldout,cpp,f16,aileron_step,10,10,0,False,False,0.0,position/h-sl-ft,0.0,False,0.0,0.0,0.2065586882623475
B2_propeller_inflow_angle_82cc3893,heldout,cpp,f16,aileron_step,10,10,0,False,False,0.0,position/h-sl-ft,0.0,False,0.0,0.0,0.2065586882623475
B2_atmosphere_gradient_fadeout_05b709c8,heldout,cpp,f16,aileron_step,10,10,0,False,False,0.0,position/h-sl-ft,0.0,False,0.0,0.0,0.2065586882623475
B_pqrdot_5ad2694c,development,cpp,f16,rudder_doublet,10,10,0,False,True,0.0034338925239839,accelerations/qdot-rad_sec2,0.0047921678536438,False,0.0,0.0,0.1471705658868226
B_turbine_windmill_2db8e408,development,cpp,f16,rudder_doublet,10,10,0,False,False,0.0,position/h-sl-ft,0.0,False,0.0,0.0,0.1471705658868226
B2_turbine_throttle_init_c8af9244,heldout,cpp,f16,rudder_doublet,10,10,0,False,False,0.0,position/h-sl-ft,0.0,False,0.0,0.0,0.1471705658868226
B2_turbine_thruster_inputs_20066483,heldout,cpp,f16,rudder_doublet,10,10,0,False,False,0.0,position/h-sl-ft,0.0,False,0.0,0.0,0.1471705658868226
B2_wheel_spin_down_8a9fba1c,heldout,cpp,f16,rudder_doublet,10,10,0,False,False,0.0,position/h-sl-ft,0.0,False,0.0,0.0,0.1471705658868226
B2_sensor_fail_stuck_f543d634,heldout,cpp,f16,rudder_doublet,10,10,0,False,False,0.0,position/h-sl-ft,0.0,False,0.0,0.0,0.1471705658868226
B2_atmosphere_high_altitude_61f1e8c3,heldout,cpp,f16,rudder_doublet,10,10,0,False,False,0.0,position/h-sl-ft,0.0,False,0.0,0.0,0.1471705658868226
B2_load_factor_sign_c3fa7d22,heldout,cpp,f16,rudder_doublet,10,10,0,False,False,0.0,position/h-sl-ft,0.0,False,0.0,0.0,0.1471705658868226
B2_propeller_inflow_angle_82cc3893,heldout,cpp,f16,rudder_doublet,10,10,0,False,False,0.0,position/h-sl-ft,0.0,False,0.0,0.0,0.1471705658868226
B2_atmosphere_gradient_fadeout_05b709c8,heldout,cpp,f16,rudder_doublet,10,10,0,False,False,0.0,position/h-sl-ft,0.0,False,0.0,0.0,0.1471705658868226
B_pqrdot_5ad2694c,development,cpp,f16,flap_extend,10,10,0,False,True,0.0447039963334763,accelerations/rdot-rad_sec2,0.0498440747130901,False,0.0,0.0,0.1417716456708658
B_turbine_windmill_2db8e408,development,cpp,f16,flap_extend,10,10,0,False,False,0.0,position/h-sl-ft,0.0,False,0.0,0.0,0.1417716456708658
B2_turbine_throttle_init_c8af9244,heldout,cpp,f16,flap_extend,10,10,0,False,False,0.0,position/h-sl-ft,0.0,False,0.0,0.0,0.1417716456708658
B2_turbine_thruster_inputs_20066483,heldout,cpp,f16,flap_extend,10,10,0,False,False,0.0,position/h-sl-ft,0.0,False,0.0,0.0,0.1417716456708658
B2_wheel_spin_down_8a9fba1c,heldout,cpp,f16,flap_extend,10,10,0,False,False,0.0,position/h-sl-ft,0.0,False,0.0,0.0,0.1417716456708658
B2_sensor_fail_stuck_f543d634,heldout,cpp,f16,flap_extend,10,10,0,False,False,0.0,position/h-sl-ft,0.0,False,0.0,0.0,0.1417716456708658
B2_atmosphere_high_altitude_61f1e8c3,heldout,cpp,f16,flap_extend,10,10,0,False,False,0.0,position/h-sl-ft,0.0,False,0.0,0.0,0.1417716456708658
B2_load_factor_sign_c3fa7d22,heldout,cpp,f16,flap_extend,10,10,0,False,False,0.0,position/h-sl-ft,0.0,False,0.0,0.0,0.1417716456708658
B2_propeller_inflow_angle_82cc3893,heldout,cpp,f16,flap_extend,10,10,0,False,False,0.0,position/h-sl-ft,0.0,False,0.0,0.0,0.1417716456708658
B2_atmosphere_gradient_fadeout_05b709c8,heldout,cpp,f16,flap_extend,10,10,0,False,False,0.0,position/h-sl-ft,0.0,False,0.0,0.0,0.1417716456708658
B_pqrdot_5ad2694c,development,cpp,f16,elev_doublet_distractor,10,10,0,False,True,0.0014062851850867,accelerations/rdot-rad_sec2,0.0013975315824665,False,0.0,3.0,0.0031993601279744
B_turbine_windmill_2db8e408,development,cpp,f16,elev_doublet_distractor,10,10,0,False,False,0.0,position/h-sl-ft,0.0,False,0.0,3.0,0.0031993601279744
B2_turbine_throttle_init_c8af9244,heldout,cpp,f16,elev_doublet_distractor,10,10,0,False,False,0.0,position/h-sl-ft,0.0,False,0.0,3.0,0.0031993601279744
B2_turbine_thruster_inputs_20066483,heldout,cpp,f16,elev_doublet_distractor,10,10,0,False,False,0.0,position/h-sl-ft,0.0,False,0.0,3.0,0.0031993601279744
B2_wheel_spin_down_8a9fba1c,heldout,cpp,f16,elev_doublet_distractor,10,10,0,False,False,0.0,position/h-sl-ft,0.0,False,0.0,3.0,0.0031993601279744
B2_sensor_fail_stuck_f543d634,heldout,cpp,f16,elev_doublet_distractor,10,10,0,False,False,0.0,position/h-sl-ft,0.0,False,0.0,3.0,0.0031993601279744
B2_atmosphere_high_altitude_61f1e8c3,heldout,cpp,f16,elev_doublet_distractor,10,10,0,False,False,0.0,position/h-sl-ft,0.0,False,0.0,3.0,0.0031993601279744
B2_load_factor_sign_c3fa7d22,heldout,cpp,f16,elev_doublet_distractor,10,10,0,False,False,0.0,position/h-sl-ft,0.0,False,0.0,3.0,0.0031993601279744
B2_propeller_inflow_angle_82cc3893,heldout,cpp,f16,elev_doublet_distractor,10,10,0,False,False,0.0,position/h-sl-ft,0.0,False,0.0,3.0,0.0031993601279744
B2_atmosphere_gradient_fadeout_05b709c8,heldout,cpp,f16,elev_doublet_distractor,10,10,0,False,False,0.0,position/h-sl-ft,0.0,False,0.0,3.0,0.0031993601279744
B_pqrdot_5ad2694c,development,cpp,global5000,cruise,10,10,0,False,True,36.69297537452123,accelerations/pdot-rad_sec2,36.377251626783085,True,2.0,3.0,0.0001999600079984
B_turbine_windmill_2db8e408,development,cpp,global5000,cruise,10,10,0,False,False,0.0,position/h-sl-ft,0.0,False,0.0,2.0,0.0345930813837232
B2_turbine_throttle_init_c8af9244,heldout,cpp,global5000,cruise,10,10,0,False,False,0.0,position/h-sl-ft,0.0,False,0.0,2.0,0.0345930813837232
B2_turbine_thruster_inputs_20066483,heldout,cpp,global5000,cruise,10,10,0,False,False,0.0,position/h-sl-ft,0.0,False,0.0,2.0,0.0345930813837232
B2_wheel_spin_down_8a9fba1c,heldout,cpp,global5000,cruise,10,10,0,False,False,0.0,position/h-sl-ft,0.0,False,0.0,2.0,0.0345930813837232
B2_sensor_fail_stuck_f543d634,heldout,cpp,global5000,cruise,10,10,0,False,False,0.0,position/h-sl-ft,0.0,False,0.0,2.0,0.0345930813837232
B2_atmosphere_high_altitude_61f1e8c3,heldout,cpp,global5000,cruise,10,10,0,False,False,0.0,position/h-sl-ft,0.0,False,0.0,2.0,0.0345930813837232
B2_load_factor_sign_c3fa7d22,heldout,cpp,global5000,cruise,10,10,0,False,False,0.0,position/h-sl-ft,0.0,False,0.0,2.0,0.0345930813837232
B2_propeller_inflow_angle_82cc3893,heldout,cpp,global5000,cruise,10,10,0,False,False,0.0,position/h-sl-ft,0.0,False,0.0,2.0,0.0345930813837232
B2_atmosphere_gradient_fadeout_05b709c8,heldout,cpp,global5000,cruise,10,10,0,False,False,0.0,position/h-sl-ft,0.0,False,0.0,2.0,0.0345930813837232
B2_systems_xml_validation_95e5a16b,heldout,model,global5000,cruise,10,10,0,False,False,0.0,position/h-sl-ft,0.0,False,0.0,2.0,0.0345930813837232
B_pqrdot_5ad2694c,development,cpp,global5000,throttle_step,10,10,0,False,True,0.0013715985089023,accelerations/rdot-rad_sec2,0.0012850835348039,False,0.0,2.0,0.008998200359928
B_turbine_windmill_2db8e408,development,cpp,global5000,throttle_step,10,10,0,False,False,0.0,position/h-sl-ft,0.0,False,0.0,2.0,0.008998200359928
B2_turbine_throttle_init_c8af9244,heldout,cpp,global5000,throttle_step,10,10,0,False,False,0.0,position/h-sl-ft,0.0,False,0.0,2.0,0.008998200359928
B2_turbine_thruster_inputs_20066483,heldout,cpp,global5000,throttle_step,10,10,0,False,False,0.0,position/h-sl-ft,0.0,False,0.0,2.0,0.008998200359928
B2_wheel_spin_down_8a9fba1c,heldout,cpp,global5000,throttle_step,10,10,0,False,False,0.0,position/h-sl-ft,0.0,False,0.0,2.0,0.008998200359928
B2_sensor_fail_stuck_f543d634,heldout,cpp,global5000,throttle_step,10,10,0,False,False,0.0,position/h-sl-ft,0.0,False,0.0,2.0,0.008998200359928
B2_atmosphere_high_altitude_61f1e8c3,heldout,cpp,global5000,throttle_step,10,10,0,False,False,0.0,position/h-sl-ft,0.0,False,0.0,2.0,0.008998200359928
B2_load_factor_sign_c3fa7d22,heldout,cpp,global5000,throttle_step,10,10,0,False,False,0.0,position/h-sl-ft,0.0,False,0.0,2.0,0.008998200359928
B2_propeller_inflow_angle_82cc3893,heldout,cpp,global5000,throttle_step,10,10,0,False,False,0.0,position/h-sl-ft,0.0,False,0.0,2.0,0.008998200359928
B2_atmosphere_gradient_fadeout_05b709c8,heldout,cpp,global5000,throttle_step,10,10,0,False,False,0.0,position/h-sl-ft,0.0,False,0.0,2.0,0.008998200359928
B2_systems_xml_validation_95e5a16b,heldout,model,global5000,throttle_step,10,10,0,False,False,0.0,position/h-sl-ft,0.0,False,0.0,2.0,0.008998200359928
B_pqrdot_5ad2694c,development,cpp,global5000,elev_doublet,10,10,0,False,True,18.42827851402583,accelerations/pdot-rad_sec2,18.77787324222578,True,2.0,2.0,0.0001999600079984
B_turbine_windmill_2db8e408,development,cpp,global5000,elev_doublet,10,10,0,False,False,0.0,position/h-sl-ft,0.0,False,0.0,0.0,0.1043791241751649
B2_turbine_throttle_init_c8af9244,heldout,cpp,global5000,elev_doublet,10,10,0,False,False,0.0,position/h-sl-ft,0.0,False,0.0,0.0,0.1043791241751649
B2_turbine_thruster_inputs_20066483,heldout,cpp,global5000,elev_doublet,10,10,0,False,False,0.0,position/h-sl-ft,0.0,False,0.0,0.0,0.1043791241751649
B2_wheel_spin_down_8a9fba1c,heldout,cpp,global5000,elev_doublet,10,10,0,False,False,0.0,position/h-sl-ft,0.0,False,0.0,0.0,0.1043791241751649
B2_sensor_fail_stuck_f543d634,heldout,cpp,global5000,elev_doublet,10,10,0,False,False,0.0,position/h-sl-ft,0.0,False,0.0,0.0,0.1043791241751649
B2_atmosphere_high_altitude_61f1e8c3,heldout,cpp,global5000,elev_doublet,10,10,0,False,False,0.0,position/h-sl-ft,0.0,False,0.0,0.0,0.1043791241751649
B2_load_factor_sign_c3fa7d22,heldout,cpp,global5000,elev_doublet,10,10,0,False,False,0.0,position/h-sl-ft,0.0,False,0.0,0.0,0.1043791241751649
B2_propeller_inflow_angle_82cc3893,heldout,cpp,global5000,elev_doublet,10,10,0,False,False,0.0,position/h-sl-ft,0.0,False,0.0,0.0,0.1043791241751649
B2_atmosphere_gradient_fadeout_05b709c8,heldout,cpp,global5000,elev_doublet,10,10,0,False,False,0.0,position/h-sl-ft,0.0,False,0.0,0.0,0.1043791241751649
B2_systems_xml_validation_95e5a16b,heldout,model,global5000,elev_doublet,10,10,0,False,False,0.0,position/h-sl-ft,0.0,False,0.0,0.0,0.1043791241751649
B_pqrdot_5ad2694c,development,cpp,global5000,elev_step,10,10,0,False,True,14.518592523224406,accelerations/pdot-rad_sec2,13.664744849347498,True,2.0,2.0,0.0001999600079984
B_turbine_windmill_2db8e408,development,cpp,global5000,elev_step,10,10,0,False,False,0.0,position/h-sl-ft,0.0,False,0.0,0.0,0.0927814437112577
B2_turbine_throttle_init_c8af9244,heldout,cpp,global5000,elev_step,10,10,0,False,False,0.0,position/h-sl-ft,0.0,False,0.0,0.0,0.0927814437112577
B2_turbine_thruster_inputs_20066483,heldout,cpp,global5000,elev_step,10,10,0,False,False,0.0,position/h-sl-ft,0.0,False,0.0,0.0,0.0927814437112577
B2_wheel_spin_down_8a9fba1c,heldout,cpp,global5000,elev_step,10,10,0,False,False,0.0,position/h-sl-ft,0.0,False,0.0,0.0,0.0927814437112577
B2_sensor_fail_stuck_f543d634,heldout,cpp,global5000,elev_step,10,10,0,False,False,0.0,position/h-sl-ft,0.0,False,0.0,0.0,0.0927814437112577
B2_atmosphere_high_altitude_61f1e8c3,heldout,cpp,global5000,elev_step,10,10,0,False,False,0.0,position/h-sl-ft,0.0,False,0.0,0.0,0.0927814437112577
B2_load_factor_sign_c3fa7d22,heldout,cpp,global5000,elev_step,10,10,0,False,False,0.0,position/h-sl-ft,0.0,False,0.0,0.0,0.0927814437112577
B2_propeller_inflow_angle_82cc3893,heldout,cpp,global5000,elev_step,10,10,0,False,False,0.0,position/h-sl-ft,0.0,False,0.0,0.0,0.0927814437112577
B2_atmosphere_gradient_fadeout_05b709c8,heldout,cpp,global5000,elev_step,10,10,0,False,False,0.0,position/h-sl-ft,0.0,False,0.0,0.0,0.0927814437112577
B2_systems_xml_validation_95e5a16b,heldout,model,global5000,elev_step,10,10,0,False,False,0.0,position/h-sl-ft,0.0,False,0.0,0.0,0.0927814437112577
B_pqrdot_5ad2694c,development,cpp,global5000,aileron_step,10,10,0,False,True,0.0085640294834348,accelerations/rdot-rad_sec2,0.0093823193386529,False,0.0,0.0,0.0715856828634273
B_turbine_windmill_2db8e408,development,cpp,global5000,aileron_step,10,10,0,False,False,0.0,position/h-sl-ft,0.0,False,0.0,0.0,0.0715856828634273
B2_turbine_throttle_init_c8af9244,heldout,cpp,global5000,aileron_step,10,10,0,False,False,0.0,position/h-sl-ft,0.0,False,0.0,0.0,0.0715856828634273
B2_turbine_thruster_inputs_20066483,heldout,cpp,global5000,aileron_step,10,10,0,False,False,0.0,position/h-sl-ft,0.0,False,0.0,0.0,0.0715856828634273
B2_wheel_spin_down_8a9fba1c,heldout,cpp,global5000,aileron_step,10,10,0,False,False,0.0,position/h-sl-ft,0.0,False,0.0,0.0,0.0715856828634273
B2_sensor_fail_stuck_f543d634,heldout,cpp,global5000,aileron_step,10,10,0,False,False,0.0,position/h-sl-ft,0.0,False,0.0,0.0,0.0715856828634273
B2_atmosphere_high_altitude_61f1e8c3,heldout,cpp,global5000,aileron_step,10,10,0,False,False,0.0,position/h-sl-ft,0.0,False,0.0,0.0,0.0715856828634273
B2_load_factor_sign_c3fa7d22,heldout,cpp,global5000,aileron_step,10,10,0,False,False,0.0,position/h-sl-ft,0.0,False,0.0,0.0,0.0715856828634273
B2_propeller_inflow_angle_82cc3893,heldout,cpp,global5000,aileron_step,10,10,0,False,False,0.0,position/h-sl-ft,0.0,False,0.0,0.0,0.0715856828634273
B2_atmosphere_gradient_fadeout_05b709c8,heldout,cpp,global5000,aileron_step,10,10,0,False,False,0.0,position/h-sl-ft,0.0,False,0.0,0.0,0.0715856828634273
B2_systems_xml_validation_95e5a16b,heldout,model,global5000,aileron_step,10,10,0,False,False,0.0,position/h-sl-ft,0.0,False,0.0,0.0,0.0715856828634273
B_pqrdot_5ad2694c,development,cpp,global5000,rudder_doublet,10,10,0,False,True,0.0008287315508011,accelerations/qdot-rad_sec2,0.0010541188604484,False,0.0,0.0,0.0515896820635872
B_turbine_windmill_2db8e408,development,cpp,global5000,rudder_doublet,10,10,0,False,False,0.0,position/h-sl-ft,0.0,False,0.0,0.0,0.0515896820635872
B2_turbine_throttle_init_c8af9244,heldout,cpp,global5000,rudder_doublet,10,10,0,False,False,0.0,position/h-sl-ft,0.0,False,0.0,0.0,0.0515896820635872
B2_turbine_thruster_inputs_20066483,heldout,cpp,global5000,rudder_doublet,10,10,0,False,False,0.0,position/h-sl-ft,0.0,False,0.0,0.0,0.0515896820635872
B2_wheel_spin_down_8a9fba1c,heldout,cpp,global5000,rudder_doublet,10,10,0,False,False,0.0,position/h-sl-ft,0.0,False,0.0,0.0,0.0515896820635872
B2_sensor_fail_stuck_f543d634,heldout,cpp,global5000,rudder_doublet,10,10,0,False,False,0.0,position/h-sl-ft,0.0,False,0.0,0.0,0.0515896820635872
B2_atmosphere_high_altitude_61f1e8c3,heldout,cpp,global5000,rudder_doublet,10,10,0,False,False,0.0,position/h-sl-ft,0.0,False,0.0,0.0,0.0515896820635872
B2_load_factor_sign_c3fa7d22,heldout,cpp,global5000,rudder_doublet,10,10,0,False,False,0.0,position/h-sl-ft,0.0,False,0.0,0.0,0.0515896820635872
B2_propeller_inflow_angle_82cc3893,heldout,cpp,global5000,rudder_doublet,10,10,0,False,False,0.0,position/h-sl-ft,0.0,False,0.0,0.0,0.0515896820635872
B2_atmosphere_gradient_fadeout_05b709c8,heldout,cpp,global5000,rudder_doublet,10,10,0,False,False,0.0,position/h-sl-ft,0.0,False,0.0,0.0,0.0515896820635872
B2_systems_xml_validation_95e5a16b,heldout,model,global5000,rudder_doublet,10,10,0,False,False,0.0,position/h-sl-ft,0.0,False,0.0,0.0,0.0515896820635872
B_pqrdot_5ad2694c,development,cpp,global5000,bank_hold,10,10,0,False,True,0.0111354919212733,accelerations/rdot-rad_sec2,0.0117964790839481,False,0.0,1.0,0.0355928814237152
B_turbine_windmill_2db8e408,development,cpp,global5000,bank_hold,10,10,0,False,False,0.0,position/h-sl-ft,0.0,False,0.0,1.0,0.0355928814237152
B2_turbine_throttle_init_c8af9244,heldout,cpp,global5000,bank_hold,10,10,0,False,False,0.0,position/h-sl-ft,0.0,False,0.0,1.0,0.0355928814237152
B2_turbine_thruster_inputs_20066483,heldout,cpp,global5000,bank_hold,10,10,0,False,False,0.0,position/h-sl-ft,0.0,False,0.0,1.0,0.0355928814237152
B2_wheel_spin_down_8a9fba1c,heldout,cpp,global5000,bank_hold,10,10,0,False,False,0.0,position/h-sl-ft,0.0,False,0.0,1.0,0.0355928814237152
B2_sensor_fail_stuck_f543d634,heldout,cpp,global5000,bank_hold,10,10,0,False,False,0.0,position/h-sl-ft,0.0,False,0.0,1.0,0.0355928814237152
B2_atmosphere_high_altitude_61f1e8c3,heldout,cpp,global5000,bank_hold,10,10,0,False,False,0.0,position/h-sl-ft,0.0,False,0.0,1.0,0.0355928814237152
B2_load_factor_sign_c3fa7d22,heldout,cpp,global5000,bank_hold,10,10,0,False,False,0.0,position/h-sl-ft,0.0,False,0.0,1.0,0.0355928814237152
B2_propeller_inflow_angle_82cc3893,heldout,cpp,global5000,bank_hold,10,10,0,False,False,0.0,position/h-sl-ft,0.0,False,0.0,1.0,0.0355928814237152
B2_atmosphere_gradient_fadeout_05b709c8,heldout,cpp,global5000,bank_hold,10,10,0,False,False,0.0,position/h-sl-ft,0.0,False,0.0,1.0,0.0355928814237152
B2_systems_xml_validation_95e5a16b,heldout,model,global5000,bank_hold,10,10,0,False,False,0.0,position/h-sl-ft,0.0,False,0.0,1.0,0.0355928814237152
B_pqrdot_5ad2694c,development,cpp,global5000,flap_extend,10,10,0,False,True,0.0003243709788285,accelerations/rdot-rad_sec2,0.0004565655743989,False,0.0,1.0,0.0465906818636272
B_turbine_windmill_2db8e408,development,cpp,global5000,flap_extend,10,10,0,False,False,0.0,position/h-sl-ft,0.0,False,0.0,1.0,0.0465906818636272
B2_turbine_throttle_init_c8af9244,heldout,cpp,global5000,flap_extend,10,10,0,False,False,0.0,position/h-sl-ft,0.0,False,0.0,1.0,0.0465906818636272
B2_turbine_thruster_inputs_20066483,heldout,cpp,global5000,flap_extend,10,10,0,False,False,0.0,position/h-sl-ft,0.0,False,0.0,1.0,0.0465906818636272
B2_wheel_spin_down_8a9fba1c,heldout,cpp,global5000,flap_extend,10,10,0,False,False,0.0,position/h-sl-ft,0.0,False,0.0,1.0,0.0465906818636272
B2_sensor_fail_stuck_f543d634,heldout,cpp,global5000,flap_extend,10,10,0,False,False,0.0,position/h-sl-ft,0.0,False,0.0,1.0,0.0465906818636272
B2_atmosphere_high_altitude_61f1e8c3,heldout,cpp,global5000,flap_extend,10,10,0,False,False,0.0,position/h-sl-ft,0.0,False,0.0,1.0,0.0465906818636272
B2_load_factor_sign_c3fa7d22,heldout,cpp,global5000,flap_extend,10,10,0,False,False,0.0,position/h-sl-ft,0.0,False,0.0,1.0,0.0465906818636272
B2_propeller_inflow_angle_82cc3893,heldout,cpp,global5000,flap_extend,10,10,0,False,False,0.0,position/h-sl-ft,0.0,False,0.0,1.0,0.0465906818636272
B2_atmosphere_gradient_fadeout_05b709c8,heldout,cpp,global5000,flap_extend,10,10,0,False,False,0.0,position/h-sl-ft,0.0,False,0.0,1.0,0.0465906818636272
B2_systems_xml_validation_95e5a16b,heldout,model,global5000,flap_extend,10,10,0,False,False,0.0,position/h-sl-ft,0.0,False,0.0,1.0,0.0465906818636272
B_pqrdot_5ad2694c,development,cpp,global5000,engine_cut,10,10,0,False,True,0.0023010938679318,accelerations/rdot-rad_sec2,0.0023049849705204,False,0.0,2.0,0.0033993201359728
B_turbine_windmill_2db8e408,development,cpp,global5000,engine_cut,10,10,0,False,False,0.0,position/h-sl-ft,0.0,False,0.0,2.0,0.0033993201359728
B2_turbine_throttle_init_c8af9244,heldout,cpp,global5000,engine_cut,10,10,0,False,False,0.0,position/h-sl-ft,0.0,False,0.0,2.0,0.0033993201359728
B2_turbine_thruster_inputs_20066483,heldout,cpp,global5000,engine_cut,10,10,0,False,False,0.0,position/h-sl-ft,0.0,False,0.0,2.0,0.0033993201359728
B2_wheel_spin_down_8a9fba1c,heldout,cpp,global5000,engine_cut,10,10,0,False,False,0.0,position/h-sl-ft,0.0,False,0.0,2.0,0.0033993201359728
B2_sensor_fail_stuck_f543d634,heldout,cpp,global5000,engine_cut,10,10,0,False,False,0.0,position/h-sl-ft,0.0,False,0.0,2.0,0.0033993201359728
B2_atmosphere_high_altitude_61f1e8c3,heldout,cpp,global5000,engine_cut,10,10,0,False,False,0.0,position/h-sl-ft,0.0,False,0.0,2.0,0.0033993201359728
B2_load_factor_sign_c3fa7d22,heldout,cpp,global5000,engine_cut,10,10,0,False,False,0.0,position/h-sl-ft,0.0,False,0.0,2.0,0.0033993201359728
B2_propeller_inflow_angle_82cc3893,heldout,cpp,global5000,engine_cut,10,10,0,False,False,0.0,position/h-sl-ft,0.0,False,0.0,2.0,0.0033993201359728
B2_atmosphere_gradient_fadeout_05b709c8,heldout,cpp,global5000,engine_cut,10,10,0,False,False,0.0,position/h-sl-ft,0.0,False,0.0,2.0,0.0033993201359728
B2_systems_xml_validation_95e5a16b,heldout,model,global5000,engine_cut,10,10,0,False,False,0.0,position/h-sl-ft,0.0,False,0.0,2.0,0.0033993201359728
B_pqrdot_5ad2694c,development,cpp,global5000,climbing_turn,10,10,0,False,True,0.0067215747860598,accelerations/rdot-rad_sec2,0.0072773891031673,False,0.0,2.0,0.0083983203359328
B_turbine_windmill_2db8e408,development,cpp,global5000,climbing_turn,10,10,0,False,False,0.0,position/h-sl-ft,0.0,False,0.0,2.0,0.0083983203359328
B2_turbine_throttle_init_c8af9244,heldout,cpp,global5000,climbing_turn,10,10,0,False,False,0.0,position/h-sl-ft,0.0,False,0.0,2.0,0.0083983203359328
B2_turbine_thruster_inputs_20066483,heldout,cpp,global5000,climbing_turn,10,10,0,False,False,0.0,position/h-sl-ft,0.0,False,0.0,2.0,0.0083983203359328
B2_wheel_spin_down_8a9fba1c,heldout,cpp,global5000,climbing_turn,10,10,0,False,False,0.0,position/h-sl-ft,0.0,False,0.0,2.0,0.0083983203359328
B2_sensor_fail_stuck_f543d634,heldout,cpp,global5000,climbing_turn,10,10,0,False,False,0.0,position/h-sl-ft,0.0,False,0.0,2.0,0.0083983203359328
B2_atmosphere_high_altitude_61f1e8c3,heldout,cpp,global5000,climbing_turn,10,10,0,False,False,0.0,position/h-sl-ft,0.0,False,0.0,2.0,0.0083983203359328
B2_load_factor_sign_c3fa7d22,heldout,cpp,global5000,climbing_turn,10,10,0,False,False,0.0,position/h-sl-ft,0.0,False,0.0,2.0,0.0083983203359328
B2_propeller_inflow_angle_82cc3893,heldout,cpp,global5000,climbing_turn,10,10,0,False,False,0.0,position/h-sl-ft,0.0,False,0.0,2.0,0.0083983203359328
B2_atmosphere_gradient_fadeout_05b709c8,heldout,cpp,global5000,climbing_turn,10,10,0,False,False,0.0,position/h-sl-ft,0.0,False,0.0,2.0,0.0083983203359328
B2_systems_xml_validation_95e5a16b,heldout,model,global5000,climbing_turn,10,10,0,False,False,0.0,position/h-sl-ft,0.0,False,0.0,2.0,0.0083983203359328
B_pqrdot_5ad2694c,development,cpp,global5000,elev_doublet_distractor,10,10,0,False,True,0.0002138335117471,accelerations/rdot-rad_sec2,0.0001998752188948,False,0.0,6.0,0.0043991201759648
B_turbine_windmill_2db8e408,development,cpp,global5000,elev_doublet_distractor,10,10,0,False,False,0.0,position/h-sl-ft,0.0,False,0.0,6.0,0.0043991201759648
B2_turbine_throttle_init_c8af9244,heldout,cpp,global5000,elev_doublet_distractor,10,10,0,False,False,0.0,position/h-sl-ft,0.0,False,0.0,6.0,0.0043991201759648
B2_turbine_thruster_inputs_20066483,heldout,cpp,global5000,elev_doublet_distractor,10,10,0,False,False,0.0,position/h-sl-ft,0.0,False,0.0,6.0,0.0043991201759648
B2_wheel_spin_down_8a9fba1c,heldout,cpp,global5000,elev_doublet_distractor,10,10,0,False,False,0.0,position/h-sl-ft,0.0,False,0.0,6.0,0.0043991201759648
B2_sensor_fail_stuck_f543d634,heldout,cpp,global5000,elev_doublet_distractor,10,10,0,False,False,0.0,position/h-sl-ft,0.0,False,0.0,6.0,0.0043991201759648
B2_atmosphere_high_altitude_61f1e8c3,heldout,cpp,global5000,elev_doublet_distractor,10,10,0,False,False,0.0,position/h-sl-ft,0.0,False,0.0,6.0,0.0043991201759648
B2_load_factor_sign_c3fa7d22,heldout,cpp,global5000,elev_doublet_distractor,10,10,0,False,False,0.0,position/h-sl-ft,0.0,False,0.0,6.0,0.0043991201759648
B2_propeller_inflow_angle_82cc3893,heldout,cpp,global5000,elev_doublet_distractor,10,10,0,False,False,0.0,position/h-sl-ft,0.0,False,0.0,6.0,0.0043991201759648
B2_atmosphere_gradient_fadeout_05b709c8,heldout,cpp,global5000,elev_doublet_distractor,10,10,0,False,False,0.0,position/h-sl-ft,0.0,False,0.0,6.0,0.0043991201759648
B2_systems_xml_validation_95e5a16b,heldout,model,global5000,elev_doublet_distractor,10,10,0,False,False,0.0,position/h-sl-ft,0.0,False,0.0,6.0,0.0043991201759648
B_pqrdot_5ad2694c,development,cpp,global5000,engine_restart,10,10,0,False,True,0.0007590740215754,accelerations/rdot-rad_sec2,0.0007550071921907,False,0.0,0.0,0.0717856428714257
B_turbine_windmill_2db8e408,development,cpp,global5000,engine_restart,10,10,0,False,True,18.99152291809636,attitude/phi-rad,19.25679873143377,True,15.0,19.0,0.0001999600079984
B2_turbine_throttle_init_c8af9244,heldout,cpp,global5000,engine_restart,10,10,0,False,False,0.0,position/h-sl-ft,0.0,False,0.0,0.0,0.0717856428714257
B2_turbine_thruster_inputs_20066483,heldout,cpp,global5000,engine_restart,10,10,0,False,False,0.0,position/h-sl-ft,0.0,False,0.0,0.0,0.0717856428714257
B2_wheel_spin_down_8a9fba1c,heldout,cpp,global5000,engine_restart,10,10,0,False,False,0.0,position/h-sl-ft,0.0,False,0.0,0.0,0.0717856428714257
B2_sensor_fail_stuck_f543d634,heldout,cpp,global5000,engine_restart,10,10,0,False,False,0.0,position/h-sl-ft,0.0,False,0.0,0.0,0.0717856428714257
B2_atmosphere_high_altitude_61f1e8c3,heldout,cpp,global5000,engine_restart,10,10,0,False,False,0.0,position/h-sl-ft,0.0,False,0.0,0.0,0.0717856428714257
B2_load_factor_sign_c3fa7d22,heldout,cpp,global5000,engine_restart,10,10,0,False,False,0.0,position/h-sl-ft,0.0,False,0.0,0.0,0.0717856428714257
B2_propeller_inflow_angle_82cc3893,heldout,cpp,global5000,engine_restart,10,10,0,False,False,0.0,position/h-sl-ft,0.0,False,0.0,0.0,0.0717856428714257
B2_atmosphere_gradient_fadeout_05b709c8,heldout,cpp,global5000,engine_restart,10,10,0,False,False,0.0,position/h-sl-ft,0.0,False,0.0,0.0,0.0717856428714257
B2_systems_xml_validation_95e5a16b,heldout,model,global5000,engine_restart,10,10,0,False,False,0.0,position/h-sl-ft,0.0,False,0.0,0.0,0.0717856428714257
B_elevator_drag_8819410c,development,model,pa28,cruise,10,10,0,False,True,0.5993642060855376,attitude/phi-rad,0.8503407198863401,False,0.0,1.0,0.0343931213757248
B_pqrdot_5ad2694c,development,cpp,pa28,cruise,10,10,0,False,True,0.0002560997307285,accelerations/pdot-rad_sec2,0.000276488565379,False,0.0,0.0,0.1657668466306738
B_piston_power_bcd3f980,development,cpp,pa28,cruise,10,10,0,False,False,0.0,position/h-sl-ft,0.0,False,0.0,0.0,0.1657668466306738
B2_turbine_throttle_init_c8af9244,heldout,cpp,pa28,cruise,10,10,0,False,False,0.0,position/h-sl-ft,0.0,False,0.0,0.0,0.1657668466306738
B2_turbine_thruster_inputs_20066483,heldout,cpp,pa28,cruise,10,10,0,False,False,0.0,position/h-sl-ft,0.0,False,0.0,0.0,0.1657668466306738
B2_wheel_spin_down_8a9fba1c,heldout,cpp,pa28,cruise,10,10,0,False,False,0.0,position/h-sl-ft,0.0,False,0.0,0.0,0.1657668466306738
B2_sensor_fail_stuck_f543d634,heldout,cpp,pa28,cruise,10,10,0,False,False,0.0,position/h-sl-ft,0.0,False,0.0,0.0,0.1657668466306738
B2_atmosphere_high_altitude_61f1e8c3,heldout,cpp,pa28,cruise,10,10,0,False,False,0.0,position/h-sl-ft,0.0,False,0.0,0.0,0.1657668466306738
B2_load_factor_sign_c3fa7d22,heldout,cpp,pa28,cruise,10,10,0,False,False,0.0,position/h-sl-ft,0.0,False,0.0,0.0,0.1657668466306738
B2_propeller_inflow_angle_82cc3893,heldout,cpp,pa28,cruise,10,10,0,False,True,1.4628872327225828,accelerations/vdot-ft_sec2,0.9259210630576428,False,0.0,0.0,0.2091581683663267
B2_atmosphere_gradient_fadeout_05b709c8,heldout,cpp,pa28,cruise,10,10,0,False,False,0.0,position/h-sl-ft,0.0,False,0.0,0.0,0.1657668466306738
B_elevator_drag_8819410c,development,model,pa28,throttle_step,10,10,0,False,True,0.1558882174931044,velocities/h-dot-fps,0.864140206570884,False,0.0,0.0,0.0687862427514497
B_pqrdot_5ad2694c,development,cpp,pa28,throttle_step,10,10,0,False,True,0.0004218707385215,accelerations/pdot-rad_sec2,0.000381322146319,False,0.0,0.0,0.2027594481103779
B_piston_power_bcd3f980,development,cpp,pa28,throttle_step,10,10,0,False,False,0.0,position/h-sl-ft,0.0,False,0.0,0.0,0.2027594481103779
B2_turbine_throttle_init_c8af9244,heldout,cpp,pa28,throttle_step,10,10,0,False,False,0.0,position/h-sl-ft,0.0,False,0.0,0.0,0.2027594481103779
B2_turbine_thruster_inputs_20066483,heldout,cpp,pa28,throttle_step,10,10,0,False,False,0.0,position/h-sl-ft,0.0,False,0.0,0.0,0.2027594481103779
B2_wheel_spin_down_8a9fba1c,heldout,cpp,pa28,throttle_step,10,10,0,False,False,0.0,position/h-sl-ft,0.0,False,0.0,0.0,0.2027594481103779
B2_sensor_fail_stuck_f543d634,heldout,cpp,pa28,throttle_step,10,10,0,False,False,0.0,position/h-sl-ft,0.0,False,0.0,0.0,0.2027594481103779
B2_atmosphere_high_altitude_61f1e8c3,heldout,cpp,pa28,throttle_step,10,10,0,False,False,0.0,position/h-sl-ft,0.0,False,0.0,0.0,0.2027594481103779
B2_load_factor_sign_c3fa7d22,heldout,cpp,pa28,throttle_step,10,10,0,False,False,0.0,position/h-sl-ft,0.0,False,0.0,0.0,0.2027594481103779
B2_propeller_inflow_angle_82cc3893,heldout,cpp,pa28,throttle_step,10,10,0,False,True,1.092449123744419,accelerations/vdot-ft_sec2,0.7751782585702635,False,0.0,0.0,0.0777844431113777
B2_atmosphere_gradient_fadeout_05b709c8,heldout,cpp,pa28,throttle_step,10,10,0,False,False,0.0,position/h-sl-ft,0.0,False,0.0,0.0,0.2027594481103779
B_elevator_drag_8819410c,development,model,pa28,elev_doublet,10,10,0,False,True,0.4870466401609715,accelerations/udot-ft_sec2,0.8974821143917819,False,0.0,3.0,0.0111977604479104
B_pqrdot_5ad2694c,development,cpp,pa28,elev_doublet,10,10,0,False,True,0.0001917433793019,accelerations/pdot-rad_sec2,0.0002001811005052,False,0.0,0.0,0.1719656068786242
B_piston_power_bcd3f980,development,cpp,pa28,elev_doublet,10,10,0,False,False,0.0,position/h-sl-ft,0.0,False,0.0,0.0,0.1719656068786242
B2_turbine_throttle_init_c8af9244,heldout,cpp,pa28,elev_doublet,10,10,0,False,False,0.0,position/h-sl-ft,0.0,False,0.0,0.0,0.1719656068786242
B2_turbine_thruster_inputs_20066483,heldout,cpp,pa28,elev_doublet,10,10,0,False,False,0.0,position/h-sl-ft,0.0,False,0.0,0.0,0.1719656068786242
B2_wheel_spin_down_8a9fba1c,heldout,cpp,pa28,elev_doublet,10,10,0,False,False,0.0,position/h-sl-ft,0.0,False,0.0,0.0,0.1719656068786242
B2_sensor_fail_stuck_f543d634,heldout,cpp,pa28,elev_doublet,10,10,0,False,False,0.0,position/h-sl-ft,0.0,False,0.0,0.0,0.1719656068786242
B2_atmosphere_high_altitude_61f1e8c3,heldout,cpp,pa28,elev_doublet,10,10,0,False,False,0.0,position/h-sl-ft,0.0,False,0.0,0.0,0.1719656068786242
B2_load_factor_sign_c3fa7d22,heldout,cpp,pa28,elev_doublet,10,10,0,False,False,0.0,position/h-sl-ft,0.0,False,0.0,0.0,0.1719656068786242
B2_propeller_inflow_angle_82cc3893,heldout,cpp,pa28,elev_doublet,10,10,0,False,True,0.8528092976825293,accelerations/udot-ft_sec2,0.8501346039028261,False,0.0,0.0,0.1249750049990002
B2_atmosphere_gradient_fadeout_05b709c8,heldout,cpp,pa28,elev_doublet,10,10,0,False,False,0.0,position/h-sl-ft,0.0,False,0.0,0.0,0.1719656068786242
B_elevator_drag_8819410c,development,model,pa28,elev_step,10,10,0,False,True,0.9820825366057871,attitude/psi-rad,0.9038005119453424,False,0.0,0.0,0.1535692861427714
B_pqrdot_5ad2694c,development,cpp,pa28,elev_step,10,10,0,False,True,0.0004768891943873,accelerations/pdot-rad_sec2,0.0004711336254432,False,0.0,0.0,0.3777244551089782
B_piston_power_bcd3f980,development,cpp,pa28,elev_step,10,10,0,False,False,0.0,position/h-sl-ft,0.0,False,0.0,0.0,0.3777244551089782
B2_turbine_throttle_init_c8af9244,heldout,cpp,pa28,elev_step,10,10,0,False,False,0.0,position/h-sl-ft,0.0,False,0.0,0.0,0.3777244551089782
B2_turbine_thruster_inputs_20066483,heldout,cpp,pa28,elev_step,10,10,0,False,False,0.0,position/h-sl-ft,0.0,False,0.0,0.0,0.3777244551089782
B2_wheel_spin_down_8a9fba1c,heldout,cpp,pa28,elev_step,10,10,0,False,False,0.0,position/h-sl-ft,0.0,False,0.0,0.0,0.3777244551089782
B2_sensor_fail_stuck_f543d634,heldout,cpp,pa28,elev_step,10,10,0,False,False,0.0,position/h-sl-ft,0.0,False,0.0,0.0,0.3777244551089782
B2_atmosphere_high_altitude_61f1e8c3,heldout,cpp,pa28,elev_step,10,10,0,False,False,0.0,position/h-sl-ft,0.0,False,0.0,0.0,0.3777244551089782
B2_load_factor_sign_c3fa7d22,heldout,cpp,pa28,elev_step,10,10,0,False,False,0.0,position/h-sl-ft,0.0,False,0.0,0.0,0.3777244551089782
B2_propeller_inflow_angle_82cc3893,heldout,cpp,pa28,elev_step,10,10,0,False,True,2.868807702382245,accelerations/pdot-rad_sec2,1.0804663684438514,True,2.0,0.0,0.1163767246550689
B2_atmosphere_gradient_fadeout_05b709c8,heldout,cpp,pa28,elev_step,10,10,0,False,False,0.0,position/h-sl-ft,0.0,False,0.0,0.0,0.3777244551089782
B_elevator_drag_8819410c,development,model,pa28,aileron_step,10,10,0,False,True,0.8045251484876427,accelerations/udot-ft_sec2,1.159315409063712,True,1.0,5.0,0.005998800239952
B_pqrdot_5ad2694c,development,cpp,pa28,aileron_step,10,10,0,False,True,0.000505180149424,accelerations/rdot-rad_sec2,0.0005186228828293,False,0.0,0.0,0.1233753249350129
B_piston_power_bcd3f980,development,cpp,pa28,aileron_step,10,10,0,False,False,0.0,position/h-sl-ft,0.0,False,0.0,0.0,0.1233753249350129
B2_turbine_throttle_init_c8af9244,heldout,cpp,pa28,aileron_step,10,10,0,False,False,0.0,position/h-sl-ft,0.0,False,0.0,0.0,0.1233753249350129
B2_turbine_thruster_inputs_20066483,heldout,cpp,pa28,aileron_step,10,10,0,False,False,0.0,position/h-sl-ft,0.0,False,0.0,0.0,0.1233753249350129
B2_wheel_spin_down_8a9fba1c,heldout,cpp,pa28,aileron_step,10,10,0,False,False,0.0,position/h-sl-ft,0.0,False,0.0,0.0,0.1233753249350129
B2_sensor_fail_stuck_f543d634,heldout,cpp,pa28,aileron_step,10,10,0,False,False,0.0,position/h-sl-ft,0.0,False,0.0,0.0,0.1233753249350129
B2_atmosphere_high_altitude_61f1e8c3,heldout,cpp,pa28,aileron_step,10,10,0,False,False,0.0,position/h-sl-ft,0.0,False,0.0,0.0,0.1233753249350129
B2_load_factor_sign_c3fa7d22,heldout,cpp,pa28,aileron_step,10,10,0,False,False,0.0,position/h-sl-ft,0.0,False,0.0,0.0,0.1233753249350129
B2_propeller_inflow_angle_82cc3893,heldout,cpp,pa28,aileron_step,10,10,0,False,True,0.8110225030436757,accelerations/udot-ft_sec2,0.9439919634176788,False,0.0,0.0,0.2061587682463507
B2_atmosphere_gradient_fadeout_05b709c8,heldout,cpp,pa28,aileron_step,10,10,0,False,False,0.0,position/h-sl-ft,0.0,False,0.0,0.0,0.1233753249350129
B_elevator_drag_8819410c,development,model,pa28,rudder_doublet,10,9,1,True,True,0.4240737963834299,accelerations/udot-ft_sec2,0.6421372324063387,False,0.0,3.0,0.0105978804239152
B_pqrdot_5ad2694c,development,cpp,pa28,rudder_doublet,10,10,0,False,True,0.0001734508909896,accelerations/pdot-rad_sec2,0.0001727698325876,False,0.0,0.0,0.0693861227754449
B_piston_power_bcd3f980,development,cpp,pa28,rudder_doublet,10,10,0,False,False,0.0,position/h-sl-ft,0.0,False,0.0,0.0,0.0693861227754449
B2_turbine_throttle_init_c8af9244,heldout,cpp,pa28,rudder_doublet,10,10,0,False,False,0.0,position/h-sl-ft,0.0,False,0.0,0.0,0.0693861227754449
B2_turbine_thruster_inputs_20066483,heldout,cpp,pa28,rudder_doublet,10,10,0,False,False,0.0,position/h-sl-ft,0.0,False,0.0,0.0,0.0693861227754449
B2_wheel_spin_down_8a9fba1c,heldout,cpp,pa28,rudder_doublet,10,10,0,False,False,0.0,position/h-sl-ft,0.0,False,0.0,0.0,0.0693861227754449
B2_sensor_fail_stuck_f543d634,heldout,cpp,pa28,rudder_doublet,10,10,0,False,False,0.0,position/h-sl-ft,0.0,False,0.0,0.0,0.0693861227754449
B2_atmosphere_high_altitude_61f1e8c3,heldout,cpp,pa28,rudder_doublet,10,10,0,False,False,0.0,position/h-sl-ft,0.0,False,0.0,0.0,0.0693861227754449
B2_load_factor_sign_c3fa7d22,heldout,cpp,pa28,rudder_doublet,10,10,0,False,False,0.0,position/h-sl-ft,0.0,False,0.0,0.0,0.0693861227754449
B2_propeller_inflow_angle_82cc3893,heldout,cpp,pa28,rudder_doublet,10,10,0,False,True,1.412750041164465,velocities/h-dot-fps,0.7442945943092933,False,0.0,0.0,0.0749850029994001
B2_atmosphere_gradient_fadeout_05b709c8,heldout,cpp,pa28,rudder_doublet,10,10,0,False,False,0.0,position/h-sl-ft,0.0,False,0.0,0.0,0.0693861227754449
B_elevator_drag_8819410c,development,model,pa28,bank_hold,10,10,0,False,True,1.2445992628407474,accelerations/udot-ft_sec2,1.2416911820327745,True,2.0,3.0,0.00999800039992
B_pqrdot_5ad2694c,development,cpp,pa28,bank_hold,10,10,0,False,True,0.0006952046112443,accelerations/rdot-rad_sec2,0.000712150612358,False,0.0,0.0,0.1803639272145571
B_piston_power_bcd3f980,development,cpp,pa28,bank_hold,10,10,0,False,False,0.0,position/h-sl-ft,0.0,False,0.0,0.0,0.1803639272145571
B2_turbine_throttle_init_c8af9244,heldout,cpp,pa28,bank_hold,10,10,0,False,False,0.0,position/h-sl-ft,0.0,False,0.0,0.0,0.1803639272145571
B2_turbine_thruster_inputs_20066483,heldout,cpp,pa28,bank_hold,10,10,0,False,False,0.0,position/h-sl-ft,0.0,False,0.0,0.0,0.1803639272145571
B2_wheel_spin_down_8a9fba1c,heldout,cpp,pa28,bank_hold,10,10,0,False,False,0.0,position/h-sl-ft,0.0,False,0.0,0.0,0.1803639272145571
B2_sensor_fail_stuck_f543d634,heldout,cpp,pa28,bank_hold,10,10,0,False,False,0.0,position/h-sl-ft,0.0,False,0.0,0.0,0.1803639272145571
B2_atmosphere_high_altitude_61f1e8c3,heldout,cpp,pa28,bank_hold,10,10,0,False,False,0.0,position/h-sl-ft,0.0,False,0.0,0.0,0.1803639272145571
B2_load_factor_sign_c3fa7d22,heldout,cpp,pa28,bank_hold,10,10,0,False,False,0.0,position/h-sl-ft,0.0,False,0.0,0.0,0.1803639272145571
B2_propeller_inflow_angle_82cc3893,heldout,cpp,pa28,bank_hold,10,10,0,False,True,1.2177273958042218,accelerations/udot-ft_sec2,1.1505087465036383,True,1.0,0.0,0.1251749650069986
B2_atmosphere_gradient_fadeout_05b709c8,heldout,cpp,pa28,bank_hold,10,10,0,False,False,0.0,position/h-sl-ft,0.0,False,0.0,0.0,0.1803639272145571
B_elevator_drag_8819410c,development,model,pa28,flap_extend,10,10,0,False,True,0.0201916283416867,attitude/psi-rad,1.0054731012977518,True,1.0,1.0,0.0481903619276144
B_pqrdot_5ad2694c,development,cpp,pa28,flap_extend,10,10,0,False,True,0.0015290009620092,accelerations/pdot-rad_sec2,0.0015652714338414,False,0.0,0.0,0.1191761647670466
B_piston_power_bcd3f980,development,cpp,pa28,flap_extend,10,10,0,False,False,0.0,position/h-sl-ft,0.0,False,0.0,0.0,0.1191761647670466
B2_turbine_throttle_init_c8af9244,heldout,cpp,pa28,flap_extend,10,10,0,False,False,0.0,position/h-sl-ft,0.0,False,0.0,0.0,0.1191761647670466
B2_turbine_thruster_inputs_20066483,heldout,cpp,pa28,flap_extend,10,10,0,False,False,0.0,position/h-sl-ft,0.0,False,0.0,0.0,0.1191761647670466
B2_wheel_spin_down_8a9fba1c,heldout,cpp,pa28,flap_extend,10,10,0,False,False,0.0,position/h-sl-ft,0.0,False,0.0,0.0,0.1191761647670466
B2_sensor_fail_stuck_f543d634,heldout,cpp,pa28,flap_extend,10,10,0,False,False,0.0,position/h-sl-ft,0.0,False,0.0,0.0,0.1191761647670466
B2_atmosphere_high_altitude_61f1e8c3,heldout,cpp,pa28,flap_extend,10,10,0,False,False,0.0,position/h-sl-ft,0.0,False,0.0,0.0,0.1191761647670466
B2_load_factor_sign_c3fa7d22,heldout,cpp,pa28,flap_extend,10,10,0,False,False,0.0,position/h-sl-ft,0.0,False,0.0,0.0,0.1191761647670466
B2_propeller_inflow_angle_82cc3893,heldout,cpp,pa28,flap_extend,10,10,0,False,True,0.8881723037435231,accelerations/pdot-rad_sec2,0.9848342999984856,False,0.0,0.0,0.0637872425514897
B2_atmosphere_gradient_fadeout_05b709c8,heldout,cpp,pa28,flap_extend,10,10,0,False,False,0.0,position/h-sl-ft,0.0,False,0.0,0.0,0.1191761647670466
B_elevator_drag_8819410c,development,model,pa28,climbing_turn,10,10,0,False,True,1.7152302322476656,accelerations/udot-ft_sec2,0.8062452295377616,False,0.0,0.0,0.0719856028794241
B_pqrdot_5ad2694c,development,cpp,pa28,climbing_turn,10,10,0,False,True,0.0007715953068442,accelerations/rdot-rad_sec2,0.000727292284612,False,0.0,1.0,0.0151969606078784
B_piston_power_bcd3f980,development,cpp,pa28,climbing_turn,10,10,0,False,False,0.0,position/h-sl-ft,0.0,False,0.0,1.0,0.0153969206158768
B2_turbine_throttle_init_c8af9244,heldout,cpp,pa28,climbing_turn,10,10,0,False,False,0.0,position/h-sl-ft,0.0,False,0.0,1.0,0.0153969206158768
B2_turbine_thruster_inputs_20066483,heldout,cpp,pa28,climbing_turn,10,10,0,False,False,0.0,position/h-sl-ft,0.0,False,0.0,1.0,0.0153969206158768
B2_wheel_spin_down_8a9fba1c,heldout,cpp,pa28,climbing_turn,10,10,0,False,False,0.0,position/h-sl-ft,0.0,False,0.0,1.0,0.0153969206158768
B2_sensor_fail_stuck_f543d634,heldout,cpp,pa28,climbing_turn,10,10,0,False,False,0.0,position/h-sl-ft,0.0,False,0.0,1.0,0.0153969206158768
B2_atmosphere_high_altitude_61f1e8c3,heldout,cpp,pa28,climbing_turn,10,10,0,False,False,0.0,position/h-sl-ft,0.0,False,0.0,1.0,0.0153969206158768
B2_load_factor_sign_c3fa7d22,heldout,cpp,pa28,climbing_turn,10,10,0,False,False,0.0,position/h-sl-ft,0.0,False,0.0,1.0,0.0153969206158768
B2_propeller_inflow_angle_82cc3893,heldout,cpp,pa28,climbing_turn,10,10,0,False,True,1.4605170128744112,accelerations/udot-ft_sec2,0.8842894079474813,False,0.0,0.0,0.0977804439112177
B2_atmosphere_gradient_fadeout_05b709c8,heldout,cpp,pa28,climbing_turn,10,10,0,False,False,0.0,position/h-sl-ft,0.0,False,0.0,1.0,0.0153969206158768
B_elevator_drag_8819410c,development,model,pa28,elev_doublet_distractor,10,10,0,False,True,0.644180713043624,accelerations/udot-ft_sec2,0.6909245495792784,False,0.0,5.0,0.0005998800239952
B_pqrdot_5ad2694c,development,cpp,pa28,elev_doublet_distractor,10,10,0,False,True,0.0001094106916729,accelerations/pdot-rad_sec2,0.0001057333746876,False,0.0,0.0,0.3785242951409718
B_piston_power_bcd3f980,development,cpp,pa28,elev_doublet_distractor,10,10,0,False,False,0.0,position/h-sl-ft,0.0,False,0.0,0.0,0.3785242951409718
B2_turbine_throttle_init_c8af9244,heldout,cpp,pa28,elev_doublet_distractor,10,10,0,False,False,0.0,position/h-sl-ft,0.0,False,0.0,0.0,0.3785242951409718
B2_turbine_thruster_inputs_20066483,heldout,cpp,pa28,elev_doublet_distractor,10,10,0,False,False,0.0,position/h-sl-ft,0.0,False,0.0,0.0,0.3785242951409718
B2_wheel_spin_down_8a9fba1c,heldout,cpp,pa28,elev_doublet_distractor,10,10,0,False,False,0.0,position/h-sl-ft,0.0,False,0.0,0.0,0.3785242951409718
B2_sensor_fail_stuck_f543d634,heldout,cpp,pa28,elev_doublet_distractor,10,10,0,False,False,0.0,position/h-sl-ft,0.0,False,0.0,0.0,0.3785242951409718
B2_atmosphere_high_altitude_61f1e8c3,heldout,cpp,pa28,elev_doublet_distractor,10,10,0,False,False,0.0,position/h-sl-ft,0.0,False,0.0,0.0,0.3785242951409718
B2_load_factor_sign_c3fa7d22,heldout,cpp,pa28,elev_doublet_distractor,10,10,0,False,False,0.0,position/h-sl-ft,0.0,False,0.0,0.0,0.3785242951409718
B2_propeller_inflow_angle_82cc3893,heldout,cpp,pa28,elev_doublet_distractor,10,10,0,False,True,0.7417684616982376,accelerations/udot-ft_sec2,0.4683294414850915,False,0.0,0.0,0.4117176564687063
B2_atmosphere_gradient_fadeout_05b709c8,heldout,cpp,pa28,elev_doublet_distractor,10,10,0,False,False,0.0,position/h-sl-ft,0.0,False,0.0,0.0,0.3785242951409718
B_elevator_drag_8819410c,development,model,pa28,engine_stop,9,0,9,True,,,,,,,,
B_pqrdot_5ad2694c,development,cpp,pa28,engine_stop,9,0,9,True,,,,,,,,
B_piston_power_bcd3f980,development,cpp,pa28,engine_stop,9,9,0,False,False,0.0,position/h-sl-ft,0.0,False,0.0,0.0,0.1729654069186162
B2_turbine_throttle_init_c8af9244,heldout,cpp,pa28,engine_stop,9,9,0,False,False,0.0,position/h-sl-ft,0.0,False,0.0,0.0,0.1729654069186162
B2_turbine_thruster_inputs_20066483,heldout,cpp,pa28,engine_stop,9,9,0,False,False,0.0,position/h-sl-ft,0.0,False,0.0,0.0,0.1729654069186162
B2_wheel_spin_down_8a9fba1c,heldout,cpp,pa28,engine_stop,9,9,0,False,False,0.0,position/h-sl-ft,0.0,False,0.0,0.0,0.1729654069186162
B2_sensor_fail_stuck_f543d634,heldout,cpp,pa28,engine_stop,9,9,0,False,False,0.0,position/h-sl-ft,0.0,False,0.0,0.0,0.1729654069186162
B2_atmosphere_high_altitude_61f1e8c3,heldout,cpp,pa28,engine_stop,9,9,0,False,False,0.0,position/h-sl-ft,0.0,False,0.0,0.0,0.1729654069186162
B2_load_factor_sign_c3fa7d22,heldout,cpp,pa28,engine_stop,9,9,0,False,False,0.0,position/h-sl-ft,0.0,False,0.0,0.0,0.1729654069186162
B2_propeller_inflow_angle_82cc3893,heldout,cpp,pa28,engine_stop,9,10,0,False,True,1.2473009840796376,accelerations/vdot-ft_sec2,1.197410156061455,True,5.0,2.0,0.0203959208158368
B2_atmosphere_gradient_fadeout_05b709c8,heldout,cpp,pa28,engine_stop,9,9,0,False,False,0.0,position/h-sl-ft,0.0,False,0.0,0.0,0.1729654069186162
B_pqrdot_5ad2694c,development,cpp,pc7,cruise,10,10,0,False,True,7.723558126912324e-05,accelerations/pdot-rad_sec2,7.802502232463234e-05,False,0.0,0.0,0.0995800839832033
B2_turbine_throttle_init_c8af9244,heldout,cpp,pc7,cruise,10,10,0,False,False,0.0,position/h-sl-ft,0.0,False,0.0,0.0,0.0993801239752049
B2_turbine_thruster_inputs_20066483,heldout,cpp,pc7,cruise,10,10,0,False,False,0.0,position/h-sl-ft,0.0,False,0.0,0.0,0.0993801239752049
B2_wheel_spin_down_8a9fba1c,heldout,cpp,pc7,cruise,10,10,0,False,False,0.0,position/h-sl-ft,0.0,False,0.0,0.0,0.0993801239752049
B2_sensor_fail_stuck_f543d634,heldout,cpp,pc7,cruise,10,10,0,False,False,0.0,position/h-sl-ft,0.0,False,0.0,0.0,0.0993801239752049
B2_atmosphere_high_altitude_61f1e8c3,heldout,cpp,pc7,cruise,10,10,0,False,False,0.0,position/h-sl-ft,0.0,False,0.0,0.0,0.0993801239752049
B2_load_factor_sign_c3fa7d22,heldout,cpp,pc7,cruise,10,10,0,False,False,0.0,position/h-sl-ft,0.0,False,0.0,0.0,0.0993801239752049
B2_propeller_inflow_angle_82cc3893,heldout,cpp,pc7,cruise,10,10,0,False,False,0.0,position/h-sl-ft,0.0,False,0.0,0.0,0.0993801239752049
B2_atmosphere_gradient_fadeout_05b709c8,heldout,cpp,pc7,cruise,10,10,0,False,False,0.0,position/h-sl-ft,0.0,False,0.0,0.0,0.0993801239752049
B_pqrdot_5ad2694c,development,cpp,pc7,throttle_step,10,10,0,False,True,0.0002267619254112,accelerations/rdot-rad_sec2,0.0001981176771805,False,0.0,0.0,0.3929214157168566
B2_turbine_throttle_init_c8af9244,heldout,cpp,pc7,throttle_step,10,10,0,False,False,0.0,position/h-sl-ft,0.0,False,0.0,0.0,0.3929214157168566
B2_turbine_thruster_inputs_20066483,heldout,cpp,pc7,throttle_step,10,10,0,False,False,0.0,position/h-sl-ft,0.0,False,0.0,0.0,0.3929214157168566
B2_wheel_spin_down_8a9fba1c,heldout,cpp,pc7,throttle_step,10,10,0,False,False,0.0,position/h-sl-ft,0.0,False,0.0,0.0,0.3929214157168566
B2_sensor_fail_stuck_f543d634,heldout,cpp,pc7,throttle_step,10,10,0,False,False,0.0,position/h-sl-ft,0.0,False,0.0,0.0,0.3929214157168566
B2_atmosphere_high_altitude_61f1e8c3,heldout,cpp,pc7,throttle_step,10,10,0,False,False,0.0,position/h-sl-ft,0.0,False,0.0,0.0,0.3929214157168566
B2_load_factor_sign_c3fa7d22,heldout,cpp,pc7,throttle_step,10,10,0,False,False,0.0,position/h-sl-ft,0.0,False,0.0,0.0,0.3929214157168566
B2_propeller_inflow_angle_82cc3893,heldout,cpp,pc7,throttle_step,10,10,0,False,False,0.0,position/h-sl-ft,0.0,False,0.0,0.0,0.3929214157168566
B2_atmosphere_gradient_fadeout_05b709c8,heldout,cpp,pc7,throttle_step,10,10,0,False,False,0.0,position/h-sl-ft,0.0,False,0.0,0.0,0.3929214157168566
B_pqrdot_5ad2694c,development,cpp,pc7,elev_doublet,10,10,0,False,True,0.0001064400530406,accelerations/pdot-rad_sec2,8.675841616021032e-05,False,0.0,0.0,0.0877824435112977
B2_turbine_throttle_init_c8af9244,heldout,cpp,pc7,elev_doublet,10,10,0,False,False,0.0,position/h-sl-ft,0.0,False,0.0,0.0,0.0877824435112977
B2_turbine_thruster_inputs_20066483,heldout,cpp,pc7,elev_doublet,10,10,0,False,False,0.0,position/h-sl-ft,0.0,False,0.0,0.0,0.0877824435112977
B2_wheel_spin_down_8a9fba1c,heldout,cpp,pc7,elev_doublet,10,10,0,False,False,0.0,position/h-sl-ft,0.0,False,0.0,0.0,0.0877824435112977
B2_sensor_fail_stuck_f543d634,heldout,cpp,pc7,elev_doublet,10,10,0,False,False,0.0,position/h-sl-ft,0.0,False,0.0,0.0,0.0877824435112977
B2_atmosphere_high_altitude_61f1e8c3,heldout,cpp,pc7,elev_doublet,10,10,0,False,False,0.0,position/h-sl-ft,0.0,False,0.0,0.0,0.0877824435112977
B2_load_factor_sign_c3fa7d22,heldout,cpp,pc7,elev_doublet,10,10,0,False,False,0.0,position/h-sl-ft,0.0,False,0.0,0.0,0.0877824435112977
B2_propeller_inflow_angle_82cc3893,heldout,cpp,pc7,elev_doublet,10,10,0,False,False,0.0,position/h-sl-ft,0.0,False,0.0,0.0,0.0877824435112977
B2_atmosphere_gradient_fadeout_05b709c8,heldout,cpp,pc7,elev_doublet,10,10,0,False,False,0.0,position/h-sl-ft,0.0,False,0.0,0.0,0.0877824435112977
B_pqrdot_5ad2694c,development,cpp,pc7,elev_step,10,10,0,False,True,0.0001388352989451,accelerations/rdot-rad_sec2,0.0001216448216877,False,0.0,0.0,0.126374725054989
B2_turbine_throttle_init_c8af9244,heldout,cpp,pc7,elev_step,10,10,0,False,False,0.0,position/h-sl-ft,0.0,False,0.0,0.0,0.126374725054989
B2_turbine_thruster_inputs_20066483,heldout,cpp,pc7,elev_step,10,10,0,False,False,0.0,position/h-sl-ft,0.0,False,0.0,0.0,0.126374725054989
B2_wheel_spin_down_8a9fba1c,heldout,cpp,pc7,elev_step,10,10,0,False,False,0.0,position/h-sl-ft,0.0,False,0.0,0.0,0.126374725054989
B2_sensor_fail_stuck_f543d634,heldout,cpp,pc7,elev_step,10,10,0,False,False,0.0,position/h-sl-ft,0.0,False,0.0,0.0,0.126374725054989
B2_atmosphere_high_altitude_61f1e8c3,heldout,cpp,pc7,elev_step,10,10,0,False,False,0.0,position/h-sl-ft,0.0,False,0.0,0.0,0.126374725054989
B2_load_factor_sign_c3fa7d22,heldout,cpp,pc7,elev_step,10,10,0,False,False,0.0,position/h-sl-ft,0.0,False,0.0,0.0,0.126374725054989
B2_propeller_inflow_angle_82cc3893,heldout,cpp,pc7,elev_step,10,10,0,False,False,0.0,position/h-sl-ft,0.0,False,0.0,0.0,0.126374725054989
B2_atmosphere_gradient_fadeout_05b709c8,heldout,cpp,pc7,elev_step,10,10,0,False,False,0.0,position/h-sl-ft,0.0,False,0.0,0.0,0.126374725054989
B_pqrdot_5ad2694c,development,cpp,pc7,aileron_step,10,10,0,False,True,0.0003937124542188,accelerations/rdot-rad_sec2,0.0003427012506553,False,0.0,1.0,0.0375924815036992
B2_turbine_throttle_init_c8af9244,heldout,cpp,pc7,aileron_step,10,10,0,False,False,0.0,position/h-sl-ft,0.0,False,0.0,1.0,0.0375924815036992
B2_turbine_thruster_inputs_20066483,heldout,cpp,pc7,aileron_step,10,10,0,False,False,0.0,position/h-sl-ft,0.0,False,0.0,1.0,0.0375924815036992
B2_wheel_spin_down_8a9fba1c,heldout,cpp,pc7,aileron_step,10,10,0,False,False,0.0,position/h-sl-ft,0.0,False,0.0,1.0,0.0375924815036992
B2_sensor_fail_stuck_f543d634,heldout,cpp,pc7,aileron_step,10,10,0,False,False,0.0,position/h-sl-ft,0.0,False,0.0,1.0,0.0375924815036992
B2_atmosphere_high_altitude_61f1e8c3,heldout,cpp,pc7,aileron_step,10,10,0,False,False,0.0,position/h-sl-ft,0.0,False,0.0,1.0,0.0375924815036992
B2_load_factor_sign_c3fa7d22,heldout,cpp,pc7,aileron_step,10,10,0,False,False,0.0,position/h-sl-ft,0.0,False,0.0,1.0,0.0375924815036992
B2_propeller_inflow_angle_82cc3893,heldout,cpp,pc7,aileron_step,10,10,0,False,False,0.0,position/h-sl-ft,0.0,False,0.0,1.0,0.0375924815036992
B2_atmosphere_gradient_fadeout_05b709c8,heldout,cpp,pc7,aileron_step,10,10,0,False,False,0.0,position/h-sl-ft,0.0,False,0.0,1.0,0.0375924815036992
B_pqrdot_5ad2694c,development,cpp,pc7,rudder_doublet,10,10,0,False,True,5.576349776373895e-05,accelerations/rdot-rad_sec2,5.844136770286387e-05,False,0.0,2.0,0.0221955608878224
B2_turbine_throttle_init_c8af9244,heldout,cpp,pc7,rudder_doublet,10,10,0,False,False,0.0,position/h-sl-ft,0.0,False,0.0,2.0,0.0221955608878224
B2_turbine_thruster_inputs_20066483,heldout,cpp,pc7,rudder_doublet,10,10,0,False,False,0.0,position/h-sl-ft,0.0,False,0.0,2.0,0.0221955608878224
B2_wheel_spin_down_8a9fba1c,heldout,cpp,pc7,rudder_doublet,10,10,0,False,False,0.0,position/h-sl-ft,0.0,False,0.0,2.0,0.0221955608878224
B2_sensor_fail_stuck_f543d634,heldout,cpp,pc7,rudder_doublet,10,10,0,False,False,0.0,position/h-sl-ft,0.0,False,0.0,2.0,0.0221955608878224
B2_atmosphere_high_altitude_61f1e8c3,heldout,cpp,pc7,rudder_doublet,10,10,0,False,False,0.0,position/h-sl-ft,0.0,False,0.0,2.0,0.0221955608878224
B2_load_factor_sign_c3fa7d22,heldout,cpp,pc7,rudder_doublet,10,10,0,False,False,0.0,position/h-sl-ft,0.0,False,0.0,2.0,0.0221955608878224
B2_propeller_inflow_angle_82cc3893,heldout,cpp,pc7,rudder_doublet,10,10,0,False,False,0.0,position/h-sl-ft,0.0,False,0.0,2.0,0.0221955608878224
B2_atmosphere_gradient_fadeout_05b709c8,heldout,cpp,pc7,rudder_doublet,10,10,0,False,False,0.0,position/h-sl-ft,0.0,False,0.0,2.0,0.0221955608878224
B_pqrdot_5ad2694c,development,cpp,pc7,bank_hold,10,10,0,False,True,0.0003245052158247,accelerations/rdot-rad_sec2,0.0003521472870912,False,0.0,1.0,0.0495900819836032
B2_turbine_throttle_init_c8af9244,heldout,cpp,pc7,bank_hold,10,10,0,False,False,0.0,position/h-sl-ft,0.0,False,0.0,1.0,0.0495900819836032
B2_turbine_thruster_inputs_20066483,heldout,cpp,pc7,bank_hold,10,10,0,False,False,0.0,position/h-sl-ft,0.0,False,0.0,1.0,0.0495900819836032
B2_wheel_spin_down_8a9fba1c,heldout,cpp,pc7,bank_hold,10,10,0,False,False,0.0,position/h-sl-ft,0.0,False,0.0,1.0,0.0495900819836032
B2_sensor_fail_stuck_f543d634,heldout,cpp,pc7,bank_hold,10,10,0,False,False,0.0,position/h-sl-ft,0.0,False,0.0,1.0,0.0495900819836032
B2_atmosphere_high_altitude_61f1e8c3,heldout,cpp,pc7,bank_hold,10,10,0,False,False,0.0,position/h-sl-ft,0.0,False,0.0,1.0,0.0495900819836032
B2_load_factor_sign_c3fa7d22,heldout,cpp,pc7,bank_hold,10,10,0,False,False,0.0,position/h-sl-ft,0.0,False,0.0,1.0,0.0495900819836032
B2_propeller_inflow_angle_82cc3893,heldout,cpp,pc7,bank_hold,10,10,0,False,False,0.0,position/h-sl-ft,0.0,False,0.0,1.0,0.0495900819836032
B2_atmosphere_gradient_fadeout_05b709c8,heldout,cpp,pc7,bank_hold,10,10,0,False,False,0.0,position/h-sl-ft,0.0,False,0.0,1.0,0.0495900819836032
B_pqrdot_5ad2694c,development,cpp,pc7,flap_extend,10,10,0,False,True,0.0001377089523264,accelerations/pdot-rad_sec2,0.0001171979105096,False,0.0,0.0,0.0837832433513297
B2_turbine_throttle_init_c8af9244,heldout,cpp,pc7,flap_extend,10,10,0,False,False,0.0,position/h-sl-ft,0.0,False,0.0,0.0,0.0837832433513297
B2_turbine_thruster_inputs_20066483,heldout,cpp,pc7,flap_extend,10,10,0,False,False,0.0,position/h-sl-ft,0.0,False,0.0,0.0,0.0837832433513297
B2_wheel_spin_down_8a9fba1c,heldout,cpp,pc7,flap_extend,10,10,0,False,False,0.0,position/h-sl-ft,0.0,False,0.0,0.0,0.0837832433513297
B2_sensor_fail_stuck_f543d634,heldout,cpp,pc7,flap_extend,10,10,0,False,False,0.0,position/h-sl-ft,0.0,False,0.0,0.0,0.0837832433513297
B2_atmosphere_high_altitude_61f1e8c3,heldout,cpp,pc7,flap_extend,10,10,0,False,False,0.0,position/h-sl-ft,0.0,False,0.0,0.0,0.0837832433513297
B2_load_factor_sign_c3fa7d22,heldout,cpp,pc7,flap_extend,10,10,0,False,False,0.0,position/h-sl-ft,0.0,False,0.0,0.0,0.0837832433513297
B2_propeller_inflow_angle_82cc3893,heldout,cpp,pc7,flap_extend,10,10,0,False,False,0.0,position/h-sl-ft,0.0,False,0.0,0.0,0.0837832433513297
B2_atmosphere_gradient_fadeout_05b709c8,heldout,cpp,pc7,flap_extend,10,10,0,False,False,0.0,position/h-sl-ft,0.0,False,0.0,0.0,0.0837832433513297
B_pqrdot_5ad2694c,development,cpp,pc7,climbing_turn,10,10,0,False,True,0.0005526948986864,accelerations/rdot-rad_sec2,0.0004336169802566,False,0.0,0.0,0.0987802439512097
B2_turbine_throttle_init_c8af9244,heldout,cpp,pc7,climbing_turn,10,10,0,False,False,0.0,position/h-sl-ft,0.0,False,0.0,0.0,0.0987802439512097
B2_turbine_thruster_inputs_20066483,heldout,cpp,pc7,climbing_turn,10,10,0,False,False,0.0,position/h-sl-ft,0.0,False,0.0,0.0,0.0987802439512097
B2_wheel_spin_down_8a9fba1c,heldout,cpp,pc7,climbing_turn,10,10,0,False,False,0.0,position/h-sl-ft,0.0,False,0.0,0.0,0.0987802439512097
B2_sensor_fail_stuck_f543d634,heldout,cpp,pc7,climbing_turn,10,10,0,False,False,0.0,position/h-sl-ft,0.0,False,0.0,0.0,0.0987802439512097
B2_atmosphere_high_altitude_61f1e8c3,heldout,cpp,pc7,climbing_turn,10,10,0,False,False,0.0,position/h-sl-ft,0.0,False,0.0,0.0,0.0987802439512097
B2_load_factor_sign_c3fa7d22,heldout,cpp,pc7,climbing_turn,10,10,0,False,False,0.0,position/h-sl-ft,0.0,False,0.0,0.0,0.0987802439512097
B2_propeller_inflow_angle_82cc3893,heldout,cpp,pc7,climbing_turn,10,10,0,False,False,0.0,position/h-sl-ft,0.0,False,0.0,0.0,0.0987802439512097
B2_atmosphere_gradient_fadeout_05b709c8,heldout,cpp,pc7,climbing_turn,10,10,0,False,False,0.0,position/h-sl-ft,0.0,False,0.0,0.0,0.0987802439512097
B_pqrdot_5ad2694c,development,cpp,pc7,elev_doublet_distractor,10,10,0,False,True,7.928292496376914e-05,accelerations/rdot-rad_sec2,8.255411717878285e-05,False,0.0,1.0,0.032993401319736
B2_turbine_throttle_init_c8af9244,heldout,cpp,pc7,elev_doublet_distractor,10,10,0,False,False,0.0,position/h-sl-ft,0.0,False,0.0,1.0,0.032993401319736
B2_turbine_thruster_inputs_20066483,heldout,cpp,pc7,elev_doublet_distractor,10,10,0,False,False,0.0,position/h-sl-ft,0.0,False,0.0,1.0,0.032993401319736
B2_wheel_spin_down_8a9fba1c,heldout,cpp,pc7,elev_doublet_distractor,10,10,0,False,False,0.0,position/h-sl-ft,0.0,False,0.0,1.0,0.032993401319736
B2_sensor_fail_stuck_f543d634,heldout,cpp,pc7,elev_doublet_distractor,10,10,0,False,False,0.0,position/h-sl-ft,0.0,False,0.0,1.0,0.032993401319736
B2_atmosphere_high_altitude_61f1e8c3,heldout,cpp,pc7,elev_doublet_distractor,10,10,0,False,False,0.0,position/h-sl-ft,0.0,False,0.0,1.0,0.032993401319736
B2_load_factor_sign_c3fa7d22,heldout,cpp,pc7,elev_doublet_distractor,10,10,0,False,False,0.0,position/h-sl-ft,0.0,False,0.0,1.0,0.032993401319736
B2_propeller_inflow_angle_82cc3893,heldout,cpp,pc7,elev_doublet_distractor,10,10,0,False,False,0.0,position/h-sl-ft,0.0,False,0.0,1.0,0.032993401319736
B2_atmosphere_gradient_fadeout_05b709c8,heldout,cpp,pc7,elev_doublet_distractor,10,10,0,False,False,0.0,position/h-sl-ft,0.0,False,0.0,1.0,0.032993401319736
B_elevator_drag_8819410c,development,model,t6texan2,cruise,10,10,0,False,True,0.4773098797397037,velocities/h-dot-fps,0.5122011106222517,False,0.0,6.0,0.0001999600079984
B_pqrdot_5ad2694c,development,cpp,t6texan2,cruise,10,10,0,False,True,0.3878574018076011,accelerations/pdot-rad_sec2,0.3696168391800026,False,0.0,4.0,0.0345930813837232
B2_turbine_throttle_init_c8af9244,heldout,cpp,t6texan2,cruise,10,10,0,False,False,0.0,position/h-sl-ft,0.0,False,0.0,4.0,0.0345930813837232
B2_turbine_thruster_inputs_20066483,heldout,cpp,t6texan2,cruise,10,10,0,False,False,0.0,position/h-sl-ft,0.0,False,0.0,4.0,0.0345930813837232
B2_wheel_spin_down_8a9fba1c,heldout,cpp,t6texan2,cruise,10,10,0,False,False,0.0,position/h-sl-ft,0.0,False,0.0,4.0,0.0345930813837232
B2_sensor_fail_stuck_f543d634,heldout,cpp,t6texan2,cruise,10,10,0,False,False,0.0,position/h-sl-ft,0.0,False,0.0,4.0,0.0345930813837232
B2_atmosphere_high_altitude_61f1e8c3,heldout,cpp,t6texan2,cruise,10,10,0,False,False,0.0,position/h-sl-ft,0.0,False,0.0,4.0,0.0345930813837232
B2_load_factor_sign_c3fa7d22,heldout,cpp,t6texan2,cruise,10,10,0,False,False,0.0,position/h-sl-ft,0.0,False,0.0,4.0,0.0345930813837232
B2_propeller_inflow_angle_82cc3893,heldout,cpp,t6texan2,cruise,10,10,0,False,False,0.0,position/h-sl-ft,0.0,False,0.0,4.0,0.0345930813837232
B2_atmosphere_gradient_fadeout_05b709c8,heldout,cpp,t6texan2,cruise,10,10,0,False,False,0.0,position/h-sl-ft,0.0,False,0.0,4.0,0.0345930813837232
B_elevator_drag_8819410c,development,model,t6texan2,throttle_step,10,10,0,False,True,2.748196869812604,attitude/phi-rad,2.958139090284831,True,6.0,8.0,0.0037992401519696
B_pqrdot_5ad2694c,development,cpp,t6texan2,throttle_step,10,10,0,False,True,0.0250734286301708,accelerations/pdot-rad_sec2,0.0263400669622192,False,0.0,3.0,0.0001999600079984
B2_turbine_throttle_init_c8af9244,heldout,cpp,t6texan2,throttle_step,10,10,0,False,False,0.0,position/h-sl-ft,0.0,False,0.0,3.0,0.0001999600079984
B2_turbine_thruster_inputs_20066483,heldout,cpp,t6texan2,throttle_step,10,10,0,False,False,0.0,position/h-sl-ft,0.0,False,0.0,3.0,0.0001999600079984
B2_wheel_spin_down_8a9fba1c,heldout,cpp,t6texan2,throttle_step,10,10,0,False,False,0.0,position/h-sl-ft,0.0,False,0.0,3.0,0.0001999600079984
B2_sensor_fail_stuck_f543d634,heldout,cpp,t6texan2,throttle_step,10,10,0,False,False,0.0,position/h-sl-ft,0.0,False,0.0,3.0,0.0001999600079984
B2_atmosphere_high_altitude_61f1e8c3,heldout,cpp,t6texan2,throttle_step,10,10,0,False,False,0.0,position/h-sl-ft,0.0,False,0.0,3.0,0.0001999600079984
B2_load_factor_sign_c3fa7d22,heldout,cpp,t6texan2,throttle_step,10,10,0,False,False,0.0,position/h-sl-ft,0.0,False,0.0,3.0,0.0001999600079984
B2_propeller_inflow_angle_82cc3893,heldout,cpp,t6texan2,throttle_step,10,10,0,False,False,0.0,position/h-sl-ft,0.0,False,0.0,3.0,0.0001999600079984
B2_atmosphere_gradient_fadeout_05b709c8,heldout,cpp,t6texan2,throttle_step,10,10,0,False,False,0.0,position/h-sl-ft,0.0,False,0.0,3.0,0.0001999600079984
B_elevator_drag_8819410c,development,model,t6texan2,elev_doublet,10,10,0,False,True,0.3973192749247599,accelerations/vdot-ft_sec2,0.3642221410632267,False,0.0,11.0,0.0001999600079984
B_pqrdot_5ad2694c,development,cpp,t6texan2,elev_doublet,10,10,0,False,True,0.0703377379514556,accelerations/pdot-rad_sec2,0.0690629026710192,False,0.0,0.0,0.1509698060387922
B2_turbine_throttle_init_c8af9244,heldout,cpp,t6texan2,elev_doublet,10,10,0,False,False,0.0,position/h-sl-ft,0.0,False,0.0,0.0,0.1509698060387922
B2_turbine_thruster_inputs_20066483,heldout,cpp,t6texan2,elev_doublet,10,10,0,False,False,0.0,position/h-sl-ft,0.0,False,0.0,0.0,0.1509698060387922
B2_wheel_spin_down_8a9fba1c,heldout,cpp,t6texan2,elev_doublet,10,10,0,False,False,0.0,position/h-sl-ft,0.0,False,0.0,0.0,0.1509698060387922
B2_sensor_fail_stuck_f543d634,heldout,cpp,t6texan2,elev_doublet,10,10,0,False,False,0.0,position/h-sl-ft,0.0,False,0.0,0.0,0.1509698060387922
B2_atmosphere_high_altitude_61f1e8c3,heldout,cpp,t6texan2,elev_doublet,10,10,0,False,False,0.0,position/h-sl-ft,0.0,False,0.0,0.0,0.1509698060387922
B2_load_factor_sign_c3fa7d22,heldout,cpp,t6texan2,elev_doublet,10,10,0,False,False,0.0,position/h-sl-ft,0.0,False,0.0,0.0,0.1509698060387922
B2_propeller_inflow_angle_82cc3893,heldout,cpp,t6texan2,elev_doublet,10,10,0,False,False,0.0,position/h-sl-ft,0.0,False,0.0,0.0,0.1509698060387922
B2_atmosphere_gradient_fadeout_05b709c8,heldout,cpp,t6texan2,elev_doublet,10,10,0,False,False,0.0,position/h-sl-ft,0.0,False,0.0,0.0,0.1509698060387922
B_elevator_drag_8819410c,development,model,t6texan2,elev_step,10,10,0,False,True,0.4772360702403466,accelerations/vdot-ft_sec2,0.3958308234962264,False,0.0,7.0,0.0007998400319936
B_pqrdot_5ad2694c,development,cpp,t6texan2,elev_step,10,10,0,False,True,0.0692796453551791,accelerations/pdot-rad_sec2,0.0707573936364432,False,0.0,0.0,0.0601879624075184
B2_turbine_throttle_init_c8af9244,heldout,cpp,t6texan2,elev_step,10,10,0,False,False,0.0,position/h-sl-ft,0.0,False,0.0,0.0,0.1157768446310737
B2_turbine_thruster_inputs_20066483,heldout,cpp,t6texan2,elev_step,10,10,0,False,False,0.0,position/h-sl-ft,0.0,False,0.0,0.0,0.1157768446310737
B2_wheel_spin_down_8a9fba1c,heldout,cpp,t6texan2,elev_step,10,10,0,False,False,0.0,position/h-sl-ft,0.0,False,0.0,0.0,0.1157768446310737
B2_sensor_fail_stuck_f543d634,heldout,cpp,t6texan2,elev_step,10,10,0,False,False,0.0,position/h-sl-ft,0.0,False,0.0,0.0,0.1157768446310737
B2_atmosphere_high_altitude_61f1e8c3,heldout,cpp,t6texan2,elev_step,10,10,0,False,False,0.0,position/h-sl-ft,0.0,False,0.0,0.0,0.1157768446310737
B2_load_factor_sign_c3fa7d22,heldout,cpp,t6texan2,elev_step,10,10,0,False,False,0.0,position/h-sl-ft,0.0,False,0.0,0.0,0.1157768446310737
B2_propeller_inflow_angle_82cc3893,heldout,cpp,t6texan2,elev_step,10,10,0,False,False,0.0,position/h-sl-ft,0.0,False,0.0,0.0,0.1157768446310737
B2_atmosphere_gradient_fadeout_05b709c8,heldout,cpp,t6texan2,elev_step,10,10,0,False,False,0.0,position/h-sl-ft,0.0,False,0.0,0.0,0.1157768446310737
B_elevator_drag_8819410c,development,model,t6texan2,aileron_step,10,10,0,False,True,0.1549977499383306,accelerations/udot-ft_sec2,0.1098727675363424,False,0.0,0.0,0.1805638872225554
B_pqrdot_5ad2694c,development,cpp,t6texan2,aileron_step,10,10,0,False,True,0.003409718778061,accelerations/qdot-rad_sec2,0.0026800986826923,False,0.0,0.0,0.4435112977404519
B2_turbine_throttle_init_c8af9244,heldout,cpp,t6texan2,aileron_step,10,10,0,False,False,0.0,position/h-sl-ft,0.0,False,0.0,0.0,0.4417116576684663
B2_turbine_thruster_inputs_20066483,heldout,cpp,t6texan2,aileron_step,10,10,0,False,False,0.0,position/h-sl-ft,0.0,False,0.0,0.0,0.4417116576684663
B2_wheel_spin_down_8a9fba1c,heldout,cpp,t6texan2,aileron_step,10,10,0,False,False,0.0,position/h-sl-ft,0.0,False,0.0,0.0,0.4417116576684663
B2_sensor_fail_stuck_f543d634,heldout,cpp,t6texan2,aileron_step,10,10,0,False,False,0.0,position/h-sl-ft,0.0,False,0.0,0.0,0.4417116576684663
B2_atmosphere_high_altitude_61f1e8c3,heldout,cpp,t6texan2,aileron_step,10,10,0,False,False,0.0,position/h-sl-ft,0.0,False,0.0,0.0,0.4417116576684663
B2_load_factor_sign_c3fa7d22,heldout,cpp,t6texan2,aileron_step,10,10,0,False,False,0.0,position/h-sl-ft,0.0,False,0.0,0.0,0.4417116576684663
B2_propeller_inflow_angle_82cc3893,heldout,cpp,t6texan2,aileron_step,10,10,0,False,False,0.0,position/h-sl-ft,0.0,False,0.0,0.0,0.4417116576684663
B2_atmosphere_gradient_fadeout_05b709c8,heldout,cpp,t6texan2,aileron_step,10,10,0,False,False,0.0,position/h-sl-ft,0.0,False,0.0,0.0,0.4417116576684663
B_elevator_drag_8819410c,development,model,t6texan2,rudder_doublet,10,10,0,False,True,0.0367699758035997,velocities/h-dot-fps,0.0381923930026324,False,0.0,0.0,0.0617876424715057
B_pqrdot_5ad2694c,development,cpp,t6texan2,rudder_doublet,10,10,0,False,True,0.0003137519989206,accelerations/qdot-rad_sec2,0.0002374851868704,False,0.0,0.0,0.0621875624875025
B2_turbine_throttle_init_c8af9244,heldout,cpp,t6texan2,rudder_doublet,10,10,0,False,False,0.0,position/h-sl-ft,0.0,False,0.0,0.0,0.0621875624875025
B2_turbine_thruster_inputs_20066483,heldout,cpp,t6texan2,rudder_doublet,10,10,0,False,False,0.0,position/h-sl-ft,0.0,False,0.0,0.0,0.0621875624875025
B2_wheel_spin_down_8a9fba1c,heldout,cpp,t6texan2,rudder_doublet,10,10,0,False,False,0.0,position/h-sl-ft,0.0,False,0.0,0.0,0.0621875624875025
B2_sensor_fail_stuck_f543d634,heldout,cpp,t6texan2,rudder_doublet,10,10,0,False,False,0.0,position/h-sl-ft,0.0,False,0.0,0.0,0.0621875624875025
B2_atmosphere_high_altitude_61f1e8c3,heldout,cpp,t6texan2,rudder_doublet,10,10,0,False,False,0.0,position/h-sl-ft,0.0,False,0.0,0.0,0.0621875624875025
B2_load_factor_sign_c3fa7d22,heldout,cpp,t6texan2,rudder_doublet,10,10,0,False,False,0.0,position/h-sl-ft,0.0,False,0.0,0.0,0.0621875624875025
B2_propeller_inflow_angle_82cc3893,heldout,cpp,t6texan2,rudder_doublet,10,10,0,False,False,0.0,position/h-sl-ft,0.0,False,0.0,0.0,0.0621875624875025
B2_atmosphere_gradient_fadeout_05b709c8,heldout,cpp,t6texan2,rudder_doublet,10,10,0,False,False,0.0,position/h-sl-ft,0.0,False,0.0,0.0,0.0621875624875025
B_elevator_drag_8819410c,development,model,t6texan2,bank_hold,10,10,0,False,True,0.1408850249331793,accelerations/udot-ft_sec2,0.1895464203766177,False,0.0,2.0,0.0263947210557888
B_pqrdot_5ad2694c,development,cpp,t6texan2,bank_hold,10,10,0,False,True,0.0024270681847875,accelerations/qdot-rad_sec2,0.0031274011228283,False,0.0,0.0,0.4959008198360328
B2_turbine_throttle_init_c8af9244,heldout,cpp,t6texan2,bank_hold,10,10,0,False,False,0.0,position/h-sl-ft,0.0,False,0.0,0.0,0.4959008198360328
B2_turbine_thruster_inputs_20066483,heldout,cpp,t6texan2,bank_hold,10,10,0,False,False,0.0,position/h-sl-ft,0.0,False,0.0,0.0,0.4959008198360328
B2_wheel_spin_down_8a9fba1c,heldout,cpp,t6texan2,bank_hold,10,10,0,False,False,0.0,position/h-sl-ft,0.0,False,0.0,0.0,0.4959008198360328
B2_sensor_fail_stuck_f543d634,heldout,cpp,t6texan2,bank_hold,10,10,0,False,False,0.0,position/h-sl-ft,0.0,False,0.0,0.0,0.4959008198360328
B2_atmosphere_high_altitude_61f1e8c3,heldout,cpp,t6texan2,bank_hold,10,10,0,False,False,0.0,position/h-sl-ft,0.0,False,0.0,0.0,0.4959008198360328
B2_load_factor_sign_c3fa7d22,heldout,cpp,t6texan2,bank_hold,10,10,0,False,False,0.0,position/h-sl-ft,0.0,False,0.0,0.0,0.4959008198360328
B2_propeller_inflow_angle_82cc3893,heldout,cpp,t6texan2,bank_hold,10,10,0,False,False,0.0,position/h-sl-ft,0.0,False,0.0,0.0,0.4959008198360328
B2_atmosphere_gradient_fadeout_05b709c8,heldout,cpp,t6texan2,bank_hold,10,10,0,False,False,0.0,position/h-sl-ft,0.0,False,0.0,0.0,0.4959008198360328
B_elevator_drag_8819410c,development,model,t6texan2,flap_extend,10,10,0,False,True,1.3728393657369522,attitude/phi-rad,1.3565380893400645,True,1.0,14.0,0.0001999600079984
B_pqrdot_5ad2694c,development,cpp,t6texan2,flap_extend,10,10,0,False,True,0.2224009928171616,accelerations/pdot-rad_sec2,0.2134439902941195,False,0.0,1.0,0.048990201959608
B2_turbine_throttle_init_c8af9244,heldout,cpp,t6texan2,flap_extend,10,10,0,False,False,0.0,position/h-sl-ft,0.0,False,0.0,0.0,0.0921815636872625
B2_turbine_thruster_inputs_20066483,heldout,cpp,t6texan2,flap_extend,10,10,0,False,False,0.0,position/h-sl-ft,0.0,False,0.0,0.0,0.0921815636872625
B2_wheel_spin_down_8a9fba1c,heldout,cpp,t6texan2,flap_extend,10,10,0,False,False,0.0,position/h-sl-ft,0.0,False,0.0,0.0,0.0921815636872625
B2_sensor_fail_stuck_f543d634,heldout,cpp,t6texan2,flap_extend,10,10,0,False,False,0.0,position/h-sl-ft,0.0,False,0.0,0.0,0.0921815636872625
B2_atmosphere_high_altitude_61f1e8c3,heldout,cpp,t6texan2,flap_extend,10,10,0,False,False,0.0,position/h-sl-ft,0.0,False,0.0,0.0,0.0921815636872625
B2_load_factor_sign_c3fa7d22,heldout,cpp,t6texan2,flap_extend,10,10,0,False,False,0.0,position/h-sl-ft,0.0,False,0.0,0.0,0.0921815636872625
B2_propeller_inflow_angle_82cc3893,heldout,cpp,t6texan2,flap_extend,10,10,0,False,False,0.0,position/h-sl-ft,0.0,False,0.0,0.0,0.0921815636872625
B2_atmosphere_gradient_fadeout_05b709c8,heldout,cpp,t6texan2,flap_extend,10,10,0,False,False,0.0,position/h-sl-ft,0.0,False,0.0,0.0,0.0921815636872625
B_elevator_drag_8819410c,development,model,t6texan2,climbing_turn,10,10,0,False,True,0.1895471047442443,accelerations/udot-ft_sec2,0.2054482443818611,False,0.0,9.0,0.0011997600479904
B_pqrdot_5ad2694c,development,cpp,t6texan2,climbing_turn,10,10,0,False,True,0.0009317173867393,accelerations/rdot-rad_sec2,0.0009447769063082,False,0.0,1.0,0.0375924815036992
B2_turbine_throttle_init_c8af9244,heldout,cpp,t6texan2,climbing_turn,10,10,0,False,False,0.0,position/h-sl-ft,0.0,False,0.0,1.0,0.0375924815036992
B2_turbine_thruster_inputs_20066483,heldout,cpp,t6texan2,climbing_turn,10,10,0,False,False,0.0,position/h-sl-ft,0.0,False,0.0,1.0,0.0375924815036992
B2_wheel_spin_down_8a9fba1c,heldout,cpp,t6texan2,climbing_turn,10,10,0,False,False,0.0,position/h-sl-ft,0.0,False,0.0,1.0,0.0375924815036992
B2_sensor_fail_stuck_f543d634,heldout,cpp,t6texan2,climbing_turn,10,10,0,False,False,0.0,position/h-sl-ft,0.0,False,0.0,1.0,0.0375924815036992
B2_atmosphere_high_altitude_61f1e8c3,heldout,cpp,t6texan2,climbing_turn,10,10,0,False,False,0.0,position/h-sl-ft,0.0,False,0.0,1.0,0.0375924815036992
B2_load_factor_sign_c3fa7d22,heldout,cpp,t6texan2,climbing_turn,10,10,0,False,False,0.0,position/h-sl-ft,0.0,False,0.0,1.0,0.0375924815036992
B2_propeller_inflow_angle_82cc3893,heldout,cpp,t6texan2,climbing_turn,10,10,0,False,False,0.0,position/h-sl-ft,0.0,False,0.0,1.0,0.0375924815036992
B2_atmosphere_gradient_fadeout_05b709c8,heldout,cpp,t6texan2,climbing_turn,10,10,0,False,False,0.0,position/h-sl-ft,0.0,False,0.0,1.0,0.0375924815036992
B_elevator_drag_8819410c,development,model,t6texan2,elev_doublet_distractor,10,10,0,False,True,0.1047414660016009,accelerations/udot-ft_sec2,0.0990932267001967,False,0.0,2.0,0.0015996800639872
B_pqrdot_5ad2694c,development,cpp,t6texan2,elev_doublet_distractor,10,10,0,False,True,0.0003594409055506,accelerations/rdot-rad_sec2,0.0003858061532295,False,0.0,3.0,0.0025994801039792
B2_turbine_throttle_init_c8af9244,heldout,cpp,t6texan2,elev_doublet_distractor,10,10,0,False,False,0.0,position/h-sl-ft,0.0,False,0.0,3.0,0.0025994801039792
B2_turbine_thruster_inputs_20066483,heldout,cpp,t6texan2,elev_doublet_distractor,10,10,0,False,False,0.0,position/h-sl-ft,0.0,False,0.0,3.0,0.0025994801039792
B2_wheel_spin_down_8a9fba1c,heldout,cpp,t6texan2,elev_doublet_distractor,10,10,0,False,False,0.0,position/h-sl-ft,0.0,False,0.0,3.0,0.0025994801039792
B2_sensor_fail_stuck_f543d634,heldout,cpp,t6texan2,elev_doublet_distractor,10,10,0,False,False,0.0,position/h-sl-ft,0.0,False,0.0,3.0,0.0025994801039792
B2_atmosphere_high_altitude_61f1e8c3,heldout,cpp,t6texan2,elev_doublet_distractor,10,10,0,False,False,0.0,position/h-sl-ft,0.0,False,0.0,3.0,0.0025994801039792
B2_load_factor_sign_c3fa7d22,heldout,cpp,t6texan2,elev_doublet_distractor,10,10,0,False,False,0.0,position/h-sl-ft,0.0,False,0.0,3.0,0.0025994801039792
B2_propeller_inflow_angle_82cc3893,heldout,cpp,t6texan2,elev_doublet_distractor,10,10,0,False,False,0.0,position/h-sl-ft,0.0,False,0.0,3.0,0.0025994801039792
B2_atmosphere_gradient_fadeout_05b709c8,heldout,cpp,t6texan2,elev_doublet_distractor,10,10,0,False,False,0.0,position/h-sl-ft,0.0,False,0.0,3.0,0.0025994801039792
B_elevator_drag_8819410c,development,model,737,low_pass,10,0,10,True,,,,,,,,
B_ground_effect_9c058118,development,model,737,low_pass,10,10,0,False,True,0.8472995935345929,accelerations/udot-ft_sec2,1.972016841461237,True,7.0,9.0,0.0001999600079984
B_pqrdot_5ad2694c,development,cpp,737,low_pass,10,0,10,True,,,,,,,,
B_turbine_windmill_2db8e408,development,cpp,737,low_pass,10,0,10,True,,,,,,,,
B2_turbine_throttle_init_c8af9244,heldout,cpp,737,low_pass,10,10,0,False,False,0.0,position/h-sl-ft,0.0,False,0.0,2.0,0.0047990401919616
B2_turbine_thruster_inputs_20066483,heldout,cpp,737,low_pass,10,10,0,False,False,0.0,position/h-sl-ft,0.0,False,0.0,2.0,0.0047990401919616
B2_wheel_spin_down_8a9fba1c,heldout,cpp,737,low_pass,10,10,0,False,False,0.0,position/h-sl-ft,0.0,False,0.0,2.0,0.0047990401919616
B2_sensor_fail_stuck_f543d634,heldout,cpp,737,low_pass,10,10,0,False,False,0.0,position/h-sl-ft,0.0,False,0.0,2.0,0.0047990401919616
B2_atmosphere_high_altitude_61f1e8c3,heldout,cpp,737,low_pass,10,10,0,False,False,0.0,position/h-sl-ft,0.0,False,0.0,2.0,0.0047990401919616
B2_load_factor_sign_c3fa7d22,heldout,cpp,737,low_pass,10,10,0,False,False,0.0,position/h-sl-ft,0.0,False,0.0,2.0,0.0047990401919616
B2_propeller_inflow_angle_82cc3893,heldout,cpp,737,low_pass,10,10,0,False,False,0.0,position/h-sl-ft,0.0,False,0.0,2.0,0.0047990401919616
B2_atmosphere_gradient_fadeout_05b709c8,heldout,cpp,737,low_pass,10,10,0,False,False,0.0,position/h-sl-ft,0.0,False,0.0,2.0,0.0047990401919616
B2_A4_gear_retractable_3be71976_as2007,heldout,model,A4,cruise,10,10,0,False,False,0.0,position/h-sl-ft,0.0,False,0.0,1.0,0.04399120175964807
B2_A4_gear_retractable_3be71976_as2007,heldout,model,A4,throttle_step,10,10,0,False,False,0.0,position/h-sl-ft,0.0,False,0.0,0.0,0.2383523295340932
B2_A4_gear_retractable_3be71976_as2007,heldout,model,A4,elev_doublet,10,10,0,False,False,0.0,position/h-sl-ft,0.0,False,0.0,6.0,0.013997200559888023
B2_A4_gear_retractable_3be71976_as2007,heldout,model,A4,elev_step,10,10,0,False,False,0.0,position/h-sl-ft,0.0,False,0.0,3.0,0.020995800839832032
B2_A4_gear_retractable_3be71976_as2007,heldout,model,A4,aileron_step,10,10,0,False,False,0.0,position/h-sl-ft,0.0,False,0.0,0.0,0.07118576284743051
B2_A4_gear_retractable_3be71976_as2007,heldout,model,A4,rudder_doublet,10,10,0,False,False,0.0,position/h-sl-ft,0.0,False,0.0,0.0,0.10717856428714258
B2_A4_gear_retractable_3be71976_as2007,heldout,model,A4,bank_hold,10,10,0,False,False,0.0,position/h-sl-ft,0.0,False,0.0,3.0,0.028994201159768047
B2_A4_gear_retractable_3be71976_as2007,heldout,model,A4,flap_extend,10,10,0,False,False,0.0,position/h-sl-ft,0.0,False,0.0,6.0,0.010797840431913617
B2_A4_gear_retractable_3be71976_as2007,heldout,model,A4,climbing_turn,10,10,0,False,False,0.0,position/h-sl-ft,0.0,False,0.0,2.0,0.022795440911817635
B2_A4_gear_retractable_3be71976_as2007,heldout,model,A4,elev_doublet_distractor,10,10,0,False,False,0.0,position/h-sl-ft,0.0,False,0.0,1.0,0.04319136172765447
