aircraft,manoeuvre,config,base_vsd,thr,inertia_x1.6,cmq_x0.5,cmalpha_x0.7,clo_+0.1,noop_fa,noop
737,cruise,static,0.731,0.088,0.09/1.00 cat 0.40 auc nan,0.00/0.00 cat 0.40 auc 0.24,0.00/0.00 cat 0.00 auc 0.28,0.23/0.75 cat 0.20 auc 0.51,0.18,
737,cruise,lags,0.747,0.056,0.18/1.00 cat 0.40 auc nan,0.00/0.00 cat 0.60 auc 0.21,0.00/0.00 cat 0.00 auc 0.32,0.23/0.75 cat 0.20 auc 0.51,0.18,
737,cruise,lags+since,0.749,0.056,0.18/1.00 cat 0.60 auc nan,0.08/0.20 cat 0.80 auc 0.22,0.00/0.00 cat 0.00 auc 0.28,0.23/0.75 cat 0.20 auc 0.54,0.23,
737,cruise,since,0.731,0.087,0.09/1.00 cat 0.40 auc nan,0.00/0.00 cat 0.40 auc 0.24,0.00/0.00 cat 0.00 auc 0.28,0.23/0.75 cat 0.20 auc 0.51,0.14,
737,throttle_step,static,0.701,0.078,0.05/1.00 cat 0.20 auc nan,0.08/0.50 cat 0.40 auc 0.44,0.00/0.00 cat 0.20 auc 0.44,0.15/0.67 cat 0.40 auc 0.44,0.09,
737,throttle_step,lags,0.686,0.057,0.09/1.00 cat 0.20 auc nan,0.15/1.00 cat 0.20 auc 0.38,0.08/0.25 cat 0.40 auc 0.56,0.15/0.50 cat 0.60 auc 0.34,0.09,
737,throttle_step,lags+since,0.655,0.061,0.05/1.00 cat 0.20 auc nan,0.08/1.00 cat 0.20 auc 0.64,0.00/0.00 cat 0.20 auc 0.59,0.08/0.33 cat 0.40 auc 0.35,0.05,
737,throttle_step,since,0.657,0.064,0.14/1.00 cat 0.20 auc nan,0.23/1.00 cat 0.20 auc 0.62,0.00/0.00 cat 0.00 auc 0.58,0.08/0.50 cat 0.20 auc 0.40,0.09,
737,elev_doublet,static,0.705,0.109,0.09/1.00 cat 0.40 auc nan,0.00/0.00 cat 0.40 auc 0.56,0.00/0.00 cat 0.40 auc 0.51,0.23/0.60 cat 0.40 auc 0.62,0.09,
737,elev_doublet,lags,0.707,0.085,0.05/1.00 cat 0.20 auc nan,0.00/0.00 cat 0.20 auc 0.49,0.00/0.00 cat 0.20 auc 0.63,0.23/0.60 cat 0.40 auc 0.47,0.05,
737,elev_doublet,lags+since,0.705,0.089,0.05/1.00 cat 0.20 auc nan,0.00/0.00 cat 0.20 auc 0.33,0.00/0.00 cat 0.40 auc 0.50,0.23/0.60 cat 0.40 auc 0.55,0.05,
737,elev_doublet,since,0.708,0.095,0.05/1.00 cat 0.20 auc nan,0.00/0.00 cat 0.40 auc 0.42,0.08/0.50 cat 0.40 auc 0.50,0.31/0.67 cat 0.60 auc 0.56,0.09,
737,elev_step,static,0.741,0.061,0.05/1.00 cat 0.20 auc nan,0.15/1.00 cat 0.40 auc 0.43,0.00/0.00 cat 0.00 auc 0.63,0.23/0.75 cat 0.40 auc 0.64,0.09,
737,elev_step,lags,0.716,0.043,0.09/1.00 cat 0.40 auc nan,0.15/0.67 cat 0.40 auc 0.47,0.15/1.00 cat 0.40 auc 0.60,0.54/0.88 cat 0.80 auc 0.79,0.14,
737,elev_step,lags+since,0.632,0.046,0.05/1.00 cat 0.20 auc nan,0.31/0.80 cat 0.60 auc 0.55,0.46/1.00 cat 0.60 auc 0.59,0.38/0.83 cat 0.60 auc 0.81,0.05,
737,elev_step,since,0.64,0.052,0.09/1.00 cat 0.20 auc nan,0.23/1.00 cat 0.40 auc 0.47,0.46/1.00 cat 0.60 auc 0.58,0.38/1.00 cat 0.60 auc 0.68,0.09,
737,aileron_step,static,0.714,0.063,0.00/0.00 cat 0.00 auc nan,0.08/1.00 cat 0.20 auc 0.23,0.00/0.00 cat 0.00 auc 0.42,0.31/0.50 cat 0.80 auc 0.64,0.0,
737,aileron_step,lags,0.661,0.066,0.00/0.00 cat 0.00 auc nan,0.00/0.00 cat 0.00 auc 0.21,0.00/0.00 cat 0.00 auc 0.43,0.38/0.56 cat 0.60 auc 0.56,0.0,
737,aileron_step,lags+since,0.632,0.085,0.00/0.00 cat 0.00 auc nan,0.00/0.00 cat 0.00 auc 0.21,0.00/0.00 cat 0.20 auc 0.45,0.23/0.50 cat 0.60 auc 0.55,0.0,
737,aileron_step,since,0.641,0.089,0.00/0.00 cat 0.00 auc nan,0.00/0.00 cat 0.00 auc 0.22,0.00/0.00 cat 0.00 auc 0.47,0.38/0.71 cat 0.60 auc 0.55,0.0,
737,rudder_doublet,static,0.711,0.092,0.05/1.00 cat 0.20 auc nan,0.15/1.00 cat 0.40 auc 0.62,0.08/1.00 cat 0.20 auc 0.47,0.31/1.00 cat 0.40 auc 0.70,0.09,
737,rudder_doublet,lags,0.687,0.072,0.18/1.00 cat 0.60 auc nan,0.31/1.00 cat 0.60 auc 0.70,0.08/0.50 cat 0.20 auc 0.46,0.31/0.80 cat 0.40 auc 0.65,0.14,
737,rudder_doublet,lags+since,0.687,0.074,0.18/1.00 cat 0.60 auc nan,0.15/0.67 cat 0.40 auc 0.69,0.08/0.50 cat 0.40 auc 0.36,0.23/0.75 cat 0.20 auc 0.60,0.14,
737,rudder_doublet,since,0.699,0.082,0.14/1.00 cat 0.40 auc nan,0.23/0.75 cat 0.60 auc 0.76,0.15/0.67 cat 0.60 auc 0.46,0.31/1.00 cat 0.40 auc 0.74,0.18,
737,bank_hold,static,0.72,0.062,0.18/1.00 cat 0.60 auc nan,0.23/0.75 cat 0.60 auc 0.62,0.31/0.80 cat 0.60 auc 0.68,0.38/0.62 cat 0.80 auc 0.48,0.14,
737,bank_hold,lags,0.679,0.053,0.23/1.00 cat 0.60 auc nan,0.38/0.71 cat 0.80 auc 0.70,0.46/0.75 cat 0.80 auc 0.62,0.46/0.55 cat 0.60 auc 0.54,0.36,
737,bank_hold,lags+since,0.624,0.063,0.18/1.00 cat 0.60 auc nan,0.23/1.00 cat 0.40 auc 0.57,0.31/1.00 cat 0.60 auc 0.41,0.15/1.00 cat 0.40 auc 0.61,0.14,
737,bank_hold,since,0.625,0.069,0.18/1.00 cat 0.60 auc nan,0.23/1.00 cat 0.40 auc 0.62,0.23/1.00 cat 0.40 auc 0.51,0.46/0.75 cat 0.80 auc 0.52,0.14,
737,flap_extend,static,0.62,0.052,0.05/1.00 cat 0.20 auc nan,0.00/0.00 cat 0.20 auc 0.26,0.00/0.00 cat 0.20 auc 0.30,0.23/1.00 cat 0.60 auc 0.50,0.09,
737,flap_extend,lags,0.582,0.048,0.09/1.00 cat 0.20 auc nan,0.00/0.00 cat 0.20 auc 0.25,0.08/0.50 cat 0.20 auc 0.28,0.38/1.00 cat 0.80 auc 0.55,0.09,
737,flap_extend,lags+since,0.5,0.043,0.00/0.00 cat 0.00 auc nan,0.15/0.50 cat 0.60 auc 0.18,0.00/0.00 cat 0.20 auc 0.32,0.54/1.00 cat 0.80 auc 0.67,0.05,
737,flap_extend,since,0.491,0.051,0.05/1.00 cat 0.20 auc nan,0.15/0.50 cat 0.60 auc 0.14,0.00/0.00 cat 0.20 auc 0.32,0.31/1.00 cat 0.60 auc 0.67,0.09,
737,engine_cut,static,0.712,0.043,0.00/0.00 cat 0.00 auc nan,0.00/0.00 cat 0.20 auc 0.59,0.00/0.00 cat 0.00 auc 0.63,0.23/1.00 cat 0.20 auc 0.68,0.05,
737,engine_cut,lags,0.689,0.039,0.05/1.00 cat 0.20 auc nan,0.15/1.00 cat 0.40 auc 0.60,0.00/0.00 cat 0.00 auc 0.52,0.31/1.00 cat 0.40 auc 0.48,0.0,
737,engine_cut,lags+since,0.54,0.045,0.00/0.00 cat 0.00 auc nan,0.08/1.00 cat 0.20 auc 0.62,0.00/0.00 cat 0.20 auc 0.45,0.38/1.00 cat 0.40 auc 0.50,0.05,
737,engine_cut,since,0.527,0.045,0.09/1.00 cat 0.20 auc nan,0.08/0.50 cat 0.20 auc 0.54,0.08/1.00 cat 0.20 auc 0.55,0.31/0.80 cat 0.40 auc 0.54,0.09,
737,climbing_turn,static,0.658,0.064,0.00/0.00 cat 0.00 auc nan,0.00/0.00 cat 0.00 auc 0.76,0.00/0.00 cat 0.00 auc 0.66,0.08/0.50 cat 0.20 auc 0.38,0.0,
737,climbing_turn,lags,0.605,0.062,0.00/0.00 cat 0.00 auc nan,0.00/0.00 cat 0.00 auc 0.44,0.00/0.00 cat 0.00 auc 0.76,0.23/0.60 cat 0.40 auc 0.56,0.0,
737,climbing_turn,lags+since,0.556,0.051,0.09/1.00 cat 0.40 auc nan,0.15/0.67 cat 0.40 auc 0.74,0.15/0.67 cat 0.20 auc 0.74,0.38/0.62 cat 0.40 auc 0.56,0.14,
737,climbing_turn,since,0.553,0.055,0.05/1.00 cat 0.20 auc nan,0.08/0.50 cat 0.20 auc 0.72,0.08/1.00 cat 0.20 auc 0.70,0.31/0.80 cat 0.40 auc 0.57,0.09,
737,elev_doublet_distractor,static,0.724,0.089,0.00/0.00 cat 0.00 auc nan,0.08/1.00 cat 0.20 auc 0.83,0.00/0.00 cat 0.00 auc 0.64,0.46/0.67 cat 0.60 auc 0.79,0.0,
737,elev_doublet_distractor,lags,0.71,0.066,0.05/1.00 cat 0.20 auc nan,0.08/1.00 cat 0.20 auc 0.70,0.00/0.00 cat 0.00 auc 0.67,0.46/0.55 cat 0.40 auc 0.66,0.0,
737,elev_doublet_distractor,lags+since,0.702,0.08,0.00/0.00 cat 0.00 auc nan,0.00/0.00 cat 0.20 auc 0.69,0.00/0.00 cat 0.00 auc 0.54,0.31/0.57 cat 0.40 auc 0.68,0.05,
737,elev_doublet_distractor,since,0.709,0.089,0.00/0.00 cat 0.00 auc nan,0.00/0.00 cat 0.00 auc 0.75,0.00/0.00 cat 0.00 auc 0.56,0.31/0.67 cat 0.40 auc 0.71,0.0,
737,engine_restart,static,0.665,0.029,0.05/1.00 cat 0.20 auc nan,0.00/0.00 cat 0.20 auc 0.49,0.00/0.00 cat 0.00 auc 0.38,0.23/0.75 cat 0.20 auc 0.49,0.05,
737,engine_restart,lags,0.61,0.027,0.05/1.00 cat 0.20 auc nan,0.23/1.00 cat 0.20 auc 0.66,0.15/1.00 cat 0.20 auc 0.52,0.31/1.00 cat 0.40 auc 0.53,0.09,
737,engine_restart,lags+since,0.495,0.027,0.05/1.00 cat 0.20 auc nan,0.31/1.00 cat 0.40 auc 0.74,0.23/0.75 cat 0.40 auc 0.59,0.46/0.75 cat 0.60 auc 0.75,0.14,
737,engine_restart,since,0.489,0.03,0.09/1.00 cat 0.20 auc nan,0.23/0.75 cat 0.20 auc 0.62,0.23/0.60 cat 0.40 auc 0.50,0.62/0.67 cat 0.80 auc 0.66,0.23,
787-8,cruise,static,0.695,0.1,0.00/0.00 cat 0.00 auc nan,0.00/0.00 cat 0.00 auc 0.71,0.38/1.00 cat 0.80 auc 0.64,0.31/1.00 cat 0.40 auc 0.56,0.0,
787-8,cruise,lags,0.702,0.084,0.09/1.00 cat 0.20 auc nan,0.08/0.50 cat 0.20 auc 0.56,0.31/0.57 cat 1.00 auc 0.55,0.23/0.43 cat 0.60 auc 0.43,0.09,
787-8,cruise,lags+since,0.702,0.084,0.14/1.00 cat 0.20 auc nan,0.00/0.00 cat 0.20 auc 0.57,0.23/0.50 cat 0.80 auc 0.55,0.23/0.43 cat 0.60 auc 0.44,0.14,
787-8,cruise,since,0.691,0.105,0.05/1.00 cat 0.20 auc nan,0.08/1.00 cat 0.20 auc 0.65,0.38/1.00 cat 0.80 auc 0.61,0.31/1.00 cat 0.40 auc 0.53,0.05,
787-8,throttle_step,static,0.671,0.076,0.05/1.00 cat 0.20 auc nan,0.15/1.00 cat 0.40 auc 0.87,0.08/1.00 cat 0.20 auc 0.69,0.15/1.00 cat 0.20 auc 0.57,0.05,
787-8,throttle_step,lags,0.655,0.059,0.05/1.00 cat 0.20 auc nan,0.00/0.00 cat 0.00 auc 0.81,0.08/0.33 cat 0.40 auc 0.56,0.23/1.00 cat 0.20 auc 0.55,0.0,
787-8,throttle_step,lags+since,0.634,0.059,0.00/0.00 cat 0.00 auc nan,0.00/0.00 cat 0.00 auc 0.84,0.31/0.80 cat 0.60 auc 0.56,0.23/1.00 cat 0.40 auc 0.62,0.0,
787-8,throttle_step,since,0.641,0.07,0.00/0.00 cat 0.00 auc nan,0.00/0.00 cat 0.00 auc 0.84,0.08/1.00 cat 0.20 auc 0.78,0.15/1.00 cat 0.40 auc 0.58,0.0,
787-8,elev_doublet,static,0.674,0.101,0.05/1.00 cat 0.20 auc nan,0.15/1.00 cat 0.40 auc 0.50,0.15/0.67 cat 0.40 auc 0.44,0.31/1.00 cat 0.40 auc 0.59,0.05,
787-8,elev_doublet,lags,0.674,0.086,0.05/1.00 cat 0.20 auc nan,0.08/1.00 cat 0.20 auc 0.49,0.08/0.50 cat 0.40 auc 0.37,0.23/0.75 cat 0.20 auc 0.56,0.0,
787-8,elev_doublet,lags+since,0.674,0.091,0.05/1.00 cat 0.20 auc nan,0.08/1.00 cat 0.20 auc 0.51,0.00/0.00 cat 0.20 auc 0.46,0.23/1.00 cat 0.20 auc 0.59,0.05,
787-8,elev_doublet,since,0.677,0.104,0.09/1.00 cat 0.40 auc nan,0.00/0.00 cat 0.00 auc 0.44,0.00/0.00 cat 0.20 auc 0.40,0.23/1.00 cat 0.20 auc 0.52,0.05,
787-8,elev_step,static,0.733,0.077,0.00/0.00 cat 0.00 auc nan,0.00/0.00 cat 0.20 auc 0.52,0.15/1.00 cat 0.40 auc 0.26,0.08/0.33 cat 0.40 auc 0.33,0.05,
787-8,elev_step,lags,0.707,0.061,0.00/0.00 cat 0.00 auc nan,0.00/0.00 cat 0.00 auc 0.45,0.15/1.00 cat 0.40 auc 0.29,0.31/0.80 cat 0.40 auc 0.41,0.0,
787-8,elev_step,lags+since,0.636,0.077,0.00/0.00 cat 0.00 auc nan,0.08/1.00 cat 0.20 auc 0.39,0.23/1.00 cat 0.60 auc 0.38,0.31/1.00 cat 0.40 auc 0.44,0.0,
787-8,elev_step,since,0.642,0.083,0.05/1.00 cat 0.20 auc nan,0.00/0.00 cat 0.00 auc 0.40,0.15/1.00 cat 0.40 auc 0.45,0.31/0.80 cat 0.40 auc 0.39,0.0,
787-8,aileron_step,static,0.705,0.091,0.00/0.00 cat 0.00 auc nan,0.00/0.00 cat 0.00 auc 0.62,0.38/1.00 cat 0.40 auc 0.79,0.23/0.60 cat 0.80 auc 0.63,0.0,
787-8,aileron_step,lags,0.678,0.076,0.00/0.00 cat 0.00 auc nan,0.00/0.00 cat 0.00 auc 0.60,0.23/1.00 cat 0.20 auc 0.83,0.15/0.40 cat 0.60 auc 0.62,0.0,
787-8,aileron_step,lags+since,0.655,0.093,0.00/0.00 cat 0.00 auc nan,0.00/0.00 cat 0.00 auc 0.56,0.23/0.60 cat 0.40 auc 0.79,0.15/0.67 cat 0.60 auc 0.57,0.0,
787-8,aileron_step,since,0.654,0.108,0.00/0.00 cat 0.00 auc nan,0.00/0.00 cat 0.00 auc 0.60,0.31/1.00 cat 0.40 auc 0.78,0.08/0.50 cat 0.40 auc 0.62,0.05,
787-8,rudder_doublet,static,0.736,0.093,0.00/0.00 cat 0.00 auc nan,0.00/0.00 cat 0.00 auc 0.56,0.31/0.80 cat 0.60 auc 0.73,0.15/0.67 cat 0.20 auc 0.51,0.0,
787-8,rudder_doublet,lags,0.709,0.079,0.00/0.00 cat 0.00 auc nan,0.00/0.00 cat 0.00 auc 0.58,0.31/0.50 cat 0.80 auc 0.62,0.15/0.67 cat 0.40 auc 0.52,0.05,
787-8,rudder_doublet,lags+since,0.719,0.071,0.00/0.00 cat 0.00 auc nan,0.08/1.00 cat 0.20 auc 0.69,0.46/0.75 cat 0.80 auc 0.63,0.00/0.00 cat 0.20 auc 0.41,0.05,
787-8,rudder_doublet,since,0.721,0.088,0.00/0.00 cat 0.00 auc nan,0.08/1.00 cat 0.20 auc 0.78,0.38/0.56 cat 0.80 auc 0.47,0.23/0.75 cat 0.60 auc 0.54,0.05,
787-8,bank_hold,static,0.709,0.088,0.00/0.00 cat 0.00 auc nan,0.08/1.00 cat 0.20 auc 0.74,0.23/1.00 cat 0.40 auc 0.71,0.31/0.67 cat 0.80 auc 0.55,0.05,
787-8,bank_hold,lags,0.693,0.07,0.05/1.00 cat 0.20 auc nan,0.08/1.00 cat 0.20 auc 0.76,0.23/1.00 cat 0.40 auc 0.76,0.38/0.71 cat 0.80 auc 0.55,0.05,
787-8,bank_hold,lags+since,0.668,0.076,0.00/0.00 cat 0.00 auc nan,0.00/0.00 cat 0.00 auc 0.65,0.23/1.00 cat 0.40 auc 0.68,0.08/0.50 cat 0.20 auc 0.60,0.0,
787-8,bank_hold,since,0.669,0.082,0.00/0.00 cat 0.00 auc nan,0.00/0.00 cat 0.00 auc 0.68,0.23/1.00 cat 0.40 auc 0.58,0.08/1.00 cat 0.20 auc 0.57,0.0,
787-8,flap_extend,static,0.629,0.05,0.09/1.00 cat 0.40 auc nan,0.00/0.00 cat 0.00 auc 0.29,0.23/1.00 cat 0.60 auc 0.34,0.08/1.00 cat 0.20 auc 0.43,0.0,
787-8,flap_extend,lags,0.597,0.048,0.09/1.00 cat 0.20 auc nan,0.00/0.00 cat 0.00 auc 0.35,0.08/0.25 cat 0.60 auc 0.33,0.08/1.00 cat 0.20 auc 0.50,0.0,
787-8,flap_extend,lags+since,0.507,0.048,0.05/1.00 cat 0.20 auc nan,0.08/1.00 cat 0.20 auc 0.49,0.31/0.67 cat 0.80 auc 0.41,0.23/1.00 cat 0.60 auc 0.55,0.0,
787-8,flap_extend,since,0.501,0.048,0.00/0.00 cat 0.00 auc nan,0.08/1.00 cat 0.20 auc 0.38,0.31/0.80 cat 0.80 auc 0.56,0.31/1.00 cat 0.60 auc 0.52,0.0,
787-8,engine_cut,static,0.703,0.053,0.00/0.00 cat 0.00 auc nan,0.00/0.00 cat 0.00 auc 0.40,0.23/1.00 cat 0.40 auc 0.56,0.31/0.67 cat 0.20 auc 0.56,0.0,
787-8,engine_cut,lags,0.66,0.046,0.00/0.00 cat 0.00 auc nan,0.08/1.00 cat 0.20 auc 0.24,0.23/0.43 cat 1.00 auc 0.49,0.38/1.00 cat 0.40 auc 0.72,0.05,
787-8,engine_cut,lags+since,0.557,0.062,0.00/0.00 cat 0.00 auc nan,0.08/1.00 cat 0.20 auc 0.22,0.08/0.50 cat 0.40 auc 0.46,0.31/0.80 cat 0.40 auc 0.64,0.05,
787-8,engine_cut,since,0.548,0.067,0.00/0.00 cat 0.00 auc nan,0.00/0.00 cat 0.00 auc 0.23,0.00/0.00 cat 0.00 auc 0.46,0.31/0.80 cat 0.40 auc 0.69,0.0,
787-8,climbing_turn,static,0.607,0.046,0.09/1.00 cat 0.20 auc nan,0.23/1.00 cat 0.40 auc 0.74,0.62/1.00 cat 0.60 auc 0.74,0.69/0.69 cat 1.00 auc 0.66,0.14,
787-8,climbing_turn,lags,0.555,0.047,0.00/0.00 cat 0.00 auc nan,0.08/0.50 cat 0.20 auc 0.50,0.38/0.83 cat 0.40 auc 0.74,0.46/0.67 cat 0.60 auc 0.62,0.14,
787-8,climbing_turn,lags+since,0.534,0.053,0.00/0.00 cat 0.00 auc nan,0.00/0.00 cat 0.00 auc 0.61,0.54/1.00 cat 0.60 auc 0.87,0.46/0.75 cat 0.60 auc 0.58,0.0,
787-8,climbing_turn,since,0.532,0.05,0.09/1.00 cat 0.20 auc nan,0.15/0.67 cat 0.40 auc 0.56,0.69/0.90 cat 1.00 auc 0.97,0.46/0.86 cat 0.40 auc 0.59,0.05,
787-8,elev_doublet_distractor,static,0.753,0.092,0.00/0.00 cat 0.00 auc nan,0.08/1.00 cat 0.20 auc 0.33,0.08/1.00 cat 0.20 auc 0.45,0.15/0.50 cat 0.40 auc 0.50,0.0,
787-8,elev_doublet_distractor,lags,0.74,0.072,0.00/0.00 cat 0.00 auc nan,0.00/0.00 cat 0.20 auc 0.38,0.08/1.00 cat 0.20 auc 0.50,0.08/0.25 cat 0.40 auc 0.39,0.05,
787-8,elev_doublet_distractor,lags+since,0.735,0.077,0.00/0.00 cat 0.00 auc nan,0.00/0.00 cat 0.20 auc 0.24,0.08/1.00 cat 0.20 auc 0.32,0.15/0.67 cat 0.40 auc 0.52,0.05,
787-8,elev_doublet_distractor,since,0.743,0.089,0.00/0.00 cat 0.00 auc nan,0.00/0.00 cat 0.00 auc 0.26,0.08/1.00 cat 0.20 auc 0.36,0.23/1.00 cat 0.40 auc 0.57,0.0,
787-8,engine_restart,static,0.665,0.052,0.00/0.00 cat 0.00 auc nan,0.00/0.00 cat 0.00 auc 0.62,0.15/0.67 cat 0.40 auc 0.51,0.00/0.00 cat 0.00 auc 0.38,0.0,
787-8,engine_restart,lags,0.621,0.045,0.05/1.00 cat 0.20 auc nan,0.00/0.00 cat 0.20 auc 0.49,0.15/0.50 cat 0.60 auc 0.54,0.23/0.75 cat 0.60 auc 0.68,0.05,
787-8,engine_restart,lags+since,0.51,0.051,0.05/1.00 cat 0.20 auc nan,0.00/0.00 cat 0.20 auc 0.36,0.15/0.67 cat 0.40 auc 0.41,0.15/0.50 cat 0.60 auc 0.32,0.05,
787-8,engine_restart,since,0.502,0.05,0.05/1.00 cat 0.20 auc nan,0.08/0.50 cat 0.40 auc 0.46,0.23/0.75 cat 0.40 auc 0.49,0.15/1.00 cat 0.40 auc 0.38,0.05,
A320,cruise,static,0.695,0.059,0.05/1.00 cat 0.20 auc nan,0.00/0.00 cat 0.00 auc 0.32,0.15/0.50 cat 0.40 auc 0.37,0.15/1.00 cat 0.20 auc 0.44,0.0,
A320,cruise,lags,0.704,0.057,0.14/1.00 cat 0.40 auc nan,0.23/1.00 cat 0.40 auc 0.43,0.15/0.40 cat 0.80 auc 0.50,0.23/0.75 cat 0.40 auc 0.44,0.14,
A320,cruise,lags+since,0.705,0.056,0.05/1.00 cat 0.20 auc nan,0.08/1.00 cat 0.20 auc 0.40,0.15/0.40 cat 0.80 auc 0.44,0.23/0.75 cat 0.40 auc 0.44,0.09,
A320,cruise,since,0.694,0.059,0.14/1.00 cat 0.20 auc nan,0.00/0.00 cat 0.00 auc 0.36,0.23/0.75 cat 0.20 auc 0.38,0.15/1.00 cat 0.20 auc 0.45,0.0,
A320,throttle_step,static,0.689,0.046,0.00/0.00 cat 0.00 auc nan,0.00/0.00 cat 0.00 auc 0.52,0.00/0.00 cat 0.20 auc 0.66,0.00/0.00 cat 0.20 auc 0.41,0.0,
A320,throttle_step,lags,0.674,0.041,0.00/0.00 cat 0.00 auc nan,0.00/0.00 cat 0.00 auc 0.39,0.00/0.00 cat 0.00 auc 0.48,0.15/1.00 cat 0.40 auc 0.44,0.0,
A320,throttle_step,lags+since,0.628,0.041,0.09/1.00 cat 0.20 auc nan,0.08/0.50 cat 0.40 auc 0.34,0.15/0.67 cat 0.40 auc 0.52,0.23/0.75 cat 0.60 auc 0.38,0.05,
A320,throttle_step,since,0.638,0.045,0.00/0.00 cat 0.00 auc nan,0.00/0.00 cat 0.00 auc 0.34,0.08/1.00 cat 0.20 auc 0.57,0.31/1.00 cat 0.60 auc 0.38,0.0,
A320,elev_doublet,static,0.703,0.093,0.00/0.00 cat 0.00 auc nan,0.00/0.00 cat 0.20 auc 0.48,0.08/1.00 cat 0.20 auc 0.42,0.00/0.00 cat 0.00 auc 0.56,0.05,
A320,elev_doublet,lags,0.695,0.079,0.05/1.00 cat 0.20 auc nan,0.00/0.00 cat 0.20 auc 0.38,0.00/0.00 cat 0.00 auc 0.38,0.23/1.00 cat 0.40 auc 0.55,0.05,
A320,elev_doublet,lags+since,0.689,0.079,0.00/0.00 cat 0.00 auc nan,0.00/0.00 cat 0.40 auc 0.38,0.00/0.00 cat 0.20 auc 0.43,0.08/1.00 cat 0.20 auc 0.51,0.14,
A320,elev_doublet,since,0.701,0.088,0.00/0.00 cat 0.00 auc nan,0.00/0.00 cat 0.00 auc 0.32,0.00/0.00 cat 0.00 auc 0.52,0.00/0.00 cat 0.20 auc 0.69,0.0,
A320,elev_step,static,0.727,0.05,0.00/0.00 cat 0.00 auc nan,0.00/0.00 cat 0.00 auc 0.43,0.00/0.00 cat 0.00 auc 0.14,0.00/0.00 cat 0.00 auc 0.20,0.0,
A320,elev_step,lags,0.714,0.034,0.00/0.00 cat 0.00 auc nan,0.00/0.00 cat 0.00 auc 0.15,0.08/0.50 cat 0.40 auc 0.25,0.00/0.00 cat 0.20 auc 0.31,0.0,
A320,elev_step,lags+since,0.624,0.048,0.05/1.00 cat 0.20 auc nan,0.00/0.00 cat 0.00 auc 0.21,0.00/0.00 cat 0.00 auc 0.36,0.08/1.00 cat 0.20 auc 0.31,0.0,
A320,elev_step,since,0.625,0.048,0.00/0.00 cat 0.00 auc nan,0.00/0.00 cat 0.00 auc 0.58,0.08/1.00 cat 0.20 auc 0.41,0.08/0.50 cat 0.40 auc 0.38,0.0,
A320,aileron_step,static,0.712,0.05,0.05/1.00 cat 0.20 auc nan,0.15/1.00 cat 0.40 auc 0.77,0.23/0.75 cat 0.60 auc 0.42,0.08/0.20 cat 0.60 auc 0.38,0.14,
A320,aileron_step,lags,0.643,0.051,0.05/1.00 cat 0.20 auc nan,0.00/0.00 cat 0.00 auc 0.42,0.08/0.50 cat 0.40 auc 0.35,0.46/0.67 cat 0.60 auc 0.67,0.0,
A320,aileron_step,lags+since,0.559,0.068,0.05/1.00 cat 0.20 auc nan,0.00/0.00 cat 0.20 auc 0.48,0.00/0.00 cat 0.20 auc 0.29,0.23/0.50 cat 0.60 auc 0.54,0.05,
A320,aileron_step,since,0.559,0.066,0.09/1.00 cat 0.20 auc nan,0.00/0.00 cat 0.20 auc 0.64,0.00/0.00 cat 0.40 auc 0.37,0.38/0.62 cat 0.80 auc 0.62,0.09,
A320,rudder_doublet,static,0.703,0.076,0.14/1.00 cat 0.40 auc nan,0.15/1.00 cat 0.20 auc 0.55,0.31/1.00 cat 0.40 auc 0.63,0.38/0.83 cat 0.60 auc 0.54,0.09,
A320,rudder_doublet,lags,0.706,0.07,0.14/1.00 cat 0.40 auc nan,0.15/0.67 cat 0.40 auc 0.46,0.23/1.00 cat 0.40 auc 0.71,0.23/0.43 cat 0.80 auc 0.56,0.14,
A320,rudder_doublet,lags+since,0.697,0.068,0.23/1.00 cat 0.80 auc nan,0.15/0.67 cat 0.40 auc 0.50,0.38/0.83 cat 0.60 auc 0.72,0.31/0.57 cat 0.60 auc 0.57,0.14,
A320,rudder_doublet,since,0.697,0.07,0.09/1.00 cat 0.20 auc nan,0.15/1.00 cat 0.20 auc 0.50,0.31/1.00 cat 0.40 auc 0.75,0.31/0.80 cat 0.60 auc 0.48,0.09,
A320,bank_hold,static,0.727,0.04,0.00/0.00 cat 0.00 auc nan,0.00/0.00 cat 0.00 auc 0.28,0.00/0.00 cat 0.20 auc 0.22,0.31/0.44 cat 0.80 auc 0.51,0.0,
A320,bank_hold,lags,0.668,0.031,0.00/0.00 cat 0.00 auc nan,0.00/0.00 cat 0.20 auc 0.23,0.00/0.00 cat 0.20 auc 0.22,0.62/0.53 cat 1.00 auc 0.46,0.05,
A320,bank_hold,lags+since,0.575,0.054,0.00/0.00 cat 0.00 auc nan,0.00/0.00 cat 0.20 auc 0.30,0.00/0.00 cat 0.00 auc 0.34,0.00/0.00 cat 0.40 auc 0.45,0.05,
A320,bank_hold,since,0.579,0.06,0.00/0.00 cat 0.00 auc nan,0.00/0.00 cat 0.00 auc 0.34,0.00/0.00 cat 0.00 auc 0.36,0.31/0.57 cat 0.80 auc 0.50,0.0,
A320,flap_extend,static,0.621,0.05,0.00/0.00 cat 0.00 auc nan,0.08/1.00 cat 0.20 auc 0.30,0.62/1.00 cat 0.80 auc 0.69,0.31/1.00 cat 0.40 auc 0.57,0.05,
A320,flap_extend,lags,0.597,0.051,0.00/0.00 cat 0.00 auc nan,0.00/0.00 cat 0.00 auc 0.36,0.46/0.86 cat 0.80 auc 0.66,0.31/0.80 cat 0.60 auc 0.74,0.0,
A320,flap_extend,lags+since,0.552,0.047,0.00/0.00 cat 0.00 auc nan,0.08/1.00 cat 0.20 auc 0.27,0.54/1.00 cat 0.80 auc 0.78,0.38/1.00 cat 0.60 auc 0.82,0.0,
A320,flap_extend,since,0.54,0.05,0.09/1.00 cat 0.20 auc nan,0.00/0.00 cat 0.40 auc 0.40,0.69/1.00 cat 0.80 auc 0.90,0.38/1.00 cat 0.60 auc 0.71,0.09,
A320,engine_cut,static,0.724,0.058,0.00/0.00 cat 0.00 auc nan,0.00/0.00 cat 0.00 auc 0.62,0.00/0.00 cat 0.00 auc 0.69,0.08/0.50 cat 0.20 auc 0.50,0.0,
A320,engine_cut,lags,0.716,0.042,0.09/1.00 cat 0.40 auc nan,0.00/0.00 cat 0.60 auc 0.48,0.00/0.00 cat 0.20 auc 0.55,0.23/0.60 cat 0.60 auc 0.63,0.14,
A320,engine_cut,lags+since,0.62,0.06,0.05/1.00 cat 0.20 auc nan,0.08/0.50 cat 0.40 auc 0.59,0.08/0.50 cat 0.40 auc 0.74,0.23/0.75 cat 0.60 auc 0.56,0.05,
A320,engine_cut,since,0.617,0.072,0.05/1.00 cat 0.20 auc nan,0.08/0.50 cat 0.20 auc 0.79,0.00/0.00 cat 0.00 auc 0.74,0.15/0.50 cat 0.40 auc 0.59,0.05,
A320,climbing_turn,static,0.627,0.047,0.05/1.00 cat 0.20 auc nan,0.00/0.00 cat 0.00 auc 0.56,0.31/1.00 cat 0.40 auc 0.91,0.31/0.57 cat 0.80 auc 0.65,0.0,
A320,climbing_turn,lags,0.553,0.059,0.05/1.00 cat 0.20 auc nan,0.00/0.00 cat 0.20 auc 0.46,0.23/0.75 cat 0.40 auc 0.77,0.23/0.38 cat 0.80 auc 0.50,0.05,
A320,climbing_turn,lags+since,0.517,0.057,0.09/1.00 cat 0.40 auc nan,0.00/0.00 cat 0.20 auc 0.81,0.23/1.00 cat 0.60 auc 0.75,0.23/0.50 cat 0.60 auc 0.37,0.05,
A320,climbing_turn,since,0.519,0.062,0.00/0.00 cat 0.00 auc nan,0.00/0.00 cat 0.00 auc 0.67,0.08/1.00 cat 0.20 auc 0.87,0.15/1.00 cat 0.40 auc 0.51,0.0,
A320,elev_doublet_distractor,static,0.711,0.077,0.09/1.00 cat 0.40 auc nan,0.08/1.00 cat 0.20 auc 0.82,0.15/1.00 cat 0.40 auc 0.70,0.31/0.67 cat 0.60 auc 0.61,0.09,
A320,elev_doublet_distractor,lags,0.7,0.064,0.09/1.00 cat 0.40 auc nan,0.08/1.00 cat 0.20 auc 0.70,0.08/1.00 cat 0.20 auc 0.82,0.38/0.50 cat 0.80 auc 0.42,0.05,
A320,elev_doublet_distractor,lags+since,0.685,0.075,0.00/0.00 cat 0.00 auc nan,0.00/0.00 cat 0.00 auc 0.58,0.00/0.00 cat 0.00 auc 0.78,0.23/0.38 cat 0.60 auc 0.56,0.0,
A320,elev_doublet_distractor,since,0.692,0.082,0.09/1.00 cat 0.40 auc nan,0.00/0.00 cat 0.00 auc 0.67,0.00/0.00 cat 0.00 auc 0.64,0.15/1.00 cat 0.40 auc 0.58,0.0,
A320,engine_restart,static,0.681,0.041,0.00/0.00 cat 0.00 auc nan,0.00/0.00 cat 0.00 auc 0.83,0.31/1.00 cat 0.40 auc 0.75,0.31/1.00 cat 0.40 auc 0.51,0.0,
A320,engine_restart,lags,0.646,0.034,0.00/0.00 cat 0.00 auc nan,0.08/1.00 cat 0.20 auc 0.53,0.23/0.60 cat 0.40 auc 0.69,0.46/0.86 cat 0.60 auc 0.46,0.09,
A320,engine_restart,lags+since,0.588,0.033,0.05/1.00 cat 0.20 auc nan,0.00/0.00 cat 0.20 auc 0.72,0.23/0.75 cat 0.40 auc 0.68,0.46/1.00 cat 0.60 auc 0.54,0.05,
A320,engine_restart,since,0.585,0.038,0.00/0.00 cat 0.00 auc nan,0.00/0.00 cat 0.00 auc 0.56,0.23/0.75 cat 0.40 auc 0.64,0.54/0.88 cat 0.60 auc 0.56,0.0,
A4,cruise,static,0.681,0.076,0.18/1.00 cat 0.60 auc nan,0.15/0.40 cat 0.40 auc 0.36,0.00/0.00 cat 0.20 auc 0.39,0.38/1.00 cat 0.40 auc 0.71,0.18,
A4,cruise,lags,0.701,0.06,0.14/1.00 cat 0.60 auc nan,0.00/0.00 cat 0.40 auc 0.40,0.00/0.00 cat 0.20 auc 0.41,0.31/1.00 cat 0.40 auc 0.62,0.14,
A4,cruise,lags+since,0.701,0.06,0.14/1.00 cat 0.60 auc nan,0.00/0.00 cat 0.40 auc 0.41,0.08/0.33 cat 0.20 auc 0.41,0.31/1.00 cat 0.40 auc 0.62,0.14,
A4,cruise,since,0.681,0.076,0.18/1.00 cat 0.60 auc nan,0.15/0.40 cat 0.40 auc 0.35,0.00/0.00 cat 0.20 auc 0.36,0.38/1.00 cat 0.40 auc 0.71,0.18,
A4,throttle_step,static,0.691,0.053,0.00/0.00 cat 0.00 auc nan,0.00/0.00 cat 0.00 auc 0.72,0.08/1.00 cat 0.20 auc 0.33,0.31/1.00 cat 0.40 auc 0.72,0.0,
A4,throttle_step,lags,0.67,0.038,0.00/0.00 cat 0.00 auc nan,0.00/0.00 cat 0.00 auc 0.74,0.08/1.00 cat 0.20 auc 0.37,0.31/1.00 cat 0.40 auc 0.63,0.0,
A4,throttle_step,lags+since,0.614,0.039,0.00/0.00 cat 0.00 auc nan,0.00/0.00 cat 0.00 auc 0.61,0.15/1.00 cat 0.20 auc 0.63,0.38/0.83 cat 0.60 auc 0.62,0.0,
A4,throttle_step,since,0.624,0.051,0.00/0.00 cat 0.00 auc nan,0.00/0.00 cat 0.00 auc 0.62,0.08/0.50 cat 0.20 auc 0.45,0.31/1.00 cat 0.40 auc 0.65,0.0,
A4,elev_doublet,static,0.706,0.093,0.05/1.00 cat 0.20 auc nan,0.15/0.67 cat 0.60 auc 0.60,0.23/0.50 cat 0.60 auc 0.62,0.38/0.83 cat 0.40 auc 0.79,0.09,
A4,elev_doublet,lags,0.71,0.075,0.00/0.00 cat 0.00 auc nan,0.00/0.00 cat 0.00 auc 0.67,0.23/0.60 cat 0.40 auc 0.61,0.62/0.89 cat 0.80 auc 0.81,0.0,
A4,elev_doublet,lags+since,0.706,0.072,0.00/0.00 cat 0.00 auc nan,0.00/0.00 cat 0.20 auc 0.67,0.23/0.60 cat 0.40 auc 0.65,0.46/1.00 cat 0.60 auc 0.78,0.05,
A4,elev_doublet,since,0.701,0.078,0.14/1.00 cat 0.40 auc nan,0.00/0.00 cat 0.20 auc 0.68,0.23/0.50 cat 0.80 auc 0.68,0.38/0.83 cat 0.80 auc 0.77,0.05,
A4,elev_step,static,0.731,0.062,0.00/0.00 cat 0.00 auc nan,0.00/0.00 cat 0.40 auc 0.34,0.08/1.00 cat 0.20 auc 0.65,0.38/0.83 cat 0.40 auc 0.54,0.05,
A4,elev_step,lags,0.71,0.041,0.05/1.00 cat 0.20 auc nan,0.08/0.50 cat 0.40 auc 0.39,0.23/1.00 cat 0.40 auc 0.66,0.38/0.71 cat 0.80 auc 0.52,0.09,
A4,elev_step,lags+since,0.636,0.055,0.05/1.00 cat 0.20 auc nan,0.00/0.00 cat 0.20 auc 0.27,0.00/0.00 cat 0.00 auc 0.50,0.54/1.00 cat 0.80 auc 0.62,0.05,
A4,elev_step,since,0.638,0.053,0.05/1.00 cat 0.20 auc nan,0.00/0.00 cat 0.40 auc 0.26,0.15/1.00 cat 0.40 auc 0.64,0.54/0.78 cat 0.80 auc 0.68,0.09,
A4,aileron_step,static,0.697,0.071,0.05/1.00 cat 0.20 auc nan,0.31/1.00 cat 0.40 auc 0.74,0.15/1.00 cat 0.40 auc 0.85,0.31/1.00 cat 0.20 auc 0.64,0.09,
A4,aileron_step,lags,0.668,0.059,0.14/1.00 cat 0.40 auc nan,0.23/1.00 cat 0.40 auc 0.77,0.08/1.00 cat 0.20 auc 0.76,0.23/1.00 cat 0.20 auc 0.54,0.09,
A4,aileron_step,lags+since,0.642,0.069,0.05/1.00 cat 0.20 auc nan,0.15/1.00 cat 0.40 auc 0.77,0.08/1.00 cat 0.20 auc 0.72,0.15/0.67 cat 0.40 auc 0.44,0.05,
A4,aileron_step,since,0.65,0.075,0.09/1.00 cat 0.20 auc nan,0.08/1.00 cat 0.20 auc 0.53,0.15/0.67 cat 0.40 auc 0.65,0.15/0.67 cat 0.40 auc 0.44,0.09,
A4,rudder_doublet,static,0.701,0.088,0.00/0.00 cat 0.00 auc nan,0.00/0.00 cat 0.00 auc 0.68,0.00/0.00 cat 0.20 auc 0.44,0.23/1.00 cat 0.20 auc 0.49,0.0,
A4,rudder_doublet,lags,0.699,0.073,0.00/0.00 cat 0.00 auc nan,0.00/0.00 cat 0.00 auc 0.50,0.00/0.00 cat 0.00 auc 0.60,0.23/0.75 cat 0.20 auc 0.45,0.0,
A4,rudder_doublet,lags+since,0.697,0.072,0.00/0.00 cat 0.00 auc nan,0.00/0.00 cat 0.20 auc 0.56,0.00/0.00 cat 0.00 auc 0.59,0.23/1.00 cat 0.20 auc 0.51,0.0,
A4,rudder_doublet,since,0.698,0.077,0.00/0.00 cat 0.00 auc nan,0.00/0.00 cat 0.00 auc 0.59,0.00/0.00 cat 0.00 auc 0.57,0.23/1.00 cat 0.20 auc 0.51,0.0,
A4,bank_hold,static,0.716,0.09,0.09/1.00 cat 0.20 auc nan,0.00/0.00 cat 0.00 auc 0.32,0.08/1.00 cat 0.20 auc 0.46,0.15/1.00 cat 0.20 auc 0.30,0.0,
A4,bank_hold,lags,0.696,0.081,0.05/1.00 cat 0.20 auc nan,0.00/0.00 cat 0.00 auc 0.47,0.08/1.00 cat 0.20 auc 0.62,0.23/0.60 cat 0.40 auc 0.32,0.0,
A4,bank_hold,lags+since,0.674,0.091,0.00/0.00 cat 0.00 auc nan,0.08/1.00 cat 0.20 auc 0.58,0.08/0.50 cat 0.40 auc 0.62,0.15/1.00 cat 0.20 auc 0.42,0.05,
A4,bank_hold,since,0.681,0.095,0.05/1.00 cat 0.20 auc nan,0.00/0.00 cat 0.00 auc 0.52,0.08/1.00 cat 0.20 auc 0.63,0.15/1.00 cat 0.20 auc 0.38,0.0,
A4,flap_extend,static,0.702,0.041,0.00/0.00 cat 0.00 auc nan,0.00/0.00 cat 0.00 auc 0.04,0.00/0.00 cat 0.00 auc 0.16,0.08/0.50 cat 0.40 auc 0.37,0.0,
A4,flap_extend,lags,0.636,0.029,0.00/0.00 cat 0.00 auc nan,0.00/0.00 cat 0.00 auc 0.25,0.00/0.00 cat 0.00 auc 0.24,0.08/1.00 cat 0.20 auc 0.56,0.0,
A4,flap_extend,lags+since,0.454,0.038,0.05/1.00 cat 0.20 auc nan,0.23/1.00 cat 0.40 auc 0.58,0.54/1.00 cat 0.60 auc 0.80,0.38/0.71 cat 1.00 auc 0.57,0.0,
A4,flap_extend,since,0.451,0.036,0.14/1.00 cat 0.40 auc nan,0.31/1.00 cat 0.40 auc 0.62,0.46/1.00 cat 0.60 auc 0.67,0.23/0.75 cat 0.60 auc 0.56,0.09,
A4,climbing_turn,static,0.656,0.07,0.05/1.00 cat 0.20 auc nan,0.00/0.00 cat 0.00 auc 0.40,0.00/0.00 cat 0.40 auc 0.41,0.46/0.55 cat 0.80 auc 0.48,0.0,
A4,climbing_turn,lags,0.62,0.074,0.05/1.00 cat 0.20 auc nan,0.00/0.00 cat 0.00 auc 0.43,0.00/0.00 cat 0.20 auc 0.49,0.54/0.58 cat 1.00 auc 0.64,0.0,
A4,climbing_turn,lags+since,0.608,0.07,0.14/1.00 cat 0.40 auc nan,0.15/1.00 cat 0.20 auc 0.43,0.15/0.50 cat 0.60 auc 0.48,0.62/0.67 cat 1.00 auc 0.71,0.09,
A4,climbing_turn,since,0.601,0.071,0.09/1.00 cat 0.20 auc nan,0.15/1.00 cat 0.20 auc 0.56,0.15/0.67 cat 0.40 auc 0.58,0.62/0.67 cat 1.00 auc 0.62,0.09,
A4,elev_doublet_distractor,static,0.688,0.089,0.00/0.00 cat 0.00 auc nan,0.00/0.00 cat 0.40 auc 0.34,0.08/0.33 cat 0.60 auc 0.52,0.38/0.83 cat 0.40 auc 0.52,0.09,
A4,elev_doublet_distractor,lags,0.695,0.074,0.09/1.00 cat 0.40 auc nan,0.00/0.00 cat 0.20 auc 0.36,0.00/0.00 cat 0.20 auc 0.47,0.54/0.70 cat 0.80 auc 0.50,0.09,
A4,elev_doublet_distractor,lags+since,0.685,0.077,0.09/1.00 cat 0.20 auc nan,0.00/0.00 cat 0.40 auc 0.38,0.00/0.00 cat 0.20 auc 0.48,0.38/0.71 cat 0.60 auc 0.45,0.14,
A4,elev_doublet_distractor,since,0.691,0.079,0.09/1.00 cat 0.40 auc nan,0.00/0.00 cat 0.40 auc 0.40,0.00/0.00 cat 0.00 auc 0.40,0.38/0.71 cat 0.60 auc 0.46,0.18,
B747,cruise,static,0.715,0.093,0.05/1.00 cat 0.20 auc nan,0.00/0.00 cat 0.00 auc 0.48,0.23/1.00 cat 0.60 auc 0.64,0.23/1.00 cat 0.40 auc 0.66,0.0,
B747,cruise,lags,0.718,0.078,0.05/1.00 cat 0.20 auc nan,0.00/0.00 cat 0.00 auc 0.59,0.15/1.00 cat 0.40 auc 0.76,0.00/0.00 cat 0.00 auc 0.68,0.0,
B747,cruise,lags+since,0.717,0.074,0.05/1.00 cat 0.20 auc nan,0.00/0.00 cat 0.00 auc 0.60,0.15/1.00 cat 0.40 auc 0.81,0.08/1.00 cat 0.20 auc 0.64,0.0,
B747,cruise,since,0.714,0.093,0.00/0.00 cat 0.00 auc nan,0.00/0.00 cat 0.00 auc 0.50,0.08/1.00 cat 0.20 auc 0.64,0.23/1.00 cat 0.40 auc 0.68,0.0,
B747,throttle_step,static,0.671,0.071,0.00/0.00 cat 0.00 auc nan,0.00/0.00 cat 0.00 auc 0.88,0.00/0.00 cat 0.00 auc 0.84,0.08/1.00 cat 0.20 auc 0.56,0.0,
B747,throttle_step,lags,0.67,0.053,0.00/0.00 cat 0.00 auc nan,0.00/0.00 cat 0.00 auc 0.60,0.00/0.00 cat 0.00 auc 0.78,0.08/1.00 cat 0.20 auc 0.50,0.0,
B747,throttle_step,lags+since,0.645,0.058,0.00/0.00 cat 0.00 auc nan,0.00/0.00 cat 0.00 auc 0.72,0.15/1.00 cat 0.40 auc 0.75,0.08/0.50 cat 0.40 auc 0.67,0.0,
B747,throttle_step,since,0.649,0.058,0.05/1.00 cat 0.20 auc nan,0.00/0.00 cat 0.00 auc 0.79,0.08/1.00 cat 0.20 auc 0.84,0.00/0.00 cat 0.00 auc 0.62,0.0,
B747,elev_doublet,static,0.716,0.105,0.09/1.00 cat 0.40 auc nan,0.08/0.25 cat 0.60 auc 0.39,0.08/1.00 cat 0.20 auc 0.31,0.08/1.00 cat 0.20 auc 0.36,0.14,
B747,elev_doublet,lags,0.703,0.081,0.18/1.00 cat 0.40 auc nan,0.00/0.00 cat 0.40 auc 0.26,0.15/0.67 cat 0.60 auc 0.41,0.08/1.00 cat 0.20 auc 0.61,0.14,
B747,elev_doublet,lags+since,0.697,0.082,0.09/1.00 cat 0.20 auc nan,0.00/0.00 cat 0.20 auc 0.25,0.23/0.75 cat 0.80 auc 0.31,0.23/1.00 cat 0.40 auc 0.53,0.09,
B747,elev_doublet,since,0.709,0.092,0.09/1.00 cat 0.20 auc nan,0.08/0.33 cat 0.40 auc 0.33,0.08/0.50 cat 0.40 auc 0.29,0.00/0.00 cat 0.00 auc 0.40,0.09,
B747,elev_step,static,0.753,0.054,0.00/0.00 cat 0.00 auc nan,0.00/0.00 cat 0.20 auc 0.79,0.15/1.00 cat 0.20 auc 0.62,0.08/1.00 cat 0.20 auc 0.50,0.14,
B747,elev_step,lags,0.721,0.042,0.05/1.00 cat 0.20 auc nan,0.23/1.00 cat 0.40 auc 0.88,0.23/0.75 cat 0.20 auc 0.39,0.08/1.00 cat 0.20 auc 0.60,0.09,
B747,elev_step,lags+since,0.643,0.052,0.05/1.00 cat 0.20 auc nan,0.08/1.00 cat 0.20 auc 0.78,0.15/1.00 cat 0.20 auc 0.40,0.08/1.00 cat 0.20 auc 0.40,0.05,
B747,elev_step,since,0.647,0.055,0.09/1.00 cat 0.40 auc nan,0.00/0.00 cat 0.00 auc 0.93,0.15/1.00 cat 0.20 auc 0.52,0.08/1.00 cat 0.20 auc 0.38,0.05,
B747,aileron_step,static,0.718,0.076,0.05/1.00 cat 0.20 auc nan,0.00/0.00 cat 0.00 auc 0.62,0.00/0.00 cat 0.00 auc 0.56,0.00/0.00 cat 0.00 auc 0.37,0.0,
B747,aileron_step,lags,0.685,0.063,0.05/1.00 cat 0.20 auc nan,0.00/0.00 cat 0.00 auc 0.49,0.00/0.00 cat 0.00 auc 0.38,0.23/0.60 cat 0.60 auc 0.41,0.0,
B747,aileron_step,lags+since,0.657,0.07,0.00/0.00 cat 0.00 auc nan,0.00/0.00 cat 0.20 auc 0.42,0.08/1.00 cat 0.20 auc 0.38,0.15/0.40 cat 0.40 auc 0.36,0.05,
B747,aileron_step,since,0.662,0.079,0.00/0.00 cat 0.00 auc nan,0.00/0.00 cat 0.00 auc 0.50,0.00/0.00 cat 0.00 auc 0.56,0.00/0.00 cat 0.40 auc 0.43,0.0,
B747,rudder_doublet,static,0.673,0.086,0.05/1.00 cat 0.20 auc nan,0.00/0.00 cat 0.00 auc 0.37,0.15/1.00 cat 0.20 auc 0.50,0.31/0.67 cat 0.60 auc 0.43,0.0,
B747,rudder_doublet,lags,0.679,0.084,0.09/1.00 cat 0.40 auc nan,0.00/0.00 cat 0.20 auc 0.53,0.08/1.00 cat 0.20 auc 0.56,0.23/1.00 cat 0.20 auc 0.39,0.09,
B747,rudder_doublet,lags+since,0.671,0.083,0.00/0.00 cat 0.00 auc nan,0.00/0.00 cat 0.20 auc 0.15,0.08/0.50 cat 0.40 auc 0.48,0.23/0.60 cat 0.60 auc 0.39,0.05,
B747,rudder_doublet,since,0.686,0.097,0.09/1.00 cat 0.40 auc nan,0.00/0.00 cat 0.20 auc 0.19,0.00/0.00 cat 0.00 auc 0.43,0.23/0.60 cat 0.60 auc 0.48,0.09,
B747,bank_hold,static,0.719,0.064,0.00/0.00 cat 0.00 auc nan,0.00/0.00 cat 0.00 auc 0.62,0.00/0.00 cat 0.20 auc 0.34,0.08/0.25 cat 0.60 auc 0.45,0.0,
B747,bank_hold,lags,0.694,0.05,0.09/1.00 cat 0.40 auc nan,0.00/0.00 cat 0.40 auc 0.44,0.08/0.25 cat 0.60 auc 0.42,0.08/0.14 cat 0.80 auc 0.36,0.09,
B747,bank_hold,lags+since,0.657,0.07,0.00/0.00 cat 0.00 auc nan,0.00/0.00 cat 0.00 auc 0.55,0.00/0.00 cat 0.00 auc 0.58,0.00/0.00 cat 0.40 auc 0.47,0.0,
B747,bank_hold,since,0.658,0.077,0.00/0.00 cat 0.00 auc nan,0.00/0.00 cat 0.00 auc 0.53,0.00/0.00 cat 0.00 auc 0.58,0.08/0.25 cat 0.40 auc 0.37,0.0,
B747,flap_extend,static,0.715,0.051,0.05/1.00 cat 0.20 auc nan,0.00/0.00 cat 0.00 auc 0.44,0.38/1.00 cat 0.60 auc 0.69,0.00/0.00 cat 0.00 auc 0.49,0.0,
B747,flap_extend,lags,0.639,0.048,0.05/1.00 cat 0.20 auc nan,0.00/0.00 cat 0.00 auc 0.63,0.31/1.00 cat 0.60 auc 0.84,0.15/1.00 cat 0.20 auc 0.83,0.0,
B747,flap_extend,lags+since,0.467,0.048,0.05/1.00 cat 0.20 auc nan,0.23/1.00 cat 0.40 auc 0.61,0.92/1.00 cat 1.00 auc 0.94,0.15/1.00 cat 0.40 auc 0.62,0.05,
B747,flap_extend,since,0.473,0.045,0.00/0.00 cat 0.00 auc nan,0.15/1.00 cat 0.40 auc 0.37,0.92/0.92 cat 1.00 auc 0.96,0.15/1.00 cat 0.40 auc 0.64,0.0,
B747,engine_cut,static,0.712,0.049,0.05/1.00 cat 0.20 auc nan,0.08/1.00 cat 0.20 auc 0.50,0.08/1.00 cat 0.20 auc 0.59,0.15/1.00 cat 0.40 auc 0.74,0.0,
B747,engine_cut,lags,0.665,0.037,0.09/1.00 cat 0.20 auc nan,0.00/0.00 cat 0.20 auc 0.34,0.08/1.00 cat 0.20 auc 0.50,0.15/1.00 cat 0.40 auc 0.54,0.05,
B747,engine_cut,lags+since,0.545,0.05,0.05/1.00 cat 0.20 auc nan,0.00/0.00 cat 0.40 auc 0.36,0.08/1.00 cat 0.20 auc 0.58,0.15/1.00 cat 0.40 auc 0.54,0.14,
B747,engine_cut,since,0.533,0.05,0.09/1.00 cat 0.20 auc nan,0.08/1.00 cat 0.20 auc 0.40,0.08/1.00 cat 0.20 auc 0.71,0.08/0.50 cat 0.40 auc 0.61,0.05,
B747,climbing_turn,static,0.62,0.048,0.00/0.00 cat 0.00 auc nan,0.00/0.00 cat 0.00 auc 0.46,0.08/0.20 cat 0.60 auc 0.38,0.15/0.40 cat 0.80 auc 0.23,0.0,
B747,climbing_turn,lags,0.579,0.05,0.05/1.00 cat 0.20 auc nan,0.00/0.00 cat 0.20 auc 0.50,0.08/0.50 cat 0.40 auc 0.34,0.23/0.60 cat 0.60 auc 0.62,0.05,
B747,climbing_turn,lags+since,0.548,0.063,0.00/0.00 cat 0.00 auc nan,0.00/0.00 cat 0.00 auc 0.59,0.08/1.00 cat 0.20 auc 0.52,0.38/0.83 cat 0.80 auc 0.67,0.0,
B747,climbing_turn,since,0.534,0.053,0.05/1.00 cat 0.20 auc nan,0.00/0.00 cat 0.00 auc 0.62,0.08/0.50 cat 0.40 auc 0.51,0.54/1.00 cat 0.80 auc 0.74,0.05,
B747,elev_doublet_distractor,static,0.731,0.086,0.05/1.00 cat 0.20 auc nan,0.00/0.00 cat 0.00 auc 0.56,0.23/0.75 cat 0.60 auc 0.50,0.38/0.71 cat 0.60 auc 0.32,0.0,
B747,elev_doublet_distractor,lags,0.723,0.066,0.14/1.00 cat 0.40 auc nan,0.00/0.00 cat 0.00 auc 0.48,0.38/0.83 cat 0.60 auc 0.64,0.38/0.45 cat 0.80 auc 0.33,0.0,
B747,elev_doublet_distractor,lags+since,0.713,0.072,0.00/0.00 cat 0.00 auc nan,0.00/0.00 cat 0.00 auc 0.50,0.31/1.00 cat 0.60 auc 0.50,0.31/0.40 cat 0.80 auc 0.27,0.05,
B747,elev_doublet_distractor,since,0.723,0.073,0.00/0.00 cat 0.00 auc nan,0.00/0.00 cat 0.00 auc 0.62,0.23/0.60 cat 0.60 auc 0.46,0.31/0.67 cat 0.60 auc 0.33,0.0,
B747,engine_restart,static,0.656,0.036,0.00/0.00 cat 0.00 auc nan,0.00/0.00 cat 0.00 auc 0.38,0.08/1.00 cat 0.20 auc 0.18,0.00/0.00 cat 0.00 auc 0.36,0.0,
B747,engine_restart,lags,0.612,0.028,0.00/0.00 cat 0.00 auc nan,0.00/0.00 cat 0.00 auc 0.44,0.00/0.00 cat 0.00 auc 0.32,0.15/1.00 cat 0.40 auc 0.60,0.0,
B747,engine_restart,lags+since,0.509,0.036,0.00/0.00 cat 0.00 auc nan,0.00/0.00 cat 0.00 auc 0.56,0.00/0.00 cat 0.00 auc 0.53,0.15/1.00 cat 0.40 auc 0.56,0.0,
B747,engine_restart,since,0.496,0.039,0.00/0.00 cat 0.00 auc nan,0.00/0.00 cat 0.00 auc 0.53,0.00/0.00 cat 0.00 auc 0.56,0.15/1.00 cat 0.40 auc 0.57,0.0,
Boeing314,cruise,static,0.774,0.086,0.09/1.00 cat 0.20 auc nan,0.15/0.67 cat 0.60 auc 0.63,0.00/0.00 cat 0.00 auc 0.60,0.00/0.00 cat 0.20 auc 0.42,0.09,
Boeing314,cruise,lags,0.775,0.086,0.05/1.00 cat 0.20 auc nan,0.23/0.75 cat 0.60 auc 0.62,0.00/0.00 cat 0.00 auc 0.62,0.08/0.50 cat 0.20 auc 0.51,0.09,
Boeing314,cruise,lags+since,0.776,0.084,0.05/1.00 cat 0.20 auc nan,0.08/1.00 cat 0.20 auc 0.68,0.00/0.00 cat 0.00 auc 0.70,0.00/0.00 cat 0.00 auc 0.44,0.05,
Boeing314,cruise,since,0.774,0.089,0.00/0.00 cat 0.00 auc nan,0.08/1.00 cat 0.20 auc 0.69,0.00/0.00 cat 0.00 auc 0.69,0.00/0.00 cat 0.00 auc 0.44,0.0,
Boeing314,throttle_step,static,0.725,0.097,0.05/1.00 cat 0.20 auc nan,0.15/1.00 cat 0.20 auc 0.62,0.08/0.50 cat 0.40 auc 0.43,0.15/1.00 cat 0.40 auc 0.68,0.0,
Boeing314,throttle_step,lags,0.708,0.095,0.05/1.00 cat 0.20 auc nan,0.00/0.00 cat 0.00 auc 0.73,0.08/0.33 cat 0.40 auc 0.59,0.23/0.75 cat 0.80 auc 0.67,0.05,
Boeing314,throttle_step,lags+since,0.701,0.077,0.00/0.00 cat 0.00 auc nan,0.00/0.00 cat 0.00 auc 0.38,0.00/0.00 cat 0.00 auc 0.66,0.08/0.50 cat 0.40 auc 0.60,0.05,
Boeing314,throttle_step,since,0.701,0.082,0.05/1.00 cat 0.20 auc nan,0.08/0.50 cat 0.40 auc 0.34,0.15/1.00 cat 0.40 auc 0.85,0.15/0.67 cat 0.40 auc 0.81,0.0,
Boeing314,elev_doublet,static,0.762,0.106,0.00/0.00 cat 0.00 auc nan,0.00/0.00 cat 0.00 auc 0.55,0.00/0.00 cat 0.00 auc 0.47,0.08/1.00 cat 0.20 auc 0.54,0.0,
Boeing314,elev_doublet,lags,0.758,0.105,0.05/1.00 cat 0.20 auc nan,0.00/0.00 cat 0.20 auc 0.55,0.08/0.50 cat 0.40 auc 0.74,0.15/1.00 cat 0.40 auc 0.62,0.14,
Boeing314,elev_doublet,lags+since,0.708,0.108,0.00/0.00 cat 0.00 auc nan,0.08/1.00 cat 0.20 auc 0.61,0.15/0.67 cat 0.40 auc 0.49,0.31/0.80 cat 0.60 auc 0.56,0.0,
Boeing314,elev_doublet,since,0.706,0.106,0.14/1.00 cat 0.40 auc nan,0.23/1.00 cat 0.40 auc 0.61,0.08/0.50 cat 0.40 auc 0.50,0.38/0.83 cat 0.60 auc 0.64,0.18,
Boeing314,elev_step,static,0.779,0.089,0.00/0.00 cat 0.00 auc nan,0.00/0.00 cat 0.00 auc 0.40,0.00/0.00 cat 0.00 auc 0.34,0.08/1.00 cat 0.20 auc 0.79,0.05,
Boeing314,elev_step,lags,0.772,0.09,0.05/1.00 cat 0.20 auc nan,0.00/0.00 cat 0.00 auc 0.32,0.00/0.00 cat 0.20 auc 0.37,0.15/1.00 cat 0.40 auc 0.76,0.0,
Boeing314,elev_step,lags+since,0.718,0.074,0.05/1.00 cat 0.20 auc nan,0.15/1.00 cat 0.20 auc 0.50,0.00/0.00 cat 0.00 auc 0.48,0.15/1.00 cat 0.20 auc 0.76,0.05,
Boeing314,elev_step,since,0.717,0.073,0.09/1.00 cat 0.40 auc nan,0.15/0.67 cat 0.40 auc 0.52,0.15/1.00 cat 0.40 auc 0.37,0.15/1.00 cat 0.20 auc 0.76,0.14,
Boeing314,aileron_step,static,0.762,0.113,0.14/1.00 cat 0.40 auc nan,0.08/1.00 cat 0.20 auc 0.36,0.00/0.00 cat 0.20 auc 0.38,0.00/0.00 cat 0.00 auc 0.51,0.05,
Boeing314,aileron_step,lags,0.743,0.12,0.18/1.00 cat 0.60 auc nan,0.08/0.50 cat 0.40 auc 0.45,0.00/0.00 cat 0.20 auc 0.46,0.00/0.00 cat 0.00 auc 0.67,0.0,
Boeing314,aileron_step,lags+since,0.726,0.102,0.05/1.00 cat 0.20 auc nan,0.08/1.00 cat 0.20 auc 0.42,0.00/0.00 cat 0.00 auc 0.62,0.08/1.00 cat 0.20 auc 0.63,0.0,
Boeing314,aileron_step,since,0.728,0.11,0.09/1.00 cat 0.20 auc nan,0.08/1.00 cat 0.20 auc 0.45,0.00/0.00 cat 0.00 auc 0.60,0.00/0.00 cat 0.20 auc 0.68,0.05,
Boeing314,rudder_doublet,static,0.758,0.102,0.00/0.00 cat 0.00 auc nan,0.00/0.00 cat 0.00 auc 0.61,0.08/1.00 cat 0.20 auc 0.78,0.08/1.00 cat 0.20 auc 0.40,0.0,
Boeing314,rudder_doublet,lags,0.759,0.095,0.00/0.00 cat 0.00 auc nan,0.08/1.00 cat 0.20 auc 0.54,0.08/1.00 cat 0.20 auc 0.61,0.00/0.00 cat 0.20 auc 0.30,0.0,
Boeing314,rudder_doublet,lags+since,0.713,0.107,0.00/0.00 cat 0.00 auc nan,0.08/1.00 cat 0.20 auc 0.61,0.00/0.00 cat 0.40 auc 0.37,0.08/0.50 cat 0.20 auc 0.72,0.05,
Boeing314,rudder_doublet,since,0.718,0.107,0.00/0.00 cat 0.00 auc nan,0.08/1.00 cat 0.20 auc 0.66,0.00/0.00 cat 0.40 auc 0.34,0.08/1.00 cat 0.20 auc 0.49,0.0,
Boeing314,bank_hold,static,0.767,0.091,0.18/1.00 cat 0.40 auc nan,0.23/1.00 cat 0.40 auc 0.79,0.31/0.80 cat 0.20 auc 0.72,0.08/1.00 cat 0.20 auc 0.60,0.09,
Boeing314,bank_hold,lags,0.745,0.096,0.23/1.00 cat 0.80 auc nan,0.23/1.00 cat 0.40 auc 0.75,0.15/0.67 cat 0.60 auc 0.60,0.31/1.00 cat 0.40 auc 0.62,0.05,
Boeing314,bank_hold,lags+since,0.72,0.082,0.18/1.00 cat 0.60 auc nan,0.00/0.00 cat 0.00 auc 0.68,0.08/0.50 cat 0.40 auc 0.68,0.00/0.00 cat 0.00 auc 0.77,0.14,
Boeing314,bank_hold,since,0.724,0.082,0.18/1.00 cat 0.40 auc nan,0.23/1.00 cat 0.40 auc 0.73,0.23/0.75 cat 0.40 auc 0.77,0.08/1.00 cat 0.20 auc 0.73,0.14,
Boeing314,flap_extend,static,0.748,0.092,0.09/1.00 cat 0.40 auc nan,0.23/1.00 cat 0.60 auc 0.50,0.08/1.00 cat 0.20 auc 0.38,0.23/1.00 cat 0.20 auc 0.66,0.05,
Boeing314,flap_extend,lags,0.727,0.084,0.05/1.00 cat 0.20 auc nan,0.08/0.50 cat 0.40 auc 0.49,0.00/0.00 cat 0.00 auc 0.65,0.15/1.00 cat 0.20 auc 0.71,0.05,
Boeing314,flap_extend,lags+since,0.699,0.095,0.00/0.00 cat 0.00 auc nan,0.08/1.00 cat 0.20 auc 0.73,0.00/0.00 cat 0.00 auc 0.50,0.23/1.00 cat 0.40 auc 0.78,0.0,
Boeing314,flap_extend,since,0.688,0.108,0.00/0.00 cat 0.00 auc nan,0.00/0.00 cat 0.00 auc 0.44,0.08/1.00 cat 0.20 auc 0.26,0.31/0.80 cat 0.40 auc 0.72,0.0,
Boeing314,engine_cut,static,0.794,0.087,0.00/0.00 cat 0.00 auc nan,0.00/0.00 cat 0.00 auc 0.37,0.00/0.00 cat 0.00 auc 0.65,0.08/1.00 cat 0.20 auc 0.60,0.09,
Boeing314,engine_cut,lags,0.798,0.087,0.00/0.00 cat 0.00 auc nan,0.08/1.00 cat 0.20 auc 0.38,0.00/0.00 cat 0.00 auc 0.77,0.15/1.00 cat 0.40 auc 0.56,0.05,
Boeing314,engine_cut,lags+since,0.726,0.081,0.00/0.00 cat 0.00 auc nan,0.00/0.00 cat 0.00 auc 0.29,0.00/0.00 cat 0.00 auc 0.42,0.08/0.33 cat 0.40 auc 0.41,0.0,
Boeing314,engine_cut,since,0.726,0.077,0.00/0.00 cat 0.00 auc nan,0.00/0.00 cat 0.00 auc 0.46,0.15/1.00 cat 0.40 auc 0.53,0.00/0.00 cat 0.40 auc 0.35,0.0,
Boeing314,climbing_turn,static,0.683,0.06,0.09/1.00 cat 0.40 auc nan,0.00/0.00 cat 0.20 auc 0.55,0.00/0.00 cat 0.20 auc 0.52,0.00/0.00 cat 0.40 auc 0.53,0.09,
Boeing314,climbing_turn,lags,0.658,0.073,0.00/0.00 cat 0.00 auc nan,0.00/0.00 cat 0.00 auc 0.67,0.00/0.00 cat 0.20 auc 0.66,0.00/0.00 cat 0.20 auc 0.46,0.09,
Boeing314,climbing_turn,lags+since,0.593,0.063,0.09/1.00 cat 0.40 auc nan,0.08/1.00 cat 0.20 auc 0.72,0.23/0.75 cat 0.20 auc 0.67,0.15/1.00 cat 0.20 auc 0.44,0.09,
Boeing314,climbing_turn,since,0.589,0.064,0.09/1.00 cat 0.40 auc nan,0.15/1.00 cat 0.20 auc 0.81,0.23/0.75 cat 0.40 auc 0.58,0.15/0.67 cat 0.40 auc 0.56,0.05,
Boeing314,elev_doublet_distractor,static,0.752,0.112,0.09/1.00 cat 0.20 auc nan,0.08/0.33 cat 0.40 auc 0.53,0.08/0.50 cat 0.40 auc 0.79,0.15/1.00 cat 0.20 auc 0.63,0.05,
Boeing314,elev_doublet_distractor,lags,0.747,0.098,0.09/1.00 cat 0.40 auc nan,0.08/1.00 cat 0.20 auc 0.32,0.08/0.50 cat 0.20 auc 0.58,0.08/0.33 cat 0.60 auc 0.40,0.05,
Boeing314,elev_doublet_distractor,lags+since,0.71,0.094,0.09/1.00 cat 0.40 auc nan,0.00/0.00 cat 0.20 auc 0.34,0.23/0.60 cat 0.80 auc 0.39,0.08/1.00 cat 0.20 auc 0.55,0.09,
Boeing314,elev_doublet_distractor,since,0.707,0.098,0.00/0.00 cat 0.00 auc nan,0.00/0.00 cat 0.40 auc 0.21,0.00/0.00 cat 0.40 auc 0.44,0.00/0.00 cat 0.20 auc 0.40,0.05,
Boeing314,engine_stop,static,0.802,0.078,0.00/0.00 cat 0.00 auc nan,0.15/1.00 cat 0.40 auc 0.54,0.08/1.00 cat 0.20 auc 0.84,0.08/0.50 cat 0.20 auc 0.73,0.0,
Boeing314,engine_stop,lags,0.799,0.077,0.14/1.00 cat 0.40 auc nan,0.23/1.00 cat 0.40 auc 0.68,0.15/1.00 cat 0.40 auc 0.79,0.08/0.50 cat 0.20 auc 0.83,0.05,
Boeing314,engine_stop,lags+since,0.716,0.081,0.00/0.00 cat 0.00 auc nan,0.08/1.00 cat 0.20 auc 0.55,0.15/1.00 cat 0.40 auc 0.74,0.00/0.00 cat 0.00 auc 0.73,0.0,
Boeing314,engine_stop,since,0.717,0.081,0.00/0.00 cat 0.00 auc nan,0.00/0.00 cat 0.00 auc 0.47,0.08/1.00 cat 0.20 auc 0.69,0.00/0.00 cat 0.00 auc 0.68,0.0,
Camel,cruise,static,0.804,0.072,n/a,0.00/0.00 cat 0.00 auc 0.40,0.00/0.00 cat 0.20 auc 0.32,0.15/0.67 cat 0.60 auc 0.40,0.0,
Camel,cruise,lags,0.805,0.071,n/a,0.00/0.00 cat 0.00 auc 0.55,0.00/0.00 cat 0.20 auc 0.31,0.15/0.67 cat 0.60 auc 0.42,0.0,
Camel,cruise,lags+since,0.806,0.067,n/a,0.00/0.00 cat 0.00 auc 0.51,0.08/0.50 cat 0.20 auc 0.30,0.23/0.75 cat 0.60 auc 0.45,0.0,
Camel,cruise,since,0.801,0.07,n/a,0.00/0.00 cat 0.00 auc 0.58,0.08/0.50 cat 0.20 auc 0.30,0.23/0.75 cat 0.60 auc 0.50,0.0,
Camel,throttle_step,static,0.778,0.063,n/a,0.08/0.33 cat 0.40 auc 0.47,0.08/0.50 cat 0.20 auc 0.56,0.15/0.67 cat 0.60 auc 0.62,0.14,
Camel,throttle_step,lags,0.775,0.057,n/a,0.00/0.00 cat 0.00 auc 0.59,0.08/0.33 cat 0.60 auc 0.62,0.23/0.60 cat 0.60 auc 0.54,0.05,
Camel,throttle_step,lags+since,0.78,0.057,n/a,0.00/0.00 cat 0.40 auc 0.59,0.08/0.50 cat 0.40 auc 0.39,0.08/1.00 cat 0.20 auc 0.49,0.09,
Camel,throttle_step,since,0.781,0.058,n/a,0.00/0.00 cat 0.40 auc 0.50,0.08/0.20 cat 0.60 auc 0.65,0.08/0.33 cat 0.40 auc 0.35,0.09,
Camel,elev_doublet,static,0.759,0.097,n/a,0.00/0.00 cat 0.20 auc 0.52,0.15/1.00 cat 0.40 auc 0.74,0.15/0.50 cat 0.40 auc 0.53,0.09,
Camel,elev_doublet,lags,0.77,0.089,n/a,0.00/0.00 cat 0.20 auc 0.44,0.00/0.00 cat 0.00 auc 0.59,0.15/0.50 cat 0.60 auc 0.49,0.05,
Camel,elev_doublet,lags+since,0.755,0.085,n/a,0.00/0.00 cat 0.20 auc 0.56,0.00/0.00 cat 0.00 auc 0.60,0.23/1.00 cat 0.40 auc 0.81,0.05,
Camel,elev_doublet,since,0.755,0.089,n/a,0.00/0.00 cat 0.20 auc 0.61,0.00/0.00 cat 0.00 auc 0.49,0.23/0.75 cat 0.40 auc 0.85,0.05,
Camel,elev_step,static,0.772,0.066,n/a,0.00/0.00 cat 0.20 auc 0.47,0.15/0.25 cat 0.60 auc 0.44,0.08/0.50 cat 0.40 auc 0.57,0.0,
Camel,elev_step,lags,0.755,0.067,n/a,0.08/0.50 cat 0.40 auc 0.46,0.31/0.57 cat 0.60 auc 0.56,0.08/0.50 cat 0.40 auc 0.58,0.05,
Camel,elev_step,lags+since,0.709,0.074,n/a,0.15/1.00 cat 0.40 auc 0.68,0.08/0.25 cat 0.40 auc 0.56,0.31/0.80 cat 0.60 auc 0.52,0.09,
Camel,elev_step,since,0.717,0.075,n/a,0.15/1.00 cat 0.40 auc 0.75,0.08/0.25 cat 0.40 auc 0.53,0.31/1.00 cat 0.40 auc 0.48,0.0,
Camel,aileron_step,static,0.788,0.085,n/a,0.00/0.00 cat 0.20 auc 0.50,0.08/0.50 cat 0.40 auc 0.51,0.15/0.50 cat 0.80 auc 0.58,0.05,
Camel,aileron_step,lags,0.793,0.079,n/a,0.00/0.00 cat 0.00 auc 0.57,0.00/0.00 cat 0.20 auc 0.47,0.08/0.50 cat 0.40 auc 0.44,0.09,
Camel,aileron_step,lags+since,0.778,0.066,n/a,0.00/0.00 cat 0.40 auc 0.63,0.00/0.00 cat 0.00 auc 0.46,0.08/1.00 cat 0.20 auc 0.50,0.05,
Camel,aileron_step,since,0.782,0.07,n/a,0.00/0.00 cat 0.20 auc 0.68,0.00/0.00 cat 0.00 auc 0.70,0.15/1.00 cat 0.40 auc 0.40,0.09,
Camel,rudder_doublet,static,0.762,0.107,n/a,0.00/0.00 cat 0.60 auc 0.34,0.08/1.00 cat 0.20 auc 0.62,0.08/0.50 cat 0.40 auc 0.74,0.05,
Camel,rudder_doublet,lags,0.761,0.096,n/a,0.00/0.00 cat 0.20 auc 0.38,0.00/0.00 cat 0.00 auc 0.62,0.15/0.67 cat 0.60 auc 0.79,0.05,
Camel,rudder_doublet,lags+since,0.763,0.086,n/a,0.00/0.00 cat 0.00 auc 0.36,0.08/1.00 cat 0.20 auc 0.50,0.08/1.00 cat 0.20 auc 0.68,0.05,
Camel,rudder_doublet,since,0.762,0.08,n/a,0.00/0.00 cat 0.20 auc 0.59,0.00/0.00 cat 0.00 auc 0.66,0.08/1.00 cat 0.20 auc 0.68,0.09,
Camel,bank_hold,static,0.784,0.079,n/a,0.15/1.00 cat 0.20 auc 0.82,0.08/1.00 cat 0.20 auc 0.68,0.08/1.00 cat 0.20 auc 0.57,0.14,
Camel,bank_hold,lags,0.783,0.079,n/a,0.08/1.00 cat 0.20 auc 0.78,0.00/0.00 cat 0.00 auc 0.65,0.08/0.50 cat 0.40 auc 0.59,0.09,
Camel,bank_hold,lags+since,0.787,0.066,n/a,0.00/0.00 cat 0.20 auc 0.78,0.00/0.00 cat 0.00 auc 0.57,0.00/0.00 cat 0.20 auc 0.60,0.05,
Camel,bank_hold,since,0.794,0.067,n/a,0.08/1.00 cat 0.20 auc 0.66,0.00/0.00 cat 0.00 auc 0.49,0.08/1.00 cat 0.20 auc 0.44,0.0,
Camel,flap_extend,static,0.785,0.077,n/a,0.08/0.33 cat 0.40 auc 0.18,0.23/0.75 cat 0.40 auc 0.62,0.08/0.50 cat 0.20 auc 0.68,0.23,
Camel,flap_extend,lags,0.774,0.087,n/a,0.08/1.00 cat 0.20 auc 0.37,0.23/0.75 cat 0.60 auc 0.44,0.08/1.00 cat 0.20 auc 0.54,0.14,
Camel,flap_extend,lags+since,0.781,0.07,n/a,0.00/0.00 cat 0.20 auc 0.49,0.08/0.33 cat 0.20 auc 0.74,0.08/0.50 cat 0.40 auc 0.57,0.09,
Camel,flap_extend,since,0.784,0.066,n/a,0.08/0.33 cat 0.40 auc 0.36,0.15/0.67 cat 0.40 auc 0.56,0.15/1.00 cat 0.40 auc 0.64,0.09,
Camel,climbing_turn,static,0.696,0.111,n/a,0.46/0.50 cat 0.80 auc 0.29,0.31/0.44 cat 0.60 auc 0.33,0.08/0.33 cat 0.40 auc 0.44,0.0,
Camel,climbing_turn,lags,0.67,0.111,n/a,0.46/0.50 cat 0.60 auc 0.29,0.38/0.50 cat 0.80 auc 0.38,0.23/0.75 cat 0.40 auc 0.49,0.0,
Camel,climbing_turn,lags+since,0.651,0.101,n/a,0.62/0.50 cat 0.80 auc 0.32,0.38/0.45 cat 0.80 auc 0.42,0.08/0.50 cat 0.20 auc 0.70,0.09,
Camel,climbing_turn,since,0.649,0.101,n/a,0.54/0.58 cat 0.80 auc 0.44,0.38/0.50 cat 0.80 auc 0.42,0.08/1.00 cat 0.20 auc 0.79,0.0,
Camel,elev_doublet_distractor,static,0.781,0.075,n/a,0.15/0.67 cat 0.40 auc 0.48,0.00/0.00 cat 0.00 auc 0.61,0.08/1.00 cat 0.20 auc 0.49,0.18,
Camel,elev_doublet_distractor,lags,0.778,0.073,n/a,0.15/1.00 cat 0.40 auc 0.44,0.00/0.00 cat 0.20 auc 0.37,0.00/0.00 cat 0.00 auc 0.45,0.14,
Camel,elev_doublet_distractor,lags+since,0.773,0.068,n/a,0.00/0.00 cat 0.20 auc 0.37,0.00/0.00 cat 0.20 auc 0.32,0.00/0.00 cat 0.20 auc 0.41,0.05,
Camel,elev_doublet_distractor,since,0.775,0.072,n/a,0.00/0.00 cat 0.20 auc 0.27,0.00/0.00 cat 0.00 auc 0.31,0.00/0.00 cat 0.40 auc 0.26,0.0,
Camel,engine_stop,static,0.781,0.07,n/a,0.08/0.50 cat 0.20 auc 0.51,0.00/0.00 cat 0.00 auc 0.61,0.15/0.50 cat 0.60 auc 0.56,0.09,
Camel,engine_stop,lags,0.787,0.071,n/a,0.08/1.00 cat 0.20 auc 0.48,0.00/0.00 cat 0.00 auc 0.32,0.31/0.80 cat 0.40 auc 0.53,0.05,
Camel,engine_stop,lags+since,0.715,0.063,n/a,0.00/0.00 cat 0.20 auc 0.53,0.15/0.67 cat 0.40 auc 0.50,0.38/0.83 cat 0.80 auc 0.74,0.09,
Camel,engine_stop,since,0.721,0.067,n/a,0.00/0.00 cat 0.20 auc 0.56,0.00/0.00 cat 0.00 auc 0.50,0.31/1.00 cat 0.60 auc 0.62,0.05,
F4N,cruise,static,0.72,0.106,0.00/0.00 cat 0.00 auc nan,0.15/0.67 cat 0.40 auc 0.55,0.38/0.83 cat 0.80 auc 0.63,0.31/0.80 cat 0.40 auc 0.76,0.18,
F4N,cruise,lags,0.735,0.076,0.00/0.00 cat 0.00 auc nan,0.15/0.50 cat 0.60 auc 0.63,0.38/0.83 cat 0.80 auc 0.74,0.38/0.83 cat 0.60 auc 0.74,0.14,
F4N,cruise,lags+since,0.736,0.075,0.00/0.00 cat 0.00 auc nan,0.15/0.67 cat 0.40 auc 0.62,0.23/0.60 cat 0.60 auc 0.79,0.38/1.00 cat 0.60 auc 0.75,0.18,
F4N,cruise,since,0.72,0.107,0.00/0.00 cat 0.00 auc nan,0.15/0.67 cat 0.40 auc 0.52,0.38/0.83 cat 0.80 auc 0.65,0.23/0.75 cat 0.40 auc 0.74,0.18,
F4N,throttle_step,static,0.678,0.045,0.09/1.00 cat 0.40 auc nan,0.15/0.67 cat 0.60 auc 0.66,0.23/0.60 cat 0.80 auc 0.57,0.15/1.00 cat 0.20 auc 0.43,0.09,
F4N,throttle_step,lags,0.64,0.04,0.27/1.00 cat 0.80 auc nan,0.08/0.33 cat 0.40 auc 0.71,0.23/0.60 cat 0.60 auc 0.49,0.31/0.80 cat 0.40 auc 0.50,0.0,
F4N,throttle_step,lags+since,0.569,0.044,0.14/1.00 cat 0.60 auc nan,0.46/1.00 cat 0.40 auc 0.79,0.54/0.88 cat 0.80 auc 0.70,0.31/1.00 cat 0.40 auc 0.61,0.05,
F4N,throttle_step,since,0.578,0.046,0.09/1.00 cat 0.40 auc nan,0.23/0.75 cat 0.40 auc 0.79,0.54/0.78 cat 0.80 auc 0.69,0.31/1.00 cat 0.40 auc 0.61,0.05,
F4N,elev_doublet,static,0.744,0.084,0.18/1.00 cat 0.60 auc nan,0.00/0.00 cat 0.60 auc 0.44,0.23/0.60 cat 0.60 auc 0.50,0.38/0.83 cat 0.60 auc 0.67,0.14,
F4N,elev_doublet,lags,0.738,0.074,0.18/1.00 cat 0.60 auc nan,0.00/0.00 cat 0.40 auc 0.26,0.08/0.50 cat 0.20 auc 0.35,0.08/0.33 cat 0.40 auc 0.52,0.09,
F4N,elev_doublet,lags+since,0.732,0.077,0.09/1.00 cat 0.40 auc nan,0.00/0.00 cat 0.20 auc 0.19,0.15/0.67 cat 0.40 auc 0.46,0.23/1.00 cat 0.20 auc 0.60,0.09,
F4N,elev_doublet,since,0.733,0.081,0.09/1.00 cat 0.40 auc nan,0.00/0.00 cat 0.20 auc 0.24,0.08/1.00 cat 0.20 auc 0.31,0.23/1.00 cat 0.40 auc 0.59,0.09,
F4N,elev_step,static,0.728,0.073,0.05/1.00 cat 0.20 auc nan,0.08/1.00 cat 0.20 auc 0.31,0.15/1.00 cat 0.40 auc 0.40,0.54/0.64 cat 0.80 auc 0.74,0.0,
F4N,elev_step,lags,0.709,0.052,0.00/0.00 cat 0.00 auc nan,0.00/0.00 cat 0.00 auc 0.32,0.15/0.50 cat 0.60 auc 0.60,0.38/1.00 cat 0.60 auc 0.52,0.0,
F4N,elev_step,lags+since,0.629,0.069,0.00/0.00 cat 0.00 auc nan,0.00/0.00 cat 0.00 auc 0.44,0.38/0.83 cat 0.80 auc 0.64,0.31/0.80 cat 0.60 auc 0.67,0.0,
F4N,elev_step,since,0.632,0.067,0.05/1.00 cat 0.20 auc nan,0.00/0.00 cat 0.20 auc 0.43,0.38/0.83 cat 0.80 auc 0.66,0.38/0.71 cat 0.60 auc 0.77,0.05,
F4N,aileron_step,static,0.725,0.048,0.05/1.00 cat 0.20 auc nan,0.08/1.00 cat 0.20 auc 0.74,0.15/0.50 cat 0.40 auc 0.53,0.23/0.50 cat 0.40 auc 0.38,0.0,
F4N,aileron_step,lags,0.666,0.043,0.00/0.00 cat 0.00 auc nan,0.00/0.00 cat 0.00 auc 0.47,0.15/0.50 cat 0.60 auc 0.50,0.31/0.57 cat 0.60 auc 0.49,0.0,
F4N,aileron_step,lags+since,0.567,0.059,0.00/0.00 cat 0.00 auc nan,0.00/0.00 cat 0.00 auc 0.45,0.00/0.00 cat 0.20 auc 0.44,0.23/1.00 cat 0.20 auc 0.52,0.05,
F4N,aileron_step,since,0.573,0.063,0.00/0.00 cat 0.00 auc nan,0.00/0.00 cat 0.00 auc 0.49,0.00/0.00 cat 0.00 auc 0.58,0.31/0.67 cat 0.40 auc 0.56,0.0,
F4N,rudder_doublet,static,0.737,0.1,0.00/0.00 cat 0.00 auc nan,0.00/0.00 cat 0.00 auc 0.44,0.15/0.67 cat 0.60 auc 0.55,0.08/0.33 cat 0.60 auc 0.48,0.0,
F4N,rudder_doublet,lags,0.731,0.086,0.05/1.00 cat 0.20 auc nan,0.00/0.00 cat 0.00 auc 0.64,0.15/0.50 cat 0.60 auc 0.50,0.00/0.00 cat 0.00 auc 0.32,0.0,
F4N,rudder_doublet,lags+since,0.735,0.081,0.00/0.00 cat 0.00 auc nan,0.00/0.00 cat 0.00 auc 0.64,0.15/0.50 cat 0.60 auc 0.54,0.00/0.00 cat 0.00 auc 0.27,0.0,
F4N,rudder_doublet,since,0.741,0.087,0.00/0.00 cat 0.00 auc nan,0.00/0.00 cat 0.00 auc 0.77,0.15/0.50 cat 0.60 auc 0.50,0.00/0.00 cat 0.00 auc 0.32,0.0,
F4N,bank_hold,static,0.727,0.038,0.05/1.00 cat 0.20 auc nan,0.23/0.75 cat 0.60 auc 0.62,0.08/0.50 cat 0.40 auc 0.55,0.23/0.50 cat 0.60 auc 0.61,0.14,
F4N,bank_hold,lags,0.676,0.025,0.00/0.00 cat 0.00 auc nan,0.38/1.00 cat 0.60 auc 0.70,0.23/0.43 cat 0.80 auc 0.47,0.54/0.58 cat 1.00 auc 0.56,0.09,
F4N,bank_hold,lags+since,0.579,0.05,0.05/1.00 cat 0.20 auc nan,0.31/0.80 cat 0.80 auc 0.77,0.15/0.40 cat 0.60 auc 0.74,0.31/0.57 cat 0.40 auc 0.56,0.09,
F4N,bank_hold,since,0.578,0.051,0.14/1.00 cat 0.40 auc nan,0.15/0.50 cat 0.40 auc 0.78,0.15/0.50 cat 0.40 auc 0.71,0.31/0.50 cat 0.40 auc 0.57,0.14,
F4N,flap_extend,static,0.669,0.07,0.00/0.00 cat 0.00 auc nan,0.00/0.00 cat 0.00 auc 0.26,0.00/0.00 cat 0.00 auc 0.14,0.08/1.00 cat 0.20 auc 0.26,0.0,
F4N,flap_extend,lags,0.633,0.053,0.00/0.00 cat 0.00 auc nan,0.08/1.00 cat 0.20 auc 0.29,0.00/0.00 cat 0.00 auc 0.53,0.23/1.00 cat 0.60 auc 0.68,0.0,
F4N,flap_extend,lags+since,0.488,0.044,0.00/0.00 cat 0.00 auc nan,0.08/0.50 cat 0.40 auc 0.42,0.15/1.00 cat 0.20 auc 0.52,0.38/1.00 cat 0.60 auc 0.58,0.05,
F4N,flap_extend,since,0.474,0.051,0.09/1.00 cat 0.40 auc nan,0.15/0.50 cat 0.40 auc 0.50,0.46/1.00 cat 0.40 auc 0.46,0.46/1.00 cat 0.40 auc 0.56,0.18,
F4N,engine_cut,static,0.742,0.036,0.14/1.00 cat 0.60 auc nan,0.23/0.75 cat 0.80 auc 0.72,0.00/0.00 cat 0.20 auc 0.62,0.23/1.00 cat 0.20 auc 0.57,0.09,
F4N,engine_cut,lags,0.72,0.027,0.05/1.00 cat 0.20 auc nan,0.08/1.00 cat 0.20 auc 0.75,0.00/0.00 cat 0.00 auc 0.44,0.08/1.00 cat 0.20 auc 0.48,0.05,
F4N,engine_cut,lags+since,0.52,0.029,0.00/0.00 cat 0.00 auc nan,0.08/1.00 cat 0.20 auc 0.74,0.31/0.80 cat 0.40 auc 0.57,0.38/0.83 cat 0.60 auc 0.49,0.0,
F4N,engine_cut,since,0.509,0.036,0.00/0.00 cat 0.00 auc nan,0.31/1.00 cat 0.40 auc 0.77,0.23/1.00 cat 0.40 auc 0.52,0.31/0.80 cat 0.40 auc 0.49,0.0,
F4N,climbing_turn,static,0.608,0.038,0.09/1.00 cat 0.40 auc nan,0.46/0.75 cat 0.80 auc 0.70,0.00/0.00 cat 0.60 auc 0.26,0.46/0.60 cat 1.00 auc 0.62,0.09,
F4N,climbing_turn,lags,0.527,0.04,0.00/0.00 cat 0.00 auc nan,0.62/0.89 cat 1.00 auc 0.79,0.23/0.75 cat 0.40 auc 0.40,0.69/0.75 cat 1.00 auc 0.75,0.09,
F4N,climbing_turn,lags+since,0.499,0.051,0.00/0.00 cat 0.00 auc nan,0.62/0.89 cat 0.80 auc 0.70,0.15/0.67 cat 0.40 auc 0.50,0.23/0.60 cat 0.60 auc 0.62,0.0,
F4N,climbing_turn,since,0.495,0.051,0.00/0.00 cat 0.00 auc nan,0.69/0.82 cat 1.00 auc 0.75,0.23/1.00 cat 0.40 auc 0.61,0.31/0.80 cat 0.60 auc 0.72,0.05,
F4N,elev_doublet_distractor,static,0.722,0.105,0.05/1.00 cat 0.20 auc nan,0.08/1.00 cat 0.20 auc 0.61,0.23/0.60 cat 0.60 auc 0.80,0.31/0.80 cat 0.60 auc 0.74,0.0,
F4N,elev_doublet_distractor,lags,0.714,0.087,0.09/1.00 cat 0.40 auc nan,0.00/0.00 cat 0.40 auc 0.48,0.31/0.67 cat 0.80 auc 0.79,0.15/0.40 cat 0.40 auc 0.59,0.09,
F4N,elev_doublet_distractor,lags+since,0.703,0.078,0.00/0.00 cat 0.00 auc nan,0.00/0.00 cat 0.20 auc 0.44,0.23/0.50 cat 0.80 auc 0.76,0.31/0.57 cat 0.60 auc 0.51,0.05,
F4N,elev_doublet_distractor,since,0.701,0.092,0.00/0.00 cat 0.00 auc nan,0.00/0.00 cat 0.00 auc 0.49,0.46/0.67 cat 0.80 auc 0.75,0.23/0.50 cat 0.60 auc 0.58,0.05,
F4N,engine_restart,static,0.675,0.028,0.05/1.00 cat 0.20 auc nan,0.15/1.00 cat 0.20 auc 0.64,0.08/1.00 cat 0.20 auc 0.60,0.31/1.00 cat 0.40 auc 0.50,0.0,
F4N,engine_restart,lags,0.626,0.021,0.00/0.00 cat 0.00 auc nan,0.08/1.00 cat 0.20 auc 0.76,0.00/0.00 cat 0.00 auc 0.53,0.15/1.00 cat 0.20 auc 0.39,0.0,
F4N,engine_restart,lags+since,0.511,0.034,0.00/0.00 cat 0.00 auc nan,0.08/1.00 cat 0.20 auc 0.74,0.00/0.00 cat 0.00 auc 0.63,0.15/0.67 cat 0.40 auc 0.69,0.05,
F4N,engine_restart,since,0.517,0.035,0.00/0.00 cat 0.00 auc nan,0.08/1.00 cat 0.20 auc 0.66,0.23/1.00 cat 0.40 auc 0.74,0.38/1.00 cat 0.60 auc 0.67,0.05,
F80C,cruise,static,0.777,0.065,0.05/1.00 cat 0.20 auc nan,0.00/0.00 cat 0.00 auc 0.51,0.31/0.67 cat 0.60 auc 0.71,0.23/1.00 cat 0.20 auc 0.47,0.0,
F80C,cruise,lags,0.776,0.052,0.05/1.00 cat 0.20 auc nan,0.00/0.00 cat 0.00 auc 0.49,0.38/0.83 cat 0.60 auc 0.68,0.23/0.75 cat 0.40 auc 0.34,0.0,
F80C,cruise,lags+since,0.774,0.052,0.09/1.00 cat 0.40 auc nan,0.00/0.00 cat 0.00 auc 0.44,0.46/0.86 cat 0.60 auc 0.68,0.23/0.75 cat 0.40 auc 0.38,0.0,
F80C,cruise,since,0.777,0.064,0.05/1.00 cat 0.20 auc nan,0.00/0.00 cat 0.00 auc 0.42,0.38/0.71 cat 0.60 auc 0.68,0.23/0.75 cat 0.40 auc 0.41,0.05,
F80C,throttle_step,static,0.719,0.064,0.00/0.00 cat 0.00 auc nan,0.00/0.00 cat 0.00 auc 0.51,0.08/1.00 cat 0.20 auc 0.62,0.31/1.00 cat 0.60 auc 0.82,0.0,
F80C,throttle_step,lags,0.71,0.05,0.00/0.00 cat 0.00 auc nan,0.23/0.75 cat 0.60 auc 0.38,0.00/0.00 cat 0.20 auc 0.67,0.54/0.78 cat 0.80 auc 0.74,0.23,
F80C,throttle_step,lags+since,0.696,0.056,0.00/0.00 cat 0.00 auc nan,0.15/1.00 cat 0.20 auc 0.46,0.00/0.00 cat 0.00 auc 0.73,0.54/0.88 cat 0.80 auc 0.82,0.09,
F80C,throttle_step,since,0.699,0.055,0.09/1.00 cat 0.20 auc nan,0.15/1.00 cat 0.20 auc 0.61,0.08/1.00 cat 0.20 auc 0.74,0.54/1.00 cat 0.60 auc 0.86,0.09,
F80C,elev_doublet,static,0.764,0.09,0.05/1.00 cat 0.20 auc nan,0.00/0.00 cat 0.00 auc 0.59,0.62/0.73 cat 0.80 auc 0.71,0.38/0.62 cat 0.60 auc 0.58,0.0,
F80C,elev_doublet,lags,0.758,0.081,0.09/1.00 cat 0.40 auc nan,0.00/0.00 cat 0.20 auc 0.32,0.31/0.57 cat 0.80 auc 0.57,0.23/0.50 cat 0.60 auc 0.52,0.05,
F80C,elev_doublet,lags+since,0.753,0.082,0.14/1.00 cat 0.40 auc nan,0.00/0.00 cat 0.00 auc 0.55,0.38/0.71 cat 0.80 auc 0.70,0.08/0.50 cat 0.40 auc 0.53,0.0,
F80C,elev_doublet,since,0.762,0.083,0.09/1.00 cat 0.40 auc nan,0.00/0.00 cat 0.00 auc 0.53,0.38/0.56 cat 0.80 auc 0.62,0.23/0.75 cat 0.20 auc 0.57,0.0,
F80C,elev_step,static,0.755,0.069,0.00/0.00 cat 0.00 auc nan,0.00/0.00 cat 0.00 auc 0.62,0.31/1.00 cat 0.20 auc 0.57,0.38/0.83 cat 0.40 auc 0.68,0.0,
F80C,elev_step,lags,0.74,0.056,0.09/1.00 cat 0.20 auc nan,0.00/0.00 cat 0.00 auc 0.46,0.23/0.75 cat 0.20 auc 0.50,0.23/0.75 cat 0.20 auc 0.51,0.0,
F80C,elev_step,lags+since,0.685,0.059,0.00/0.00 cat 0.00 auc nan,0.00/0.00 cat 0.20 auc 0.47,0.23/1.00 cat 0.20 auc 0.44,0.38/1.00 cat 0.40 auc 0.62,0.05,
F80C,elev_step,since,0.687,0.063,0.00/0.00 cat 0.00 auc nan,0.00/0.00 cat 0.00 auc 0.57,0.23/1.00 cat 0.20 auc 0.48,0.31/1.00 cat 0.40 auc 0.64,0.0,
F80C,aileron_step,static,0.74,0.078,0.09/1.00 cat 0.40 auc nan,0.00/0.00 cat 0.00 auc 0.65,0.23/0.50 cat 0.40 auc 0.68,0.31/0.57 cat 0.60 auc 0.67,0.05,
F80C,aileron_step,lags,0.723,0.067,0.14/1.00 cat 0.40 auc nan,0.15/1.00 cat 0.20 auc 0.52,0.15/0.50 cat 0.40 auc 0.57,0.23/0.43 cat 0.80 auc 0.52,0.05,
F80C,aileron_step,lags+since,0.715,0.073,0.00/0.00 cat 0.00 auc nan,0.00/0.00 cat 0.00 auc 0.50,0.15/0.50 cat 0.40 auc 0.48,0.15/0.40 cat 0.60 auc 0.50,0.0,
F80C,aileron_step,since,0.714,0.078,0.00/0.00 cat 0.00 auc nan,0.00/0.00 cat 0.20 auc 0.50,0.15/1.00 cat 0.20 auc 0.68,0.15/0.67 cat 0.60 auc 0.69,0.05,
F80C,rudder_doublet,static,0.753,0.085,0.00/0.00 cat 0.00 auc nan,0.00/0.00 cat 0.00 auc 0.49,0.62/0.73 cat 0.60 auc 0.85,0.38/0.56 cat 0.40 auc 0.54,0.0,
F80C,rudder_doublet,lags,0.743,0.071,0.05/1.00 cat 0.20 auc nan,0.00/0.00 cat 0.20 auc 0.44,0.46/0.75 cat 0.60 auc 0.72,0.31/0.57 cat 0.40 auc 0.46,0.05,
F80C,rudder_doublet,lags+since,0.744,0.066,0.05/1.00 cat 0.20 auc nan,0.00/0.00 cat 0.20 auc 0.42,0.54/0.70 cat 0.80 auc 0.69,0.31/0.67 cat 0.40 auc 0.53,0.05,
F80C,rudder_doublet,since,0.747,0.077,0.05/1.00 cat 0.20 auc nan,0.00/0.00 cat 0.20 auc 0.48,0.46/0.75 cat 0.60 auc 0.74,0.31/0.80 cat 0.40 auc 0.55,0.05,
F80C,bank_hold,static,0.765,0.068,0.05/1.00 cat 0.20 auc nan,0.00/0.00 cat 0.20 auc 0.46,0.31/0.80 cat 0.60 auc 0.64,0.23/0.75 cat 0.60 auc 0.56,0.05,
F80C,bank_hold,lags,0.754,0.057,0.00/0.00 cat 0.00 auc nan,0.00/0.00 cat 0.00 auc 0.43,0.31/0.67 cat 0.60 auc 0.64,0.46/0.86 cat 0.60 auc 0.59,0.0,
F80C,bank_hold,lags+since,0.739,0.07,0.00/0.00 cat 0.00 auc nan,0.00/0.00 cat 0.00 auc 0.46,0.08/0.50 cat 0.20 auc 0.60,0.15/0.50 cat 0.60 auc 0.70,0.0,
F80C,bank_hold,since,0.742,0.07,0.00/0.00 cat 0.00 auc nan,0.00/0.00 cat 0.00 auc 0.36,0.15/0.67 cat 0.40 auc 0.72,0.31/0.80 cat 0.80 auc 0.68,0.0,
F80C,flap_extend,static,0.69,0.06,0.00/0.00 cat 0.00 auc nan,0.00/0.00 cat 0.00 auc 0.15,n/a,0.54/0.78 cat 0.80 auc 0.77,0.0,
F80C,flap_extend,lags,0.663,0.058,0.00/0.00 cat 0.00 auc nan,0.00/0.00 cat 0.00 auc 0.09,n/a,0.62/0.89 cat 0.80 auc 0.75,0.0,
F80C,flap_extend,lags+since,0.581,0.06,0.05/1.00 cat 0.20 auc nan,0.00/0.00 cat 0.00 auc 0.21,n/a,0.62/0.73 cat 1.00 auc 0.68,0.0,
F80C,flap_extend,since,0.593,0.057,0.00/0.00 cat 0.00 auc nan,0.00/0.00 cat 0.00 auc 0.30,n/a,0.54/0.88 cat 0.80 auc 0.78,0.0,
F80C,climbing_turn,static,0.705,0.066,0.09/1.00 cat 0.20 auc nan,0.08/0.50 cat 0.20 auc 0.40,0.69/0.75 cat 0.80 auc 0.74,0.69/0.75 cat 0.80 auc 0.56,0.09,
F80C,climbing_turn,lags,0.681,0.056,0.05/1.00 cat 0.20 auc nan,0.08/1.00 cat 0.20 auc 0.48,0.69/0.75 cat 1.00 auc 0.78,0.69/0.75 cat 0.80 auc 0.63,0.05,
F80C,climbing_turn,lags+since,0.678,0.069,0.00/0.00 cat 0.00 auc nan,0.00/0.00 cat 0.00 auc 0.44,0.54/0.78 cat 0.80 auc 0.74,0.46/0.67 cat 0.60 auc 0.62,0.05,
F80C,climbing_turn,since,0.681,0.071,0.00/0.00 cat 0.00 auc nan,0.08/1.00 cat 0.20 auc 0.37,0.31/0.80 cat 0.40 auc 0.71,0.38/0.83 cat 0.60 auc 0.59,0.05,
F80C,elev_doublet_distractor,static,0.763,0.083,0.05/1.00 cat 0.20 auc nan,0.08/1.00 cat 0.20 auc 0.69,0.46/0.75 cat 0.60 auc 0.62,0.23/0.60 cat 0.60 auc 0.53,0.05,
F80C,elev_doublet_distractor,lags,0.755,0.074,0.05/1.00 cat 0.20 auc nan,0.15/1.00 cat 0.20 auc 0.75,0.08/0.50 cat 0.40 auc 0.53,0.08/0.50 cat 0.40 auc 0.53,0.09,
F80C,elev_doublet_distractor,lags+since,0.755,0.072,0.09/1.00 cat 0.40 auc nan,0.00/0.00 cat 0.00 auc 0.66,0.15/0.40 cat 0.40 auc 0.57,0.31/1.00 cat 0.60 auc 0.69,0.0,
F80C,elev_doublet_distractor,since,0.761,0.08,0.14/1.00 cat 0.60 auc nan,0.15/1.00 cat 0.20 auc 0.68,0.31/0.67 cat 0.60 auc 0.62,0.08/1.00 cat 0.20 auc 0.38,0.09,
J3Cub,cruise,static,0.784,0.08,n/a,0.00/0.00 cat 0.00 auc 0.56,0.00/0.00 cat 0.40 auc 0.50,0.31/1.00 cat 0.20 auc 0.51,0.05,
J3Cub,cruise,lags,0.792,0.076,n/a,0.00/0.00 cat 0.00 auc 0.63,0.23/1.00 cat 0.40 auc 0.53,0.23/1.00 cat 0.20 auc 0.46,0.09,
J3Cub,cruise,lags+since,0.795,0.073,n/a,0.00/0.00 cat 0.00 auc 0.60,0.00/0.00 cat 0.20 auc 0.64,0.31/1.00 cat 0.20 auc 0.43,0.05,
J3Cub,cruise,since,0.792,0.074,n/a,0.00/0.00 cat 0.00 auc 0.61,0.00/0.00 cat 0.20 auc 0.44,0.31/1.00 cat 0.20 auc 0.44,0.05,
J3Cub,throttle_step,static,0.759,0.093,n/a,0.00/0.00 cat 0.00 auc 0.27,0.08/1.00 cat 0.20 auc 0.56,0.31/1.00 cat 0.40 auc 0.65,0.0,
J3Cub,throttle_step,lags,0.753,0.087,n/a,0.00/0.00 cat 0.00 auc 0.64,0.00/0.00 cat 0.00 auc 0.58,0.31/1.00 cat 0.40 auc 0.67,0.0,
J3Cub,throttle_step,lags+since,0.74,0.086,n/a,0.15/1.00 cat 0.40 auc 0.33,0.08/1.00 cat 0.20 auc 0.46,0.23/1.00 cat 0.40 auc 0.57,0.0,
J3Cub,throttle_step,since,0.748,0.083,n/a,0.15/1.00 cat 0.40 auc 0.35,0.23/1.00 cat 0.40 auc 0.39,0.23/1.00 cat 0.40 auc 0.60,0.0,
J3Cub,elev_doublet,static,0.766,0.098,n/a,0.00/0.00 cat 0.00 auc 0.38,0.23/1.00 cat 0.40 auc 0.50,0.31/1.00 cat 0.40 auc 0.74,0.05,
J3Cub,elev_doublet,lags,0.759,0.094,n/a,0.00/0.00 cat 0.00 auc 0.43,0.08/1.00 cat 0.20 auc 0.29,0.23/1.00 cat 0.40 auc 0.78,0.05,
J3Cub,elev_doublet,lags+since,0.752,0.082,n/a,0.00/0.00 cat 0.20 auc 0.27,0.00/0.00 cat 0.20 auc 0.40,0.38/0.83 cat 0.40 auc 0.68,0.05,
J3Cub,elev_doublet,since,0.746,0.086,n/a,0.00/0.00 cat 0.40 auc 0.30,0.08/0.50 cat 0.40 auc 0.39,0.31/0.80 cat 0.40 auc 0.65,0.09,
J3Cub,elev_step,static,0.776,0.081,n/a,0.08/0.50 cat 0.40 auc 0.47,0.15/0.67 cat 0.40 auc 0.44,0.23/0.75 cat 0.40 auc 0.60,0.14,
J3Cub,elev_step,lags,0.765,0.083,n/a,0.08/1.00 cat 0.20 auc 0.66,0.38/0.83 cat 0.60 auc 0.32,0.23/0.75 cat 0.40 auc 0.63,0.05,
J3Cub,elev_step,lags+since,0.75,0.089,n/a,0.08/1.00 cat 0.20 auc 0.66,0.15/0.67 cat 0.40 auc 0.28,0.23/0.50 cat 0.60 auc 0.40,0.09,
J3Cub,elev_step,since,0.753,0.088,n/a,0.08/1.00 cat 0.20 auc 0.59,0.15/0.67 cat 0.20 auc 0.32,0.23/0.75 cat 0.40 auc 0.34,0.0,
J3Cub,aileron_step,static,0.758,0.077,n/a,0.08/1.00 cat 0.20 auc 0.77,0.00/0.00 cat 0.00 auc 0.20,0.15/0.33 cat 0.80 auc 0.48,0.0,
J3Cub,aileron_step,lags,0.729,0.077,n/a,0.08/1.00 cat 0.20 auc 0.65,0.00/0.00 cat 0.20 auc 0.56,0.46/0.60 cat 0.80 auc 0.65,0.05,
J3Cub,aileron_step,lags+since,0.682,0.083,n/a,0.08/1.00 cat 0.20 auc 0.74,0.00/0.00 cat 0.00 auc 0.25,0.15/0.29 cat 0.80 auc 0.55,0.05,
J3Cub,aileron_step,since,0.687,0.088,n/a,0.08/0.33 cat 0.60 auc 0.57,0.00/0.00 cat 0.00 auc 0.20,0.23/0.60 cat 0.60 auc 0.61,0.0,
J3Cub,rudder_doublet,static,0.741,0.113,n/a,0.00/0.00 cat 0.00 auc 0.30,0.00/0.00 cat 0.40 auc 0.38,0.38/0.71 cat 0.60 auc 0.56,0.0,
J3Cub,rudder_doublet,lags,0.733,0.104,n/a,0.00/0.00 cat 0.00 auc 0.43,0.00/0.00 cat 0.40 auc 0.38,0.31/0.67 cat 0.40 auc 0.51,0.0,
J3Cub,rudder_doublet,lags+since,0.718,0.083,n/a,0.00/0.00 cat 0.00 auc 0.47,0.23/0.75 cat 0.40 auc 0.50,0.23/1.00 cat 0.20 auc 0.36,0.05,
J3Cub,rudder_doublet,since,0.733,0.085,n/a,0.00/0.00 cat 0.00 auc 0.65,0.00/0.00 cat 0.40 auc 0.34,0.23/1.00 cat 0.20 auc 0.46,0.0,
J3Cub,bank_hold,static,0.774,0.072,n/a,0.00/0.00 cat 0.00 auc 0.68,0.00/0.00 cat 0.00 auc 0.50,0.08/0.50 cat 0.40 auc 0.49,0.0,
J3Cub,bank_hold,lags,0.758,0.068,n/a,0.00/0.00 cat 0.00 auc 0.74,0.00/0.00 cat 0.00 auc 0.59,0.38/0.71 cat 0.80 auc 0.65,0.0,
J3Cub,bank_hold,lags+since,0.709,0.07,n/a,0.00/0.00 cat 0.20 auc 0.66,0.00/0.00 cat 0.00 auc 0.45,0.54/0.78 cat 0.80 auc 0.61,0.0,
J3Cub,bank_hold,since,0.715,0.066,n/a,0.00/0.00 cat 0.00 auc 0.75,0.00/0.00 cat 0.00 auc 0.50,0.31/0.57 cat 0.80 auc 0.63,0.0,
J3Cub,flap_extend,static,0.77,0.099,n/a,0.00/0.00 cat 0.00 auc 0.45,0.23/1.00 cat 0.60 auc 0.56,0.15/0.67 cat 0.40 auc 0.44,0.0,
J3Cub,flap_extend,lags,0.762,0.099,n/a,0.00/0.00 cat 0.00 auc 0.28,0.08/1.00 cat 0.20 auc 0.56,0.15/0.67 cat 0.40 auc 0.56,0.05,
J3Cub,flap_extend,lags+since,0.764,0.092,n/a,0.08/0.50 cat 0.40 auc 0.48,0.15/0.67 cat 0.60 auc 0.41,0.15/0.50 cat 0.40 auc 0.50,0.05,
J3Cub,flap_extend,since,0.76,0.096,n/a,0.08/1.00 cat 0.20 auc 0.52,0.15/1.00 cat 0.40 auc 0.77,0.15/1.00 cat 0.20 auc 0.57,0.05,
J3Cub,climbing_turn,static,0.728,0.054,n/a,0.38/0.83 cat 0.40 auc 0.68,0.15/1.00 cat 0.20 auc 0.80,0.23/0.60 cat 0.20 auc 0.57,0.05,
J3Cub,climbing_turn,lags,0.707,0.051,n/a,0.23/1.00 cat 0.60 auc 0.50,0.00/0.00 cat 0.00 auc 0.77,0.08/0.25 cat 0.60 auc 0.36,0.05,
J3Cub,climbing_turn,lags+since,0.669,0.055,n/a,0.23/1.00 cat 0.40 auc 0.76,0.08/1.00 cat 0.20 auc 0.70,0.46/0.75 cat 0.60 auc 0.54,0.0,
J3Cub,climbing_turn,since,0.666,0.061,n/a,0.31/1.00 cat 0.60 auc 0.67,0.15/1.00 cat 0.40 auc 0.61,0.15/0.33 cat 0.60 auc 0.35,0.05,
J3Cub,elev_doublet_distractor,static,0.767,0.089,n/a,0.00/0.00 cat 0.40 auc 0.41,0.08/0.33 cat 0.60 auc 0.59,0.08/0.17 cat 0.80 auc 0.29,0.05,
J3Cub,elev_doublet_distractor,lags,0.761,0.083,n/a,0.00/0.00 cat 0.40 auc 0.32,0.08/0.50 cat 0.40 auc 0.56,0.15/0.29 cat 0.60 auc 0.26,0.05,
J3Cub,elev_doublet_distractor,lags+since,0.757,0.081,n/a,0.00/0.00 cat 0.20 auc 0.52,0.08/1.00 cat 0.20 auc 0.67,0.00/0.00 cat 0.60 auc 0.38,0.05,
J3Cub,elev_doublet_distractor,since,0.76,0.073,n/a,0.00/0.00 cat 0.40 auc 0.44,0.08/0.33 cat 0.40 auc 0.44,0.00/0.00 cat 0.40 auc 0.15,0.14,
J3Cub,engine_stop,static,0.781,0.083,n/a,0.00/0.00 cat 0.40 auc 0.21,0.00/0.00 cat 0.00 auc 0.27,0.23/1.00 cat 0.20 auc 0.44,0.09,
J3Cub,engine_stop,lags,0.787,0.08,n/a,0.00/0.00 cat 0.40 auc 0.23,0.00/0.00 cat 0.00 auc 0.26,0.23/1.00 cat 0.20 auc 0.49,0.09,
J3Cub,engine_stop,lags+since,0.732,0.086,n/a,0.23/0.38 cat 0.80 auc 0.54,0.00/0.00 cat 0.00 auc 0.41,0.15/1.00 cat 0.20 auc 0.50,0.32,
J3Cub,engine_stop,since,0.73,0.086,n/a,0.23/0.50 cat 0.60 auc 0.50,0.00/0.00 cat 0.00 auc 0.33,0.15/1.00 cat 0.20 auc 0.55,0.18,
MD11,cruise,static,0.71,0.096,0.05/1.00 cat 0.20 auc nan,0.08/0.25 cat 0.60 auc 0.21,0.38/1.00 cat 0.60 auc 0.68,0.38/0.71 cat 0.80 auc 0.56,0.18,
MD11,cruise,lags,0.719,0.08,0.09/1.00 cat 0.20 auc nan,0.00/0.00 cat 0.40 auc 0.20,0.46/1.00 cat 0.60 auc 0.62,0.23/0.60 cat 0.40 auc 0.62,0.18,
MD11,cruise,lags+since,0.716,0.085,0.09/1.00 cat 0.20 auc nan,0.00/0.00 cat 0.40 auc 0.22,0.46/1.00 cat 0.60 auc 0.60,0.23/0.60 cat 0.40 auc 0.61,0.18,
MD11,cruise,since,0.71,0.097,0.05/1.00 cat 0.20 auc nan,0.08/0.25 cat 0.60 auc 0.21,0.38/1.00 cat 0.60 auc 0.68,0.38/0.71 cat 0.80 auc 0.61,0.18,
MD11,throttle_step,static,0.7,0.051,0.00/0.00 cat 0.00 auc nan,0.15/1.00 cat 0.20 auc 0.53,0.00/0.00 cat 0.00 auc 0.39,0.08/1.00 cat 0.20 auc 0.45,0.09,
MD11,throttle_step,lags,0.668,0.047,0.00/0.00 cat 0.00 auc nan,0.00/0.00 cat 0.00 auc 0.50,0.00/0.00 cat 0.00 auc 0.40,0.00/0.00 cat 0.00 auc 0.40,0.0,
MD11,throttle_step,lags+since,0.633,0.057,0.00/0.00 cat 0.00 auc nan,0.00/0.00 cat 0.20 auc 0.45,0.00/0.00 cat 0.00 auc 0.37,0.00/0.00 cat 0.00 auc 0.38,0.05,
MD11,throttle_step,since,0.638,0.055,0.00/0.00 cat 0.00 auc nan,0.00/0.00 cat 0.00 auc 0.55,0.00/0.00 cat 0.00 auc 0.42,0.00/0.00 cat 0.00 auc 0.56,0.0,
MD11,elev_doublet,static,0.737,0.11,0.00/0.00 cat 0.00 auc nan,0.00/0.00 cat 0.00 auc 0.49,0.08/1.00 cat 0.20 auc 0.58,0.15/1.00 cat 0.40 auc 0.71,0.0,
MD11,elev_doublet,lags,0.711,0.072,0.14/1.00 cat 0.40 auc nan,0.08/1.00 cat 0.20 auc 0.23,0.00/0.00 cat 0.00 auc 0.42,0.15/1.00 cat 0.40 auc 0.65,0.05,
MD11,elev_doublet,lags+since,0.712,0.075,0.09/1.00 cat 0.40 auc nan,0.00/0.00 cat 0.20 auc 0.26,0.08/1.00 cat 0.20 auc 0.54,0.08/1.00 cat 0.20 auc 0.51,0.05,
MD11,elev_doublet,since,0.715,0.09,0.09/1.00 cat 0.40 auc nan,0.08/0.50 cat 0.20 auc 0.35,0.08/0.50 cat 0.40 auc 0.47,0.08/1.00 cat 0.20 auc 0.68,0.05,
MD11,elev_step,static,0.738,0.054,0.09/1.00 cat 0.20 auc nan,0.23/1.00 cat 0.40 auc 0.50,0.00/0.00 cat 0.00 auc 0.83,0.23/1.00 cat 0.40 auc 0.63,0.18,
MD11,elev_step,lags,0.708,0.036,0.18/1.00 cat 0.40 auc nan,0.15/1.00 cat 0.20 auc 0.26,0.08/1.00 cat 0.20 auc 0.60,0.15/1.00 cat 0.40 auc 0.59,0.09,
MD11,elev_step,lags+since,0.613,0.037,0.09/1.00 cat 0.40 auc nan,0.23/1.00 cat 0.60 auc 0.46,0.23/1.00 cat 0.60 auc 0.82,0.08/1.00 cat 0.20 auc 0.54,0.05,
MD11,elev_step,since,0.623,0.045,0.14/1.00 cat 0.40 auc nan,0.15/0.67 cat 0.40 auc 0.52,0.31/1.00 cat 0.60 auc 0.81,0.23/1.00 cat 0.40 auc 0.47,0.23,
MD11,aileron_step,static,0.689,0.093,0.00/0.00 cat 0.00 auc nan,0.00/0.00 cat 0.00 auc 0.50,0.08/0.20 cat 0.60 auc 0.50,0.08/0.25 cat 0.40 auc 0.37,0.0,
MD11,aileron_step,lags,0.643,0.075,0.00/0.00 cat 0.00 auc nan,0.00/0.00 cat 0.00 auc 0.52,0.31/0.33 cat 0.80 auc 0.34,0.23/0.27 cat 0.80 auc 0.21,0.0,
MD11,aileron_step,lags+since,0.616,0.084,0.05/1.00 cat 0.20 auc nan,0.08/1.00 cat 0.20 auc 0.54,0.00/0.00 cat 0.20 auc 0.39,0.15/0.40 cat 0.40 auc 0.30,0.05,
MD11,aileron_step,since,0.626,0.092,0.05/1.00 cat 0.20 auc nan,0.08/1.00 cat 0.20 auc 0.58,0.00/0.00 cat 0.00 auc 0.43,0.08/1.00 cat 0.20 auc 0.37,0.05,
MD11,rudder_doublet,static,0.698,0.076,0.00/0.00 cat 0.00 auc nan,0.00/0.00 cat 0.20 auc 0.51,0.23/0.43 cat 0.60 auc 0.65,0.31/0.50 cat 0.60 auc 0.57,0.05,
MD11,rudder_doublet,lags,0.684,0.074,0.09/1.00 cat 0.40 auc nan,0.08/1.00 cat 0.20 auc 0.48,0.31/0.67 cat 0.40 auc 0.56,0.31/0.80 cat 0.40 auc 0.50,0.0,
MD11,rudder_doublet,lags+since,0.68,0.069,0.00/0.00 cat 0.00 auc nan,0.00/0.00 cat 0.00 auc 0.54,0.15/1.00 cat 0.40 auc 0.36,0.31/0.80 cat 0.60 auc 0.54,0.0,
MD11,rudder_doublet,since,0.69,0.075,0.09/1.00 cat 0.40 auc nan,0.08/1.00 cat 0.20 auc 0.53,0.15/0.33 cat 0.60 auc 0.38,0.31/0.57 cat 0.60 auc 0.50,0.0,
MD11,bank_hold,static,0.698,0.077,0.00/0.00 cat 0.00 auc nan,0.00/0.00 cat 0.00 auc 0.83,0.00/0.00 cat 0.40 auc 0.59,0.31/0.67 cat 0.60 auc 0.57,0.0,
MD11,bank_hold,lags,0.676,0.054,0.00/0.00 cat 0.00 auc nan,0.00/0.00 cat 0.00 auc 0.74,0.23/0.43 cat 0.60 auc 0.48,0.00/0.00 cat 0.60 auc 0.37,0.05,
MD11,bank_hold,lags+since,0.645,0.065,0.00/0.00 cat 0.00 auc nan,0.08/1.00 cat 0.20 auc 0.68,0.08/0.50 cat 0.20 auc 0.67,0.00/0.00 cat 0.00 auc 0.63,0.0,
MD11,bank_hold,since,0.648,0.077,0.05/1.00 cat 0.20 auc nan,0.00/0.00 cat 0.00 auc 0.71,0.08/1.00 cat 0.20 auc 0.86,0.00/0.00 cat 0.00 auc 0.64,0.0,
MD11,flap_extend,static,0.625,0.058,0.14/1.00 cat 0.60 auc nan,0.38/0.62 cat 0.80 auc 0.26,0.31/0.67 cat 0.60 auc 0.23,0.15/0.40 cat 0.60 auc 0.18,0.09,
MD11,flap_extend,lags,0.556,0.058,0.14/1.00 cat 0.40 auc nan,0.38/1.00 cat 0.60 auc 0.51,0.38/0.62 cat 0.60 auc 0.20,0.23/0.50 cat 0.60 auc 0.22,0.0,
MD11,flap_extend,lags+since,0.433,0.055,0.32/1.00 cat 0.60 auc nan,0.46/0.86 cat 0.80 auc 0.54,0.08/1.00 cat 0.20 auc 0.18,0.15/0.33 cat 0.80 auc 0.08,0.05,
MD11,flap_extend,since,0.436,0.066,0.36/1.00 cat 0.80 auc nan,0.62/0.89 cat 0.80 auc 0.43,0.08/0.50 cat 0.40 auc 0.29,0.08/0.33 cat 0.40 auc 0.09,0.05,
MD11,engine_cut,static,0.702,0.066,0.09/1.00 cat 0.20 auc nan,0.00/0.00 cat 0.00 auc 0.76,0.54/0.88 cat 0.60 auc 0.77,0.38/1.00 cat 0.40 auc 0.55,0.0,
MD11,engine_cut,lags,0.674,0.05,0.14/1.00 cat 0.60 auc nan,0.00/0.00 cat 0.40 auc 0.74,0.54/0.70 cat 0.60 auc 0.82,0.31/0.80 cat 0.60 auc 0.48,0.09,
MD11,engine_cut,lags+since,0.559,0.047,0.05/1.00 cat 0.20 auc nan,0.15/1.00 cat 0.40 auc 0.72,0.77/0.83 cat 1.00 auc 0.85,0.31/0.80 cat 0.40 auc 0.48,0.0,
MD11,engine_cut,since,0.545,0.063,0.00/0.00 cat 0.00 auc nan,0.08/1.00 cat 0.20 auc 0.60,0.77/0.83 cat 1.00 auc 0.84,0.38/1.00 cat 0.40 auc 0.62,0.0,
MD11,climbing_turn,static,0.625,0.05,0.00/0.00 cat 0.00 auc nan,0.00/0.00 cat 0.00 auc 0.21,0.85/0.85 cat 1.00 auc 0.78,0.62/0.80 cat 1.00 auc 0.68,0.0,
MD11,climbing_turn,lags,0.547,0.046,0.05/1.00 cat 0.20 auc nan,0.00/0.00 cat 0.00 auc 0.26,0.85/0.79 cat 1.00 auc 0.77,0.46/0.60 cat 0.40 auc 0.44,0.0,
MD11,climbing_turn,lags+since,0.502,0.061,0.27/1.00 cat 0.80 auc nan,0.00/0.00 cat 0.20 auc 0.26,0.77/0.83 cat 1.00 auc 0.91,0.62/0.62 cat 0.80 auc 0.56,0.05,
MD11,climbing_turn,since,0.505,0.056,0.09/1.00 cat 0.20 auc nan,0.00/0.00 cat 0.20 auc 0.14,0.77/0.77 cat 1.00 auc 0.80,0.46/0.67 cat 0.80 auc 0.46,0.09,
MD11,elev_doublet_distractor,static,0.72,0.097,0.00/0.00 cat 0.00 auc nan,0.00/0.00 cat 0.00 auc 0.57,0.31/0.67 cat 0.60 auc 0.56,0.23/0.60 cat 0.60 auc 0.58,0.05,
MD11,elev_doublet_distractor,lags,0.71,0.075,0.00/0.00 cat 0.00 auc nan,0.00/0.00 cat 0.00 auc 0.53,0.54/0.58 cat 0.80 auc 0.55,0.38/0.62 cat 0.60 auc 0.54,0.0,
MD11,elev_doublet_distractor,lags+since,0.697,0.081,0.00/0.00 cat 0.00 auc nan,0.00/0.00 cat 0.00 auc 0.56,0.31/0.57 cat 0.60 auc 0.56,0.00/0.00 cat 0.20 auc 0.49,0.0,
MD11,elev_doublet_distractor,since,0.704,0.079,0.05/1.00 cat 0.20 auc nan,0.00/0.00 cat 0.00 auc 0.79,0.23/0.75 cat 0.60 auc 0.59,0.08/0.33 cat 0.40 auc 0.55,0.0,
MD11,engine_restart,static,0.675,0.04,0.05/1.00 cat 0.20 auc nan,0.00/0.00 cat 0.00 auc 0.26,0.31/0.80 cat 0.60 auc 0.79,0.38/1.00 cat 0.60 auc 0.72,0.0,
MD11,engine_restart,lags,0.627,0.036,0.00/0.00 cat 0.00 auc nan,0.00/0.00 cat 0.20 auc 0.30,0.23/0.60 cat 0.40 auc 0.66,0.38/1.00 cat 0.40 auc 0.66,0.05,
MD11,engine_restart,lags+since,0.529,0.04,0.05/1.00 cat 0.20 auc nan,0.00/0.00 cat 0.40 auc 0.17,0.31/0.50 cat 0.60 auc 0.62,0.31/1.00 cat 0.40 auc 0.47,0.09,
MD11,engine_restart,since,0.525,0.043,0.00/0.00 cat 0.00 auc nan,0.00/0.00 cat 0.20 auc 0.32,0.38/0.71 cat 0.60 auc 0.72,0.31/1.00 cat 0.40 auc 0.59,0.05,
OV10,cruise,static,0.782,0.066,0.09/1.00 cat 0.20 auc nan,0.08/0.50 cat 0.40 auc 0.35,0.31/1.00 cat 0.20 auc 0.86,0.08/0.50 cat 0.40 auc 0.37,0.09,
OV10,cruise,lags,0.782,0.067,0.09/1.00 cat 0.20 auc nan,0.08/1.00 cat 0.20 auc 0.42,0.31/1.00 cat 0.20 auc 0.84,0.08/0.50 cat 0.40 auc 0.37,0.05,
OV10,cruise,lags+since,0.782,0.068,0.14/1.00 cat 0.40 auc nan,0.08/0.50 cat 0.40 auc 0.42,0.31/1.00 cat 0.20 auc 0.84,0.08/0.50 cat 0.40 auc 0.37,0.09,
OV10,cruise,since,0.781,0.067,0.09/1.00 cat 0.20 auc nan,0.08/0.50 cat 0.40 auc 0.41,0.31/1.00 cat 0.20 auc 0.82,0.08/0.50 cat 0.40 auc 0.37,0.09,
OV10,throttle_step,static,0.739,0.079,0.09/1.00 cat 0.40 auc nan,0.00/0.00 cat 0.00 auc 0.54,0.23/0.75 cat 0.40 auc 0.79,0.08/0.50 cat 0.20 auc 0.47,0.0,
OV10,throttle_step,lags,0.736,0.082,0.00/0.00 cat 0.00 auc nan,0.00/0.00 cat 0.00 auc 0.48,0.23/0.75 cat 0.40 auc 0.66,0.08/1.00 cat 0.20 auc 0.54,0.0,
OV10,throttle_step,lags+since,0.728,0.074,0.09/1.00 cat 0.20 auc nan,0.00/0.00 cat 0.00 auc 0.34,0.23/0.75 cat 0.60 auc 0.73,0.15/0.50 cat 0.40 auc 0.45,0.0,
OV10,throttle_step,since,0.732,0.075,0.05/1.00 cat 0.20 auc nan,0.00/0.00 cat 0.00 auc 0.51,0.23/1.00 cat 0.60 auc 0.81,0.15/0.50 cat 0.40 auc 0.44,0.0,
OV10,elev_doublet,static,0.769,0.106,0.09/1.00 cat 0.40 auc nan,0.23/1.00 cat 0.40 auc 0.55,0.15/1.00 cat 0.40 auc 0.69,0.08/1.00 cat 0.20 auc 0.56,0.05,
OV10,elev_doublet,lags,0.76,0.101,0.18/1.00 cat 0.60 auc nan,0.23/0.75 cat 0.60 auc 0.56,0.08/0.50 cat 0.40 auc 0.78,0.08/1.00 cat 0.20 auc 0.56,0.18,
OV10,elev_doublet,lags+since,0.742,0.089,0.23/1.00 cat 0.60 auc nan,0.23/1.00 cat 0.40 auc 0.57,0.38/1.00 cat 0.60 auc 0.72,0.15/1.00 cat 0.40 auc 0.71,0.09,
OV10,elev_doublet,since,0.746,0.085,0.05/1.00 cat 0.20 auc nan,0.08/1.00 cat 0.20 auc 0.66,0.31/0.67 cat 0.80 auc 0.70,0.08/1.00 cat 0.20 auc 0.65,0.05,
OV10,elev_step,static,0.761,0.054,0.00/0.00 cat 0.00 auc nan,0.00/0.00 cat 0.00 auc 0.73,0.08/0.50 cat 0.40 auc 0.21,0.00/0.00 cat 0.00 auc 0.35,0.0,
OV10,elev_step,lags,0.73,0.059,0.05/1.00 cat 0.20 auc nan,0.00/0.00 cat 0.00 auc 0.63,0.15/0.67 cat 0.60 auc 0.21,0.00/0.00 cat 0.20 auc 0.15,0.05,
OV10,elev_step,lags+since,0.638,0.051,0.14/1.00 cat 0.40 auc nan,0.46/1.00 cat 0.80 auc 0.70,0.08/0.33 cat 0.40 auc 0.20,0.08/1.00 cat 0.20 auc 0.44,0.09,
OV10,elev_step,since,0.643,0.05,0.09/1.00 cat 0.20 auc nan,0.54/1.00 cat 0.80 auc 0.75,0.08/0.33 cat 0.60 auc 0.30,0.08/1.00 cat 0.20 auc 0.50,0.09,
OV10,aileron_step,static,0.771,0.06,0.32/1.00 cat 0.80 auc nan,0.46/0.75 cat 1.00 auc 0.90,0.38/0.83 cat 0.60 auc 0.69,0.77/0.83 cat 0.80 auc 0.74,0.18,
OV10,aileron_step,lags,0.729,0.071,0.14/1.00 cat 0.60 auc nan,0.38/1.00 cat 0.80 auc 0.80,0.85/0.69 cat 0.80 auc 0.66,0.77/0.71 cat 0.80 auc 0.69,0.09,
OV10,aileron_step,lags+since,0.537,0.052,0.09/1.00 cat 0.40 auc nan,0.69/1.00 cat 1.00 auc 0.88,0.23/0.60 cat 0.60 auc 0.37,0.62/0.73 cat 0.80 auc 0.60,0.14,
OV10,aileron_step,since,0.55,0.057,0.09/1.00 cat 0.40 auc nan,0.46/1.00 cat 0.80 auc 0.86,0.08/0.50 cat 0.40 auc 0.44,0.31/0.80 cat 0.60 auc 0.67,0.0,
OV10,rudder_doublet,static,0.771,0.078,0.05/1.00 cat 0.20 auc nan,0.00/0.00 cat 0.00 auc 0.50,0.31/0.80 cat 0.60 auc 0.85,0.00/0.00 cat 0.40 auc 0.45,0.05,
OV10,rudder_doublet,lags,0.749,0.078,0.09/1.00 cat 0.40 auc nan,0.15/1.00 cat 0.40 auc 0.55,0.38/0.62 cat 0.80 auc 0.84,0.08/0.20 cat 0.40 auc 0.50,0.09,
OV10,rudder_doublet,lags+since,0.734,0.078,0.00/0.00 cat 0.00 auc nan,0.00/0.00 cat 0.00 auc 0.43,0.15/0.67 cat 0.60 auc 0.66,0.00/0.00 cat 0.20 auc 0.33,0.0,
OV10,rudder_doublet,since,0.747,0.082,0.00/0.00 cat 0.00 auc nan,0.00/0.00 cat 0.00 auc 0.52,0.23/0.75 cat 0.60 auc 0.85,0.00/0.00 cat 0.20 auc 0.37,0.0,
OV10,bank_hold,static,0.741,0.044,0.18/1.00 cat 0.40 auc nan,0.23/0.75 cat 0.60 auc 0.62,0.69/0.75 cat 1.00 auc 0.76,0.77/0.77 cat 1.00 auc 0.79,0.05,
OV10,bank_hold,lags,0.695,0.042,0.00/0.00 cat 0.00 auc nan,0.38/0.83 cat 0.80 auc 0.62,0.62/0.57 cat 1.00 auc 0.64,0.77/0.67 cat 1.00 auc 0.79,0.09,
OV10,bank_hold,lags+since,0.539,0.042,0.00/0.00 cat 0.00 auc nan,0.69/0.64 cat 1.00 auc 0.71,0.69/0.64 cat 0.80 auc 0.62,0.38/0.50 cat 0.80 auc 0.55,0.05,
OV10,bank_hold,since,0.556,0.037,0.05/1.00 cat 0.20 auc nan,0.46/0.67 cat 0.80 auc 0.74,0.77/0.71 cat 0.80 auc 0.64,0.54/0.70 cat 0.80 auc 0.62,0.05,
OV10,flap_extend,static,0.74,0.046,0.05/1.00 cat 0.20 auc nan,0.31/1.00 cat 0.60 auc 0.76,0.23/1.00 cat 0.40 auc 0.71,0.23/0.75 cat 0.60 auc 0.47,0.0,
OV10,flap_extend,lags,0.692,0.043,0.23/1.00 cat 0.40 auc nan,0.31/1.00 cat 0.80 auc 0.69,0.38/1.00 cat 0.60 auc 0.70,0.23/1.00 cat 0.40 auc 0.66,0.23,
OV10,flap_extend,lags+since,0.58,0.05,0.05/1.00 cat 0.20 auc nan,0.77/1.00 cat 1.00 auc 0.81,0.46/0.86 cat 0.80 auc 0.83,0.15/1.00 cat 0.20 auc 0.43,0.05,
OV10,flap_extend,since,0.584,0.048,0.09/1.00 cat 0.40 auc nan,0.77/1.00 cat 1.00 auc 0.95,0.38/1.00 cat 0.60 auc 0.74,0.23/1.00 cat 0.40 auc 0.42,0.05,
OV10,engine_cut,static,0.786,0.034,0.05/1.00 cat 0.20 auc nan,0.23/0.75 cat 0.60 auc 0.49,0.08/1.00 cat 0.20 auc 0.62,0.00/0.00 cat 0.40 auc 0.27,0.0,
OV10,engine_cut,lags,0.786,0.028,0.00/0.00 cat 0.00 auc nan,0.23/0.75 cat 0.60 auc 0.50,0.23/1.00 cat 0.40 auc 0.62,0.00/0.00 cat 0.40 auc 0.29,0.0,
OV10,engine_cut,lags+since,0.516,0.031,0.05/1.00 cat 0.20 auc nan,0.38/0.71 cat 0.80 auc 0.68,0.00/0.00 cat 0.00 auc 0.74,0.00/0.00 cat 0.40 auc 0.28,0.05,
OV10,engine_cut,since,0.516,0.03,0.05/1.00 cat 0.20 auc nan,0.54/0.78 cat 0.80 auc 0.66,0.00/0.00 cat 0.00 auc 0.76,0.00/0.00 cat 0.40 auc 0.32,0.0,
OV10,elev_doublet_distractor,static,0.781,0.083,0.00/0.00 cat 0.00 auc nan,0.00/0.00 cat 0.00 auc 0.48,0.00/0.00 cat 0.20 auc 0.81,0.00/0.00 cat 0.00 auc 0.54,0.0,
OV10,elev_doublet_distractor,lags,0.773,0.078,0.00/0.00 cat 0.00 auc nan,0.00/0.00 cat 0.00 auc 0.50,0.00/0.00 cat 0.40 auc 0.75,0.00/0.00 cat 0.40 auc 0.36,0.0,
OV10,elev_doublet_distractor,lags+since,0.759,0.08,0.09/1.00 cat 0.20 auc nan,0.00/0.00 cat 0.00 auc 0.38,0.15/0.67 cat 0.60 auc 0.64,0.08/0.50 cat 0.20 auc 0.49,0.0,
OV10,elev_doublet_distractor,since,0.764,0.084,0.05/1.00 cat 0.20 auc nan,0.00/0.00 cat 0.20 auc 0.38,0.08/0.33 cat 0.40 auc 0.65,0.00/0.00 cat 0.20 auc 0.33,0.09,
Short_S23,cruise,static,0.754,0.089,0.14/1.00 cat 0.40 auc nan,n/a,n/a,n/a,0.09,
Short_S23,cruise,lags,0.762,0.086,0.18/1.00 cat 0.40 auc nan,n/a,n/a,n/a,0.09,
Short_S23,cruise,lags+since,0.762,0.093,0.09/1.00 cat 0.20 auc nan,n/a,n/a,n/a,0.09,
Short_S23,cruise,since,0.763,0.087,0.09/1.00 cat 0.20 auc nan,n/a,n/a,n/a,0.0,
Short_S23,throttle_step,static,0.74,0.08,0.05/1.00 cat 0.20 auc nan,n/a,n/a,n/a,0.0,
Short_S23,throttle_step,lags,0.727,0.072,0.05/1.00 cat 0.20 auc nan,n/a,n/a,n/a,0.0,
Short_S23,throttle_step,lags+since,0.706,0.064,0.00/0.00 cat 0.00 auc nan,n/a,n/a,n/a,0.0,
Short_S23,throttle_step,since,0.719,0.073,0.00/0.00 cat 0.00 auc nan,n/a,n/a,n/a,0.0,
Short_S23,elev_doublet,static,0.773,0.092,0.05/1.00 cat 0.20 auc nan,n/a,n/a,n/a,0.0,
Short_S23,elev_doublet,lags,0.764,0.085,0.00/0.00 cat 0.00 auc nan,n/a,n/a,n/a,0.09,
Short_S23,elev_doublet,lags+since,0.725,0.085,0.14/1.00 cat 0.40 auc nan,n/a,n/a,n/a,0.05,
Short_S23,elev_doublet,since,0.733,0.083,0.00/0.00 cat 0.00 auc nan,n/a,n/a,n/a,0.09,
Short_S23,elev_step,static,0.78,0.081,0.00/0.00 cat 0.00 auc nan,n/a,n/a,n/a,0.0,
Short_S23,elev_step,lags,0.777,0.079,0.00/0.00 cat 0.00 auc nan,n/a,n/a,n/a,0.0,
Short_S23,elev_step,lags+since,0.765,0.088,0.00/0.00 cat 0.00 auc nan,n/a,n/a,n/a,0.0,
Short_S23,elev_step,since,0.773,0.083,0.00/0.00 cat 0.00 auc nan,n/a,n/a,n/a,0.0,
Short_S23,aileron_step,static,0.764,0.099,0.00/0.00 cat 0.00 auc nan,n/a,n/a,n/a,0.0,
Short_S23,aileron_step,lags,0.757,0.094,0.05/1.00 cat 0.20 auc nan,n/a,n/a,n/a,0.05,
Short_S23,aileron_step,lags+since,0.731,0.086,0.09/1.00 cat 0.20 auc nan,n/a,n/a,n/a,0.18,
Short_S23,aileron_step,since,0.738,0.087,0.09/1.00 cat 0.40 auc nan,n/a,n/a,n/a,0.18,
Short_S23,rudder_doublet,static,0.797,0.081,0.00/0.00 cat 0.00 auc nan,n/a,n/a,n/a,0.0,
Short_S23,rudder_doublet,lags,0.789,0.086,0.09/1.00 cat 0.20 auc nan,n/a,n/a,n/a,0.0,
Short_S23,rudder_doublet,lags+since,0.734,0.092,0.05/1.00 cat 0.20 auc nan,n/a,n/a,n/a,0.05,
Short_S23,rudder_doublet,since,0.747,0.085,0.00/0.00 cat 0.00 auc nan,n/a,n/a,n/a,0.0,
Short_S23,bank_hold,static,0.771,0.084,0.00/0.00 cat 0.00 auc nan,n/a,n/a,n/a,0.0,
Short_S23,bank_hold,lags,0.762,0.083,0.05/1.00 cat 0.20 auc nan,n/a,n/a,n/a,0.0,
Short_S23,bank_hold,lags+since,0.725,0.096,0.09/1.00 cat 0.20 auc nan,n/a,n/a,n/a,0.09,
Short_S23,bank_hold,since,0.733,0.087,0.05/1.00 cat 0.20 auc nan,n/a,n/a,n/a,0.09,
Short_S23,flap_extend,static,0.776,0.08,0.00/0.00 cat 0.00 auc nan,n/a,n/a,n/a,0.0,
Short_S23,flap_extend,lags,0.768,0.082,0.09/1.00 cat 0.40 auc nan,n/a,n/a,n/a,0.09,
Short_S23,flap_extend,lags+since,0.748,0.089,0.05/1.00 cat 0.20 auc nan,n/a,n/a,n/a,0.0,
Short_S23,flap_extend,since,0.738,0.101,0.00/0.00 cat 0.00 auc nan,n/a,n/a,n/a,0.0,
Short_S23,engine_cut,static,0.758,0.081,0.00/0.00 cat 0.00 auc nan,n/a,n/a,n/a,0.05,
Short_S23,engine_cut,lags,0.757,0.08,0.00/0.00 cat 0.00 auc nan,n/a,n/a,n/a,0.0,
Short_S23,engine_cut,lags+since,0.628,0.088,0.00/0.00 cat 0.00 auc nan,n/a,n/a,n/a,0.0,
Short_S23,engine_cut,since,0.629,0.087,0.00/0.00 cat 0.00 auc nan,n/a,n/a,n/a,0.0,
Short_S23,climbing_turn,static,0.716,0.065,0.05/1.00 cat 0.20 auc nan,n/a,n/a,n/a,0.05,
Short_S23,climbing_turn,lags,0.667,0.062,0.05/1.00 cat 0.20 auc nan,n/a,n/a,n/a,0.14,
Short_S23,climbing_turn,lags+since,0.637,0.072,0.00/0.00 cat 0.00 auc nan,n/a,n/a,n/a,0.0,
Short_S23,climbing_turn,since,0.637,0.067,0.05/1.00 cat 0.20 auc nan,n/a,n/a,n/a,0.0,
Short_S23,elev_doublet_distractor,static,0.756,0.109,0.18/1.00 cat 0.60 auc nan,n/a,n/a,n/a,0.14,
Short_S23,elev_doublet_distractor,lags,0.757,0.106,0.05/1.00 cat 0.20 auc nan,n/a,n/a,n/a,0.05,
Short_S23,elev_doublet_distractor,lags+since,0.738,0.099,0.09/1.00 cat 0.40 auc nan,n/a,n/a,n/a,0.09,
Short_S23,elev_doublet_distractor,since,0.743,0.106,0.09/1.00 cat 0.40 auc nan,n/a,n/a,n/a,0.09,
Short_S23,engine_stop,static,0.768,0.072,0.05/1.00 cat 0.20 auc nan,n/a,n/a,n/a,0.05,
Short_S23,engine_stop,lags,0.769,0.072,0.05/1.00 cat 0.20 auc nan,n/a,n/a,n/a,0.05,
Short_S23,engine_stop,lags+since,0.654,0.086,0.18/1.00 cat 0.40 auc nan,n/a,n/a,n/a,0.27,
Short_S23,engine_stop,since,0.652,0.087,0.18/1.00 cat 0.40 auc nan,n/a,n/a,n/a,0.27,
T37,cruise,static,0.796,0.072,0.14/1.00 cat 0.40 auc nan,0.00/0.00 cat 0.00 auc 0.24,0.08/1.00 cat 0.20 auc 0.71,0.38/0.83 cat 0.60 auc 0.69,0.0,
T37,cruise,lags,0.789,0.078,0.09/1.00 cat 0.20 auc nan,0.00/0.00 cat 0.00 auc 0.32,0.00/0.00 cat 0.00 auc 0.69,0.54/0.88 cat 0.60 auc 0.74,0.0,
T37,cruise,lags+since,0.789,0.078,0.09/1.00 cat 0.20 auc nan,0.00/0.00 cat 0.00 auc 0.27,0.08/1.00 cat 0.20 auc 0.85,0.38/0.83 cat 0.60 auc 0.69,0.0,
T37,cruise,since,0.786,0.08,0.09/1.00 cat 0.20 auc nan,0.00/0.00 cat 0.00 auc 0.26,0.08/1.00 cat 0.20 auc 0.79,0.46/0.86 cat 0.60 auc 0.73,0.0,
T37,throttle_step,static,0.764,0.066,0.05/1.00 cat 0.20 auc nan,0.00/0.00 cat 0.00 auc 0.71,0.15/0.50 cat 0.60 auc 0.39,0.46/0.67 cat 0.60 auc 0.47,0.05,
T37,throttle_step,lags,0.765,0.066,0.05/1.00 cat 0.20 auc nan,0.08/1.00 cat 0.20 auc 0.71,0.00/0.00 cat 0.20 auc 0.23,0.31/0.44 cat 0.60 auc 0.45,0.0,
T37,throttle_step,lags+since,0.746,0.06,0.18/1.00 cat 0.40 auc nan,0.15/1.00 cat 0.40 auc 0.66,0.00/0.00 cat 0.00 auc 0.26,0.23/0.60 cat 0.40 auc 0.44,0.18,
T37,throttle_step,since,0.755,0.063,0.09/1.00 cat 0.20 auc nan,0.08/0.33 cat 0.20 auc 0.74,0.00/0.00 cat 0.20 auc 0.30,0.31/0.50 cat 0.60 auc 0.51,0.14,
T37,elev_doublet,static,0.753,0.093,0.27/1.00 cat 0.60 auc nan,0.15/0.40 cat 0.40 auc 0.55,0.31/0.67 cat 0.60 auc 0.51,0.38/0.83 cat 0.40 auc 0.75,0.32,
T37,elev_doublet,lags,0.752,0.086,0.23/1.00 cat 0.80 auc nan,0.08/0.50 cat 0.40 auc 0.44,0.38/0.71 cat 0.80 auc 0.46,0.38/1.00 cat 0.60 auc 0.71,0.18,
T37,elev_doublet,lags+since,0.732,0.082,0.14/1.00 cat 0.60 auc nan,0.08/0.25 cat 0.40 auc 0.49,0.46/0.75 cat 0.80 auc 0.69,0.46/0.86 cat 0.60 auc 0.86,0.23,
T37,elev_doublet,since,0.738,0.081,0.05/1.00 cat 0.20 auc nan,0.00/0.00 cat 0.00 auc 0.62,0.38/1.00 cat 0.60 auc 0.74,0.46/0.86 cat 0.60 auc 0.79,0.09,
T37,elev_step,static,0.772,0.071,0.18/1.00 cat 0.60 auc nan,0.00/0.00 cat 0.00 auc 0.45,0.31/0.80 cat 0.60 auc 0.37,0.08/0.33 cat 0.40 auc 0.26,0.0,
T37,elev_step,lags,0.756,0.07,0.18/1.00 cat 0.60 auc nan,0.15/1.00 cat 0.20 auc 0.46,0.31/0.80 cat 0.60 auc 0.40,0.08/0.50 cat 0.40 auc 0.15,0.09,
T37,elev_step,lags+since,0.691,0.06,0.14/1.00 cat 0.40 auc nan,0.31/0.80 cat 0.80 auc 0.53,0.15/1.00 cat 0.20 auc 0.31,0.23/0.75 cat 0.40 auc 0.28,0.05,
T37,elev_step,since,0.696,0.058,0.09/1.00 cat 0.20 auc nan,0.15/0.67 cat 0.60 auc 0.46,0.15/1.00 cat 0.20 auc 0.34,0.23/1.00 cat 0.40 auc 0.26,0.05,
T37,aileron_step,static,0.741,0.051,0.14/1.00 cat 0.40 auc nan,0.38/0.71 cat 0.80 auc 0.79,0.54/0.70 cat 0.80 auc 0.68,0.62/0.62 cat 1.00 auc 0.74,0.09,
T37,aileron_step,lags,0.694,0.051,0.23/1.00 cat 0.40 auc nan,0.15/1.00 cat 0.40 auc 0.76,0.77/0.67 cat 1.00 auc 0.68,0.85/0.69 cat 1.00 auc 0.75,0.0,
T37,aileron_step,lags+since,0.592,0.065,0.09/1.00 cat 0.40 auc nan,0.08/0.50 cat 0.40 auc 0.52,0.54/0.78 cat 1.00 auc 0.69,0.15/0.33 cat 0.80 auc 0.41,0.0,
T37,aileron_step,since,0.593,0.067,0.32/1.00 cat 0.80 auc nan,0.08/0.33 cat 0.60 auc 0.40,0.62/0.89 cat 1.00 auc 0.77,0.23/0.50 cat 0.80 auc 0.52,0.09,
T37,rudder_doublet,static,0.771,0.091,0.09/1.00 cat 0.40 auc nan,0.08/0.50 cat 0.20 auc 0.44,0.00/0.00 cat 0.20 auc 0.55,0.38/0.83 cat 0.40 auc 0.56,0.05,
T37,rudder_doublet,lags,0.76,0.089,0.00/0.00 cat 0.00 auc nan,0.00/0.00 cat 0.00 auc 0.45,0.15/1.00 cat 0.40 auc 0.69,0.31/1.00 cat 0.40 auc 0.55,0.0,
T37,rudder_doublet,lags+since,0.754,0.075,0.09/1.00 cat 0.20 auc nan,0.08/0.50 cat 0.40 auc 0.35,0.08/0.50 cat 0.40 auc 0.26,0.38/0.71 cat 0.60 auc 0.55,0.09,
T37,rudder_doublet,since,0.771,0.074,0.00/0.00 cat 0.00 auc nan,0.00/0.00 cat 0.00 auc 0.39,0.00/0.00 cat 0.20 auc 0.25,0.38/0.83 cat 0.40 auc 0.57,0.0,
T37,bank_hold,static,0.758,0.071,0.05/1.00 cat 0.20 auc nan,0.08/1.00 cat 0.20 auc 0.51,0.00/0.00 cat 0.60 auc 0.36,0.15/0.29 cat 0.80 auc 0.58,0.0,
T37,bank_hold,lags,0.722,0.071,0.05/1.00 cat 0.20 auc nan,0.00/0.00 cat 0.20 auc 0.52,0.08/0.25 cat 0.80 auc 0.30,0.46/0.55 cat 1.00 auc 0.70,0.05,
T37,bank_hold,lags+since,0.603,0.047,0.27/1.00 cat 0.60 auc nan,0.15/0.50 cat 0.20 auc 0.39,0.08/0.33 cat 0.60 auc 0.71,0.54/0.64 cat 0.80 auc 0.63,0.0,
T37,bank_hold,since,0.614,0.056,0.00/0.00 cat 0.00 auc nan,0.15/1.00 cat 0.20 auc 0.48,0.08/1.00 cat 0.20 auc 0.69,0.69/0.90 cat 0.80 auc 0.72,0.0,
T37,flap_extend,static,0.725,0.055,0.00/0.00 cat 0.00 auc nan,0.15/1.00 cat 0.40 auc 0.36,0.08/1.00 cat 0.20 auc 0.65,0.08/1.00 cat 0.20 auc 0.48,0.0,
T37,flap_extend,lags,0.682,0.056,0.05/1.00 cat 0.20 auc nan,0.15/1.00 cat 0.40 auc 0.43,0.15/1.00 cat 0.40 auc 0.67,0.15/1.00 cat 0.40 auc 0.33,0.0,
T37,flap_extend,lags+since,0.588,0.042,0.05/1.00 cat 0.20 auc nan,0.46/0.86 cat 0.60 auc 0.57,0.08/1.00 cat 0.20 auc 0.57,0.31/1.00 cat 0.60 auc 0.57,0.05,
T37,flap_extend,since,0.596,0.05,0.05/1.00 cat 0.20 auc nan,0.38/0.83 cat 0.60 auc 0.60,0.08/1.00 cat 0.20 auc 0.47,0.38/1.00 cat 0.60 auc 0.50,0.05,
T37,engine_cut,static,0.796,0.043,0.05/1.00 cat 0.20 auc nan,0.08/1.00 cat 0.20 auc 0.59,0.00/0.00 cat 0.20 auc 0.53,0.31/0.67 cat 0.60 auc 0.53,0.05,
T37,engine_cut,lags,0.795,0.044,0.09/1.00 cat 0.20 auc nan,0.08/1.00 cat 0.20 auc 0.60,0.00/0.00 cat 0.20 auc 0.54,0.31/0.67 cat 0.60 auc 0.52,0.14,
T37,engine_cut,lags+since,0.545,0.047,0.14/1.00 cat 0.20 auc nan,0.15/0.67 cat 0.60 auc 0.65,0.00/0.00 cat 0.20 auc 0.28,0.54/0.70 cat 0.60 auc 0.69,0.05,
T37,engine_cut,since,0.543,0.046,0.00/0.00 cat 0.00 auc nan,0.15/0.67 cat 0.60 auc 0.64,0.00/0.00 cat 0.20 auc 0.25,0.54/0.70 cat 0.60 auc 0.68,0.05,
T37,elev_doublet_distractor,static,0.768,0.083,0.14/1.00 cat 0.40 auc nan,0.00/0.00 cat 0.00 auc 0.82,0.15/0.50 cat 0.60 auc 0.50,0.23/0.50 cat 0.60 auc 0.38,0.0,
T37,elev_doublet_distractor,lags,0.754,0.09,0.09/1.00 cat 0.40 auc nan,0.00/0.00 cat 0.00 auc 0.57,0.15/0.33 cat 0.60 auc 0.56,0.46/0.67 cat 0.80 auc 0.45,0.05,
T37,elev_doublet_distractor,lags+since,0.743,0.085,0.23/1.00 cat 0.40 auc nan,0.08/1.00 cat 0.20 auc 0.71,0.23/0.60 cat 0.40 auc 0.59,0.23/0.50 cat 0.40 auc 0.25,0.0,
T37,elev_doublet_distractor,since,0.746,0.085,0.09/1.00 cat 0.20 auc nan,0.08/1.00 cat 0.20 auc 0.51,0.15/0.67 cat 0.20 auc 0.57,0.15/0.33 cat 0.60 auc 0.23,0.0,
T38,cruise,static,0.722,0.096,0.05/1.00 cat 0.20 auc nan,0.08/1.00 cat 0.20 auc 0.54,0.31/1.00 cat 0.60 auc 0.85,0.46/1.00 cat 0.60 auc 0.82,0.05,
T38,cruise,lags,0.737,0.066,0.05/1.00 cat 0.20 auc nan,0.00/0.00 cat 0.00 auc 0.63,0.31/1.00 cat 0.60 auc 0.66,0.46/1.00 cat 0.60 auc 0.74,0.0,
T38,cruise,lags+since,0.724,0.078,0.05/1.00 cat 0.20 auc nan,0.08/1.00 cat 0.20 auc 0.44,0.38/1.00 cat 0.60 auc 0.67,0.46/1.00 cat 0.60 auc 0.75,0.05,
T38,cruise,since,0.729,0.096,0.05/1.00 cat 0.20 auc nan,0.08/1.00 cat 0.20 auc 0.67,0.31/1.00 cat 0.60 auc 0.85,0.46/1.00 cat 0.60 auc 0.84,0.05,
T38,throttle_step,static,0.747,0.074,0.09/1.00 cat 0.40 auc nan,0.08/1.00 cat 0.20 auc 0.60,0.15/1.00 cat 0.40 auc 0.51,0.46/1.00 cat 0.80 auc 0.71,0.05,
T38,throttle_step,lags,0.743,0.065,0.09/1.00 cat 0.40 auc nan,0.08/1.00 cat 0.20 auc 0.43,0.15/1.00 cat 0.40 auc 0.48,0.31/1.00 cat 0.60 auc 0.70,0.0,
T38,throttle_step,lags+since,0.731,0.072,0.09/1.00 cat 0.40 auc nan,0.00/0.00 cat 0.00 auc 0.39,0.15/1.00 cat 0.40 auc 0.41,0.23/1.00 cat 0.40 auc 0.65,0.0,
T38,throttle_step,since,0.737,0.072,0.09/1.00 cat 0.40 auc nan,0.15/1.00 cat 0.40 auc 0.48,0.23/1.00 cat 0.60 auc 0.50,0.38/1.00 cat 0.60 auc 0.74,0.09,
T38,elev_doublet,static,0.742,0.094,0.00/0.00 cat 0.00 auc nan,0.00/0.00 cat 0.20 auc 0.59,0.54/0.70 cat 1.00 auc 0.79,0.38/0.71 cat 0.80 auc 0.70,0.09,
T38,elev_doublet,lags,0.732,0.08,0.14/1.00 cat 0.60 auc nan,0.15/0.67 cat 0.20 auc 0.76,0.31/0.67 cat 0.60 auc 0.84,0.23/0.43 cat 0.80 auc 0.62,0.05,
T38,elev_doublet,lags+since,0.734,0.078,0.14/1.00 cat 0.60 auc nan,0.08/0.33 cat 0.40 auc 0.66,0.54/0.78 cat 1.00 auc 0.82,0.31/0.67 cat 0.60 auc 0.74,0.18,
T38,elev_doublet,since,0.732,0.089,0.05/1.00 cat 0.20 auc nan,0.00/0.00 cat 0.40 auc 0.74,0.54/0.70 cat 1.00 auc 0.80,0.38/0.62 cat 0.60 auc 0.71,0.18,
T38,elev_step,static,0.75,0.056,0.09/1.00 cat 0.40 auc nan,0.00/0.00 cat 0.00 auc 0.53,0.46/0.86 cat 0.80 auc 0.69,0.54/0.64 cat 0.80 auc 0.63,0.0,
T38,elev_step,lags,0.727,0.051,0.05/1.00 cat 0.20 auc nan,0.00/0.00 cat 0.20 auc 0.38,0.31/0.80 cat 0.80 auc 0.71,0.62/0.73 cat 0.80 auc 0.68,0.05,
T38,elev_step,lags+since,0.67,0.06,0.05/1.00 cat 0.20 auc nan,0.00/0.00 cat 0.20 auc 0.38,0.15/0.67 cat 0.40 auc 0.56,0.46/0.67 cat 0.80 auc 0.55,0.05,
T38,elev_step,since,0.668,0.06,0.00/0.00 cat 0.00 auc nan,0.00/0.00 cat 0.00 auc 0.27,0.23/0.75 cat 0.60 auc 0.59,0.62/0.80 cat 0.80 auc 0.63,0.0,
T38,aileron_step,static,0.697,0.076,0.05/1.00 cat 0.20 auc nan,0.15/0.67 cat 0.60 auc 0.63,0.69/0.64 cat 1.00 auc 0.76,0.69/0.64 cat 1.00 auc 0.79,0.05,
T38,aileron_step,lags,0.653,0.071,0.09/1.00 cat 0.20 auc nan,0.23/1.00 cat 0.40 auc 0.71,0.92/0.71 cat 1.00 auc 0.74,0.92/0.71 cat 1.00 auc 0.76,0.14,
T38,aileron_step,lags+since,0.594,0.07,0.00/0.00 cat 0.00 auc nan,0.08/0.50 cat 0.40 auc 0.60,0.08/0.20 cat 0.60 auc 0.38,0.23/0.43 cat 0.60 auc 0.36,0.05,
T38,aileron_step,since,0.591,0.071,0.05/1.00 cat 0.20 auc nan,0.00/0.00 cat 0.00 auc 0.56,0.15/0.67 cat 0.60 auc 0.36,0.31/0.67 cat 0.60 auc 0.44,0.0,
T38,rudder_doublet,static,0.713,0.097,0.09/1.00 cat 0.20 auc nan,0.00/0.00 cat 0.20 auc 0.44,0.00/0.00 cat 0.20 auc 0.68,0.46/0.67 cat 0.60 auc 0.81,0.05,
T38,rudder_doublet,lags,0.706,0.08,0.18/1.00 cat 0.40 auc nan,0.00/0.00 cat 0.20 auc 0.50,0.23/0.75 cat 0.40 auc 0.72,0.54/1.00 cat 0.80 auc 0.83,0.09,
T38,rudder_doublet,lags+since,0.707,0.088,0.05/1.00 cat 0.20 auc nan,0.00/0.00 cat 0.20 auc 0.48,0.08/0.33 cat 0.60 auc 0.57,0.46/1.00 cat 0.60 auc 0.83,0.05,
T38,rudder_doublet,since,0.703,0.1,0.09/1.00 cat 0.20 auc nan,0.00/0.00 cat 0.00 auc 0.56,0.08/0.50 cat 0.40 auc 0.72,0.62/1.00 cat 0.80 auc 0.92,0.0,
T38,bank_hold,static,0.67,0.052,0.00/0.00 cat 0.00 auc nan,0.00/0.00 cat 0.00 auc 0.60,1.00/0.76 cat 1.00 auc 0.82,1.00/0.68 cat 1.00 auc 0.83,0.05,
T38,bank_hold,lags,0.626,0.064,0.05/1.00 cat 0.20 auc nan,0.00/0.00 cat 0.00 auc 0.68,1.00/0.68 cat 1.00 auc 0.79,1.00/0.65 cat 1.00 auc 0.79,0.05,
T38,bank_hold,lags+since,0.573,0.062,0.05/1.00 cat 0.20 auc nan,0.08/0.50 cat 0.40 auc 0.28,0.15/0.29 cat 0.60 auc 0.62,0.31/0.44 cat 0.80 auc 0.48,0.05,
T38,bank_hold,since,0.569,0.056,0.00/0.00 cat 0.00 auc nan,0.08/0.50 cat 0.20 auc 0.25,0.15/0.33 cat 0.80 auc 0.41,0.38/0.62 cat 0.80 auc 0.49,0.05,
T38,flap_extend,static,0.662,0.049,0.00/0.00 cat 0.00 auc nan,0.08/1.00 cat 0.20 auc 0.23,n/a,0.62/0.89 cat 0.80 auc 0.85,0.09,
T38,flap_extend,lags,0.614,0.039,0.14/1.00 cat 0.40 auc nan,0.08/0.50 cat 0.40 auc 0.66,n/a,0.85/1.00 cat 1.00 auc 1.00,0.09,
T38,flap_extend,lags+since,0.513,0.043,0.14/1.00 cat 0.40 auc nan,0.15/0.50 cat 0.20 auc 0.42,n/a,0.62/0.89 cat 0.60 auc 0.93,0.05,
T38,flap_extend,since,0.518,0.041,0.05/1.00 cat 0.20 auc nan,0.08/1.00 cat 0.20 auc 0.57,n/a,0.54/1.00 cat 0.60 auc 0.95,0.0,
T38,engine_cut,static,0.632,0.046,0.05/1.00 cat 0.20 auc nan,0.08/1.00 cat 0.20 auc 0.30,1.00/0.68 cat 1.00 auc 0.79,1.00/0.68 cat 1.00 auc 0.74,0.0,
T38,engine_cut,lags,0.567,0.049,0.05/1.00 cat 0.20 auc nan,0.08/1.00 cat 0.20 auc 0.39,1.00/0.65 cat 1.00 auc 0.74,1.00/0.65 cat 1.00 auc 0.70,0.0,
T38,engine_cut,lags+since,0.477,0.031,0.05/1.00 cat 0.20 auc nan,0.08/0.50 cat 0.40 auc 0.30,0.77/0.83 cat 1.00 auc 0.65,0.77/0.83 cat 1.00 auc 0.74,0.05,
T38,engine_cut,since,0.476,0.028,0.05/1.00 cat 0.20 auc nan,0.08/1.00 cat 0.20 auc 0.57,0.46/0.67 cat 0.60 auc 0.64,0.46/0.75 cat 0.80 auc 0.71,0.0,
T38,climbing_turn,static,0.551,0.051,0.18/1.00 cat 0.60 auc nan,0.23/1.00 cat 0.40 auc 0.50,0.77/0.77 cat 1.00 auc 0.75,n/a,,n/a
T38,climbing_turn,lags,0.519,0.046,0.05/1.00 cat 0.20 auc nan,0.00/0.00 cat 0.00 auc 0.32,1.00/0.81 cat 1.00 auc 0.84,n/a,,n/a
T38,climbing_turn,lags+since,0.483,0.039,0.00/0.00 cat 0.00 auc nan,0.15/0.40 cat 0.80 auc 0.24,0.15/0.67 cat 0.40 auc 0.54,n/a,,n/a
T38,climbing_turn,since,0.484,0.038,0.05/1.00 cat 0.20 auc nan,0.08/0.50 cat 0.40 auc 0.32,0.08/0.33 cat 0.60 auc 0.25,n/a,,n/a
T38,elev_doublet_distractor,static,0.718,0.091,0.05/1.00 cat 0.20 auc nan,0.08/0.50 cat 0.40 auc 0.54,0.38/0.62 cat 0.80 auc 0.58,0.77/0.83 cat 1.00 auc 0.87,0.18,
T38,elev_doublet_distractor,lags,0.727,0.07,0.09/1.00 cat 0.40 auc nan,0.15/0.50 cat 0.60 auc 0.62,0.23/0.60 cat 0.60 auc 0.62,0.62/0.73 cat 0.60 auc 0.78,0.18,
T38,elev_doublet_distractor,lags+since,0.706,0.076,0.27/1.00 cat 0.60 auc nan,0.15/0.67 cat 0.40 auc 0.41,0.15/0.29 cat 0.60 auc 0.56,0.62/0.67 cat 0.80 auc 0.76,0.14,
T38,elev_doublet_distractor,since,0.706,0.092,0.05/1.00 cat 0.20 auc nan,0.08/0.33 cat 0.60 auc 0.45,0.15/0.67 cat 0.60 auc 0.48,0.54/0.88 cat 0.80 auc 0.77,0.14,
c172p,cruise,static,0.772,0.078,0.05/1.00 cat 0.20 auc nan,0.08/0.50 cat 0.40 auc 0.46,0.00/0.00 cat 0.20 auc 0.63,0.15/1.00 cat 0.40 auc 0.62,0.09,
c172p,cruise,lags,0.771,0.082,0.05/1.00 cat 0.20 auc nan,0.00/0.00 cat 0.20 auc 0.48,0.08/0.50 cat 0.40 auc 0.61,0.15/1.00 cat 0.40 auc 0.55,0.09,
c172p,cruise,lags+since,0.771,0.082,0.05/1.00 cat 0.20 auc nan,0.08/0.50 cat 0.40 auc 0.49,0.08/0.50 cat 0.40 auc 0.60,0.15/1.00 cat 0.40 auc 0.61,0.14,
c172p,cruise,since,0.773,0.081,0.05/1.00 cat 0.20 auc nan,0.08/0.50 cat 0.40 auc 0.50,0.08/0.50 cat 0.40 auc 0.59,0.15/1.00 cat 0.40 auc 0.53,0.14,
c172p,throttle_step,static,0.761,0.064,0.18/1.00 cat 0.60 auc nan,0.00/0.00 cat 0.40 auc 0.00,0.00/0.00 cat 0.00 auc 0.24,0.23/1.00 cat 0.20 auc 0.47,0.09,
c172p,throttle_step,lags,0.76,0.059,0.14/1.00 cat 0.40 auc nan,0.00/0.00 cat 0.20 auc 0.10,0.00/0.00 cat 0.00 auc 0.21,0.00/0.00 cat 0.20 auc 0.42,0.05,
c172p,throttle_step,lags+since,0.75,0.057,0.05/1.00 cat 0.20 auc nan,0.00/0.00 cat 0.00 auc 0.44,0.00/0.00 cat 0.20 auc 0.28,0.23/0.75 cat 0.40 auc 0.63,0.0,
c172p,throttle_step,since,0.753,0.061,0.09/1.00 cat 0.40 auc nan,0.00/0.00 cat 0.40 auc 0.20,0.00/0.00 cat 0.00 auc 0.20,0.23/1.00 cat 0.20 auc 0.55,0.05,
c172p,elev_doublet,static,0.798,0.068,0.00/0.00 cat 0.00 auc nan,0.00/0.00 cat 0.00 auc 0.37,0.00/0.00 cat 0.00 auc 0.28,0.08/1.00 cat 0.20 auc 0.41,0.0,
c172p,elev_doublet,lags,0.791,0.067,0.05/1.00 cat 0.20 auc nan,0.00/0.00 cat 0.20 auc 0.31,0.00/0.00 cat 0.40 auc 0.23,0.00/0.00 cat 0.20 auc 0.39,0.05,
c172p,elev_doublet,lags+since,0.773,0.066,0.00/0.00 cat 0.00 auc nan,0.08/0.50 cat 0.40 auc 0.50,0.00/0.00 cat 0.00 auc 0.49,0.23/1.00 cat 0.60 auc 0.78,0.09,
c172p,elev_doublet,since,0.766,0.075,0.05/1.00 cat 0.20 auc nan,0.00/0.00 cat 0.00 auc 0.44,0.00/0.00 cat 0.20 auc 0.50,0.08/1.00 cat 0.20 auc 0.62,0.0,
c172p,elev_step,static,0.758,0.06,0.09/1.00 cat 0.40 auc nan,0.00/0.00 cat 0.00 auc 0.76,0.00/0.00 cat 0.20 auc 0.56,0.23/1.00 cat 0.20 auc 0.32,0.0,
c172p,elev_step,lags,0.75,0.059,0.09/1.00 cat 0.20 auc nan,0.00/0.00 cat 0.00 auc 0.61,0.00/0.00 cat 0.00 auc 0.43,0.23/1.00 cat 0.20 auc 0.22,0.14,
c172p,elev_step,lags+since,0.732,0.056,0.05/1.00 cat 0.20 auc nan,0.00/0.00 cat 0.00 auc 0.69,0.00/0.00 cat 0.00 auc 0.56,0.23/0.75 cat 0.40 auc 0.37,0.05,
c172p,elev_step,since,0.74,0.058,0.09/1.00 cat 0.40 auc nan,0.08/1.00 cat 0.20 auc 0.64,0.00/0.00 cat 0.20 auc 0.42,0.15/1.00 cat 0.20 auc 0.33,0.09,
c172p,aileron_step,static,0.752,0.076,0.18/1.00 cat 0.60 auc nan,0.00/0.00 cat 0.20 auc 0.70,0.08/1.00 cat 0.20 auc 0.51,0.15/1.00 cat 0.40 auc 0.55,0.18,
c172p,aileron_step,lags,0.728,0.082,0.09/1.00 cat 0.40 auc nan,0.00/0.00 cat 0.20 auc 0.70,0.00/0.00 cat 0.00 auc 0.41,0.00/0.00 cat 0.00 auc 0.72,0.05,
c172p,aileron_step,lags+since,0.677,0.076,0.23/1.00 cat 0.40 auc nan,0.23/0.75 cat 0.60 auc 0.74,0.00/0.00 cat 0.00 auc 0.36,0.00/0.00 cat 0.00 auc 0.60,0.18,
c172p,aileron_step,since,0.681,0.076,0.09/1.00 cat 0.20 auc nan,0.15/0.67 cat 0.40 auc 0.69,0.08/0.50 cat 0.20 auc 0.44,0.15/0.67 cat 0.40 auc 0.61,0.14,
c172p,rudder_doublet,static,0.758,0.1,0.14/1.00 cat 0.40 auc nan,0.08/0.33 cat 0.20 auc 0.52,0.23/0.50 cat 0.40 auc 0.55,0.23/0.60 cat 0.60 auc 0.56,0.14,
c172p,rudder_doublet,lags,0.753,0.086,0.09/1.00 cat 0.20 auc nan,0.00/0.00 cat 0.20 auc 0.36,0.23/1.00 cat 0.40 auc 0.65,0.15/1.00 cat 0.40 auc 0.69,0.14,
c172p,rudder_doublet,lags+since,0.747,0.075,0.14/1.00 cat 0.40 auc nan,0.00/0.00 cat 0.40 auc 0.53,0.23/1.00 cat 0.40 auc 0.74,0.23/1.00 cat 0.40 auc 0.53,0.09,
c172p,rudder_doublet,since,0.752,0.082,0.09/1.00 cat 0.40 auc nan,0.00/0.00 cat 0.20 auc 0.56,0.15/0.67 cat 0.40 auc 0.80,0.23/1.00 cat 0.40 auc 0.52,0.09,
c172p,bank_hold,static,0.784,0.069,0.05/1.00 cat 0.20 auc nan,0.00/0.00 cat 0.00 auc 0.63,0.00/0.00 cat 0.00 auc 0.83,0.08/0.50 cat 0.40 auc 0.64,0.0,
c172p,bank_hold,lags,0.763,0.074,0.00/0.00 cat 0.00 auc nan,0.00/0.00 cat 0.00 auc 0.71,0.00/0.00 cat 0.00 auc 0.67,0.08/1.00 cat 0.20 auc 0.62,0.0,
c172p,bank_hold,lags+since,0.733,0.08,0.09/1.00 cat 0.40 auc nan,0.08/1.00 cat 0.20 auc 0.68,0.00/0.00 cat 0.00 auc 0.57,0.23/1.00 cat 0.40 auc 0.55,0.05,
c172p,bank_hold,since,0.74,0.07,0.05/1.00 cat 0.20 auc nan,0.08/1.00 cat 0.20 auc 0.77,0.00/0.00 cat 0.20 auc 0.59,0.15/0.67 cat 0.40 auc 0.70,0.05,
c172p,flap_extend,static,0.767,0.077,0.09/1.00 cat 0.40 auc nan,0.00/0.00 cat 0.00 auc 0.60,0.31/1.00 cat 0.40 auc 0.65,0.15/1.00 cat 0.40 auc 0.38,0.05,
c172p,flap_extend,lags,0.766,0.074,0.05/1.00 cat 0.20 auc nan,0.00/0.00 cat 0.00 auc 0.51,0.23/0.75 cat 0.60 auc 0.79,0.00/0.00 cat 0.20 auc 0.56,0.05,
c172p,flap_extend,lags+since,0.772,0.064,0.09/1.00 cat 0.40 auc nan,0.00/0.00 cat 0.00 auc 0.44,0.23/0.75 cat 0.60 auc 0.57,0.08/0.50 cat 0.40 auc 0.52,0.09,
c172p,flap_extend,since,0.776,0.067,0.05/1.00 cat 0.20 auc nan,0.00/0.00 cat 0.00 auc 0.42,0.08/1.00 cat 0.20 auc 0.44,0.15/1.00 cat 0.40 auc 0.35,0.05,
c172p,climbing_turn,static,0.724,0.056,0.05/1.00 cat 0.20 auc nan,0.00/0.00 cat 0.00 auc 0.26,0.00/0.00 cat 0.00 auc 0.09,0.00/0.00 cat 0.00 auc 0.66,0.0,
c172p,climbing_turn,lags,0.699,0.062,0.09/1.00 cat 0.40 auc nan,0.08/1.00 cat 0.20 auc 0.55,0.08/1.00 cat 0.20 auc 0.42,0.31/1.00 cat 0.60 auc 0.68,0.05,
c172p,climbing_turn,lags+since,0.676,0.059,0.05/1.00 cat 0.20 auc nan,0.00/0.00 cat 0.20 auc 0.26,0.00/0.00 cat 0.20 auc 0.13,0.08/0.50 cat 0.40 auc 0.56,0.09,
c172p,climbing_turn,since,0.677,0.05,0.00/0.00 cat 0.00 auc nan,0.00/0.00 cat 0.00 auc 0.28,0.00/0.00 cat 0.00 auc 0.30,0.46/1.00 cat 0.40 auc 0.70,0.0,
c172p,elev_doublet_distractor,static,0.771,0.074,0.09/1.00 cat 0.40 auc nan,0.08/1.00 cat 0.20 auc 0.54,0.00/0.00 cat 0.00 auc 0.48,0.23/1.00 cat 0.40 auc 0.54,0.05,
c172p,elev_doublet_distractor,lags,0.772,0.064,0.18/1.00 cat 0.40 auc nan,0.15/1.00 cat 0.20 auc 0.55,0.08/0.33 cat 0.40 auc 0.44,0.31/0.80 cat 0.40 auc 0.42,0.09,
c172p,elev_doublet_distractor,lags+since,0.754,0.073,0.18/1.00 cat 0.60 auc nan,0.00/0.00 cat 0.20 auc 0.35,0.00/0.00 cat 0.20 auc 0.56,0.23/0.75 cat 0.40 auc 0.74,0.09,
c172p,elev_doublet_distractor,since,0.765,0.068,0.09/1.00 cat 0.40 auc nan,0.00/0.00 cat 0.20 auc 0.34,0.08/0.33 cat 0.60 auc 0.54,0.08/0.50 cat 0.40 auc 0.44,0.09,
c172p,engine_stop,static,0.801,0.066,0.05/1.00 cat 0.20 auc nan,0.00/0.00 cat 0.00 auc 0.51,0.08/0.50 cat 0.20 auc 0.50,0.23/1.00 cat 0.40 auc 0.59,0.0,
c172p,engine_stop,lags,0.795,0.067,0.00/0.00 cat 0.00 auc nan,0.00/0.00 cat 0.00 auc 0.48,0.00/0.00 cat 0.00 auc 0.56,0.23/1.00 cat 0.40 auc 0.57,0.0,
c172p,engine_stop,lags+since,0.698,0.064,0.05/1.00 cat 0.20 auc nan,0.00/0.00 cat 0.00 auc 0.50,0.00/0.00 cat 0.00 auc 0.34,0.46/1.00 cat 0.40 auc 0.56,0.0,
c172p,engine_stop,since,0.697,0.063,0.05/1.00 cat 0.20 auc nan,0.00/0.00 cat 0.00 auc 0.50,0.08/1.00 cat 0.20 auc 0.38,0.46/1.00 cat 0.40 auc 0.67,0.0,
c172r,cruise,static,0.782,0.079,0.05/1.00 cat 0.20 auc nan,0.00/0.00 cat 0.00 auc 0.46,0.00/0.00 cat 0.00 auc 0.13,0.08/0.50 cat 0.40 auc 0.53,0.0,
c172r,cruise,lags,0.779,0.076,0.09/1.00 cat 0.40 auc nan,0.00/0.00 cat 0.20 auc 0.47,0.00/0.00 cat 0.00 auc 0.06,0.15/0.67 cat 0.40 auc 0.55,0.05,
c172r,cruise,lags+since,0.782,0.077,0.05/1.00 cat 0.20 auc nan,0.00/0.00 cat 0.20 auc 0.40,0.00/0.00 cat 0.00 auc 0.23,0.08/0.50 cat 0.40 auc 0.54,0.05,
c172r,cruise,since,0.774,0.079,0.05/1.00 cat 0.20 auc nan,0.00/0.00 cat 0.00 auc 0.48,0.00/0.00 cat 0.00 auc 0.32,0.31/0.67 cat 0.60 auc 0.49,0.0,
c172r,throttle_step,static,0.77,0.069,0.00/0.00 cat 0.00 auc nan,0.00/0.00 cat 0.00 auc 0.55,0.08/0.50 cat 0.40 auc 0.75,0.23/0.75 cat 0.40 auc 0.49,0.0,
c172r,throttle_step,lags,0.773,0.069,0.09/1.00 cat 0.20 auc nan,0.00/0.00 cat 0.40 auc 0.66,0.00/0.00 cat 0.20 auc 0.65,0.15/0.67 cat 0.40 auc 0.48,0.09,
c172r,throttle_step,lags+since,0.767,0.067,0.09/1.00 cat 0.20 auc nan,0.00/0.00 cat 0.00 auc 0.56,0.00/0.00 cat 0.00 auc 0.62,0.23/1.00 cat 0.40 auc 0.56,0.0,
c172r,throttle_step,since,0.776,0.065,0.09/1.00 cat 0.40 auc nan,0.00/0.00 cat 0.00 auc 0.62,0.08/1.00 cat 0.20 auc 0.59,0.31/1.00 cat 0.60 auc 0.55,0.0,
c172r,elev_doublet,static,0.767,0.086,0.18/1.00 cat 0.80 auc nan,0.08/1.00 cat 0.20 auc 0.39,0.00/0.00 cat 0.00 auc 0.24,0.08/1.00 cat 0.20 auc 0.48,0.05,
c172r,elev_doublet,lags,0.771,0.08,0.09/1.00 cat 0.40 auc nan,0.08/1.00 cat 0.20 auc 0.44,0.00/0.00 cat 0.20 auc 0.61,0.00/0.00 cat 0.00 auc 0.48,0.05,
c172r,elev_doublet,lags+since,0.753,0.078,0.00/0.00 cat 0.00 auc nan,0.08/1.00 cat 0.20 auc 0.62,0.23/0.75 cat 0.60 auc 0.51,0.08/0.50 cat 0.40 auc 0.62,0.0,
c172r,elev_doublet,since,0.748,0.086,0.09/1.00 cat 0.40 auc nan,0.00/0.00 cat 0.00 auc 0.49,0.08/0.33 cat 0.40 auc 0.60,0.15/0.67 cat 0.40 auc 0.45,0.0,
c172r,elev_step,static,0.783,0.067,0.14/1.00 cat 0.40 auc nan,0.08/0.50 cat 0.20 auc 0.53,0.08/0.50 cat 0.40 auc 0.61,0.00/0.00 cat 0.00 auc 0.66,0.14,
c172r,elev_step,lags,0.763,0.071,0.18/1.00 cat 0.60 auc nan,0.00/0.00 cat 0.60 auc 0.43,0.00/0.00 cat 0.20 auc 0.45,0.00/0.00 cat 0.40 auc 0.62,0.09,
c172r,elev_step,lags+since,0.757,0.063,0.09/1.00 cat 0.40 auc nan,0.00/0.00 cat 0.00 auc 0.34,0.08/1.00 cat 0.20 auc 0.26,0.00/0.00 cat 0.00 auc 0.34,0.05,
c172r,elev_step,since,0.755,0.068,0.05/1.00 cat 0.20 auc nan,0.00/0.00 cat 0.00 auc 0.32,0.00/0.00 cat 0.00 auc 0.31,0.00/0.00 cat 0.00 auc 0.53,0.0,
c172r,aileron_step,static,0.751,0.064,0.14/1.00 cat 0.40 auc nan,0.23/0.75 cat 0.80 auc 0.50,0.23/0.75 cat 0.40 auc 0.65,0.08/0.33 cat 0.40 auc 0.58,0.14,
c172r,aileron_step,lags,0.715,0.063,0.09/1.00 cat 0.20 auc nan,0.15/0.67 cat 0.40 auc 0.56,0.08/1.00 cat 0.20 auc 0.54,0.00/0.00 cat 0.20 auc 0.50,0.05,
c172r,aileron_step,lags+since,0.67,0.063,0.14/1.00 cat 0.60 auc nan,0.23/1.00 cat 0.40 auc 0.78,0.15/1.00 cat 0.40 auc 0.54,0.15/1.00 cat 0.40 auc 0.77,0.09,
c172r,aileron_step,since,0.678,0.06,0.05/1.00 cat 0.20 auc nan,0.08/1.00 cat 0.20 auc 0.61,0.08/0.50 cat 0.40 auc 0.49,0.15/1.00 cat 0.20 auc 0.62,0.05,
c172r,rudder_doublet,static,0.776,0.092,0.05/1.00 cat 0.20 auc nan,0.00/0.00 cat 0.20 auc 0.85,0.08/1.00 cat 0.20 auc 0.67,0.15/1.00 cat 0.20 auc 0.73,0.0,
c172r,rudder_doublet,lags,0.77,0.096,0.05/1.00 cat 0.20 auc nan,0.00/0.00 cat 0.00 auc 0.81,0.00/0.00 cat 0.00 auc 0.61,0.08/1.00 cat 0.20 auc 0.50,0.0,
c172r,rudder_doublet,lags+since,0.759,0.085,0.05/1.00 cat 0.20 auc nan,0.00/0.00 cat 0.00 auc 0.67,0.08/1.00 cat 0.20 auc 0.69,0.08/1.00 cat 0.20 auc 0.62,0.0,
c172r,rudder_doublet,since,0.764,0.088,0.00/0.00 cat 0.00 auc nan,0.00/0.00 cat 0.00 auc 0.69,0.31/1.00 cat 0.60 auc 0.70,0.00/0.00 cat 0.00 auc 0.65,0.05,
c172r,bank_hold,static,0.776,0.057,0.00/0.00 cat 0.00 auc nan,0.00/0.00 cat 0.00 auc 0.36,0.08/1.00 cat 0.20 auc 0.54,0.31/1.00 cat 0.40 auc 0.65,0.0,
c172r,bank_hold,lags,0.758,0.058,0.09/1.00 cat 0.40 auc nan,0.00/0.00 cat 0.00 auc 0.53,0.00/0.00 cat 0.00 auc 0.46,0.15/1.00 cat 0.20 auc 0.78,0.0,
c172r,bank_hold,lags+since,0.697,0.068,0.05/1.00 cat 0.20 auc nan,0.08/1.00 cat 0.20 auc 0.84,0.08/1.00 cat 0.20 auc 0.68,0.15/1.00 cat 0.20 auc 0.79,0.05,
c172r,bank_hold,since,0.701,0.066,0.09/1.00 cat 0.40 auc nan,0.15/1.00 cat 0.20 auc 0.85,0.08/1.00 cat 0.20 auc 0.69,0.31/1.00 cat 0.40 auc 0.80,0.09,
c172r,flap_extend,static,0.768,0.075,0.14/1.00 cat 0.20 auc nan,0.23/1.00 cat 0.20 auc 0.56,0.38/0.71 cat 0.60 auc 0.61,0.23/1.00 cat 0.40 auc 0.60,0.09,
c172r,flap_extend,lags,0.759,0.077,0.09/1.00 cat 0.20 auc nan,0.08/0.50 cat 0.20 auc 0.44,0.23/0.60 cat 0.60 auc 0.42,0.23/1.00 cat 0.40 auc 0.51,0.09,
c172r,flap_extend,lags+since,0.762,0.067,0.18/1.00 cat 0.40 auc nan,0.15/1.00 cat 0.20 auc 0.34,0.23/1.00 cat 0.20 auc 0.67,0.15/1.00 cat 0.20 auc 0.48,0.05,
c172r,flap_extend,since,0.765,0.073,0.09/1.00 cat 0.20 auc nan,0.15/1.00 cat 0.20 auc 0.62,0.31/1.00 cat 0.40 auc 0.68,0.15/1.00 cat 0.20 auc 0.55,0.14,
c172r,climbing_turn,static,0.715,0.063,0.05/1.00 cat 0.20 auc nan,0.08/1.00 cat 0.20 auc 0.56,0.08/1.00 cat 0.20 auc 0.35,0.46/0.86 cat 0.60 auc 0.68,0.0,
c172r,climbing_turn,lags,0.679,0.056,0.09/1.00 cat 0.40 auc nan,0.31/1.00 cat 0.40 auc 0.42,0.23/1.00 cat 0.40 auc 0.42,0.31/0.67 cat 0.80 auc 0.50,0.05,
c172r,climbing_turn,lags+since,0.651,0.051,0.18/1.00 cat 0.60 auc nan,0.31/0.67 cat 0.60 auc 0.64,0.38/0.83 cat 0.60 auc 0.73,0.85/0.85 cat 1.00 auc 0.84,0.14,
c172r,climbing_turn,since,0.651,0.055,0.00/0.00 cat 0.00 auc nan,0.23/1.00 cat 0.40 auc 0.64,0.15/0.67 cat 0.40 auc 0.58,0.54/0.78 cat 0.60 auc 0.76,0.14,
c172r,elev_doublet_distractor,static,0.774,0.068,0.14/1.00 cat 0.60 auc nan,0.08/0.50 cat 0.40 auc 0.56,0.38/1.00 cat 0.60 auc 0.78,0.31/1.00 cat 0.20 auc 0.70,0.23,
c172r,elev_doublet_distractor,lags,0.766,0.063,0.09/1.00 cat 0.40 auc nan,0.08/0.50 cat 0.40 auc 0.69,0.46/0.86 cat 1.00 auc 0.74,0.54/1.00 cat 0.40 auc 0.76,0.32,
c172r,elev_doublet_distractor,lags+since,0.74,0.06,0.14/1.00 cat 0.40 auc nan,0.38/0.62 cat 0.80 auc 0.72,0.54/0.78 cat 0.80 auc 0.87,0.46/1.00 cat 0.40 auc 0.71,0.23,
c172r,elev_doublet_distractor,since,0.748,0.074,0.14/1.00 cat 0.60 auc nan,0.15/1.00 cat 0.40 auc 0.75,0.38/1.00 cat 0.40 auc 1.00,0.31/0.57 cat 0.60 auc 0.56,0.14,
c172r,engine_stop,static,0.777,0.067,0.23/1.00 cat 0.80 auc nan,0.08/1.00 cat 0.20 auc 0.45,0.23/0.75 cat 0.40 auc 0.37,0.23/1.00 cat 0.20 auc 0.43,0.09,
c172r,engine_stop,lags,0.777,0.06,0.18/1.00 cat 0.60 auc nan,0.08/1.00 cat 0.20 auc 0.44,0.15/1.00 cat 0.20 auc 0.36,0.23/1.00 cat 0.20 auc 0.45,0.09,
c172r,engine_stop,lags+since,0.701,0.066,0.09/1.00 cat 0.40 auc nan,0.00/0.00 cat 0.20 auc 0.59,0.00/0.00 cat 0.20 auc 0.16,0.08/1.00 cat 0.20 auc 0.27,0.05,
c172r,engine_stop,since,0.703,0.065,0.09/1.00 cat 0.40 auc nan,0.00/0.00 cat 0.20 auc 0.65,0.00/0.00 cat 0.00 auc 0.20,0.08/1.00 cat 0.20 auc 0.28,0.0,
c182,cruise,static,0.78,0.086,0.05/1.00 cat 0.20 auc nan,0.08/1.00 cat 0.20 auc 0.92,0.23/0.75 cat 0.40 auc 0.84,0.08/1.00 cat 0.20 auc 0.68,0.09,
c182,cruise,lags,0.781,0.081,0.05/1.00 cat 0.20 auc nan,0.08/1.00 cat 0.20 auc 0.91,0.23/1.00 cat 0.40 auc 0.86,0.23/1.00 cat 0.40 auc 0.74,0.05,
c182,cruise,lags+since,0.785,0.083,0.05/1.00 cat 0.20 auc nan,0.08/1.00 cat 0.20 auc 0.91,0.23/1.00 cat 0.40 auc 0.89,0.08/1.00 cat 0.20 auc 0.67,0.05,
c182,cruise,since,0.779,0.079,0.05/1.00 cat 0.20 auc nan,0.08/1.00 cat 0.20 auc 0.97,0.23/0.75 cat 0.40 auc 0.86,0.23/1.00 cat 0.40 auc 0.72,0.05,
c182,throttle_step,static,0.76,0.071,0.00/0.00 cat 0.00 auc nan,0.00/0.00 cat 0.40 auc 0.69,0.00/0.00 cat 0.00 auc 0.59,0.08/0.33 cat 0.20 auc 0.46,0.0,
c182,throttle_step,lags,0.742,0.066,0.14/1.00 cat 0.60 auc nan,0.08/0.50 cat 0.20 auc 0.61,0.00/0.00 cat 0.00 auc 0.55,0.15/1.00 cat 0.20 auc 0.60,0.09,
c182,throttle_step,lags+since,0.709,0.066,0.18/1.00 cat 0.40 auc nan,0.31/0.80 cat 0.40 auc 0.78,0.08/0.25 cat 0.60 auc 0.61,0.00/0.00 cat 0.20 auc 0.45,0.09,
c182,throttle_step,since,0.712,0.06,0.18/1.00 cat 0.40 auc nan,0.31/0.67 cat 0.40 auc 0.87,0.23/0.50 cat 0.60 auc 0.63,0.00/0.00 cat 0.40 auc 0.55,0.0,
c182,elev_doublet,static,0.784,0.088,0.05/1.00 cat 0.20 auc nan,0.15/1.00 cat 0.20 auc 0.63,0.08/1.00 cat 0.20 auc 0.53,0.23/0.75 cat 0.60 auc 0.64,0.14,
c182,elev_doublet,lags,0.782,0.086,0.00/0.00 cat 0.00 auc nan,0.15/1.00 cat 0.20 auc 0.43,0.00/0.00 cat 0.00 auc 0.50,0.00/0.00 cat 0.20 auc 0.37,0.0,
c182,elev_doublet,lags+since,0.748,0.074,0.00/0.00 cat 0.00 auc nan,0.00/0.00 cat 0.40 auc 0.40,0.00/0.00 cat 0.00 auc 0.51,0.15/1.00 cat 0.20 auc 0.72,0.05,
c182,elev_doublet,since,0.745,0.077,0.00/0.00 cat 0.00 auc nan,0.08/0.50 cat 0.40 auc 0.50,0.00/0.00 cat 0.00 auc 0.62,0.00/0.00 cat 0.00 auc 0.65,0.09,
c182,elev_step,static,0.77,0.079,0.00/0.00 cat 0.00 auc nan,0.08/1.00 cat 0.20 auc 0.25,0.00/0.00 cat 0.00 auc 0.52,0.08/1.00 cat 0.20 auc 0.39,0.05,
c182,elev_step,lags,0.758,0.08,0.00/0.00 cat 0.00 auc nan,0.08/1.00 cat 0.20 auc 0.30,0.00/0.00 cat 0.00 auc 0.46,0.08/1.00 cat 0.20 auc 0.43,0.05,
c182,elev_step,lags+since,0.727,0.066,0.05/1.00 cat 0.20 auc nan,0.08/0.33 cat 0.60 auc 0.58,0.00/0.00 cat 0.20 auc 0.45,0.08/1.00 cat 0.20 auc 0.49,0.0,
c182,elev_step,since,0.735,0.066,0.09/1.00 cat 0.20 auc nan,0.08/0.50 cat 0.40 auc 0.63,0.00/0.00 cat 0.00 auc 0.41,0.00/0.00 cat 0.00 auc 0.30,0.05,
c182,aileron_step,static,0.782,0.093,0.09/1.00 cat 0.20 auc nan,0.00/0.00 cat 0.00 auc 0.34,0.00/0.00 cat 0.00 auc 0.47,0.23/0.75 cat 0.40 auc 0.68,0.0,
c182,aileron_step,lags,0.773,0.092,0.14/1.00 cat 0.40 auc nan,0.00/0.00 cat 0.00 auc 0.52,0.00/0.00 cat 0.00 auc 0.50,0.23/1.00 cat 0.20 auc 0.71,0.0,
c182,aileron_step,lags+since,0.765,0.078,0.14/1.00 cat 0.40 auc nan,0.00/0.00 cat 0.00 auc 0.30,0.00/0.00 cat 0.00 auc 0.38,0.08/0.33 cat 0.40 auc 0.59,0.0,
c182,aileron_step,since,0.772,0.085,0.09/1.00 cat 0.40 auc nan,0.00/0.00 cat 0.20 auc 0.16,0.00/0.00 cat 0.20 auc 0.27,0.08/0.25 cat 0.40 auc 0.60,0.0,
c182,rudder_doublet,static,0.77,0.101,0.00/0.00 cat 0.00 auc nan,0.08/1.00 cat 0.20 auc 0.78,0.00/0.00 cat 0.20 auc 0.67,0.08/1.00 cat 0.20 auc 0.56,0.0,
c182,rudder_doublet,lags,0.755,0.1,0.05/1.00 cat 0.20 auc nan,0.00/0.00 cat 0.20 auc 0.58,0.15/1.00 cat 0.40 auc 0.59,0.08/0.50 cat 0.40 auc 0.62,0.14,
c182,rudder_doublet,lags+since,0.722,0.093,0.05/1.00 cat 0.20 auc nan,0.00/0.00 cat 0.00 auc 0.62,0.08/1.00 cat 0.20 auc 0.62,0.31/1.00 cat 0.60 auc 0.66,0.0,
c182,rudder_doublet,since,0.733,0.092,0.05/1.00 cat 0.20 auc nan,0.00/0.00 cat 0.00 auc 0.46,0.00/0.00 cat 0.00 auc 0.69,0.23/0.75 cat 0.60 auc 0.51,0.05,
c182,bank_hold,static,0.788,0.086,0.00/0.00 cat 0.00 auc nan,0.00/0.00 cat 0.00 auc 0.44,0.00/0.00 cat 0.00 auc 0.74,0.15/0.50 cat 0.60 auc 0.49,0.09,
c182,bank_hold,lags,0.775,0.085,0.00/0.00 cat 0.00 auc nan,0.00/0.00 cat 0.00 auc 0.54,0.00/0.00 cat 0.00 auc 0.74,0.31/0.80 cat 0.40 auc 0.55,0.0,
c182,bank_hold,lags+since,0.753,0.073,0.00/0.00 cat 0.00 auc nan,0.00/0.00 cat 0.00 auc 0.55,0.15/0.67 cat 0.40 auc 0.68,0.31/1.00 cat 0.20 auc 0.73,0.0,
c182,bank_hold,since,0.759,0.078,0.00/0.00 cat 0.00 auc nan,0.00/0.00 cat 0.20 auc 0.42,0.08/1.00 cat 0.20 auc 0.74,0.31/1.00 cat 0.20 auc 0.68,0.05,
c182,climbing_turn,static,0.716,0.07,0.05/1.00 cat 0.20 auc nan,0.00/0.00 cat 0.00 auc 0.39,0.15/1.00 cat 0.40 auc 0.73,0.38/0.71 cat 0.60 auc 0.61,0.0,
c182,climbing_turn,lags,0.701,0.065,0.09/1.00 cat 0.20 auc nan,0.00/0.00 cat 0.20 auc 0.41,0.00/0.00 cat 0.00 auc 0.64,0.46/0.60 cat 0.80 auc 0.48,0.05,
c182,climbing_turn,lags+since,0.675,0.073,0.14/1.00 cat 0.20 auc nan,0.00/0.00 cat 0.00 auc 0.31,0.15/1.00 cat 0.40 auc 0.76,0.46/0.67 cat 0.60 auc 0.46,0.0,
c182,climbing_turn,since,0.674,0.067,0.00/0.00 cat 0.00 auc nan,0.00/0.00 cat 0.20 auc 0.29,0.08/1.00 cat 0.20 auc 0.56,0.23/0.43 cat 0.80 auc 0.46,0.14,
c182,elev_doublet_distractor,static,0.765,0.086,0.00/0.00 cat 0.00 auc nan,0.00/0.00 cat 0.20 auc 0.54,0.15/1.00 cat 0.20 auc 0.93,0.08/1.00 cat 0.20 auc 0.78,0.18,
c182,elev_doublet_distractor,lags,0.766,0.082,0.05/1.00 cat 0.20 auc nan,0.00/0.00 cat 0.00 auc 0.36,0.08/1.00 cat 0.20 auc 0.72,0.31/1.00 cat 0.60 auc 0.82,0.18,
c182,elev_doublet_distractor,lags+since,0.745,0.085,0.05/1.00 cat 0.20 auc nan,0.00/0.00 cat 0.00 auc 0.63,0.00/0.00 cat 0.00 auc 0.85,0.23/0.75 cat 0.60 auc 0.74,0.09,
c182,elev_doublet_distractor,since,0.751,0.089,0.05/1.00 cat 0.20 auc nan,0.00/0.00 cat 0.00 auc 0.37,0.00/0.00 cat 0.00 auc 0.80,0.31/0.80 cat 0.60 auc 0.77,0.09,
c182,engine_stop,static,0.789,0.057,0.05/1.00 cat 0.20 auc nan,0.00/0.00 cat 0.00 auc 0.79,0.00/0.00 cat 0.00 auc 0.40,0.38/0.83 cat 0.40 auc 0.81,0.05,
c182,engine_stop,lags,0.785,0.059,0.05/1.00 cat 0.20 auc nan,0.00/0.00 cat 0.00 auc 0.72,0.08/1.00 cat 0.20 auc 0.48,0.31/0.80 cat 0.40 auc 0.79,0.14,
c182,engine_stop,lags+since,0.675,0.066,0.09/1.00 cat 0.40 auc nan,0.23/1.00 cat 0.60 auc 0.67,0.00/0.00 cat 0.20 auc 0.59,0.23/1.00 cat 0.20 auc 0.72,0.0,
c182,engine_stop,since,0.674,0.066,0.05/1.00 cat 0.20 auc nan,0.15/1.00 cat 0.40 auc 0.84,0.00/0.00 cat 0.00 auc 0.61,0.23/1.00 cat 0.20 auc 0.70,0.0,
c310,cruise,static,0.794,0.079,0.00/0.00 cat 0.00 auc nan,0.08/1.00 cat 0.20 auc 0.62,0.08/1.00 cat 0.20 auc 0.50,0.23/1.00 cat 0.40 auc 0.62,0.0,
c310,cruise,lags,0.792,0.075,0.00/0.00 cat 0.00 auc nan,0.08/1.00 cat 0.20 auc 0.65,0.08/1.00 cat 0.20 auc 0.48,0.23/1.00 cat 0.40 auc 0.55,0.05,
c310,cruise,lags+since,0.796,0.078,0.00/0.00 cat 0.00 auc nan,0.00/0.00 cat 0.00 auc 0.47,0.15/1.00 cat 0.40 auc 0.42,0.31/1.00 cat 0.40 auc 0.56,0.05,
c310,cruise,since,0.792,0.078,0.00/0.00 cat 0.00 auc nan,0.15/1.00 cat 0.20 auc 0.65,0.08/1.00 cat 0.20 auc 0.56,0.23/1.00 cat 0.40 auc 0.62,0.0,
c310,throttle_step,static,0.731,0.061,0.00/0.00 cat 0.00 auc nan,0.00/0.00 cat 0.00 auc 0.79,0.15/0.50 cat 0.40 auc 0.63,0.31/0.80 cat 0.60 auc 0.74,0.09,
c310,throttle_step,lags,0.713,0.054,0.05/1.00 cat 0.20 auc nan,0.08/1.00 cat 0.20 auc 0.73,0.08/1.00 cat 0.20 auc 0.50,0.31/0.80 cat 0.40 auc 0.73,0.0,
c310,throttle_step,lags+since,0.658,0.051,0.00/0.00 cat 0.00 auc nan,0.08/1.00 cat 0.20 auc 0.84,0.23/0.75 cat 0.40 auc 0.66,0.08/0.33 cat 0.60 auc 0.42,0.05,
c310,throttle_step,since,0.675,0.053,0.00/0.00 cat 0.00 auc nan,0.15/1.00 cat 0.40 auc 0.76,0.08/1.00 cat 0.20 auc 0.67,0.00/0.00 cat 0.60 auc 0.47,0.0,
c310,elev_doublet,static,0.792,0.088,0.05/1.00 cat 0.20 auc nan,0.08/1.00 cat 0.20 auc 0.36,0.00/0.00 cat 0.00 auc 0.50,0.08/1.00 cat 0.20 auc 0.63,0.0,
c310,elev_doublet,lags,0.794,0.08,0.05/1.00 cat 0.20 auc nan,0.00/0.00 cat 0.20 auc 0.25,0.08/1.00 cat 0.20 auc 0.47,0.15/1.00 cat 0.20 auc 0.57,0.0,
c310,elev_doublet,lags+since,0.766,0.079,0.09/1.00 cat 0.40 auc nan,0.08/1.00 cat 0.20 auc 0.49,0.00/0.00 cat 0.00 auc 0.15,0.00/0.00 cat 0.00 auc 0.31,0.0,
c310,elev_doublet,since,0.777,0.082,0.00/0.00 cat 0.00 auc nan,0.00/0.00 cat 0.00 auc 0.50,0.00/0.00 cat 0.00 auc 0.23,0.00/0.00 cat 0.00 auc 0.43,0.0,
c310,elev_step,static,0.789,0.074,0.00/0.00 cat 0.00 auc nan,0.00/0.00 cat 0.00 auc 0.58,0.00/0.00 cat 0.00 auc 0.45,0.15/1.00 cat 0.40 auc 0.48,0.05,
c310,elev_step,lags,0.779,0.078,0.00/0.00 cat 0.00 auc nan,0.08/1.00 cat 0.20 auc 0.51,0.00/0.00 cat 0.00 auc 0.49,0.15/1.00 cat 0.40 auc 0.60,0.0,
c310,elev_step,lags+since,0.772,0.07,0.05/1.00 cat 0.20 auc nan,0.00/0.00 cat 0.00 auc 0.45,0.00/0.00 cat 0.00 auc 0.43,0.15/1.00 cat 0.20 auc 0.49,0.0,
c310,elev_step,since,0.768,0.071,0.05/1.00 cat 0.20 auc nan,0.08/1.00 cat 0.20 auc 0.39,0.00/0.00 cat 0.00 auc 0.29,0.08/0.50 cat 0.20 auc 0.44,0.05,
c310,aileron_step,static,0.756,0.104,0.09/1.00 cat 0.40 auc nan,0.23/1.00 cat 0.60 auc 0.81,0.31/1.00 cat 0.40 auc 0.72,0.23/1.00 cat 0.40 auc 0.77,0.05,
c310,aileron_step,lags,0.752,0.102,0.14/1.00 cat 0.40 auc nan,0.08/1.00 cat 0.20 auc 0.85,0.08/0.50 cat 0.40 auc 0.69,0.23/1.00 cat 0.40 auc 0.79,0.05,
c310,aileron_step,lags+since,0.729,0.109,0.14/1.00 cat 0.60 auc nan,0.31/1.00 cat 0.80 auc 0.75,0.23/1.00 cat 0.60 auc 0.83,0.31/1.00 cat 0.40 auc 0.62,0.14,
c310,aileron_step,since,0.732,0.104,0.18/1.00 cat 0.60 auc nan,0.23/1.00 cat 0.60 auc 0.60,0.23/1.00 cat 0.60 auc 0.77,0.31/0.80 cat 0.60 auc 0.66,0.18,
c310,rudder_doublet,static,0.799,0.085,0.00/0.00 cat 0.00 auc nan,0.00/0.00 cat 0.00 auc 0.51,0.00/0.00 cat 0.00 auc 0.62,0.15/1.00 cat 0.40 auc 0.72,0.0,
c310,rudder_doublet,lags,0.784,0.08,0.00/0.00 cat 0.00 auc nan,0.00/0.00 cat 0.00 auc 0.45,0.08/1.00 cat 0.20 auc 0.67,0.08/0.50 cat 0.20 auc 0.63,0.05,
c310,rudder_doublet,lags+since,0.751,0.075,0.00/0.00 cat 0.00 auc nan,0.00/0.00 cat 0.00 auc 0.32,0.00/0.00 cat 0.00 auc 0.52,0.00/0.00 cat 0.00 auc 0.38,0.0,
c310,rudder_doublet,since,0.773,0.073,0.00/0.00 cat 0.00 auc nan,0.00/0.00 cat 0.00 auc 0.41,0.00/0.00 cat 0.20 auc 0.49,0.00/0.00 cat 0.00 auc 0.28,0.0,
c310,bank_hold,static,0.773,0.073,0.27/1.00 cat 0.60 auc nan,0.23/0.75 cat 0.40 auc 0.82,0.08/0.50 cat 0.20 auc 0.56,0.08/0.50 cat 0.40 auc 0.63,0.23,
c310,bank_hold,lags,0.774,0.082,0.14/1.00 cat 0.40 auc nan,0.23/1.00 cat 0.40 auc 0.71,0.08/1.00 cat 0.20 auc 0.55,0.08/1.00 cat 0.20 auc 0.80,0.05,
c310,bank_hold,lags+since,0.758,0.076,0.09/1.00 cat 0.40 auc nan,0.08/0.33 cat 0.40 auc 0.66,0.15/0.50 cat 0.60 auc 0.58,0.08/1.00 cat 0.20 auc 0.87,0.05,
c310,bank_hold,since,0.765,0.078,0.18/1.00 cat 0.60 auc nan,0.15/0.67 cat 0.60 auc 0.64,0.00/0.00 cat 0.20 auc 0.57,0.23/0.75 cat 0.40 auc 0.79,0.18,
c310,flap_extend,static,0.762,0.085,0.09/1.00 cat 0.40 auc nan,0.15/1.00 cat 0.40 auc 0.58,0.23/1.00 cat 0.60 auc 0.46,0.15/1.00 cat 0.20 auc 0.59,0.05,
c310,flap_extend,lags,0.756,0.086,0.05/1.00 cat 0.20 auc nan,0.08/1.00 cat 0.20 auc 0.86,0.23/1.00 cat 0.40 auc 0.75,0.23/1.00 cat 0.20 auc 0.63,0.05,
c310,flap_extend,lags+since,0.748,0.08,0.09/1.00 cat 0.40 auc nan,0.00/0.00 cat 0.00 auc 0.53,0.08/1.00 cat 0.20 auc 0.38,0.15/1.00 cat 0.20 auc 0.64,0.05,
c310,flap_extend,since,0.759,0.086,0.09/1.00 cat 0.40 auc nan,0.00/0.00 cat 0.00 auc 0.42,0.08/0.50 cat 0.40 auc 0.32,0.08/0.50 cat 0.40 auc 0.59,0.05,
c310,engine_cut,static,0.8,0.042,0.00/0.00 cat 0.00 auc nan,0.08/1.00 cat 0.20 auc 0.33,0.08/1.00 cat 0.20 auc 0.24,0.08/0.33 cat 0.20 auc 0.59,0.05,
c310,engine_cut,lags,0.801,0.039,0.05/1.00 cat 0.20 auc nan,0.23/1.00 cat 0.60 auc 0.44,0.08/1.00 cat 0.20 auc 0.17,0.08/0.33 cat 0.40 auc 0.63,0.05,
c310,engine_cut,lags+since,0.615,0.056,0.05/1.00 cat 0.20 auc nan,0.23/0.60 cat 0.60 auc 0.85,0.00/0.00 cat 0.20 auc 0.43,0.15/0.67 cat 0.40 auc 0.40,0.05,
c310,engine_cut,since,0.619,0.056,0.09/1.00 cat 0.40 auc nan,0.23/0.60 cat 0.80 auc 0.84,0.15/0.67 cat 0.40 auc 0.50,0.00/0.00 cat 0.40 auc 0.42,0.09,
c310,climbing_turn,static,0.686,0.063,0.00/0.00 cat 0.00 auc nan,0.31/1.00 cat 0.60 auc 0.84,0.00/0.00 cat 0.00 auc 0.56,0.46/0.60 cat 0.80 auc 0.60,0.05,
c310,climbing_turn,lags,0.662,0.055,0.05/1.00 cat 0.20 auc nan,0.08/1.00 cat 0.20 auc 0.79,0.00/0.00 cat 0.20 auc 0.39,0.69/0.82 cat 0.80 auc 0.73,0.0,
c310,climbing_turn,lags+since,0.622,0.057,0.14/1.00 cat 0.40 auc nan,0.38/0.83 cat 0.60 auc 0.67,0.00/0.00 cat 0.20 auc 0.26,0.15/0.33 cat 0.60 auc 0.26,0.0,
c310,climbing_turn,since,0.622,0.068,0.05/1.00 cat 0.20 auc nan,0.08/0.50 cat 0.40 auc 0.71,0.00/0.00 cat 0.20 auc 0.44,0.15/0.50 cat 0.60 auc 0.21,0.0,
c310,elev_doublet_distractor,static,0.798,0.066,0.05/1.00 cat 0.20 auc nan,0.15/1.00 cat 0.40 auc 0.65,0.08/1.00 cat 0.20 auc 0.71,0.15/0.67 cat 0.40 auc 0.55,0.05,
c310,elev_doublet_distractor,lags,0.804,0.064,0.05/1.00 cat 0.20 auc nan,0.08/1.00 cat 0.20 auc 0.62,0.08/1.00 cat 0.20 auc 0.35,0.23/1.00 cat 0.60 auc 0.66,0.05,
c310,elev_doublet_distractor,lags+since,0.766,0.077,0.00/0.00 cat 0.00 auc nan,0.08/1.00 cat 0.20 auc 0.32,0.08/1.00 cat 0.20 auc 0.57,0.31/1.00 cat 0.40 auc 0.74,0.0,
c310,elev_doublet_distractor,since,0.774,0.078,0.00/0.00 cat 0.00 auc nan,0.00/0.00 cat 0.00 auc 0.50,0.15/1.00 cat 0.40 auc 0.52,0.46/1.00 cat 0.60 auc 0.81,0.0,
c310,engine_stop,static,0.803,0.066,0.00/0.00 cat 0.00 auc nan,0.00/0.00 cat 0.00 auc 0.28,0.08/1.00 cat 0.20 auc 0.63,0.08/1.00 cat 0.20 auc 0.55,0.0,
c310,engine_stop,lags,0.795,0.067,0.05/1.00 cat 0.20 auc nan,0.00/0.00 cat 0.00 auc 0.32,0.08/1.00 cat 0.20 auc 0.75,0.00/0.00 cat 0.00 auc 0.73,0.05,
c310,engine_stop,lags+since,0.705,0.072,0.09/1.00 cat 0.20 auc nan,0.00/0.00 cat 0.00 auc 0.71,0.00/0.00 cat 0.00 auc 0.46,0.00/0.00 cat 0.00 auc 0.25,0.05,
c310,engine_stop,since,0.705,0.069,0.05/1.00 cat 0.20 auc nan,0.15/1.00 cat 0.40 auc 0.80,0.00/0.00 cat 0.00 auc 0.72,0.00/0.00 cat 0.00 auc 0.33,0.09,
f15,cruise,static,0.709,0.039,0.09/1.00 cat 0.20 auc nan,0.08/1.00 cat 0.20 auc 0.38,0.23/0.60 cat 0.40 auc 0.43,0.23/0.43 cat 0.40 auc 0.26,0.05,
f15,cruise,lags,0.652,0.031,0.18/1.00 cat 0.60 auc nan,0.00/0.00 cat 0.00 auc 0.34,0.31/0.36 cat 0.80 auc 0.21,0.46/0.43 cat 1.00 auc 0.15,0.05,
f15,cruise,lags+since,0.652,0.031,0.05/1.00 cat 0.20 auc nan,0.00/0.00 cat 0.00 auc 0.24,0.23/0.33 cat 0.80 auc 0.22,0.46/0.43 cat 1.00 auc 0.15,0.05,
f15,cruise,since,0.709,0.039,0.05/1.00 cat 0.20 auc nan,0.00/0.00 cat 0.00 auc 0.38,0.23/0.60 cat 0.40 auc 0.42,0.23/0.43 cat 0.40 auc 0.26,0.0,
f15,throttle_step,static,0.667,0.044,0.05/1.00 cat 0.20 auc nan,0.00/0.00 cat 0.00 auc 0.47,0.15/0.33 cat 0.40 auc 0.32,0.23/0.43 cat 0.40 auc 0.24,0.0,
f15,throttle_step,lags,0.588,0.042,0.05/1.00 cat 0.20 auc nan,0.00/0.00 cat 0.00 auc 0.58,0.15/0.33 cat 0.40 auc 0.52,0.54/0.50 cat 1.00 auc 0.31,0.0,
f15,throttle_step,lags+since,0.542,0.05,0.05/1.00 cat 0.20 auc nan,0.00/0.00 cat 0.00 auc 0.50,0.38/0.62 cat 0.40 auc 0.40,0.38/0.42 cat 0.80 auc 0.38,0.0,
f15,throttle_step,since,0.591,0.045,0.05/1.00 cat 0.20 auc nan,0.00/0.00 cat 0.00 auc 0.64,0.23/0.60 cat 0.40 auc 0.44,0.46/0.67 cat 0.60 auc 0.54,0.0,
f15,elev_doublet,static,0.69,0.046,0.23/1.00 cat 0.60 auc nan,0.15/0.67 cat 0.40 auc 0.68,0.38/0.56 cat 0.40 auc 0.56,0.23/0.43 cat 0.40 auc 0.29,0.09,
f15,elev_doublet,lags,0.62,0.049,0.23/1.00 cat 0.40 auc nan,0.23/0.43 cat 0.40 auc 0.36,0.38/0.50 cat 0.60 auc 0.50,0.77/0.59 cat 1.00 auc 0.37,0.23,
f15,elev_doublet,lags+since,0.564,0.064,0.14/1.00 cat 0.40 auc nan,0.00/0.00 cat 0.20 auc 0.40,0.15/0.22 cat 0.60 auc 0.40,0.31/0.36 cat 0.80 auc 0.21,0.09,
f15,elev_doublet,since,0.612,0.069,0.09/1.00 cat 0.40 auc nan,0.00/0.00 cat 0.20 auc 0.55,0.08/0.20 cat 0.40 auc 0.37,0.15/0.33 cat 0.40 auc 0.30,0.0,
f15,elev_step,static,0.683,0.067,0.09/1.00 cat 0.20 auc nan,0.00/0.00 cat 0.20 auc 0.25,0.15/0.29 cat 0.60 auc 0.21,0.38/0.56 cat 0.40 auc 0.34,0.05,
f15,elev_step,lags,0.617,0.048,0.18/1.00 cat 0.40 auc nan,0.00/0.00 cat 0.40 auc 0.14,0.31/0.50 cat 0.40 auc 0.24,0.46/0.46 cat 0.80 auc 0.18,0.14,
f15,elev_step,lags+since,0.535,0.059,0.09/1.00 cat 0.40 auc nan,0.15/0.67 cat 0.40 auc 0.26,0.08/0.14 cat 0.80 auc 0.26,0.54/0.50 cat 0.80 auc 0.38,0.0,
f15,elev_step,since,0.575,0.06,0.09/1.00 cat 0.40 auc nan,0.00/0.00 cat 0.00 auc 0.26,0.00/0.00 cat 0.40 auc 0.23,0.46/0.60 cat 0.60 auc 0.54,0.0,
f15,aileron_step,static,0.688,0.04,0.18/1.00 cat 0.60 auc nan,0.23/0.75 cat 0.40 auc 0.45,0.46/0.55 cat 0.60 auc 0.43,0.46/0.50 cat 0.60 auc 0.43,0.18,
f15,aileron_step,lags,0.591,0.034,0.14/1.00 cat 0.60 auc nan,0.08/0.33 cat 0.60 auc 0.38,0.62/0.50 cat 1.00 auc 0.41,0.92/0.57 cat 1.00 auc 0.43,0.18,
f15,aileron_step,lags+since,0.529,0.047,0.05/1.00 cat 0.20 auc nan,0.08/0.50 cat 0.40 auc 0.46,0.46/0.43 cat 1.00 auc 0.32,0.31/0.31 cat 0.80 auc 0.14,0.05,
f15,aileron_step,since,0.565,0.051,0.05/1.00 cat 0.20 auc nan,0.00/0.00 cat 0.20 auc 0.55,0.38/0.50 cat 1.00 auc 0.53,0.23/0.38 cat 0.60 auc 0.35,0.05,
f15,rudder_doublet,static,0.687,0.054,0.09/1.00 cat 0.40 auc nan,0.08/1.00 cat 0.20 auc 0.61,0.00/0.00 cat 0.60 auc 0.48,0.15/0.33 cat 0.60 auc 0.38,0.05,
f15,rudder_doublet,lags,0.609,0.038,0.09/1.00 cat 0.40 auc nan,0.00/0.00 cat 0.20 auc 0.38,0.54/0.50 cat 1.00 auc 0.49,0.69/0.53 cat 1.00 auc 0.36,0.05,
f15,rudder_doublet,lags+since,0.546,0.054,0.05/1.00 cat 0.20 auc nan,0.00/0.00 cat 0.20 auc 0.24,0.00/0.00 cat 0.60 auc 0.23,0.31/0.36 cat 0.80 auc 0.23,0.05,
f15,rudder_doublet,since,0.587,0.064,0.00/0.00 cat 0.00 auc nan,0.00/0.00 cat 0.20 auc 0.34,0.00/0.00 cat 0.40 auc 0.26,0.15/0.33 cat 0.60 auc 0.42,0.05,
f15,bank_hold,static,0.692,0.034,0.00/0.00 cat 0.00 auc nan,0.00/0.00 cat 0.00 auc 0.63,0.31/0.44 cat 0.80 auc 0.31,0.31/0.44 cat 0.80 auc 0.26,0.0,
f15,bank_hold,lags,0.616,0.032,0.14/1.00 cat 0.60 auc nan,0.00/0.00 cat 0.20 auc 0.26,0.62/0.53 cat 1.00 auc 0.37,0.46/0.40 cat 0.80 auc 0.15,0.05,
f15,bank_hold,lags+since,0.524,0.048,0.09/1.00 cat 0.40 auc nan,0.00/0.00 cat 0.00 auc 0.28,0.38/0.42 cat 1.00 auc 0.35,0.46/0.40 cat 1.00 auc 0.09,0.0,
f15,bank_hold,since,0.557,0.054,0.00/0.00 cat 0.00 auc nan,0.00/0.00 cat 0.00 auc 0.40,0.23/0.50 cat 0.60 auc 0.38,0.31/0.50 cat 0.80 auc 0.28,0.0,
f15,flap_extend,static,0.708,0.056,0.14/1.00 cat 0.40 auc nan,0.00/0.00 cat 0.40 auc 0.32,0.00/0.00 cat 0.40 auc 0.12,0.15/0.22 cat 0.80 auc 0.38,0.14,
f15,flap_extend,lags,0.636,0.046,0.09/1.00 cat 0.40 auc nan,0.08/0.50 cat 0.20 auc 0.26,0.23/0.30 cat 0.60 auc 0.16,0.46/0.43 cat 0.80 auc 0.14,0.05,
f15,flap_extend,lags+since,0.564,0.051,0.18/1.00 cat 0.60 auc nan,0.00/0.00 cat 0.40 auc 0.15,0.31/0.36 cat 0.60 auc 0.20,0.38/0.38 cat 0.80 auc 0.19,0.14,
f15,flap_extend,since,0.615,0.067,0.00/0.00 cat 0.00 auc nan,0.08/1.00 cat 0.20 auc 0.25,0.15/0.33 cat 0.40 auc 0.26,0.23/0.43 cat 0.60 auc 0.41,0.0,
f15,engine_cut,static,0.687,0.029,0.14/1.00 cat 0.40 auc nan,0.15/0.67 cat 0.60 auc 0.71,0.23/0.50 cat 0.40 auc 0.35,0.54/0.50 cat 0.80 auc 0.33,0.14,
f15,engine_cut,lags,0.558,0.03,0.00/0.00 cat 0.00 auc nan,0.00/0.00 cat 0.00 auc 0.55,0.69/0.60 cat 0.80 auc 0.48,0.92/0.57 cat 1.00 auc 0.43,0.0,
f15,engine_cut,lags+since,0.44,0.029,0.09/1.00 cat 0.20 auc nan,0.00/0.00 cat 0.00 auc 0.54,0.23/0.33 cat 0.80 auc 0.20,0.92/0.57 cat 1.00 auc 0.31,0.0,
f15,engine_cut,since,0.468,0.033,0.00/0.00 cat 0.00 auc nan,0.00/0.00 cat 0.00 auc 0.64,0.08/0.25 cat 0.60 auc 0.30,0.69/0.64 cat 0.80 auc 0.50,0.0,
f15,climbing_turn,static,0.611,0.045,0.09/1.00 cat 0.40 auc nan,0.08/0.50 cat 0.40 auc 0.53,0.31/0.50 cat 0.80 auc 0.42,0.69/0.56 cat 1.00 auc 0.56,0.09,
f15,climbing_turn,lags,0.523,0.047,0.05/1.00 cat 0.20 auc nan,0.08/0.33 cat 0.60 auc 0.46,0.15/0.22 cat 0.80 auc 0.24,0.92/0.57 cat 1.00 auc 0.39,0.09,
f15,climbing_turn,lags+since,0.501,0.046,0.09/1.00 cat 0.40 auc nan,0.00/0.00 cat 0.60 auc 0.30,0.00/0.00 cat 0.60 auc 0.18,0.62/0.50 cat 0.80 auc 0.26,0.18,
f15,climbing_turn,since,0.54,0.047,0.09/1.00 cat 0.20 auc nan,0.08/0.50 cat 0.40 auc 0.37,0.00/0.00 cat 0.40 auc 0.26,0.62/0.57 cat 0.60 auc 0.50,0.09,
f15,elev_doublet_distractor,static,0.696,0.044,0.05/1.00 cat 0.20 auc nan,0.00/0.00 cat 0.20 auc 0.46,0.08/0.20 cat 0.40 auc 0.34,0.54/0.64 cat 0.80 auc 0.43,0.05,
f15,elev_doublet_distractor,lags,0.621,0.036,0.23/1.00 cat 0.40 auc nan,0.08/0.50 cat 0.40 auc 0.54,0.62/0.57 cat 1.00 auc 0.44,0.69/0.56 cat 1.00 auc 0.32,0.09,
f15,elev_doublet_distractor,lags+since,0.545,0.05,0.05/1.00 cat 0.20 auc nan,0.00/0.00 cat 0.00 auc 0.26,0.00/0.00 cat 0.60 auc 0.03,0.69/0.53 cat 1.00 auc 0.38,0.0,
f15,elev_doublet_distractor,since,0.572,0.065,0.05/1.00 cat 0.20 auc nan,0.00/0.00 cat 0.20 auc 0.32,0.00/0.00 cat 0.40 auc 0.21,0.31/0.50 cat 0.60 auc 0.55,0.05,
f15,engine_restart,static,0.654,0.027,0.09/1.00 cat 0.40 auc nan,0.15/1.00 cat 0.40 auc 0.50,0.00/0.00 cat 0.40 auc 0.26,0.46/0.50 cat 0.60 auc 0.42,0.05,
f15,engine_restart,lags,0.559,0.024,0.05/1.00 cat 0.20 auc nan,0.15/1.00 cat 0.40 auc 0.73,0.46/0.55 cat 0.80 auc 0.31,0.62/0.47 cat 1.00 auc 0.39,0.05,
f15,engine_restart,lags+since,0.469,0.025,0.09/1.00 cat 0.20 auc nan,0.38/1.00 cat 0.60 auc 0.67,0.31/0.40 cat 1.00 auc 0.26,0.54/0.44 cat 1.00 auc 0.08,0.18,
f15,engine_restart,since,0.509,0.026,0.27/1.00 cat 0.60 auc nan,0.38/1.00 cat 0.60 auc 0.80,0.31/0.57 cat 0.80 auc 0.48,0.46/0.55 cat 0.80 auc 0.35,0.18,
f16,throttle_step,static,0.608,0.051,0.05/1.00 cat 0.20 auc nan,0.00/0.00 cat 0.20 auc 0.32,0.00/0.00 cat 0.20 auc 0.26,0.23/0.75 cat 0.60 auc 0.49,0.05,
f16,throttle_step,lags,0.52,0.036,0.05/1.00 cat 0.20 auc nan,0.00/0.00 cat 0.00 auc 0.32,0.00/0.00 cat 0.20 auc 0.39,0.38/0.83 cat 0.60 auc 0.76,0.0,
f16,throttle_step,lags+since,0.478,0.048,0.05/1.00 cat 0.20 auc nan,0.00/0.00 cat 0.00 auc 0.31,0.00/0.00 cat 0.00 auc 0.21,0.62/1.00 cat 0.60 auc 0.95,0.0,
f16,throttle_step,since,0.503,0.065,0.05/1.00 cat 0.20 auc nan,0.00/0.00 cat 0.00 auc 0.51,0.00/0.00 cat 0.20 auc 0.26,0.54/0.88 cat 0.60 auc 0.79,0.0,
f16,elev_doublet,static,0.632,0.086,0.09/1.00 cat 0.40 auc nan,0.08/0.50 cat 0.40 auc 0.40,0.00/0.00 cat 0.00 auc 0.45,0.85/0.85 cat 0.80 auc 0.79,0.09,
f16,elev_doublet,lags,0.606,0.084,0.09/1.00 cat 0.20 auc nan,0.00/0.00 cat 0.20 auc 0.61,0.00/0.00 cat 0.00 auc 0.65,0.69/0.82 cat 0.80 auc 0.72,0.05,
f16,elev_doublet,lags+since,0.601,0.081,0.05/1.00 cat 0.20 auc nan,0.00/0.00 cat 0.20 auc 0.56,0.00/0.00 cat 0.00 auc 0.45,0.62/0.73 cat 0.80 auc 0.69,0.05,
f16,elev_doublet,since,0.612,0.096,0.05/1.00 cat 0.20 auc nan,0.08/1.00 cat 0.20 auc 0.54,0.00/0.00 cat 0.00 auc 0.51,0.62/0.62 cat 0.80 auc 0.68,0.0,
f16,aileron_step,static,0.577,0.029,0.09/1.00 cat 0.20 auc nan,0.00/0.00 cat 0.00 auc 0.33,0.00/0.00 cat 0.20 auc 0.52,0.54/0.64 cat 0.80 auc 0.72,0.0,
f16,aileron_step,lags,0.473,0.03,0.09/1.00 cat 0.20 auc nan,0.00/0.00 cat 0.20 auc 0.34,0.00/0.00 cat 0.20 auc 0.21,0.92/0.71 cat 1.00 auc 0.74,0.05,
f16,aileron_step,lags+since,0.397,0.036,0.09/1.00 cat 0.40 auc nan,0.00/0.00 cat 0.00 auc 0.22,0.00/0.00 cat 0.20 auc 0.21,0.62/0.73 cat 0.80 auc 0.71,0.05,
f16,aileron_step,since,0.396,0.033,0.09/1.00 cat 0.20 auc nan,0.00/0.00 cat 0.00 auc 0.33,0.00/0.00 cat 0.20 auc 0.26,0.62/0.89 cat 0.80 auc 0.72,0.0,
f16,rudder_doublet,static,0.644,0.098,0.05/1.00 cat 0.20 auc nan,0.00/0.00 cat 0.00 auc 0.44,0.00/0.00 cat 0.00 auc 0.33,0.46/1.00 cat 0.60 auc 0.79,0.0,
f16,rudder_doublet,lags,0.606,0.103,0.05/1.00 cat 0.20 auc nan,0.00/0.00 cat 0.00 auc 0.62,0.08/1.00 cat 0.20 auc 0.48,0.54/1.00 cat 0.60 auc 0.85,0.0,
f16,rudder_doublet,lags+since,0.61,0.088,0.05/1.00 cat 0.20 auc nan,0.00/0.00 cat 0.00 auc 0.62,0.00/0.00 cat 0.00 auc 0.56,0.46/0.75 cat 0.60 auc 0.74,0.0,
f16,rudder_doublet,since,0.61,0.089,0.05/1.00 cat 0.20 auc nan,0.00/0.00 cat 0.00 auc 0.68,0.00/0.00 cat 0.00 auc 0.59,0.38/0.71 cat 0.60 auc 0.71,0.0,
f16,flap_extend,static,0.599,0.058,0.05/1.00 cat 0.20 auc nan,0.00/0.00 cat 0.00 auc 0.45,0.00/0.00 cat 0.00 auc 0.25,0.46/1.00 cat 0.60 auc 0.77,0.0,
f16,flap_extend,lags,0.539,0.061,0.05/1.00 cat 0.20 auc nan,0.00/0.00 cat 0.00 auc 0.49,0.15/1.00 cat 0.20 auc 0.53,0.69/0.90 cat 0.80 auc 0.83,0.0,
f16,flap_extend,lags+since,0.557,0.074,0.05/1.00 cat 0.20 auc nan,0.00/0.00 cat 0.00 auc 0.33,0.00/0.00 cat 0.20 auc 0.35,0.31/0.67 cat 0.40 auc 0.59,0.0,
f16,flap_extend,since,0.567,0.073,0.05/1.00 cat 0.20 auc nan,0.00/0.00 cat 0.00 auc 0.52,0.00/0.00 cat 0.20 auc 0.60,0.38/1.00 cat 0.40 auc 0.75,0.0,
f16,elev_doublet_distractor,static,0.62,0.047,0.09/1.00 cat 0.20 auc nan,0.00/0.00 cat 0.00 auc 0.34,0.00/0.00 cat 0.20 auc 0.12,0.46/0.86 cat 0.40 auc 0.72,0.0,
f16,elev_doublet_distractor,lags,0.562,0.04,0.05/1.00 cat 0.20 auc nan,0.08/1.00 cat 0.20 auc 0.28,0.00/0.00 cat 0.20 auc 0.29,0.38/0.83 cat 0.60 auc 0.56,0.05,
f16,elev_doublet_distractor,lags+since,0.554,0.059,0.05/1.00 cat 0.20 auc nan,0.08/1.00 cat 0.20 auc 0.38,0.00/0.00 cat 0.00 auc 0.33,0.38/1.00 cat 0.60 auc 0.73,0.05,
f16,elev_doublet_distractor,since,0.579,0.063,0.05/1.00 cat 0.20 auc nan,0.00/0.00 cat 0.00 auc 0.35,0.00/0.00 cat 0.40 auc 0.15,0.23/1.00 cat 0.40 auc 0.75,0.0,
global5000,cruise,static,0.738,0.099,0.00/0.00 cat 0.00 auc nan,0.00/0.00 cat 0.00 auc 0.23,0.54/1.00 cat 0.80 auc 0.82,0.08/1.00 cat 0.20 auc 0.68,0.0,
global5000,cruise,lags,0.744,0.073,0.05/1.00 cat 0.20 auc nan,0.00/0.00 cat 0.00 auc 0.20,0.38/1.00 cat 0.80 auc 0.87,0.08/1.00 cat 0.20 auc 0.58,0.0,
global5000,cruise,lags+since,0.742,0.076,0.05/1.00 cat 0.20 auc nan,0.00/0.00 cat 0.00 auc 0.24,0.38/1.00 cat 0.80 auc 0.87,0.08/1.00 cat 0.20 auc 0.59,0.05,
global5000,cruise,since,0.736,0.102,0.00/0.00 cat 0.00 auc nan,0.00/0.00 cat 0.00 auc 0.24,0.54/1.00 cat 0.80 auc 0.83,0.08/0.50 cat 0.20 auc 0.68,0.0,
global5000,throttle_step,static,0.708,0.066,0.05/1.00 cat 0.20 auc nan,0.15/1.00 cat 0.40 auc 0.39,0.46/1.00 cat 0.60 auc 0.73,0.31/1.00 cat 0.60 auc 0.65,0.09,
global5000,throttle_step,lags,0.692,0.051,0.05/1.00 cat 0.20 auc nan,0.08/1.00 cat 0.20 auc 0.60,0.46/0.75 cat 0.80 auc 0.64,0.46/0.86 cat 0.60 auc 0.63,0.05,
global5000,throttle_step,lags+since,0.653,0.055,0.00/0.00 cat 0.00 auc nan,0.08/0.33 cat 0.60 auc 0.42,0.38/1.00 cat 0.40 auc 0.57,0.46/0.86 cat 0.60 auc 0.54,0.09,
global5000,throttle_step,since,0.658,0.063,0.00/0.00 cat 0.00 auc nan,0.08/0.50 cat 0.40 auc 0.52,0.31/0.67 cat 0.60 auc 0.68,0.31/0.80 cat 0.60 auc 0.58,0.05,
global5000,elev_doublet,static,0.734,0.105,0.05/1.00 cat 0.20 auc nan,0.00/0.00 cat 0.20 auc 0.73,0.23/0.60 cat 0.80 auc 0.74,0.46/0.86 cat 0.60 auc 0.58,0.05,
global5000,elev_doublet,lags,0.724,0.078,0.14/1.00 cat 0.40 auc nan,0.00/0.00 cat 0.20 auc 0.67,0.46/0.86 cat 0.80 auc 0.74,0.31/1.00 cat 0.40 auc 0.59,0.14,
global5000,elev_doublet,lags+since,0.712,0.076,0.05/1.00 cat 0.20 auc nan,0.00/0.00 cat 0.20 auc 0.74,0.23/0.75 cat 0.60 auc 0.68,0.23/1.00 cat 0.20 auc 0.63,0.14,
global5000,elev_doublet,since,0.723,0.081,0.14/1.00 cat 0.40 auc nan,0.15/0.67 cat 0.40 auc 0.69,0.31/1.00 cat 0.60 auc 0.71,0.23/1.00 cat 0.40 auc 0.70,0.14,
global5000,elev_step,static,0.745,0.062,0.05/1.00 cat 0.20 auc nan,0.08/0.50 cat 0.40 auc 0.45,0.31/1.00 cat 0.60 auc 0.38,0.00/0.00 cat 0.00 auc 0.26,0.09,
global5000,elev_step,lags,0.72,0.045,0.00/0.00 cat 0.00 auc nan,0.00/0.00 cat 0.00 auc 0.68,0.23/0.75 cat 0.60 auc 0.27,0.00/0.00 cat 0.20 auc 0.15,0.0,
global5000,elev_step,lags+since,0.627,0.056,0.05/1.00 cat 0.20 auc nan,0.08/1.00 cat 0.20 auc 0.41,0.23/0.75 cat 0.60 auc 0.44,0.00/0.00 cat 0.20 auc 0.18,0.0,
global5000,elev_step,since,0.634,0.059,0.00/0.00 cat 0.00 auc nan,0.08/1.00 cat 0.20 auc 0.39,0.31/1.00 cat 0.60 auc 0.49,0.00/0.00 cat 0.00 auc 0.28,0.0,
global5000,aileron_step,static,0.71,0.06,0.05/1.00 cat 0.20 auc nan,0.08/0.50 cat 0.20 auc 0.63,0.46/0.60 cat 0.60 auc 0.69,0.62/0.62 cat 0.60 auc 0.67,0.05,
global5000,aileron_step,lags,0.655,0.045,0.09/1.00 cat 0.40 auc nan,0.00/0.00 cat 0.20 auc 0.49,0.31/0.40 cat 0.80 auc 0.46,0.46/0.46 cat 0.80 auc 0.53,0.05,
global5000,aileron_step,lags+since,0.618,0.058,0.05/1.00 cat 0.20 auc nan,0.00/0.00 cat 0.00 auc 0.44,0.38/0.71 cat 0.40 auc 0.56,0.31/0.67 cat 0.80 auc 0.63,0.05,
global5000,aileron_step,since,0.624,0.065,0.09/1.00 cat 0.40 auc nan,0.00/0.00 cat 0.20 auc 0.55,0.31/0.57 cat 0.40 auc 0.59,0.38/0.50 cat 0.80 auc 0.61,0.05,
global5000,rudder_doublet,static,0.712,0.094,0.05/1.00 cat 0.20 auc nan,0.00/0.00 cat 0.00 auc 0.59,0.46/0.75 cat 0.80 auc 0.76,0.46/0.60 cat 0.60 auc 0.71,0.0,
global5000,rudder_doublet,lags,0.701,0.084,0.09/1.00 cat 0.20 auc nan,0.15/1.00 cat 0.20 auc 0.78,0.46/1.00 cat 0.60 auc 0.75,0.23/1.00 cat 0.20 auc 0.62,0.09,
global5000,rudder_doublet,lags+since,0.704,0.081,0.09/1.00 cat 0.20 auc nan,0.15/1.00 cat 0.20 auc 0.57,0.38/1.00 cat 0.40 auc 0.76,0.23/1.00 cat 0.20 auc 0.65,0.09,
global5000,rudder_doublet,since,0.713,0.09,0.00/0.00 cat 0.00 auc nan,0.15/1.00 cat 0.20 auc 0.57,0.46/1.00 cat 0.40 auc 0.74,0.38/0.83 cat 0.40 auc 0.68,0.0,
global5000,bank_hold,static,0.732,0.058,0.00/0.00 cat 0.00 auc nan,0.00/0.00 cat 0.20 auc 0.53,0.23/0.75 cat 0.40 auc 0.63,0.15/0.50 cat 0.60 auc 0.48,0.05,
global5000,bank_hold,lags,0.689,0.05,0.05/1.00 cat 0.20 auc nan,0.08/0.50 cat 0.40 auc 0.60,0.38/0.71 cat 0.80 auc 0.56,0.23/0.50 cat 0.60 auc 0.38,0.09,
global5000,bank_hold,lags+since,0.64,0.065,0.00/0.00 cat 0.00 auc nan,0.08/0.50 cat 0.40 auc 0.46,0.15/1.00 cat 0.40 auc 0.63,0.15/1.00 cat 0.40 auc 0.48,0.09,
global5000,bank_hold,since,0.647,0.073,0.00/0.00 cat 0.00 auc nan,0.00/0.00 cat 0.20 auc 0.37,0.23/1.00 cat 0.60 auc 0.70,0.15/1.00 cat 0.40 auc 0.53,0.05,
global5000,flap_extend,static,0.661,0.069,0.23/1.00 cat 0.60 auc nan,0.15/1.00 cat 0.40 auc 0.66,0.23/0.75 cat 0.60 auc 0.45,0.23/0.75 cat 0.60 auc 0.48,0.0,
global5000,flap_extend,lags,0.579,0.057,0.00/0.00 cat 0.00 auc nan,0.15/1.00 cat 0.40 auc 0.62,0.54/0.58 cat 0.80 auc 0.42,0.46/1.00 cat 0.80 auc 0.68,0.0,
global5000,flap_extend,lags+since,0.455,0.062,0.09/1.00 cat 0.40 auc nan,0.15/1.00 cat 0.40 auc 0.67,0.23/1.00 cat 0.60 auc 0.26,0.15/1.00 cat 0.40 auc 0.56,0.0,
global5000,flap_extend,since,0.468,0.063,0.05/1.00 cat 0.20 auc nan,0.23/1.00 cat 0.60 auc 0.62,0.31/0.57 cat 0.60 auc 0.43,0.08/0.33 cat 0.40 auc 0.52,0.0,
global5000,engine_cut,static,0.76,0.051,0.09/1.00 cat 0.40 auc nan,0.00/0.00 cat 0.20 auc 0.44,0.46/0.75 cat 0.80 auc 0.64,0.46/0.75 cat 0.80 auc 0.56,0.05,
global5000,engine_cut,lags,0.747,0.036,0.00/0.00 cat 0.00 auc nan,0.00/0.00 cat 0.20 auc 0.55,0.46/0.75 cat 0.80 auc 0.68,0.31/0.67 cat 0.60 auc 0.52,0.05,
global5000,engine_cut,lags+since,0.628,0.053,0.00/0.00 cat 0.00 auc nan,0.00/0.00 cat 0.00 auc 0.18,0.38/0.83 cat 0.80 auc 0.78,0.31/0.67 cat 0.80 auc 0.49,0.0,
global5000,engine_cut,since,0.62,0.057,0.00/0.00 cat 0.00 auc nan,0.00/0.00 cat 0.00 auc 0.25,0.46/0.86 cat 0.80 auc 0.76,0.23/0.75 cat 0.60 auc 0.62,0.0,
global5000,climbing_turn,static,0.614,0.053,0.00/0.00 cat 0.00 auc nan,0.00/0.00 cat 0.00 auc 0.50,0.54/0.70 cat 0.60 auc 0.82,0.23/0.33 cat 0.60 auc 0.33,0.0,
global5000,climbing_turn,lags,0.575,0.054,0.00/0.00 cat 0.00 auc nan,0.00/0.00 cat 0.00 auc 0.50,0.62/0.80 cat 0.80 auc 0.73,0.38/0.56 cat 0.80 auc 0.52,0.0,
global5000,climbing_turn,lags+since,0.562,0.064,0.00/0.00 cat 0.00 auc nan,0.00/0.00 cat 0.00 auc 0.58,0.38/0.83 cat 0.60 auc 0.78,0.08/0.20 cat 0.60 auc 0.44,0.0,
global5000,climbing_turn,since,0.562,0.07,0.00/0.00 cat 0.00 auc nan,0.00/0.00 cat 0.20 auc 0.44,0.62/0.80 cat 0.60 auc 0.79,0.08/0.17 cat 0.80 auc 0.42,0.05,
global5000,elev_doublet_distractor,static,0.731,0.096,0.05/1.00 cat 0.20 auc nan,0.15/1.00 cat 0.20 auc 0.92,0.23/0.43 cat 0.80 auc 0.59,0.69/0.69 cat 0.60 auc 0.63,0.09,
global5000,elev_doublet_distractor,lags,0.712,0.074,0.09/1.00 cat 0.40 auc nan,0.08/0.50 cat 0.40 auc 0.80,0.38/0.50 cat 0.80 auc 0.46,0.54/0.54 cat 0.60 auc 0.63,0.09,
global5000,elev_doublet_distractor,lags+since,0.7,0.081,0.09/1.00 cat 0.40 auc nan,0.08/1.00 cat 0.20 auc 0.85,0.15/0.40 cat 0.40 auc 0.55,0.62/0.67 cat 0.40 auc 0.68,0.05,
global5000,elev_doublet_distractor,since,0.707,0.089,0.05/1.00 cat 0.20 auc nan,0.15/1.00 cat 0.40 auc 0.88,0.31/0.67 cat 0.80 auc 0.50,0.54/0.64 cat 0.40 auc 0.62,0.09,
global5000,engine_restart,static,0.696,0.05,0.00/0.00 cat 0.00 auc nan,0.00/0.00 cat 0.00 auc 0.76,0.15/0.67 cat 0.40 auc 0.40,0.38/0.71 cat 0.60 auc 0.58,0.0,
global5000,engine_restart,lags,0.664,0.038,0.05/1.00 cat 0.20 auc nan,0.00/0.00 cat 0.20 auc 0.53,0.15/0.67 cat 0.40 auc 0.39,0.31/0.80 cat 0.40 auc 0.52,0.0,
global5000,engine_restart,lags+since,0.568,0.046,0.00/0.00 cat 0.00 auc nan,0.08/0.50 cat 0.20 auc 0.56,0.15/0.67 cat 0.40 auc 0.65,0.31/0.80 cat 0.40 auc 0.50,0.05,
global5000,engine_restart,since,0.575,0.053,0.00/0.00 cat 0.00 auc nan,0.15/1.00 cat 0.40 auc 0.69,0.15/0.67 cat 0.40 auc 0.73,0.31/0.80 cat 0.40 auc 0.55,0.0,
pa28,cruise,static,0.777,0.061,0.18/1.00 cat 0.60 auc nan,0.15/1.00 cat 0.40 auc 0.35,0.08/1.00 cat 0.20 auc 0.62,0.31/1.00 cat 0.60 auc 0.70,0.05,
pa28,cruise,lags,0.776,0.063,0.18/1.00 cat 0.60 auc nan,0.15/1.00 cat 0.40 auc 0.63,0.08/1.00 cat 0.20 auc 0.52,0.31/1.00 cat 0.40 auc 0.63,0.05,
pa28,cruise,lags+since,0.774,0.052,0.18/1.00 cat 0.60 auc nan,0.23/1.00 cat 0.60 auc 0.60,0.08/1.00 cat 0.20 auc 0.79,0.23/1.00 cat 0.40 auc 0.68,0.0,
pa28,cruise,since,0.772,0.068,0.18/1.00 cat 0.60 auc nan,0.23/1.00 cat 0.60 auc 0.67,0.00/0.00 cat 0.00 auc 0.71,0.15/1.00 cat 0.40 auc 0.69,0.0,
pa28,throttle_step,static,0.796,0.052,0.00/0.00 cat 0.00 auc nan,0.00/0.00 cat 0.00 auc 0.39,0.15/0.67 cat 0.60 auc 0.57,0.00/0.00 cat 0.60 auc 0.07,0.0,
pa28,throttle_step,lags,0.786,0.057,0.05/1.00 cat 0.20 auc nan,0.00/0.00 cat 0.00 auc 0.44,0.23/0.60 cat 0.60 auc 0.57,0.00/0.00 cat 0.40 auc 0.22,0.05,
pa28,throttle_step,lags+since,0.777,0.059,0.05/1.00 cat 0.20 auc nan,0.08/1.00 cat 0.20 auc 0.49,0.00/0.00 cat 0.60 auc 0.71,0.00/0.00 cat 0.80 auc 0.12,0.14,
pa28,throttle_step,since,0.78,0.057,0.05/1.00 cat 0.20 auc nan,0.00/0.00 cat 0.00 auc 0.46,0.08/0.20 cat 0.60 auc 0.70,0.00/0.00 cat 0.80 auc 0.09,0.14,
pa28,elev_doublet,static,0.778,0.076,0.23/1.00 cat 0.80 auc nan,0.31/1.00 cat 0.60 auc 0.73,0.00/0.00 cat 0.20 auc 0.33,0.08/0.50 cat 0.40 auc 0.47,0.14,
pa28,elev_doublet,lags,0.768,0.079,0.18/1.00 cat 0.60 auc nan,0.23/1.00 cat 0.40 auc 0.72,0.15/1.00 cat 0.20 auc 0.50,0.08/1.00 cat 0.20 auc 0.42,0.09,
pa28,elev_doublet,lags+since,0.74,0.075,0.09/1.00 cat 0.40 auc nan,0.08/1.00 cat 0.20 auc 0.59,0.00/0.00 cat 0.00 auc 0.73,0.08/1.00 cat 0.20 auc 0.44,0.14,
pa28,elev_doublet,since,0.741,0.074,0.14/1.00 cat 0.40 auc nan,0.15/1.00 cat 0.20 auc 0.61,0.23/0.75 cat 0.60 auc 0.67,0.15/0.67 cat 0.20 auc 0.59,0.14,
pa28,elev_step,static,0.776,0.056,0.09/1.00 cat 0.40 auc nan,0.15/1.00 cat 0.40 auc 0.40,0.23/1.00 cat 0.40 auc 0.44,0.15/0.50 cat 0.40 auc 0.58,0.09,
pa28,elev_step,lags,0.765,0.049,0.05/1.00 cat 0.20 auc nan,0.08/1.00 cat 0.20 auc 0.44,0.31/1.00 cat 0.60 auc 0.54,0.31/0.40 cat 0.80 auc 0.63,0.14,
pa28,elev_step,lags+since,0.738,0.056,0.05/1.00 cat 0.20 auc nan,0.00/0.00 cat 0.00 auc 0.64,0.00/0.00 cat 0.00 auc 0.83,0.23/0.75 cat 0.20 auc 0.82,0.14,
pa28,elev_step,since,0.732,0.057,0.09/1.00 cat 0.20 auc nan,0.08/0.33 cat 0.20 auc 0.74,0.15/0.67 cat 0.40 auc 0.70,0.23/0.75 cat 0.20 auc 0.82,0.14,
pa28,aileron_step,static,0.773,0.071,0.09/1.00 cat 0.40 auc nan,0.15/1.00 cat 0.20 auc 0.50,0.08/1.00 cat 0.20 auc 0.63,0.23/0.75 cat 0.60 auc 0.76,0.09,
pa28,aileron_step,lags,0.757,0.057,0.09/1.00 cat 0.20 auc nan,0.23/1.00 cat 0.40 auc 0.60,0.31/1.00 cat 0.40 auc 0.73,0.15/1.00 cat 0.40 auc 0.62,0.09,
pa28,aileron_step,lags+since,0.727,0.069,0.14/1.00 cat 0.40 auc nan,0.08/0.50 cat 0.40 auc 0.63,0.23/1.00 cat 0.40 auc 0.96,0.15/1.00 cat 0.40 auc 0.58,0.05,
pa28,aileron_step,since,0.742,0.07,0.09/1.00 cat 0.20 auc nan,0.00/0.00 cat 0.00 auc 0.61,0.08/1.00 cat 0.20 auc 0.74,0.15/1.00 cat 0.40 auc 0.83,0.05,
pa28,rudder_doublet,static,0.787,0.069,0.05/1.00 cat 0.20 auc nan,0.00/0.00 cat 0.00 auc 0.66,0.00/0.00 cat 0.20 auc 0.77,0.08/1.00 cat 0.20 auc 0.44,0.09,
pa28,rudder_doublet,lags,0.768,0.066,0.09/1.00 cat 0.20 auc nan,0.00/0.00 cat 0.00 auc 0.57,0.08/1.00 cat 0.20 auc 0.76,0.08/0.33 cat 0.40 auc 0.28,0.0,
pa28,rudder_doublet,lags+since,0.744,0.073,0.14/1.00 cat 0.60 auc nan,0.08/1.00 cat 0.20 auc 0.47,0.00/0.00 cat 0.20 auc 0.40,0.15/0.67 cat 0.40 auc 0.47,0.14,
pa28,rudder_doublet,since,0.753,0.074,0.05/1.00 cat 0.20 auc nan,0.08/1.00 cat 0.20 auc 0.65,0.00/0.00 cat 0.00 auc 0.48,0.08/0.50 cat 0.40 auc 0.58,0.09,
pa28,bank_hold,static,0.754,0.069,0.23/1.00 cat 0.60 auc nan,0.08/1.00 cat 0.20 auc 0.60,0.38/0.83 cat 0.40 auc 0.78,0.31/0.67 cat 0.60 auc 0.72,0.05,
pa28,bank_hold,lags,0.745,0.073,0.05/1.00 cat 0.20 auc nan,0.15/0.67 cat 0.60 auc 0.56,0.15/1.00 cat 0.20 auc 0.73,0.08/1.00 cat 0.20 auc 0.52,0.0,
pa28,bank_hold,lags+since,0.72,0.07,0.05/1.00 cat 0.20 auc nan,0.00/0.00 cat 0.00 auc 0.55,0.23/1.00 cat 0.40 auc 0.69,0.00/0.00 cat 0.00 auc 0.41,0.0,
pa28,bank_hold,since,0.725,0.069,0.05/1.00 cat 0.20 auc nan,0.00/0.00 cat 0.00 auc 0.63,0.38/1.00 cat 0.60 auc 0.76,0.08/1.00 cat 0.20 auc 0.57,0.05,
pa28,flap_extend,static,0.731,0.06,0.18/1.00 cat 0.60 auc nan,0.00/0.00 cat 0.20 auc 0.44,0.69/0.90 cat 1.00 auc 0.75,0.00/0.00 cat 0.00 auc 0.45,0.05,
pa28,flap_extend,lags,0.688,0.064,0.09/1.00 cat 0.40 auc nan,0.00/0.00 cat 0.20 auc 0.40,0.54/0.88 cat 0.80 auc 0.75,0.00/0.00 cat 0.40 auc 0.34,0.05,
pa28,flap_extend,lags+since,0.599,0.063,0.00/0.00 cat 0.00 auc nan,0.00/0.00 cat 0.00 auc 0.24,0.69/0.90 cat 0.80 auc 0.79,0.00/0.00 cat 0.40 auc 0.36,0.0,
pa28,flap_extend,since,0.597,0.06,0.00/0.00 cat 0.00 auc nan,0.00/0.00 cat 0.00 auc 0.36,0.54/0.88 cat 0.60 auc 0.69,0.08/0.50 cat 0.40 auc 0.29,0.0,
pa28,climbing_turn,static,0.734,0.061,0.09/1.00 cat 0.40 auc nan,0.00/0.00 cat 0.20 auc 0.34,0.00/0.00 cat 0.20 auc 0.37,0.08/0.17 cat 0.60 auc 0.39,0.0,
pa28,climbing_turn,lags,0.715,0.072,0.09/1.00 cat 0.40 auc nan,0.00/0.00 cat 0.00 auc 0.44,0.00/0.00 cat 0.00 auc 0.41,0.00/0.00 cat 0.80 auc 0.38,0.0,
pa28,climbing_turn,lags+since,0.697,0.058,0.23/1.00 cat 0.60 auc nan,0.00/0.00 cat 0.40 auc 0.61,0.00/0.00 cat 0.00 auc 0.50,0.31/0.57 cat 0.60 auc 0.52,0.05,
pa28,climbing_turn,since,0.697,0.06,0.14/1.00 cat 0.60 auc nan,0.00/0.00 cat 0.40 auc 0.39,0.00/0.00 cat 0.20 auc 0.38,0.23/0.43 cat 0.60 auc 0.43,0.05,
pa28,elev_doublet_distractor,static,0.768,0.059,0.05/1.00 cat 0.20 auc nan,0.08/1.00 cat 0.20 auc 0.56,0.31/1.00 cat 0.60 auc 0.58,0.15/0.40 cat 0.60 auc 0.56,0.09,
pa28,elev_doublet_distractor,lags,0.765,0.056,0.23/1.00 cat 0.40 auc nan,0.31/1.00 cat 0.40 auc 0.61,0.31/1.00 cat 0.40 auc 0.75,0.23/0.50 cat 0.60 auc 0.41,0.0,
pa28,elev_doublet_distractor,lags+since,0.739,0.063,0.00/0.00 cat 0.00 auc nan,0.00/0.00 cat 0.00 auc 0.69,0.23/1.00 cat 0.60 auc 0.85,0.15/0.50 cat 0.60 auc 0.41,0.0,
pa28,elev_doublet_distractor,since,0.739,0.06,0.09/1.00 cat 0.40 auc nan,0.15/1.00 cat 0.20 auc 0.68,0.31/0.80 cat 0.60 auc 0.68,0.00/0.00 cat 0.60 auc 0.37,0.05,
pa28,engine_stop,static,0.782,0.044,0.05/1.00 cat 0.20 auc nan,0.08/1.00 cat 0.20 auc 0.64,0.00/0.00 cat 0.00 auc 0.54,0.23/0.60 cat 0.60 auc 0.47,0.0,
pa28,engine_stop,lags,0.787,0.046,0.09/1.00 cat 0.40 auc nan,0.15/1.00 cat 0.20 auc 0.58,0.00/0.00 cat 0.20 auc 0.48,0.08/0.33 cat 0.40 auc 0.35,0.0,
pa28,engine_stop,lags+since,0.639,0.055,0.09/1.00 cat 0.20 auc nan,0.00/0.00 cat 0.20 auc 0.72,0.08/0.50 cat 0.40 auc 0.53,0.15/1.00 cat 0.20 auc 0.53,0.32,
pa28,engine_stop,since,0.64,0.052,0.09/1.00 cat 0.40 auc nan,0.00/0.00 cat 0.20 auc 0.65,0.08/0.50 cat 0.40 auc 0.51,0.08/1.00 cat 0.20 auc 0.53,0.27,
pc7,cruise,static,0.785,0.067,0.05/1.00 cat 0.20 auc nan,0.08/0.50 cat 0.20 auc 0.60,0.15/0.33 cat 0.40 auc 0.66,0.38/0.71 cat 0.40 auc 0.43,0.0,
pc7,cruise,lags,0.785,0.067,0.09/1.00 cat 0.40 auc nan,0.00/0.00 cat 0.00 auc 0.65,0.23/0.60 cat 0.40 auc 0.65,0.38/0.71 cat 0.40 auc 0.53,0.09,
pc7,cruise,lags+since,0.785,0.066,0.09/1.00 cat 0.40 auc nan,0.08/1.00 cat 0.20 auc 0.62,0.23/0.50 cat 0.40 auc 0.63,0.38/0.71 cat 0.40 auc 0.50,0.0,
pc7,cruise,since,0.785,0.066,0.09/1.00 cat 0.40 auc nan,0.00/0.00 cat 0.00 auc 0.63,0.08/0.20 cat 0.40 auc 0.69,0.38/0.71 cat 0.40 auc 0.52,0.0,
pc7,throttle_step,static,0.779,0.07,0.00/0.00 cat 0.00 auc nan,0.00/0.00 cat 0.00 auc 0.64,0.00/0.00 cat 0.00 auc 0.46,0.00/0.00 cat 0.00 auc 0.73,0.0,
pc7,throttle_step,lags,0.759,0.068,0.05/1.00 cat 0.20 auc nan,0.00/0.00 cat 0.00 auc 0.73,0.08/1.00 cat 0.20 auc 0.31,0.23/1.00 cat 0.20 auc 0.59,0.05,
pc7,throttle_step,lags+since,0.71,0.082,0.09/1.00 cat 0.40 auc nan,0.00/0.00 cat 0.00 auc 0.45,0.00/0.00 cat 0.00 auc 0.49,0.00/0.00 cat 0.00 auc 0.73,0.05,
pc7,throttle_step,since,0.723,0.078,0.00/0.00 cat 0.00 auc nan,0.00/0.00 cat 0.00 auc 0.62,0.08/1.00 cat 0.20 auc 0.48,0.38/0.83 cat 0.60 auc 0.68,0.0,
pc7,elev_doublet,static,0.788,0.085,0.09/1.00 cat 0.20 auc nan,0.00/0.00 cat 0.00 auc 0.32,0.15/1.00 cat 0.40 auc 0.32,0.08/1.00 cat 0.20 auc 0.72,0.09,
pc7,elev_doublet,lags,0.776,0.088,0.00/0.00 cat 0.00 auc nan,0.08/1.00 cat 0.20 auc 0.22,0.00/0.00 cat 0.00 auc 0.29,0.15/1.00 cat 0.40 auc 0.59,0.0,
pc7,elev_doublet,lags+since,0.714,0.082,0.14/1.00 cat 0.40 auc nan,0.00/0.00 cat 0.00 auc 0.15,0.00/0.00 cat 0.00 auc 0.15,0.38/0.83 cat 0.60 auc 0.48,0.05,
pc7,elev_doublet,since,0.724,0.086,0.09/1.00 cat 0.20 auc nan,0.00/0.00 cat 0.00 auc 0.20,0.00/0.00 cat 0.20 auc 0.15,0.08/1.00 cat 0.20 auc 0.48,0.05,
pc7,elev_step,static,0.78,0.057,0.09/1.00 cat 0.40 auc nan,0.00/0.00 cat 0.00 auc 0.29,0.08/1.00 cat 0.20 auc 0.62,0.23/1.00 cat 0.20 auc 0.52,0.0,
pc7,elev_step,lags,0.763,0.058,0.14/1.00 cat 0.40 auc nan,0.00/0.00 cat 0.20 auc 0.43,0.00/0.00 cat 0.00 auc 0.56,0.15/1.00 cat 0.20 auc 0.44,0.05,
pc7,elev_step,lags+since,0.706,0.058,0.09/1.00 cat 0.40 auc nan,0.00/0.00 cat 0.00 auc 0.50,0.23/1.00 cat 0.40 auc 0.62,0.46/0.86 cat 0.40 auc 0.72,0.05,
pc7,elev_step,since,0.712,0.057,0.09/1.00 cat 0.40 auc nan,0.08/1.00 cat 0.20 auc 0.56,0.23/1.00 cat 0.40 auc 0.64,0.38/0.83 cat 0.40 auc 0.79,0.0,
pc7,aileron_step,static,0.761,0.073,0.05/1.00 cat 0.20 auc nan,0.08/1.00 cat 0.20 auc 0.48,0.00/0.00 cat 0.20 auc 0.36,0.08/0.20 cat 0.80 auc 0.50,0.09,
pc7,aileron_step,lags,0.728,0.065,0.09/1.00 cat 0.20 auc nan,0.08/1.00 cat 0.20 auc 0.52,0.00/0.00 cat 0.00 auc 0.59,0.31/0.40 cat 0.80 auc 0.47,0.14,
pc7,aileron_step,lags+since,0.668,0.076,0.05/1.00 cat 0.20 auc nan,0.08/1.00 cat 0.20 auc 0.49,0.00/0.00 cat 0.00 auc 0.42,0.46/0.67 cat 0.80 auc 0.52,0.05,
pc7,aileron_step,since,0.689,0.069,0.00/0.00 cat 0.00 auc nan,0.00/0.00 cat 0.00 auc 0.47,0.00/0.00 cat 0.00 auc 0.60,0.38/0.62 cat 0.80 auc 0.65,0.0,
pc7,rudder_doublet,static,0.782,0.065,0.14/1.00 cat 0.60 auc nan,0.23/1.00 cat 0.40 auc 0.50,0.08/1.00 cat 0.20 auc 0.52,0.46/1.00 cat 0.60 auc 0.55,0.09,
pc7,rudder_doublet,lags,0.749,0.071,0.18/1.00 cat 0.40 auc nan,0.00/0.00 cat 0.00 auc 0.49,0.00/0.00 cat 0.00 auc 0.54,0.38/0.83 cat 0.60 auc 0.44,0.09,
pc7,rudder_doublet,lags+since,0.685,0.067,0.27/1.00 cat 0.80 auc nan,0.00/0.00 cat 0.00 auc 0.47,0.00/0.00 cat 0.00 auc 0.50,0.15/1.00 cat 0.20 auc 0.46,0.0,
pc7,rudder_doublet,since,0.703,0.065,0.27/1.00 cat 0.60 auc nan,0.08/0.50 cat 0.20 auc 0.40,0.15/1.00 cat 0.40 auc 0.43,0.08/1.00 cat 0.20 auc 0.41,0.0,
pc7,bank_hold,static,0.774,0.065,0.09/1.00 cat 0.40 auc nan,0.23/0.50 cat 0.60 auc 0.56,0.08/0.33 cat 0.40 auc 0.55,0.31/0.57 cat 0.80 auc 0.64,0.0,
pc7,bank_hold,lags,0.757,0.071,0.05/1.00 cat 0.20 auc nan,0.23/0.60 cat 0.60 auc 0.67,0.00/0.00 cat 0.20 auc 0.55,0.38/0.71 cat 0.40 auc 0.60,0.09,
pc7,bank_hold,lags+since,0.691,0.078,0.18/1.00 cat 0.60 auc nan,0.31/0.67 cat 0.60 auc 0.71,0.08/0.25 cat 0.40 auc 0.55,0.31/0.80 cat 0.80 auc 0.58,0.09,
pc7,bank_hold,since,0.703,0.079,0.14/1.00 cat 0.40 auc nan,0.23/0.75 cat 0.80 auc 0.76,0.08/0.33 cat 0.40 auc 0.54,0.23/0.75 cat 0.80 auc 0.38,0.05,
pc7,flap_extend,static,0.771,0.063,0.09/1.00 cat 0.40 auc nan,0.08/1.00 cat 0.20 auc 0.60,0.00/0.00 cat 0.40 auc 0.59,0.15/1.00 cat 0.40 auc 0.54,0.09,
pc7,flap_extend,lags,0.76,0.06,0.23/1.00 cat 0.40 auc nan,0.00/0.00 cat 0.00 auc 0.45,0.00/0.00 cat 0.00 auc 0.49,0.23/0.75 cat 0.40 auc 0.44,0.05,
pc7,flap_extend,lags+since,0.718,0.064,0.14/1.00 cat 0.40 auc nan,0.08/0.50 cat 0.40 auc 0.48,0.00/0.00 cat 0.40 auc 0.41,0.31/0.50 cat 0.80 auc 0.59,0.05,
pc7,flap_extend,since,0.71,0.066,0.27/1.00 cat 0.60 auc nan,0.08/0.33 cat 0.40 auc 0.38,0.08/0.25 cat 0.60 auc 0.30,0.38/0.56 cat 0.60 auc 0.57,0.14,
pc7,climbing_turn,static,0.713,0.064,0.00/0.00 cat 0.00 auc nan,0.00/0.00 cat 0.00 auc 0.44,0.15/1.00 cat 0.40 auc 0.47,0.46/0.50 cat 1.00 auc 0.66,0.05,
pc7,climbing_turn,lags,0.698,0.069,0.05/1.00 cat 0.20 auc nan,0.08/1.00 cat 0.20 auc 0.43,0.00/0.00 cat 0.00 auc 0.36,0.38/0.62 cat 0.60 auc 0.45,0.05,
pc7,climbing_turn,lags+since,0.665,0.072,0.00/0.00 cat 0.00 auc nan,0.00/0.00 cat 0.20 auc 0.40,0.00/0.00 cat 0.20 auc 0.36,0.15/0.50 cat 0.40 auc 0.44,0.0,
pc7,climbing_turn,since,0.658,0.067,0.00/0.00 cat 0.00 auc nan,0.00/0.00 cat 0.00 auc 0.54,0.00/0.00 cat 0.00 auc 0.36,0.46/1.00 cat 0.60 auc 0.68,0.0,
pc7,elev_doublet_distractor,static,0.776,0.077,0.14/1.00 cat 0.40 auc nan,0.23/1.00 cat 0.60 auc 0.69,0.00/0.00 cat 0.00 auc 0.58,0.08/0.50 cat 0.40 auc 0.48,0.09,
pc7,elev_doublet_distractor,lags,0.75,0.077,0.18/1.00 cat 0.60 auc nan,0.23/1.00 cat 0.40 auc 0.73,0.00/0.00 cat 0.20 auc 0.44,0.54/1.00 cat 0.60 auc 0.85,0.23,
pc7,elev_doublet_distractor,lags+since,0.718,0.063,0.05/1.00 cat 0.20 auc nan,0.08/0.50 cat 0.40 auc 0.69,0.00/0.00 cat 0.00 auc 0.26,0.31/0.80 cat 0.40 auc 0.73,0.0,
pc7,elev_doublet_distractor,since,0.722,0.07,0.14/1.00 cat 0.40 auc nan,0.08/0.50 cat 0.20 auc 0.59,0.00/0.00 cat 0.00 auc 0.45,0.23/0.75 cat 0.40 auc 0.69,0.09,
t6texan2,cruise,static,0.782,0.063,0.00/0.00 cat 0.00 auc nan,0.00/0.00 cat 0.00 auc 0.47,0.38/1.00 cat 0.40 auc 0.56,0.15/0.67 cat 0.40 auc 0.67,0.0,
t6texan2,cruise,lags,0.782,0.065,0.00/0.00 cat 0.00 auc nan,0.00/0.00 cat 0.00 auc 0.50,0.38/1.00 cat 0.40 auc 0.56,0.15/1.00 cat 0.20 auc 0.63,0.0,
t6texan2,cruise,lags+since,0.777,0.063,0.00/0.00 cat 0.00 auc nan,0.00/0.00 cat 0.00 auc 0.47,0.15/1.00 cat 0.40 auc 0.44,0.15/1.00 cat 0.20 auc 0.63,0.0,
t6texan2,cruise,since,0.786,0.062,0.00/0.00 cat 0.00 auc nan,0.00/0.00 cat 0.00 auc 0.49,0.38/1.00 cat 0.40 auc 0.51,0.15/0.67 cat 0.40 auc 0.63,0.0,
t6texan2,throttle_step,static,0.72,0.054,0.09/1.00 cat 0.40 auc nan,0.15/0.50 cat 0.40 auc 0.53,0.15/0.67 cat 0.40 auc 0.41,0.54/1.00 cat 0.80 auc 0.82,0.18,
t6texan2,throttle_step,lags,0.694,0.054,0.05/1.00 cat 0.20 auc nan,0.00/0.00 cat 0.00 auc 0.41,0.00/0.00 cat 0.00 auc 0.36,0.46/0.86 cat 0.60 auc 0.90,0.0,
t6texan2,throttle_step,lags+since,0.66,0.053,0.09/1.00 cat 0.20 auc nan,0.00/0.00 cat 0.00 auc 0.25,0.00/0.00 cat 0.00 auc 0.30,0.54/1.00 cat 0.80 auc 0.83,0.0,
t6texan2,throttle_step,since,0.668,0.057,0.18/1.00 cat 0.60 auc nan,0.00/0.00 cat 0.20 auc 0.26,0.00/0.00 cat 0.00 auc 0.32,0.38/1.00 cat 0.60 auc 0.78,0.05,
t6texan2,elev_doublet,static,0.764,0.093,0.18/1.00 cat 0.60 auc nan,0.00/0.00 cat 0.00 auc 0.84,0.08/0.50 cat 0.40 auc 0.63,0.23/0.43 cat 0.80 auc 0.37,0.0,
t6texan2,elev_doublet,lags,0.764,0.092,0.09/1.00 cat 0.40 auc nan,0.08/1.00 cat 0.20 auc 0.76,0.08/0.50 cat 0.40 auc 0.45,0.08/0.20 cat 0.60 auc 0.33,0.0,
t6texan2,elev_doublet,lags+since,0.752,0.072,0.18/1.00 cat 0.60 auc nan,0.15/0.67 cat 0.40 auc 0.55,0.15/0.67 cat 0.40 auc 0.32,0.23/0.75 cat 0.60 auc 0.52,0.14,
t6texan2,elev_doublet,since,0.763,0.067,0.18/1.00 cat 0.40 auc nan,0.15/0.67 cat 0.40 auc 0.62,0.23/0.75 cat 0.60 auc 0.22,0.00/0.00 cat 0.40 auc 0.43,0.18,
t6texan2,elev_step,static,0.77,0.048,0.27/1.00 cat 0.60 auc nan,0.08/1.00 cat 0.20 auc 0.50,0.23/0.75 cat 0.40 auc 0.62,0.23/0.60 cat 0.40 auc 0.49,0.0,
t6texan2,elev_step,lags,0.751,0.041,0.14/1.00 cat 0.40 auc nan,0.00/0.00 cat 0.20 auc 0.63,0.23/1.00 cat 0.40 auc 0.48,0.08/1.00 cat 0.20 auc 0.58,0.05,
t6texan2,elev_step,lags+since,0.662,0.052,0.05/1.00 cat 0.20 auc nan,0.00/0.00 cat 0.20 auc 0.30,0.15/1.00 cat 0.40 auc 0.50,0.15/1.00 cat 0.20 auc 0.37,0.09,
t6texan2,elev_step,since,0.668,0.055,0.05/1.00 cat 0.20 auc nan,0.00/0.00 cat 0.00 auc 0.24,0.15/1.00 cat 0.40 auc 0.50,0.15/0.67 cat 0.20 auc 0.29,0.0,
t6texan2,aileron_step,static,0.781,0.057,0.00/0.00 cat 0.00 auc nan,0.00/0.00 cat 0.00 auc 0.29,0.08/1.00 cat 0.20 auc 0.34,0.08/0.33 cat 0.40 auc 0.56,0.0,
t6texan2,aileron_step,lags,0.736,0.074,0.05/1.00 cat 0.20 auc nan,0.00/0.00 cat 0.00 auc 0.33,0.15/1.00 cat 0.40 auc 0.39,0.54/0.64 cat 0.80 auc 0.68,0.0,
t6texan2,aileron_step,lags+since,0.596,0.078,0.14/1.00 cat 0.40 auc nan,0.00/0.00 cat 0.00 auc 0.32,0.15/1.00 cat 0.40 auc 0.36,0.15/0.33 cat 0.80 auc 0.52,0.0,
t6texan2,aileron_step,since,0.614,0.07,0.09/1.00 cat 0.40 auc nan,0.00/0.00 cat 0.00 auc 0.30,0.08/1.00 cat 0.20 auc 0.30,0.15/0.29 cat 0.80 auc 0.35,0.0,
t6texan2,rudder_doublet,static,0.778,0.076,0.27/1.00 cat 0.80 auc nan,0.00/0.00 cat 0.00 auc 0.32,0.00/0.00 cat 0.00 auc 0.21,0.08/1.00 cat 0.20 auc 0.66,0.0,
t6texan2,rudder_doublet,lags,0.722,0.081,0.36/1.00 cat 0.60 auc nan,0.00/0.00 cat 0.20 auc 0.30,0.08/1.00 cat 0.20 auc 0.32,0.08/0.12 cat 0.60 auc 0.34,0.09,
t6texan2,rudder_doublet,lags+since,0.653,0.072,0.50/1.00 cat 0.80 auc nan,0.00/0.00 cat 0.40 auc 0.28,0.00/0.00 cat 0.20 auc 0.48,0.00/0.00 cat 0.40 auc 0.42,0.14,
t6texan2,rudder_doublet,since,0.687,0.065,0.50/1.00 cat 0.80 auc nan,0.00/0.00 cat 0.20 auc 0.25,0.00/0.00 cat 0.20 auc 0.41,0.15/0.50 cat 0.40 auc 0.49,0.05,
t6texan2,bank_hold,static,0.743,0.034,0.27/1.00 cat 0.80 auc nan,0.00/0.00 cat 0.60 auc 0.32,0.46/1.00 cat 0.80 auc 0.71,0.62/0.57 cat 1.00 auc 0.57,0.14,
t6texan2,bank_hold,lags,0.695,0.035,0.32/1.00 cat 0.80 auc nan,0.00/0.00 cat 0.40 auc 0.33,0.31/1.00 cat 0.40 auc 0.62,0.77/0.56 cat 1.00 auc 0.56,0.05,
t6texan2,bank_hold,lags+since,0.554,0.038,0.27/1.00 cat 0.60 auc nan,0.00/0.00 cat 0.20 auc 0.32,0.15/0.67 cat 0.20 auc 0.48,0.31/0.40 cat 0.80 auc 0.40,0.05,
t6texan2,bank_hold,since,0.582,0.044,0.09/1.00 cat 0.20 auc nan,0.00/0.00 cat 0.20 auc 0.28,0.31/1.00 cat 0.40 auc 0.68,0.23/0.38 cat 0.60 auc 0.30,0.0,
t6texan2,flap_extend,static,0.737,0.048,0.14/1.00 cat 0.60 auc nan,0.00/0.00 cat 0.00 auc 0.16,0.08/1.00 cat 0.20 auc 0.65,0.00/0.00 cat 0.00 auc 0.05,0.0,
t6texan2,flap_extend,lags,0.687,0.053,0.09/1.00 cat 0.40 auc nan,0.08/0.50 cat 0.40 auc 0.28,0.15/1.00 cat 0.40 auc 0.68,0.08/1.00 cat 0.20 auc 0.24,0.05,
t6texan2,flap_extend,lags+since,0.612,0.045,0.09/1.00 cat 0.40 auc nan,0.00/0.00 cat 0.00 auc 0.28,0.23/1.00 cat 0.40 auc 0.57,0.15/0.67 cat 0.60 auc 0.40,0.0,
t6texan2,flap_extend,since,0.612,0.044,0.18/1.00 cat 0.40 auc nan,0.00/0.00 cat 0.00 auc 0.24,0.23/1.00 cat 0.40 auc 0.53,0.08/1.00 cat 0.20 auc 0.32,0.0,
t6texan2,climbing_turn,static,0.64,0.035,0.23/1.00 cat 0.60 auc nan,0.23/0.75 cat 0.60 auc 0.61,0.15/0.67 cat 0.60 auc 0.56,0.77/0.77 cat 0.80 auc 0.73,0.14,
t6texan2,climbing_turn,lags,0.552,0.033,0.27/1.00 cat 0.80 auc nan,0.23/0.60 cat 0.60 auc 0.56,0.46/0.86 cat 1.00 auc 0.69,0.62/0.67 cat 0.80 auc 0.60,0.09,
t6texan2,climbing_turn,lags+since,0.479,0.033,0.55/1.00 cat 1.00 auc nan,0.23/0.60 cat 0.80 auc 0.35,0.62/0.89 cat 1.00 auc 0.59,0.54/0.54 cat 1.00 auc 0.45,0.09,
t6texan2,climbing_turn,since,0.486,0.033,0.41/1.00 cat 1.00 auc nan,0.23/0.75 cat 0.60 auc 0.32,0.54/0.88 cat 0.80 auc 0.64,0.15/0.33 cat 0.40 auc 0.37,0.09,
t6texan2,elev_doublet_distractor,static,0.751,0.087,0.00/0.00 cat 0.00 auc nan,0.00/0.00 cat 0.00 auc 0.28,0.00/0.00 cat 0.20 auc 0.09,0.15/1.00 cat 0.20 auc 0.78,0.0,
t6texan2,elev_doublet_distractor,lags,0.738,0.08,0.05/1.00 cat 0.20 auc nan,0.00/0.00 cat 0.00 auc 0.36,0.00/0.00 cat 0.00 auc 0.32,0.15/0.40 cat 0.40 auc 0.38,0.0,
t6texan2,elev_doublet_distractor,lags+since,0.721,0.072,0.14/1.00 cat 0.60 auc nan,0.00/0.00 cat 0.00 auc 0.13,0.00/0.00 cat 0.00 auc 0.26,0.23/0.38 cat 0.80 auc 0.26,0.0,
t6texan2,elev_doublet_distractor,since,0.729,0.072,0.14/1.00 cat 0.60 auc nan,0.00/0.00 cat 0.00 auc 0.11,0.00/0.00 cat 0.00 auc 0.29,0.15/0.40 cat 0.60 auc 0.33,0.0,
