aircraft,manoeuvre,fault,explainer,n_flagged,agreement,agreement_null_median,n_explained,correctness,correctness_largest_movement,correctness_only_changing,correctness_residual_importance,stability,n_with_trim_shift
737,throttle_step,inertia_x1.6,dynamic,2,0.0,1.0,2,1.0,1.0,1.0,0.5,1.0,0
737,throttle_step,inertia_x1.6,static,2,0.5,0.5,2,1.0,1.0,1.0,,,0
737,throttle_step,cmq_x0.5,dynamic,1,0.0,1.0,1,1.0,1.0,1.0,1.0,1.0,0
737,throttle_step,cmq_x0.5,static,1,1.0,1.0,1,1.0,1.0,1.0,,,0
737,throttle_step,cmalpha_x0.7,dynamic,3,0.0,1.0,3,1.0,1.0,1.0,1.0,1.0,0
737,throttle_step,cmalpha_x0.7,static,3,0.0,1.0,3,1.0,1.0,1.0,,,0
737,throttle_step,clo_+0.1,dynamic,8,0.25,0.5,8,1.0,1.0,1.0,0.75,1.0,8
737,throttle_step,clo_+0.1,static,8,0.25,0.5,7,1.0,1.0,1.0,,,7
737,elev_doublet,inertia_x1.6,dynamic,0,,,0,,,,,,0
737,elev_doublet,inertia_x1.6,static,0,,,0,,,,,,0
737,elev_doublet,cmq_x0.5,dynamic,0,,,0,,,,,,0
737,elev_doublet,cmq_x0.5,static,0,,,0,,,,,,0
737,elev_doublet,cmalpha_x0.7,dynamic,1,0.0,0.0,1,1.0,1.0,1.0,1.0,0.6,0
737,elev_doublet,cmalpha_x0.7,static,1,0.0,1.0,1,1.0,1.0,1.0,,,0
737,elev_doublet,clo_+0.1,dynamic,9,0.4444444444444444,0.6666666666666666,9,1.0,1.0,1.0,0.5555555555555556,0.5666666666666667,9
737,elev_doublet,clo_+0.1,static,9,0.4444444444444444,0.5555555555555556,9,1.0,1.0,1.0,,,9
737,elev_step,inertia_x1.6,dynamic,1,0.0,0.0,1,1.0,1.0,1.0,1.0,1.0,0
737,elev_step,inertia_x1.6,static,1,0.0,1.0,1,1.0,1.0,1.0,,,0
737,elev_step,cmq_x0.5,dynamic,2,0.0,0.5,2,1.0,1.0,1.0,1.0,0.35,0
737,elev_step,cmq_x0.5,static,2,0.0,1.0,2,1.0,1.0,1.0,,,0
737,elev_step,cmalpha_x0.7,dynamic,5,0.6,1.0,5,1.0,1.0,1.0,0.8,0.4800000000000001,0
737,elev_step,cmalpha_x0.7,static,5,0.0,0.8,5,1.0,1.0,1.0,,,0
737,elev_step,clo_+0.1,dynamic,11,0.45454545454545453,0.6363636363636364,11,1.0,1.0,1.0,1.0,0.781818181818182,11
737,elev_step,clo_+0.1,static,11,0.2727272727272727,0.7272727272727273,11,1.0,1.0,1.0,,,11
737,aileron_step,inertia_x1.6,dynamic,0,,,0,,,,,,0
737,aileron_step,inertia_x1.6,static,0,,,0,,,,,,0
737,aileron_step,cmq_x0.5,dynamic,0,,,0,,,,,,0
737,aileron_step,cmq_x0.5,static,0,,,0,,,,,,0
737,aileron_step,cmalpha_x0.7,dynamic,0,,,0,,,,,,0
737,aileron_step,cmalpha_x0.7,static,0,,,0,,,,,,0
737,aileron_step,clo_+0.1,dynamic,8,0.5,0.625,8,1.0,1.0,1.0,0.75,0.44999999999999996,8
737,aileron_step,clo_+0.1,static,8,0.375,0.625,6,1.0,1.0,1.0,,,6
737,rudder_doublet,inertia_x1.6,dynamic,1,1.0,1.0,1,1.0,1.0,1.0,1.0,1.0,0
737,rudder_doublet,inertia_x1.6,static,1,1.0,1.0,1,1.0,1.0,1.0,,,0
737,rudder_doublet,cmq_x0.5,dynamic,0,,,0,,,,,,0
737,rudder_doublet,cmq_x0.5,static,0,,,0,,,,,,0
737,rudder_doublet,cmalpha_x0.7,dynamic,0,,,0,,,,,,0
737,rudder_doublet,cmalpha_x0.7,static,0,,,0,,,,,,0
737,rudder_doublet,clo_+0.1,dynamic,8,0.5,0.75,8,1.0,1.0,1.0,0.375,1.0,8
737,rudder_doublet,clo_+0.1,static,8,0.5,0.625,8,1.0,1.0,1.0,,,8
737,bank_hold,inertia_x1.6,dynamic,0,,,0,,,,,,0
737,bank_hold,inertia_x1.6,static,0,,,0,,,,,,0
737,bank_hold,cmq_x0.5,dynamic,0,,,0,,,,,,0
737,bank_hold,cmq_x0.5,static,0,,,0,,,,,,0
737,bank_hold,cmalpha_x0.7,dynamic,0,,,0,,,,,,0
737,bank_hold,cmalpha_x0.7,static,0,,,0,,,,,,0
737,bank_hold,clo_+0.1,dynamic,7,0.14285714285714285,0.7142857142857143,7,1.0,1.0,1.0,0.5714285714285714,0.4714285714285714,7
737,bank_hold,clo_+0.1,static,7,0.42857142857142855,0.5714285714285714,5,1.0,1.0,1.0,,,5
737,flap_extend,inertia_x1.6,dynamic,2,0.0,0.5,2,1.0,1.0,1.0,0.0,1.0,0
737,flap_extend,inertia_x1.6,static,2,0.5,1.0,2,1.0,1.0,1.0,,,0
737,flap_extend,cmq_x0.5,dynamic,3,0.6666666666666666,0.6666666666666666,3,1.0,1.0,1.0,0.6666666666666666,1.0,0
737,flap_extend,cmq_x0.5,static,3,0.3333333333333333,0.6666666666666666,3,1.0,1.0,1.0,,,0
737,flap_extend,cmalpha_x0.7,dynamic,1,0.0,1.0,1,1.0,1.0,1.0,0.0,1.0,0
737,flap_extend,cmalpha_x0.7,static,1,0.0,1.0,1,1.0,1.0,1.0,,,0
737,flap_extend,clo_+0.1,dynamic,11,0.5454545454545454,0.7272727272727273,11,1.0,1.0,1.0,1.0,0.5636363636363636,11
737,flap_extend,clo_+0.1,static,11,0.2727272727272727,0.7272727272727273,11,1.0,1.0,1.0,,,11
737,engine_cut,inertia_x1.6,dynamic,0,,,0,,,,,,0
737,engine_cut,inertia_x1.6,static,0,,,0,,,,,,0
737,engine_cut,cmq_x0.5,dynamic,0,,,0,,,,,,0
737,engine_cut,cmq_x0.5,static,0,,,0,,,,,,0
737,engine_cut,cmalpha_x0.7,dynamic,0,,,0,,,,,,0
737,engine_cut,cmalpha_x0.7,static,0,,,0,,,,,,0
737,engine_cut,clo_+0.1,dynamic,7,0.5714285714285714,0.7142857142857143,7,1.0,1.0,1.0,1.0,0.8,7
737,engine_cut,clo_+0.1,static,7,0.42857142857142855,0.5714285714285714,7,0.0,1.0,1.0,,,7
737,climbing_turn,inertia_x1.6,dynamic,2,0.0,0.0,2,0.0,1.0,1.0,0.0,0.3,0
737,climbing_turn,inertia_x1.6,static,2,0.0,0.0,2,0.0,1.0,1.0,,,0
737,climbing_turn,cmq_x0.5,dynamic,1,0.0,0.0,1,1.0,1.0,1.0,1.0,0.0,0
737,climbing_turn,cmq_x0.5,static,1,0.0,0.0,1,1.0,1.0,1.0,,,0
737,climbing_turn,cmalpha_x0.7,dynamic,1,0.0,0.0,1,0.0,1.0,1.0,1.0,0.1,0
737,climbing_turn,cmalpha_x0.7,static,1,0.0,0.0,1,0.0,1.0,1.0,,,0
737,climbing_turn,clo_+0.1,dynamic,9,0.5555555555555556,0.7777777777777778,9,0.2222222222222222,1.0,1.0,0.2222222222222222,0.37777777777777777,9
737,climbing_turn,clo_+0.1,static,9,0.1111111111111111,0.3333333333333333,9,0.2222222222222222,1.0,1.0,,,9
737,elev_doublet_distractor,inertia_x1.6,dynamic,0,,,0,,,,,,0
737,elev_doublet_distractor,inertia_x1.6,static,0,,,0,,,,,,0
737,elev_doublet_distractor,cmq_x0.5,dynamic,0,,,0,,,,,,0
737,elev_doublet_distractor,cmq_x0.5,static,0,,,0,,,,,,0
737,elev_doublet_distractor,cmalpha_x0.7,dynamic,0,,,0,,,,,,0
737,elev_doublet_distractor,cmalpha_x0.7,static,0,,,0,,,,,,0
737,elev_doublet_distractor,clo_+0.1,dynamic,10,0.4,0.7,10,0.6,1.0,1.0,0.7,0.41,10
737,elev_doublet_distractor,clo_+0.1,static,10,0.5,0.8,10,0.5,1.0,1.0,,,10
737,engine_restart,inertia_x1.6,dynamic,1,0.0,1.0,1,0.0,1.0,1.0,0.0,0.3,0
737,engine_restart,inertia_x1.6,static,1,0.0,1.0,1,0.0,1.0,1.0,,,0
737,engine_restart,cmq_x0.5,dynamic,1,0.0,0.0,1,0.0,1.0,1.0,0.0,0.4,0
737,engine_restart,cmq_x0.5,static,1,0.0,0.0,1,0.0,1.0,1.0,,,0
737,engine_restart,cmalpha_x0.7,dynamic,3,0.0,1.0,3,1.0,1.0,1.0,1.0,0.7666666666666666,0
737,engine_restart,cmalpha_x0.7,static,3,0.0,0.3333333333333333,3,1.0,1.0,1.0,,,0
737,engine_restart,clo_+0.1,dynamic,17,0.47058823529411764,0.6470588235294118,17,0.6470588235294118,1.0,1.0,0.8235294117647058,0.8470588235294116,17
737,engine_restart,clo_+0.1,static,17,0.23529411764705882,0.29411764705882354,17,0.35294117647058826,1.0,1.0,,,17
787-8,throttle_step,inertia_x1.6,dynamic,1,0.0,1.0,1,1.0,1.0,1.0,0.0,1.0,0
787-8,throttle_step,inertia_x1.6,static,1,1.0,1.0,1,1.0,1.0,1.0,,,0
787-8,throttle_step,cmq_x0.5,dynamic,0,,,0,,,,,,0
787-8,throttle_step,cmq_x0.5,static,0,,,0,,,,,,0
787-8,throttle_step,cmalpha_x0.7,dynamic,6,0.6666666666666666,0.8333333333333334,6,1.0,1.0,1.0,0.8333333333333334,1.0,6
787-8,throttle_step,cmalpha_x0.7,static,6,0.16666666666666666,0.6666666666666666,6,1.0,1.0,1.0,,,6
787-8,throttle_step,clo_+0.1,dynamic,6,0.5,0.5,6,1.0,1.0,1.0,1.0,1.0,6
787-8,throttle_step,clo_+0.1,static,6,0.3333333333333333,0.3333333333333333,6,1.0,1.0,1.0,,,6
787-8,elev_doublet,inertia_x1.6,dynamic,1,1.0,1.0,1,1.0,1.0,1.0,1.0,0.6,0
787-8,elev_doublet,inertia_x1.6,static,1,1.0,1.0,1,1.0,1.0,1.0,,,0
787-8,elev_doublet,cmq_x0.5,dynamic,1,1.0,1.0,1,1.0,1.0,1.0,1.0,0.5,0
787-8,elev_doublet,cmq_x0.5,static,1,1.0,1.0,1,1.0,1.0,1.0,,,0
787-8,elev_doublet,cmalpha_x0.7,dynamic,7,0.0,0.42857142857142855,7,1.0,1.0,1.0,0.7142857142857143,0.4571428571428572,7
787-8,elev_doublet,cmalpha_x0.7,static,7,0.2857142857142857,0.7142857142857143,7,1.0,1.0,1.0,,,7
787-8,elev_doublet,clo_+0.1,dynamic,9,0.3333333333333333,0.6666666666666666,9,1.0,1.0,1.0,0.5555555555555556,0.7444444444444445,9
787-8,elev_doublet,clo_+0.1,static,9,0.3333333333333333,0.6666666666666666,9,1.0,1.0,1.0,,,9
787-8,elev_step,inertia_x1.6,dynamic,1,0.0,1.0,1,1.0,1.0,1.0,1.0,0.6,0
787-8,elev_step,inertia_x1.6,static,1,0.0,1.0,1,1.0,1.0,1.0,,,0
787-8,elev_step,cmq_x0.5,dynamic,0,,,0,,,,,,0
787-8,elev_step,cmq_x0.5,static,0,,,0,,,,,,0
787-8,elev_step,cmalpha_x0.7,dynamic,10,0.3,0.6,10,1.0,1.0,1.0,1.0,0.43,10
787-8,elev_step,cmalpha_x0.7,static,10,0.2,0.2,10,1.0,1.0,1.0,,,10
787-8,elev_step,clo_+0.1,dynamic,7,0.5714285714285714,0.7142857142857143,7,1.0,1.0,1.0,0.5714285714285714,0.42857142857142855,7
787-8,elev_step,clo_+0.1,static,7,0.14285714285714285,0.5714285714285714,7,0.8571428571428571,1.0,1.0,,,7
787-8,aileron_step,inertia_x1.6,dynamic,1,0.0,1.0,1,1.0,1.0,1.0,0.0,0.2,0
787-8,aileron_step,inertia_x1.6,static,1,0.0,1.0,1,1.0,1.0,1.0,,,0
787-8,aileron_step,cmq_x0.5,dynamic,0,,,0,,,,,,0
787-8,aileron_step,cmq_x0.5,static,0,,,0,,,,,,0
787-8,aileron_step,cmalpha_x0.7,dynamic,4,0.25,1.0,4,1.0,1.0,1.0,0.75,0.35,4
787-8,aileron_step,cmalpha_x0.7,static,4,0.75,1.0,4,1.0,1.0,1.0,,,4
787-8,aileron_step,clo_+0.1,dynamic,8,0.25,0.375,8,1.0,1.0,1.0,0.375,0.6499999999999999,8
787-8,aileron_step,clo_+0.1,static,8,0.25,0.5,8,0.875,1.0,1.0,,,8
787-8,rudder_doublet,inertia_x1.6,dynamic,1,0.0,0.0,1,1.0,1.0,1.0,0.0,1.0,0
787-8,rudder_doublet,inertia_x1.6,static,1,0.0,0.0,1,1.0,1.0,1.0,,,0
787-8,rudder_doublet,cmq_x0.5,dynamic,0,,,0,,,,,,0
787-8,rudder_doublet,cmq_x0.5,static,0,,,0,,,,,,0
787-8,rudder_doublet,cmalpha_x0.7,dynamic,4,0.75,1.0,4,1.0,1.0,1.0,0.5,1.0,4
787-8,rudder_doublet,cmalpha_x0.7,static,4,0.75,0.75,4,1.0,1.0,1.0,,,4
787-8,rudder_doublet,clo_+0.1,dynamic,6,0.0,0.5,6,1.0,1.0,1.0,0.3333333333333333,1.0,6
787-8,rudder_doublet,clo_+0.1,static,6,0.3333333333333333,0.5,5,1.0,1.0,1.0,,,5
787-8,bank_hold,inertia_x1.6,dynamic,1,0.0,1.0,1,1.0,1.0,1.0,1.0,0.7,0
787-8,bank_hold,inertia_x1.6,static,1,0.0,1.0,1,1.0,1.0,1.0,,,0
787-8,bank_hold,cmq_x0.5,dynamic,0,,,0,,,,,,0
787-8,bank_hold,cmq_x0.5,static,0,,,0,,,,,,0
787-8,bank_hold,cmalpha_x0.7,dynamic,6,0.3333333333333333,0.5,6,1.0,1.0,1.0,0.5,0.26666666666666666,6
787-8,bank_hold,cmalpha_x0.7,static,6,0.3333333333333333,0.8333333333333334,6,1.0,1.0,1.0,,,6
787-8,bank_hold,clo_+0.1,dynamic,10,0.1,0.6,10,1.0,1.0,1.0,0.5,0.45,10
787-8,bank_hold,clo_+0.1,static,10,0.3,0.7,9,1.0,1.0,1.0,,,9
787-8,flap_extend,inertia_x1.6,dynamic,0,,,0,,,,,,0
787-8,flap_extend,inertia_x1.6,static,0,,,0,,,,,,0
787-8,flap_extend,cmq_x0.5,dynamic,4,0.25,0.5,4,1.0,1.0,1.0,1.0,0.775,0
787-8,flap_extend,cmq_x0.5,static,4,0.0,0.25,4,1.0,1.0,1.0,,,0
787-8,flap_extend,cmalpha_x0.7,dynamic,8,0.5,0.75,8,1.0,1.0,1.0,1.0,0.65,8
787-8,flap_extend,cmalpha_x0.7,static,8,0.375,0.5,8,1.0,1.0,1.0,,,8
787-8,flap_extend,clo_+0.1,dynamic,9,0.3333333333333333,0.5555555555555556,9,1.0,1.0,1.0,1.0,0.15555555555555556,9
787-8,flap_extend,clo_+0.1,static,9,0.1111111111111111,0.6666666666666666,9,1.0,1.0,1.0,,,9
787-8,engine_cut,inertia_x1.6,dynamic,0,,,0,,,,,,0
787-8,engine_cut,inertia_x1.6,static,0,,,0,,,,,,0
787-8,engine_cut,cmq_x0.5,dynamic,2,0.0,0.0,2,0.0,1.0,1.0,0.5,0.5,0
787-8,engine_cut,cmq_x0.5,static,2,0.0,0.0,2,0.0,1.0,1.0,,,0
787-8,engine_cut,cmalpha_x0.7,dynamic,1,0.0,1.0,1,0.0,1.0,1.0,1.0,1.0,1
787-8,engine_cut,cmalpha_x0.7,static,1,0.0,1.0,1,0.0,1.0,1.0,,,1
787-8,engine_cut,clo_+0.1,dynamic,7,0.5714285714285714,0.7142857142857143,7,0.14285714285714285,1.0,1.0,0.8571428571428571,0.7285714285714285,7
787-8,engine_cut,clo_+0.1,static,7,0.42857142857142855,0.5714285714285714,6,0.0,1.0,1.0,,,6
787-8,climbing_turn,inertia_x1.6,dynamic,0,,,0,,,,,,0
787-8,climbing_turn,inertia_x1.6,static,0,,,0,,,,,,0
787-8,climbing_turn,cmq_x0.5,dynamic,1,0.0,1.0,1,1.0,1.0,1.0,1.0,0.2,0
787-8,climbing_turn,cmq_x0.5,static,1,0.0,0.0,1,1.0,1.0,1.0,,,0
787-8,climbing_turn,cmalpha_x0.7,dynamic,9,0.6666666666666666,1.0,9,0.6666666666666666,1.0,1.0,1.0,0.30000000000000004,9
787-8,climbing_turn,cmalpha_x0.7,static,9,0.6666666666666666,0.6666666666666666,9,1.0,1.0,1.0,,,9
787-8,climbing_turn,clo_+0.1,dynamic,7,0.5714285714285714,0.8571428571428571,7,0.0,1.0,1.0,1.0,0.2857142857142857,7
787-8,climbing_turn,clo_+0.1,static,7,0.7142857142857143,0.7142857142857143,7,0.0,1.0,1.0,,,7
787-8,elev_doublet_distractor,inertia_x1.6,dynamic,1,0.0,1.0,1,1.0,1.0,1.0,1.0,0.5,0
787-8,elev_doublet_distractor,inertia_x1.6,static,1,0.0,0.0,1,1.0,1.0,1.0,,,0
787-8,elev_doublet_distractor,cmq_x0.5,dynamic,4,0.0,0.25,4,0.75,0.75,0.75,1.0,0.325,0
787-8,elev_doublet_distractor,cmq_x0.5,static,4,0.25,0.25,4,0.75,0.75,0.75,,,0
787-8,elev_doublet_distractor,cmalpha_x0.7,dynamic,5,0.2,0.8,5,0.8,0.8,0.8,1.0,0.4800000000000001,5
787-8,elev_doublet_distractor,cmalpha_x0.7,static,5,0.2,0.8,5,0.8,0.8,0.8,,,5
787-8,elev_doublet_distractor,clo_+0.1,dynamic,11,0.18181818181818182,0.45454545454545453,11,0.36363636363636365,0.9090909090909091,0.9090909090909091,0.7272727272727273,0.6545454545454544,11
787-8,elev_doublet_distractor,clo_+0.1,static,11,0.2727272727272727,0.36363636363636365,11,0.45454545454545453,0.9090909090909091,0.9090909090909091,,,11
787-8,engine_restart,inertia_x1.6,dynamic,1,0.0,1.0,1,0.0,1.0,1.0,0.0,0.4,0
787-8,engine_restart,inertia_x1.6,static,1,0.0,0.0,1,0.0,1.0,1.0,,,0
787-8,engine_restart,cmq_x0.5,dynamic,1,0.0,1.0,1,1.0,1.0,1.0,1.0,0.9,0
787-8,engine_restart,cmq_x0.5,static,1,0.0,1.0,1,1.0,1.0,1.0,,,0
787-8,engine_restart,cmalpha_x0.7,dynamic,2,1.0,1.0,2,1.0,1.0,1.0,0.5,0.25,2
787-8,engine_restart,cmalpha_x0.7,static,2,1.0,1.0,2,0.5,1.0,1.0,,,2
787-8,engine_restart,clo_+0.1,dynamic,7,0.14285714285714285,0.42857142857142855,7,1.0,1.0,1.0,0.8571428571428571,0.8142857142857143,7
787-8,engine_restart,clo_+0.1,static,7,0.0,0.2857142857142857,7,0.5714285714285714,1.0,1.0,,,7
A320,throttle_step,inertia_x1.6,dynamic,1,0.0,1.0,1,1.0,1.0,1.0,0.0,1.0,0
A320,throttle_step,inertia_x1.6,static,1,0.0,0.0,1,1.0,1.0,1.0,,,0
A320,throttle_step,cmq_x0.5,dynamic,4,0.0,0.5,4,1.0,1.0,1.0,0.5,1.0,0
A320,throttle_step,cmq_x0.5,static,4,0.0,0.75,4,1.0,1.0,1.0,,,0
A320,throttle_step,cmalpha_x0.7,dynamic,4,0.5,0.75,4,1.0,1.0,1.0,0.75,1.0,0
A320,throttle_step,cmalpha_x0.7,static,4,0.0,0.75,4,1.0,1.0,1.0,,,0
A320,throttle_step,clo_+0.1,dynamic,9,0.3333333333333333,0.4444444444444444,9,0.8888888888888888,1.0,1.0,0.8888888888888888,0.8888888888888888,9
A320,throttle_step,clo_+0.1,static,9,0.0,0.4444444444444444,9,1.0,1.0,1.0,,,9
A320,elev_doublet,inertia_x1.6,dynamic,5,0.0,0.4,5,1.0,1.0,1.0,0.8,0.5599999999999999,0
A320,elev_doublet,inertia_x1.6,static,5,0.0,0.0,5,1.0,1.0,1.0,,,0
A320,elev_doublet,cmq_x0.5,dynamic,3,0.0,0.3333333333333333,3,1.0,1.0,1.0,0.6666666666666666,0.43333333333333335,0
A320,elev_doublet,cmq_x0.5,static,3,0.0,0.3333333333333333,3,1.0,1.0,1.0,,,0
A320,elev_doublet,cmalpha_x0.7,dynamic,3,0.0,0.6666666666666666,3,1.0,1.0,1.0,1.0,0.43333333333333335,0
A320,elev_doublet,cmalpha_x0.7,static,3,0.0,0.3333333333333333,3,1.0,1.0,1.0,,,0
A320,elev_doublet,clo_+0.1,dynamic,8,0.125,0.5,8,1.0,1.0,1.0,0.875,0.5625,8
A320,elev_doublet,clo_+0.1,static,8,0.0,0.5,8,1.0,1.0,1.0,,,8
A320,elev_step,inertia_x1.6,dynamic,1,0.0,1.0,1,1.0,1.0,1.0,1.0,0.8,0
A320,elev_step,inertia_x1.6,static,1,0.0,0.0,1,1.0,1.0,1.0,,,0
A320,elev_step,cmq_x0.5,dynamic,1,0.0,0.0,1,1.0,1.0,1.0,1.0,0.5,0
A320,elev_step,cmq_x0.5,static,1,0.0,0.0,1,1.0,1.0,1.0,,,0
A320,elev_step,cmalpha_x0.7,dynamic,7,0.0,0.7142857142857143,7,1.0,1.0,1.0,1.0,0.4714285714285714,0
A320,elev_step,cmalpha_x0.7,static,7,0.0,0.14285714285714285,7,1.0,1.0,1.0,,,0
A320,elev_step,clo_+0.1,dynamic,8,0.125,0.625,8,1.0,1.0,1.0,0.875,0.475,8
A320,elev_step,clo_+0.1,static,8,0.0,0.25,8,0.875,1.0,1.0,,,8
A320,aileron_step,inertia_x1.6,dynamic,0,,,0,,,,,,0
A320,aileron_step,inertia_x1.6,static,0,,,0,,,,,,0
A320,aileron_step,cmq_x0.5,dynamic,0,,,0,,,,,,0
A320,aileron_step,cmq_x0.5,static,0,,,0,,,,,,0
A320,aileron_step,cmalpha_x0.7,dynamic,0,,,0,,,,,,0
A320,aileron_step,cmalpha_x0.7,static,0,,,0,,,,,,0
A320,aileron_step,clo_+0.1,dynamic,17,0.35294117647058826,0.8235294117647058,17,1.0,1.0,1.0,0.8235294117647058,0.7941176470588236,17
A320,aileron_step,clo_+0.1,static,17,0.29411764705882354,0.7058823529411765,17,0.9411764705882353,1.0,1.0,,,17
A320,rudder_doublet,inertia_x1.6,dynamic,4,0.5,0.5,4,1.0,1.0,1.0,0.75,1.0,0
A320,rudder_doublet,inertia_x1.6,static,4,0.5,0.25,4,1.0,1.0,1.0,,,0
A320,rudder_doublet,cmq_x0.5,dynamic,8,0.25,0.375,8,1.0,1.0,1.0,0.875,1.0,0
A320,rudder_doublet,cmq_x0.5,static,8,0.25,0.25,8,1.0,1.0,1.0,,,0
A320,rudder_doublet,cmalpha_x0.7,dynamic,6,0.3333333333333333,0.8333333333333334,6,1.0,1.0,1.0,0.16666666666666666,0.9833333333333334,0
A320,rudder_doublet,cmalpha_x0.7,static,6,0.3333333333333333,0.5,6,1.0,1.0,1.0,,,0
A320,rudder_doublet,clo_+0.1,dynamic,12,0.16666666666666666,0.5833333333333334,12,1.0,1.0,1.0,0.75,0.9916666666666667,12
A320,rudder_doublet,clo_+0.1,static,12,0.16666666666666666,0.6666666666666666,12,1.0,1.0,1.0,,,12
A320,bank_hold,inertia_x1.6,dynamic,1,0.0,0.0,1,1.0,1.0,1.0,0.0,0.6,0
A320,bank_hold,inertia_x1.6,static,1,0.0,1.0,1,1.0,1.0,1.0,,,0
A320,bank_hold,cmq_x0.5,dynamic,3,0.0,0.3333333333333333,3,1.0,1.0,1.0,0.3333333333333333,0.3666666666666667,0
A320,bank_hold,cmq_x0.5,static,3,0.0,0.6666666666666666,3,1.0,1.0,1.0,,,0
A320,bank_hold,cmalpha_x0.7,dynamic,0,,,0,,,,,,0
A320,bank_hold,cmalpha_x0.7,static,0,,,0,,,,,,0
A320,bank_hold,clo_+0.1,dynamic,3,0.3333333333333333,0.6666666666666666,3,1.0,1.0,1.0,1.0,0.4333333333333333,3
A320,bank_hold,clo_+0.1,static,3,0.3333333333333333,0.6666666666666666,3,1.0,1.0,1.0,,,3
A320,flap_extend,inertia_x1.6,dynamic,0,,,0,,,,,,0
A320,flap_extend,inertia_x1.6,static,0,,,0,,,,,,0
A320,flap_extend,cmq_x0.5,dynamic,4,0.25,0.5,4,1.0,1.0,1.0,1.0,1.0,0
A320,flap_extend,cmq_x0.5,static,4,0.25,0.5,4,1.0,1.0,1.0,,,0
A320,flap_extend,cmalpha_x0.7,dynamic,11,0.6363636363636364,0.9090909090909091,11,1.0,1.0,1.0,0.9090909090909091,0.890909090909091,0
A320,flap_extend,cmalpha_x0.7,static,11,0.6363636363636364,0.9090909090909091,11,1.0,1.0,1.0,,,0
A320,flap_extend,clo_+0.1,dynamic,8,0.625,0.875,8,1.0,1.0,1.0,1.0,0.4,8
A320,flap_extend,clo_+0.1,static,8,0.5,0.625,8,1.0,1.0,1.0,,,8
A320,engine_cut,inertia_x1.6,dynamic,0,,,0,,,,,,0
A320,engine_cut,inertia_x1.6,static,0,,,0,,,,,,0
A320,engine_cut,cmq_x0.5,dynamic,4,0.25,0.25,4,0.0,1.0,1.0,0.0,0.6749999999999999,0
A320,engine_cut,cmq_x0.5,static,4,0.0,0.25,4,0.0,1.0,1.0,,,0
A320,engine_cut,cmalpha_x0.7,dynamic,1,0.0,1.0,1,1.0,1.0,1.0,1.0,1.0,0
A320,engine_cut,cmalpha_x0.7,static,1,0.0,1.0,1,0.0,1.0,1.0,,,0
A320,engine_cut,clo_+0.1,dynamic,7,0.42857142857142855,0.42857142857142855,7,0.8571428571428571,1.0,1.0,0.8571428571428571,0.6714285714285714,7
A320,engine_cut,clo_+0.1,static,7,0.14285714285714285,0.42857142857142855,7,0.0,1.0,1.0,,,7
A320,climbing_turn,inertia_x1.6,dynamic,3,0.0,0.6666666666666666,3,1.0,1.0,1.0,1.0,0.16666666666666666,0
A320,climbing_turn,inertia_x1.6,static,3,0.0,0.6666666666666666,3,1.0,1.0,1.0,,,0
A320,climbing_turn,cmq_x0.5,dynamic,2,0.0,1.0,2,1.0,1.0,1.0,1.0,0.2,0
A320,climbing_turn,cmq_x0.5,static,2,0.0,1.0,2,1.0,1.0,1.0,,,0
A320,climbing_turn,cmalpha_x0.7,dynamic,3,0.3333333333333333,0.3333333333333333,3,0.0,1.0,1.0,0.6666666666666666,0.20000000000000004,0
A320,climbing_turn,cmalpha_x0.7,static,3,0.6666666666666666,1.0,3,0.0,1.0,1.0,,,0
A320,climbing_turn,clo_+0.1,dynamic,9,0.2222222222222222,0.3333333333333333,9,0.3333333333333333,0.7777777777777778,0.7777777777777778,0.7777777777777778,0.7555555555555555,9
A320,climbing_turn,clo_+0.1,static,9,0.2222222222222222,0.7777777777777778,9,0.3333333333333333,0.7777777777777778,0.7777777777777778,,,9
A320,elev_doublet_distractor,inertia_x1.6,dynamic,7,0.0,0.5714285714285714,7,0.0,1.0,1.0,1.0,0.12857142857142856,0
A320,elev_doublet_distractor,inertia_x1.6,static,7,0.2857142857142857,0.5714285714285714,7,0.0,1.0,1.0,,,0
A320,elev_doublet_distractor,cmq_x0.5,dynamic,4,0.0,0.25,4,0.0,1.0,1.0,1.0,0.125,0
A320,elev_doublet_distractor,cmq_x0.5,static,4,0.0,0.75,4,0.0,1.0,1.0,,,0
A320,elev_doublet_distractor,cmalpha_x0.7,dynamic,9,0.0,0.4444444444444444,9,0.6666666666666666,1.0,1.0,0.6666666666666666,0.1888888888888889,0
A320,elev_doublet_distractor,cmalpha_x0.7,static,9,0.1111111111111111,0.4444444444444444,9,0.6666666666666666,1.0,1.0,,,0
A320,elev_doublet_distractor,clo_+0.1,dynamic,9,0.3333333333333333,0.6666666666666666,9,0.5555555555555556,1.0,1.0,0.8888888888888888,0.36666666666666664,9
A320,elev_doublet_distractor,clo_+0.1,static,9,0.4444444444444444,0.6666666666666666,9,0.4444444444444444,1.0,1.0,,,9
A320,engine_restart,inertia_x1.6,dynamic,1,0.0,1.0,1,0.0,1.0,1.0,0.0,0.6,0
A320,engine_restart,inertia_x1.6,static,1,0.0,1.0,1,0.0,1.0,1.0,,,0
A320,engine_restart,cmq_x0.5,dynamic,4,0.0,0.25,4,0.0,1.0,1.0,0.5,0.525,0
A320,engine_restart,cmq_x0.5,static,4,0.0,0.75,4,0.0,1.0,1.0,,,0
A320,engine_restart,cmalpha_x0.7,dynamic,4,0.5,1.0,4,0.75,1.0,1.0,0.75,0.925,0
A320,engine_restart,cmalpha_x0.7,static,4,0.75,0.75,4,0.0,1.0,1.0,,,0
A320,engine_restart,clo_+0.1,dynamic,8,0.75,0.75,8,0.875,1.0,1.0,1.0,0.9125,8
A320,engine_restart,clo_+0.1,static,8,0.5,0.625,8,0.75,1.0,1.0,,,8
A4,throttle_step,inertia_x1.6,dynamic,1,0.0,0.0,1,1.0,1.0,1.0,0.0,1.0,0
A4,throttle_step,inertia_x1.6,static,1,0.0,1.0,1,1.0,1.0,1.0,,,0
A4,throttle_step,cmq_x0.5,dynamic,4,0.0,0.5,4,1.0,1.0,1.0,0.5,1.0,0
A4,throttle_step,cmq_x0.5,static,4,0.0,0.5,4,1.0,1.0,1.0,,,0
A4,throttle_step,cmalpha_x0.7,dynamic,5,0.0,1.0,5,1.0,1.0,1.0,1.0,1.0,0
A4,throttle_step,cmalpha_x0.7,static,5,0.0,0.4,5,1.0,1.0,1.0,,,0
A4,throttle_step,clo_+0.1,dynamic,10,0.5,0.6,10,1.0,1.0,1.0,0.9,1.0,10
A4,throttle_step,clo_+0.1,static,10,0.4,0.6,10,0.8,1.0,1.0,,,10
A4,elev_doublet,inertia_x1.6,dynamic,1,0.0,0.0,1,1.0,1.0,1.0,1.0,1.0,0
A4,elev_doublet,inertia_x1.6,static,1,0.0,0.0,1,1.0,1.0,1.0,,,0
A4,elev_doublet,cmq_x0.5,dynamic,1,0.0,0.0,1,1.0,1.0,1.0,1.0,1.0,0
A4,elev_doublet,cmq_x0.5,static,1,0.0,0.0,1,1.0,1.0,1.0,,,0
A4,elev_doublet,cmalpha_x0.7,dynamic,2,0.0,0.5,2,1.0,1.0,1.0,1.0,1.0,0
A4,elev_doublet,cmalpha_x0.7,static,2,0.0,1.0,2,1.0,1.0,1.0,,,0
A4,elev_doublet,clo_+0.1,dynamic,11,0.5454545454545454,0.6363636363636364,11,1.0,1.0,1.0,0.6363636363636364,0.9818181818181819,11
A4,elev_doublet,clo_+0.1,static,11,0.45454545454545453,0.6363636363636364,11,0.9090909090909091,1.0,1.0,,,11
A4,elev_step,inertia_x1.6,dynamic,3,0.3333333333333333,1.0,3,1.0,1.0,1.0,0.3333333333333333,1.0,0
A4,elev_step,inertia_x1.6,static,3,0.0,1.0,3,1.0,1.0,1.0,,,0
A4,elev_step,cmq_x0.5,dynamic,3,0.0,0.0,3,1.0,1.0,1.0,1.0,1.0,0
A4,elev_step,cmq_x0.5,static,3,0.0,0.3333333333333333,3,1.0,1.0,1.0,,,0
A4,elev_step,cmalpha_x0.7,dynamic,7,0.0,0.8571428571428571,7,1.0,1.0,1.0,0.7142857142857143,1.0,0
A4,elev_step,cmalpha_x0.7,static,7,0.0,0.5714285714285714,7,1.0,1.0,1.0,,,0
A4,elev_step,clo_+0.1,dynamic,10,0.7,0.7,10,1.0,1.0,1.0,1.0,1.0,10
A4,elev_step,clo_+0.1,static,10,0.5,0.7,10,1.0,1.0,1.0,,,10
A4,aileron_step,inertia_x1.6,dynamic,1,0.0,1.0,1,1.0,1.0,1.0,0.0,0.1,0
A4,aileron_step,inertia_x1.6,static,1,0.0,1.0,1,1.0,1.0,1.0,,,0
A4,aileron_step,cmq_x0.5,dynamic,3,0.0,0.6666666666666666,3,1.0,1.0,1.0,0.6666666666666666,0.19999999999999998,0
A4,aileron_step,cmq_x0.5,static,3,0.3333333333333333,0.6666666666666666,3,1.0,1.0,1.0,,,0
A4,aileron_step,cmalpha_x0.7,dynamic,1,0.0,0.0,1,1.0,1.0,1.0,1.0,0.2,0
A4,aileron_step,cmalpha_x0.7,static,1,1.0,1.0,1,1.0,1.0,1.0,,,0
A4,aileron_step,clo_+0.1,dynamic,10,0.3,0.5,10,1.0,1.0,1.0,0.6,0.7,10
A4,aileron_step,clo_+0.1,static,10,0.3,0.4,9,0.8888888888888888,1.0,1.0,,,9
A4,rudder_doublet,inertia_x1.6,dynamic,2,0.0,0.0,2,1.0,1.0,1.0,0.0,0.9,0
A4,rudder_doublet,inertia_x1.6,static,2,0.0,0.0,2,1.0,1.0,1.0,,,0
A4,rudder_doublet,cmq_x0.5,dynamic,4,0.0,0.25,4,1.0,1.0,1.0,0.75,0.925,0
A4,rudder_doublet,cmq_x0.5,static,4,0.0,0.5,4,1.0,1.0,1.0,,,0
A4,rudder_doublet,cmalpha_x0.7,dynamic,1,0.0,1.0,1,1.0,1.0,1.0,0.0,0.8,0
A4,rudder_doublet,cmalpha_x0.7,static,1,0.0,0.0,1,1.0,1.0,1.0,,,0
A4,rudder_doublet,clo_+0.1,dynamic,9,0.3333333333333333,0.5555555555555556,9,1.0,1.0,1.0,0.5555555555555556,1.0,9
A4,rudder_doublet,clo_+0.1,static,9,0.3333333333333333,0.5555555555555556,9,1.0,1.0,1.0,,,9
A4,bank_hold,inertia_x1.6,dynamic,3,0.0,0.6666666666666666,3,1.0,1.0,1.0,0.3333333333333333,0.4666666666666666,0
A4,bank_hold,inertia_x1.6,static,3,0.0,0.6666666666666666,3,1.0,1.0,1.0,,,0
A4,bank_hold,cmq_x0.5,dynamic,5,0.2,0.8,5,1.0,1.0,1.0,0.8,0.4,0
A4,bank_hold,cmq_x0.5,static,5,0.0,0.2,5,1.0,1.0,1.0,,,0
A4,bank_hold,cmalpha_x0.7,dynamic,2,0.5,1.0,2,1.0,1.0,1.0,0.5,0.5,0
A4,bank_hold,cmalpha_x0.7,static,2,0.0,0.5,2,1.0,1.0,1.0,,,0
A4,bank_hold,clo_+0.1,dynamic,11,0.18181818181818182,0.6363636363636364,11,1.0,1.0,1.0,0.6363636363636364,0.45454545454545453,11
A4,bank_hold,clo_+0.1,static,11,0.18181818181818182,0.5454545454545454,10,1.0,1.0,1.0,,,10
A4,flap_extend,inertia_x1.6,dynamic,4,0.0,0.75,4,1.0,1.0,1.0,1.0,0.975,0
A4,flap_extend,inertia_x1.6,static,4,0.0,0.0,4,1.0,1.0,1.0,,,0
A4,flap_extend,cmq_x0.5,dynamic,12,0.25,0.5833333333333334,12,1.0,1.0,1.0,1.0,0.9833333333333334,0
A4,flap_extend,cmq_x0.5,static,12,0.0,0.0,12,1.0,1.0,1.0,,,0
A4,flap_extend,cmalpha_x0.7,dynamic,11,0.6363636363636364,0.9090909090909091,11,1.0,1.0,1.0,1.0,1.0,0
A4,flap_extend,cmalpha_x0.7,static,11,0.0,0.09090909090909091,11,1.0,1.0,1.0,,,0
A4,flap_extend,clo_+0.1,dynamic,12,0.4166666666666667,0.75,12,1.0,1.0,1.0,0.9166666666666666,1.0,12
A4,flap_extend,clo_+0.1,static,12,0.08333333333333333,0.5833333333333334,12,0.9166666666666666,1.0,1.0,,,12
A4,climbing_turn,inertia_x1.6,dynamic,1,0.0,0.0,1,1.0,1.0,1.0,1.0,0.2,0
A4,climbing_turn,inertia_x1.6,static,1,0.0,0.0,1,1.0,1.0,1.0,,,0
A4,climbing_turn,cmq_x0.5,dynamic,3,0.0,0.0,3,0.6666666666666666,1.0,1.0,1.0,0.4666666666666666,0
A4,climbing_turn,cmq_x0.5,static,3,0.0,0.0,3,0.6666666666666666,1.0,1.0,,,0
A4,climbing_turn,cmalpha_x0.7,dynamic,10,0.3,0.8,10,0.6,0.9,0.9,0.8,0.39,0
A4,climbing_turn,cmalpha_x0.7,static,10,0.1,0.5,10,0.7,0.9,0.9,,,0
A4,climbing_turn,clo_+0.1,dynamic,18,0.6111111111111112,0.8888888888888888,18,0.7777777777777778,0.2777777777777778,0.2777777777777778,0.5555555555555556,0.7777777777777778,18
A4,climbing_turn,clo_+0.1,static,18,0.5555555555555556,0.7222222222222222,18,0.8888888888888888,0.2777777777777778,0.2777777777777778,,,18
A4,elev_doublet_distractor,inertia_x1.6,dynamic,1,0.0,1.0,1,1.0,1.0,1.0,1.0,0.3,0
A4,elev_doublet_distractor,inertia_x1.6,static,1,0.0,0.0,1,1.0,1.0,1.0,,,0
A4,elev_doublet_distractor,cmq_x0.5,dynamic,3,0.0,0.6666666666666666,3,1.0,1.0,1.0,1.0,0.4666666666666666,0
A4,elev_doublet_distractor,cmq_x0.5,static,3,0.0,0.0,3,1.0,1.0,1.0,,,0
A4,elev_doublet_distractor,cmalpha_x0.7,dynamic,1,0.0,1.0,1,1.0,1.0,1.0,1.0,0.6,0
A4,elev_doublet_distractor,cmalpha_x0.7,static,1,0.0,1.0,1,1.0,1.0,1.0,,,0
A4,elev_doublet_distractor,clo_+0.1,dynamic,11,0.2727272727272727,0.6363636363636364,11,0.8181818181818182,0.9090909090909091,0.9090909090909091,0.7272727272727273,1.0,11
A4,elev_doublet_distractor,clo_+0.1,static,11,0.2727272727272727,0.45454545454545453,11,0.9090909090909091,0.9090909090909091,0.9090909090909091,,,11
B747,throttle_step,inertia_x1.6,dynamic,0,,,0,,,,,,0
B747,throttle_step,inertia_x1.6,static,0,,,0,,,,,,0
B747,throttle_step,cmq_x0.5,dynamic,0,,,0,,,,,,0
B747,throttle_step,cmq_x0.5,static,0,,,0,,,,,,0
B747,throttle_step,cmalpha_x0.7,dynamic,2,0.0,0.0,2,1.0,1.0,1.0,1.0,1.0,0
B747,throttle_step,cmalpha_x0.7,static,2,0.0,0.0,2,1.0,1.0,1.0,,,0
B747,throttle_step,clo_+0.1,dynamic,5,0.2,0.4,5,1.0,1.0,1.0,1.0,1.0,5
B747,throttle_step,clo_+0.1,static,5,0.0,0.2,5,1.0,1.0,1.0,,,5
B747,elev_doublet,inertia_x1.6,dynamic,1,0.0,1.0,1,1.0,1.0,1.0,0.0,0.8,0
B747,elev_doublet,inertia_x1.6,static,1,0.0,1.0,1,1.0,1.0,1.0,,,0
B747,elev_doublet,cmq_x0.5,dynamic,0,,,0,,,,,,0
B747,elev_doublet,cmq_x0.5,static,0,,,0,,,,,,0
B747,elev_doublet,cmalpha_x0.7,dynamic,0,,,0,,,,,,0
B747,elev_doublet,cmalpha_x0.7,static,0,,,0,,,,,,0
B747,elev_doublet,clo_+0.1,dynamic,7,0.42857142857142855,0.42857142857142855,7,1.0,1.0,1.0,1.0,1.0,7
B747,elev_doublet,clo_+0.1,static,7,0.14285714285714285,0.2857142857142857,7,1.0,1.0,1.0,,,7
B747,elev_step,inertia_x1.6,dynamic,0,,,0,,,,,,0
B747,elev_step,inertia_x1.6,static,0,,,0,,,,,,0
B747,elev_step,cmq_x0.5,dynamic,0,,,0,,,,,,0
B747,elev_step,cmq_x0.5,static,0,,,0,,,,,,0
B747,elev_step,cmalpha_x0.7,dynamic,2,0.5,1.0,2,1.0,1.0,1.0,1.0,1.0,2
B747,elev_step,cmalpha_x0.7,static,2,0.5,0.5,2,1.0,1.0,1.0,,,2
B747,elev_step,clo_+0.1,dynamic,4,0.25,0.5,4,1.0,1.0,1.0,1.0,1.0,4
B747,elev_step,clo_+0.1,static,4,0.25,0.5,4,1.0,1.0,1.0,,,4
B747,aileron_step,inertia_x1.6,dynamic,2,0.0,0.0,2,1.0,1.0,1.0,0.0,0.6,0
B747,aileron_step,inertia_x1.6,static,2,0.0,0.0,2,1.0,1.0,1.0,,,0
B747,aileron_step,cmq_x0.5,dynamic,0,,,0,,,,,,0
B747,aileron_step,cmq_x0.5,static,0,,,0,,,,,,0
B747,aileron_step,cmalpha_x0.7,dynamic,0,,,0,,,,,,0
B747,aileron_step,cmalpha_x0.7,static,0,,,0,,,,,,0
B747,aileron_step,clo_+0.1,dynamic,5,0.2,0.4,5,1.0,1.0,1.0,0.8,0.48,5
B747,aileron_step,clo_+0.1,static,5,0.0,0.2,5,0.4,1.0,1.0,,,5
B747,rudder_doublet,inertia_x1.6,dynamic,0,,,0,,,,,,0
B747,rudder_doublet,inertia_x1.6,static,0,,,0,,,,,,0
B747,rudder_doublet,cmq_x0.5,dynamic,0,,,0,,,,,,0
B747,rudder_doublet,cmq_x0.5,static,0,,,0,,,,,,0
B747,rudder_doublet,cmalpha_x0.7,dynamic,0,,,0,,,,,,0
B747,rudder_doublet,cmalpha_x0.7,static,0,,,0,,,,,,0
B747,rudder_doublet,clo_+0.1,dynamic,3,0.3333333333333333,0.3333333333333333,3,1.0,1.0,1.0,1.0,1.0,3
B747,rudder_doublet,clo_+0.1,static,3,0.3333333333333333,0.3333333333333333,3,1.0,1.0,1.0,,,3
B747,bank_hold,inertia_x1.6,dynamic,0,,,0,,,,,,0
B747,bank_hold,inertia_x1.6,static,0,,,0,,,,,,0
B747,bank_hold,cmq_x0.5,dynamic,0,,,0,,,,,,0
B747,bank_hold,cmq_x0.5,static,0,,,0,,,,,,0
B747,bank_hold,cmalpha_x0.7,dynamic,0,,,0,,,,,,0
B747,bank_hold,cmalpha_x0.7,static,0,,,0,,,,,,0
B747,bank_hold,clo_+0.1,dynamic,3,0.0,0.0,3,1.0,1.0,1.0,0.6666666666666666,0.5,3
B747,bank_hold,clo_+0.1,static,3,0.3333333333333333,0.3333333333333333,3,0.6666666666666666,1.0,1.0,,,3
B747,flap_extend,inertia_x1.6,dynamic,3,0.0,0.0,3,1.0,1.0,1.0,1.0,0.5333333333333333,0
B747,flap_extend,inertia_x1.6,static,3,0.0,0.0,3,1.0,1.0,1.0,,,0
B747,flap_extend,cmq_x0.5,dynamic,10,0.3,0.7,10,1.0,1.0,1.0,1.0,0.63,0
B747,flap_extend,cmq_x0.5,static,10,0.0,0.3,10,1.0,1.0,1.0,,,0
B747,flap_extend,cmalpha_x0.7,dynamic,11,1.0,1.0,11,1.0,1.0,1.0,1.0,0.38181818181818183,0
B747,flap_extend,cmalpha_x0.7,static,11,0.36363636363636365,0.7272727272727273,11,1.0,1.0,1.0,,,0
B747,flap_extend,clo_+0.1,dynamic,4,0.5,0.75,4,1.0,1.0,1.0,1.0,0.275,4
B747,flap_extend,clo_+0.1,static,4,0.0,0.0,4,1.0,1.0,1.0,,,4
B747,engine_cut,inertia_x1.6,dynamic,0,,,0,,,,,,0
B747,engine_cut,inertia_x1.6,static,0,,,0,,,,,,0
B747,engine_cut,cmq_x0.5,dynamic,0,,,0,,,,,,0
B747,engine_cut,cmq_x0.5,static,0,,,0,,,,,,0
B747,engine_cut,cmalpha_x0.7,dynamic,0,,,0,,,,,,0
B747,engine_cut,cmalpha_x0.7,static,0,,,0,,,,,,0
B747,engine_cut,clo_+0.1,dynamic,3,0.3333333333333333,0.3333333333333333,3,1.0,1.0,1.0,1.0,0.5333333333333333,3
B747,engine_cut,clo_+0.1,static,3,0.6666666666666666,0.6666666666666666,3,0.0,1.0,1.0,,,3
B747,climbing_turn,inertia_x1.6,dynamic,0,,,0,,,,,,0
B747,climbing_turn,inertia_x1.6,static,0,,,0,,,,,,0
B747,climbing_turn,cmq_x0.5,dynamic,0,,,0,,,,,,0
B747,climbing_turn,cmq_x0.5,static,0,,,0,,,,,,0
B747,climbing_turn,cmalpha_x0.7,dynamic,0,,,0,,,,,,0
B747,climbing_turn,cmalpha_x0.7,static,0,,,0,,,,,,0
B747,climbing_turn,clo_+0.1,dynamic,5,0.6,0.6,5,0.2,0.8,0.8,1.0,0.5,5
B747,climbing_turn,clo_+0.1,static,5,0.2,0.4,5,0.2,0.8,0.8,,,5
B747,elev_doublet_distractor,inertia_x1.6,dynamic,0,,,0,,,,,,0
B747,elev_doublet_distractor,inertia_x1.6,static,0,,,0,,,,,,0
B747,elev_doublet_distractor,cmq_x0.5,dynamic,0,,,0,,,,,,0
B747,elev_doublet_distractor,cmq_x0.5,static,0,,,0,,,,,,0
B747,elev_doublet_distractor,cmalpha_x0.7,dynamic,3,0.6666666666666666,0.6666666666666666,3,0.0,1.0,1.0,0.0,0.03333333333333333,0
B747,elev_doublet_distractor,cmalpha_x0.7,static,3,0.0,0.0,3,0.0,1.0,1.0,,,0
B747,elev_doublet_distractor,clo_+0.1,dynamic,15,0.3333333333333333,0.5333333333333333,15,0.6,0.8666666666666667,0.8666666666666667,0.4,0.7066666666666667,15
B747,elev_doublet_distractor,clo_+0.1,static,15,0.3333333333333333,0.4666666666666667,15,0.5333333333333333,0.8666666666666667,0.8666666666666667,,,15
B747,engine_restart,inertia_x1.6,dynamic,0,,,0,,,,,,0
B747,engine_restart,inertia_x1.6,static,0,,,0,,,,,,0
B747,engine_restart,cmq_x0.5,dynamic,0,,,0,,,,,,0
B747,engine_restart,cmq_x0.5,static,0,,,0,,,,,,0
B747,engine_restart,cmalpha_x0.7,dynamic,1,0.0,0.0,1,0.0,1.0,1.0,0.0,0.9,0
B747,engine_restart,cmalpha_x0.7,static,1,0.0,0.0,1,0.0,1.0,1.0,,,0
B747,engine_restart,clo_+0.1,dynamic,5,0.2,0.6,5,1.0,1.0,1.0,0.6,0.8,5
B747,engine_restart,clo_+0.1,static,5,0.0,0.0,5,0.2,1.0,1.0,,,5
Boeing314,throttle_step,inertia_x1.6,dynamic,2,0.0,0.5,2,1.0,1.0,1.0,0.0,1.0,0
Boeing314,throttle_step,inertia_x1.6,static,2,0.0,0.0,2,1.0,1.0,1.0,,,0
Boeing314,throttle_step,cmq_x0.5,dynamic,0,,,0,,,,,,0
Boeing314,throttle_step,cmq_x0.5,static,0,,,0,,,,,,0
Boeing314,throttle_step,cmalpha_x0.7,dynamic,0,,,0,,,,,,0
Boeing314,throttle_step,cmalpha_x0.7,static,0,,,0,,,,,,0
Boeing314,throttle_step,clo_+0.1,dynamic,1,0.0,0.0,1,1.0,1.0,1.0,0.0,1.0,1
Boeing314,throttle_step,clo_+0.1,static,1,0.0,0.0,1,1.0,1.0,1.0,,,1
Boeing314,elev_doublet,inertia_x1.6,dynamic,0,,,0,,,,,,0
Boeing314,elev_doublet,inertia_x1.6,static,0,,,0,,,,,,0
Boeing314,elev_doublet,cmq_x0.5,dynamic,2,0.5,1.0,2,1.0,1.0,1.0,1.0,0.25,0
Boeing314,elev_doublet,cmq_x0.5,static,2,0.0,1.0,2,1.0,1.0,1.0,,,0
Boeing314,elev_doublet,cmalpha_x0.7,dynamic,0,,,0,,,,,,0
Boeing314,elev_doublet,cmalpha_x0.7,static,0,,,0,,,,,,0
Boeing314,elev_doublet,clo_+0.1,dynamic,3,0.0,0.6666666666666666,3,1.0,1.0,1.0,0.6666666666666666,1.0,3
Boeing314,elev_doublet,clo_+0.1,static,3,0.0,0.6666666666666666,3,1.0,1.0,1.0,,,3
Boeing314,elev_step,inertia_x1.6,dynamic,0,,,0,,,,,,0
Boeing314,elev_step,inertia_x1.6,static,0,,,0,,,,,,0
Boeing314,elev_step,cmq_x0.5,dynamic,0,,,0,,,,,,0
Boeing314,elev_step,cmq_x0.5,static,0,,,0,,,,,,0
Boeing314,elev_step,cmalpha_x0.7,dynamic,0,,,0,,,,,,0
Boeing314,elev_step,cmalpha_x0.7,static,0,,,0,,,,,,0
Boeing314,elev_step,clo_+0.1,dynamic,3,0.0,0.3333333333333333,3,1.0,1.0,1.0,0.0,0.9259259259259259,0
Boeing314,elev_step,clo_+0.1,static,3,0.0,0.0,3,1.0,1.0,1.0,,,0
Boeing314,aileron_step,inertia_x1.6,dynamic,3,0.0,0.6666666666666666,3,1.0,1.0,1.0,0.0,0.3333333333333333,0
Boeing314,aileron_step,inertia_x1.6,static,3,0.0,0.3333333333333333,3,1.0,1.0,1.0,,,0
Boeing314,aileron_step,cmq_x0.5,dynamic,3,0.0,0.0,3,1.0,1.0,1.0,0.0,0.4666666666666666,0
Boeing314,aileron_step,cmq_x0.5,static,3,0.0,0.3333333333333333,3,1.0,1.0,1.0,,,0
Boeing314,aileron_step,cmalpha_x0.7,dynamic,4,0.0,0.5,4,1.0,1.0,1.0,0.0,0.475,4
Boeing314,aileron_step,cmalpha_x0.7,static,4,0.0,0.5,4,1.0,1.0,1.0,,,4
Boeing314,aileron_step,clo_+0.1,dynamic,4,0.25,0.75,4,1.0,1.0,1.0,0.0,0.5,4
Boeing314,aileron_step,clo_+0.1,static,4,0.0,0.25,4,1.0,1.0,1.0,,,4
Boeing314,rudder_doublet,inertia_x1.6,dynamic,0,,,0,,,,,,0
Boeing314,rudder_doublet,inertia_x1.6,static,0,,,0,,,,,,0
Boeing314,rudder_doublet,cmq_x0.5,dynamic,5,0.2,0.8,5,1.0,1.0,1.0,0.8,0.5599999999999999,0
Boeing314,rudder_doublet,cmq_x0.5,static,5,0.0,0.2,5,1.0,1.0,1.0,,,0
Boeing314,rudder_doublet,cmalpha_x0.7,dynamic,0,,,0,,,,,,0
Boeing314,rudder_doublet,cmalpha_x0.7,static,0,,,0,,,,,,0
Boeing314,rudder_doublet,clo_+0.1,dynamic,3,0.0,0.3333333333333333,3,1.0,1.0,1.0,0.3333333333333333,0.43333333333333335,3
Boeing314,rudder_doublet,clo_+0.1,static,3,0.3333333333333333,0.6666666666666666,3,1.0,1.0,1.0,,,3
Boeing314,bank_hold,inertia_x1.6,dynamic,0,,,0,,,,,,0
Boeing314,bank_hold,inertia_x1.6,static,0,,,0,,,,,,0
Boeing314,bank_hold,cmq_x0.5,dynamic,0,,,0,,,,,,0
Boeing314,bank_hold,cmq_x0.5,static,0,,,0,,,,,,0
Boeing314,bank_hold,cmalpha_x0.7,dynamic,5,0.0,1.0,5,1.0,1.0,1.0,0.6,0.33999999999999997,5
Boeing314,bank_hold,cmalpha_x0.7,static,5,0.4,0.6,5,1.0,1.0,1.0,,,5
Boeing314,bank_hold,clo_+0.1,dynamic,2,0.0,1.0,2,1.0,1.0,1.0,0.0,0.5,2
Boeing314,bank_hold,clo_+0.1,static,2,0.0,0.0,2,1.0,1.0,1.0,,,2
Boeing314,flap_extend,inertia_x1.6,dynamic,0,,,0,,,,,,0
Boeing314,flap_extend,inertia_x1.6,static,0,,,0,,,,,,0
Boeing314,flap_extend,cmq_x0.5,dynamic,4,0.0,1.0,4,1.0,1.0,1.0,1.0,0.7,0
Boeing314,flap_extend,cmq_x0.5,static,4,0.25,0.75,4,1.0,1.0,1.0,,,0
Boeing314,flap_extend,cmalpha_x0.7,dynamic,0,,,0,,,,,,0
Boeing314,flap_extend,cmalpha_x0.7,static,0,,,0,,,,,,0
Boeing314,flap_extend,clo_+0.1,dynamic,0,,,0,,,,,,0
Boeing314,flap_extend,clo_+0.1,static,0,,,0,,,,,,0
Boeing314,engine_cut,inertia_x1.6,dynamic,0,,,0,,,,,,0
Boeing314,engine_cut,inertia_x1.6,static,0,,,0,,,,,,0
Boeing314,engine_cut,cmq_x0.5,dynamic,0,,,0,,,,,,0
Boeing314,engine_cut,cmq_x0.5,static,0,,,0,,,,,,0
Boeing314,engine_cut,cmalpha_x0.7,dynamic,1,0.0,1.0,1,1.0,1.0,1.0,1.0,1.0,1
Boeing314,engine_cut,cmalpha_x0.7,static,1,0.0,0.0,0,,,,,,1
Boeing314,engine_cut,clo_+0.1,dynamic,5,0.4,1.0,5,1.0,1.0,1.0,1.0,1.0,5
Boeing314,engine_cut,clo_+0.1,static,5,0.2,0.6,0,,,,,,5
Boeing314,climbing_turn,inertia_x1.6,dynamic,0,,,0,,,,,,0
Boeing314,climbing_turn,inertia_x1.6,static,0,,,0,,,,,,0
Boeing314,climbing_turn,cmq_x0.5,dynamic,6,0.0,0.6666666666666666,6,0.6666666666666666,0.6666666666666666,0.6666666666666666,0.5,0.08333333333333333,0
Boeing314,climbing_turn,cmq_x0.5,static,6,0.16666666666666666,0.6666666666666666,6,0.6666666666666666,0.6666666666666666,0.6666666666666666,,,0
Boeing314,climbing_turn,cmalpha_x0.7,dynamic,3,0.3333333333333333,1.0,3,0.3333333333333333,0.3333333333333333,0.3333333333333333,0.3333333333333333,0.6666666666666666,0
Boeing314,climbing_turn,cmalpha_x0.7,static,3,0.3333333333333333,0.6666666666666666,3,0.3333333333333333,0.3333333333333333,0.3333333333333333,,,0
Boeing314,climbing_turn,clo_+0.1,dynamic,6,0.16666666666666666,0.8333333333333334,6,0.5,0.5,0.5,0.3333333333333333,0.7999999999999999,0
Boeing314,climbing_turn,clo_+0.1,static,6,0.0,0.3333333333333333,6,0.5,0.5,0.5,,,0
Boeing314,elev_doublet_distractor,inertia_x1.6,dynamic,0,,,0,,,,,,0
Boeing314,elev_doublet_distractor,inertia_x1.6,static,0,,,0,,,,,,0
Boeing314,elev_doublet_distractor,cmq_x0.5,dynamic,0,,,0,,,,,,0
Boeing314,elev_doublet_distractor,cmq_x0.5,static,0,,,0,,,,,,0
Boeing314,elev_doublet_distractor,cmalpha_x0.7,dynamic,0,,,0,,,,,,0
Boeing314,elev_doublet_distractor,cmalpha_x0.7,static,0,,,0,,,,,,0
Boeing314,elev_doublet_distractor,clo_+0.1,dynamic,4,0.25,1.0,4,0.75,0.75,0.75,0.25,0.85,0
Boeing314,elev_doublet_distractor,clo_+0.1,static,4,0.0,0.75,4,0.75,0.75,0.75,,,0
Boeing314,engine_stop,inertia_x1.6,dynamic,1,0.0,1.0,1,1.0,1.0,1.0,1.0,1.0,0
Boeing314,engine_stop,inertia_x1.6,static,1,0.0,1.0,0,,,,,,0
Boeing314,engine_stop,cmq_x0.5,dynamic,3,0.3333333333333333,0.6666666666666666,3,1.0,1.0,1.0,1.0,1.0,0
Boeing314,engine_stop,cmq_x0.5,static,3,0.3333333333333333,0.3333333333333333,0,,,,,,0
Boeing314,engine_stop,cmalpha_x0.7,dynamic,2,0.5,1.0,2,1.0,1.0,1.0,1.0,1.0,2
Boeing314,engine_stop,cmalpha_x0.7,static,2,0.5,0.5,0,,,,,,2
Boeing314,engine_stop,clo_+0.1,dynamic,5,0.0,0.4,5,1.0,1.0,1.0,1.0,1.0,5
Boeing314,engine_stop,clo_+0.1,static,5,0.0,0.6,0,,,,,,5
Camel,throttle_step,cmq_x0.5,dynamic,0,,,0,,,,,,0
Camel,throttle_step,cmq_x0.5,static,0,,,0,,,,,,0
Camel,throttle_step,cmalpha_x0.7,dynamic,2,0.0,1.0,2,1.0,1.0,1.0,0.5,1.0,0
Camel,throttle_step,cmalpha_x0.7,static,2,0.0,0.5,2,1.0,1.0,1.0,,,0
Camel,throttle_step,clo_+0.1,dynamic,4,0.0,0.75,4,1.0,1.0,1.0,0.0,1.0,4
Camel,throttle_step,clo_+0.1,static,4,0.25,1.0,4,1.0,1.0,1.0,,,4
Camel,elev_doublet,cmq_x0.5,dynamic,1,0.0,1.0,1,1.0,1.0,1.0,0.0,0.6,0
Camel,elev_doublet,cmq_x0.5,static,1,1.0,1.0,1,1.0,1.0,1.0,,,0
Camel,elev_doublet,cmalpha_x0.7,dynamic,2,0.0,0.5,2,1.0,1.0,1.0,0.5,0.4,0
Camel,elev_doublet,cmalpha_x0.7,static,2,0.5,1.0,2,1.0,1.0,1.0,,,0
Camel,elev_doublet,clo_+0.1,dynamic,1,0.0,0.0,1,1.0,1.0,1.0,0.0,0.5,1
Camel,elev_doublet,clo_+0.1,static,1,0.0,1.0,1,1.0,1.0,1.0,,,1
Camel,elev_step,cmq_x0.5,dynamic,1,0.0,1.0,1,1.0,1.0,1.0,1.0,0.5,0
Camel,elev_step,cmq_x0.5,static,1,0.0,1.0,1,1.0,1.0,1.0,,,0
Camel,elev_step,cmalpha_x0.7,dynamic,19,0.21052631578947367,0.631578947368421,19,1.0,1.0,1.0,0.3684210526315789,0.5263157894736842,0
Camel,elev_step,cmalpha_x0.7,static,19,0.42105263157894735,0.631578947368421,19,1.0,1.0,1.0,,,0
Camel,elev_step,clo_+0.1,dynamic,2,0.0,0.5,2,1.0,1.0,1.0,1.0,0.5,2
Camel,elev_step,clo_+0.1,static,2,0.0,1.0,2,1.0,1.0,1.0,,,2
Camel,aileron_step,cmq_x0.5,dynamic,0,,,0,,,,,,0
Camel,aileron_step,cmq_x0.5,static,0,,,0,,,,,,0
Camel,aileron_step,cmalpha_x0.7,dynamic,0,,,0,,,,,,0
Camel,aileron_step,cmalpha_x0.7,static,0,,,0,,,,,,0
Camel,aileron_step,clo_+0.1,dynamic,1,1.0,1.0,1,1.0,1.0,1.0,0.0,0.3,1
Camel,aileron_step,clo_+0.1,static,1,1.0,1.0,1,1.0,1.0,1.0,,,1
Camel,rudder_doublet,cmq_x0.5,dynamic,1,0.0,0.0,1,1.0,1.0,1.0,1.0,0.1,0
Camel,rudder_doublet,cmq_x0.5,static,1,0.0,1.0,1,1.0,1.0,1.0,,,0
Camel,rudder_doublet,cmalpha_x0.7,dynamic,2,0.0,1.0,2,1.0,1.0,1.0,0.5,0.35,0
Camel,rudder_doublet,cmalpha_x0.7,static,2,0.0,1.0,2,1.0,1.0,1.0,,,0
Camel,rudder_doublet,clo_+0.1,dynamic,2,0.0,0.5,2,1.0,1.0,1.0,0.5,0.7,2
Camel,rudder_doublet,clo_+0.1,static,2,0.5,1.0,2,1.0,1.0,1.0,,,2
Camel,bank_hold,cmq_x0.5,dynamic,0,,,0,,,,,,0
Camel,bank_hold,cmq_x0.5,static,0,,,0,,,,,,0
Camel,bank_hold,cmalpha_x0.7,dynamic,2,0.0,0.0,2,1.0,1.0,1.0,1.0,0.35,0
Camel,bank_hold,cmalpha_x0.7,static,2,0.0,0.0,2,1.0,1.0,1.0,,,0
Camel,bank_hold,clo_+0.1,dynamic,1,0.0,0.0,1,1.0,1.0,1.0,0.0,0.3,1
Camel,bank_hold,clo_+0.1,static,1,1.0,1.0,1,1.0,1.0,1.0,,,1
Camel,flap_extend,cmq_x0.5,dynamic,0,,,0,,,,,,0
Camel,flap_extend,cmq_x0.5,static,0,,,0,,,,,,0
Camel,flap_extend,cmalpha_x0.7,dynamic,1,0.0,0.0,1,1.0,1.0,1.0,0.0,1.0,0
Camel,flap_extend,cmalpha_x0.7,static,1,0.0,0.0,1,1.0,1.0,1.0,,,0
Camel,flap_extend,clo_+0.1,dynamic,1,0.0,0.0,1,1.0,1.0,1.0,0.0,1.0,1
Camel,flap_extend,clo_+0.1,static,1,0.0,1.0,1,1.0,1.0,1.0,,,1
Camel,climbing_turn,cmq_x0.5,dynamic,15,0.8666666666666667,1.0,15,0.6,0.4,0.4,0.4,0.1866666666666667,0
Camel,climbing_turn,cmq_x0.5,static,15,0.7333333333333333,1.0,15,0.6,0.4,0.4,,,0
Camel,climbing_turn,cmalpha_x0.7,dynamic,10,0.7,1.0,10,0.5,0.4,0.4,0.4,0.22000000000000003,0
Camel,climbing_turn,cmalpha_x0.7,static,10,0.6,1.0,10,0.7,0.4,0.4,,,0
Camel,climbing_turn,clo_+0.1,dynamic,0,,,0,,,,,,0
Camel,climbing_turn,clo_+0.1,static,0,,,0,,,,,,0
Camel,elev_doublet_distractor,cmq_x0.5,dynamic,0,,,0,,,,,,0
Camel,elev_doublet_distractor,cmq_x0.5,static,0,,,0,,,,,,0
Camel,elev_doublet_distractor,cmalpha_x0.7,dynamic,2,0.0,0.0,2,1.0,1.0,1.0,0.0,0.15000000000000002,0
Camel,elev_doublet_distractor,cmalpha_x0.7,static,2,0.0,1.0,2,1.0,1.0,1.0,,,0
Camel,elev_doublet_distractor,clo_+0.1,dynamic,1,0.0,0.0,1,1.0,1.0,1.0,0.0,0.0,1
Camel,elev_doublet_distractor,clo_+0.1,static,1,0.0,0.0,1,1.0,1.0,1.0,,,1
Camel,engine_stop,cmq_x0.5,dynamic,1,0.0,0.0,1,1.0,1.0,1.0,1.0,1.0,0
Camel,engine_stop,cmq_x0.5,static,1,1.0,1.0,0,,,,,,0
Camel,engine_stop,cmalpha_x0.7,dynamic,2,0.0,0.5,2,1.0,1.0,1.0,1.0,1.0,0
Camel,engine_stop,cmalpha_x0.7,static,2,0.0,1.0,0,,,,,,0
Camel,engine_stop,clo_+0.1,dynamic,3,0.0,0.6666666666666666,3,1.0,1.0,1.0,1.0,1.0,3
Camel,engine_stop,clo_+0.1,static,3,0.0,0.6666666666666666,0,,,,,,3
F4N,throttle_step,inertia_x1.6,dynamic,0,,,0,,,,,,0
F4N,throttle_step,inertia_x1.6,static,0,,,0,,,,,,0
F4N,throttle_step,cmq_x0.5,dynamic,8,0.625,1.0,8,1.0,1.0,1.0,1.0,1.0,0
F4N,throttle_step,cmq_x0.5,static,8,0.25,0.75,8,1.0,1.0,1.0,,,0
F4N,throttle_step,cmalpha_x0.7,dynamic,10,0.7,0.8,10,1.0,1.0,1.0,1.0,1.0,10
F4N,throttle_step,cmalpha_x0.7,static,10,0.3,0.8,10,1.0,1.0,1.0,,,10
F4N,throttle_step,clo_+0.1,dynamic,10,0.3,0.5,10,1.0,1.0,1.0,1.0,1.0,10
F4N,throttle_step,clo_+0.1,static,10,0.2,0.5,10,0.9,1.0,1.0,,,10
F4N,elev_doublet,inertia_x1.6,dynamic,0,,,0,,,,,,0
F4N,elev_doublet,inertia_x1.6,static,0,,,0,,,,,,0
F4N,elev_doublet,cmq_x0.5,dynamic,0,,,0,,,,,,0
F4N,elev_doublet,cmq_x0.5,static,0,,,0,,,,,,0
F4N,elev_doublet,cmalpha_x0.7,dynamic,3,0.0,0.6666666666666666,3,1.0,1.0,1.0,0.6666666666666666,0.7000000000000001,3
F4N,elev_doublet,cmalpha_x0.7,static,3,0.3333333333333333,0.6666666666666666,3,1.0,1.0,1.0,,,3
F4N,elev_doublet,clo_+0.1,dynamic,9,0.3333333333333333,0.7777777777777778,9,1.0,1.0,1.0,0.3333333333333333,0.8333333333333334,9
F4N,elev_doublet,clo_+0.1,static,9,0.4444444444444444,0.7777777777777778,8,1.0,1.0,1.0,,,8
F4N,elev_step,inertia_x1.6,dynamic,1,0.0,1.0,1,1.0,1.0,1.0,0.0,0.4,0
F4N,elev_step,inertia_x1.6,static,1,0.0,1.0,1,1.0,1.0,1.0,,,0
F4N,elev_step,cmq_x0.5,dynamic,1,0.0,1.0,1,1.0,1.0,1.0,0.0,0.4,0
F4N,elev_step,cmq_x0.5,static,1,0.0,0.0,1,1.0,1.0,1.0,,,0
F4N,elev_step,cmalpha_x0.7,dynamic,10,0.5,0.7,10,1.0,1.0,1.0,1.0,0.55,10
F4N,elev_step,cmalpha_x0.7,static,10,0.2,0.5,10,1.0,1.0,1.0,,,10
F4N,elev_step,clo_+0.1,dynamic,10,0.3,0.9,10,1.0,1.0,1.0,0.7,0.44000000000000006,10
F4N,elev_step,clo_+0.1,static,10,0.7,1.0,10,1.0,1.0,1.0,,,10
F4N,aileron_step,inertia_x1.6,dynamic,0,,,0,,,,,,0
F4N,aileron_step,inertia_x1.6,static,0,,,0,,,,,,0
F4N,aileron_step,cmq_x0.5,dynamic,0,,,0,,,,,,0
F4N,aileron_step,cmq_x0.5,static,0,,,0,,,,,,0
F4N,aileron_step,cmalpha_x0.7,dynamic,1,0.0,0.0,1,1.0,1.0,1.0,1.0,1.0,1
F4N,aileron_step,cmalpha_x0.7,static,1,0.0,0.0,1,1.0,1.0,1.0,,,1
F4N,aileron_step,clo_+0.1,dynamic,6,0.3333333333333333,0.5,6,1.0,1.0,1.0,1.0,0.9500000000000001,6
F4N,aileron_step,clo_+0.1,static,6,0.5,0.5,4,1.0,1.0,1.0,,,4
F4N,rudder_doublet,inertia_x1.6,dynamic,0,,,0,,,,,,0
F4N,rudder_doublet,inertia_x1.6,static,0,,,0,,,,,,0
F4N,rudder_doublet,cmq_x0.5,dynamic,0,,,0,,,,,,0
F4N,rudder_doublet,cmq_x0.5,static,0,,,0,,,,,,0
F4N,rudder_doublet,cmalpha_x0.7,dynamic,2,1.0,1.0,2,1.0,1.0,1.0,0.0,1.0,0
F4N,rudder_doublet,cmalpha_x0.7,static,2,1.0,1.0,2,1.0,1.0,1.0,,,0
F4N,rudder_doublet,clo_+0.1,dynamic,6,0.0,0.16666666666666666,6,1.0,1.0,1.0,0.5,0.9333333333333332,6
F4N,rudder_doublet,clo_+0.1,static,6,0.0,0.3333333333333333,6,1.0,1.0,1.0,,,6
F4N,bank_hold,inertia_x1.6,dynamic,3,0.3333333333333333,1.0,3,1.0,1.0,1.0,1.0,0.3,0
F4N,bank_hold,inertia_x1.6,static,3,0.0,1.0,3,1.0,1.0,1.0,,,0
F4N,bank_hold,cmq_x0.5,dynamic,8,0.5,1.0,8,1.0,1.0,1.0,1.0,0.1875,0
F4N,bank_hold,cmq_x0.5,static,8,0.375,1.0,8,1.0,1.0,1.0,,,0
F4N,bank_hold,cmalpha_x0.7,dynamic,1,1.0,1.0,1,1.0,1.0,1.0,1.0,1.0,0
F4N,bank_hold,cmalpha_x0.7,static,1,1.0,1.0,1,1.0,1.0,1.0,,,0
F4N,bank_hold,clo_+0.1,dynamic,4,0.5,0.5,4,1.0,1.0,1.0,0.75,0.675,4
F4N,bank_hold,clo_+0.1,static,4,0.25,0.5,4,0.75,1.0,1.0,,,4
F4N,flap_extend,inertia_x1.6,dynamic,0,,,0,,,,,,0
F4N,flap_extend,inertia_x1.6,static,0,,,0,,,,,,0
F4N,flap_extend,cmq_x0.5,dynamic,11,0.09090909090909091,0.5454545454545454,11,1.0,1.0,1.0,1.0,0.7363636363636364,0
F4N,flap_extend,cmq_x0.5,static,11,0.0,0.2727272727272727,11,1.0,1.0,1.0,,,0
F4N,flap_extend,cmalpha_x0.7,dynamic,11,0.18181818181818182,0.8181818181818182,11,1.0,1.0,1.0,1.0,0.7636363636363637,0
F4N,flap_extend,cmalpha_x0.7,static,11,0.0,0.18181818181818182,11,1.0,1.0,1.0,,,0
F4N,flap_extend,clo_+0.1,dynamic,10,0.5,0.9,10,1.0,1.0,1.0,1.0,0.5800000000000001,10
F4N,flap_extend,clo_+0.1,static,10,0.0,0.1,10,0.9,1.0,1.0,,,10
F4N,engine_cut,inertia_x1.6,dynamic,0,,,0,,,,,,0
F4N,engine_cut,inertia_x1.6,static,0,,,0,,,,,,0
F4N,engine_cut,cmq_x0.5,dynamic,0,,,0,,,,,,0
F4N,engine_cut,cmq_x0.5,static,0,,,0,,,,,,0
F4N,engine_cut,cmalpha_x0.7,dynamic,1,1.0,1.0,1,1.0,1.0,1.0,1.0,0.9,1
F4N,engine_cut,cmalpha_x0.7,static,1,0.0,0.0,1,0.0,1.0,1.0,,,1
F4N,engine_cut,clo_+0.1,dynamic,5,0.6,0.6,5,1.0,1.0,1.0,1.0,0.9,5
F4N,engine_cut,clo_+0.1,static,5,0.4,0.4,4,0.0,1.0,1.0,,,4
F4N,climbing_turn,inertia_x1.6,dynamic,5,0.0,0.8,5,0.8,0.0,0.0,0.8,0.13999999999999999,0
F4N,climbing_turn,inertia_x1.6,static,5,0.0,0.6,5,1.0,0.0,0.0,,,0
F4N,climbing_turn,cmq_x0.5,dynamic,12,0.75,0.9166666666666666,12,0.5833333333333334,0.16666666666666666,0.16666666666666666,0.75,0.11666666666666665,0
F4N,climbing_turn,cmq_x0.5,static,12,0.4166666666666667,0.6666666666666666,12,0.9166666666666666,0.16666666666666666,0.16666666666666666,,,0
F4N,climbing_turn,cmalpha_x0.7,dynamic,7,0.0,0.5714285714285714,7,0.5714285714285714,0.0,0.0,1.0,0.11428571428571428,7
F4N,climbing_turn,cmalpha_x0.7,static,7,0.0,0.7142857142857143,7,0.5714285714285714,0.0,0.0,,,7
F4N,climbing_turn,clo_+0.1,dynamic,8,0.5,0.75,8,0.25,0.375,0.375,0.625,0.8500000000000001,8
F4N,climbing_turn,clo_+0.1,static,8,0.375,0.875,8,0.25,0.375,0.375,,,8
F4N,elev_doublet_distractor,inertia_x1.6,dynamic,0,,,0,,,,,,0
F4N,elev_doublet_distractor,inertia_x1.6,static,0,,,0,,,,,,0
F4N,elev_doublet_distractor,cmq_x0.5,dynamic,0,,,0,,,,,,0
F4N,elev_doublet_distractor,cmq_x0.5,static,0,,,0,,,,,,0
F4N,elev_doublet_distractor,cmalpha_x0.7,dynamic,5,0.8,1.0,5,0.6,0.8,0.8,0.4,0.66,0
F4N,elev_doublet_distractor,cmalpha_x0.7,static,5,0.4,1.0,5,0.2,0.8,0.8,,,0
F4N,elev_doublet_distractor,clo_+0.1,dynamic,11,0.5454545454545454,0.6363636363636364,11,0.8181818181818182,0.8181818181818182,0.8181818181818182,0.36363636363636365,0.6454545454545456,11
F4N,elev_doublet_distractor,clo_+0.1,static,11,0.36363636363636365,0.8181818181818182,10,0.7,0.8,0.8,,,10
F4N,engine_restart,inertia_x1.6,dynamic,0,,,0,,,,,,0
F4N,engine_restart,inertia_x1.6,static,0,,,0,,,,,,0
F4N,engine_restart,cmq_x0.5,dynamic,1,0.0,1.0,1,1.0,1.0,1.0,1.0,0.8,0
F4N,engine_restart,cmq_x0.5,static,1,1.0,1.0,1,1.0,1.0,1.0,,,0
F4N,engine_restart,cmalpha_x0.7,dynamic,1,0.0,1.0,1,1.0,1.0,1.0,1.0,0.1,1
F4N,engine_restart,cmalpha_x0.7,static,1,0.0,0.0,1,1.0,1.0,1.0,,,1
F4N,engine_restart,clo_+0.1,dynamic,8,0.125,0.625,8,0.875,1.0,1.0,0.875,0.6875,8
F4N,engine_restart,clo_+0.1,static,8,0.25,0.375,8,0.625,1.0,1.0,,,8
F80C,throttle_step,inertia_x1.6,dynamic,0,,,0,,,,,,0
F80C,throttle_step,inertia_x1.6,static,0,,,0,,,,,,0
F80C,throttle_step,cmq_x0.5,dynamic,0,,,0,,,,,,0
F80C,throttle_step,cmq_x0.5,static,0,,,0,,,,,,0
F80C,throttle_step,cmalpha_x0.7,dynamic,8,0.0,0.75,8,0.0,1.0,1.0,1.0,1.0,8
F80C,throttle_step,cmalpha_x0.7,static,8,0.125,0.375,8,0.0,1.0,1.0,,,8
F80C,throttle_step,clo_+0.1,dynamic,10,0.7,0.9,10,1.0,1.0,1.0,0.8,1.0,10
F80C,throttle_step,clo_+0.1,static,10,0.4,0.9,10,0.9,1.0,1.0,,,10
F80C,elev_doublet,inertia_x1.6,dynamic,0,,,0,,,,,,0
F80C,elev_doublet,inertia_x1.6,static,0,,,0,,,,,,0
F80C,elev_doublet,cmq_x0.5,dynamic,0,,,0,,,,,,0
F80C,elev_doublet,cmq_x0.5,static,0,,,0,,,,,,0
F80C,elev_doublet,cmalpha_x0.7,dynamic,5,0.6,0.8,5,1.0,1.0,1.0,0.8,0.54,5
F80C,elev_doublet,cmalpha_x0.7,static,5,0.8,0.8,5,1.0,1.0,1.0,,,5
F80C,elev_doublet,clo_+0.1,dynamic,11,0.18181818181818182,0.6363636363636364,11,1.0,1.0,1.0,0.6363636363636364,0.6727272727272727,11
F80C,elev_doublet,clo_+0.1,static,11,0.36363636363636365,0.5454545454545454,11,0.9090909090909091,1.0,1.0,,,11
F80C,elev_step,inertia_x1.6,dynamic,0,,,0,,,,,,0
F80C,elev_step,inertia_x1.6,static,0,,,0,,,,,,0
F80C,elev_step,cmq_x0.5,dynamic,0,,,0,,,,,,0
F80C,elev_step,cmq_x0.5,static,0,,,0,,,,,,0
F80C,elev_step,cmalpha_x0.7,dynamic,5,0.6,0.8,5,1.0,1.0,1.0,1.0,0.5599999999999999,5
F80C,elev_step,cmalpha_x0.7,static,5,0.8,1.0,5,1.0,1.0,1.0,,,5
F80C,elev_step,clo_+0.1,dynamic,9,0.4444444444444444,0.6666666666666666,9,1.0,1.0,1.0,1.0,0.6666666666666666,9
F80C,elev_step,clo_+0.1,static,9,0.5555555555555556,0.7777777777777778,9,1.0,1.0,1.0,,,9
F80C,aileron_step,inertia_x1.6,dynamic,0,,,0,,,,,,0
F80C,aileron_step,inertia_x1.6,static,0,,,0,,,,,,0
F80C,aileron_step,cmq_x0.5,dynamic,0,,,0,,,,,,0
F80C,aileron_step,cmq_x0.5,static,0,,,0,,,,,,0
F80C,aileron_step,cmalpha_x0.7,dynamic,5,0.2,0.6,5,0.2,1.0,1.0,0.6,0.76,5
F80C,aileron_step,cmalpha_x0.7,static,5,0.4,0.6,5,0.2,1.0,1.0,,,5
F80C,aileron_step,clo_+0.1,dynamic,4,0.25,0.5,4,0.0,1.0,1.0,0.75,0.675,4
F80C,aileron_step,clo_+0.1,static,4,0.5,0.5,3,0.0,1.0,1.0,,,3
F80C,rudder_doublet,inertia_x1.6,dynamic,1,0.0,1.0,1,1.0,1.0,1.0,0.0,0.7,0
F80C,rudder_doublet,inertia_x1.6,static,1,0.0,1.0,1,1.0,1.0,1.0,,,0
F80C,rudder_doublet,cmq_x0.5,dynamic,1,0.0,1.0,1,1.0,1.0,1.0,0.0,0.6,0
F80C,rudder_doublet,cmq_x0.5,static,1,0.0,0.0,1,1.0,1.0,1.0,,,0
F80C,rudder_doublet,cmalpha_x0.7,dynamic,9,0.5555555555555556,0.8888888888888888,9,0.0,1.0,1.0,0.5555555555555556,0.5555555555555556,9
F80C,rudder_doublet,cmalpha_x0.7,static,9,0.5555555555555556,0.6666666666666666,9,0.0,1.0,1.0,,,9
F80C,rudder_doublet,clo_+0.1,dynamic,10,0.4,0.6,10,0.2,1.0,1.0,0.8,0.4699999999999999,10
F80C,rudder_doublet,clo_+0.1,static,10,0.4,0.4,9,0.2222222222222222,1.0,1.0,,,9
F80C,bank_hold,inertia_x1.6,dynamic,0,,,0,,,,,,0
F80C,bank_hold,inertia_x1.6,static,0,,,0,,,,,,0
F80C,bank_hold,cmq_x0.5,dynamic,0,,,0,,,,,,0
F80C,bank_hold,cmq_x0.5,static,0,,,0,,,,,,0
F80C,bank_hold,cmalpha_x0.7,dynamic,1,0.0,0.0,1,1.0,1.0,1.0,1.0,1.0,1
F80C,bank_hold,cmalpha_x0.7,static,1,0.0,0.0,1,1.0,1.0,1.0,,,1
F80C,bank_hold,clo_+0.1,dynamic,7,0.2857142857142857,0.7142857142857143,7,1.0,1.0,1.0,0.2857142857142857,0.7999999999999999,7
F80C,bank_hold,clo_+0.1,static,7,0.2857142857142857,0.7142857142857143,6,1.0,1.0,1.0,,,6
F80C,flap_extend,inertia_x1.6,dynamic,0,,,0,,,,,,0
F80C,flap_extend,inertia_x1.6,static,0,,,0,,,,,,0
F80C,flap_extend,cmq_x0.5,dynamic,5,0.0,0.4,5,0.8,1.0,1.0,1.0,0.28,0
F80C,flap_extend,cmq_x0.5,static,5,0.0,0.0,5,1.0,1.0,1.0,,,0
F80C,flap_extend,clo_+0.1,dynamic,10,0.8,0.9,10,0.0,1.0,1.0,1.0,0.8700000000000001,10
F80C,flap_extend,clo_+0.1,static,10,0.7,0.9,10,0.0,1.0,1.0,,,10
F80C,climbing_turn,inertia_x1.6,dynamic,0,,,0,,,,,,0
F80C,climbing_turn,inertia_x1.6,static,0,,,0,,,,,,0
F80C,climbing_turn,cmq_x0.5,dynamic,0,,,0,,,,,,0
F80C,climbing_turn,cmq_x0.5,static,0,,,0,,,,,,0
F80C,climbing_turn,cmalpha_x0.7,dynamic,9,0.5555555555555556,0.8888888888888888,9,0.0,1.0,1.0,0.6666666666666666,0.4222222222222223,9
F80C,climbing_turn,cmalpha_x0.7,static,9,0.7777777777777778,1.0,9,0.0,1.0,1.0,,,9
F80C,climbing_turn,clo_+0.1,dynamic,9,0.4444444444444444,0.7777777777777778,9,0.5555555555555556,0.7777777777777778,0.7777777777777778,0.5555555555555556,0.6,9
F80C,climbing_turn,clo_+0.1,static,9,0.8888888888888888,0.8888888888888888,9,0.7777777777777778,0.7777777777777778,0.7777777777777778,,,9
F80C,elev_doublet_distractor,inertia_x1.6,dynamic,3,0.0,1.0,3,0.6666666666666666,0.3333333333333333,0.3333333333333333,0.6666666666666666,0.13333333333333333,0
F80C,elev_doublet_distractor,inertia_x1.6,static,3,0.0,1.0,3,0.6666666666666666,0.3333333333333333,0.3333333333333333,,,0
F80C,elev_doublet_distractor,cmq_x0.5,dynamic,1,0.0,1.0,1,0.0,1.0,1.0,0.0,0.2,0
F80C,elev_doublet_distractor,cmq_x0.5,static,1,0.0,1.0,1,0.0,1.0,1.0,,,0
F80C,elev_doublet_distractor,cmalpha_x0.7,dynamic,5,0.2,0.8,5,1.0,0.6,0.6,0.8,0.5800000000000001,5
F80C,elev_doublet_distractor,cmalpha_x0.7,static,5,0.8,0.8,5,0.8,0.6,0.6,,,5
F80C,elev_doublet_distractor,clo_+0.1,dynamic,6,0.3333333333333333,0.6666666666666666,6,0.8333333333333334,0.8333333333333334,0.8333333333333334,0.3333333333333333,0.6166666666666666,6
F80C,elev_doublet_distractor,clo_+0.1,static,6,0.3333333333333333,0.3333333333333333,5,0.8,0.8,0.8,,,5
J3Cub,throttle_step,cmq_x0.5,dynamic,2,0.0,0.5,2,1.0,1.0,1.0,0.5,1.0,0
J3Cub,throttle_step,cmq_x0.5,static,2,0.0,1.0,2,1.0,1.0,1.0,,,0
J3Cub,throttle_step,cmalpha_x0.7,dynamic,1,0.0,0.0,1,1.0,1.0,1.0,0.0,1.0,0
J3Cub,throttle_step,cmalpha_x0.7,static,1,0.0,0.0,1,1.0,1.0,1.0,,,0
J3Cub,throttle_step,clo_+0.1,dynamic,5,0.4,0.8,5,1.0,1.0,1.0,0.4,1.0,5
J3Cub,throttle_step,clo_+0.1,static,5,0.4,0.6,5,1.0,1.0,1.0,,,5
J3Cub,elev_doublet,cmq_x0.5,dynamic,0,,,0,,,,,,0
J3Cub,elev_doublet,cmq_x0.5,static,0,,,0,,,,,,0
J3Cub,elev_doublet,cmalpha_x0.7,dynamic,0,,,0,,,,,,0
J3Cub,elev_doublet,cmalpha_x0.7,static,0,,,0,,,,,,0
J3Cub,elev_doublet,clo_+0.1,dynamic,3,0.0,0.0,3,1.0,1.0,1.0,0.3333333333333333,0.5333333333333333,3
J3Cub,elev_doublet,clo_+0.1,static,3,0.0,0.3333333333333333,3,1.0,1.0,1.0,,,3
J3Cub,elev_step,cmq_x0.5,dynamic,0,,,0,,,,,,0
J3Cub,elev_step,cmq_x0.5,static,0,,,0,,,,,,0
J3Cub,elev_step,cmalpha_x0.7,dynamic,2,0.0,0.5,2,1.0,1.0,1.0,0.0,0.4,0
J3Cub,elev_step,cmalpha_x0.7,static,2,0.5,1.0,2,1.0,1.0,1.0,,,0
J3Cub,elev_step,clo_+0.1,dynamic,1,0.0,0.0,1,1.0,1.0,1.0,1.0,0.5,1
J3Cub,elev_step,clo_+0.1,static,1,0.0,0.0,1,1.0,1.0,1.0,,,1
J3Cub,aileron_step,cmq_x0.5,dynamic,0,,,0,,,,,,0
J3Cub,aileron_step,cmq_x0.5,static,0,,,0,,,,,,0
J3Cub,aileron_step,cmalpha_x0.7,dynamic,0,,,0,,,,,,0
J3Cub,aileron_step,cmalpha_x0.7,static,0,,,0,,,,,,0
J3Cub,aileron_step,clo_+0.1,dynamic,4,0.5,0.75,4,1.0,1.0,1.0,0.75,0.42500000000000004,4
J3Cub,aileron_step,clo_+0.1,static,4,0.5,0.5,4,1.0,1.0,1.0,,,4
J3Cub,rudder_doublet,cmq_x0.5,dynamic,0,,,0,,,,,,0
J3Cub,rudder_doublet,cmq_x0.5,static,0,,,0,,,,,,0
J3Cub,rudder_doublet,cmalpha_x0.7,dynamic,3,0.0,1.0,3,1.0,1.0,1.0,0.3333333333333333,0.3,0
J3Cub,rudder_doublet,cmalpha_x0.7,static,3,1.0,1.0,3,1.0,1.0,1.0,,,0
J3Cub,rudder_doublet,clo_+0.1,dynamic,3,0.3333333333333333,0.3333333333333333,3,1.0,1.0,1.0,0.6666666666666666,0.09999999999999999,3
J3Cub,rudder_doublet,clo_+0.1,static,3,0.6666666666666666,0.6666666666666666,3,1.0,1.0,1.0,,,3
J3Cub,bank_hold,cmq_x0.5,dynamic,0,,,0,,,,,,0
J3Cub,bank_hold,cmq_x0.5,static,0,,,0,,,,,,0
J3Cub,bank_hold,cmalpha_x0.7,dynamic,0,,,0,,,,,,0
J3Cub,bank_hold,cmalpha_x0.7,static,0,,,0,,,,,,0
J3Cub,bank_hold,clo_+0.1,dynamic,1,1.0,1.0,1,1.0,1.0,1.0,0.0,0.8,1
J3Cub,bank_hold,clo_+0.1,static,1,1.0,1.0,1,1.0,1.0,1.0,,,1
J3Cub,flap_extend,cmq_x0.5,dynamic,0,,,0,,,,,,0
J3Cub,flap_extend,cmq_x0.5,static,0,,,0,,,,,,0
J3Cub,flap_extend,cmalpha_x0.7,dynamic,0,,,0,,,,,,0
J3Cub,flap_extend,cmalpha_x0.7,static,0,,,0,,,,,,0
J3Cub,flap_extend,clo_+0.1,dynamic,3,0.3333333333333333,0.6666666666666666,3,1.0,1.0,1.0,0.3333333333333333,1.0,3
J3Cub,flap_extend,clo_+0.1,static,3,0.3333333333333333,0.6666666666666666,3,1.0,1.0,1.0,,,3
J3Cub,climbing_turn,cmq_x0.5,dynamic,2,0.0,1.0,2,0.0,0.5,0.5,0.5,0.1,0
J3Cub,climbing_turn,cmq_x0.5,static,2,0.0,0.0,2,0.0,0.5,0.5,,,0
J3Cub,climbing_turn,cmalpha_x0.7,dynamic,0,,,0,,,,,,0
J3Cub,climbing_turn,cmalpha_x0.7,static,0,,,0,,,,,,0
J3Cub,climbing_turn,clo_+0.1,dynamic,1,0.0,0.0,1,0.0,1.0,1.0,1.0,0.2,1
J3Cub,climbing_turn,clo_+0.1,static,1,0.0,0.0,1,0.0,1.0,1.0,,,1
J3Cub,elev_doublet_distractor,cmq_x0.5,dynamic,0,,,0,,,,,,0
J3Cub,elev_doublet_distractor,cmq_x0.5,static,0,,,0,,,,,,0
J3Cub,elev_doublet_distractor,cmalpha_x0.7,dynamic,2,0.0,0.5,2,0.5,0.5,0.5,1.0,0.2,0
J3Cub,elev_doublet_distractor,cmalpha_x0.7,static,2,0.5,1.0,2,0.5,0.5,0.5,,,0
J3Cub,elev_doublet_distractor,clo_+0.1,dynamic,3,0.3333333333333333,0.6666666666666666,3,0.3333333333333333,0.3333333333333333,0.3333333333333333,0.6666666666666666,0.36666666666666664,3
J3Cub,elev_doublet_distractor,clo_+0.1,static,3,0.0,0.0,3,0.0,0.3333333333333333,0.3333333333333333,,,3
J3Cub,engine_stop,cmq_x0.5,dynamic,1,1.0,1.0,1,1.0,1.0,1.0,1.0,1.0,0
J3Cub,engine_stop,cmq_x0.5,static,1,0.0,1.0,0,,,,,,0
J3Cub,engine_stop,cmalpha_x0.7,dynamic,0,,,0,,,,,,0
J3Cub,engine_stop,cmalpha_x0.7,static,0,,,0,,,,,,0
J3Cub,engine_stop,clo_+0.1,dynamic,3,0.3333333333333333,1.0,3,1.0,1.0,1.0,1.0,1.0,3
J3Cub,engine_stop,clo_+0.1,static,3,0.6666666666666666,0.6666666666666666,0,,,,,,3
MD11,throttle_step,inertia_x1.6,dynamic,2,0.0,1.0,2,1.0,1.0,1.0,0.5,1.0,0
MD11,throttle_step,inertia_x1.6,static,2,0.0,0.5,2,1.0,1.0,1.0,,,0
MD11,throttle_step,cmq_x0.5,dynamic,2,0.5,0.5,2,1.0,1.0,1.0,0.5,1.0,0
MD11,throttle_step,cmq_x0.5,static,2,0.0,0.0,2,1.0,1.0,1.0,,,0
MD11,throttle_step,cmalpha_x0.7,dynamic,1,0.0,0.0,1,1.0,1.0,1.0,0.0,1.0,1
MD11,throttle_step,cmalpha_x0.7,static,1,0.0,1.0,1,1.0,1.0,1.0,,,1
MD11,throttle_step,clo_+0.1,dynamic,5,0.0,0.2,5,1.0,1.0,1.0,1.0,1.0,5
MD11,throttle_step,clo_+0.1,static,5,0.2,0.2,5,0.8,1.0,1.0,,,5
MD11,elev_doublet,inertia_x1.6,dynamic,0,,,0,,,,,,0
MD11,elev_doublet,inertia_x1.6,static,0,,,0,,,,,,0
MD11,elev_doublet,cmq_x0.5,dynamic,0,,,0,,,,,,0
MD11,elev_doublet,cmq_x0.5,static,0,,,0,,,,,,0
MD11,elev_doublet,cmalpha_x0.7,dynamic,4,0.25,0.75,4,1.0,1.0,1.0,0.25,1.0,4
MD11,elev_doublet,cmalpha_x0.7,static,4,0.25,1.0,4,1.0,1.0,1.0,,,4
MD11,elev_doublet,clo_+0.1,dynamic,8,0.0,0.5,8,1.0,1.0,1.0,0.625,1.0,8
MD11,elev_doublet,clo_+0.1,static,8,0.125,0.75,8,1.0,1.0,1.0,,,8
MD11,elev_step,inertia_x1.6,dynamic,3,0.0,0.3333333333333333,3,1.0,1.0,1.0,1.0,1.0,0
MD11,elev_step,inertia_x1.6,static,3,0.0,0.0,3,1.0,1.0,1.0,,,0
MD11,elev_step,cmq_x0.5,dynamic,2,0.0,0.0,2,1.0,1.0,1.0,1.0,1.0,0
MD11,elev_step,cmq_x0.5,static,2,0.0,0.0,2,1.0,1.0,1.0,,,0
MD11,elev_step,cmalpha_x0.7,dynamic,10,0.3,0.9,10,1.0,1.0,1.0,1.0,1.0,10
MD11,elev_step,cmalpha_x0.7,static,10,0.0,0.6,10,1.0,1.0,1.0,,,10
MD11,elev_step,clo_+0.1,dynamic,7,0.14285714285714285,0.42857142857142855,7,1.0,1.0,1.0,0.8571428571428571,1.0,7
MD11,elev_step,clo_+0.1,static,7,0.0,0.42857142857142855,7,0.8571428571428571,1.0,1.0,,,7
MD11,aileron_step,inertia_x1.6,dynamic,0,,,0,,,,,,0
MD11,aileron_step,inertia_x1.6,static,0,,,0,,,,,,0
MD11,aileron_step,cmq_x0.5,dynamic,0,,,0,,,,,,0
MD11,aileron_step,cmq_x0.5,static,0,,,0,,,,,,0
MD11,aileron_step,cmalpha_x0.7,dynamic,0,,,0,,,,,,0
MD11,aileron_step,cmalpha_x0.7,static,0,,,0,,,,,,0
MD11,aileron_step,clo_+0.1,dynamic,6,0.16666666666666666,0.16666666666666666,6,1.0,1.0,1.0,0.3333333333333333,0.5,6
MD11,aileron_step,clo_+0.1,static,6,0.16666666666666666,0.5,6,1.0,1.0,1.0,,,6
MD11,rudder_doublet,inertia_x1.6,dynamic,0,,,0,,,,,,0
MD11,rudder_doublet,inertia_x1.6,static,0,,,0,,,,,,0
MD11,rudder_doublet,cmq_x0.5,dynamic,0,,,0,,,,,,0
MD11,rudder_doublet,cmq_x0.5,static,0,,,0,,,,,,0
MD11,rudder_doublet,cmalpha_x0.7,dynamic,2,1.0,1.0,2,1.0,1.0,1.0,0.5,1.0,2
MD11,rudder_doublet,cmalpha_x0.7,static,2,0.5,0.5,2,1.0,1.0,1.0,,,2
MD11,rudder_doublet,clo_+0.1,dynamic,5,0.6,0.6,5,1.0,1.0,1.0,0.0,0.9400000000000001,5
MD11,rudder_doublet,clo_+0.1,static,5,0.6,0.8,5,1.0,1.0,1.0,,,5
MD11,bank_hold,inertia_x1.6,dynamic,0,,,0,,,,,,0
MD11,bank_hold,inertia_x1.6,static,0,,,0,,,,,,0
MD11,bank_hold,cmq_x0.5,dynamic,1,0.0,0.0,1,1.0,1.0,1.0,1.0,0.5,0
MD11,bank_hold,cmq_x0.5,static,1,0.0,0.0,1,1.0,1.0,1.0,,,0
MD11,bank_hold,cmalpha_x0.7,dynamic,2,0.0,0.0,2,1.0,1.0,1.0,0.5,0.6499999999999999,2
MD11,bank_hold,cmalpha_x0.7,static,2,0.0,0.5,2,1.0,1.0,1.0,,,2
MD11,bank_hold,clo_+0.1,dynamic,5,0.0,0.6,5,1.0,1.0,1.0,0.6,0.64,5
MD11,bank_hold,clo_+0.1,static,5,0.2,0.6,4,1.0,1.0,1.0,,,4
MD11,flap_extend,inertia_x1.6,dynamic,18,0.3888888888888889,0.8333333333333334,18,1.0,1.0,1.0,0.5555555555555556,0.6111111111111112,0
MD11,flap_extend,inertia_x1.6,static,18,0.1111111111111111,0.9444444444444444,18,1.0,1.0,1.0,,,0
MD11,flap_extend,cmq_x0.5,dynamic,16,0.375,0.8125,16,1.0,1.0,1.0,0.6875,0.46875,0
MD11,flap_extend,cmq_x0.5,static,16,0.4375,1.0,16,1.0,1.0,1.0,,,0
MD11,flap_extend,cmalpha_x0.7,dynamic,15,0.06666666666666667,0.4,15,1.0,1.0,1.0,0.6,0.6466666666666666,15
MD11,flap_extend,cmalpha_x0.7,static,15,0.3333333333333333,0.9333333333333333,15,1.0,1.0,1.0,,,15
MD11,flap_extend,clo_+0.1,dynamic,9,0.2222222222222222,0.6666666666666666,9,1.0,1.0,1.0,0.6666666666666666,0.4666666666666667,9
MD11,flap_extend,clo_+0.1,static,9,0.3333333333333333,0.7777777777777778,9,1.0,1.0,1.0,,,9
MD11,engine_cut,inertia_x1.6,dynamic,0,,,0,,,,,,0
MD11,engine_cut,inertia_x1.6,static,0,,,0,,,,,,0
MD11,engine_cut,cmq_x0.5,dynamic,0,,,0,,,,,,0
MD11,engine_cut,cmq_x0.5,static,0,,,0,,,,,,0
MD11,engine_cut,cmalpha_x0.7,dynamic,8,1.0,1.0,8,0.5,1.0,1.0,1.0,0.6375,8
MD11,engine_cut,cmalpha_x0.7,static,8,0.625,0.75,8,0.0,1.0,1.0,,,8
MD11,engine_cut,clo_+0.1,dynamic,6,0.6666666666666666,0.6666666666666666,6,0.5,1.0,1.0,0.8333333333333334,0.55,6
MD11,engine_cut,clo_+0.1,static,6,0.6666666666666666,0.6666666666666666,6,0.0,1.0,1.0,,,6
MD11,climbing_turn,inertia_x1.6,dynamic,7,0.5714285714285714,1.0,7,0.2857142857142857,0.42857142857142855,0.42857142857142855,0.7142857142857143,0.2285714285714286,0
MD11,climbing_turn,inertia_x1.6,static,7,0.0,0.5714285714285714,7,0.5714285714285714,0.42857142857142855,0.42857142857142855,,,0
MD11,climbing_turn,cmq_x0.5,dynamic,10,0.1,0.5,10,0.7,0.6,0.6,0.7,0.32999999999999996,0
MD11,climbing_turn,cmq_x0.5,static,10,0.0,0.2,10,0.8,0.6,0.6,,,0
MD11,climbing_turn,cmalpha_x0.7,dynamic,13,0.8461538461538461,0.9230769230769231,13,0.8461538461538461,0.8461538461538461,0.8461538461538461,0.6153846153846154,0.6230769230769231,13
MD11,climbing_turn,cmalpha_x0.7,static,13,0.7692307692307693,0.8461538461538461,13,0.9230769230769231,0.8461538461538461,0.8461538461538461,,,13
MD11,climbing_turn,clo_+0.1,dynamic,16,0.6875,0.8125,16,0.4375,0.625,0.625,0.75,0.69375,16
MD11,climbing_turn,clo_+0.1,static,16,0.5,0.75,16,0.5,0.625,0.625,,,16
MD11,elev_doublet_distractor,inertia_x1.6,dynamic,1,0.0,1.0,1,0.0,1.0,1.0,0.0,0.2,0
MD11,elev_doublet_distractor,inertia_x1.6,static,1,0.0,1.0,1,1.0,1.0,1.0,,,0
MD11,elev_doublet_distractor,cmq_x0.5,dynamic,1,0.0,1.0,1,0.0,1.0,1.0,0.0,0.1,0
MD11,elev_doublet_distractor,cmq_x0.5,static,1,0.0,1.0,1,0.0,1.0,1.0,,,0
MD11,elev_doublet_distractor,cmalpha_x0.7,dynamic,2,0.0,0.0,2,0.5,0.5,0.5,0.5,0.65,2
MD11,elev_doublet_distractor,cmalpha_x0.7,static,2,0.5,1.0,2,0.5,0.5,0.5,,,2
MD11,elev_doublet_distractor,clo_+0.1,dynamic,10,0.0,0.4,10,0.6,0.8,0.8,0.6,0.85,10
MD11,elev_doublet_distractor,clo_+0.1,static,10,0.2,0.4,8,0.625,0.75,0.75,,,8
MD11,engine_restart,inertia_x1.6,dynamic,1,0.0,0.0,1,1.0,1.0,1.0,1.0,0.5,0
MD11,engine_restart,inertia_x1.6,static,1,0.0,0.0,1,0.0,1.0,1.0,,,0
MD11,engine_restart,cmq_x0.5,dynamic,2,0.5,0.5,2,0.5,1.0,1.0,1.0,0.65,0
MD11,engine_restart,cmq_x0.5,static,2,0.0,0.5,2,0.5,1.0,1.0,,,0
MD11,engine_restart,cmalpha_x0.7,dynamic,8,0.375,0.875,8,1.0,1.0,1.0,1.0,0.8375,8
MD11,engine_restart,cmalpha_x0.7,static,8,0.125,0.625,8,0.875,1.0,1.0,,,8
MD11,engine_restart,clo_+0.1,dynamic,6,0.6666666666666666,0.6666666666666666,6,1.0,1.0,1.0,0.8333333333333334,0.7666666666666666,6
MD11,engine_restart,clo_+0.1,static,6,0.5,0.6666666666666666,6,0.8333333333333334,1.0,1.0,,,6
OV10,throttle_step,inertia_x1.6,dynamic,1,0.0,0.0,1,1.0,1.0,1.0,0.0,1.0,0
OV10,throttle_step,inertia_x1.6,static,1,0.0,0.0,1,1.0,1.0,1.0,,,0
OV10,throttle_step,cmq_x0.5,dynamic,0,,,0,,,,,,0
OV10,throttle_step,cmq_x0.5,static,0,,,0,,,,,,0
OV10,throttle_step,cmalpha_x0.7,dynamic,3,0.3333333333333333,1.0,3,1.0,1.0,1.0,0.3333333333333333,1.0,3
OV10,throttle_step,cmalpha_x0.7,static,3,0.3333333333333333,1.0,3,1.0,1.0,1.0,,,3
OV10,throttle_step,clo_+0.1,dynamic,2,0.0,0.0,2,1.0,1.0,1.0,1.0,1.0,2
OV10,throttle_step,clo_+0.1,static,2,0.0,0.0,2,1.0,1.0,1.0,,,2
OV10,elev_doublet,inertia_x1.6,dynamic,0,,,0,,,,,,0
OV10,elev_doublet,inertia_x1.6,static,0,,,0,,,,,,0
OV10,elev_doublet,cmq_x0.5,dynamic,0,,,0,,,,,,0
OV10,elev_doublet,cmq_x0.5,static,0,,,0,,,,,,0
OV10,elev_doublet,cmalpha_x0.7,dynamic,3,0.3333333333333333,1.0,3,1.0,1.0,1.0,0.3333333333333333,0.39999999999999997,0
OV10,elev_doublet,cmalpha_x0.7,static,3,0.3333333333333333,0.6666666666666666,3,1.0,1.0,1.0,,,0
OV10,elev_doublet,clo_+0.1,dynamic,1,0.0,0.0,1,1.0,1.0,1.0,1.0,0.6,1
OV10,elev_doublet,clo_+0.1,static,1,0.0,0.0,1,1.0,1.0,1.0,,,1
OV10,elev_step,inertia_x1.6,dynamic,1,0.0,1.0,1,1.0,1.0,1.0,0.0,0.6,0
OV10,elev_step,inertia_x1.6,static,1,0.0,1.0,1,1.0,1.0,1.0,,,0
OV10,elev_step,cmq_x0.5,dynamic,6,0.5,1.0,6,1.0,1.0,1.0,1.0,0.45,0
OV10,elev_step,cmq_x0.5,static,6,0.0,1.0,6,1.0,1.0,1.0,,,0
OV10,elev_step,cmalpha_x0.7,dynamic,5,0.2,0.6,5,1.0,1.0,1.0,1.0,0.6,0
OV10,elev_step,cmalpha_x0.7,static,5,0.2,0.2,5,1.0,1.0,1.0,,,0
OV10,elev_step,clo_+0.1,dynamic,3,0.3333333333333333,0.6666666666666666,3,1.0,1.0,1.0,1.0,0.39999999999999997,3
OV10,elev_step,clo_+0.1,static,3,0.0,0.6666666666666666,3,1.0,1.0,1.0,,,3
OV10,aileron_step,inertia_x1.6,dynamic,3,0.0,1.0,3,1.0,1.0,1.0,1.0,0.26666666666666666,0
OV10,aileron_step,inertia_x1.6,static,3,1.0,1.0,3,1.0,1.0,1.0,,,0
OV10,aileron_step,cmq_x0.5,dynamic,10,0.8,1.0,10,1.0,1.0,1.0,1.0,0.35,0
OV10,aileron_step,cmq_x0.5,static,10,0.6,1.0,10,1.0,1.0,1.0,,,0
OV10,aileron_step,cmalpha_x0.7,dynamic,3,0.6666666666666666,0.6666666666666666,3,1.0,1.0,1.0,0.6666666666666666,0.2333333333333333,3
OV10,aileron_step,cmalpha_x0.7,static,3,0.3333333333333333,0.6666666666666666,3,1.0,1.0,1.0,,,3
OV10,aileron_step,clo_+0.1,dynamic,13,0.6153846153846154,0.8461538461538461,13,1.0,1.0,1.0,0.9230769230769231,0.44615384615384623,13
OV10,aileron_step,clo_+0.1,static,13,0.8461538461538461,0.8461538461538461,13,1.0,1.0,1.0,,,13
OV10,rudder_doublet,inertia_x1.6,dynamic,0,,,0,,,,,,0
OV10,rudder_doublet,inertia_x1.6,static,0,,,0,,,,,,0
OV10,rudder_doublet,cmq_x0.5,dynamic,0,,,0,,,,,,0
OV10,rudder_doublet,cmq_x0.5,static,0,,,0,,,,,,0
OV10,rudder_doublet,cmalpha_x0.7,dynamic,4,0.25,0.75,4,1.0,1.0,1.0,0.25,0.35,0
OV10,rudder_doublet,cmalpha_x0.7,static,4,0.75,1.0,4,1.0,1.0,1.0,,,0
OV10,rudder_doublet,clo_+0.1,dynamic,5,0.0,0.0,5,1.0,1.0,1.0,0.2,0.44000000000000006,5
OV10,rudder_doublet,clo_+0.1,static,5,0.0,0.4,5,1.0,1.0,1.0,,,5
OV10,bank_hold,inertia_x1.6,dynamic,3,0.0,0.3333333333333333,3,1.0,1.0,1.0,1.0,0.5,0
OV10,bank_hold,inertia_x1.6,static,3,0.3333333333333333,0.3333333333333333,3,1.0,1.0,1.0,,,0
OV10,bank_hold,cmq_x0.5,dynamic,8,0.75,1.0,8,1.0,1.0,1.0,0.875,0.1875,0
OV10,bank_hold,cmq_x0.5,static,8,0.375,0.875,8,1.0,1.0,1.0,,,0
OV10,bank_hold,cmalpha_x0.7,dynamic,9,0.8888888888888888,0.8888888888888888,9,1.0,1.0,1.0,1.0,0.5444444444444445,9
OV10,bank_hold,cmalpha_x0.7,static,9,0.8888888888888888,0.8888888888888888,9,1.0,1.0,1.0,,,9
OV10,bank_hold,clo_+0.1,dynamic,3,0.0,0.0,3,1.0,1.0,1.0,1.0,0.7000000000000001,3
OV10,bank_hold,clo_+0.1,static,3,0.3333333333333333,0.6666666666666666,3,1.0,1.0,1.0,,,3
OV10,flap_extend,inertia_x1.6,dynamic,0,,,0,,,,,,0
OV10,flap_extend,inertia_x1.6,static,0,,,0,,,,,,0
OV10,flap_extend,cmq_x0.5,dynamic,10,0.9,1.0,10,1.0,1.0,1.0,0.9,0.79,0
OV10,flap_extend,cmq_x0.5,static,10,0.4,0.9,10,1.0,1.0,1.0,,,0
OV10,flap_extend,cmalpha_x0.7,dynamic,11,0.45454545454545453,0.7272727272727273,11,1.0,1.0,1.0,1.0,0.8272727272727273,0
OV10,flap_extend,cmalpha_x0.7,static,11,0.2727272727272727,0.5454545454545454,11,1.0,1.0,1.0,,,0
OV10,flap_extend,clo_+0.1,dynamic,3,0.6666666666666666,0.6666666666666666,3,1.0,1.0,1.0,1.0,0.6666666666666666,3
OV10,flap_extend,clo_+0.1,static,3,0.6666666666666666,0.6666666666666666,3,1.0,1.0,1.0,,,3
OV10,engine_cut,inertia_x1.6,dynamic,0,,,0,,,,,,0
OV10,engine_cut,inertia_x1.6,static,0,,,0,,,,,,0
OV10,engine_cut,cmq_x0.5,dynamic,8,0.75,0.75,8,1.0,1.0,1.0,1.0,1.0,0
OV10,engine_cut,cmq_x0.5,static,8,0.5,0.75,0,,,,,,0
OV10,engine_cut,cmalpha_x0.7,dynamic,2,0.0,0.5,2,1.0,1.0,1.0,1.0,1.0,2
OV10,engine_cut,cmalpha_x0.7,static,2,0.0,0.0,0,,,,,,2
OV10,engine_cut,clo_+0.1,dynamic,2,0.0,0.0,2,1.0,1.0,1.0,1.0,1.0,2
OV10,engine_cut,clo_+0.1,static,2,0.0,0.5,0,,,,,,2
OV10,elev_doublet_distractor,inertia_x1.6,dynamic,0,,,0,,,,,,0
OV10,elev_doublet_distractor,inertia_x1.6,static,0,,,0,,,,,,0
OV10,elev_doublet_distractor,cmq_x0.5,dynamic,0,,,0,,,,,,0
OV10,elev_doublet_distractor,cmq_x0.5,static,0,,,0,,,,,,0
OV10,elev_doublet_distractor,cmalpha_x0.7,dynamic,1,1.0,1.0,1,0.0,1.0,1.0,1.0,0.1,1
OV10,elev_doublet_distractor,cmalpha_x0.7,static,1,0.0,1.0,1,0.0,1.0,1.0,,,1
OV10,elev_doublet_distractor,clo_+0.1,dynamic,6,0.0,0.3333333333333333,6,0.3333333333333333,1.0,1.0,0.5,0.5666666666666668,6
OV10,elev_doublet_distractor,clo_+0.1,static,6,0.0,0.0,6,0.16666666666666666,1.0,1.0,,,6
Short_S23,throttle_step,inertia_x1.6,dynamic,0,,,0,,,,,,0
Short_S23,throttle_step,inertia_x1.6,static,0,,,0,,,,,,0
Short_S23,elev_doublet,inertia_x1.6,dynamic,0,,,0,,,,,,0
Short_S23,elev_doublet,inertia_x1.6,static,0,,,0,,,,,,0
Short_S23,elev_step,inertia_x1.6,dynamic,0,,,0,,,,,,0
Short_S23,elev_step,inertia_x1.6,static,0,,,0,,,,,,0
Short_S23,aileron_step,inertia_x1.6,dynamic,0,,,0,,,,,,0
Short_S23,aileron_step,inertia_x1.6,static,0,,,0,,,,,,0
Short_S23,rudder_doublet,inertia_x1.6,dynamic,0,,,0,,,,,,0
Short_S23,rudder_doublet,inertia_x1.6,static,0,,,0,,,,,,0
Short_S23,bank_hold,inertia_x1.6,dynamic,0,,,0,,,,,,0
Short_S23,bank_hold,inertia_x1.6,static,0,,,0,,,,,,0
Short_S23,flap_extend,inertia_x1.6,dynamic,0,,,0,,,,,,0
Short_S23,flap_extend,inertia_x1.6,static,0,,,0,,,,,,0
Short_S23,engine_cut,inertia_x1.6,dynamic,0,,,0,,,,,,0
Short_S23,engine_cut,inertia_x1.6,static,0,,,0,,,,,,0
Short_S23,climbing_turn,inertia_x1.6,dynamic,0,,,0,,,,,,0
Short_S23,climbing_turn,inertia_x1.6,static,0,,,0,,,,,,0
Short_S23,elev_doublet_distractor,inertia_x1.6,dynamic,0,,,0,,,,,,0
Short_S23,elev_doublet_distractor,inertia_x1.6,static,0,,,0,,,,,,0
Short_S23,engine_stop,inertia_x1.6,dynamic,0,,,0,,,,,,0
Short_S23,engine_stop,inertia_x1.6,static,0,,,0,,,,,,0
T37,throttle_step,inertia_x1.6,dynamic,0,,,0,,,,,,0
T37,throttle_step,inertia_x1.6,static,0,,,0,,,,,,0
T37,throttle_step,cmq_x0.5,dynamic,0,,,0,,,,,,0
T37,throttle_step,cmq_x0.5,static,0,,,0,,,,,,0
T37,throttle_step,cmalpha_x0.7,dynamic,7,0.0,0.7142857142857143,7,1.0,1.0,1.0,1.0,1.0,7
T37,throttle_step,cmalpha_x0.7,static,7,0.2857142857142857,0.7142857142857143,7,1.0,1.0,1.0,,,7
T37,throttle_step,clo_+0.1,dynamic,13,0.3076923076923077,0.6923076923076923,13,1.0,1.0,1.0,0.6923076923076923,1.0,13
T37,throttle_step,clo_+0.1,static,13,0.6153846153846154,0.6923076923076923,13,1.0,1.0,1.0,,,13
T37,elev_doublet,inertia_x1.6,dynamic,1,0.0,1.0,1,1.0,1.0,1.0,0.0,0.4,0
T37,elev_doublet,inertia_x1.6,static,1,0.0,1.0,1,1.0,1.0,1.0,,,0
T37,elev_doublet,cmq_x0.5,dynamic,1,0.0,1.0,1,1.0,1.0,1.0,0.0,0.4,0
T37,elev_doublet,cmq_x0.5,static,1,0.0,0.0,1,1.0,1.0,1.0,,,0
T37,elev_doublet,cmalpha_x0.7,dynamic,0,,,0,,,,,,0
T37,elev_doublet,cmalpha_x0.7,static,0,,,0,,,,,,0
T37,elev_doublet,clo_+0.1,dynamic,4,0.75,0.75,4,1.0,1.0,1.0,1.0,0.75,4
T37,elev_doublet,clo_+0.1,static,4,0.75,0.75,4,1.0,1.0,1.0,,,4
T37,elev_step,inertia_x1.6,dynamic,0,,,0,,,,,,0
T37,elev_step,inertia_x1.6,static,0,,,0,,,,,,0
T37,elev_step,cmq_x0.5,dynamic,0,,,0,,,,,,0
T37,elev_step,cmq_x0.5,static,0,,,0,,,,,,0
T37,elev_step,cmalpha_x0.7,dynamic,4,0.5,0.5,4,1.0,1.0,1.0,1.0,0.6,4
T37,elev_step,cmalpha_x0.7,static,4,0.5,0.5,4,1.0,1.0,1.0,,,4
T37,elev_step,clo_+0.1,dynamic,7,0.2857142857142857,0.42857142857142855,7,1.0,1.0,1.0,1.0,0.8571428571428571,7
T37,elev_step,clo_+0.1,static,7,0.14285714285714285,0.5714285714285714,7,1.0,1.0,1.0,,,7
T37,aileron_step,inertia_x1.6,dynamic,1,1.0,1.0,1,1.0,1.0,1.0,1.0,0.0,0
T37,aileron_step,inertia_x1.6,static,1,0.0,1.0,1,1.0,1.0,1.0,,,0
T37,aileron_step,cmq_x0.5,dynamic,0,,,0,,,,,,0
T37,aileron_step,cmq_x0.5,static,0,,,0,,,,,,0
T37,aileron_step,cmalpha_x0.7,dynamic,9,0.4444444444444444,0.8888888888888888,9,1.0,1.0,1.0,1.0,0.5888888888888889,9
T37,aileron_step,cmalpha_x0.7,static,9,0.3333333333333333,0.6666666666666666,9,1.0,1.0,1.0,,,9
T37,aileron_step,clo_+0.1,dynamic,3,0.6666666666666666,0.6666666666666666,3,1.0,1.0,1.0,1.0,0.4666666666666666,3
T37,aileron_step,clo_+0.1,static,3,1.0,1.0,3,1.0,1.0,1.0,,,3
T37,rudder_doublet,inertia_x1.6,dynamic,0,,,0,,,,,,0
T37,rudder_doublet,inertia_x1.6,static,0,,,0,,,,,,0
T37,rudder_doublet,cmq_x0.5,dynamic,0,,,0,,,,,,0
T37,rudder_doublet,cmq_x0.5,static,0,,,0,,,,,,0
T37,rudder_doublet,cmalpha_x0.7,dynamic,4,0.0,0.5,4,1.0,1.0,1.0,0.5,0.925,4
T37,rudder_doublet,cmalpha_x0.7,static,4,0.0,1.0,4,1.0,1.0,1.0,,,4
T37,rudder_doublet,clo_+0.1,dynamic,7,0.7142857142857143,0.8571428571428571,7,1.0,1.0,1.0,0.8571428571428571,0.7285714285714285,7
T37,rudder_doublet,clo_+0.1,static,7,0.5714285714285714,0.8571428571428571,7,1.0,1.0,1.0,,,7
T37,bank_hold,inertia_x1.6,dynamic,0,,,0,,,,,,0
T37,bank_hold,inertia_x1.6,static,0,,,0,,,,,,0
T37,bank_hold,cmq_x0.5,dynamic,1,0.0,0.0,1,1.0,1.0,1.0,1.0,0.3,0
T37,bank_hold,cmq_x0.5,static,1,0.0,0.0,1,1.0,1.0,1.0,,,0
T37,bank_hold,cmalpha_x0.7,dynamic,1,0.0,0.0,1,1.0,1.0,1.0,1.0,1.0,1
T37,bank_hold,cmalpha_x0.7,static,1,0.0,0.0,1,1.0,1.0,1.0,,,1
T37,bank_hold,clo_+0.1,dynamic,8,0.125,0.875,8,1.0,1.0,1.0,0.875,1.0,8
T37,bank_hold,clo_+0.1,static,8,0.625,0.75,8,1.0,1.0,1.0,,,8
T37,flap_extend,inertia_x1.6,dynamic,0,,,0,,,,,,0
T37,flap_extend,inertia_x1.6,static,0,,,0,,,,,,0
T37,flap_extend,cmq_x0.5,dynamic,7,0.5714285714285714,0.8571428571428571,7,1.0,1.0,1.0,1.0,0.4,0
T37,flap_extend,cmq_x0.5,static,7,0.0,0.0,7,1.0,1.0,1.0,,,0
T37,flap_extend,cmalpha_x0.7,dynamic,0,,,0,,,,,,0
T37,flap_extend,cmalpha_x0.7,static,0,,,0,,,,,,0
T37,flap_extend,clo_+0.1,dynamic,6,0.3333333333333333,0.6666666666666666,6,1.0,1.0,1.0,0.8333333333333334,0.5666666666666668,6
T37,flap_extend,clo_+0.1,static,6,0.16666666666666666,0.3333333333333333,6,1.0,1.0,1.0,,,6
T37,engine_cut,inertia_x1.6,dynamic,0,,,0,,,,,,0
T37,engine_cut,inertia_x1.6,static,0,,,0,,,,,,0
T37,engine_cut,cmq_x0.5,dynamic,1,1.0,1.0,1,1.0,1.0,1.0,1.0,1.0,0
T37,engine_cut,cmq_x0.5,static,1,0.0,1.0,0,,,,,,0
T37,engine_cut,cmalpha_x0.7,dynamic,1,0.0,0.0,1,1.0,1.0,1.0,1.0,1.0,1
T37,engine_cut,cmalpha_x0.7,static,1,0.0,0.0,0,,,,,,1
T37,engine_cut,clo_+0.1,dynamic,6,0.8333333333333334,0.8333333333333334,6,1.0,1.0,1.0,1.0,1.0,6
T37,engine_cut,clo_+0.1,static,6,0.5,0.5,0,,,,,,6
T37,elev_doublet_distractor,inertia_x1.6,dynamic,0,,,0,,,,,,0
T37,elev_doublet_distractor,inertia_x1.6,static,0,,,0,,,,,,0
T37,elev_doublet_distractor,cmq_x0.5,dynamic,0,,,0,,,,,,0
T37,elev_doublet_distractor,cmq_x0.5,static,0,,,0,,,,,,0
T37,elev_doublet_distractor,cmalpha_x0.7,dynamic,4,0.75,1.0,4,0.0,0.75,0.75,0.25,0.5249999999999999,4
T37,elev_doublet_distractor,cmalpha_x0.7,static,4,0.75,1.0,4,0.25,0.75,0.75,,,4
T37,elev_doublet_distractor,clo_+0.1,dynamic,3,0.3333333333333333,0.3333333333333333,3,1.0,0.6666666666666666,0.6666666666666666,0.6666666666666666,0.2333333333333333,3
T37,elev_doublet_distractor,clo_+0.1,static,3,0.0,0.3333333333333333,3,0.6666666666666666,0.6666666666666666,0.6666666666666666,,,3
T38,throttle_step,inertia_x1.6,dynamic,0,,,0,,,,,,0
T38,throttle_step,inertia_x1.6,static,0,,,0,,,,,,0
T38,throttle_step,cmq_x0.5,dynamic,0,,,0,,,,,,0
T38,throttle_step,cmq_x0.5,static,0,,,0,,,,,,0
T38,throttle_step,cmalpha_x0.7,dynamic,3,0.6666666666666666,0.6666666666666666,3,0.0,1.0,1.0,0.0,1.0,3
T38,throttle_step,cmalpha_x0.7,static,3,0.6666666666666666,0.6666666666666666,3,0.0,1.0,1.0,,,3
T38,throttle_step,clo_+0.1,dynamic,11,0.2727272727272727,0.6363636363636364,11,0.0,1.0,1.0,0.7272727272727273,0.8,11
T38,throttle_step,clo_+0.1,static,11,0.45454545454545453,0.8181818181818182,11,0.0,1.0,1.0,,,11
T38,elev_doublet,inertia_x1.6,dynamic,0,,,0,,,,,,0
T38,elev_doublet,inertia_x1.6,static,0,,,0,,,,,,0
T38,elev_doublet,cmq_x0.5,dynamic,0,,,0,,,,,,0
T38,elev_doublet,cmq_x0.5,static,0,,,0,,,,,,0
T38,elev_doublet,cmalpha_x0.7,dynamic,4,0.5,0.75,4,1.0,1.0,1.0,0.75,1.0,4
T38,elev_doublet,cmalpha_x0.7,static,4,0.5,1.0,4,1.0,1.0,1.0,,,4
T38,elev_doublet,clo_+0.1,dynamic,10,0.3,0.8,10,1.0,1.0,1.0,0.7,0.99,10
T38,elev_doublet,clo_+0.1,static,10,0.6,0.7,10,1.0,1.0,1.0,,,10
T38,elev_step,inertia_x1.6,dynamic,0,,,0,,,,,,0
T38,elev_step,inertia_x1.6,static,0,,,0,,,,,,0
T38,elev_step,cmq_x0.5,dynamic,2,0.0,0.0,2,1.0,1.0,1.0,1.0,1.0,0
T38,elev_step,cmq_x0.5,static,2,0.0,0.5,2,1.0,1.0,1.0,,,0
T38,elev_step,cmalpha_x0.7,dynamic,13,0.15384615384615385,0.6923076923076923,13,1.0,1.0,1.0,0.9230769230769231,1.0,13
T38,elev_step,cmalpha_x0.7,static,13,0.5384615384615384,0.8461538461538461,13,1.0,1.0,1.0,,,13
T38,elev_step,clo_+0.1,dynamic,12,0.6666666666666666,0.9166666666666666,12,1.0,1.0,1.0,0.6666666666666666,1.0,12
T38,elev_step,clo_+0.1,static,12,0.6666666666666666,0.8333333333333334,12,1.0,1.0,1.0,,,12
T38,aileron_step,inertia_x1.6,dynamic,0,,,0,,,,,,0
T38,aileron_step,inertia_x1.6,static,0,,,0,,,,,,0
T38,aileron_step,cmq_x0.5,dynamic,0,,,0,,,,,,0
T38,aileron_step,cmq_x0.5,static,0,,,0,,,,,,0
T38,aileron_step,cmalpha_x0.7,dynamic,5,0.6,1.0,5,1.0,1.0,1.0,1.0,1.0,5
T38,aileron_step,cmalpha_x0.7,static,5,0.8,0.8,5,1.0,1.0,1.0,,,5
T38,aileron_step,clo_+0.1,dynamic,7,0.8571428571428571,1.0,7,1.0,1.0,1.0,0.5714285714285714,1.0,7
T38,aileron_step,clo_+0.1,static,7,0.8571428571428571,0.8571428571428571,7,1.0,1.0,1.0,,,7
T38,rudder_doublet,inertia_x1.6,dynamic,0,,,0,,,,,,0
T38,rudder_doublet,inertia_x1.6,static,0,,,0,,,,,,0
T38,rudder_doublet,cmq_x0.5,dynamic,0,,,0,,,,,,0
T38,rudder_doublet,cmq_x0.5,static,0,,,0,,,,,,0
T38,rudder_doublet,cmalpha_x0.7,dynamic,7,0.0,0.7142857142857143,7,0.2857142857142857,1.0,1.0,0.42857142857142855,0.6571428571428573,7
T38,rudder_doublet,cmalpha_x0.7,static,7,0.0,1.0,7,0.2857142857142857,1.0,1.0,,,7
T38,rudder_doublet,clo_+0.1,dynamic,10,0.5,0.8,10,0.4,1.0,1.0,0.8,0.7499999999999999,10
T38,rudder_doublet,clo_+0.1,static,10,0.7,1.0,10,0.2,1.0,1.0,,,10
T38,bank_hold,inertia_x1.6,dynamic,1,0.0,1.0,1,1.0,1.0,1.0,0.0,0.9,0
T38,bank_hold,inertia_x1.6,static,1,0.0,0.0,1,1.0,1.0,1.0,,,0
T38,bank_hold,cmq_x0.5,dynamic,0,,,0,,,,,,0
T38,bank_hold,cmq_x0.5,static,0,,,0,,,,,,0
T38,bank_hold,cmalpha_x0.7,dynamic,4,0.5,0.75,4,1.0,1.0,1.0,0.75,1.0,4
T38,bank_hold,cmalpha_x0.7,static,4,0.75,1.0,4,1.0,1.0,1.0,,,4
T38,bank_hold,clo_+0.1,dynamic,10,0.4,0.7,10,1.0,1.0,1.0,0.8,1.0,10
T38,bank_hold,clo_+0.1,static,10,0.9,0.9,10,1.0,1.0,1.0,,,10
T38,flap_extend,inertia_x1.6,dynamic,0,,,0,,,,,,0
T38,flap_extend,inertia_x1.6,static,0,,,0,,,,,,0
T38,flap_extend,cmq_x0.5,dynamic,7,0.2857142857142857,0.8571428571428571,7,1.0,1.0,1.0,1.0,0.31746031746031755,0
T38,flap_extend,cmq_x0.5,static,7,0.14285714285714285,0.5714285714285714,7,1.0,1.0,1.0,,,0
T38,flap_extend,clo_+0.1,dynamic,13,0.5384615384615384,0.7692307692307693,13,0.15384615384615385,1.0,1.0,0.7692307692307693,0.5769230769230769,13
T38,flap_extend,clo_+0.1,static,13,0.46153846153846156,0.7692307692307693,13,0.15384615384615385,1.0,1.0,,,13
T38,engine_cut,inertia_x1.6,dynamic,5,0.2,0.2,5,1.0,1.0,1.0,1.0,0.06000000000000001,0
T38,engine_cut,inertia_x1.6,static,5,0.0,0.4,5,0.0,1.0,1.0,,,0
T38,engine_cut,cmq_x0.5,dynamic,5,0.2,0.6,5,0.6,1.0,1.0,0.8,0.4,0
T38,engine_cut,cmq_x0.5,static,5,0.2,0.4,5,0.0,1.0,1.0,,,0
T38,engine_cut,cmalpha_x0.7,dynamic,9,0.6666666666666666,0.8888888888888888,9,0.2222222222222222,1.0,1.0,1.0,0.7777777777777778,9
T38,engine_cut,cmalpha_x0.7,static,9,1.0,1.0,9,0.0,1.0,1.0,,,9
T38,engine_cut,clo_+0.1,dynamic,15,0.8,0.9333333333333333,15,0.13333333333333333,1.0,1.0,0.8666666666666667,0.8666666666666667,15
T38,engine_cut,clo_+0.1,static,15,1.0,1.0,15,0.0,1.0,1.0,,,15
T38,climbing_turn,inertia_x1.6,dynamic,1,0.0,1.0,1,1.0,0.0,0.0,0.0,0.75,0
T38,climbing_turn,inertia_x1.6,static,1,0.0,1.0,1,1.0,0.0,0.0,,,0
T38,climbing_turn,cmq_x0.5,dynamic,4,0.75,0.75,4,0.5,0.5,0.5,0.5,0.4444444444444444,0
T38,climbing_turn,cmq_x0.5,static,4,0.0,0.75,4,0.75,0.5,0.5,,,0
T38,climbing_turn,cmalpha_x0.7,dynamic,9,0.3333333333333333,0.7777777777777778,9,0.6666666666666666,0.3333333333333333,0.3333333333333333,0.4444444444444444,0.7638888888888888,9
T38,climbing_turn,cmalpha_x0.7,static,9,0.2222222222222222,0.7777777777777778,9,0.7777777777777778,0.3333333333333333,0.3333333333333333,,,9
T38,elev_doublet_distractor,inertia_x1.6,dynamic,0,,,0,,,,,,0
T38,elev_doublet_distractor,inertia_x1.6,static,0,,,0,,,,,,0
T38,elev_doublet_distractor,cmq_x0.5,dynamic,0,,,0,,,,,,0
T38,elev_doublet_distractor,cmq_x0.5,static,0,,,0,,,,,,0
T38,elev_doublet_distractor,cmalpha_x0.7,dynamic,6,0.5,1.0,6,0.8333333333333334,0.6666666666666666,0.6666666666666666,1.0,0.9499999999999998,6
T38,elev_doublet_distractor,cmalpha_x0.7,static,6,0.3333333333333333,1.0,6,0.5,0.6666666666666666,0.6666666666666666,,,6
T38,elev_doublet_distractor,clo_+0.1,dynamic,11,0.7272727272727273,0.9090909090909091,11,1.0,0.8181818181818182,0.8181818181818182,0.7272727272727273,0.9818181818181819,11
T38,elev_doublet_distractor,clo_+0.1,static,11,0.8181818181818182,1.0,11,0.8181818181818182,0.8181818181818182,0.8181818181818182,,,11
c172p,throttle_step,inertia_x1.6,dynamic,3,0.3333333333333333,0.3333333333333333,3,1.0,1.0,1.0,0.3333333333333333,1.0,0
c172p,throttle_step,inertia_x1.6,static,3,0.3333333333333333,0.6666666666666666,3,1.0,1.0,1.0,,,0
c172p,throttle_step,cmq_x0.5,dynamic,2,0.0,0.0,2,1.0,1.0,1.0,0.5,1.0,0
c172p,throttle_step,cmq_x0.5,static,2,0.0,0.5,2,1.0,1.0,1.0,,,0
c172p,throttle_step,cmalpha_x0.7,dynamic,1,0.0,0.0,1,1.0,1.0,1.0,1.0,1.0,0
c172p,throttle_step,cmalpha_x0.7,static,1,0.0,0.0,1,1.0,1.0,1.0,,,0
c172p,throttle_step,clo_+0.1,dynamic,3,0.0,0.3333333333333333,3,1.0,1.0,1.0,0.3333333333333333,1.0,3
c172p,throttle_step,clo_+0.1,static,3,0.0,0.3333333333333333,3,1.0,1.0,1.0,,,3
c172p,elev_doublet,inertia_x1.6,dynamic,3,0.0,0.3333333333333333,3,1.0,1.0,1.0,1.0,0.5666666666666668,0
c172p,elev_doublet,inertia_x1.6,static,3,0.0,0.3333333333333333,3,1.0,1.0,1.0,,,0
c172p,elev_doublet,cmq_x0.5,dynamic,3,0.0,0.3333333333333333,3,1.0,1.0,1.0,1.0,0.6666666666666666,0
c172p,elev_doublet,cmq_x0.5,static,3,0.0,0.6666666666666666,3,1.0,1.0,1.0,,,0
c172p,elev_doublet,cmalpha_x0.7,dynamic,1,0.0,0.0,1,1.0,1.0,1.0,1.0,0.7,0
c172p,elev_doublet,cmalpha_x0.7,static,1,0.0,0.0,1,1.0,1.0,1.0,,,0
c172p,elev_doublet,clo_+0.1,dynamic,3,0.3333333333333333,1.0,3,1.0,1.0,1.0,1.0,0.5666666666666668,3
c172p,elev_doublet,clo_+0.1,static,3,0.0,0.6666666666666666,3,1.0,1.0,1.0,,,3
c172p,elev_step,inertia_x1.6,dynamic,3,0.0,0.3333333333333333,3,1.0,1.0,1.0,1.0,0.5,0
c172p,elev_step,inertia_x1.6,static,3,0.3333333333333333,0.6666666666666666,3,1.0,1.0,1.0,,,0
c172p,elev_step,cmq_x0.5,dynamic,0,,,0,,,,,,0
c172p,elev_step,cmq_x0.5,static,0,,,0,,,,,,0
c172p,elev_step,cmalpha_x0.7,dynamic,2,0.0,0.5,2,1.0,1.0,1.0,1.0,0.5,0
c172p,elev_step,cmalpha_x0.7,static,2,0.0,0.0,2,1.0,1.0,1.0,,,0
c172p,elev_step,clo_+0.1,dynamic,6,0.0,0.0,6,1.0,1.0,1.0,1.0,0.5833333333333334,6
c172p,elev_step,clo_+0.1,static,6,0.0,0.16666666666666666,6,1.0,1.0,1.0,,,6
c172p,aileron_step,inertia_x1.6,dynamic,3,0.6666666666666666,0.6666666666666666,3,1.0,1.0,1.0,1.0,0.6,0
c172p,aileron_step,inertia_x1.6,static,3,0.0,0.6666666666666666,3,1.0,1.0,1.0,,,0
c172p,aileron_step,cmq_x0.5,dynamic,0,,,0,,,,,,0
c172p,aileron_step,cmq_x0.5,static,0,,,0,,,,,,0
c172p,aileron_step,cmalpha_x0.7,dynamic,1,0.0,0.0,1,1.0,1.0,1.0,0.0,0.6,0
c172p,aileron_step,cmalpha_x0.7,static,1,0.0,0.0,1,1.0,1.0,1.0,,,0
c172p,aileron_step,clo_+0.1,dynamic,2,0.0,0.5,2,1.0,1.0,1.0,0.5,0.55,2
c172p,aileron_step,clo_+0.1,static,2,0.0,0.5,2,1.0,1.0,1.0,,,2
c172p,rudder_doublet,inertia_x1.6,dynamic,3,0.3333333333333333,1.0,3,1.0,1.0,1.0,0.6666666666666666,0.3333333333333333,0
c172p,rudder_doublet,inertia_x1.6,static,3,0.0,0.3333333333333333,3,1.0,1.0,1.0,,,0
c172p,rudder_doublet,cmq_x0.5,dynamic,1,0.0,0.0,1,1.0,1.0,1.0,1.0,0.2,0
c172p,rudder_doublet,cmq_x0.5,static,1,0.0,0.0,1,1.0,1.0,1.0,,,0
c172p,rudder_doublet,cmalpha_x0.7,dynamic,1,0.0,1.0,1,1.0,1.0,1.0,0.0,0.6,0
c172p,rudder_doublet,cmalpha_x0.7,static,1,0.0,1.0,1,1.0,1.0,1.0,,,0
c172p,rudder_doublet,clo_+0.1,dynamic,4,0.25,0.5,4,1.0,1.0,1.0,0.75,0.30000000000000004,4
c172p,rudder_doublet,clo_+0.1,static,4,0.25,0.75,4,1.0,1.0,1.0,,,4
c172p,bank_hold,inertia_x1.6,dynamic,3,0.0,1.0,3,1.0,1.0,1.0,0.6666666666666666,0.3666666666666667,0
c172p,bank_hold,inertia_x1.6,static,3,0.0,0.6666666666666666,3,1.0,1.0,1.0,,,0
c172p,bank_hold,cmq_x0.5,dynamic,0,,,0,,,,,,0
c172p,bank_hold,cmq_x0.5,static,0,,,0,,,,,,0
c172p,bank_hold,cmalpha_x0.7,dynamic,1,0.0,1.0,1,1.0,1.0,1.0,0.0,0.4,0
c172p,bank_hold,cmalpha_x0.7,static,1,0.0,0.0,1,1.0,1.0,1.0,,,0
c172p,bank_hold,clo_+0.1,dynamic,2,0.5,1.0,2,1.0,1.0,1.0,0.5,0.1,2
c172p,bank_hold,clo_+0.1,static,2,0.5,1.0,2,1.0,1.0,1.0,,,2
c172p,flap_extend,inertia_x1.6,dynamic,2,0.0,0.0,2,1.0,1.0,1.0,1.0,0.6,0
c172p,flap_extend,inertia_x1.6,static,2,0.0,0.5,2,1.0,1.0,1.0,,,0
c172p,flap_extend,cmq_x0.5,dynamic,0,,,0,,,,,,0
c172p,flap_extend,cmq_x0.5,static,0,,,0,,,,,,0
c172p,flap_extend,cmalpha_x0.7,dynamic,11,0.09090909090909091,0.36363636363636365,11,1.0,1.0,1.0,0.7272727272727273,0.6636363636363636,0
c172p,flap_extend,cmalpha_x0.7,static,11,0.18181818181818182,0.5454545454545454,11,1.0,1.0,1.0,,,0
c172p,flap_extend,clo_+0.1,dynamic,3,0.0,0.0,3,1.0,1.0,1.0,1.0,0.5,3
c172p,flap_extend,clo_+0.1,static,3,0.0,0.3333333333333333,3,1.0,1.0,1.0,,,3
c172p,climbing_turn,inertia_x1.6,dynamic,3,0.0,0.0,3,0.3333333333333333,0.3333333333333333,0.3333333333333333,1.0,0.16666666666666666,0
c172p,climbing_turn,inertia_x1.6,static,3,0.0,0.6666666666666666,3,0.6666666666666666,0.3333333333333333,0.3333333333333333,,,0
c172p,climbing_turn,cmq_x0.5,dynamic,0,,,0,,,,,,0
c172p,climbing_turn,cmq_x0.5,static,0,,,0,,,,,,0
c172p,climbing_turn,cmalpha_x0.7,dynamic,5,0.0,0.2,5,0.6,1.0,1.0,1.0,0.13999999999999999,0
c172p,climbing_turn,cmalpha_x0.7,static,5,0.0,0.2,5,1.0,1.0,1.0,,,0
c172p,climbing_turn,clo_+0.1,dynamic,2,0.0,0.5,2,1.0,1.0,1.0,1.0,0.6,2
c172p,climbing_turn,clo_+0.1,static,2,0.0,0.5,2,1.0,1.0,1.0,,,2
c172p,elev_doublet_distractor,inertia_x1.6,dynamic,3,0.3333333333333333,0.6666666666666666,3,0.6666666666666666,0.3333333333333333,0.3333333333333333,1.0,0.06666666666666667,0
c172p,elev_doublet_distractor,inertia_x1.6,static,3,0.3333333333333333,0.6666666666666666,3,0.6666666666666666,0.3333333333333333,0.3333333333333333,,,0
c172p,elev_doublet_distractor,cmq_x0.5,dynamic,0,,,0,,,,,,0
c172p,elev_doublet_distractor,cmq_x0.5,static,0,,,0,,,,,,0
c172p,elev_doublet_distractor,cmalpha_x0.7,dynamic,3,0.3333333333333333,1.0,3,0.6666666666666666,0.3333333333333333,0.3333333333333333,0.3333333333333333,0.2333333333333333,0
c172p,elev_doublet_distractor,cmalpha_x0.7,static,3,0.0,1.0,3,0.6666666666666666,0.3333333333333333,0.3333333333333333,,,0
c172p,elev_doublet_distractor,clo_+0.1,dynamic,2,0.0,0.5,2,0.0,1.0,1.0,1.0,0.5,2
c172p,elev_doublet_distractor,clo_+0.1,static,2,0.5,0.5,2,0.5,1.0,1.0,,,2
c172p,engine_stop,inertia_x1.6,dynamic,2,0.0,1.0,2,1.0,1.0,1.0,0.0,1.0,0
c172p,engine_stop,inertia_x1.6,static,2,0.5,1.0,0,,,,,,0
c172p,engine_stop,cmq_x0.5,dynamic,1,0.0,1.0,1,1.0,1.0,1.0,0.0,1.0,0
c172p,engine_stop,cmq_x0.5,static,1,0.0,1.0,0,,,,,,0
c172p,engine_stop,cmalpha_x0.7,dynamic,1,0.0,0.0,1,1.0,1.0,1.0,1.0,1.0,0
c172p,engine_stop,cmalpha_x0.7,static,1,0.0,0.0,0,,,,,,0
c172p,engine_stop,clo_+0.1,dynamic,2,0.0,0.5,2,1.0,1.0,1.0,0.5,1.0,2
c172p,engine_stop,clo_+0.1,static,2,0.0,0.0,0,,,,,,2
c172r,throttle_step,inertia_x1.6,dynamic,3,0.0,1.0,3,1.0,1.0,1.0,0.0,1.0,0
c172r,throttle_step,inertia_x1.6,static,3,0.0,1.0,3,1.0,1.0,1.0,,,0
c172r,throttle_step,cmq_x0.5,dynamic,7,0.0,0.42857142857142855,7,1.0,1.0,1.0,0.5714285714285714,1.0,0
c172r,throttle_step,cmq_x0.5,static,7,0.0,0.7142857142857143,7,1.0,1.0,1.0,,,0
c172r,throttle_step,cmalpha_x0.7,dynamic,1,0.0,1.0,1,1.0,1.0,1.0,0.0,1.0,0
c172r,throttle_step,cmalpha_x0.7,static,1,0.0,1.0,1,1.0,1.0,1.0,,,0
c172r,throttle_step,clo_+0.1,dynamic,6,0.0,0.5,6,1.0,1.0,1.0,0.16666666666666666,1.0,6
c172r,throttle_step,clo_+0.1,static,6,0.16666666666666666,0.5,6,1.0,1.0,1.0,,,6
c172r,elev_doublet,inertia_x1.6,dynamic,2,0.0,0.0,2,1.0,1.0,1.0,0.5,0.6499999999999999,0
c172r,elev_doublet,inertia_x1.6,static,2,0.0,0.0,2,1.0,1.0,1.0,,,0
c172r,elev_doublet,cmq_x0.5,dynamic,0,,,0,,,,,,0
c172r,elev_doublet,cmq_x0.5,static,0,,,0,,,,,,0
c172r,elev_doublet,cmalpha_x0.7,dynamic,1,1.0,1.0,1,1.0,1.0,1.0,1.0,0.7,0
c172r,elev_doublet,cmalpha_x0.7,static,1,0.0,1.0,1,1.0,1.0,1.0,,,0
c172r,elev_doublet,clo_+0.1,dynamic,4,0.0,0.5,4,1.0,1.0,1.0,0.75,0.5,4
c172r,elev_doublet,clo_+0.1,static,4,0.0,0.75,4,1.0,1.0,1.0,,,4
c172r,elev_step,inertia_x1.6,dynamic,3,0.0,0.3333333333333333,3,1.0,1.0,1.0,0.3333333333333333,0.5666666666666668,0
c172r,elev_step,inertia_x1.6,static,3,0.0,0.6666666666666666,3,1.0,1.0,1.0,,,0
c172r,elev_step,cmq_x0.5,dynamic,3,0.0,0.3333333333333333,3,1.0,1.0,1.0,1.0,0.46666666666666673,0
c172r,elev_step,cmq_x0.5,static,3,0.0,1.0,3,1.0,1.0,1.0,,,0
c172r,elev_step,cmalpha_x0.7,dynamic,1,1.0,1.0,1,1.0,1.0,1.0,1.0,0.4,0
c172r,elev_step,cmalpha_x0.7,static,1,0.0,1.0,1,1.0,1.0,1.0,,,0
c172r,elev_step,clo_+0.1,dynamic,8,0.0,0.375,8,1.0,1.0,1.0,0.5,0.6,8
c172r,elev_step,clo_+0.1,static,8,0.0,0.375,8,1.0,1.0,1.0,,,8
c172r,aileron_step,inertia_x1.6,dynamic,2,0.0,0.5,2,1.0,1.0,1.0,1.0,0.15000000000000002,0
c172r,aileron_step,inertia_x1.6,static,2,0.0,0.5,2,1.0,1.0,1.0,,,0
c172r,aileron_step,cmq_x0.5,dynamic,0,,,0,,,,,,0
c172r,aileron_step,cmq_x0.5,static,0,,,0,,,,,,0
c172r,aileron_step,cmalpha_x0.7,dynamic,0,,,0,,,,,,0
c172r,aileron_step,cmalpha_x0.7,static,0,,,0,,,,,,0
c172r,aileron_step,clo_+0.1,dynamic,5,0.0,0.2,5,1.0,1.0,1.0,0.6,0.58,5
c172r,aileron_step,clo_+0.1,static,5,0.0,0.2,5,1.0,1.0,1.0,,,5
c172r,rudder_doublet,inertia_x1.6,dynamic,3,0.3333333333333333,0.6666666666666666,3,1.0,1.0,1.0,0.6666666666666666,0.39999999999999997,0
c172r,rudder_doublet,inertia_x1.6,static,3,0.0,0.6666666666666666,3,1.0,1.0,1.0,,,0
c172r,rudder_doublet,cmq_x0.5,dynamic,0,,,0,,,,,,0
c172r,rudder_doublet,cmq_x0.5,static,0,,,0,,,,,,0
c172r,rudder_doublet,cmalpha_x0.7,dynamic,1,0.0,0.0,1,1.0,1.0,1.0,0.0,0.2,1
c172r,rudder_doublet,cmalpha_x0.7,static,1,0.0,1.0,1,1.0,1.0,1.0,,,1
c172r,rudder_doublet,clo_+0.1,dynamic,1,0.0,0.0,1,1.0,1.0,1.0,1.0,0.4,1
c172r,rudder_doublet,clo_+0.1,static,1,0.0,0.0,1,1.0,1.0,1.0,,,1
c172r,bank_hold,inertia_x1.6,dynamic,2,0.0,0.5,2,1.0,1.0,1.0,1.0,0.2,0
c172r,bank_hold,inertia_x1.6,static,2,0.0,0.5,2,1.0,1.0,1.0,,,0
c172r,bank_hold,cmq_x0.5,dynamic,2,0.0,1.0,2,1.0,1.0,1.0,1.0,0.05,0
c172r,bank_hold,cmq_x0.5,static,2,0.0,0.5,2,1.0,1.0,1.0,,,0
c172r,bank_hold,cmalpha_x0.7,dynamic,1,0.0,1.0,1,1.0,1.0,1.0,0.0,0.6,0
c172r,bank_hold,cmalpha_x0.7,static,1,0.0,0.0,1,1.0,1.0,1.0,,,0
c172r,bank_hold,clo_+0.1,dynamic,3,0.0,0.6666666666666666,3,1.0,1.0,1.0,0.3333333333333333,0.3333333333333333,3
c172r,bank_hold,clo_+0.1,static,3,0.6666666666666666,0.6666666666666666,3,1.0,1.0,1.0,,,3
c172r,flap_extend,inertia_x1.6,dynamic,3,0.3333333333333333,0.6666666666666666,3,1.0,1.0,1.0,1.0,0.9333333333333332,0
c172r,flap_extend,inertia_x1.6,static,3,0.6666666666666666,0.6666666666666666,3,1.0,1.0,1.0,,,0
c172r,flap_extend,cmq_x0.5,dynamic,2,0.0,0.5,2,1.0,1.0,1.0,0.5,0.9,0
c172r,flap_extend,cmq_x0.5,static,2,0.0,0.0,2,1.0,1.0,1.0,,,0
c172r,flap_extend,cmalpha_x0.7,dynamic,13,0.15384615384615385,0.6923076923076923,13,1.0,1.0,1.0,0.46153846153846156,0.8615384615384616,0
c172r,flap_extend,cmalpha_x0.7,static,13,0.3076923076923077,0.6923076923076923,13,1.0,1.0,1.0,,,0
c172r,flap_extend,clo_+0.1,dynamic,1,0.0,0.0,1,1.0,1.0,1.0,1.0,0.2,1
c172r,flap_extend,clo_+0.1,static,1,0.0,0.0,1,1.0,1.0,1.0,,,1
c172r,climbing_turn,inertia_x1.6,dynamic,2,0.0,0.0,2,1.0,1.0,1.0,1.0,0.44999999999999996,0
c172r,climbing_turn,inertia_x1.6,static,2,0.0,0.0,2,1.0,1.0,1.0,,,0
c172r,climbing_turn,cmq_x0.5,dynamic,0,,,0,,,,,,0
c172r,climbing_turn,cmq_x0.5,static,0,,,0,,,,,,0
c172r,climbing_turn,cmalpha_x0.7,dynamic,2,1.0,1.0,2,1.0,0.0,0.0,1.0,0.2,0
c172r,climbing_turn,cmalpha_x0.7,static,2,0.0,0.5,2,1.0,0.0,0.0,,,0
c172r,climbing_turn,clo_+0.1,dynamic,8,0.875,1.0,8,0.5,0.875,0.875,0.875,0.15000000000000002,8
c172r,climbing_turn,clo_+0.1,static,8,0.25,0.625,8,0.625,0.875,0.875,,,8
c172r,elev_doublet_distractor,inertia_x1.6,dynamic,1,0.0,1.0,1,1.0,1.0,1.0,1.0,0.2,0
c172r,elev_doublet_distractor,inertia_x1.6,static,1,0.0,1.0,1,1.0,1.0,1.0,,,0
c172r,elev_doublet_distractor,cmq_x0.5,dynamic,3,0.6666666666666666,1.0,3,0.0,1.0,1.0,1.0,0.19999999999999998,0
c172r,elev_doublet_distractor,cmq_x0.5,static,3,0.0,0.6666666666666666,3,0.0,1.0,1.0,,,0
c172r,elev_doublet_distractor,cmalpha_x0.7,dynamic,1,1.0,1.0,1,1.0,1.0,1.0,1.0,0.4,0
c172r,elev_doublet_distractor,cmalpha_x0.7,static,1,0.0,0.0,1,1.0,1.0,1.0,,,0
c172r,elev_doublet_distractor,clo_+0.1,dynamic,8,0.25,0.875,8,0.875,0.75,0.75,0.75,0.375,8
c172r,elev_doublet_distractor,clo_+0.1,static,8,0.0,0.75,8,0.625,0.75,0.75,,,8
c172r,engine_stop,inertia_x1.6,dynamic,2,0.0,0.0,2,1.0,1.0,1.0,1.0,1.0,0
c172r,engine_stop,inertia_x1.6,static,2,0.0,0.0,0,,,,,,0
c172r,engine_stop,cmq_x0.5,dynamic,1,0.0,0.0,1,1.0,1.0,1.0,1.0,1.0,0
c172r,engine_stop,cmq_x0.5,static,1,0.0,0.0,0,,,,,,0
c172r,engine_stop,cmalpha_x0.7,dynamic,2,0.0,0.5,2,1.0,1.0,1.0,0.5,1.0,0
c172r,engine_stop,cmalpha_x0.7,static,2,0.0,0.0,0,,,,,,0
c172r,engine_stop,clo_+0.1,dynamic,8,0.125,0.375,8,1.0,1.0,1.0,1.0,1.0,8
c172r,engine_stop,clo_+0.1,static,8,0.375,0.625,0,,,,,,8
c182,throttle_step,inertia_x1.6,dynamic,8,0.25,0.75,8,1.0,1.0,1.0,0.875,1.0,0
c182,throttle_step,inertia_x1.6,static,8,0.0,0.625,8,1.0,1.0,1.0,,,0
c182,throttle_step,cmq_x0.5,dynamic,0,,,0,,,,,,0
c182,throttle_step,cmq_x0.5,static,0,,,0,,,,,,0
c182,throttle_step,cmalpha_x0.7,dynamic,5,0.0,0.8,5,1.0,1.0,1.0,1.0,1.0,0
c182,throttle_step,cmalpha_x0.7,static,5,0.0,0.8,5,1.0,1.0,1.0,,,0
c182,throttle_step,clo_+0.1,dynamic,8,0.0,0.625,8,1.0,1.0,1.0,1.0,1.0,8
c182,throttle_step,clo_+0.1,static,8,0.0,0.5,8,1.0,1.0,1.0,,,8
c182,elev_doublet,inertia_x1.6,dynamic,2,0.0,0.5,2,1.0,1.0,1.0,0.0,0.6,0
c182,elev_doublet,inertia_x1.6,static,2,0.0,0.5,2,1.0,1.0,1.0,,,0
c182,elev_doublet,cmq_x0.5,dynamic,0,,,0,,,,,,0
c182,elev_doublet,cmq_x0.5,static,0,,,0,,,,,,0
c182,elev_doublet,cmalpha_x0.7,dynamic,0,,,0,,,,,,0
c182,elev_doublet,cmalpha_x0.7,static,0,,,0,,,,,,0
c182,elev_doublet,clo_+0.1,dynamic,6,0.0,0.6666666666666666,6,1.0,1.0,1.0,0.3333333333333333,0.9833333333333334,6
c182,elev_doublet,clo_+0.1,static,6,0.0,0.3333333333333333,6,1.0,1.0,1.0,,,6
c182,elev_step,inertia_x1.6,dynamic,2,0.0,0.5,2,1.0,1.0,1.0,1.0,0.35,0
c182,elev_step,inertia_x1.6,static,2,0.0,0.0,2,1.0,1.0,1.0,,,0
c182,elev_step,cmq_x0.5,dynamic,1,0.0,1.0,1,1.0,1.0,1.0,1.0,0.0,0
c182,elev_step,cmq_x0.5,static,1,0.0,0.0,1,1.0,1.0,1.0,,,0
c182,elev_step,cmalpha_x0.7,dynamic,0,,,0,,,,,,0
c182,elev_step,cmalpha_x0.7,static,0,,,0,,,,,,0
c182,elev_step,clo_+0.1,dynamic,1,0.0,0.0,1,1.0,1.0,1.0,1.0,0.6,1
c182,elev_step,clo_+0.1,static,1,0.0,0.0,1,1.0,1.0,1.0,,,1
c182,aileron_step,inertia_x1.6,dynamic,2,0.5,1.0,2,1.0,1.0,1.0,1.0,0.5,0
c182,aileron_step,inertia_x1.6,static,2,0.0,1.0,2,1.0,1.0,1.0,,,0
c182,aileron_step,cmq_x0.5,dynamic,0,,,0,,,,,,0
c182,aileron_step,cmq_x0.5,static,0,,,0,,,,,,0
c182,aileron_step,cmalpha_x0.7,dynamic,0,,,0,,,,,,0
c182,aileron_step,cmalpha_x0.7,static,0,,,0,,,,,,0
c182,aileron_step,clo_+0.1,dynamic,3,0.0,0.6666666666666666,3,1.0,1.0,1.0,0.3333333333333333,0.39999999999999997,3
c182,aileron_step,clo_+0.1,static,3,0.0,0.6666666666666666,3,1.0,1.0,1.0,,,3
c182,rudder_doublet,inertia_x1.6,dynamic,0,,,0,,,,,,0
c182,rudder_doublet,inertia_x1.6,static,0,,,0,,,,,,0
c182,rudder_doublet,cmq_x0.5,dynamic,0,,,0,,,,,,0
c182,rudder_doublet,cmq_x0.5,static,0,,,0,,,,,,0
c182,rudder_doublet,cmalpha_x0.7,dynamic,0,,,0,,,,,,0
c182,rudder_doublet,cmalpha_x0.7,static,0,,,0,,,,,,0
c182,rudder_doublet,clo_+0.1,dynamic,3,0.3333333333333333,0.6666666666666666,3,1.0,1.0,1.0,0.3333333333333333,0.6666666666666666,3
c182,rudder_doublet,clo_+0.1,static,3,0.3333333333333333,0.6666666666666666,3,1.0,1.0,1.0,,,3
c182,bank_hold,inertia_x1.6,dynamic,0,,,0,,,,,,0
c182,bank_hold,inertia_x1.6,static,0,,,0,,,,,,0
c182,bank_hold,cmq_x0.5,dynamic,0,,,0,,,,,,0
c182,bank_hold,cmq_x0.5,static,0,,,0,,,,,,0
c182,bank_hold,cmalpha_x0.7,dynamic,0,,,0,,,,,,0
c182,bank_hold,cmalpha_x0.7,static,0,,,0,,,,,,0
c182,bank_hold,clo_+0.1,dynamic,5,0.6,0.8,5,1.0,1.0,1.0,0.6,0.86,5
c182,bank_hold,clo_+0.1,static,5,0.4,0.6,5,1.0,1.0,1.0,,,5
c182,climbing_turn,inertia_x1.6,dynamic,2,0.0,0.5,2,0.0,0.0,0.0,0.5,0.2,0
c182,climbing_turn,inertia_x1.6,static,2,0.5,0.5,2,0.0,0.0,0.0,,,0
c182,climbing_turn,cmq_x0.5,dynamic,0,,,0,,,,,,0
c182,climbing_turn,cmq_x0.5,static,0,,,0,,,,,,0
c182,climbing_turn,cmalpha_x0.7,dynamic,1,0.0,1.0,1,1.0,1.0,1.0,1.0,0.4,0
c182,climbing_turn,cmalpha_x0.7,static,1,0.0,1.0,1,1.0,1.0,1.0,,,0
c182,climbing_turn,clo_+0.1,dynamic,11,0.5454545454545454,0.9090909090909091,11,0.18181818181818182,0.9090909090909091,0.9090909090909091,0.9090909090909091,0.2545454545454545,11
c182,climbing_turn,clo_+0.1,static,11,0.45454545454545453,0.9090909090909091,11,0.09090909090909091,0.9090909090909091,0.9090909090909091,,,11
c182,elev_doublet_distractor,inertia_x1.6,dynamic,0,,,0,,,,,,0
c182,elev_doublet_distractor,inertia_x1.6,static,0,,,0,,,,,,0
c182,elev_doublet_distractor,cmq_x0.5,dynamic,0,,,0,,,,,,0
c182,elev_doublet_distractor,cmq_x0.5,static,0,,,0,,,,,,0
c182,elev_doublet_distractor,cmalpha_x0.7,dynamic,0,,,0,,,,,,0
c182,elev_doublet_distractor,cmalpha_x0.7,static,0,,,0,,,,,,0
c182,elev_doublet_distractor,clo_+0.1,dynamic,3,0.3333333333333333,0.6666666666666666,3,0.0,1.0,1.0,1.0,1.0,3
c182,elev_doublet_distractor,clo_+0.1,static,3,0.0,0.6666666666666666,3,0.0,1.0,1.0,,,3
c182,engine_stop,inertia_x1.6,dynamic,1,0.0,1.0,1,1.0,1.0,1.0,1.0,1.0,0
c182,engine_stop,inertia_x1.6,static,1,0.0,0.0,0,,,,,,0
c182,engine_stop,cmq_x0.5,dynamic,0,,,0,,,,,,0
c182,engine_stop,cmq_x0.5,static,0,,,0,,,,,,0
c182,engine_stop,cmalpha_x0.7,dynamic,0,,,0,,,,,,0
c182,engine_stop,cmalpha_x0.7,static,0,,,0,,,,,,0
c182,engine_stop,clo_+0.1,dynamic,4,0.0,0.75,4,1.0,1.0,1.0,1.0,1.0,4
c182,engine_stop,clo_+0.1,static,4,0.25,0.75,0,,,,,,4
c310,throttle_step,inertia_x1.6,dynamic,0,,,0,,,,,,0
c310,throttle_step,inertia_x1.6,static,0,,,0,,,,,,0
c310,throttle_step,cmq_x0.5,dynamic,0,,,0,,,,,,0
c310,throttle_step,cmq_x0.5,static,0,,,0,,,,,,0
c310,throttle_step,cmalpha_x0.7,dynamic,1,1.0,1.0,1,1.0,1.0,1.0,1.0,1.0,1
c310,throttle_step,cmalpha_x0.7,static,1,0.0,0.0,1,1.0,1.0,1.0,,,1
c310,throttle_step,clo_+0.1,dynamic,0,,,0,,,,,,0
c310,throttle_step,clo_+0.1,static,0,,,0,,,,,,0
c310,elev_doublet,inertia_x1.6,dynamic,0,,,0,,,,,,0
c310,elev_doublet,inertia_x1.6,static,0,,,0,,,,,,0
c310,elev_doublet,cmq_x0.5,dynamic,0,,,0,,,,,,0
c310,elev_doublet,cmq_x0.5,static,0,,,0,,,,,,0
c310,elev_doublet,cmalpha_x0.7,dynamic,1,0.0,1.0,1,1.0,1.0,1.0,0.0,0.2222222222222222,0
c310,elev_doublet,cmalpha_x0.7,static,1,0.0,0.0,1,1.0,1.0,1.0,,,0
c310,elev_doublet,clo_+0.1,dynamic,2,0.0,1.0,2,1.0,1.0,1.0,0.5,0.44999999999999996,2
c310,elev_doublet,clo_+0.1,static,2,0.0,0.5,2,1.0,1.0,1.0,,,2
c310,elev_step,inertia_x1.6,dynamic,0,,,0,,,,,,0
c310,elev_step,inertia_x1.6,static,0,,,0,,,,,,0
c310,elev_step,cmq_x0.5,dynamic,0,,,0,,,,,,0
c310,elev_step,cmq_x0.5,static,0,,,0,,,,,,0
c310,elev_step,cmalpha_x0.7,dynamic,0,,,0,,,,,,0
c310,elev_step,cmalpha_x0.7,static,0,,,0,,,,,,0
c310,elev_step,clo_+0.1,dynamic,2,0.0,0.5,2,1.0,1.0,1.0,0.0,0.2777777777777778,2
c310,elev_step,clo_+0.1,static,2,0.0,0.5,2,1.0,1.0,1.0,,,2
c310,aileron_step,inertia_x1.6,dynamic,2,0.5,0.5,2,1.0,1.0,1.0,0.0,0.6,0
c310,aileron_step,inertia_x1.6,static,2,0.0,0.5,2,1.0,1.0,1.0,,,0
c310,aileron_step,cmq_x0.5,dynamic,3,0.3333333333333333,0.3333333333333333,3,1.0,1.0,1.0,0.0,0.5666666666666667,0
c310,aileron_step,cmq_x0.5,static,3,0.0,0.3333333333333333,3,1.0,1.0,1.0,,,0
c310,aileron_step,cmalpha_x0.7,dynamic,1,1.0,1.0,1,1.0,1.0,1.0,1.0,0.2,1
c310,aileron_step,cmalpha_x0.7,static,1,0.0,1.0,1,1.0,1.0,1.0,,,1
c310,aileron_step,clo_+0.1,dynamic,4,0.5,0.5,4,1.0,1.0,1.0,0.5,0.375,4
c310,aileron_step,clo_+0.1,static,4,0.5,1.0,4,1.0,1.0,1.0,,,4
c310,rudder_doublet,inertia_x1.6,dynamic,1,0.0,0.0,1,1.0,1.0,1.0,1.0,0.4,0
c310,rudder_doublet,inertia_x1.6,static,1,0.0,1.0,1,1.0,1.0,1.0,,,0
c310,rudder_doublet,cmq_x0.5,dynamic,0,,,0,,,,,,0
c310,rudder_doublet,cmq_x0.5,static,0,,,0,,,,,,0
c310,rudder_doublet,cmalpha_x0.7,dynamic,1,0.0,1.0,1,1.0,1.0,1.0,0.0,0.7,1
c310,rudder_doublet,cmalpha_x0.7,static,1,0.0,1.0,1,1.0,1.0,1.0,,,1
c310,rudder_doublet,clo_+0.1,dynamic,10,0.0,0.2,10,1.0,1.0,1.0,0.4,0.35,10
c310,rudder_doublet,clo_+0.1,static,10,0.1,0.3,10,1.0,1.0,1.0,,,10
c310,bank_hold,inertia_x1.6,dynamic,1,0.0,1.0,1,1.0,1.0,1.0,0.0,0.6,0
c310,bank_hold,inertia_x1.6,static,1,1.0,1.0,1,1.0,1.0,1.0,,,0
c310,bank_hold,cmq_x0.5,dynamic,0,,,0,,,,,,0
c310,bank_hold,cmq_x0.5,static,0,,,0,,,,,,0
c310,bank_hold,cmalpha_x0.7,dynamic,0,,,0,,,,,,0
c310,bank_hold,cmalpha_x0.7,static,0,,,0,,,,,,0
c310,bank_hold,clo_+0.1,dynamic,3,0.0,0.3333333333333333,3,1.0,1.0,1.0,0.3333333333333333,0.6000000000000001,3
c310,bank_hold,clo_+0.1,static,3,0.0,0.6666666666666666,3,1.0,1.0,1.0,,,3
c310,flap_extend,inertia_x1.6,dynamic,0,,,0,,,,,,0
c310,flap_extend,inertia_x1.6,static,0,,,0,,,,,,0
c310,flap_extend,cmq_x0.5,dynamic,0,,,0,,,,,,0
c310,flap_extend,cmq_x0.5,static,0,,,0,,,,,,0
c310,flap_extend,cmalpha_x0.7,dynamic,13,0.07692307692307693,0.38461538461538464,13,1.0,1.0,1.0,0.8461538461538461,0.5384615384615384,13
c310,flap_extend,cmalpha_x0.7,static,13,0.15384615384615385,0.6923076923076923,13,1.0,1.0,1.0,,,13
c310,flap_extend,clo_+0.1,dynamic,1,0.0,1.0,1,1.0,1.0,1.0,0.0,0.6,1
c310,flap_extend,clo_+0.1,static,1,0.0,0.0,1,1.0,1.0,1.0,,,1
c310,engine_cut,inertia_x1.6,dynamic,1,0.0,1.0,1,1.0,1.0,1.0,1.0,1.0,0
c310,engine_cut,inertia_x1.6,static,1,0.0,1.0,0,,,,,,0
c310,engine_cut,cmq_x0.5,dynamic,8,0.375,0.875,8,1.0,1.0,1.0,1.0,1.0,0
c310,engine_cut,cmq_x0.5,static,8,0.125,0.375,0,,,,,,0
c310,engine_cut,cmalpha_x0.7,dynamic,0,,,0,,,,,,0
c310,engine_cut,cmalpha_x0.7,static,0,,,0,,,,,,0
c310,engine_cut,clo_+0.1,dynamic,3,0.3333333333333333,0.3333333333333333,3,1.0,1.0,1.0,1.0,1.0,3
c310,engine_cut,clo_+0.1,static,3,0.0,0.6666666666666666,0,,,,,,3
c310,climbing_turn,inertia_x1.6,dynamic,0,,,0,,,,,,0
c310,climbing_turn,inertia_x1.6,static,0,,,0,,,,,,0
c310,climbing_turn,cmq_x0.5,dynamic,6,0.6666666666666666,0.8333333333333334,6,0.5,0.6666666666666666,0.6666666666666666,0.3333333333333333,0.06666666666666667,0
c310,climbing_turn,cmq_x0.5,static,6,0.3333333333333333,0.6666666666666666,6,1.0,0.6666666666666666,0.6666666666666666,,,0
c310,climbing_turn,cmalpha_x0.7,dynamic,0,,,0,,,,,,0
c310,climbing_turn,cmalpha_x0.7,static,0,,,0,,,,,,0
c310,climbing_turn,clo_+0.1,dynamic,2,0.5,1.0,2,0.5,0.5,0.5,0.5,0.15000000000000002,2
c310,climbing_turn,clo_+0.1,static,2,1.0,1.0,2,0.5,0.5,0.5,,,2
c310,elev_doublet_distractor,inertia_x1.6,dynamic,0,,,0,,,,,,0
c310,elev_doublet_distractor,inertia_x1.6,static,0,,,0,,,,,,0
c310,elev_doublet_distractor,cmq_x0.5,dynamic,0,,,0,,,,,,0
c310,elev_doublet_distractor,cmq_x0.5,static,0,,,0,,,,,,0
c310,elev_doublet_distractor,cmalpha_x0.7,dynamic,1,0.0,1.0,1,1.0,1.0,1.0,1.0,0.4444444444444444,0
c310,elev_doublet_distractor,cmalpha_x0.7,static,1,1.0,1.0,1,1.0,1.0,1.0,,,0
c310,elev_doublet_distractor,clo_+0.1,dynamic,6,0.3333333333333333,0.8333333333333334,6,0.16666666666666666,1.0,1.0,0.0,0.03333333333333333,6
c310,elev_doublet_distractor,clo_+0.1,static,6,0.16666666666666666,0.6666666666666666,6,0.0,1.0,1.0,,,6
c310,engine_stop,inertia_x1.6,dynamic,2,0.5,0.5,2,1.0,1.0,1.0,0.0,1.0,0
c310,engine_stop,inertia_x1.6,static,2,0.0,0.0,0,,,,,,0
c310,engine_stop,cmq_x0.5,dynamic,1,0.0,1.0,1,1.0,1.0,1.0,0.0,1.0,0
c310,engine_stop,cmq_x0.5,static,1,0.0,1.0,0,,,,,,0
c310,engine_stop,cmalpha_x0.7,dynamic,0,,,0,,,,,,0
c310,engine_stop,cmalpha_x0.7,static,0,,,0,,,,,,0
c310,engine_stop,clo_+0.1,dynamic,2,0.0,1.0,2,1.0,1.0,1.0,0.5,1.0,2
c310,engine_stop,clo_+0.1,static,2,0.0,0.0,0,,,,,,2
f15,throttle_step,inertia_x1.6,dynamic,0,,,0,,,,,,0
f15,throttle_step,inertia_x1.6,static,0,,,0,,,,,,0
f15,throttle_step,cmq_x0.5,dynamic,1,0.0,1.0,1,1.0,1.0,1.0,0.0,1.0,0
f15,throttle_step,cmq_x0.5,static,1,0.0,1.0,1,1.0,1.0,1.0,,,0
f15,throttle_step,cmalpha_x0.7,dynamic,11,0.5454545454545454,0.9090909090909091,11,0.8181818181818182,1.0,1.0,0.36363636363636365,0.8181818181818182,11
f15,throttle_step,cmalpha_x0.7,static,11,0.45454545454545453,0.7272727272727273,11,0.8181818181818182,1.0,1.0,,,11
f15,throttle_step,clo_+0.1,dynamic,19,0.631578947368421,0.8421052631578947,19,0.05263157894736842,1.0,1.0,0.5263157894736842,0.6631578947368422,19
f15,throttle_step,clo_+0.1,static,19,0.3684210526315789,0.5263157894736842,19,0.0,1.0,1.0,,,19
f15,elev_doublet,inertia_x1.6,dynamic,1,0.0,0.0,1,1.0,1.0,1.0,1.0,0.9,0
f15,elev_doublet,inertia_x1.6,static,1,0.0,0.0,1,1.0,1.0,1.0,,,0
f15,elev_doublet,cmq_x0.5,dynamic,2,0.0,1.0,2,1.0,1.0,1.0,0.0,0.65,0
f15,elev_doublet,cmq_x0.5,static,2,0.5,1.0,2,1.0,1.0,1.0,,,0
f15,elev_doublet,cmalpha_x0.7,dynamic,15,0.4666666666666667,0.8666666666666667,15,1.0,1.0,1.0,0.6,0.5066666666666667,15
f15,elev_doublet,cmalpha_x0.7,static,15,0.4666666666666667,0.8666666666666667,15,1.0,1.0,1.0,,,15
f15,elev_doublet,clo_+0.1,dynamic,22,0.5,0.6818181818181818,22,0.9090909090909091,1.0,1.0,0.5,0.9181818181818181,22
f15,elev_doublet,clo_+0.1,static,22,0.3181818181818182,0.5,21,1.0,1.0,1.0,,,21
f15,elev_step,inertia_x1.6,dynamic,0,,,0,,,,,,0
f15,elev_step,inertia_x1.6,static,0,,,0,,,,,,0
f15,elev_step,cmq_x0.5,dynamic,0,,,0,,,,,,0
f15,elev_step,cmq_x0.5,static,0,,,0,,,,,,0
f15,elev_step,cmalpha_x0.7,dynamic,11,0.36363636363636365,0.8181818181818182,11,0.9090909090909091,1.0,1.0,0.5454545454545454,0.6,11
f15,elev_step,cmalpha_x0.7,static,11,0.2727272727272727,0.6363636363636364,11,0.9090909090909091,1.0,1.0,,,11
f15,elev_step,clo_+0.1,dynamic,18,0.7777777777777778,0.7777777777777778,18,0.8888888888888888,1.0,1.0,0.6111111111111112,0.8888888888888888,18
f15,elev_step,clo_+0.1,static,18,0.4444444444444444,0.4444444444444444,18,0.9444444444444444,1.0,1.0,,,18
f15,aileron_step,inertia_x1.6,dynamic,0,,,0,,,,,,0
f15,aileron_step,inertia_x1.6,static,0,,,0,,,,,,0
f15,aileron_step,cmq_x0.5,dynamic,0,,,0,,,,,,0
f15,aileron_step,cmq_x0.5,static,0,,,0,,,,,,0
f15,aileron_step,cmalpha_x0.7,dynamic,9,0.8888888888888888,0.8888888888888888,9,1.0,1.0,1.0,0.2222222222222222,0.3888888888888889,9
f15,aileron_step,cmalpha_x0.7,static,9,0.4444444444444444,0.6666666666666666,9,1.0,1.0,1.0,,,9
f15,aileron_step,clo_+0.1,dynamic,13,0.7692307692307693,0.8461538461538461,13,0.9230769230769231,1.0,1.0,0.38461538461538464,0.4692307692307693,13
f15,aileron_step,clo_+0.1,static,13,0.5384615384615384,0.6923076923076923,13,1.0,1.0,1.0,,,13
f15,rudder_doublet,inertia_x1.6,dynamic,0,,,0,,,,,,0
f15,rudder_doublet,inertia_x1.6,static,0,,,0,,,,,,0
f15,rudder_doublet,cmq_x0.5,dynamic,1,0.0,1.0,1,1.0,1.0,1.0,1.0,1.0,0
f15,rudder_doublet,cmq_x0.5,static,1,0.0,1.0,1,1.0,1.0,1.0,,,0
f15,rudder_doublet,cmalpha_x0.7,dynamic,7,0.7142857142857143,0.7142857142857143,7,1.0,1.0,1.0,1.0,1.0,7
f15,rudder_doublet,cmalpha_x0.7,static,7,0.5714285714285714,0.7142857142857143,7,1.0,1.0,1.0,,,7
f15,rudder_doublet,clo_+0.1,dynamic,16,0.625,0.8125,16,1.0,1.0,1.0,1.0,0.675,16
f15,rudder_doublet,clo_+0.1,static,16,0.375,0.625,16,1.0,1.0,1.0,,,16
f15,bank_hold,inertia_x1.6,dynamic,1,0.0,1.0,1,0.0,1.0,1.0,0.0,0.0,0
f15,bank_hold,inertia_x1.6,static,1,0.0,1.0,1,1.0,1.0,1.0,,,0
f15,bank_hold,cmq_x0.5,dynamic,1,0.0,0.0,1,1.0,1.0,1.0,0.0,0.4,0
f15,bank_hold,cmq_x0.5,static,1,0.0,0.0,1,1.0,1.0,1.0,,,0
f15,bank_hold,cmalpha_x0.7,dynamic,9,0.8888888888888888,0.8888888888888888,9,1.0,1.0,1.0,0.2222222222222222,0.911111111111111,9
f15,bank_hold,cmalpha_x0.7,static,9,0.4444444444444444,0.7777777777777778,9,1.0,1.0,1.0,,,9
f15,bank_hold,clo_+0.1,dynamic,16,0.8125,0.875,16,0.75,1.0,1.0,0.5,0.7625,16
f15,bank_hold,clo_+0.1,static,16,0.5,0.6875,16,0.875,1.0,1.0,,,16
f15,flap_extend,inertia_x1.6,dynamic,0,,,0,,,,,,0
f15,flap_extend,inertia_x1.6,static,0,,,0,,,,,,0
f15,flap_extend,cmq_x0.5,dynamic,0,,,0,,,,,,0
f15,flap_extend,cmq_x0.5,static,0,,,0,,,,,,0
f15,flap_extend,cmalpha_x0.7,dynamic,7,1.0,1.0,7,0.0,1.0,1.0,0.14285714285714285,0.014285714285714287,7
f15,flap_extend,cmalpha_x0.7,static,7,0.42857142857142855,1.0,7,0.0,1.0,1.0,,,7
f15,flap_extend,clo_+0.1,dynamic,16,0.6875,1.0,16,0.0625,1.0,1.0,0.4375,0.48125,16
f15,flap_extend,clo_+0.1,static,16,0.5625,0.8125,16,0.125,1.0,1.0,,,16
f15,engine_cut,inertia_x1.6,dynamic,1,0.0,1.0,1,0.0,1.0,1.0,0.0,0.8,0
f15,engine_cut,inertia_x1.6,static,1,0.0,0.0,1,0.0,1.0,1.0,,,0
f15,engine_cut,cmq_x0.5,dynamic,0,,,0,,,,,,0
f15,engine_cut,cmq_x0.5,static,0,,,0,,,,,,0
f15,engine_cut,cmalpha_x0.7,dynamic,7,0.42857142857142855,0.5714285714285714,7,0.42857142857142855,1.0,1.0,0.5714285714285714,0.42857142857142855,7
f15,engine_cut,cmalpha_x0.7,static,7,0.2857142857142857,0.5714285714285714,7,0.0,1.0,1.0,,,7
f15,engine_cut,clo_+0.1,dynamic,20,0.95,0.95,20,0.1,1.0,1.0,0.6,0.595,20
f15,engine_cut,clo_+0.1,static,20,0.6,0.75,20,0.0,1.0,1.0,,,20
f15,climbing_turn,inertia_x1.6,dynamic,1,0.0,1.0,1,0.0,0.0,0.0,0.0,0.3,0
f15,climbing_turn,inertia_x1.6,static,1,0.0,1.0,1,0.0,0.0,0.0,,,0
f15,climbing_turn,cmq_x0.5,dynamic,1,1.0,1.0,1,0.0,0.0,0.0,0.0,0.3,0
f15,climbing_turn,cmq_x0.5,static,1,0.0,1.0,1,0.0,0.0,0.0,,,0
f15,climbing_turn,cmalpha_x0.7,dynamic,8,0.5,0.875,8,0.625,0.5,0.5,0.25,0.775,8
f15,climbing_turn,cmalpha_x0.7,static,8,0.5,0.625,8,0.625,0.5,0.5,,,8
f15,climbing_turn,clo_+0.1,dynamic,19,0.7894736842105263,0.8947368421052632,19,0.21052631578947367,0.5789473684210527,0.5789473684210527,0.3157894736842105,0.7315789473684211,19
f15,climbing_turn,clo_+0.1,static,19,0.8421052631578947,1.0,19,0.2631578947368421,0.5789473684210527,0.5789473684210527,,,19
f15,elev_doublet_distractor,inertia_x1.6,dynamic,0,,,0,,,,,,0
f15,elev_doublet_distractor,inertia_x1.6,static,0,,,0,,,,,,0
f15,elev_doublet_distractor,cmq_x0.5,dynamic,1,0.0,1.0,1,1.0,0.0,0.0,1.0,0.3,0
f15,elev_doublet_distractor,cmq_x0.5,static,1,0.0,1.0,1,1.0,0.0,0.0,,,0
f15,elev_doublet_distractor,cmalpha_x0.7,dynamic,9,0.6666666666666666,0.6666666666666666,9,0.4444444444444444,0.3333333333333333,0.3333333333333333,0.8888888888888888,0.5666666666666667,9
f15,elev_doublet_distractor,cmalpha_x0.7,static,9,0.3333333333333333,0.5555555555555556,9,0.3333333333333333,0.3333333333333333,0.3333333333333333,,,9
f15,elev_doublet_distractor,clo_+0.1,dynamic,17,0.7647058823529411,0.7647058823529411,17,0.7058823529411765,0.5882352941176471,0.5882352941176471,1.0,0.5235294117647059,17
f15,elev_doublet_distractor,clo_+0.1,static,17,0.5882352941176471,0.5882352941176471,16,0.375,0.5625,0.5625,,,16
f15,engine_restart,inertia_x1.6,dynamic,0,,,0,,,,,,0
f15,engine_restart,inertia_x1.6,static,0,,,0,,,,,,0
f15,engine_restart,cmq_x0.5,dynamic,0,,,0,,,,,,0
f15,engine_restart,cmq_x0.5,static,0,,,0,,,,,,0
f15,engine_restart,cmalpha_x0.7,dynamic,10,0.5,0.8,10,0.2,1.0,1.0,0.6,0.43,10
f15,engine_restart,cmalpha_x0.7,static,10,0.2,0.6,10,0.0,1.0,1.0,,,10
f15,engine_restart,clo_+0.1,dynamic,22,0.7272727272727273,0.8636363636363636,22,0.13636363636363635,1.0,1.0,0.5,0.4772727272727275,22
f15,engine_restart,clo_+0.1,static,22,0.5454545454545454,0.6818181818181818,22,0.09090909090909091,1.0,1.0,,,22
f16,throttle_step,inertia_x1.6,dynamic,1,1.0,1.0,1,0.0,1.0,1.0,0.0,0.0,0
f16,throttle_step,inertia_x1.6,static,1,1.0,1.0,1,1.0,1.0,1.0,,,0
f16,throttle_step,cmq_x0.5,dynamic,0,,,0,,,,,,0
f16,throttle_step,cmq_x0.5,static,0,,,0,,,,,,0
f16,throttle_step,cmalpha_x0.7,dynamic,1,0.0,0.0,1,1.0,1.0,1.0,1.0,0.7,0
f16,throttle_step,cmalpha_x0.7,static,1,0.0,1.0,1,1.0,1.0,1.0,,,0
f16,throttle_step,clo_+0.1,dynamic,4,0.75,0.75,4,0.0,1.0,1.0,0.5,0.475,4
f16,throttle_step,clo_+0.1,static,4,1.0,1.0,4,0.0,1.0,1.0,,,4
f16,elev_doublet,inertia_x1.6,dynamic,3,0.3333333333333333,1.0,3,1.0,1.0,1.0,0.3333333333333333,0.06666666666666667,0
f16,elev_doublet,inertia_x1.6,static,3,0.3333333333333333,1.0,3,0.3333333333333333,1.0,1.0,,,0
f16,elev_doublet,cmq_x0.5,dynamic,1,1.0,1.0,1,1.0,1.0,1.0,0.0,0.0,0
f16,elev_doublet,cmq_x0.5,static,1,0.0,1.0,1,0.0,1.0,1.0,,,0
f16,elev_doublet,cmalpha_x0.7,dynamic,0,,,0,,,,,,0
f16,elev_doublet,cmalpha_x0.7,static,0,,,0,,,,,,0
f16,elev_doublet,clo_+0.1,dynamic,15,0.6,0.8,15,1.0,1.0,1.0,0.2,0.4533333333333333,15
f16,elev_doublet,clo_+0.1,static,15,0.6666666666666666,0.9333333333333333,15,1.0,1.0,1.0,,,15
f16,aileron_step,inertia_x1.6,dynamic,4,0.25,0.75,4,0.5,1.0,1.0,0.25,0.25,0
f16,aileron_step,inertia_x1.6,static,4,0.25,0.5,4,0.5,1.0,1.0,,,0
f16,aileron_step,cmq_x0.5,dynamic,0,,,0,,,,,,0
f16,aileron_step,cmq_x0.5,static,0,,,0,,,,,,0
f16,aileron_step,cmalpha_x0.7,dynamic,3,0.3333333333333333,0.6666666666666666,3,1.0,1.0,1.0,1.0,1.0,0
f16,aileron_step,cmalpha_x0.7,static,3,0.3333333333333333,0.3333333333333333,3,1.0,1.0,1.0,,,0
f16,aileron_step,clo_+0.1,dynamic,7,0.5714285714285714,0.5714285714285714,7,1.0,1.0,1.0,0.7142857142857143,1.0,7
f16,aileron_step,clo_+0.1,static,7,0.42857142857142855,0.7142857142857143,7,1.0,1.0,1.0,,,7
f16,rudder_doublet,inertia_x1.6,dynamic,1,1.0,1.0,1,0.0,1.0,1.0,0.0,0.0,0
f16,rudder_doublet,inertia_x1.6,static,1,1.0,1.0,1,0.0,1.0,1.0,,,0
f16,rudder_doublet,cmq_x0.5,dynamic,0,,,0,,,,,,0
f16,rudder_doublet,cmq_x0.5,static,0,,,0,,,,,,0
f16,rudder_doublet,cmalpha_x0.7,dynamic,1,0.0,0.0,1,1.0,1.0,1.0,1.0,1.0,0
f16,rudder_doublet,cmalpha_x0.7,static,1,0.0,1.0,1,1.0,1.0,1.0,,,0
f16,rudder_doublet,clo_+0.1,dynamic,14,0.5,0.8571428571428571,14,0.5714285714285714,1.0,1.0,0.14285714285714285,0.49285714285714277,14
f16,rudder_doublet,clo_+0.1,static,14,0.42857142857142855,0.7142857142857143,14,1.0,1.0,1.0,,,14
f16,flap_extend,inertia_x1.6,dynamic,3,0.3333333333333333,0.6666666666666666,3,1.0,1.0,1.0,0.0,1.0,0
f16,flap_extend,inertia_x1.6,static,3,0.3333333333333333,0.3333333333333333,3,0.6666666666666666,1.0,1.0,,,0
f16,flap_extend,cmq_x0.5,dynamic,0,,,0,,,,,,0
f16,flap_extend,cmq_x0.5,static,0,,,0,,,,,,0
f16,flap_extend,cmalpha_x0.7,dynamic,0,,,0,,,,,,0
f16,flap_extend,cmalpha_x0.7,static,0,,,0,,,,,,0
f16,flap_extend,clo_+0.1,dynamic,6,0.5,0.8333333333333334,6,0.0,1.0,1.0,0.6666666666666666,0.18333333333333335,6
f16,flap_extend,clo_+0.1,static,6,0.5,0.5,6,0.0,1.0,1.0,,,6
f16,elev_doublet_distractor,inertia_x1.6,dynamic,3,0.3333333333333333,0.6666666666666666,3,0.6666666666666666,0.3333333333333333,0.3333333333333333,1.0,0.3666666666666667,0
f16,elev_doublet_distractor,inertia_x1.6,static,3,0.3333333333333333,1.0,3,1.0,0.3333333333333333,0.3333333333333333,,,0
f16,elev_doublet_distractor,cmq_x0.5,dynamic,0,,,0,,,,,,0
f16,elev_doublet_distractor,cmq_x0.5,static,0,,,0,,,,,,0
f16,elev_doublet_distractor,cmalpha_x0.7,dynamic,2,0.0,0.5,2,0.5,0.5,0.5,0.5,0.3,0
f16,elev_doublet_distractor,cmalpha_x0.7,static,2,0.0,1.0,2,0.5,0.5,0.5,,,0
f16,elev_doublet_distractor,clo_+0.1,dynamic,6,0.6666666666666666,0.6666666666666666,6,0.16666666666666666,0.8333333333333334,0.8333333333333334,0.3333333333333333,1.0,6
f16,elev_doublet_distractor,clo_+0.1,static,6,0.3333333333333333,0.3333333333333333,6,0.16666666666666666,0.8333333333333334,0.8333333333333334,,,6
global5000,throttle_step,inertia_x1.6,dynamic,0,,,0,,,,,,0
global5000,throttle_step,inertia_x1.6,static,0,,,0,,,,,,0
global5000,throttle_step,cmq_x0.5,dynamic,1,1.0,1.0,1,1.0,1.0,1.0,1.0,1.0,0
global5000,throttle_step,cmq_x0.5,static,1,0.0,1.0,1,1.0,1.0,1.0,,,0
global5000,throttle_step,cmalpha_x0.7,dynamic,8,0.375,0.625,8,1.0,1.0,1.0,1.0,1.0,8
global5000,throttle_step,cmalpha_x0.7,static,8,0.625,0.75,8,1.0,1.0,1.0,,,8
global5000,throttle_step,clo_+0.1,dynamic,7,0.7142857142857143,0.7142857142857143,7,1.0,1.0,1.0,1.0,1.0,7
global5000,throttle_step,clo_+0.1,static,7,0.42857142857142855,0.8571428571428571,7,0.8571428571428571,1.0,1.0,,,7
global5000,elev_doublet,inertia_x1.6,dynamic,5,0.0,0.6,5,1.0,1.0,1.0,1.0,0.45999999999999996,0
global5000,elev_doublet,inertia_x1.6,static,5,0.0,0.6,5,1.0,1.0,1.0,,,0
global5000,elev_doublet,cmq_x0.5,dynamic,4,0.0,0.25,4,1.0,1.0,1.0,1.0,0.7,0
global5000,elev_doublet,cmq_x0.5,static,4,0.0,0.5,4,1.0,1.0,1.0,,,0
global5000,elev_doublet,cmalpha_x0.7,dynamic,7,0.5714285714285714,1.0,7,1.0,1.0,1.0,0.2857142857142857,0.6285714285714284,7
global5000,elev_doublet,cmalpha_x0.7,static,7,0.5714285714285714,0.8571428571428571,7,1.0,1.0,1.0,,,7
global5000,elev_doublet,clo_+0.1,dynamic,7,0.2857142857142857,0.5714285714285714,7,1.0,1.0,1.0,0.7142857142857143,0.5999999999999999,7
global5000,elev_doublet,clo_+0.1,static,7,0.5714285714285714,0.7142857142857143,7,1.0,1.0,1.0,,,7
global5000,elev_step,inertia_x1.6,dynamic,1,1.0,1.0,1,1.0,1.0,1.0,1.0,0.6,0
global5000,elev_step,inertia_x1.6,static,1,1.0,1.0,1,1.0,1.0,1.0,,,0
global5000,elev_step,cmq_x0.5,dynamic,1,1.0,1.0,1,1.0,1.0,1.0,1.0,0.7,0
global5000,elev_step,cmq_x0.5,static,1,1.0,1.0,1,1.0,1.0,1.0,,,0
global5000,elev_step,cmalpha_x0.7,dynamic,8,0.25,0.875,8,1.0,1.0,1.0,1.0,0.6875,8
global5000,elev_step,cmalpha_x0.7,static,8,0.375,0.375,8,1.0,1.0,1.0,,,8
global5000,elev_step,clo_+0.1,dynamic,3,0.0,0.0,3,1.0,1.0,1.0,1.0,0.4000000000000001,3
global5000,elev_step,clo_+0.1,static,3,0.0,0.0,3,0.6666666666666666,1.0,1.0,,,3
global5000,aileron_step,inertia_x1.6,dynamic,0,,,0,,,,,,0
global5000,aileron_step,inertia_x1.6,static,0,,,0,,,,,,0
global5000,aileron_step,cmq_x0.5,dynamic,0,,,0,,,,,,0
global5000,aileron_step,cmq_x0.5,static,0,,,0,,,,,,0
global5000,aileron_step,cmalpha_x0.7,dynamic,4,0.75,0.75,4,1.0,1.0,1.0,0.75,1.0,4
global5000,aileron_step,cmalpha_x0.7,static,4,0.75,0.75,4,1.0,1.0,1.0,,,4
global5000,aileron_step,clo_+0.1,dynamic,6,0.6666666666666666,0.6666666666666666,6,1.0,1.0,1.0,0.8333333333333334,1.0,6
global5000,aileron_step,clo_+0.1,static,6,0.6666666666666666,0.6666666666666666,4,1.0,1.0,1.0,,,4
global5000,rudder_doublet,inertia_x1.6,dynamic,1,1.0,1.0,1,1.0,1.0,1.0,1.0,1.0,0
global5000,rudder_doublet,inertia_x1.6,static,1,0.0,1.0,1,1.0,1.0,1.0,,,0
global5000,rudder_doublet,cmq_x0.5,dynamic,0,,,0,,,,,,0
global5000,rudder_doublet,cmq_x0.5,static,0,,,0,,,,,,0
global5000,rudder_doublet,cmalpha_x0.7,dynamic,4,0.5,0.75,4,1.0,1.0,1.0,0.0,1.0,4
global5000,rudder_doublet,cmalpha_x0.7,static,4,0.75,0.75,4,1.0,1.0,1.0,,,4
global5000,rudder_doublet,clo_+0.1,dynamic,8,0.0,0.5,8,1.0,1.0,1.0,0.75,0.975,8
global5000,rudder_doublet,clo_+0.1,static,8,0.375,0.75,8,1.0,1.0,1.0,,,8
global5000,bank_hold,inertia_x1.6,dynamic,0,,,0,,,,,,0
global5000,bank_hold,inertia_x1.6,static,0,,,0,,,,,,0
global5000,bank_hold,cmq_x0.5,dynamic,5,0.0,0.4,5,1.0,1.0,1.0,0.8,0.24,0
global5000,bank_hold,cmq_x0.5,static,5,0.0,0.2,5,1.0,1.0,1.0,,,0
global5000,bank_hold,cmalpha_x0.7,dynamic,4,0.5,0.75,4,1.0,1.0,1.0,1.0,0.7749999999999999,4
global5000,bank_hold,cmalpha_x0.7,static,4,0.5,0.75,4,1.0,1.0,1.0,,,4
global5000,bank_hold,clo_+0.1,dynamic,7,0.14285714285714285,0.42857142857142855,7,1.0,1.0,1.0,0.7142857142857143,0.9,7
global5000,bank_hold,clo_+0.1,static,7,0.0,0.5714285714285714,6,1.0,1.0,1.0,,,6
global5000,flap_extend,inertia_x1.6,dynamic,3,0.3333333333333333,0.3333333333333333,3,1.0,1.0,1.0,0.3333333333333333,0.9,0
global5000,flap_extend,inertia_x1.6,static,3,0.0,0.6666666666666666,3,1.0,1.0,1.0,,,0
global5000,flap_extend,cmq_x0.5,dynamic,1,0.0,1.0,1,1.0,1.0,1.0,1.0,0.9,0
global5000,flap_extend,cmq_x0.5,static,1,0.0,1.0,1,1.0,1.0,1.0,,,0
global5000,flap_extend,cmalpha_x0.7,dynamic,5,0.0,1.0,5,1.0,1.0,1.0,0.8,0.6,5
global5000,flap_extend,cmalpha_x0.7,static,5,0.2,1.0,5,1.0,1.0,1.0,,,5
global5000,flap_extend,clo_+0.1,dynamic,5,0.0,1.0,5,1.0,1.0,1.0,0.8,0.72,5
global5000,flap_extend,clo_+0.1,static,5,0.4,0.6,5,1.0,1.0,1.0,,,5
global5000,engine_cut,inertia_x1.6,dynamic,0,,,0,,,,,,0
global5000,engine_cut,inertia_x1.6,static,0,,,0,,,,,,0
global5000,engine_cut,cmq_x0.5,dynamic,1,0.0,1.0,1,0.0,1.0,1.0,0.0,0.1,0
global5000,engine_cut,cmq_x0.5,static,1,0.0,0.0,1,0.0,1.0,1.0,,,0
global5000,engine_cut,cmalpha_x0.7,dynamic,12,0.3333333333333333,0.75,12,0.75,1.0,1.0,0.8333333333333334,0.7916666666666666,12
global5000,engine_cut,cmalpha_x0.7,static,12,0.3333333333333333,0.5833333333333334,12,0.0,1.0,1.0,,,12
global5000,engine_cut,clo_+0.1,dynamic,12,0.25,0.5833333333333334,12,0.6666666666666666,1.0,1.0,0.75,0.875,12
global5000,engine_cut,clo_+0.1,static,12,0.3333333333333333,0.5833333333333334,11,0.0,1.0,1.0,,,11
global5000,climbing_turn,inertia_x1.6,dynamic,0,,,0,,,,,,0
global5000,climbing_turn,inertia_x1.6,static,0,,,0,,,,,,0
global5000,climbing_turn,cmq_x0.5,dynamic,0,,,0,,,,,,0
global5000,climbing_turn,cmq_x0.5,static,0,,,0,,,,,,0
global5000,climbing_turn,cmalpha_x0.7,dynamic,5,0.0,0.4,5,0.6,0.8,0.8,0.8,0.24000000000000005,5
global5000,climbing_turn,cmalpha_x0.7,static,5,0.0,0.6,5,0.6,0.8,0.8,,,5
global5000,climbing_turn,clo_+0.1,dynamic,10,0.3,0.7,10,0.5,0.7,0.7,0.8,0.44000000000000006,10
global5000,climbing_turn,clo_+0.1,static,10,0.5,0.7,10,0.6,0.7,0.7,,,10
global5000,elev_doublet_distractor,inertia_x1.6,dynamic,6,0.0,0.5,6,1.0,1.0,1.0,0.8333333333333334,0.4833333333333334,0
global5000,elev_doublet_distractor,inertia_x1.6,static,6,0.16666666666666666,1.0,6,1.0,1.0,1.0,,,0
global5000,elev_doublet_distractor,cmq_x0.5,dynamic,5,0.2,1.0,5,1.0,1.0,1.0,0.8,0.36,0
global5000,elev_doublet_distractor,cmq_x0.5,static,5,0.0,0.8,5,1.0,1.0,1.0,,,0
global5000,elev_doublet_distractor,cmalpha_x0.7,dynamic,8,0.125,0.75,8,0.375,0.875,0.875,0.375,0.7375,8
global5000,elev_doublet_distractor,cmalpha_x0.7,static,8,0.25,0.75,8,0.375,0.875,0.875,,,8
global5000,elev_doublet_distractor,clo_+0.1,dynamic,12,0.5833333333333334,0.75,12,0.5833333333333334,1.0,1.0,0.6666666666666666,0.7583333333333333,12
global5000,elev_doublet_distractor,clo_+0.1,static,12,0.75,0.75,12,0.3333333333333333,1.0,1.0,,,12
global5000,engine_restart,inertia_x1.6,dynamic,0,,,0,,,,,,0
global5000,engine_restart,inertia_x1.6,static,0,,,0,,,,,,0
global5000,engine_restart,cmq_x0.5,dynamic,1,0.0,0.0,1,1.0,1.0,1.0,1.0,1.0,0
global5000,engine_restart,cmq_x0.5,static,1,0.0,0.0,1,1.0,1.0,1.0,,,0
global5000,engine_restart,cmalpha_x0.7,dynamic,10,0.3,0.8,10,1.0,1.0,1.0,1.0,0.9600000000000002,10
global5000,engine_restart,cmalpha_x0.7,static,10,0.2,0.2,10,1.0,1.0,1.0,,,10
global5000,engine_restart,clo_+0.1,dynamic,8,0.625,0.625,8,1.0,1.0,1.0,1.0,0.9125,8
global5000,engine_restart,clo_+0.1,static,8,0.625,0.625,8,1.0,1.0,1.0,,,8
pa28,throttle_step,inertia_x1.6,dynamic,3,0.0,0.6666666666666666,3,1.0,1.0,1.0,0.3333333333333333,0.6,0
pa28,throttle_step,inertia_x1.6,static,3,0.0,0.3333333333333333,3,1.0,1.0,1.0,,,0
pa28,throttle_step,cmq_x0.5,dynamic,4,0.25,0.5,4,1.0,1.0,1.0,0.25,0.6,0
pa28,throttle_step,cmq_x0.5,static,4,0.0,0.5,4,1.0,1.0,1.0,,,0
pa28,throttle_step,cmalpha_x0.7,dynamic,4,0.5,1.0,4,1.0,1.0,1.0,0.0,0.6,0
pa28,throttle_step,cmalpha_x0.7,static,4,0.5,0.5,4,1.0,1.0,1.0,,,0
pa28,throttle_step,clo_+0.1,dynamic,6,0.3333333333333333,0.6666666666666666,6,1.0,1.0,1.0,0.5,0.6,6
pa28,throttle_step,clo_+0.1,static,6,0.16666666666666666,0.5,6,1.0,1.0,1.0,,,6
pa28,elev_doublet,inertia_x1.6,dynamic,3,0.3333333333333333,0.3333333333333333,3,1.0,1.0,1.0,0.3333333333333333,0.4666666666666666,0
pa28,elev_doublet,inertia_x1.6,static,3,0.6666666666666666,0.6666666666666666,3,1.0,1.0,1.0,,,0
pa28,elev_doublet,cmq_x0.5,dynamic,4,0.25,0.75,4,1.0,1.0,1.0,1.0,0.42500000000000004,0
pa28,elev_doublet,cmq_x0.5,static,4,0.5,0.75,4,1.0,1.0,1.0,,,0
pa28,elev_doublet,cmalpha_x0.7,dynamic,1,0.0,0.0,1,1.0,1.0,1.0,1.0,1.0,0
pa28,elev_doublet,cmalpha_x0.7,static,1,0.0,0.0,1,1.0,1.0,1.0,,,0
pa28,elev_doublet,clo_+0.1,dynamic,5,0.0,0.8,5,1.0,1.0,1.0,0.8,0.5799999999999998,5
pa28,elev_doublet,clo_+0.1,static,5,0.0,0.4,5,1.0,1.0,1.0,,,5
pa28,elev_step,inertia_x1.6,dynamic,3,0.3333333333333333,0.6666666666666666,3,1.0,1.0,1.0,0.6666666666666666,0.6999999999999998,0
pa28,elev_step,inertia_x1.6,static,3,0.3333333333333333,1.0,3,1.0,1.0,1.0,,,0
pa28,elev_step,cmq_x0.5,dynamic,4,0.0,0.75,4,1.0,1.0,1.0,1.0,0.575,0
pa28,elev_step,cmq_x0.5,static,4,0.25,0.75,4,1.0,1.0,1.0,,,0
pa28,elev_step,cmalpha_x0.7,dynamic,1,0.0,0.0,1,1.0,1.0,1.0,1.0,1.0,0
pa28,elev_step,cmalpha_x0.7,static,1,0.0,0.0,1,1.0,1.0,1.0,,,0
pa28,elev_step,clo_+0.1,dynamic,2,0.0,0.0,2,1.0,1.0,1.0,1.0,0.4,2
pa28,elev_step,clo_+0.1,static,2,0.0,0.5,2,1.0,1.0,1.0,,,2
pa28,aileron_step,inertia_x1.6,dynamic,3,0.0,0.3333333333333333,3,1.0,1.0,1.0,0.6666666666666666,0.5333333333333333,0
pa28,aileron_step,inertia_x1.6,static,3,0.3333333333333333,0.3333333333333333,3,1.0,1.0,1.0,,,0
pa28,aileron_step,cmq_x0.5,dynamic,4,0.0,0.5,4,1.0,1.0,1.0,0.75,0.625,0
pa28,aileron_step,cmq_x0.5,static,4,0.5,0.5,4,1.0,1.0,1.0,,,0
pa28,aileron_step,cmalpha_x0.7,dynamic,0,,,0,,,,,,0
pa28,aileron_step,cmalpha_x0.7,static,0,,,0,,,,,,0
pa28,aileron_step,clo_+0.1,dynamic,3,0.3333333333333333,0.3333333333333333,3,1.0,1.0,1.0,0.6666666666666666,0.5333333333333333,3
pa28,aileron_step,clo_+0.1,static,3,0.3333333333333333,0.3333333333333333,3,1.0,1.0,1.0,,,3
pa28,rudder_doublet,inertia_x1.6,dynamic,2,0.5,1.0,2,1.0,1.0,1.0,0.5,0.55,0
pa28,rudder_doublet,inertia_x1.6,static,2,0.0,0.0,2,1.0,1.0,1.0,,,0
pa28,rudder_doublet,cmq_x0.5,dynamic,3,0.0,0.3333333333333333,3,1.0,1.0,1.0,0.6666666666666666,0.4666666666666666,0
pa28,rudder_doublet,cmq_x0.5,static,3,0.0,0.3333333333333333,3,1.0,1.0,1.0,,,0
pa28,rudder_doublet,cmalpha_x0.7,dynamic,0,,,0,,,,,,0
pa28,rudder_doublet,cmalpha_x0.7,static,0,,,0,,,,,,0
pa28,rudder_doublet,clo_+0.1,dynamic,4,0.0,0.5,4,1.0,1.0,1.0,0.5,1.0,4
pa28,rudder_doublet,clo_+0.1,static,4,0.0,0.0,4,1.0,1.0,1.0,,,4
pa28,bank_hold,inertia_x1.6,dynamic,3,0.3333333333333333,0.6666666666666666,3,1.0,1.0,1.0,0.6666666666666666,0.3333333333333333,0
pa28,bank_hold,inertia_x1.6,static,3,0.3333333333333333,0.6666666666666666,3,1.0,1.0,1.0,,,0
pa28,bank_hold,cmq_x0.5,dynamic,4,0.0,0.25,4,1.0,1.0,1.0,0.5,0.3,0
pa28,bank_hold,cmq_x0.5,static,4,0.25,0.5,4,1.0,1.0,1.0,,,0
pa28,bank_hold,cmalpha_x0.7,dynamic,0,,,0,,,,,,0
pa28,bank_hold,cmalpha_x0.7,static,0,,,0,,,,,,0
pa28,bank_hold,clo_+0.1,dynamic,5,0.0,0.6,5,1.0,1.0,1.0,0.6,0.39999999999999997,5
pa28,bank_hold,clo_+0.1,static,5,0.4,0.4,5,1.0,1.0,1.0,,,5
pa28,flap_extend,inertia_x1.6,dynamic,2,0.0,0.0,2,1.0,1.0,1.0,1.0,0.8,0
pa28,flap_extend,inertia_x1.6,static,2,0.5,0.5,2,1.0,1.0,1.0,,,0
pa28,flap_extend,cmq_x0.5,dynamic,4,0.0,0.75,4,1.0,1.0,1.0,1.0,0.8250000000000001,0
pa28,flap_extend,cmq_x0.5,static,4,0.0,0.25,4,1.0,1.0,1.0,,,0
pa28,flap_extend,cmalpha_x0.7,dynamic,11,0.8181818181818182,0.9090909090909091,11,1.0,1.0,1.0,1.0,0.4646464646464646,0
pa28,flap_extend,cmalpha_x0.7,static,11,0.8181818181818182,1.0,11,1.0,1.0,1.0,,,0
pa28,flap_extend,clo_+0.1,dynamic,4,0.25,0.75,4,1.0,1.0,1.0,1.0,0.5,4
pa28,flap_extend,clo_+0.1,static,4,0.0,0.5,4,1.0,1.0,1.0,,,4
pa28,climbing_turn,inertia_x1.6,dynamic,3,0.3333333333333333,0.6666666666666666,3,0.6666666666666666,0.6666666666666666,0.6666666666666666,1.0,0.3333333333333333,0
pa28,climbing_turn,inertia_x1.6,static,3,0.6666666666666666,1.0,3,0.6666666666666666,0.6666666666666666,0.6666666666666666,,,0
pa28,climbing_turn,cmq_x0.5,dynamic,4,0.0,0.75,4,0.0,0.0,0.0,0.75,0.2,0
pa28,climbing_turn,cmq_x0.5,static,4,0.0,0.25,4,0.0,0.0,0.0,,,0
pa28,climbing_turn,cmalpha_x0.7,dynamic,4,0.0,0.5,4,0.25,0.75,0.75,0.75,0.075,0
pa28,climbing_turn,cmalpha_x0.7,static,4,0.0,0.25,4,0.25,0.75,0.75,,,0
pa28,climbing_turn,clo_+0.1,dynamic,7,0.5714285714285714,0.8571428571428571,7,0.5714285714285714,0.2857142857142857,0.2857142857142857,0.7142857142857143,0.4714285714285715,7
pa28,climbing_turn,clo_+0.1,static,7,0.2857142857142857,0.7142857142857143,7,0.5714285714285714,0.2857142857142857,0.2857142857142857,,,7
pa28,elev_doublet_distractor,inertia_x1.6,dynamic,3,0.0,0.6666666666666666,3,0.6666666666666666,0.3333333333333333,0.3333333333333333,1.0,0.16666666666666666,0
pa28,elev_doublet_distractor,inertia_x1.6,static,3,0.3333333333333333,0.6666666666666666,3,0.6666666666666666,0.3333333333333333,0.3333333333333333,,,0
pa28,elev_doublet_distractor,cmq_x0.5,dynamic,4,0.0,0.25,4,0.0,1.0,1.0,1.0,0.25,0
pa28,elev_doublet_distractor,cmq_x0.5,static,4,0.0,0.5,4,0.0,1.0,1.0,,,0
pa28,elev_doublet_distractor,cmalpha_x0.7,dynamic,1,1.0,1.0,1,1.0,1.0,1.0,1.0,0.3,0
pa28,elev_doublet_distractor,cmalpha_x0.7,static,1,1.0,1.0,1,1.0,1.0,1.0,,,0
pa28,elev_doublet_distractor,clo_+0.1,dynamic,3,0.3333333333333333,0.3333333333333333,3,0.0,1.0,1.0,0.6666666666666666,0.9,0
pa28,elev_doublet_distractor,clo_+0.1,static,3,0.0,0.0,3,0.0,1.0,1.0,,,0
pa28,engine_stop,inertia_x1.6,dynamic,3,0.0,1.0,3,1.0,1.0,1.0,0.6666666666666666,1.0,0
pa28,engine_stop,inertia_x1.6,static,3,0.3333333333333333,1.0,0,,,,,,0
pa28,engine_stop,cmq_x0.5,dynamic,4,0.0,0.5,4,1.0,1.0,1.0,0.25,1.0,0
pa28,engine_stop,cmq_x0.5,static,4,0.25,1.0,0,,,,,,0
pa28,engine_stop,cmalpha_x0.7,dynamic,4,0.0,1.0,4,1.0,1.0,1.0,0.25,1.0,0
pa28,engine_stop,cmalpha_x0.7,static,4,0.0,0.75,0,,,,,,0
pa28,engine_stop,clo_+0.1,dynamic,8,0.0,0.25,8,1.0,1.0,1.0,0.75,1.0,8
pa28,engine_stop,clo_+0.1,static,8,0.125,0.125,0,,,,,,8
pc7,throttle_step,inertia_x1.6,dynamic,0,,,0,,,,,,0
pc7,throttle_step,inertia_x1.6,static,0,,,0,,,,,,0
pc7,throttle_step,cmq_x0.5,dynamic,0,,,0,,,,,,0
pc7,throttle_step,cmq_x0.5,static,0,,,0,,,,,,0
pc7,throttle_step,cmalpha_x0.7,dynamic,0,,,0,,,,,,0
pc7,throttle_step,cmalpha_x0.7,static,0,,,0,,,,,,0
pc7,throttle_step,clo_+0.1,dynamic,3,0.0,0.3333333333333333,3,1.0,1.0,1.0,0.3333333333333333,1.0,3
pc7,throttle_step,clo_+0.1,static,3,0.0,0.3333333333333333,3,1.0,1.0,1.0,,,3
pc7,elev_doublet,inertia_x1.6,dynamic,0,,,0,,,,,,0
pc7,elev_doublet,inertia_x1.6,static,0,,,0,,,,,,0
pc7,elev_doublet,cmq_x0.5,dynamic,3,0.0,0.0,3,1.0,1.0,1.0,1.0,0.2333333333333333,0
pc7,elev_doublet,cmq_x0.5,static,3,0.0,0.6666666666666666,3,1.0,1.0,1.0,,,0
pc7,elev_doublet,cmalpha_x0.7,dynamic,3,0.0,0.3333333333333333,3,1.0,1.0,1.0,1.0,0.3666666666666667,0
pc7,elev_doublet,cmalpha_x0.7,static,3,0.6666666666666666,0.6666666666666666,3,1.0,1.0,1.0,,,0
pc7,elev_doublet,clo_+0.1,dynamic,1,0.0,1.0,1,1.0,1.0,1.0,1.0,0.1,1
pc7,elev_doublet,clo_+0.1,static,1,0.0,1.0,1,1.0,1.0,1.0,,,1
pc7,elev_step,inertia_x1.6,dynamic,0,,,0,,,,,,0
pc7,elev_step,inertia_x1.6,static,0,,,0,,,,,,0
pc7,elev_step,cmq_x0.5,dynamic,1,0.0,1.0,1,1.0,1.0,1.0,1.0,0.3,0
pc7,elev_step,cmq_x0.5,static,1,0.0,0.0,1,1.0,1.0,1.0,,,0
pc7,elev_step,cmalpha_x0.7,dynamic,0,,,0,,,,,,0
pc7,elev_step,cmalpha_x0.7,static,0,,,0,,,,,,0
pc7,elev_step,clo_+0.1,dynamic,1,0.0,1.0,1,1.0,1.0,1.0,1.0,0.6,1
pc7,elev_step,clo_+0.1,static,1,0.0,0.0,1,1.0,1.0,1.0,,,1
pc7,aileron_step,inertia_x1.6,dynamic,1,1.0,1.0,1,1.0,1.0,1.0,1.0,0.5,0
pc7,aileron_step,inertia_x1.6,static,1,0.0,1.0,1,1.0,1.0,1.0,,,0
pc7,aileron_step,cmq_x0.5,dynamic,6,0.0,0.5,6,1.0,1.0,1.0,1.0,0.4333333333333333,0
pc7,aileron_step,cmq_x0.5,static,6,0.16666666666666666,0.5,6,1.0,1.0,1.0,,,0
pc7,aileron_step,cmalpha_x0.7,dynamic,3,0.0,1.0,3,1.0,1.0,1.0,1.0,0.6999999999999998,0
pc7,aileron_step,cmalpha_x0.7,static,3,0.0,0.6666666666666666,3,1.0,1.0,1.0,,,0
pc7,aileron_step,clo_+0.1,dynamic,4,0.75,1.0,4,1.0,1.0,1.0,1.0,0.7749999999999999,4
pc7,aileron_step,clo_+0.1,static,4,1.0,1.0,4,1.0,1.0,1.0,,,4
pc7,rudder_doublet,inertia_x1.6,dynamic,0,,,0,,,,,,0
pc7,rudder_doublet,inertia_x1.6,static,0,,,0,,,,,,0
pc7,rudder_doublet,cmq_x0.5,dynamic,4,0.0,0.25,4,1.0,1.0,1.0,0.75,0.425,0
pc7,rudder_doublet,cmq_x0.5,static,4,0.25,0.25,4,1.0,1.0,1.0,,,0
pc7,rudder_doublet,cmalpha_x0.7,dynamic,1,0.0,1.0,1,1.0,1.0,1.0,1.0,0.4,0
pc7,rudder_doublet,cmalpha_x0.7,static,1,0.0,1.0,1,1.0,1.0,1.0,,,0
pc7,rudder_doublet,clo_+0.1,dynamic,1,0.0,0.0,1,1.0,1.0,1.0,1.0,0.6,1
pc7,rudder_doublet,clo_+0.1,static,1,1.0,1.0,1,1.0,1.0,1.0,,,1
pc7,bank_hold,inertia_x1.6,dynamic,1,0.0,1.0,1,1.0,1.0,1.0,1.0,0.0,0
pc7,bank_hold,inertia_x1.6,static,1,0.0,1.0,1,1.0,1.0,1.0,,,0
pc7,bank_hold,cmq_x0.5,dynamic,8,0.375,0.625,8,1.0,1.0,1.0,1.0,0.35,0
pc7,bank_hold,cmq_x0.5,static,8,0.5,0.875,8,1.0,1.0,1.0,,,0
pc7,bank_hold,cmalpha_x0.7,dynamic,2,0.0,1.0,2,1.0,1.0,1.0,1.0,0.5,0
pc7,bank_hold,cmalpha_x0.7,static,2,0.0,1.0,2,1.0,1.0,1.0,,,0
pc7,bank_hold,clo_+0.1,dynamic,7,0.5714285714285714,0.5714285714285714,7,1.0,1.0,1.0,1.0,0.7714285714285714,7
pc7,bank_hold,clo_+0.1,static,7,0.5714285714285714,0.8571428571428571,7,1.0,1.0,1.0,,,7
pc7,flap_extend,inertia_x1.6,dynamic,0,,,0,,,,,,0
pc7,flap_extend,inertia_x1.6,static,0,,,0,,,,,,0
pc7,flap_extend,cmq_x0.5,dynamic,0,,,0,,,,,,0
pc7,flap_extend,cmq_x0.5,static,0,,,0,,,,,,0
pc7,flap_extend,cmalpha_x0.7,dynamic,0,,,0,,,,,,0
pc7,flap_extend,cmalpha_x0.7,static,0,,,0,,,,,,0
pc7,flap_extend,clo_+0.1,dynamic,6,0.5,0.8333333333333334,6,1.0,1.0,1.0,0.8333333333333334,0.21666666666666667,6
pc7,flap_extend,clo_+0.1,static,6,0.3333333333333333,0.6666666666666666,6,1.0,1.0,1.0,,,6
pc7,climbing_turn,inertia_x1.6,dynamic,0,,,0,,,,,,0
pc7,climbing_turn,inertia_x1.6,static,0,,,0,,,,,,0
pc7,climbing_turn,cmq_x0.5,dynamic,6,0.0,0.3333333333333333,6,0.5,0.5,0.5,0.6666666666666666,0.03333333333333333,0
pc7,climbing_turn,cmq_x0.5,static,6,0.0,0.16666666666666666,6,0.5,0.5,0.5,,,0
pc7,climbing_turn,cmalpha_x0.7,dynamic,2,0.0,0.0,2,0.5,0.5,0.5,0.0,0.25,0
pc7,climbing_turn,cmalpha_x0.7,static,2,0.5,1.0,2,0.5,0.5,0.5,,,0
pc7,climbing_turn,clo_+0.1,dynamic,4,0.5,0.75,4,0.75,0.25,0.25,0.5,1.0,0
pc7,climbing_turn,clo_+0.1,static,4,1.0,1.0,4,0.75,0.25,0.25,,,0
pc7,elev_doublet_distractor,inertia_x1.6,dynamic,0,,,0,,,,,,0
pc7,elev_doublet_distractor,inertia_x1.6,static,0,,,0,,,,,,0
pc7,elev_doublet_distractor,cmq_x0.5,dynamic,0,,,0,,,,,,0
pc7,elev_doublet_distractor,cmq_x0.5,static,0,,,0,,,,,,0
pc7,elev_doublet_distractor,cmalpha_x0.7,dynamic,1,0.0,0.0,1,1.0,1.0,1.0,1.0,0.1,0
pc7,elev_doublet_distractor,cmalpha_x0.7,static,1,0.0,1.0,1,0.0,1.0,1.0,,,0
pc7,elev_doublet_distractor,clo_+0.1,dynamic,4,0.5,0.75,4,0.25,1.0,1.0,0.25,0.22499999999999998,0
pc7,elev_doublet_distractor,clo_+0.1,static,4,0.25,0.25,4,0.75,1.0,1.0,,,0
t6texan2,throttle_step,inertia_x1.6,dynamic,3,0.0,0.6666666666666666,3,1.0,1.0,1.0,0.6666666666666666,1.0,0
t6texan2,throttle_step,inertia_x1.6,static,3,0.0,0.6666666666666666,3,1.0,1.0,1.0,,,0
t6texan2,throttle_step,cmq_x0.5,dynamic,5,0.0,0.4,5,1.0,1.0,1.0,0.6,1.0,0
t6texan2,throttle_step,cmq_x0.5,static,5,0.0,0.4,5,1.0,1.0,1.0,,,0
t6texan2,throttle_step,cmalpha_x0.7,dynamic,3,0.0,0.6666666666666666,3,1.0,1.0,1.0,0.6666666666666666,1.0,3
t6texan2,throttle_step,cmalpha_x0.7,static,3,0.0,0.6666666666666666,3,1.0,1.0,1.0,,,3
t6texan2,throttle_step,clo_+0.1,dynamic,4,0.0,0.25,4,1.0,1.0,1.0,0.75,1.0,4
t6texan2,throttle_step,clo_+0.1,static,4,0.0,0.25,4,1.0,1.0,1.0,,,4
t6texan2,elev_doublet,inertia_x1.6,dynamic,1,0.0,0.0,1,1.0,1.0,1.0,1.0,1.0,0
t6texan2,elev_doublet,inertia_x1.6,static,1,0.0,1.0,1,1.0,1.0,1.0,,,0
t6texan2,elev_doublet,cmq_x0.5,dynamic,1,0.0,0.0,1,1.0,1.0,1.0,1.0,1.0,0
t6texan2,elev_doublet,cmq_x0.5,static,1,0.0,1.0,1,1.0,1.0,1.0,,,0
t6texan2,elev_doublet,cmalpha_x0.7,dynamic,1,1.0,1.0,1,1.0,1.0,1.0,1.0,1.0,0
t6texan2,elev_doublet,cmalpha_x0.7,static,1,1.0,1.0,1,1.0,1.0,1.0,,,0
t6texan2,elev_doublet,clo_+0.1,dynamic,7,0.0,0.5714285714285714,7,1.0,1.0,1.0,0.42857142857142855,1.0,7
t6texan2,elev_doublet,clo_+0.1,static,7,0.0,0.5714285714285714,7,1.0,1.0,1.0,,,7
t6texan2,elev_step,inertia_x1.6,dynamic,1,0.0,1.0,1,1.0,1.0,1.0,1.0,1.0,0
t6texan2,elev_step,inertia_x1.6,static,1,0.0,0.0,1,1.0,1.0,1.0,,,0
t6texan2,elev_step,cmq_x0.5,dynamic,1,0.0,1.0,1,1.0,1.0,1.0,1.0,1.0,0
t6texan2,elev_step,cmq_x0.5,static,1,0.0,0.0,1,1.0,1.0,1.0,,,0
t6texan2,elev_step,cmalpha_x0.7,dynamic,9,0.1111111111111111,0.6666666666666666,9,1.0,1.0,1.0,1.0,1.0,0
t6texan2,elev_step,cmalpha_x0.7,static,9,0.3333333333333333,0.6666666666666666,9,1.0,1.0,1.0,,,0
t6texan2,elev_step,clo_+0.1,dynamic,10,0.1,0.7,10,1.0,1.0,1.0,0.4,0.93,10
t6texan2,elev_step,clo_+0.1,static,10,0.2,0.5,10,1.0,1.0,1.0,,,10
t6texan2,aileron_step,inertia_x1.6,dynamic,2,0.5,1.0,2,1.0,1.0,1.0,0.5,0.2,0
t6texan2,aileron_step,inertia_x1.6,static,2,0.0,0.5,2,1.0,1.0,1.0,,,0
t6texan2,aileron_step,cmq_x0.5,dynamic,0,,,0,,,,,,0
t6texan2,aileron_step,cmq_x0.5,static,0,,,0,,,,,,0
t6texan2,aileron_step,cmalpha_x0.7,dynamic,1,1.0,1.0,1,1.0,1.0,1.0,1.0,0.3,1
t6texan2,aileron_step,cmalpha_x0.7,static,1,1.0,1.0,1,1.0,1.0,1.0,,,1
t6texan2,aileron_step,clo_+0.1,dynamic,2,0.0,0.0,2,1.0,1.0,1.0,0.0,0.25,2
t6texan2,aileron_step,clo_+0.1,static,2,0.5,0.5,2,1.0,1.0,1.0,,,2
t6texan2,rudder_doublet,inertia_x1.6,dynamic,8,1.0,1.0,8,1.0,1.0,1.0,1.0,0.475,0
t6texan2,rudder_doublet,inertia_x1.6,static,8,0.5,0.625,8,1.0,1.0,1.0,,,0
t6texan2,rudder_doublet,cmq_x0.5,dynamic,1,0.0,1.0,1,1.0,1.0,1.0,1.0,0.2,0
t6texan2,rudder_doublet,cmq_x0.5,static,1,0.0,1.0,1,1.0,1.0,1.0,,,0
t6texan2,rudder_doublet,cmalpha_x0.7,dynamic,1,0.0,1.0,1,1.0,1.0,1.0,1.0,0.7,0
t6texan2,rudder_doublet,cmalpha_x0.7,static,1,0.0,0.0,1,1.0,1.0,1.0,,,0
t6texan2,rudder_doublet,clo_+0.1,dynamic,2,0.0,0.0,2,1.0,1.0,1.0,0.5,0.75,2
t6texan2,rudder_doublet,clo_+0.1,static,2,0.5,0.5,2,1.0,1.0,1.0,,,2
t6texan2,bank_hold,inertia_x1.6,dynamic,2,0.5,0.5,2,1.0,1.0,1.0,0.5,0.7,0
t6texan2,bank_hold,inertia_x1.6,static,2,0.0,0.5,2,1.0,1.0,1.0,,,0
t6texan2,bank_hold,cmq_x0.5,dynamic,2,0.0,0.5,2,1.0,1.0,1.0,0.5,0.55,0
t6texan2,bank_hold,cmq_x0.5,static,2,0.0,1.0,2,1.0,1.0,1.0,,,0
t6texan2,bank_hold,cmalpha_x0.7,dynamic,7,0.2857142857142857,0.8571428571428571,7,1.0,1.0,1.0,1.0,0.38571428571428573,0
t6texan2,bank_hold,cmalpha_x0.7,static,7,0.42857142857142855,0.8571428571428571,7,1.0,1.0,1.0,,,0
t6texan2,bank_hold,clo_+0.1,dynamic,7,0.0,0.5714285714285714,7,1.0,1.0,1.0,1.0,0.6285714285714287,7
t6texan2,bank_hold,clo_+0.1,static,7,0.5714285714285714,0.5714285714285714,7,1.0,1.0,1.0,,,7
t6texan2,flap_extend,inertia_x1.6,dynamic,1,0.0,0.0,1,1.0,1.0,1.0,1.0,0.1,0
t6texan2,flap_extend,inertia_x1.6,static,1,0.0,1.0,1,1.0,1.0,1.0,,,0
t6texan2,flap_extend,cmq_x0.5,dynamic,4,0.0,0.5,4,1.0,1.0,1.0,0.25,0.7000000000000001,0
t6texan2,flap_extend,cmq_x0.5,static,4,0.0,0.5,4,1.0,1.0,1.0,,,0
t6texan2,flap_extend,cmalpha_x0.7,dynamic,9,0.1111111111111111,0.6666666666666666,9,1.0,1.0,1.0,1.0,0.5222222222222221,0
t6texan2,flap_extend,cmalpha_x0.7,static,9,0.1111111111111111,0.8888888888888888,9,1.0,1.0,1.0,,,0
t6texan2,flap_extend,clo_+0.1,dynamic,12,0.16666666666666666,0.4166666666666667,12,1.0,1.0,1.0,0.25,0.5833333333333333,12
t6texan2,flap_extend,clo_+0.1,static,12,0.0,0.4166666666666667,12,1.0,1.0,1.0,,,12
t6texan2,climbing_turn,inertia_x1.6,dynamic,2,0.5,1.0,2,0.0,1.0,1.0,1.0,0.1,0
t6texan2,climbing_turn,inertia_x1.6,static,2,0.0,0.5,2,0.5,1.0,1.0,,,0
t6texan2,climbing_turn,cmq_x0.5,dynamic,2,0.0,0.5,2,0.5,1.0,1.0,1.0,0.4,0
t6texan2,climbing_turn,cmq_x0.5,static,2,0.0,0.0,2,1.0,1.0,1.0,,,0
t6texan2,climbing_turn,cmalpha_x0.7,dynamic,1,1.0,1.0,1,0.0,1.0,1.0,1.0,0.1,1
t6texan2,climbing_turn,cmalpha_x0.7,static,1,1.0,1.0,1,0.0,1.0,1.0,,,1
t6texan2,climbing_turn,clo_+0.1,dynamic,11,0.45454545454545453,0.8181818181818182,11,0.18181818181818182,0.9090909090909091,0.9090909090909091,0.9090909090909091,0.34545454545454546,11
t6texan2,climbing_turn,clo_+0.1,static,11,0.8181818181818182,1.0,11,0.09090909090909091,0.9090909090909091,0.9090909090909091,,,11
t6texan2,elev_doublet_distractor,inertia_x1.6,dynamic,1,0.0,0.0,1,0.0,1.0,1.0,1.0,0.2,0
t6texan2,elev_doublet_distractor,inertia_x1.6,static,1,0.0,0.0,1,0.0,1.0,1.0,,,0
t6texan2,elev_doublet_distractor,cmq_x0.5,dynamic,1,0.0,0.0,1,0.0,1.0,1.0,1.0,0.2,0
t6texan2,elev_doublet_distractor,cmq_x0.5,static,1,0.0,0.0,1,0.0,1.0,1.0,,,0
t6texan2,elev_doublet_distractor,cmalpha_x0.7,dynamic,1,0.0,0.0,1,1.0,1.0,1.0,1.0,1.0,0
t6texan2,elev_doublet_distractor,cmalpha_x0.7,static,1,0.0,0.0,1,1.0,1.0,1.0,,,0
t6texan2,elev_doublet_distractor,clo_+0.1,dynamic,7,0.7142857142857143,0.7142857142857143,7,0.5714285714285714,0.5714285714285714,0.5714285714285714,0.8571428571428571,0.7000000000000001,7
t6texan2,elev_doublet_distractor,clo_+0.1,static,7,0.0,0.42857142857142855,7,0.7142857142857143,0.5714285714285714,0.5714285714285714,,,7
