aircraft,manoeuvre,layer,mode,fault,recall,precision,auc,false_alarm
737,cruise,det,whole,inertia_x1.6,0.0,,,
737,cruise,det,win5,inertia_x1.6,0.045454545454545456,1.0,,
737,cruise,det,win10,inertia_x1.6,0.0,,,
737,cruise,det,whole,cmq_x0.5,0.0,,0.7863247863247863,
737,cruise,det,win5,cmq_x0.5,0.07692307692307693,1.0,0.6153846153846154,
737,cruise,det,win10,cmq_x0.5,0.07692307692307693,1.0,0.6153846153846154,
737,cruise,det,whole,cmalpha_x0.7,0.0,,0.6239316239316239,
737,cruise,det,win5,cmalpha_x0.7,0.07692307692307693,1.0,0.45299145299145305,
737,cruise,det,win10,cmalpha_x0.7,0.0,,0.46153846153846156,
737,cruise,det,whole,clo_+0.1,0.46153846153846156,1.0,0.9401709401709402,
737,cruise,det,win5,clo_+0.1,0.46153846153846156,1.0,0.8974358974358975,
737,cruise,det,win10,clo_+0.1,0.46153846153846156,1.0,0.8717948717948718,
737,cruise,det,whole,noop,,,,0.0
737,cruise,det,win5,noop,,,,0.045454545454545456
737,cruise,det,win10,noop,,,,0.045454545454545456
737,cruise,sig,whole,inertia_x1.6,0.18181818181818182,1.0,,
737,cruise,sig,win5,inertia_x1.6,0.13636363636363635,1.0,,
737,cruise,sig,win10,inertia_x1.6,0.13636363636363635,1.0,,
737,cruise,sig,whole,cmq_x0.5,0.07692307692307693,0.2,0.22222222222222227,
737,cruise,sig,win5,cmq_x0.5,0.0,,0.2905982905982906,
737,cruise,sig,win10,cmq_x0.5,0.0,0.0,0.1965811965811966,
737,cruise,sig,whole,cmalpha_x0.7,0.0,,0.2820512820512821,
737,cruise,sig,win5,cmalpha_x0.7,0.0,,0.38461538461538464,
737,cruise,sig,win10,cmalpha_x0.7,0.0,,0.3760683760683761,
737,cruise,sig,whole,clo_+0.1,0.23076923076923078,0.75,0.5384615384615385,
737,cruise,sig,win5,clo_+0.1,0.15384615384615385,0.4,0.5555555555555556,
737,cruise,sig,win10,clo_+0.1,0.0,0.0,0.47008547008547014,
737,cruise,sig,whole,noop,,,,0.22727272727272727
737,cruise,sig,win5,noop,,,,0.0
737,cruise,sig,win10,noop,,,,0.045454545454545456
737,throttle_step,det,whole,inertia_x1.6,0.09090909090909091,1.0,,
737,throttle_step,det,win5,inertia_x1.6,0.0,,,
737,throttle_step,det,win10,inertia_x1.6,0.0,,,
737,throttle_step,det,whole,cmq_x0.5,0.07692307692307693,1.0,0.46153846153846156,
737,throttle_step,det,win5,cmq_x0.5,0.0,0.0,0.3418803418803419,
737,throttle_step,det,win10,cmq_x0.5,0.0,0.0,0.29914529914529914,
737,throttle_step,det,whole,cmalpha_x0.7,0.23076923076923078,1.0,0.5470085470085471,
737,throttle_step,det,win5,cmalpha_x0.7,0.23076923076923078,1.0,0.5299145299145299,
737,throttle_step,det,win10,cmalpha_x0.7,0.23076923076923078,1.0,0.5128205128205129,
737,throttle_step,det,whole,clo_+0.1,0.46153846153846156,0.75,0.6752136752136753,
737,throttle_step,det,win5,clo_+0.1,0.6153846153846154,0.8,0.6324786324786325,
737,throttle_step,det,win10,clo_+0.1,0.5384615384615384,0.7777777777777778,0.6153846153846154,
737,throttle_step,det,whole,noop,,,,0.045454545454545456
737,throttle_step,det,win5,noop,,,,0.0
737,throttle_step,det,win10,noop,,,,0.045454545454545456
737,throttle_step,sig,whole,inertia_x1.6,0.045454545454545456,1.0,,
737,throttle_step,sig,win5,inertia_x1.6,0.045454545454545456,1.0,,
737,throttle_step,sig,win10,inertia_x1.6,0.045454545454545456,1.0,,
737,throttle_step,sig,whole,cmq_x0.5,0.07692307692307693,1.0,0.641025641025641,
737,throttle_step,sig,win5,cmq_x0.5,0.0,,0.6153846153846154,
737,throttle_step,sig,win10,cmq_x0.5,0.0,,0.6923076923076923,
737,throttle_step,sig,whole,cmalpha_x0.7,0.0,0.0,0.5897435897435898,
737,throttle_step,sig,win5,cmalpha_x0.7,0.07692307692307693,1.0,0.6324786324786326,
737,throttle_step,sig,win10,cmalpha_x0.7,0.07692307692307693,1.0,0.6068376068376069,
737,throttle_step,sig,whole,clo_+0.1,0.07692307692307693,0.3333333333333333,0.35042735042735046,
737,throttle_step,sig,win5,clo_+0.1,0.15384615384615385,1.0,0.41880341880341887,
737,throttle_step,sig,win10,clo_+0.1,0.07692307692307693,0.5,0.47863247863247865,
737,throttle_step,sig,whole,noop,,,,0.045454545454545456
737,throttle_step,sig,win5,noop,,,,0.045454545454545456
737,throttle_step,sig,win10,noop,,,,0.045454545454545456
737,elev_doublet,det,whole,inertia_x1.6,0.0,,,
737,elev_doublet,det,win5,inertia_x1.6,0.09090909090909091,1.0,,
737,elev_doublet,det,win10,inertia_x1.6,0.0,,,
737,elev_doublet,det,whole,cmq_x0.5,0.0,,0.5726495726495726,
737,elev_doublet,det,win5,cmq_x0.5,0.0,,0.33333333333333337,
737,elev_doublet,det,win10,cmq_x0.5,0.0,,0.48717948717948717,
737,elev_doublet,det,whole,cmalpha_x0.7,0.07692307692307693,1.0,0.6752136752136751,
737,elev_doublet,det,win5,cmalpha_x0.7,0.0,,0.4273504273504274,
737,elev_doublet,det,win10,cmalpha_x0.7,0.07692307692307693,1.0,0.4358974358974359,
737,elev_doublet,det,whole,clo_+0.1,0.6153846153846154,0.8888888888888888,0.7692307692307694,
737,elev_doublet,det,win5,clo_+0.1,0.6153846153846154,0.8,0.7521367521367521,
737,elev_doublet,det,win10,clo_+0.1,0.6153846153846154,0.8888888888888888,0.7863247863247864,
737,elev_doublet,det,whole,noop,,,,0.0
737,elev_doublet,det,win5,noop,,,,0.0
737,elev_doublet,det,win10,noop,,,,0.0
737,elev_doublet,sig,whole,inertia_x1.6,0.045454545454545456,1.0,,
737,elev_doublet,sig,win5,inertia_x1.6,0.0,,,
737,elev_doublet,sig,win10,inertia_x1.6,0.0,,,
737,elev_doublet,sig,whole,cmq_x0.5,0.0,0.0,0.33333333333333337,
737,elev_doublet,sig,win5,cmq_x0.5,0.0,0.0,0.5299145299145299,
737,elev_doublet,sig,win10,cmq_x0.5,0.0,0.0,0.5213675213675214,
737,elev_doublet,sig,whole,cmalpha_x0.7,0.0,0.0,0.5042735042735043,
737,elev_doublet,sig,win5,cmalpha_x0.7,0.0,,0.4786324786324787,
737,elev_doublet,sig,win10,cmalpha_x0.7,0.0,,0.5897435897435899,
737,elev_doublet,sig,whole,clo_+0.1,0.23076923076923078,0.6,0.5470085470085471,
737,elev_doublet,sig,win5,clo_+0.1,0.07692307692307693,0.5,0.5555555555555556,
737,elev_doublet,sig,win10,clo_+0.1,0.15384615384615385,0.6666666666666666,0.5299145299145299,
737,elev_doublet,sig,whole,noop,,,,0.045454545454545456
737,elev_doublet,sig,win5,noop,,,,0.09090909090909091
737,elev_doublet,sig,win10,noop,,,,0.09090909090909091
737,elev_step,det,whole,inertia_x1.6,0.045454545454545456,1.0,,
737,elev_step,det,win5,inertia_x1.6,0.045454545454545456,1.0,,
737,elev_step,det,win10,inertia_x1.6,0.045454545454545456,1.0,,
737,elev_step,det,whole,cmq_x0.5,0.15384615384615385,1.0,0.7094017094017094,
737,elev_step,det,win5,cmq_x0.5,0.07692307692307693,0.5,0.6068376068376069,
737,elev_step,det,win10,cmq_x0.5,0.07692307692307693,1.0,0.641025641025641,
737,elev_step,det,whole,cmalpha_x0.7,0.38461538461538464,1.0,0.5213675213675213,
737,elev_step,det,win5,cmalpha_x0.7,0.3076923076923077,1.0,0.6837606837606838,
737,elev_step,det,win10,cmalpha_x0.7,0.38461538461538464,1.0,0.6324786324786325,
737,elev_step,det,whole,clo_+0.1,0.8461538461538461,1.0,0.9572649572649572,
737,elev_step,det,win5,clo_+0.1,0.9230769230769231,1.0,0.9658119658119658,
737,elev_step,det,win10,clo_+0.1,0.9230769230769231,1.0,0.9658119658119657,
737,elev_step,det,whole,noop,,,,0.045454545454545456
737,elev_step,det,win5,noop,,,,0.045454545454545456
737,elev_step,det,win10,noop,,,,0.0
737,elev_step,sig,whole,inertia_x1.6,0.045454545454545456,1.0,,
737,elev_step,sig,win5,inertia_x1.6,0.0,,,
737,elev_step,sig,win10,inertia_x1.6,0.0,,,
737,elev_step,sig,whole,cmq_x0.5,0.3076923076923077,0.8,0.5470085470085471,
737,elev_step,sig,win5,cmq_x0.5,0.0,,0.5897435897435898,
737,elev_step,sig,win10,cmq_x0.5,0.15384615384615385,0.6666666666666666,0.5470085470085471,
737,elev_step,sig,whole,cmalpha_x0.7,0.46153846153846156,1.0,0.5897435897435898,
737,elev_step,sig,win5,cmalpha_x0.7,0.23076923076923078,1.0,0.6324786324786326,
737,elev_step,sig,win10,cmalpha_x0.7,0.3076923076923077,1.0,0.5811965811965812,
737,elev_step,sig,whole,clo_+0.1,0.38461538461538464,0.8333333333333334,0.811965811965812,
737,elev_step,sig,win5,clo_+0.1,0.23076923076923078,1.0,0.8205128205128205,
737,elev_step,sig,win10,clo_+0.1,0.3076923076923077,1.0,0.7692307692307693,
737,elev_step,sig,whole,noop,,,,0.045454545454545456
737,elev_step,sig,win5,noop,,,,0.045454545454545456
737,elev_step,sig,win10,noop,,,,0.045454545454545456
737,aileron_step,det,whole,inertia_x1.6,0.0,,,
737,aileron_step,det,win5,inertia_x1.6,0.0,,,
737,aileron_step,det,win10,inertia_x1.6,0.0,,,
737,aileron_step,det,whole,cmq_x0.5,0.0,,0.4017094017094017,
737,aileron_step,det,win5,cmq_x0.5,0.0,0.0,0.2991452991452992,
737,aileron_step,det,win10,cmq_x0.5,0.0,0.0,0.33333333333333337,
737,aileron_step,det,whole,cmalpha_x0.7,0.0,,0.37606837606837606,
737,aileron_step,det,win5,cmalpha_x0.7,0.0,,0.25641025641025644,
737,aileron_step,det,win10,cmalpha_x0.7,0.0,0.0,0.25641025641025644,
737,aileron_step,det,whole,clo_+0.1,0.38461538461538464,0.625,0.5213675213675214,
737,aileron_step,det,win5,clo_+0.1,0.38461538461538464,0.625,0.6153846153846153,
737,aileron_step,det,win10,clo_+0.1,0.38461538461538464,0.625,0.5213675213675214,
737,aileron_step,det,whole,noop,,,,0.0
737,aileron_step,det,win5,noop,,,,0.045454545454545456
737,aileron_step,det,win10,noop,,,,0.045454545454545456
737,aileron_step,sig,whole,inertia_x1.6,0.0,,,
737,aileron_step,sig,win5,inertia_x1.6,0.0,,,
737,aileron_step,sig,win10,inertia_x1.6,0.0,,,
737,aileron_step,sig,whole,cmq_x0.5,0.0,,0.2136752136752137,
737,aileron_step,sig,win5,cmq_x0.5,0.0,,0.27350427350427353,
737,aileron_step,sig,win10,cmq_x0.5,0.0,,0.33333333333333337,
737,aileron_step,sig,whole,cmalpha_x0.7,0.0,0.0,0.452991452991453,
737,aileron_step,sig,win5,cmalpha_x0.7,0.0,0.0,0.5641025641025641,
737,aileron_step,sig,win10,cmalpha_x0.7,0.0,,0.6153846153846154,
737,aileron_step,sig,whole,clo_+0.1,0.23076923076923078,0.5,0.547008547008547,
737,aileron_step,sig,win5,clo_+0.1,0.15384615384615385,0.5,0.5128205128205128,
737,aileron_step,sig,win10,clo_+0.1,0.07692307692307693,0.3333333333333333,0.5128205128205128,
737,aileron_step,sig,whole,noop,,,,0.0
737,aileron_step,sig,win5,noop,,,,0.0
737,aileron_step,sig,win10,noop,,,,0.0
737,rudder_doublet,det,whole,inertia_x1.6,0.045454545454545456,1.0,,
737,rudder_doublet,det,win5,inertia_x1.6,0.045454545454545456,1.0,,
737,rudder_doublet,det,win10,inertia_x1.6,0.045454545454545456,1.0,,
737,rudder_doublet,det,whole,cmq_x0.5,0.0,,0.27350427350427353,
737,rudder_doublet,det,win5,cmq_x0.5,0.0,,0.23931623931623933,
737,rudder_doublet,det,win10,cmq_x0.5,0.0,,0.32478632478632485,
737,rudder_doublet,det,whole,cmalpha_x0.7,0.0,,0.2905982905982906,
737,rudder_doublet,det,win5,cmalpha_x0.7,0.0,,0.2905982905982906,
737,rudder_doublet,det,win10,cmalpha_x0.7,0.0,,0.27350427350427353,
737,rudder_doublet,det,whole,clo_+0.1,0.5384615384615384,0.875,0.9572649572649572,
737,rudder_doublet,det,win5,clo_+0.1,0.5384615384615384,1.0,0.8376068376068376,
737,rudder_doublet,det,win10,clo_+0.1,0.5384615384615384,0.875,0.9401709401709402,
737,rudder_doublet,det,whole,noop,,,,0.0
737,rudder_doublet,det,win5,noop,,,,0.0
737,rudder_doublet,det,win10,noop,,,,0.0
737,rudder_doublet,sig,whole,inertia_x1.6,0.18181818181818182,1.0,,
737,rudder_doublet,sig,win5,inertia_x1.6,0.09090909090909091,1.0,,
737,rudder_doublet,sig,win10,inertia_x1.6,0.09090909090909091,1.0,,
737,rudder_doublet,sig,whole,cmq_x0.5,0.15384615384615385,0.6666666666666666,0.6923076923076923,
737,rudder_doublet,sig,win5,cmq_x0.5,0.07692307692307693,1.0,0.5897435897435898,
737,rudder_doublet,sig,win10,cmq_x0.5,0.15384615384615385,1.0,0.4786324786324787,
737,rudder_doublet,sig,whole,cmalpha_x0.7,0.07692307692307693,0.5,0.35897435897435903,
737,rudder_doublet,sig,win5,cmalpha_x0.7,0.07692307692307693,1.0,0.35897435897435903,
737,rudder_doublet,sig,win10,cmalpha_x0.7,0.15384615384615385,0.6666666666666666,0.36752136752136766,
737,rudder_doublet,sig,whole,clo_+0.1,0.23076923076923078,0.75,0.5982905982905983,
737,rudder_doublet,sig,win5,clo_+0.1,0.23076923076923078,1.0,0.6410256410256411,
737,rudder_doublet,sig,win10,clo_+0.1,0.3076923076923077,1.0,0.5982905982905984,
737,rudder_doublet,sig,whole,noop,,,,0.13636363636363635
737,rudder_doublet,sig,win5,noop,,,,0.045454545454545456
737,rudder_doublet,sig,win10,noop,,,,0.09090909090909091
737,bank_hold,det,whole,inertia_x1.6,0.0,,,
737,bank_hold,det,win5,inertia_x1.6,0.0,,,
737,bank_hold,det,win10,inertia_x1.6,0.0,,,
737,bank_hold,det,whole,cmq_x0.5,0.0,,0.2991452991452992,
737,bank_hold,det,win5,cmq_x0.5,0.0,,0.36752136752136755,
737,bank_hold,det,win10,cmq_x0.5,0.0,,0.35042735042735046,
737,bank_hold,det,whole,cmalpha_x0.7,0.0,,0.2905982905982906,
737,bank_hold,det,win5,cmalpha_x0.7,0.0,0.0,0.3076923076923077,
737,bank_hold,det,win10,cmalpha_x0.7,0.0,,0.33333333333333337,
737,bank_hold,det,whole,clo_+0.1,0.23076923076923078,0.42857142857142855,0.6239316239316239,
737,bank_hold,det,win5,clo_+0.1,0.23076923076923078,0.42857142857142855,0.5042735042735043,
737,bank_hold,det,win10,clo_+0.1,0.23076923076923078,0.42857142857142855,0.5384615384615384,
737,bank_hold,det,whole,noop,,,,0.0
737,bank_hold,det,win5,noop,,,,0.0
737,bank_hold,det,win10,noop,,,,0.0
737,bank_hold,sig,whole,inertia_x1.6,0.18181818181818182,1.0,,
737,bank_hold,sig,win5,inertia_x1.6,0.09090909090909091,1.0,,
737,bank_hold,sig,win10,inertia_x1.6,0.18181818181818182,1.0,,
737,bank_hold,sig,whole,cmq_x0.5,0.23076923076923078,1.0,0.5726495726495726,
737,bank_hold,sig,win5,cmq_x0.5,0.3076923076923077,0.8,0.5384615384615385,
737,bank_hold,sig,win10,cmq_x0.5,0.3076923076923077,1.0,0.5897435897435899,
737,bank_hold,sig,whole,cmalpha_x0.7,0.3076923076923077,1.0,0.4102564102564103,
737,bank_hold,sig,win5,cmalpha_x0.7,0.3076923076923077,0.6666666666666666,0.5299145299145299,
737,bank_hold,sig,win10,cmalpha_x0.7,0.3076923076923077,0.6666666666666666,0.48717948717948717,
737,bank_hold,sig,whole,clo_+0.1,0.15384615384615385,1.0,0.6068376068376069,
737,bank_hold,sig,win5,clo_+0.1,0.38461538461538464,0.625,0.6153846153846154,
737,bank_hold,sig,win10,clo_+0.1,0.23076923076923078,0.6,0.6495726495726496,
737,bank_hold,sig,whole,noop,,,,0.13636363636363635
737,bank_hold,sig,win5,noop,,,,0.22727272727272727
737,bank_hold,sig,win10,noop,,,,0.13636363636363635
737,flap_extend,det,whole,inertia_x1.6,0.09090909090909091,1.0,,
737,flap_extend,det,win5,inertia_x1.6,0.045454545454545456,1.0,,
737,flap_extend,det,win10,inertia_x1.6,0.045454545454545456,1.0,,
737,flap_extend,det,whole,cmq_x0.5,0.15384615384615385,0.6666666666666666,0.8205128205128205,
737,flap_extend,det,win5,cmq_x0.5,0.07692307692307693,0.5,0.7777777777777778,
737,flap_extend,det,win10,cmq_x0.5,0.15384615384615385,0.6666666666666666,0.7692307692307693,
737,flap_extend,det,whole,cmalpha_x0.7,0.0,0.0,0.6837606837606838,
737,flap_extend,det,win5,cmalpha_x0.7,0.23076923076923078,0.75,0.6239316239316239,
737,flap_extend,det,win10,cmalpha_x0.7,0.23076923076923078,1.0,0.6752136752136753,
737,flap_extend,det,whole,clo_+0.1,0.8461538461538461,1.0,0.8376068376068376,
737,flap_extend,det,win5,clo_+0.1,0.8461538461538461,1.0,0.8376068376068375,
737,flap_extend,det,win10,clo_+0.1,0.8461538461538461,1.0,0.8205128205128205,
737,flap_extend,det,whole,noop,,,,0.09090909090909091
737,flap_extend,det,win5,noop,,,,0.045454545454545456
737,flap_extend,det,win10,noop,,,,0.045454545454545456
737,flap_extend,sig,whole,inertia_x1.6,0.0,,,
737,flap_extend,sig,win5,inertia_x1.6,0.0,,,
737,flap_extend,sig,win10,inertia_x1.6,0.045454545454545456,1.0,,
737,flap_extend,sig,whole,cmq_x0.5,0.15384615384615385,0.5,0.1794871794871795,
737,flap_extend,sig,win5,cmq_x0.5,0.0,,0.3162393162393162,
737,flap_extend,sig,win10,cmq_x0.5,0.0,,0.1965811965811966,
737,flap_extend,sig,whole,cmalpha_x0.7,0.0,0.0,0.32478632478632485,
737,flap_extend,sig,win5,cmalpha_x0.7,0.07692307692307693,1.0,0.3931623931623932,
737,flap_extend,sig,win10,cmalpha_x0.7,0.07692307692307693,1.0,0.35042735042735046,
737,flap_extend,sig,whole,clo_+0.1,0.5384615384615384,1.0,0.6666666666666665,
737,flap_extend,sig,win5,clo_+0.1,0.3076923076923077,0.8,0.5641025641025641,
737,flap_extend,sig,win10,clo_+0.1,0.38461538461538464,1.0,0.6239316239316239,
737,flap_extend,sig,whole,noop,,,,0.045454545454545456
737,flap_extend,sig,win5,noop,,,,0.045454545454545456
737,flap_extend,sig,win10,noop,,,,0.045454545454545456
737,engine_cut,det,whole,inertia_x1.6,0.0,,,
737,engine_cut,det,win5,inertia_x1.6,0.0,,,
737,engine_cut,det,win10,inertia_x1.6,0.0,,,
737,engine_cut,det,whole,cmq_x0.5,0.0,,0.36752136752136755,
737,engine_cut,det,win5,cmq_x0.5,0.0,,0.4017094017094017,
737,engine_cut,det,win10,cmq_x0.5,0.0,,0.3076923076923077,
737,engine_cut,det,whole,cmalpha_x0.7,0.0,,0.1025641025641026,
737,engine_cut,det,win5,cmalpha_x0.7,0.0,,0.11965811965811965,
737,engine_cut,det,win10,cmalpha_x0.7,0.0,,0.11965811965811968,
737,engine_cut,det,whole,clo_+0.1,0.46153846153846156,0.8571428571428571,0.5982905982905983,
737,engine_cut,det,win5,clo_+0.1,0.46153846153846156,1.0,0.7692307692307692,
737,engine_cut,det,win10,clo_+0.1,0.46153846153846156,1.0,0.7521367521367522,
737,engine_cut,det,whole,noop,,,,0.0
737,engine_cut,det,win5,noop,,,,0.0
737,engine_cut,det,win10,noop,,,,0.0
737,engine_cut,sig,whole,inertia_x1.6,0.0,,,
737,engine_cut,sig,win5,inertia_x1.6,0.09090909090909091,1.0,,
737,engine_cut,sig,win10,inertia_x1.6,0.0,,,
737,engine_cut,sig,whole,cmq_x0.5,0.07692307692307693,1.0,0.6153846153846154,
737,engine_cut,sig,win5,cmq_x0.5,0.07692307692307693,0.5,0.6837606837606838,
737,engine_cut,sig,win10,cmq_x0.5,0.07692307692307693,1.0,0.7606837606837606,
737,engine_cut,sig,whole,cmalpha_x0.7,0.0,0.0,0.45299145299145305,
737,engine_cut,sig,win5,cmalpha_x0.7,0.07692307692307693,1.0,0.5897435897435898,
737,engine_cut,sig,win10,cmalpha_x0.7,0.07692307692307693,1.0,0.7008547008547008,
737,engine_cut,sig,whole,clo_+0.1,0.38461538461538464,1.0,0.5042735042735043,
737,engine_cut,sig,win5,clo_+0.1,0.3076923076923077,0.8,0.46153846153846156,
737,engine_cut,sig,win10,clo_+0.1,0.3076923076923077,0.8,0.47863247863247865,
737,engine_cut,sig,whole,noop,,,,0.045454545454545456
737,engine_cut,sig,win5,noop,,,,0.09090909090909091
737,engine_cut,sig,win10,noop,,,,0.045454545454545456
737,climbing_turn,det,whole,inertia_x1.6,0.09090909090909091,1.0,,
737,climbing_turn,det,win5,inertia_x1.6,0.09090909090909091,1.0,,
737,climbing_turn,det,win10,inertia_x1.6,0.09090909090909091,1.0,,
737,climbing_turn,det,whole,cmq_x0.5,0.07692307692307693,1.0,0.5811965811965812,
737,climbing_turn,det,win5,cmq_x0.5,0.0,0.0,0.6324786324786326,
737,climbing_turn,det,win10,cmq_x0.5,0.07692307692307693,0.5,0.7350427350427351,
737,climbing_turn,det,whole,cmalpha_x0.7,0.07692307692307693,1.0,0.9230769230769231,
737,climbing_turn,det,win5,cmalpha_x0.7,0.07692307692307693,1.0,0.8717948717948718,
737,climbing_turn,det,win10,cmalpha_x0.7,0.07692307692307693,1.0,0.8632478632478633,
737,climbing_turn,det,whole,clo_+0.1,0.6923076923076923,1.0,0.8632478632478633,
737,climbing_turn,det,win5,clo_+0.1,0.6923076923076923,1.0,0.8632478632478633,
737,climbing_turn,det,win10,clo_+0.1,0.7692307692307693,0.9090909090909091,0.8632478632478633,
737,climbing_turn,det,whole,noop,,,,0.09090909090909091
737,climbing_turn,det,win5,noop,,,,0.09090909090909091
737,climbing_turn,det,win10,noop,,,,0.09090909090909091
737,climbing_turn,sig,whole,inertia_x1.6,0.09090909090909091,1.0,,
737,climbing_turn,sig,win5,inertia_x1.6,0.045454545454545456,1.0,,
737,climbing_turn,sig,win10,inertia_x1.6,0.045454545454545456,1.0,,
737,climbing_turn,sig,whole,cmq_x0.5,0.15384615384615385,0.6666666666666666,0.7350427350427351,
737,climbing_turn,sig,win5,cmq_x0.5,0.0,0.0,0.7863247863247864,
737,climbing_turn,sig,win10,cmq_x0.5,0.07692307692307693,1.0,0.8376068376068376,
737,climbing_turn,sig,whole,cmalpha_x0.7,0.15384615384615385,0.6666666666666666,0.735042735042735,
737,climbing_turn,sig,win5,cmalpha_x0.7,0.07692307692307693,1.0,0.6581196581196581,
737,climbing_turn,sig,win10,cmalpha_x0.7,0.07692307692307693,1.0,0.811965811965812,
737,climbing_turn,sig,whole,clo_+0.1,0.38461538461538464,0.625,0.5641025641025641,
737,climbing_turn,sig,win5,clo_+0.1,0.3076923076923077,0.6666666666666666,0.7863247863247863,
737,climbing_turn,sig,win10,clo_+0.1,0.23076923076923078,0.75,0.7863247863247864,
737,climbing_turn,sig,whole,noop,,,,0.13636363636363635
737,climbing_turn,sig,win5,noop,,,,0.045454545454545456
737,climbing_turn,sig,win10,noop,,,,0.0
737,elev_doublet_distractor,det,whole,inertia_x1.6,0.0,,,
737,elev_doublet_distractor,det,win5,inertia_x1.6,0.13636363636363635,1.0,,
737,elev_doublet_distractor,det,win10,inertia_x1.6,0.13636363636363635,1.0,,
737,elev_doublet_distractor,det,whole,cmq_x0.5,0.0,,0.5897435897435898,
737,elev_doublet_distractor,det,win5,cmq_x0.5,0.07692307692307693,1.0,0.6153846153846154,
737,elev_doublet_distractor,det,win10,cmq_x0.5,0.07692307692307693,1.0,0.5897435897435896,
737,elev_doublet_distractor,det,whole,cmalpha_x0.7,0.0,,0.6923076923076923,
737,elev_doublet_distractor,det,win5,cmalpha_x0.7,0.0,,0.5470085470085471,
737,elev_doublet_distractor,det,win10,cmalpha_x0.7,0.0,,0.5726495726495726,
737,elev_doublet_distractor,det,whole,clo_+0.1,0.7692307692307693,1.0,1.0,
737,elev_doublet_distractor,det,win5,clo_+0.1,0.7692307692307693,0.9090909090909091,1.0,
737,elev_doublet_distractor,det,win10,clo_+0.1,0.7692307692307693,1.0,1.0,
737,elev_doublet_distractor,det,whole,noop,,,,0.0
737,elev_doublet_distractor,det,win5,noop,,,,0.0
737,elev_doublet_distractor,det,win10,noop,,,,0.0
737,elev_doublet_distractor,sig,whole,inertia_x1.6,0.0,,,
737,elev_doublet_distractor,sig,win5,inertia_x1.6,0.0,,,
737,elev_doublet_distractor,sig,win10,inertia_x1.6,0.0,,,
737,elev_doublet_distractor,sig,whole,cmq_x0.5,0.0,0.0,0.6923076923076923,
737,elev_doublet_distractor,sig,win5,cmq_x0.5,0.0,0.0,0.717948717948718,
737,elev_doublet_distractor,sig,win10,cmq_x0.5,0.0,,0.641025641025641,
737,elev_doublet_distractor,sig,whole,cmalpha_x0.7,0.0,,0.5384615384615384,
737,elev_doublet_distractor,sig,win5,cmalpha_x0.7,0.0,,0.623931623931624,
737,elev_doublet_distractor,sig,win10,cmalpha_x0.7,0.07692307692307693,1.0,0.5726495726495727,
737,elev_doublet_distractor,sig,whole,clo_+0.1,0.3076923076923077,0.5714285714285714,0.6752136752136753,
737,elev_doublet_distractor,sig,win5,clo_+0.1,0.07692307692307693,0.25,0.5811965811965812,
737,elev_doublet_distractor,sig,win10,clo_+0.1,0.15384615384615385,0.5,0.6837606837606838,
737,elev_doublet_distractor,sig,whole,noop,,,,0.045454545454545456
737,elev_doublet_distractor,sig,win5,noop,,,,0.045454545454545456
737,elev_doublet_distractor,sig,win10,noop,,,,0.0
737,engine_restart,det,whole,inertia_x1.6,0.045454545454545456,1.0,,
737,engine_restart,det,win5,inertia_x1.6,0.09090909090909091,1.0,,
737,engine_restart,det,win10,inertia_x1.6,0.09090909090909091,1.0,,
737,engine_restart,det,whole,cmq_x0.5,0.0,0.0,0.6153846153846154,
737,engine_restart,det,win5,cmq_x0.5,0.07692307692307693,0.3333333333333333,0.717948717948718,
737,engine_restart,det,win10,cmq_x0.5,0.07692307692307693,0.5,0.7521367521367521,
737,engine_restart,det,whole,cmalpha_x0.7,0.23076923076923078,1.0,0.7094017094017094,
737,engine_restart,det,win5,cmalpha_x0.7,0.23076923076923078,0.75,0.7350427350427351,
737,engine_restart,det,win10,cmalpha_x0.7,0.3076923076923077,1.0,0.7435897435897436,
737,engine_restart,det,whole,clo_+0.1,0.8461538461538461,0.6470588235294118,0.7350427350427351,
737,engine_restart,det,win5,clo_+0.1,0.8461538461538461,0.7333333333333333,0.7179487179487181,
737,engine_restart,det,win10,clo_+0.1,0.8461538461538461,0.6470588235294118,0.717948717948718,
737,engine_restart,det,whole,noop,,,,0.09090909090909091
737,engine_restart,det,win5,noop,,,,0.09090909090909091
737,engine_restart,det,win10,noop,,,,0.09090909090909091
737,engine_restart,sig,whole,inertia_x1.6,0.045454545454545456,1.0,,
737,engine_restart,sig,win5,inertia_x1.6,0.045454545454545456,1.0,,
737,engine_restart,sig,win10,inertia_x1.6,0.045454545454545456,1.0,,
737,engine_restart,sig,whole,cmq_x0.5,0.3076923076923077,1.0,0.7435897435897436,
737,engine_restart,sig,win5,cmq_x0.5,0.3076923076923077,1.0,0.717948717948718,
737,engine_restart,sig,win10,cmq_x0.5,0.23076923076923078,0.75,0.6324786324786325,
737,engine_restart,sig,whole,cmalpha_x0.7,0.23076923076923078,0.75,0.5897435897435898,
737,engine_restart,sig,win5,cmalpha_x0.7,0.15384615384615385,0.6666666666666666,0.4188034188034188,
737,engine_restart,sig,win10,cmalpha_x0.7,0.07692307692307693,1.0,0.5128205128205128,
737,engine_restart,sig,whole,clo_+0.1,0.46153846153846156,0.75,0.7521367521367522,
737,engine_restart,sig,win5,clo_+0.1,0.7692307692307693,0.7692307692307693,0.7435897435897436,
737,engine_restart,sig,win10,clo_+0.1,0.46153846153846156,0.6666666666666666,0.717948717948718,
737,engine_restart,sig,whole,noop,,,,0.13636363636363635
737,engine_restart,sig,win5,noop,,,,0.13636363636363635
737,engine_restart,sig,win10,noop,,,,0.09090909090909091
787-8,cruise,det,whole,inertia_x1.6,0.045454545454545456,1.0,,
787-8,cruise,det,win5,inertia_x1.6,0.045454545454545456,1.0,,
787-8,cruise,det,win10,inertia_x1.6,0.045454545454545456,1.0,,
787-8,cruise,det,whole,cmq_x0.5,0.0,,0.6495726495726496,
787-8,cruise,det,win5,cmq_x0.5,0.0,,0.5982905982905984,
787-8,cruise,det,win10,cmq_x0.5,0.0,,0.5384615384615384,
787-8,cruise,det,whole,cmalpha_x0.7,0.46153846153846156,1.0,0.8376068376068377,
787-8,cruise,det,win5,cmalpha_x0.7,0.38461538461538464,1.0,0.8034188034188033,
787-8,cruise,det,win10,cmalpha_x0.7,0.5384615384615384,0.875,0.7863247863247863,
787-8,cruise,det,whole,clo_+0.1,0.5384615384615384,1.0,0.6581196581196582,
787-8,cruise,det,win5,clo_+0.1,0.46153846153846156,1.0,0.5982905982905983,
787-8,cruise,det,win10,clo_+0.1,0.5384615384615384,0.875,0.6153846153846154,
787-8,cruise,det,whole,noop,,,,0.0
787-8,cruise,det,win5,noop,,,,0.0
787-8,cruise,det,win10,noop,,,,0.0
787-8,cruise,sig,whole,inertia_x1.6,0.13636363636363635,1.0,,
787-8,cruise,sig,win5,inertia_x1.6,0.09090909090909091,1.0,,
787-8,cruise,sig,win10,inertia_x1.6,0.045454545454545456,1.0,,
787-8,cruise,sig,whole,cmq_x0.5,0.0,0.0,0.5726495726495727,
787-8,cruise,sig,win5,cmq_x0.5,0.0,,0.5726495726495726,
787-8,cruise,sig,win10,cmq_x0.5,0.07692307692307693,0.5,0.5641025641025641,
787-8,cruise,sig,whole,cmalpha_x0.7,0.23076923076923078,0.5,0.547008547008547,
787-8,cruise,sig,win5,cmalpha_x0.7,0.15384615384615385,0.4,0.6068376068376069,
787-8,cruise,sig,win10,cmalpha_x0.7,0.07692307692307693,0.25,0.6153846153846154,
787-8,cruise,sig,whole,clo_+0.1,0.23076923076923078,0.42857142857142855,0.4358974358974359,
787-8,cruise,sig,win5,clo_+0.1,0.3076923076923077,0.6666666666666666,0.4444444444444445,
787-8,cruise,sig,win10,clo_+0.1,0.23076923076923078,0.6,0.5042735042735043,
787-8,cruise,sig,whole,noop,,,,0.13636363636363635
787-8,cruise,sig,win5,noop,,,,0.045454545454545456
787-8,cruise,sig,win10,noop,,,,0.09090909090909091
787-8,throttle_step,det,whole,inertia_x1.6,0.045454545454545456,1.0,,
787-8,throttle_step,det,win5,inertia_x1.6,0.0,,,
787-8,throttle_step,det,win10,inertia_x1.6,0.0,,,
787-8,throttle_step,det,whole,cmq_x0.5,0.0,,0.41025641025641024,
787-8,throttle_step,det,win5,cmq_x0.5,0.0,,0.36752136752136755,
787-8,throttle_step,det,win10,cmq_x0.5,0.0,,0.2735042735042735,
787-8,throttle_step,det,whole,cmalpha_x0.7,0.3076923076923077,0.6666666666666666,0.2991452991452992,
787-8,throttle_step,det,win5,cmalpha_x0.7,0.3076923076923077,0.6666666666666666,0.4444444444444445,
787-8,throttle_step,det,win10,cmalpha_x0.7,0.3076923076923077,0.6666666666666666,0.4444444444444444,
787-8,throttle_step,det,whole,clo_+0.1,0.38461538461538464,0.8333333333333334,0.6923076923076923,
787-8,throttle_step,det,win5,clo_+0.1,0.46153846153846156,0.75,0.7094017094017094,
787-8,throttle_step,det,win10,clo_+0.1,0.46153846153846156,0.75,0.7094017094017093,
787-8,throttle_step,det,whole,noop,,,,0.0
787-8,throttle_step,det,win5,noop,,,,0.0
787-8,throttle_step,det,win10,noop,,,,0.0
787-8,throttle_step,sig,whole,inertia_x1.6,0.0,,,
787-8,throttle_step,sig,win5,inertia_x1.6,0.0,,,
787-8,throttle_step,sig,win10,inertia_x1.6,0.0,,,
787-8,throttle_step,sig,whole,cmq_x0.5,0.0,,0.8376068376068376,
787-8,throttle_step,sig,win5,cmq_x0.5,0.0,,0.6324786324786325,
787-8,throttle_step,sig,win10,cmq_x0.5,0.0,0.0,0.7777777777777778,
787-8,throttle_step,sig,whole,cmalpha_x0.7,0.3076923076923077,0.8,0.5641025641025641,
787-8,throttle_step,sig,win5,cmalpha_x0.7,0.23076923076923078,0.75,0.7948717948717948,
787-8,throttle_step,sig,win10,cmalpha_x0.7,0.23076923076923078,0.75,0.7179487179487181,
787-8,throttle_step,sig,whole,clo_+0.1,0.23076923076923078,1.0,0.6239316239316239,
787-8,throttle_step,sig,win5,clo_+0.1,0.15384615384615385,1.0,0.717948717948718,
787-8,throttle_step,sig,win10,clo_+0.1,0.23076923076923078,1.0,0.7264957264957266,
787-8,throttle_step,sig,whole,noop,,,,0.0
787-8,throttle_step,sig,win5,noop,,,,0.0
787-8,throttle_step,sig,win10,noop,,,,0.045454545454545456
787-8,elev_doublet,det,whole,inertia_x1.6,0.045454545454545456,1.0,,
787-8,elev_doublet,det,win5,inertia_x1.6,0.045454545454545456,1.0,,
787-8,elev_doublet,det,win10,inertia_x1.6,0.045454545454545456,1.0,,
787-8,elev_doublet,det,whole,cmq_x0.5,0.07692307692307693,1.0,0.45299145299145305,
787-8,elev_doublet,det,win5,cmq_x0.5,0.15384615384615385,1.0,0.4358974358974359,
787-8,elev_doublet,det,win10,cmq_x0.5,0.23076923076923078,1.0,0.4358974358974359,
787-8,elev_doublet,det,whole,cmalpha_x0.7,0.5384615384615384,1.0,0.9658119658119658,
787-8,elev_doublet,det,win5,cmalpha_x0.7,0.5384615384615384,1.0,0.9401709401709403,
787-8,elev_doublet,det,win10,cmalpha_x0.7,0.5384615384615384,1.0,0.846153846153846,
787-8,elev_doublet,det,whole,clo_+0.1,0.6923076923076923,1.0,0.8376068376068376,
787-8,elev_doublet,det,win5,clo_+0.1,0.7692307692307693,0.8333333333333334,0.829059829059829,
787-8,elev_doublet,det,win10,clo_+0.1,0.7692307692307693,1.0,0.8461538461538461,
787-8,elev_doublet,det,whole,noop,,,,0.0
787-8,elev_doublet,det,win5,noop,,,,0.0
787-8,elev_doublet,det,win10,noop,,,,0.0
787-8,elev_doublet,sig,whole,inertia_x1.6,0.045454545454545456,1.0,,
787-8,elev_doublet,sig,win5,inertia_x1.6,0.09090909090909091,1.0,,
787-8,elev_doublet,sig,win10,inertia_x1.6,0.09090909090909091,1.0,,
787-8,elev_doublet,sig,whole,cmq_x0.5,0.07692307692307693,1.0,0.5128205128205128,
787-8,elev_doublet,sig,win5,cmq_x0.5,0.07692307692307693,1.0,0.4700854700854701,
787-8,elev_doublet,sig,win10,cmq_x0.5,0.07692307692307693,0.5,0.3504273504273504,
787-8,elev_doublet,sig,whole,cmalpha_x0.7,0.0,0.0,0.46153846153846156,
787-8,elev_doublet,sig,win5,cmalpha_x0.7,0.07692307692307693,0.5,0.5811965811965812,
787-8,elev_doublet,sig,win10,cmalpha_x0.7,0.07692307692307693,0.3333333333333333,0.5897435897435898,
787-8,elev_doublet,sig,whole,clo_+0.1,0.23076923076923078,1.0,0.5897435897435898,
787-8,elev_doublet,sig,win5,clo_+0.1,0.3076923076923077,1.0,0.5555555555555556,
787-8,elev_doublet,sig,win10,clo_+0.1,0.23076923076923078,1.0,0.5641025641025641,
787-8,elev_doublet,sig,whole,noop,,,,0.045454545454545456
787-8,elev_doublet,sig,win5,noop,,,,0.045454545454545456
787-8,elev_doublet,sig,win10,noop,,,,0.09090909090909091
787-8,elev_step,det,whole,inertia_x1.6,0.045454545454545456,1.0,,
787-8,elev_step,det,win5,inertia_x1.6,0.045454545454545456,1.0,,
787-8,elev_step,det,win10,inertia_x1.6,0.0,,,
787-8,elev_step,det,whole,cmq_x0.5,0.0,,0.33333333333333337,
787-8,elev_step,det,win5,cmq_x0.5,0.0,,0.7777777777777778,
787-8,elev_step,det,win10,cmq_x0.5,0.0,,0.38461538461538464,
787-8,elev_step,det,whole,cmalpha_x0.7,0.7692307692307693,1.0,0.8717948717948718,
787-8,elev_step,det,win5,cmalpha_x0.7,0.7692307692307693,1.0,0.8547008547008547,
787-8,elev_step,det,win10,cmalpha_x0.7,0.7692307692307693,1.0,0.888888888888889,
787-8,elev_step,det,whole,clo_+0.1,0.5384615384615384,1.0,0.7264957264957266,
787-8,elev_step,det,win5,clo_+0.1,0.6923076923076923,1.0,0.7863247863247864,
787-8,elev_step,det,win10,clo_+0.1,0.6923076923076923,1.0,0.7863247863247864,
787-8,elev_step,det,whole,noop,,,,0.0
787-8,elev_step,det,win5,noop,,,,0.0
787-8,elev_step,det,win10,noop,,,,0.0
787-8,elev_step,sig,whole,inertia_x1.6,0.0,,,
787-8,elev_step,sig,win5,inertia_x1.6,0.045454545454545456,1.0,,
787-8,elev_step,sig,win10,inertia_x1.6,0.045454545454545456,1.0,,
787-8,elev_step,sig,whole,cmq_x0.5,0.07692307692307693,1.0,0.39316239316239315,
787-8,elev_step,sig,win5,cmq_x0.5,0.07692307692307693,1.0,0.33333333333333337,
787-8,elev_step,sig,win10,cmq_x0.5,0.0,,0.28205128205128205,
787-8,elev_step,sig,whole,cmalpha_x0.7,0.23076923076923078,1.0,0.3846153846153847,
787-8,elev_step,sig,win5,cmalpha_x0.7,0.07692307692307693,0.5,0.5128205128205129,
787-8,elev_step,sig,win10,cmalpha_x0.7,0.15384615384615385,1.0,0.5213675213675214,
787-8,elev_step,sig,whole,clo_+0.1,0.3076923076923077,1.0,0.4444444444444444,
787-8,elev_step,sig,win5,clo_+0.1,0.46153846153846156,1.0,0.6837606837606838,
787-8,elev_step,sig,win10,clo_+0.1,0.3076923076923077,1.0,0.5213675213675214,
787-8,elev_step,sig,whole,noop,,,,0.0
787-8,elev_step,sig,win5,noop,,,,0.09090909090909091
787-8,elev_step,sig,win10,noop,,,,0.0
787-8,aileron_step,det,whole,inertia_x1.6,0.045454545454545456,1.0,,
787-8,aileron_step,det,win5,inertia_x1.6,0.0,,,
787-8,aileron_step,det,win10,inertia_x1.6,0.0,,,
787-8,aileron_step,det,whole,cmq_x0.5,0.0,,0.6410256410256411,
787-8,aileron_step,det,win5,cmq_x0.5,0.0,,0.5982905982905984,
787-8,aileron_step,det,win10,cmq_x0.5,0.0,,0.5128205128205129,
787-8,aileron_step,det,whole,cmalpha_x0.7,0.3076923076923077,1.0,0.735042735042735,
787-8,aileron_step,det,win5,cmalpha_x0.7,0.23076923076923078,1.0,0.8205128205128206,
787-8,aileron_step,det,win10,cmalpha_x0.7,0.23076923076923078,1.0,0.7692307692307693,
787-8,aileron_step,det,whole,clo_+0.1,0.5384615384615384,0.875,0.6239316239316239,
787-8,aileron_step,det,win5,clo_+0.1,0.5384615384615384,1.0,0.6752136752136753,
787-8,aileron_step,det,win10,clo_+0.1,0.5384615384615384,1.0,0.6581196581196581,
787-8,aileron_step,det,whole,noop,,,,0.0
787-8,aileron_step,det,win5,noop,,,,0.0
787-8,aileron_step,det,win10,noop,,,,0.0
787-8,aileron_step,sig,whole,inertia_x1.6,0.0,,,
787-8,aileron_step,sig,win5,inertia_x1.6,0.0,,,
787-8,aileron_step,sig,win10,inertia_x1.6,0.0,,,
787-8,aileron_step,sig,whole,cmq_x0.5,0.0,,0.5641025641025641,
787-8,aileron_step,sig,win5,cmq_x0.5,0.0,0.0,0.5213675213675214,
787-8,aileron_step,sig,win10,cmq_x0.5,0.0,,0.6239316239316239,
787-8,aileron_step,sig,whole,cmalpha_x0.7,0.23076923076923078,0.6,0.7863247863247864,
787-8,aileron_step,sig,win5,cmalpha_x0.7,0.07692307692307693,1.0,0.8974358974358975,
787-8,aileron_step,sig,win10,cmalpha_x0.7,0.38461538461538464,1.0,0.7863247863247864,
787-8,aileron_step,sig,whole,clo_+0.1,0.15384615384615385,0.6666666666666666,0.5726495726495726,
787-8,aileron_step,sig,win5,clo_+0.1,0.15384615384615385,0.6666666666666666,0.6752136752136753,
787-8,aileron_step,sig,win10,clo_+0.1,0.15384615384615385,1.0,0.5897435897435898,
787-8,aileron_step,sig,whole,noop,,,,0.0
787-8,aileron_step,sig,win5,noop,,,,0.045454545454545456
787-8,aileron_step,sig,win10,noop,,,,0.045454545454545456
787-8,rudder_doublet,det,whole,inertia_x1.6,0.045454545454545456,1.0,,
787-8,rudder_doublet,det,win5,inertia_x1.6,0.045454545454545456,1.0,,
787-8,rudder_doublet,det,win10,inertia_x1.6,0.09090909090909091,1.0,,
787-8,rudder_doublet,det,whole,cmq_x0.5,0.0,,0.5641025641025641,
787-8,rudder_doublet,det,win5,cmq_x0.5,0.0,0.0,0.4871794871794872,
787-8,rudder_doublet,det,win10,cmq_x0.5,0.0,0.0,0.5213675213675214,
787-8,rudder_doublet,det,whole,cmalpha_x0.7,0.3076923076923077,1.0,0.52991452991453,
787-8,rudder_doublet,det,win5,cmalpha_x0.7,0.23076923076923078,0.75,0.5042735042735043,
787-8,rudder_doublet,det,win10,cmalpha_x0.7,0.23076923076923078,0.75,0.5897435897435898,
787-8,rudder_doublet,det,whole,clo_+0.1,0.46153846153846156,1.0,0.6495726495726496,
787-8,rudder_doublet,det,win5,clo_+0.1,0.46153846153846156,0.8571428571428571,0.6581196581196582,
787-8,rudder_doublet,det,win10,clo_+0.1,0.46153846153846156,1.0,0.6153846153846154,
787-8,rudder_doublet,det,whole,noop,,,,0.0
787-8,rudder_doublet,det,win5,noop,,,,0.045454545454545456
787-8,rudder_doublet,det,win10,noop,,,,0.045454545454545456
787-8,rudder_doublet,sig,whole,inertia_x1.6,0.0,,,
787-8,rudder_doublet,sig,win5,inertia_x1.6,0.0,,,
787-8,rudder_doublet,sig,win10,inertia_x1.6,0.045454545454545456,1.0,,
787-8,rudder_doublet,sig,whole,cmq_x0.5,0.07692307692307693,1.0,0.6923076923076923,
787-8,rudder_doublet,sig,win5,cmq_x0.5,0.0,,0.6324786324786325,
787-8,rudder_doublet,sig,win10,cmq_x0.5,0.07692307692307693,1.0,0.6239316239316239,
787-8,rudder_doublet,sig,whole,cmalpha_x0.7,0.46153846153846156,0.75,0.6324786324786325,
787-8,rudder_doublet,sig,win5,cmalpha_x0.7,0.5384615384615384,0.7,0.6239316239316239,
787-8,rudder_doublet,sig,win10,cmalpha_x0.7,0.38461538461538464,0.7142857142857143,0.7008547008547008,
787-8,rudder_doublet,sig,whole,clo_+0.1,0.0,0.0,0.4102564102564103,
787-8,rudder_doublet,sig,win5,clo_+0.1,0.07692307692307693,0.5,0.46153846153846156,
787-8,rudder_doublet,sig,win10,clo_+0.1,0.0,0.0,0.36752136752136755,
787-8,rudder_doublet,sig,whole,noop,,,,0.045454545454545456
787-8,rudder_doublet,sig,win5,noop,,,,0.045454545454545456
787-8,rudder_doublet,sig,win10,noop,,,,0.0
787-8,bank_hold,det,whole,inertia_x1.6,0.045454545454545456,1.0,,
787-8,bank_hold,det,win5,inertia_x1.6,0.0,,,
787-8,bank_hold,det,win10,inertia_x1.6,0.09090909090909091,1.0,,
787-8,bank_hold,det,whole,cmq_x0.5,0.0,,0.6239316239316239,
787-8,bank_hold,det,win5,cmq_x0.5,0.0,,0.4444444444444445,
787-8,bank_hold,det,win10,cmq_x0.5,0.15384615384615385,1.0,0.5213675213675213,
787-8,bank_hold,det,whole,cmalpha_x0.7,0.38461538461538464,0.8333333333333334,0.641025641025641,
787-8,bank_hold,det,win5,cmalpha_x0.7,0.5384615384615384,0.875,0.6153846153846154,
787-8,bank_hold,det,win10,cmalpha_x0.7,0.5384615384615384,0.875,0.6581196581196582,
787-8,bank_hold,det,whole,clo_+0.1,0.6153846153846154,0.8,0.7094017094017093,
787-8,bank_hold,det,win5,clo_+0.1,0.5384615384615384,0.875,0.6752136752136751,
787-8,bank_hold,det,win10,clo_+0.1,0.5384615384615384,0.7777777777777778,0.6923076923076924,
787-8,bank_hold,det,whole,noop,,,,0.0
787-8,bank_hold,det,win5,noop,,,,0.0
787-8,bank_hold,det,win10,noop,,,,0.045454545454545456
787-8,bank_hold,sig,whole,inertia_x1.6,0.0,,,
787-8,bank_hold,sig,win5,inertia_x1.6,0.045454545454545456,1.0,,
787-8,bank_hold,sig,win10,inertia_x1.6,0.045454545454545456,1.0,,
787-8,bank_hold,sig,whole,cmq_x0.5,0.0,,0.6495726495726495,
787-8,bank_hold,sig,win5,cmq_x0.5,0.0,,0.6153846153846154,
787-8,bank_hold,sig,win10,cmq_x0.5,0.07692307692307693,1.0,0.5726495726495726,
787-8,bank_hold,sig,whole,cmalpha_x0.7,0.23076923076923078,1.0,0.6752136752136753,
787-8,bank_hold,sig,win5,cmalpha_x0.7,0.07692307692307693,1.0,0.7777777777777778,
787-8,bank_hold,sig,win10,cmalpha_x0.7,0.15384615384615385,1.0,0.7435897435897436,
787-8,bank_hold,sig,whole,clo_+0.1,0.07692307692307693,0.5,0.5982905982905983,
787-8,bank_hold,sig,win5,clo_+0.1,0.15384615384615385,0.6666666666666666,0.6410256410256411,
787-8,bank_hold,sig,win10,clo_+0.1,0.15384615384615385,1.0,0.7094017094017094,
787-8,bank_hold,sig,whole,noop,,,,0.0
787-8,bank_hold,sig,win5,noop,,,,0.045454545454545456
787-8,bank_hold,sig,win10,noop,,,,0.045454545454545456
787-8,flap_extend,det,whole,inertia_x1.6,0.0,,,
787-8,flap_extend,det,win5,inertia_x1.6,0.0,,,
787-8,flap_extend,det,win10,inertia_x1.6,0.0,,,
787-8,flap_extend,det,whole,cmq_x0.5,0.3076923076923077,1.0,0.7435897435897436,
787-8,flap_extend,det,win5,cmq_x0.5,0.38461538461538464,1.0,0.9145299145299146,
787-8,flap_extend,det,win10,cmq_x0.5,0.38461538461538464,1.0,0.8888888888888888,
787-8,flap_extend,det,whole,cmalpha_x0.7,0.6153846153846154,1.0,0.8717948717948719,
787-8,flap_extend,det,win5,cmalpha_x0.7,0.7692307692307693,0.9090909090909091,0.8974358974358975,
787-8,flap_extend,det,win10,cmalpha_x0.7,0.7692307692307693,0.9090909090909091,0.888888888888889,
787-8,flap_extend,det,whole,clo_+0.1,0.6923076923076923,1.0,0.8376068376068376,
787-8,flap_extend,det,win5,clo_+0.1,0.7692307692307693,1.0,0.8461538461538461,
787-8,flap_extend,det,win10,clo_+0.1,0.6923076923076923,1.0,0.8547008547008547,
787-8,flap_extend,det,whole,noop,,,,0.0
787-8,flap_extend,det,win5,noop,,,,0.0
787-8,flap_extend,det,win10,noop,,,,0.0
787-8,flap_extend,sig,whole,inertia_x1.6,0.045454545454545456,1.0,,
787-8,flap_extend,sig,win5,inertia_x1.6,0.045454545454545456,1.0,,
787-8,flap_extend,sig,win10,inertia_x1.6,0.045454545454545456,1.0,,
787-8,flap_extend,sig,whole,cmq_x0.5,0.07692307692307693,1.0,0.4871794871794872,
787-8,flap_extend,sig,win5,cmq_x0.5,0.07692307692307693,1.0,0.33333333333333337,
787-8,flap_extend,sig,win10,cmq_x0.5,0.07692307692307693,1.0,0.25641025641025644,
787-8,flap_extend,sig,whole,cmalpha_x0.7,0.3076923076923077,0.6666666666666666,0.4102564102564103,
787-8,flap_extend,sig,win5,cmalpha_x0.7,0.3076923076923077,0.8,0.38461538461538464,
787-8,flap_extend,sig,win10,cmalpha_x0.7,0.3076923076923077,0.6666666666666666,0.4444444444444444,
787-8,flap_extend,sig,whole,clo_+0.1,0.23076923076923078,1.0,0.5470085470085471,
787-8,flap_extend,sig,win5,clo_+0.1,0.46153846153846156,1.0,0.5726495726495727,
787-8,flap_extend,sig,win10,clo_+0.1,0.46153846153846156,0.8571428571428571,0.5128205128205128,
787-8,flap_extend,sig,whole,noop,,,,0.0
787-8,flap_extend,sig,win5,noop,,,,0.0
787-8,flap_extend,sig,win10,noop,,,,0.0
787-8,engine_cut,det,whole,inertia_x1.6,0.0,,,
787-8,engine_cut,det,win5,inertia_x1.6,0.0,,,
787-8,engine_cut,det,win10,inertia_x1.6,0.0,,,
787-8,engine_cut,det,whole,cmq_x0.5,0.15384615384615385,1.0,0.5384615384615385,
787-8,engine_cut,det,win5,cmq_x0.5,0.15384615384615385,1.0,0.4871794871794872,
787-8,engine_cut,det,win10,cmq_x0.5,0.15384615384615385,1.0,0.4700854700854702,
787-8,engine_cut,det,whole,cmalpha_x0.7,0.07692307692307693,1.0,0.3931623931623932,
787-8,engine_cut,det,win5,cmalpha_x0.7,0.07692307692307693,1.0,0.3162393162393162,
787-8,engine_cut,det,win10,cmalpha_x0.7,0.07692307692307693,1.0,0.2991452991452992,
787-8,engine_cut,det,whole,clo_+0.1,0.5384615384615384,1.0,0.7008547008547009,
787-8,engine_cut,det,win5,clo_+0.1,0.46153846153846156,1.0,0.7521367521367521,
787-8,engine_cut,det,win10,clo_+0.1,0.46153846153846156,1.0,0.6495726495726495,
787-8,engine_cut,det,whole,noop,,,,0.09090909090909091
787-8,engine_cut,det,win5,noop,,,,0.0
787-8,engine_cut,det,win10,noop,,,,0.045454545454545456
787-8,engine_cut,sig,whole,inertia_x1.6,0.0,,,
787-8,engine_cut,sig,win5,inertia_x1.6,0.09090909090909091,1.0,,
787-8,engine_cut,sig,win10,inertia_x1.6,0.0,,,
787-8,engine_cut,sig,whole,cmq_x0.5,0.07692307692307693,1.0,0.22222222222222227,
787-8,engine_cut,sig,win5,cmq_x0.5,0.07692307692307693,1.0,0.22222222222222227,
787-8,engine_cut,sig,win10,cmq_x0.5,0.0,0.0,0.17094017094017097,
787-8,engine_cut,sig,whole,cmalpha_x0.7,0.07692307692307693,0.5,0.46153846153846156,
787-8,engine_cut,sig,win5,cmalpha_x0.7,0.07692307692307693,1.0,0.5811965811965812,
787-8,engine_cut,sig,win10,cmalpha_x0.7,0.07692307692307693,1.0,0.6324786324786325,
787-8,engine_cut,sig,whole,clo_+0.1,0.3076923076923077,0.8,0.6410256410256411,
787-8,engine_cut,sig,win5,clo_+0.1,0.23076923076923078,1.0,0.6666666666666667,
787-8,engine_cut,sig,win10,clo_+0.1,0.3076923076923077,1.0,0.6324786324786325,
787-8,engine_cut,sig,whole,noop,,,,0.045454545454545456
787-8,engine_cut,sig,win5,noop,,,,0.045454545454545456
787-8,engine_cut,sig,win10,noop,,,,0.045454545454545456
787-8,climbing_turn,det,whole,inertia_x1.6,0.0,,,
787-8,climbing_turn,det,win5,inertia_x1.6,0.0,,,
787-8,climbing_turn,det,win10,inertia_x1.6,0.0,,,
787-8,climbing_turn,det,whole,cmq_x0.5,0.07692307692307693,1.0,0.5811965811965812,
787-8,climbing_turn,det,win5,cmq_x0.5,0.07692307692307693,1.0,0.45299145299145305,
787-8,climbing_turn,det,win10,cmq_x0.5,0.15384615384615385,1.0,0.41880341880341887,
787-8,climbing_turn,det,whole,cmalpha_x0.7,0.6923076923076923,1.0,0.8205128205128206,
787-8,climbing_turn,det,win5,cmalpha_x0.7,0.6923076923076923,1.0,0.7948717948717949,
787-8,climbing_turn,det,win10,cmalpha_x0.7,0.6923076923076923,1.0,0.7692307692307693,
787-8,climbing_turn,det,whole,clo_+0.1,0.5384615384615384,1.0,0.641025641025641,
787-8,climbing_turn,det,win5,clo_+0.1,0.46153846153846156,1.0,0.5811965811965812,
787-8,climbing_turn,det,win10,clo_+0.1,0.3076923076923077,1.0,0.623931623931624,
787-8,climbing_turn,det,whole,noop,,,,0.045454545454545456
787-8,climbing_turn,det,win5,noop,,,,0.0
787-8,climbing_turn,det,win10,noop,,,,0.0
787-8,climbing_turn,sig,whole,inertia_x1.6,0.0,,,
787-8,climbing_turn,sig,win5,inertia_x1.6,0.045454545454545456,1.0,,
787-8,climbing_turn,sig,win10,inertia_x1.6,0.045454545454545456,1.0,,
787-8,climbing_turn,sig,whole,cmq_x0.5,0.0,,0.6068376068376069,
787-8,climbing_turn,sig,win5,cmq_x0.5,0.15384615384615385,0.6666666666666666,0.6752136752136753,
787-8,climbing_turn,sig,win10,cmq_x0.5,0.15384615384615385,1.0,0.6837606837606838,
787-8,climbing_turn,sig,whole,cmalpha_x0.7,0.5384615384615384,1.0,0.8717948717948718,
787-8,climbing_turn,sig,win5,cmalpha_x0.7,0.3076923076923077,1.0,0.8803418803418803,
787-8,climbing_turn,sig,win10,cmalpha_x0.7,0.5384615384615384,1.0,0.8290598290598291,
787-8,climbing_turn,sig,whole,clo_+0.1,0.46153846153846156,0.75,0.5811965811965811,
787-8,climbing_turn,sig,win5,clo_+0.1,0.5384615384615384,0.7777777777777778,0.8290598290598291,
787-8,climbing_turn,sig,win10,clo_+0.1,0.5384615384615384,0.7777777777777778,0.7863247863247863,
787-8,climbing_turn,sig,whole,noop,,,,0.0
787-8,climbing_turn,sig,win5,noop,,,,0.09090909090909091
787-8,climbing_turn,sig,win10,noop,,,,0.0
787-8,elev_doublet_distractor,det,whole,inertia_x1.6,0.045454545454545456,1.0,,
787-8,elev_doublet_distractor,det,win5,inertia_x1.6,0.09090909090909091,1.0,,
787-8,elev_doublet_distractor,det,win10,inertia_x1.6,0.09090909090909091,1.0,,
787-8,elev_doublet_distractor,det,whole,cmq_x0.5,0.23076923076923078,0.75,0.5555555555555556,
787-8,elev_doublet_distractor,det,win5,cmq_x0.5,0.46153846153846156,1.0,0.5299145299145299,
787-8,elev_doublet_distractor,det,win10,cmq_x0.5,0.46153846153846156,1.0,0.5299145299145299,
787-8,elev_doublet_distractor,det,whole,cmalpha_x0.7,0.3076923076923077,0.8,0.8034188034188035,
787-8,elev_doublet_distractor,det,win5,cmalpha_x0.7,0.38461538461538464,1.0,0.7777777777777777,
787-8,elev_doublet_distractor,det,win10,cmalpha_x0.7,0.38461538461538464,1.0,0.8034188034188035,
787-8,elev_doublet_distractor,det,whole,clo_+0.1,0.7692307692307693,0.9090909090909091,0.7350427350427351,
787-8,elev_doublet_distractor,det,win5,clo_+0.1,0.7692307692307693,1.0,0.7008547008547009,
787-8,elev_doublet_distractor,det,win10,clo_+0.1,0.7692307692307693,1.0,0.7008547008547009,
787-8,elev_doublet_distractor,det,whole,noop,,,,0.045454545454545456
787-8,elev_doublet_distractor,det,win5,noop,,,,0.09090909090909091
787-8,elev_doublet_distractor,det,win10,noop,,,,0.09090909090909091
787-8,elev_doublet_distractor,sig,whole,inertia_x1.6,0.0,,,
787-8,elev_doublet_distractor,sig,win5,inertia_x1.6,0.045454545454545456,1.0,,
787-8,elev_doublet_distractor,sig,win10,inertia_x1.6,0.0,,,
787-8,elev_doublet_distractor,sig,whole,cmq_x0.5,0.0,0.0,0.23504273504273507,
787-8,elev_doublet_distractor,sig,win5,cmq_x0.5,0.0,,0.33333333333333337,
787-8,elev_doublet_distractor,sig,win10,cmq_x0.5,0.0,,0.3418803418803419,
787-8,elev_doublet_distractor,sig,whole,cmalpha_x0.7,0.07692307692307693,1.0,0.3162393162393163,
787-8,elev_doublet_distractor,sig,win5,cmalpha_x0.7,0.07692307692307693,1.0,0.5897435897435896,
787-8,elev_doublet_distractor,sig,win10,cmalpha_x0.7,0.07692307692307693,1.0,0.3931623931623932,
787-8,elev_doublet_distractor,sig,whole,clo_+0.1,0.15384615384615385,0.6666666666666666,0.5213675213675214,
787-8,elev_doublet_distractor,sig,win5,clo_+0.1,0.15384615384615385,0.6666666666666666,0.5811965811965811,
787-8,elev_doublet_distractor,sig,win10,clo_+0.1,0.15384615384615385,0.6666666666666666,0.6666666666666667,
787-8,elev_doublet_distractor,sig,whole,noop,,,,0.045454545454545456
787-8,elev_doublet_distractor,sig,win5,noop,,,,0.0
787-8,elev_doublet_distractor,sig,win10,noop,,,,0.0
787-8,engine_restart,det,whole,inertia_x1.6,0.045454545454545456,1.0,,
787-8,engine_restart,det,win5,inertia_x1.6,0.045454545454545456,1.0,,
787-8,engine_restart,det,win10,inertia_x1.6,0.045454545454545456,1.0,,
787-8,engine_restart,det,whole,cmq_x0.5,0.07692307692307693,1.0,0.4358974358974359,
787-8,engine_restart,det,win5,cmq_x0.5,0.0,,0.6666666666666667,
787-8,engine_restart,det,win10,cmq_x0.5,0.07692307692307693,1.0,0.7264957264957265,
787-8,engine_restart,det,whole,cmalpha_x0.7,0.15384615384615385,1.0,0.2905982905982906,
787-8,engine_restart,det,win5,cmalpha_x0.7,0.15384615384615385,1.0,0.2564102564102564,
787-8,engine_restart,det,win10,cmalpha_x0.7,0.15384615384615385,1.0,0.2564102564102564,
787-8,engine_restart,det,whole,clo_+0.1,0.38461538461538464,0.7142857142857143,0.4273504273504274,
787-8,engine_restart,det,win5,clo_+0.1,0.23076923076923078,0.6,0.5811965811965811,
787-8,engine_restart,det,win10,clo_+0.1,0.23076923076923078,0.6,0.5042735042735044,
787-8,engine_restart,det,whole,noop,,,,0.0
787-8,engine_restart,det,win5,noop,,,,0.0
787-8,engine_restart,det,win10,noop,,,,0.0
787-8,engine_restart,sig,whole,inertia_x1.6,0.045454545454545456,1.0,,
787-8,engine_restart,sig,win5,inertia_x1.6,0.045454545454545456,1.0,,
787-8,engine_restart,sig,win10,inertia_x1.6,0.09090909090909091,1.0,,
787-8,engine_restart,sig,whole,cmq_x0.5,0.0,0.0,0.35897435897435903,
787-8,engine_restart,sig,win5,cmq_x0.5,0.07692307692307693,1.0,0.6581196581196581,
787-8,engine_restart,sig,win10,cmq_x0.5,0.07692307692307693,0.5,0.6410256410256411,
787-8,engine_restart,sig,whole,cmalpha_x0.7,0.15384615384615385,0.6666666666666666,0.4102564102564103,
787-8,engine_restart,sig,win5,cmalpha_x0.7,0.07692307692307693,0.5,0.6495726495726496,
787-8,engine_restart,sig,win10,cmalpha_x0.7,0.07692307692307693,0.3333333333333333,0.5897435897435898,
787-8,engine_restart,sig,whole,clo_+0.1,0.15384615384615385,0.5,0.32478632478632485,
787-8,engine_restart,sig,win5,clo_+0.1,0.15384615384615385,0.6666666666666666,0.44444444444444453,
787-8,engine_restart,sig,win10,clo_+0.1,0.15384615384615385,0.5,0.4786324786324786,
787-8,engine_restart,sig,whole,noop,,,,0.045454545454545456
787-8,engine_restart,sig,win5,noop,,,,0.0
787-8,engine_restart,sig,win10,noop,,,,0.045454545454545456
A320,cruise,det,whole,inertia_x1.6,0.3181818181818182,1.0,,
A320,cruise,det,win5,inertia_x1.6,0.2727272727272727,1.0,,
A320,cruise,det,win10,inertia_x1.6,0.22727272727272727,1.0,,
A320,cruise,det,whole,cmq_x0.5,0.3076923076923077,1.0,0.6495726495726495,
A320,cruise,det,win5,cmq_x0.5,0.23076923076923078,0.42857142857142855,0.5897435897435898,
A320,cruise,det,win10,cmq_x0.5,0.5384615384615384,0.875,0.6923076923076923,
A320,cruise,det,whole,cmalpha_x0.7,0.23076923076923078,1.0,0.41025641025641024,
A320,cruise,det,win5,cmalpha_x0.7,0.15384615384615385,1.0,0.452991452991453,
A320,cruise,det,win10,cmalpha_x0.7,0.23076923076923078,1.0,0.4358974358974359,
A320,cruise,det,whole,clo_+0.1,0.5384615384615384,0.7777777777777778,0.6410256410256411,
A320,cruise,det,win5,clo_+0.1,0.5384615384615384,0.6363636363636364,0.7008547008547009,
A320,cruise,det,win10,clo_+0.1,0.5384615384615384,0.875,0.7008547008547008,
A320,cruise,det,whole,noop,,,,0.09090909090909091
A320,cruise,det,win5,noop,,,,0.2727272727272727
A320,cruise,det,win10,noop,,,,0.13636363636363635
A320,cruise,sig,whole,inertia_x1.6,0.045454545454545456,1.0,,
A320,cruise,sig,win5,inertia_x1.6,0.13636363636363635,1.0,,
A320,cruise,sig,win10,inertia_x1.6,0.09090909090909091,1.0,,
A320,cruise,sig,whole,cmq_x0.5,0.07692307692307693,1.0,0.4017094017094017,
A320,cruise,sig,win5,cmq_x0.5,0.07692307692307693,1.0,0.45299145299145305,
A320,cruise,sig,win10,cmq_x0.5,0.0,,0.49572649572649574,
A320,cruise,sig,whole,cmalpha_x0.7,0.15384615384615385,0.4,0.4444444444444444,
A320,cruise,sig,win5,cmalpha_x0.7,0.15384615384615385,0.5,0.5726495726495726,
A320,cruise,sig,win10,cmalpha_x0.7,0.3076923076923077,0.8,0.5982905982905983,
A320,cruise,sig,whole,clo_+0.1,0.23076923076923078,0.75,0.4444444444444445,
A320,cruise,sig,win5,clo_+0.1,0.15384615384615385,0.6666666666666666,0.5128205128205128,
A320,cruise,sig,win10,clo_+0.1,0.23076923076923078,1.0,0.5470085470085471,
A320,cruise,sig,whole,noop,,,,0.09090909090909091
A320,cruise,sig,win5,noop,,,,0.0
A320,cruise,sig,win10,noop,,,,0.0
A320,throttle_step,det,whole,inertia_x1.6,0.045454545454545456,1.0,,
A320,throttle_step,det,win5,inertia_x1.6,0.045454545454545456,1.0,,
A320,throttle_step,det,win10,inertia_x1.6,0.045454545454545456,1.0,,
A320,throttle_step,det,whole,cmq_x0.5,0.3076923076923077,1.0,0.888888888888889,
A320,throttle_step,det,win5,cmq_x0.5,0.07692307692307693,0.3333333333333333,0.8376068376068376,
A320,throttle_step,det,win10,cmq_x0.5,0.3076923076923077,1.0,0.8547008547008548,
A320,throttle_step,det,whole,cmalpha_x0.7,0.3076923076923077,1.0,0.6324786324786325,
A320,throttle_step,det,win5,cmalpha_x0.7,0.23076923076923078,0.42857142857142855,0.46153846153846156,
A320,throttle_step,det,win10,cmalpha_x0.7,0.3076923076923077,0.8,0.4444444444444444,
A320,throttle_step,det,whole,clo_+0.1,0.6923076923076923,1.0,0.8632478632478633,
A320,throttle_step,det,win5,clo_+0.1,0.5384615384615384,1.0,0.9401709401709402,
A320,throttle_step,det,win10,clo_+0.1,0.5384615384615384,1.0,0.9230769230769231,
A320,throttle_step,det,whole,noop,,,,0.0
A320,throttle_step,det,win5,noop,,,,0.09090909090909091
A320,throttle_step,det,win10,noop,,,,0.045454545454545456
A320,throttle_step,sig,whole,inertia_x1.6,0.09090909090909091,1.0,,
A320,throttle_step,sig,win5,inertia_x1.6,0.045454545454545456,1.0,,
A320,throttle_step,sig,win10,inertia_x1.6,0.045454545454545456,1.0,,
A320,throttle_step,sig,whole,cmq_x0.5,0.07692307692307693,0.5,0.3418803418803419,
A320,throttle_step,sig,win5,cmq_x0.5,0.07692307692307693,0.3333333333333333,0.6153846153846154,
A320,throttle_step,sig,win10,cmq_x0.5,0.0,0.0,0.5213675213675214,
A320,throttle_step,sig,whole,cmalpha_x0.7,0.15384615384615385,0.6666666666666666,0.5213675213675214,
A320,throttle_step,sig,win5,cmalpha_x0.7,0.0,0.0,0.6410256410256411,
A320,throttle_step,sig,win10,cmalpha_x0.7,0.15384615384615385,1.0,0.5726495726495726,
A320,throttle_step,sig,whole,clo_+0.1,0.23076923076923078,0.75,0.38461538461538464,
A320,throttle_step,sig,win5,clo_+0.1,0.15384615384615385,0.6666666666666666,0.7264957264957266,
A320,throttle_step,sig,win10,clo_+0.1,0.23076923076923078,0.75,0.6666666666666666,
A320,throttle_step,sig,whole,noop,,,,0.045454545454545456
A320,throttle_step,sig,win5,noop,,,,0.09090909090909091
A320,throttle_step,sig,win10,noop,,,,0.045454545454545456
A320,elev_doublet,det,whole,inertia_x1.6,0.22727272727272727,1.0,,
A320,elev_doublet,det,win5,inertia_x1.6,0.36363636363636365,1.0,,
A320,elev_doublet,det,win10,inertia_x1.6,0.3181818181818182,1.0,,
A320,elev_doublet,det,whole,cmq_x0.5,0.15384615384615385,0.6666666666666666,0.3846153846153847,
A320,elev_doublet,det,win5,cmq_x0.5,0.0,0.0,0.1794871794871795,
A320,elev_doublet,det,win10,cmq_x0.5,0.0,0.0,0.2905982905982906,
A320,elev_doublet,det,whole,cmalpha_x0.7,0.23076923076923078,1.0,0.4957264957264957,
A320,elev_doublet,det,win5,cmalpha_x0.7,0.23076923076923078,1.0,0.658119658119658,
A320,elev_doublet,det,win10,cmalpha_x0.7,0.38461538461538464,1.0,0.6495726495726495,
A320,elev_doublet,det,whole,clo_+0.1,0.46153846153846156,0.75,0.7264957264957265,
A320,elev_doublet,det,win5,clo_+0.1,0.46153846153846156,0.75,0.6581196581196582,
A320,elev_doublet,det,win10,clo_+0.1,0.46153846153846156,0.8571428571428571,0.7264957264957265,
A320,elev_doublet,det,whole,noop,,,,0.045454545454545456
A320,elev_doublet,det,win5,noop,,,,0.045454545454545456
A320,elev_doublet,det,win10,noop,,,,0.045454545454545456
A320,elev_doublet,sig,whole,inertia_x1.6,0.0,,,
A320,elev_doublet,sig,win5,inertia_x1.6,0.09090909090909091,1.0,,
A320,elev_doublet,sig,win10,inertia_x1.6,0.045454545454545456,1.0,,
A320,elev_doublet,sig,whole,cmq_x0.5,0.0,0.0,0.3846153846153846,
A320,elev_doublet,sig,win5,cmq_x0.5,0.0,0.0,0.42735042735042744,
A320,elev_doublet,sig,win10,cmq_x0.5,0.0,0.0,0.49572649572649574,
A320,elev_doublet,sig,whole,cmalpha_x0.7,0.0,0.0,0.4273504273504274,
A320,elev_doublet,sig,win5,cmalpha_x0.7,0.15384615384615385,1.0,0.41025641025641024,
A320,elev_doublet,sig,win10,cmalpha_x0.7,0.07692307692307693,1.0,0.3076923076923077,
A320,elev_doublet,sig,whole,clo_+0.1,0.07692307692307693,1.0,0.5128205128205129,
A320,elev_doublet,sig,win5,clo_+0.1,0.0,,0.5213675213675214,
A320,elev_doublet,sig,win10,clo_+0.1,0.0,0.0,0.6153846153846154,
A320,elev_doublet,sig,whole,noop,,,,0.13636363636363635
A320,elev_doublet,sig,win5,noop,,,,0.045454545454545456
A320,elev_doublet,sig,win10,noop,,,,0.045454545454545456
A320,elev_step,det,whole,inertia_x1.6,0.045454545454545456,1.0,,
A320,elev_step,det,win5,inertia_x1.6,0.09090909090909091,1.0,,
A320,elev_step,det,win10,inertia_x1.6,0.13636363636363635,1.0,,
A320,elev_step,det,whole,cmq_x0.5,0.07692307692307693,1.0,0.2905982905982907,
A320,elev_step,det,win5,cmq_x0.5,0.0,0.0,0.2991452991452992,
A320,elev_step,det,win10,cmq_x0.5,0.0,0.0,0.26495726495726496,
A320,elev_step,det,whole,cmalpha_x0.7,0.5384615384615384,1.0,0.6666666666666667,
A320,elev_step,det,win5,cmalpha_x0.7,0.5384615384615384,1.0,0.7692307692307693,
A320,elev_step,det,win10,cmalpha_x0.7,0.6153846153846154,1.0,0.8803418803418804,
A320,elev_step,det,whole,clo_+0.1,0.5384615384615384,0.875,0.7521367521367522,
A320,elev_step,det,win5,clo_+0.1,0.6153846153846154,0.8888888888888888,0.7606837606837608,
A320,elev_step,det,win10,clo_+0.1,0.5384615384615384,0.875,0.7350427350427351,
A320,elev_step,det,whole,noop,,,,0.0
A320,elev_step,det,win5,noop,,,,0.09090909090909091
A320,elev_step,det,win10,noop,,,,0.09090909090909091
A320,elev_step,sig,whole,inertia_x1.6,0.045454545454545456,1.0,,
A320,elev_step,sig,win5,inertia_x1.6,0.045454545454545456,1.0,,
A320,elev_step,sig,win10,inertia_x1.6,0.0,,,
A320,elev_step,sig,whole,cmq_x0.5,0.0,,0.2136752136752137,
A320,elev_step,sig,win5,cmq_x0.5,0.0,,0.3931623931623932,
A320,elev_step,sig,win10,cmq_x0.5,0.07692307692307693,0.5,0.4273504273504274,
A320,elev_step,sig,whole,cmalpha_x0.7,0.0,,0.3632478632478633,
A320,elev_step,sig,win5,cmalpha_x0.7,0.23076923076923078,1.0,0.6923076923076924,
A320,elev_step,sig,win10,cmalpha_x0.7,0.15384615384615385,1.0,0.7094017094017095,
A320,elev_step,sig,whole,clo_+0.1,0.07692307692307693,1.0,0.3076923076923077,
A320,elev_step,sig,win5,clo_+0.1,0.3076923076923077,0.8,0.4786324786324787,
A320,elev_step,sig,win10,clo_+0.1,0.15384615384615385,0.6666666666666666,0.3418803418803419,
A320,elev_step,sig,whole,noop,,,,0.0
A320,elev_step,sig,win5,noop,,,,0.0
A320,elev_step,sig,win10,noop,,,,0.09090909090909091
A320,aileron_step,det,whole,inertia_x1.6,0.0,,,
A320,aileron_step,det,win5,inertia_x1.6,0.045454545454545456,1.0,,
A320,aileron_step,det,win10,inertia_x1.6,0.0,,,
A320,aileron_step,det,whole,cmq_x0.5,0.0,,0.5299145299145298,
A320,aileron_step,det,win5,cmq_x0.5,0.0,,0.6153846153846154,
A320,aileron_step,det,win10,cmq_x0.5,0.0,,0.6581196581196581,
A320,aileron_step,det,whole,cmalpha_x0.7,0.0,,0.17094017094017094,
A320,aileron_step,det,win5,cmalpha_x0.7,0.0,,0.2136752136752137,
A320,aileron_step,det,win10,cmalpha_x0.7,0.0,,0.1965811965811966,
A320,aileron_step,det,whole,clo_+0.1,0.8461538461538461,0.6470588235294118,0.735042735042735,
A320,aileron_step,det,win5,clo_+0.1,0.8461538461538461,0.6470588235294118,0.7606837606837606,
A320,aileron_step,det,win10,clo_+0.1,0.7692307692307693,0.6666666666666666,0.7350427350427351,
A320,aileron_step,det,whole,noop,,,,0.0
A320,aileron_step,det,win5,noop,,,,0.0
A320,aileron_step,det,win10,noop,,,,0.0
A320,aileron_step,sig,whole,inertia_x1.6,0.045454545454545456,1.0,,
A320,aileron_step,sig,win5,inertia_x1.6,0.0,,,
A320,aileron_step,sig,win10,inertia_x1.6,0.0,,,
A320,aileron_step,sig,whole,cmq_x0.5,0.0,0.0,0.4786324786324786,
A320,aileron_step,sig,win5,cmq_x0.5,0.0,0.0,0.5555555555555556,
A320,aileron_step,sig,win10,cmq_x0.5,0.0,,0.6752136752136753,
A320,aileron_step,sig,whole,cmalpha_x0.7,0.0,0.0,0.2905982905982906,
A320,aileron_step,sig,win5,cmalpha_x0.7,0.07692307692307693,1.0,0.5299145299145299,
A320,aileron_step,sig,win10,cmalpha_x0.7,0.0,0.0,0.6324786324786325,
A320,aileron_step,sig,whole,clo_+0.1,0.23076923076923078,0.5,0.5384615384615385,
A320,aileron_step,sig,win5,clo_+0.1,0.15384615384615385,0.3333333333333333,0.6068376068376068,
A320,aileron_step,sig,win10,clo_+0.1,0.07692307692307693,0.25,0.5213675213675213,
A320,aileron_step,sig,whole,noop,,,,0.045454545454545456
A320,aileron_step,sig,win5,noop,,,,0.045454545454545456
A320,aileron_step,sig,win10,noop,,,,0.0
A320,rudder_doublet,det,whole,inertia_x1.6,0.18181818181818182,1.0,,
A320,rudder_doublet,det,win5,inertia_x1.6,0.13636363636363635,1.0,,
A320,rudder_doublet,det,win10,inertia_x1.6,0.13636363636363635,1.0,,
A320,rudder_doublet,det,whole,cmq_x0.5,0.46153846153846156,0.75,0.6581196581196581,
A320,rudder_doublet,det,win5,cmq_x0.5,0.46153846153846156,0.75,0.5299145299145299,
A320,rudder_doublet,det,win10,cmq_x0.5,0.38461538461538464,0.8333333333333334,0.5641025641025641,
A320,rudder_doublet,det,whole,cmalpha_x0.7,0.38461538461538464,0.8333333333333334,0.5299145299145299,
A320,rudder_doublet,det,win5,cmalpha_x0.7,0.3076923076923077,0.8,0.5555555555555556,
A320,rudder_doublet,det,win10,cmalpha_x0.7,0.3076923076923077,0.8,0.5470085470085471,
A320,rudder_doublet,det,whole,clo_+0.1,0.6923076923076923,0.75,0.8376068376068376,
A320,rudder_doublet,det,win5,clo_+0.1,0.38461538461538464,0.625,0.7863247863247864,
A320,rudder_doublet,det,win10,clo_+0.1,0.5384615384615384,0.7777777777777778,0.8034188034188035,
A320,rudder_doublet,det,whole,noop,,,,0.36363636363636365
A320,rudder_doublet,det,win5,noop,,,,0.18181818181818182
A320,rudder_doublet,det,win10,noop,,,,0.18181818181818182
A320,rudder_doublet,sig,whole,inertia_x1.6,0.22727272727272727,1.0,,
A320,rudder_doublet,sig,win5,inertia_x1.6,0.0,,,
A320,rudder_doublet,sig,win10,inertia_x1.6,0.09090909090909091,1.0,,
A320,rudder_doublet,sig,whole,cmq_x0.5,0.15384615384615385,0.6666666666666666,0.4957264957264958,
A320,rudder_doublet,sig,win5,cmq_x0.5,0.0,0.0,0.45299145299145305,
A320,rudder_doublet,sig,win10,cmq_x0.5,0.15384615384615385,1.0,0.41880341880341876,
A320,rudder_doublet,sig,whole,cmalpha_x0.7,0.38461538461538464,0.8333333333333334,0.717948717948718,
A320,rudder_doublet,sig,win5,cmalpha_x0.7,0.15384615384615385,0.6666666666666666,0.7777777777777778,
A320,rudder_doublet,sig,win10,cmalpha_x0.7,0.23076923076923078,1.0,0.7264957264957266,
A320,rudder_doublet,sig,whole,clo_+0.1,0.3076923076923077,0.5714285714285714,0.5726495726495726,
A320,rudder_doublet,sig,win5,clo_+0.1,0.23076923076923078,0.6,0.6837606837606838,
A320,rudder_doublet,sig,win10,clo_+0.1,0.46153846153846156,0.75,0.6153846153846154,
A320,rudder_doublet,sig,whole,noop,,,,0.13636363636363635
A320,rudder_doublet,sig,win5,noop,,,,0.045454545454545456
A320,rudder_doublet,sig,win10,noop,,,,0.09090909090909091
A320,bank_hold,det,whole,inertia_x1.6,0.045454545454545456,1.0,,
A320,bank_hold,det,win5,inertia_x1.6,0.0,,,
A320,bank_hold,det,win10,inertia_x1.6,0.045454545454545456,1.0,,
A320,bank_hold,det,whole,cmq_x0.5,0.23076923076923078,1.0,0.37606837606837606,
A320,bank_hold,det,win5,cmq_x0.5,0.07692307692307693,1.0,0.35897435897435903,
A320,bank_hold,det,win10,cmq_x0.5,0.07692307692307693,1.0,0.37606837606837606,
A320,bank_hold,det,whole,cmalpha_x0.7,0.0,,0.21367521367521367,
A320,bank_hold,det,win5,cmalpha_x0.7,0.0,,0.2222222222222222,
A320,bank_hold,det,win10,cmalpha_x0.7,0.0,,0.23931623931623935,
A320,bank_hold,det,whole,clo_+0.1,0.15384615384615385,0.6666666666666666,0.3760683760683761,
A320,bank_hold,det,win5,clo_+0.1,0.15384615384615385,0.6666666666666666,0.38461538461538464,
A320,bank_hold,det,win10,clo_+0.1,0.15384615384615385,1.0,0.33333333333333337,
A320,bank_hold,det,whole,noop,,,,0.045454545454545456
A320,bank_hold,det,win5,noop,,,,0.0
A320,bank_hold,det,win10,noop,,,,0.0
A320,bank_hold,sig,whole,inertia_x1.6,0.0,,,
A320,bank_hold,sig,win5,inertia_x1.6,0.045454545454545456,1.0,,
A320,bank_hold,sig,win10,inertia_x1.6,0.0,,,
A320,bank_hold,sig,whole,cmq_x0.5,0.0,0.0,0.2991452991452992,
A320,bank_hold,sig,win5,cmq_x0.5,0.0,,0.4358974358974359,
A320,bank_hold,sig,win10,cmq_x0.5,0.0,0.0,0.3931623931623932,
A320,bank_hold,sig,whole,cmalpha_x0.7,0.0,,0.3418803418803419,
A320,bank_hold,sig,win5,cmalpha_x0.7,0.07692307692307693,1.0,0.4444444444444444,
A320,bank_hold,sig,win10,cmalpha_x0.7,0.0,,0.36752136752136755,
A320,bank_hold,sig,whole,clo_+0.1,0.0,0.0,0.45299145299145305,
A320,bank_hold,sig,win5,clo_+0.1,0.15384615384615385,0.4,0.47008547008547014,
A320,bank_hold,sig,win10,clo_+0.1,0.07692307692307693,0.3333333333333333,0.4273504273504274,
A320,bank_hold,sig,whole,noop,,,,0.045454545454545456
A320,bank_hold,sig,win5,noop,,,,0.0
A320,bank_hold,sig,win10,noop,,,,0.045454545454545456
A320,flap_extend,det,whole,inertia_x1.6,0.0,,,
A320,flap_extend,det,win5,inertia_x1.6,0.045454545454545456,1.0,,
A320,flap_extend,det,win10,inertia_x1.6,0.0,,,
A320,flap_extend,det,whole,cmq_x0.5,0.3076923076923077,1.0,0.5299145299145299,
A320,flap_extend,det,win5,cmq_x0.5,0.3076923076923077,0.6666666666666666,0.4273504273504274,
A320,flap_extend,det,win10,cmq_x0.5,0.3076923076923077,1.0,0.37606837606837606,
A320,flap_extend,det,whole,cmalpha_x0.7,0.7692307692307693,0.9090909090909091,0.8205128205128206,
A320,flap_extend,det,win5,cmalpha_x0.7,0.7692307692307693,0.7692307692307693,0.8205128205128206,
A320,flap_extend,det,win10,cmalpha_x0.7,0.7692307692307693,0.7692307692307693,0.8205128205128206,
A320,flap_extend,det,whole,clo_+0.1,0.6153846153846154,1.0,0.8205128205128205,
A320,flap_extend,det,win5,clo_+0.1,0.7692307692307693,0.9090909090909091,0.8461538461538461,
A320,flap_extend,det,win10,clo_+0.1,0.7692307692307693,1.0,0.829059829059829,
A320,flap_extend,det,whole,noop,,,,0.13636363636363635
A320,flap_extend,det,win5,noop,,,,0.22727272727272727
A320,flap_extend,det,win10,noop,,,,0.09090909090909091
A320,flap_extend,sig,whole,inertia_x1.6,0.0,,,
A320,flap_extend,sig,win5,inertia_x1.6,0.09090909090909091,1.0,,
A320,flap_extend,sig,win10,inertia_x1.6,0.045454545454545456,1.0,,
A320,flap_extend,sig,whole,cmq_x0.5,0.07692307692307693,1.0,0.27350427350427353,
A320,flap_extend,sig,win5,cmq_x0.5,0.07692307692307693,1.0,0.24786324786324787,
A320,flap_extend,sig,win10,cmq_x0.5,0.07692307692307693,1.0,0.3076923076923077,
A320,flap_extend,sig,whole,cmalpha_x0.7,0.5384615384615384,1.0,0.7777777777777777,
A320,flap_extend,sig,win5,cmalpha_x0.7,0.38461538461538464,1.0,0.7264957264957266,
A320,flap_extend,sig,win10,cmalpha_x0.7,0.38461538461538464,1.0,0.8717948717948718,
A320,flap_extend,sig,whole,clo_+0.1,0.38461538461538464,1.0,0.8205128205128206,
A320,flap_extend,sig,win5,clo_+0.1,0.3076923076923077,1.0,0.7863247863247864,
A320,flap_extend,sig,win10,clo_+0.1,0.38461538461538464,1.0,0.8034188034188035,
A320,flap_extend,sig,whole,noop,,,,0.0
A320,flap_extend,sig,win5,noop,,,,0.0
A320,flap_extend,sig,win10,noop,,,,0.0
A320,engine_cut,det,whole,inertia_x1.6,0.0,,,
A320,engine_cut,det,win5,inertia_x1.6,0.045454545454545456,1.0,,
A320,engine_cut,det,win10,inertia_x1.6,0.045454545454545456,1.0,,
A320,engine_cut,det,whole,cmq_x0.5,0.3076923076923077,1.0,0.7863247863247863,
A320,engine_cut,det,win5,cmq_x0.5,0.3076923076923077,0.8,0.829059829059829,
A320,engine_cut,det,win10,cmq_x0.5,0.3076923076923077,1.0,0.7435897435897436,
A320,engine_cut,det,whole,cmalpha_x0.7,0.07692307692307693,1.0,0.41880341880341887,
A320,engine_cut,det,win5,cmalpha_x0.7,0.15384615384615385,1.0,0.49572649572649574,
A320,engine_cut,det,win10,cmalpha_x0.7,0.15384615384615385,1.0,0.4871794871794872,
A320,engine_cut,det,whole,clo_+0.1,0.5384615384615384,1.0,0.8461538461538461,
A320,engine_cut,det,win5,clo_+0.1,0.5384615384615384,1.0,0.829059829059829,
A320,engine_cut,det,win10,clo_+0.1,0.6153846153846154,1.0,0.7948717948717949,
A320,engine_cut,det,whole,noop,,,,0.09090909090909091
A320,engine_cut,det,win5,noop,,,,0.13636363636363635
A320,engine_cut,det,win10,noop,,,,0.09090909090909091
A320,engine_cut,sig,whole,inertia_x1.6,0.045454545454545456,1.0,,
A320,engine_cut,sig,win5,inertia_x1.6,0.13636363636363635,1.0,,
A320,engine_cut,sig,win10,inertia_x1.6,0.045454545454545456,1.0,,
A320,engine_cut,sig,whole,cmq_x0.5,0.07692307692307693,0.5,0.5897435897435896,
A320,engine_cut,sig,win5,cmq_x0.5,0.07692307692307693,0.5,0.7606837606837606,
A320,engine_cut,sig,win10,cmq_x0.5,0.07692307692307693,1.0,0.5897435897435898,
A320,engine_cut,sig,whole,cmalpha_x0.7,0.07692307692307693,0.5,0.7435897435897436,
A320,engine_cut,sig,win5,cmalpha_x0.7,0.07692307692307693,1.0,0.7863247863247864,
A320,engine_cut,sig,win10,cmalpha_x0.7,0.07692307692307693,1.0,0.6666666666666667,
A320,engine_cut,sig,whole,clo_+0.1,0.23076923076923078,0.75,0.5641025641025641,
A320,engine_cut,sig,win5,clo_+0.1,0.3076923076923077,0.6666666666666666,0.6666666666666667,
A320,engine_cut,sig,win10,clo_+0.1,0.23076923076923078,0.75,0.6495726495726496,
A320,engine_cut,sig,whole,noop,,,,0.045454545454545456
A320,engine_cut,sig,win5,noop,,,,0.09090909090909091
A320,engine_cut,sig,win10,noop,,,,0.045454545454545456
A320,climbing_turn,det,whole,inertia_x1.6,0.13636363636363635,1.0,,
A320,climbing_turn,det,win5,inertia_x1.6,0.045454545454545456,1.0,,
A320,climbing_turn,det,win10,inertia_x1.6,0.045454545454545456,1.0,,
A320,climbing_turn,det,whole,cmq_x0.5,0.15384615384615385,1.0,0.7606837606837606,
A320,climbing_turn,det,win5,cmq_x0.5,0.15384615384615385,1.0,0.7094017094017094,
A320,climbing_turn,det,win10,cmq_x0.5,0.15384615384615385,0.6666666666666666,0.7435897435897436,
A320,climbing_turn,det,whole,cmalpha_x0.7,0.23076923076923078,1.0,0.658119658119658,
A320,climbing_turn,det,win5,cmalpha_x0.7,0.07692307692307693,0.5,0.6581196581196582,
A320,climbing_turn,det,win10,cmalpha_x0.7,0.07692307692307693,1.0,0.6752136752136753,
A320,climbing_turn,det,whole,clo_+0.1,0.5384615384615384,0.7777777777777778,0.8803418803418803,
A320,climbing_turn,det,win5,clo_+0.1,0.46153846153846156,0.75,0.7094017094017094,
A320,climbing_turn,det,win10,clo_+0.1,0.46153846153846156,0.6,0.7692307692307693,
A320,climbing_turn,det,whole,noop,,,,0.09090909090909091
A320,climbing_turn,det,win5,noop,,,,0.09090909090909091
A320,climbing_turn,det,win10,noop,,,,0.13636363636363635
A320,climbing_turn,sig,whole,inertia_x1.6,0.09090909090909091,1.0,,
A320,climbing_turn,sig,win5,inertia_x1.6,0.045454545454545456,1.0,,
A320,climbing_turn,sig,win10,inertia_x1.6,0.0,,,
A320,climbing_turn,sig,whole,cmq_x0.5,0.0,0.0,0.811965811965812,
A320,climbing_turn,sig,win5,cmq_x0.5,0.07692307692307693,1.0,0.717948717948718,
A320,climbing_turn,sig,win10,cmq_x0.5,0.0,,0.7350427350427351,
A320,climbing_turn,sig,whole,cmalpha_x0.7,0.23076923076923078,1.0,0.7521367521367521,
A320,climbing_turn,sig,win5,cmalpha_x0.7,0.07692307692307693,1.0,0.5982905982905983,
A320,climbing_turn,sig,win10,cmalpha_x0.7,0.0,0.0,0.6581196581196582,
A320,climbing_turn,sig,whole,clo_+0.1,0.23076923076923078,0.5,0.36752136752136755,
A320,climbing_turn,sig,win5,clo_+0.1,0.23076923076923078,0.42857142857142855,0.6581196581196582,
A320,climbing_turn,sig,win10,clo_+0.1,0.3076923076923077,0.6666666666666666,0.52991452991453,
A320,climbing_turn,sig,whole,noop,,,,0.045454545454545456
A320,climbing_turn,sig,win5,noop,,,,0.0
A320,climbing_turn,sig,win10,noop,,,,0.0
A320,elev_doublet_distractor,det,whole,inertia_x1.6,0.3181818181818182,1.0,,
A320,elev_doublet_distractor,det,win5,inertia_x1.6,0.2727272727272727,1.0,,
A320,elev_doublet_distractor,det,win10,inertia_x1.6,0.3181818181818182,1.0,,
A320,elev_doublet_distractor,det,whole,cmq_x0.5,0.3076923076923077,1.0,0.7094017094017093,
A320,elev_doublet_distractor,det,win5,cmq_x0.5,0.15384615384615385,1.0,0.6837606837606838,
A320,elev_doublet_distractor,det,win10,cmq_x0.5,0.3076923076923077,1.0,0.7008547008547008,
A320,elev_doublet_distractor,det,whole,cmalpha_x0.7,0.6923076923076923,1.0,0.8461538461538461,
A320,elev_doublet_distractor,det,win5,cmalpha_x0.7,0.5384615384615384,1.0,0.8632478632478633,
A320,elev_doublet_distractor,det,win10,cmalpha_x0.7,0.6153846153846154,1.0,0.8632478632478633,
A320,elev_doublet_distractor,det,whole,clo_+0.1,0.6923076923076923,1.0,0.9401709401709402,
A320,elev_doublet_distractor,det,win5,clo_+0.1,0.6923076923076923,0.9,0.888888888888889,
A320,elev_doublet_distractor,det,win10,clo_+0.1,0.6923076923076923,1.0,0.8803418803418803,
A320,elev_doublet_distractor,det,whole,noop,,,,0.09090909090909091
A320,elev_doublet_distractor,det,win5,noop,,,,0.0
A320,elev_doublet_distractor,det,win10,noop,,,,0.045454545454545456
A320,elev_doublet_distractor,sig,whole,inertia_x1.6,0.0,,,
A320,elev_doublet_distractor,sig,win5,inertia_x1.6,0.045454545454545456,1.0,,
A320,elev_doublet_distractor,sig,win10,inertia_x1.6,0.045454545454545456,1.0,,
A320,elev_doublet_distractor,sig,whole,cmq_x0.5,0.0,,0.5811965811965812,
A320,elev_doublet_distractor,sig,win5,cmq_x0.5,0.0,0.0,0.41880341880341887,
A320,elev_doublet_distractor,sig,win10,cmq_x0.5,0.0,0.0,0.4957264957264958,
A320,elev_doublet_distractor,sig,whole,cmalpha_x0.7,0.0,,0.7777777777777778,
A320,elev_doublet_distractor,sig,win5,cmalpha_x0.7,0.0,,0.5982905982905984,
A320,elev_doublet_distractor,sig,win10,cmalpha_x0.7,0.07692307692307693,1.0,0.7692307692307693,
A320,elev_doublet_distractor,sig,whole,clo_+0.1,0.23076923076923078,0.375,0.5555555555555556,
A320,elev_doublet_distractor,sig,win5,clo_+0.1,0.23076923076923078,0.42857142857142855,0.4700854700854701,
A320,elev_doublet_distractor,sig,win10,clo_+0.1,0.07692307692307693,0.25,0.5897435897435898,
A320,elev_doublet_distractor,sig,whole,noop,,,,0.0
A320,elev_doublet_distractor,sig,win5,noop,,,,0.09090909090909091
A320,elev_doublet_distractor,sig,win10,noop,,,,0.09090909090909091
A320,engine_restart,det,whole,inertia_x1.6,0.045454545454545456,1.0,,
A320,engine_restart,det,win5,inertia_x1.6,0.0,,,
A320,engine_restart,det,win10,inertia_x1.6,0.0,,,
A320,engine_restart,det,whole,cmq_x0.5,0.3076923076923077,1.0,0.7264957264957266,
A320,engine_restart,det,win5,cmq_x0.5,0.0,0.0,0.6581196581196582,
A320,engine_restart,det,win10,cmq_x0.5,0.38461538461538464,0.8333333333333334,0.7350427350427351,
A320,engine_restart,det,whole,cmalpha_x0.7,0.3076923076923077,1.0,0.4444444444444445,
A320,engine_restart,det,win5,cmalpha_x0.7,0.23076923076923078,1.0,0.452991452991453,
A320,engine_restart,det,win10,cmalpha_x0.7,0.23076923076923078,1.0,0.4700854700854701,
A320,engine_restart,det,whole,clo_+0.1,0.6153846153846154,1.0,0.7264957264957266,
A320,engine_restart,det,win5,clo_+0.1,0.5384615384615384,0.7777777777777778,0.6837606837606838,
A320,engine_restart,det,win10,clo_+0.1,0.5384615384615384,1.0,0.6581196581196582,
A320,engine_restart,det,whole,noop,,,,0.045454545454545456
A320,engine_restart,det,win5,noop,,,,0.045454545454545456
A320,engine_restart,det,win10,noop,,,,0.09090909090909091
A320,engine_restart,sig,whole,inertia_x1.6,0.045454545454545456,1.0,,
A320,engine_restart,sig,win5,inertia_x1.6,0.0,,,
A320,engine_restart,sig,win10,inertia_x1.6,0.045454545454545456,1.0,,
A320,engine_restart,sig,whole,cmq_x0.5,0.0,0.0,0.7179487179487181,
A320,engine_restart,sig,win5,cmq_x0.5,0.07692307692307693,1.0,0.49572649572649574,
A320,engine_restart,sig,win10,cmq_x0.5,0.0,0.0,0.5042735042735043,
A320,engine_restart,sig,whole,cmalpha_x0.7,0.23076923076923078,0.75,0.6837606837606838,
A320,engine_restart,sig,win5,cmalpha_x0.7,0.07692307692307693,1.0,0.6837606837606838,
A320,engine_restart,sig,win10,cmalpha_x0.7,0.3076923076923077,0.8,0.6581196581196581,
A320,engine_restart,sig,whole,clo_+0.1,0.46153846153846156,1.0,0.5384615384615384,
A320,engine_restart,sig,win5,clo_+0.1,0.3076923076923077,1.0,0.7264957264957266,
A320,engine_restart,sig,win10,clo_+0.1,0.38461538461538464,1.0,0.7008547008547008,
A320,engine_restart,sig,whole,noop,,,,0.045454545454545456
A320,engine_restart,sig,win5,noop,,,,0.0
A320,engine_restart,sig,win10,noop,,,,0.045454545454545456
A4,cruise,det,whole,inertia_x1.6,0.18181818181818182,1.0,,
A4,cruise,det,win5,inertia_x1.6,0.2727272727272727,1.0,,
A4,cruise,det,win10,inertia_x1.6,0.22727272727272727,1.0,,
A4,cruise,det,whole,cmq_x0.5,0.38461538461538464,0.5,0.5042735042735043,
A4,cruise,det,win5,cmq_x0.5,0.23076923076923078,0.375,0.46153846153846156,
A4,cruise,det,win10,cmq_x0.5,0.38461538461538464,0.5,0.5042735042735043,
A4,cruise,det,whole,cmalpha_x0.7,0.15384615384615385,0.2857142857142857,0.4017094017094017,
A4,cruise,det,win5,cmalpha_x0.7,0.0,0.0,0.3760683760683761,
A4,cruise,det,win10,cmalpha_x0.7,0.15384615384615385,0.3333333333333333,0.4017094017094017,
A4,cruise,det,whole,clo_+0.1,0.5384615384615384,1.0,0.8461538461538463,
A4,cruise,det,win5,clo_+0.1,0.5384615384615384,1.0,0.888888888888889,
A4,cruise,det,win10,clo_+0.1,0.5384615384615384,1.0,0.8547008547008547,
A4,cruise,det,whole,noop,,,,0.4090909090909091
A4,cruise,det,win5,noop,,,,0.3181818181818182
A4,cruise,det,win10,noop,,,,0.4090909090909091
A4,cruise,sig,whole,inertia_x1.6,0.13636363636363635,1.0,,
A4,cruise,sig,win5,inertia_x1.6,0.09090909090909091,1.0,,
A4,cruise,sig,win10,inertia_x1.6,0.09090909090909091,1.0,,
A4,cruise,sig,whole,cmq_x0.5,0.0,0.0,0.41025641025641035,
A4,cruise,sig,win5,cmq_x0.5,0.0,0.0,0.24786324786324787,
A4,cruise,sig,win10,cmq_x0.5,0.0,0.0,0.25641025641025644,
A4,cruise,sig,whole,cmalpha_x0.7,0.07692307692307693,0.3333333333333333,0.4102564102564103,
A4,cruise,sig,win5,cmalpha_x0.7,0.0,0.0,0.358974358974359,
A4,cruise,sig,win10,cmalpha_x0.7,0.07692307692307693,0.5,0.3846153846153847,
A4,cruise,sig,whole,clo_+0.1,0.3076923076923077,1.0,0.6153846153846154,
A4,cruise,sig,win5,clo_+0.1,0.15384615384615385,0.6666666666666666,0.5726495726495726,
A4,cruise,sig,win10,clo_+0.1,0.23076923076923078,0.75,0.5641025641025641,
A4,cruise,sig,whole,noop,,,,0.13636363636363635
A4,cruise,sig,win5,noop,,,,0.09090909090909091
A4,cruise,sig,win10,noop,,,,0.13636363636363635
A4,throttle_step,det,whole,inertia_x1.6,0.045454545454545456,1.0,,
A4,throttle_step,det,win5,inertia_x1.6,0.045454545454545456,1.0,,
A4,throttle_step,det,win10,inertia_x1.6,0.045454545454545456,1.0,,
A4,throttle_step,det,whole,cmq_x0.5,0.3076923076923077,1.0,0.811965811965812,
A4,throttle_step,det,win5,cmq_x0.5,0.3076923076923077,1.0,0.7606837606837608,
A4,throttle_step,det,win10,cmq_x0.5,0.38461538461538464,1.0,0.7521367521367521,
A4,throttle_step,det,whole,cmalpha_x0.7,0.38461538461538464,1.0,0.829059829059829,
A4,throttle_step,det,win5,cmalpha_x0.7,0.38461538461538464,1.0,0.7692307692307693,
A4,throttle_step,det,win10,cmalpha_x0.7,0.38461538461538464,1.0,0.8461538461538461,
A4,throttle_step,det,whole,clo_+0.1,0.7692307692307693,1.0,0.9401709401709403,
A4,throttle_step,det,win5,clo_+0.1,0.7692307692307693,1.0,0.9401709401709403,
A4,throttle_step,det,win10,clo_+0.1,0.7692307692307693,1.0,0.9487179487179487,
A4,throttle_step,det,whole,noop,,,,0.045454545454545456
A4,throttle_step,det,win5,noop,,,,0.0
A4,throttle_step,det,win10,noop,,,,0.09090909090909091
A4,throttle_step,sig,whole,inertia_x1.6,0.0,,,
A4,throttle_step,sig,win5,inertia_x1.6,0.0,,,
A4,throttle_step,sig,win10,inertia_x1.6,0.0,,,
A4,throttle_step,sig,whole,cmq_x0.5,0.0,,0.6111111111111112,
A4,throttle_step,sig,win5,cmq_x0.5,0.0,,0.5982905982905984,
A4,throttle_step,sig,win10,cmq_x0.5,0.0,,0.32478632478632474,
A4,throttle_step,sig,whole,cmalpha_x0.7,0.15384615384615385,1.0,0.6324786324786325,
A4,throttle_step,sig,win5,cmalpha_x0.7,0.0,0.0,0.4700854700854701,
A4,throttle_step,sig,win10,cmalpha_x0.7,0.07692307692307693,1.0,0.41880341880341876,
A4,throttle_step,sig,whole,clo_+0.1,0.38461538461538464,0.8333333333333334,0.6239316239316239,
A4,throttle_step,sig,win5,clo_+0.1,0.38461538461538464,0.7142857142857143,0.6581196581196582,
A4,throttle_step,sig,win10,clo_+0.1,0.38461538461538464,1.0,0.6752136752136753,
A4,throttle_step,sig,whole,noop,,,,0.0
A4,throttle_step,sig,win5,noop,,,,0.0
A4,throttle_step,sig,win10,noop,,,,0.0
A4,elev_doublet,det,whole,inertia_x1.6,0.045454545454545456,1.0,,
A4,elev_doublet,det,win5,inertia_x1.6,0.045454545454545456,1.0,,
A4,elev_doublet,det,win10,inertia_x1.6,0.045454545454545456,1.0,,
A4,elev_doublet,det,whole,cmq_x0.5,0.07692307692307693,1.0,0.5726495726495726,
A4,elev_doublet,det,win5,cmq_x0.5,0.0,,0.5213675213675214,
A4,elev_doublet,det,win10,cmq_x0.5,0.0,,0.5042735042735043,
A4,elev_doublet,det,whole,cmalpha_x0.7,0.15384615384615385,1.0,0.6837606837606838,
A4,elev_doublet,det,win5,cmalpha_x0.7,0.3076923076923077,1.0,0.6666666666666667,
A4,elev_doublet,det,win10,cmalpha_x0.7,0.3076923076923077,1.0,0.8803418803418803,
A4,elev_doublet,det,whole,clo_+0.1,0.8461538461538461,1.0,1.0,
A4,elev_doublet,det,win5,clo_+0.1,0.8461538461538461,1.0,1.0,
A4,elev_doublet,det,win10,clo_+0.1,0.8461538461538461,1.0,1.0,
A4,elev_doublet,det,whole,noop,,,,0.0
A4,elev_doublet,det,win5,noop,,,,0.0
A4,elev_doublet,det,win10,noop,,,,0.0
A4,elev_doublet,sig,whole,inertia_x1.6,0.0,,,
A4,elev_doublet,sig,win5,inertia_x1.6,0.0,,,
A4,elev_doublet,sig,win10,inertia_x1.6,0.0,,,
A4,elev_doublet,sig,whole,cmq_x0.5,0.0,0.0,0.6666666666666667,
A4,elev_doublet,sig,win5,cmq_x0.5,0.0,,0.5897435897435899,
A4,elev_doublet,sig,win10,cmq_x0.5,0.0,,0.5811965811965812,
A4,elev_doublet,sig,whole,cmalpha_x0.7,0.23076923076923078,0.6,0.6495726495726496,
A4,elev_doublet,sig,win5,cmalpha_x0.7,0.15384615384615385,0.4,0.5897435897435898,
A4,elev_doublet,sig,win10,cmalpha_x0.7,0.15384615384615385,0.4,0.6410256410256411,
A4,elev_doublet,sig,whole,clo_+0.1,0.46153846153846156,1.0,0.7777777777777777,
A4,elev_doublet,sig,win5,clo_+0.1,0.3076923076923077,0.8,0.7948717948717949,
A4,elev_doublet,sig,win10,clo_+0.1,0.46153846153846156,1.0,0.8205128205128205,
A4,elev_doublet,sig,whole,noop,,,,0.045454545454545456
A4,elev_doublet,sig,win5,noop,,,,0.0
A4,elev_doublet,sig,win10,noop,,,,0.0
A4,elev_step,det,whole,inertia_x1.6,0.13636363636363635,1.0,,
A4,elev_step,det,win5,inertia_x1.6,0.09090909090909091,1.0,,
A4,elev_step,det,win10,inertia_x1.6,0.09090909090909091,1.0,,
A4,elev_step,det,whole,cmq_x0.5,0.23076923076923078,1.0,0.6666666666666667,
A4,elev_step,det,win5,cmq_x0.5,0.0,,0.6324786324786325,
A4,elev_step,det,win10,cmq_x0.5,0.23076923076923078,1.0,0.7435897435897436,
A4,elev_step,det,whole,cmalpha_x0.7,0.5384615384615384,1.0,0.7008547008547009,
A4,elev_step,det,win5,cmalpha_x0.7,0.46153846153846156,1.0,0.7948717948717949,
A4,elev_step,det,win10,cmalpha_x0.7,0.5384615384615384,1.0,0.7521367521367521,
A4,elev_step,det,whole,clo_+0.1,0.7692307692307693,1.0,0.9487179487179488,
A4,elev_step,det,win5,clo_+0.1,0.9230769230769231,1.0,0.9743589743589745,
A4,elev_step,det,win10,clo_+0.1,0.9230769230769231,1.0,0.9743589743589745,
A4,elev_step,det,whole,noop,,,,0.0
A4,elev_step,det,win5,noop,,,,0.0
A4,elev_step,det,win10,noop,,,,0.0
A4,elev_step,sig,whole,inertia_x1.6,0.045454545454545456,1.0,,
A4,elev_step,sig,win5,inertia_x1.6,0.0,,,
A4,elev_step,sig,win10,inertia_x1.6,0.0,,,
A4,elev_step,sig,whole,cmq_x0.5,0.0,0.0,0.27350427350427353,
A4,elev_step,sig,win5,cmq_x0.5,0.0,,0.28205128205128205,
A4,elev_step,sig,win10,cmq_x0.5,0.07692307692307693,1.0,0.23931623931623935,
A4,elev_step,sig,whole,cmalpha_x0.7,0.0,,0.49572649572649574,
A4,elev_step,sig,win5,cmalpha_x0.7,0.07692307692307693,0.5,0.5897435897435898,
A4,elev_step,sig,win10,cmalpha_x0.7,0.15384615384615385,1.0,0.5982905982905984,
A4,elev_step,sig,whole,clo_+0.1,0.5384615384615384,1.0,0.6153846153846154,
A4,elev_step,sig,win5,clo_+0.1,0.6153846153846154,0.8888888888888888,0.7094017094017094,
A4,elev_step,sig,win10,clo_+0.1,0.6153846153846154,1.0,0.7863247863247864,
A4,elev_step,sig,whole,noop,,,,0.045454545454545456
A4,elev_step,sig,win5,noop,,,,0.0
A4,elev_step,sig,win10,noop,,,,0.045454545454545456
A4,aileron_step,det,whole,inertia_x1.6,0.045454545454545456,1.0,,
A4,aileron_step,det,win5,inertia_x1.6,0.045454545454545456,1.0,,
A4,aileron_step,det,win10,inertia_x1.6,0.045454545454545456,1.0,,
A4,aileron_step,det,whole,cmq_x0.5,0.23076923076923078,1.0,0.5213675213675214,
A4,aileron_step,det,win5,cmq_x0.5,0.15384615384615385,1.0,0.48717948717948717,
A4,aileron_step,det,win10,cmq_x0.5,0.23076923076923078,1.0,0.5213675213675214,
A4,aileron_step,det,whole,cmalpha_x0.7,0.07692307692307693,1.0,0.5128205128205128,
A4,aileron_step,det,win5,cmalpha_x0.7,0.0,,0.35897435897435903,
A4,aileron_step,det,win10,cmalpha_x0.7,0.0,,0.5213675213675213,
A4,aileron_step,det,whole,clo_+0.1,0.6153846153846154,0.8,0.6581196581196582,
A4,aileron_step,det,win5,clo_+0.1,0.6153846153846154,0.6153846153846154,0.5726495726495726,
A4,aileron_step,det,win10,clo_+0.1,0.6153846153846154,0.5714285714285714,0.6324786324786325,
A4,aileron_step,det,whole,noop,,,,0.0
A4,aileron_step,det,win5,noop,,,,0.0
A4,aileron_step,det,win10,noop,,,,0.0
A4,aileron_step,sig,whole,inertia_x1.6,0.045454545454545456,1.0,,
A4,aileron_step,sig,win5,inertia_x1.6,0.09090909090909091,1.0,,
A4,aileron_step,sig,win10,inertia_x1.6,0.09090909090909091,1.0,,
A4,aileron_step,sig,whole,cmq_x0.5,0.15384615384615385,1.0,0.7735042735042735,
A4,aileron_step,sig,win5,cmq_x0.5,0.07692307692307693,1.0,0.811965811965812,
A4,aileron_step,sig,win10,cmq_x0.5,0.3076923076923077,1.0,0.7094017094017094,
A4,aileron_step,sig,whole,cmalpha_x0.7,0.07692307692307693,1.0,0.7179487179487181,
A4,aileron_step,sig,win5,cmalpha_x0.7,0.07692307692307693,1.0,0.7264957264957266,
A4,aileron_step,sig,win10,cmalpha_x0.7,0.07692307692307693,1.0,0.735042735042735,
A4,aileron_step,sig,whole,clo_+0.1,0.15384615384615385,0.6666666666666666,0.4444444444444445,
A4,aileron_step,sig,win5,clo_+0.1,0.38461538461538464,0.7142857142857143,0.5897435897435898,
A4,aileron_step,sig,win10,clo_+0.1,0.38461538461538464,1.0,0.6068376068376069,
A4,aileron_step,sig,whole,noop,,,,0.045454545454545456
A4,aileron_step,sig,win5,noop,,,,0.045454545454545456
A4,aileron_step,sig,win10,noop,,,,0.13636363636363635
A4,rudder_doublet,det,whole,inertia_x1.6,0.09090909090909091,1.0,,
A4,rudder_doublet,det,win5,inertia_x1.6,0.09090909090909091,1.0,,
A4,rudder_doublet,det,win10,inertia_x1.6,0.045454545454545456,1.0,,
A4,rudder_doublet,det,whole,cmq_x0.5,0.3076923076923077,1.0,0.4444444444444445,
A4,rudder_doublet,det,win5,cmq_x0.5,0.15384615384615385,1.0,0.36752136752136755,
A4,rudder_doublet,det,win10,cmq_x0.5,0.3076923076923077,1.0,0.41025641025641024,
A4,rudder_doublet,det,whole,cmalpha_x0.7,0.07692307692307693,1.0,0.3418803418803419,
A4,rudder_doublet,det,win5,cmalpha_x0.7,0.07692307692307693,1.0,0.3076923076923077,
A4,rudder_doublet,det,win10,cmalpha_x0.7,0.07692307692307693,1.0,0.35042735042735046,
A4,rudder_doublet,det,whole,clo_+0.1,0.5384615384615384,0.7777777777777778,0.5555555555555556,
A4,rudder_doublet,det,win5,clo_+0.1,0.5384615384615384,0.7777777777777778,0.5384615384615384,
A4,rudder_doublet,det,win10,clo_+0.1,0.5384615384615384,0.875,0.547008547008547,
A4,rudder_doublet,det,whole,noop,,,,0.0
A4,rudder_doublet,det,win5,noop,,,,0.045454545454545456
A4,rudder_doublet,det,win10,noop,,,,0.045454545454545456
A4,rudder_doublet,sig,whole,inertia_x1.6,0.0,,,
A4,rudder_doublet,sig,win5,inertia_x1.6,0.09090909090909091,1.0,,
A4,rudder_doublet,sig,win10,inertia_x1.6,0.0,,,
A4,rudder_doublet,sig,whole,cmq_x0.5,0.0,0.0,0.5641025641025641,
A4,rudder_doublet,sig,win5,cmq_x0.5,0.07692307692307693,1.0,0.5897435897435899,
A4,rudder_doublet,sig,win10,cmq_x0.5,0.0,0.0,0.47863247863247865,
A4,rudder_doublet,sig,whole,cmalpha_x0.7,0.0,,0.594017094017094,
A4,rudder_doublet,sig,win5,cmalpha_x0.7,0.07692307692307693,1.0,0.5128205128205129,
A4,rudder_doublet,sig,win10,cmalpha_x0.7,0.0,,0.5213675213675214,
A4,rudder_doublet,sig,whole,clo_+0.1,0.23076923076923078,1.0,0.5128205128205128,
A4,rudder_doublet,sig,win5,clo_+0.1,0.15384615384615385,1.0,0.5042735042735043,
A4,rudder_doublet,sig,win10,clo_+0.1,0.23076923076923078,1.0,0.4786324786324787,
A4,rudder_doublet,sig,whole,noop,,,,0.0
A4,rudder_doublet,sig,win5,noop,,,,0.0
A4,rudder_doublet,sig,win10,noop,,,,0.045454545454545456
A4,bank_hold,det,whole,inertia_x1.6,0.13636363636363635,1.0,,
A4,bank_hold,det,win5,inertia_x1.6,0.13636363636363635,1.0,,
A4,bank_hold,det,win10,inertia_x1.6,0.09090909090909091,1.0,,
A4,bank_hold,det,whole,cmq_x0.5,0.3076923076923077,0.8,0.6837606837606838,
A4,bank_hold,det,win5,cmq_x0.5,0.3076923076923077,0.8,0.6923076923076923,
A4,bank_hold,det,win10,cmq_x0.5,0.3076923076923077,0.8,0.6239316239316239,
A4,bank_hold,det,whole,cmalpha_x0.7,0.07692307692307693,0.5,0.5213675213675213,
A4,bank_hold,det,win5,cmalpha_x0.7,0.15384615384615385,0.6666666666666666,0.5128205128205129,
A4,bank_hold,det,win10,cmalpha_x0.7,0.15384615384615385,0.6666666666666666,0.5384615384615385,
A4,bank_hold,det,whole,clo_+0.1,0.6153846153846154,0.7272727272727273,0.6923076923076924,
A4,bank_hold,det,win5,clo_+0.1,0.6153846153846154,0.8,0.6068376068376069,
A4,bank_hold,det,win10,clo_+0.1,0.5384615384615384,0.7777777777777778,0.6666666666666667,
A4,bank_hold,det,whole,noop,,,,0.045454545454545456
A4,bank_hold,det,win5,noop,,,,0.09090909090909091
A4,bank_hold,det,win10,noop,,,,0.13636363636363635
A4,bank_hold,sig,whole,inertia_x1.6,0.0,,,
A4,bank_hold,sig,win5,inertia_x1.6,0.045454545454545456,1.0,,
A4,bank_hold,sig,win10,inertia_x1.6,0.0,,,
A4,bank_hold,sig,whole,cmq_x0.5,0.07692307692307693,1.0,0.5811965811965812,
A4,bank_hold,sig,win5,cmq_x0.5,0.07692307692307693,0.5,0.5555555555555556,
A4,bank_hold,sig,win10,cmq_x0.5,0.0,,0.5299145299145299,
A4,bank_hold,sig,whole,cmalpha_x0.7,0.07692307692307693,0.5,0.6239316239316239,
A4,bank_hold,sig,win5,cmalpha_x0.7,0.07692307692307693,0.5,0.6495726495726497,
A4,bank_hold,sig,win10,cmalpha_x0.7,0.07692307692307693,0.5,0.6666666666666666,
A4,bank_hold,sig,whole,clo_+0.1,0.15384615384615385,1.0,0.41880341880341887,
A4,bank_hold,sig,win5,clo_+0.1,0.23076923076923078,1.0,0.5384615384615384,
A4,bank_hold,sig,win10,clo_+0.1,0.23076923076923078,1.0,0.6068376068376069,
A4,bank_hold,sig,whole,noop,,,,0.045454545454545456
A4,bank_hold,sig,win5,noop,,,,0.045454545454545456
A4,bank_hold,sig,win10,noop,,,,0.0
A4,flap_extend,det,whole,inertia_x1.6,0.18181818181818182,1.0,,
A4,flap_extend,det,win5,inertia_x1.6,0.13636363636363635,1.0,,
A4,flap_extend,det,win10,inertia_x1.6,0.3181818181818182,1.0,,
A4,flap_extend,det,whole,cmq_x0.5,0.9230769230769231,1.0,1.0,
A4,flap_extend,det,win5,cmq_x0.5,0.7692307692307693,1.0,0.9743589743589743,
A4,flap_extend,det,win10,cmq_x0.5,0.7692307692307693,1.0,0.9829059829059829,
A4,flap_extend,det,whole,cmalpha_x0.7,0.8461538461538461,1.0,0.8632478632478633,
A4,flap_extend,det,win5,cmalpha_x0.7,0.8461538461538461,1.0,0.8717948717948718,
A4,flap_extend,det,win10,cmalpha_x0.7,0.8461538461538461,1.0,0.8632478632478633,
A4,flap_extend,det,whole,clo_+0.1,0.8461538461538461,0.9166666666666666,0.905982905982906,
A4,flap_extend,det,win5,clo_+0.1,0.8461538461538461,0.9166666666666666,0.888888888888889,
A4,flap_extend,det,win10,clo_+0.1,0.7692307692307693,0.9090909090909091,0.888888888888889,
A4,flap_extend,det,whole,noop,,,,0.3181818181818182
A4,flap_extend,det,win5,noop,,,,0.2727272727272727
A4,flap_extend,det,win10,noop,,,,0.2727272727272727
A4,flap_extend,sig,whole,inertia_x1.6,0.045454545454545456,1.0,,
A4,flap_extend,sig,win5,inertia_x1.6,0.09090909090909091,1.0,,
A4,flap_extend,sig,win10,inertia_x1.6,0.045454545454545456,1.0,,
A4,flap_extend,sig,whole,cmq_x0.5,0.23076923076923078,1.0,0.5811965811965812,
A4,flap_extend,sig,win5,cmq_x0.5,0.15384615384615385,1.0,0.6495726495726496,
A4,flap_extend,sig,win10,cmq_x0.5,0.23076923076923078,1.0,0.4871794871794872,
A4,flap_extend,sig,whole,cmalpha_x0.7,0.5384615384615384,1.0,0.8034188034188035,
A4,flap_extend,sig,win5,cmalpha_x0.7,0.5384615384615384,1.0,0.7948717948717949,
A4,flap_extend,sig,win10,cmalpha_x0.7,0.38461538461538464,1.0,0.6923076923076922,
A4,flap_extend,sig,whole,clo_+0.1,0.38461538461538464,0.7142857142857143,0.5726495726495727,
A4,flap_extend,sig,win5,clo_+0.1,0.46153846153846156,0.75,0.7008547008547008,
A4,flap_extend,sig,win10,clo_+0.1,0.3076923076923077,0.6666666666666666,0.5897435897435898,
A4,flap_extend,sig,whole,noop,,,,0.0
A4,flap_extend,sig,win5,noop,,,,0.045454545454545456
A4,flap_extend,sig,win10,noop,,,,0.045454545454545456
A4,climbing_turn,det,whole,inertia_x1.6,0.045454545454545456,1.0,,
A4,climbing_turn,det,win5,inertia_x1.6,0.045454545454545456,1.0,,
A4,climbing_turn,det,win10,inertia_x1.6,0.045454545454545456,1.0,,
A4,climbing_turn,det,whole,cmq_x0.5,0.23076923076923078,1.0,0.6153846153846154,
A4,climbing_turn,det,win5,cmq_x0.5,0.15384615384615385,1.0,0.5213675213675214,
A4,climbing_turn,det,win10,cmq_x0.5,0.3076923076923077,1.0,0.5555555555555555,
A4,climbing_turn,det,whole,cmalpha_x0.7,0.6923076923076923,0.9,0.7606837606837606,
A4,climbing_turn,det,win5,cmalpha_x0.7,0.6923076923076923,0.9,0.7692307692307693,
A4,climbing_turn,det,win10,cmalpha_x0.7,0.6923076923076923,0.9,0.7521367521367521,
A4,climbing_turn,det,whole,clo_+0.1,1.0,0.7222222222222222,0.8205128205128206,
A4,climbing_turn,det,win5,clo_+0.1,0.9230769230769231,0.7058823529411765,0.811965811965812,
A4,climbing_turn,det,win10,clo_+0.1,0.9230769230769231,0.6666666666666666,0.8290598290598291,
A4,climbing_turn,det,whole,noop,,,,0.0
A4,climbing_turn,det,win5,noop,,,,0.0
A4,climbing_turn,det,win10,noop,,,,0.0
A4,climbing_turn,sig,whole,inertia_x1.6,0.13636363636363635,1.0,,
A4,climbing_turn,sig,win5,inertia_x1.6,0.045454545454545456,1.0,,
A4,climbing_turn,sig,win10,inertia_x1.6,0.0,,,
A4,climbing_turn,sig,whole,cmq_x0.5,0.15384615384615385,1.0,0.4273504273504274,
A4,climbing_turn,sig,win5,cmq_x0.5,0.0,,0.4358974358974359,
A4,climbing_turn,sig,win10,cmq_x0.5,0.07692307692307693,0.5,0.46153846153846156,
A4,climbing_turn,sig,whole,cmalpha_x0.7,0.15384615384615385,0.5,0.47863247863247865,
A4,climbing_turn,sig,win5,cmalpha_x0.7,0.07692307692307693,0.3333333333333333,0.6153846153846154,
A4,climbing_turn,sig,win10,cmalpha_x0.7,0.07692307692307693,0.5,0.47863247863247865,
A4,climbing_turn,sig,whole,clo_+0.1,0.6153846153846154,0.6666666666666666,0.7094017094017094,
A4,climbing_turn,sig,win5,clo_+0.1,0.8461538461538461,0.7333333333333333,0.7264957264957266,
A4,climbing_turn,sig,win10,clo_+0.1,0.7692307692307693,0.7142857142857143,0.7521367521367521,
A4,climbing_turn,sig,whole,noop,,,,0.09090909090909091
A4,climbing_turn,sig,win5,noop,,,,0.045454545454545456
A4,climbing_turn,sig,win10,noop,,,,0.09090909090909091
A4,elev_doublet_distractor,det,whole,inertia_x1.6,0.045454545454545456,1.0,,
A4,elev_doublet_distractor,det,win5,inertia_x1.6,0.09090909090909091,1.0,,
A4,elev_doublet_distractor,det,win10,inertia_x1.6,0.09090909090909091,1.0,,
A4,elev_doublet_distractor,det,whole,cmq_x0.5,0.23076923076923078,1.0,0.28205128205128205,
A4,elev_doublet_distractor,det,win5,cmq_x0.5,0.15384615384615385,1.0,0.23931623931623935,
A4,elev_doublet_distractor,det,win10,cmq_x0.5,0.3076923076923077,1.0,0.27350427350427353,
A4,elev_doublet_distractor,det,whole,cmalpha_x0.7,0.07692307692307693,1.0,0.5982905982905984,
A4,elev_doublet_distractor,det,win5,cmalpha_x0.7,0.3076923076923077,1.0,0.5726495726495726,
A4,elev_doublet_distractor,det,win10,cmalpha_x0.7,0.23076923076923078,1.0,0.6068376068376068,
A4,elev_doublet_distractor,det,whole,clo_+0.1,0.7692307692307693,0.9090909090909091,1.0,
A4,elev_doublet_distractor,det,win5,clo_+0.1,0.7692307692307693,1.0,1.0,
A4,elev_doublet_distractor,det,win10,clo_+0.1,0.7692307692307693,1.0,1.0,
A4,elev_doublet_distractor,det,whole,noop,,,,0.0
A4,elev_doublet_distractor,det,win5,noop,,,,0.0
A4,elev_doublet_distractor,det,win10,noop,,,,0.0
A4,elev_doublet_distractor,sig,whole,inertia_x1.6,0.09090909090909091,1.0,,
A4,elev_doublet_distractor,sig,win5,inertia_x1.6,0.18181818181818182,1.0,,
A4,elev_doublet_distractor,sig,win10,inertia_x1.6,0.13636363636363635,1.0,,
A4,elev_doublet_distractor,sig,whole,cmq_x0.5,0.0,0.0,0.37606837606837606,
A4,elev_doublet_distractor,sig,win5,cmq_x0.5,0.07692307692307693,0.5,0.43589743589743596,
A4,elev_doublet_distractor,sig,win10,cmq_x0.5,0.0,0.0,0.41880341880341887,
A4,elev_doublet_distractor,sig,whole,cmalpha_x0.7,0.0,0.0,0.4786324786324787,
A4,elev_doublet_distractor,sig,win5,cmalpha_x0.7,0.07692307692307693,0.5,0.4017094017094018,
A4,elev_doublet_distractor,sig,win10,cmalpha_x0.7,0.07692307692307693,0.3333333333333333,0.49572649572649574,
A4,elev_doublet_distractor,sig,whole,clo_+0.1,0.38461538461538464,0.7142857142857143,0.45299145299145305,
A4,elev_doublet_distractor,sig,win5,clo_+0.1,0.46153846153846156,0.8571428571428571,0.5897435897435898,
A4,elev_doublet_distractor,sig,win10,clo_+0.1,0.46153846153846156,0.75,0.5726495726495727,
A4,elev_doublet_distractor,sig,whole,noop,,,,0.13636363636363635
A4,elev_doublet_distractor,sig,win5,noop,,,,0.045454545454545456
A4,elev_doublet_distractor,sig,win10,noop,,,,0.13636363636363635
B747,cruise,det,whole,inertia_x1.6,0.0,,,
B747,cruise,det,win5,inertia_x1.6,0.0,,,
B747,cruise,det,win10,inertia_x1.6,0.0,,,
B747,cruise,det,whole,cmq_x0.5,0.0,,0.8547008547008547,
B747,cruise,det,win5,cmq_x0.5,0.0,,0.7692307692307693,
B747,cruise,det,win10,cmq_x0.5,0.0,,0.717948717948718,
B747,cruise,det,whole,cmalpha_x0.7,0.0,,0.2564102564102564,
B747,cruise,det,win5,cmalpha_x0.7,0.0,,0.23931623931623933,
B747,cruise,det,win10,cmalpha_x0.7,0.0,0.0,0.2136752136752137,
B747,cruise,det,whole,clo_+0.1,0.3076923076923077,1.0,0.5128205128205128,
B747,cruise,det,win5,clo_+0.1,0.38461538461538464,0.8333333333333334,0.5042735042735043,
B747,cruise,det,win10,clo_+0.1,0.38461538461538464,0.7142857142857143,0.5213675213675214,
B747,cruise,det,whole,noop,,,,0.0
B747,cruise,det,win5,noop,,,,0.0
B747,cruise,det,win10,noop,,,,0.0
B747,cruise,sig,whole,inertia_x1.6,0.045454545454545456,1.0,,
B747,cruise,sig,win5,inertia_x1.6,0.0,,,
B747,cruise,sig,win10,inertia_x1.6,0.0,,,
B747,cruise,sig,whole,cmq_x0.5,0.0,,0.5982905982905984,
B747,cruise,sig,win5,cmq_x0.5,0.0,,0.4358974358974359,
B747,cruise,sig,win10,cmq_x0.5,0.0,,0.4871794871794872,
B747,cruise,sig,whole,cmalpha_x0.7,0.15384615384615385,1.0,0.811965811965812,
B747,cruise,sig,win5,cmalpha_x0.7,0.0,,0.8632478632478633,
B747,cruise,sig,win10,cmalpha_x0.7,0.07692307692307693,1.0,0.8461538461538461,
B747,cruise,sig,whole,clo_+0.1,0.07692307692307693,1.0,0.6410256410256411,
B747,cruise,sig,win5,clo_+0.1,0.07692307692307693,1.0,0.6324786324786326,
B747,cruise,sig,win10,clo_+0.1,0.3076923076923077,1.0,0.8034188034188035,
B747,cruise,sig,whole,noop,,,,0.0
B747,cruise,sig,win5,noop,,,,0.0
B747,cruise,sig,win10,noop,,,,0.0
B747,throttle_step,det,whole,inertia_x1.6,0.0,,,
B747,throttle_step,det,win5,inertia_x1.6,0.0,,,
B747,throttle_step,det,win10,inertia_x1.6,0.0,,,
B747,throttle_step,det,whole,cmq_x0.5,0.0,,0.23076923076923078,
B747,throttle_step,det,win5,cmq_x0.5,0.0,,0.26495726495726496,
B747,throttle_step,det,win10,cmq_x0.5,0.0,,0.23076923076923078,
B747,throttle_step,det,whole,cmalpha_x0.7,0.07692307692307693,0.5,0.358974358974359,
B747,throttle_step,det,win5,cmalpha_x0.7,0.15384615384615385,0.6666666666666666,0.4358974358974359,
B747,throttle_step,det,win10,cmalpha_x0.7,0.0,0.0,0.37606837606837606,
B747,throttle_step,det,whole,clo_+0.1,0.3076923076923077,0.8,0.6666666666666666,
B747,throttle_step,det,win5,clo_+0.1,0.38461538461538464,0.7142857142857143,0.6666666666666666,
B747,throttle_step,det,win10,clo_+0.1,0.46153846153846156,0.75,0.6666666666666667,
B747,throttle_step,det,whole,noop,,,,0.0
B747,throttle_step,det,win5,noop,,,,0.0
B747,throttle_step,det,win10,noop,,,,0.0
B747,throttle_step,sig,whole,inertia_x1.6,0.0,,,
B747,throttle_step,sig,win5,inertia_x1.6,0.045454545454545456,1.0,,
B747,throttle_step,sig,win10,inertia_x1.6,0.0,,,
B747,throttle_step,sig,whole,cmq_x0.5,0.0,,0.717948717948718,
B747,throttle_step,sig,win5,cmq_x0.5,0.07692307692307693,1.0,0.7435897435897436,
B747,throttle_step,sig,win10,cmq_x0.5,0.0,,0.641025641025641,
B747,throttle_step,sig,whole,cmalpha_x0.7,0.15384615384615385,1.0,0.7521367521367521,
B747,throttle_step,sig,win5,cmalpha_x0.7,0.07692307692307693,1.0,0.8717948717948718,
B747,throttle_step,sig,win10,cmalpha_x0.7,0.07692307692307693,1.0,0.8376068376068376,
B747,throttle_step,sig,whole,clo_+0.1,0.07692307692307693,0.5,0.6666666666666667,
B747,throttle_step,sig,win5,clo_+0.1,0.15384615384615385,1.0,0.5982905982905984,
B747,throttle_step,sig,win10,clo_+0.1,0.07692307692307693,0.5,0.5641025641025641,
B747,throttle_step,sig,whole,noop,,,,0.0
B747,throttle_step,sig,win5,noop,,,,0.0
B747,throttle_step,sig,win10,noop,,,,0.0
B747,elev_doublet,det,whole,inertia_x1.6,0.045454545454545456,1.0,,
B747,elev_doublet,det,win5,inertia_x1.6,0.18181818181818182,1.0,,
B747,elev_doublet,det,win10,inertia_x1.6,0.18181818181818182,1.0,,
B747,elev_doublet,det,whole,cmq_x0.5,0.0,,0.5470085470085471,
B747,elev_doublet,det,win5,cmq_x0.5,0.0,,0.45299145299145294,
B747,elev_doublet,det,win10,cmq_x0.5,0.0,,0.47863247863247865,
B747,elev_doublet,det,whole,cmalpha_x0.7,0.0,,0.3162393162393162,
B747,elev_doublet,det,win5,cmalpha_x0.7,0.07692307692307693,1.0,0.2222222222222222,
B747,elev_doublet,det,win10,cmalpha_x0.7,0.07692307692307693,1.0,0.20512820512820518,
B747,elev_doublet,det,whole,clo_+0.1,0.5384615384615384,1.0,0.8119658119658121,
B747,elev_doublet,det,win5,clo_+0.1,0.5384615384615384,1.0,0.7948717948717949,
B747,elev_doublet,det,win10,clo_+0.1,0.5384615384615384,1.0,0.8376068376068376,
B747,elev_doublet,det,whole,noop,,,,0.045454545454545456
B747,elev_doublet,det,win5,noop,,,,0.045454545454545456
B747,elev_doublet,det,win10,noop,,,,0.0
B747,elev_doublet,sig,whole,inertia_x1.6,0.09090909090909091,1.0,,
B747,elev_doublet,sig,win5,inertia_x1.6,0.09090909090909091,1.0,,
B747,elev_doublet,sig,win10,inertia_x1.6,0.045454545454545456,1.0,,
B747,elev_doublet,sig,whole,cmq_x0.5,0.0,0.0,0.24786324786324787,
B747,elev_doublet,sig,win5,cmq_x0.5,0.0,0.0,0.20512820512820515,
B747,elev_doublet,sig,win10,cmq_x0.5,0.0,0.0,0.23076923076923078,
B747,elev_doublet,sig,whole,cmalpha_x0.7,0.23076923076923078,0.75,0.3076923076923077,
B747,elev_doublet,sig,win5,cmalpha_x0.7,0.15384615384615385,0.5,0.49572649572649574,
B747,elev_doublet,sig,win10,cmalpha_x0.7,0.07692307692307693,0.5,0.4273504273504274,
B747,elev_doublet,sig,whole,clo_+0.1,0.23076923076923078,1.0,0.52991452991453,
B747,elev_doublet,sig,win5,clo_+0.1,0.3076923076923077,0.6666666666666666,0.5897435897435898,
B747,elev_doublet,sig,win10,clo_+0.1,0.15384615384615385,0.6666666666666666,0.6239316239316239,
B747,elev_doublet,sig,whole,noop,,,,0.09090909090909091
B747,elev_doublet,sig,win5,noop,,,,0.18181818181818182
B747,elev_doublet,sig,win10,noop,,,,0.045454545454545456
B747,elev_step,det,whole,inertia_x1.6,0.0,,,
B747,elev_step,det,win5,inertia_x1.6,0.0,,,
B747,elev_step,det,win10,inertia_x1.6,0.0,,,
B747,elev_step,det,whole,cmq_x0.5,0.0,,0.7692307692307693,
B747,elev_step,det,win5,cmq_x0.5,0.0,,0.7606837606837606,
B747,elev_step,det,win10,cmq_x0.5,0.0,,0.7521367521367521,
B747,elev_step,det,whole,cmalpha_x0.7,0.15384615384615385,1.0,0.5042735042735043,
B747,elev_step,det,win5,cmalpha_x0.7,0.15384615384615385,0.6666666666666666,0.49572649572649574,
B747,elev_step,det,win10,cmalpha_x0.7,0.15384615384615385,0.6666666666666666,0.4700854700854701,
B747,elev_step,det,whole,clo_+0.1,0.3076923076923077,1.0,0.6581196581196581,
B747,elev_step,det,win5,clo_+0.1,0.3076923076923077,1.0,0.7264957264957266,
B747,elev_step,det,win10,clo_+0.1,0.3076923076923077,1.0,0.7008547008547008,
B747,elev_step,det,whole,noop,,,,0.0
B747,elev_step,det,win5,noop,,,,0.0
B747,elev_step,det,win10,noop,,,,0.0
B747,elev_step,sig,whole,inertia_x1.6,0.045454545454545456,1.0,,
B747,elev_step,sig,win5,inertia_x1.6,0.13636363636363635,1.0,,
B747,elev_step,sig,win10,inertia_x1.6,0.09090909090909091,1.0,,
B747,elev_step,sig,whole,cmq_x0.5,0.07692307692307693,1.0,0.7777777777777778,
B747,elev_step,sig,win5,cmq_x0.5,0.23076923076923078,1.0,0.6410256410256411,
B747,elev_step,sig,win10,cmq_x0.5,0.23076923076923078,0.75,0.7350427350427351,
B747,elev_step,sig,whole,cmalpha_x0.7,0.15384615384615385,1.0,0.4017094017094017,
B747,elev_step,sig,win5,cmalpha_x0.7,0.07692307692307693,1.0,0.6153846153846154,
B747,elev_step,sig,win10,cmalpha_x0.7,0.15384615384615385,1.0,0.5555555555555556,
B747,elev_step,sig,whole,clo_+0.1,0.07692307692307693,1.0,0.4017094017094017,
B747,elev_step,sig,win5,clo_+0.1,0.23076923076923078,1.0,0.6495726495726496,
B747,elev_step,sig,win10,clo_+0.1,0.3076923076923077,1.0,0.5726495726495727,
B747,elev_step,sig,whole,noop,,,,0.045454545454545456
B747,elev_step,sig,win5,noop,,,,0.09090909090909091
B747,elev_step,sig,win10,noop,,,,0.13636363636363635
B747,aileron_step,det,whole,inertia_x1.6,0.09090909090909091,1.0,,
B747,aileron_step,det,win5,inertia_x1.6,0.09090909090909091,1.0,,
B747,aileron_step,det,win10,inertia_x1.6,0.09090909090909091,1.0,,
B747,aileron_step,det,whole,cmq_x0.5,0.0,,0.5213675213675214,
B747,aileron_step,det,win5,cmq_x0.5,0.0,,0.41025641025641024,
B747,aileron_step,det,win10,cmq_x0.5,0.0,,0.5726495726495726,
B747,aileron_step,det,whole,cmalpha_x0.7,0.0,,0.3162393162393162,
B747,aileron_step,det,win5,cmalpha_x0.7,0.0,,0.2991452991452992,
B747,aileron_step,det,win10,cmalpha_x0.7,0.0,,0.2478632478632479,
B747,aileron_step,det,whole,clo_+0.1,0.3076923076923077,0.8,0.46153846153846156,
B747,aileron_step,det,win5,clo_+0.1,0.3076923076923077,1.0,0.452991452991453,
B747,aileron_step,det,win10,clo_+0.1,0.3076923076923077,1.0,0.4273504273504274,
B747,aileron_step,det,whole,noop,,,,0.0
B747,aileron_step,det,win5,noop,,,,0.0
B747,aileron_step,det,win10,noop,,,,0.0
B747,aileron_step,sig,whole,inertia_x1.6,0.0,,,
B747,aileron_step,sig,win5,inertia_x1.6,0.0,,,
B747,aileron_step,sig,win10,inertia_x1.6,0.0,,,
B747,aileron_step,sig,whole,cmq_x0.5,0.0,0.0,0.4188034188034188,
B747,aileron_step,sig,win5,cmq_x0.5,0.0,0.0,0.4871794871794872,
B747,aileron_step,sig,win10,cmq_x0.5,0.0,,0.41880341880341887,
B747,aileron_step,sig,whole,cmalpha_x0.7,0.07692307692307693,1.0,0.38461538461538464,
B747,aileron_step,sig,win5,cmalpha_x0.7,0.07692307692307693,1.0,0.5726495726495727,
B747,aileron_step,sig,win10,cmalpha_x0.7,0.0,,0.38461538461538464,
B747,aileron_step,sig,whole,clo_+0.1,0.15384615384615385,0.4,0.35897435897435903,
B747,aileron_step,sig,win5,clo_+0.1,0.15384615384615385,0.5,0.5470085470085471,
B747,aileron_step,sig,win10,clo_+0.1,0.15384615384615385,0.4,0.43589743589743596,
B747,aileron_step,sig,whole,noop,,,,0.045454545454545456
B747,aileron_step,sig,win5,noop,,,,0.045454545454545456
B747,aileron_step,sig,win10,noop,,,,0.0
B747,rudder_doublet,det,whole,inertia_x1.6,0.0,,,
B747,rudder_doublet,det,win5,inertia_x1.6,0.0,,,
B747,rudder_doublet,det,win10,inertia_x1.6,0.0,,,
B747,rudder_doublet,det,whole,cmq_x0.5,0.0,,0.547008547008547,
B747,rudder_doublet,det,win5,cmq_x0.5,0.07692307692307693,1.0,0.5213675213675214,
B747,rudder_doublet,det,win10,cmq_x0.5,0.0,,0.5384615384615384,
B747,rudder_doublet,det,whole,cmalpha_x0.7,0.0,,0.3162393162393162,
B747,rudder_doublet,det,win5,cmalpha_x0.7,0.0,,0.3931623931623932,
B747,rudder_doublet,det,win10,cmalpha_x0.7,0.0,,0.4017094017094017,
B747,rudder_doublet,det,whole,clo_+0.1,0.23076923076923078,1.0,0.6837606837606838,
B747,rudder_doublet,det,win5,clo_+0.1,0.23076923076923078,1.0,0.6495726495726496,
B747,rudder_doublet,det,win10,clo_+0.1,0.23076923076923078,1.0,0.6837606837606838,
B747,rudder_doublet,det,whole,noop,,,,0.0
B747,rudder_doublet,det,win5,noop,,,,0.0
B747,rudder_doublet,det,win10,noop,,,,0.0
B747,rudder_doublet,sig,whole,inertia_x1.6,0.0,,,
B747,rudder_doublet,sig,win5,inertia_x1.6,0.045454545454545456,1.0,,
B747,rudder_doublet,sig,win10,inertia_x1.6,0.045454545454545456,1.0,,
B747,rudder_doublet,sig,whole,cmq_x0.5,0.0,0.0,0.1452991452991453,
B747,rudder_doublet,sig,win5,cmq_x0.5,0.0,0.0,0.3418803418803419,
B747,rudder_doublet,sig,win10,cmq_x0.5,0.0,0.0,0.33333333333333337,
B747,rudder_doublet,sig,whole,cmalpha_x0.7,0.07692307692307693,0.5,0.4786324786324786,
B747,rudder_doublet,sig,win5,cmalpha_x0.7,0.0,0.0,0.6837606837606838,
B747,rudder_doublet,sig,win10,cmalpha_x0.7,0.15384615384615385,0.6666666666666666,0.47863247863247865,
B747,rudder_doublet,sig,whole,clo_+0.1,0.23076923076923078,0.6,0.3931623931623932,
B747,rudder_doublet,sig,win5,clo_+0.1,0.07692307692307693,1.0,0.5384615384615385,
B747,rudder_doublet,sig,win10,clo_+0.1,0.07692307692307693,0.5,0.5042735042735043,
B747,rudder_doublet,sig,whole,noop,,,,0.045454545454545456
B747,rudder_doublet,sig,win5,noop,,,,0.09090909090909091
B747,rudder_doublet,sig,win10,noop,,,,0.09090909090909091
B747,bank_hold,det,whole,inertia_x1.6,0.0,,,
B747,bank_hold,det,win5,inertia_x1.6,0.0,,,
B747,bank_hold,det,win10,inertia_x1.6,0.0,,,
B747,bank_hold,det,whole,cmq_x0.5,0.0,,0.3333333333333333,
B747,bank_hold,det,win5,cmq_x0.5,0.0,,0.28205128205128205,
B747,bank_hold,det,win10,cmq_x0.5,0.0,,0.26495726495726496,
B747,bank_hold,det,whole,cmalpha_x0.7,0.0,,0.3076923076923077,
B747,bank_hold,det,win5,cmalpha_x0.7,0.0,,0.264957264957265,
B747,bank_hold,det,win10,cmalpha_x0.7,0.0,,0.22222222222222227,
B747,bank_hold,det,whole,clo_+0.1,0.23076923076923078,1.0,0.46153846153846156,
B747,bank_hold,det,win5,clo_+0.1,0.23076923076923078,1.0,0.49572649572649574,
B747,bank_hold,det,win10,clo_+0.1,0.23076923076923078,1.0,0.49572649572649574,
B747,bank_hold,det,whole,noop,,,,0.0
B747,bank_hold,det,win5,noop,,,,0.0
B747,bank_hold,det,win10,noop,,,,0.0
B747,bank_hold,sig,whole,inertia_x1.6,0.0,,,
B747,bank_hold,sig,win5,inertia_x1.6,0.045454545454545456,1.0,,
B747,bank_hold,sig,win10,inertia_x1.6,0.045454545454545456,1.0,,
B747,bank_hold,sig,whole,cmq_x0.5,0.0,,0.5470085470085471,
B747,bank_hold,sig,win5,cmq_x0.5,0.0,0.0,0.5470085470085471,
B747,bank_hold,sig,win10,cmq_x0.5,0.0,,0.4700854700854702,
B747,bank_hold,sig,whole,cmalpha_x0.7,0.0,,0.5811965811965812,
B747,bank_hold,sig,win5,cmalpha_x0.7,0.0,0.0,0.5213675213675214,
B747,bank_hold,sig,win10,cmalpha_x0.7,0.0,,0.4871794871794872,
B747,bank_hold,sig,whole,clo_+0.1,0.0,0.0,0.47008547008547014,
B747,bank_hold,sig,win5,clo_+0.1,0.15384615384615385,0.4,0.4871794871794872,
B747,bank_hold,sig,win10,clo_+0.1,0.15384615384615385,0.4,0.46153846153846156,
B747,bank_hold,sig,whole,noop,,,,0.0
B747,bank_hold,sig,win5,noop,,,,0.09090909090909091
B747,bank_hold,sig,win10,noop,,,,0.045454545454545456
B747,flap_extend,det,whole,inertia_x1.6,0.13636363636363635,1.0,,
B747,flap_extend,det,win5,inertia_x1.6,0.22727272727272727,1.0,,
B747,flap_extend,det,win10,inertia_x1.6,0.18181818181818182,1.0,,
B747,flap_extend,det,whole,cmq_x0.5,0.7692307692307693,1.0,1.0,
B747,flap_extend,det,win5,cmq_x0.5,0.7692307692307693,1.0,0.9487179487179487,
B747,flap_extend,det,win10,cmq_x0.5,0.7692307692307693,1.0,0.9743589743589743,
B747,flap_extend,det,whole,cmalpha_x0.7,0.8461538461538461,1.0,0.8974358974358975,
B747,flap_extend,det,win5,cmalpha_x0.7,0.8461538461538461,1.0,0.8803418803418803,
B747,flap_extend,det,win10,cmalpha_x0.7,0.8461538461538461,1.0,0.8974358974358975,
B747,flap_extend,det,whole,clo_+0.1,0.3076923076923077,1.0,0.6068376068376068,
B747,flap_extend,det,win5,clo_+0.1,0.5384615384615384,0.875,0.6410256410256411,
B747,flap_extend,det,win10,clo_+0.1,0.46153846153846156,1.0,0.6324786324786325,
B747,flap_extend,det,whole,noop,,,,0.0
B747,flap_extend,det,win5,noop,,,,0.0
B747,flap_extend,det,win10,noop,,,,0.0
B747,flap_extend,sig,whole,inertia_x1.6,0.045454545454545456,1.0,,
B747,flap_extend,sig,win5,inertia_x1.6,0.0,,,
B747,flap_extend,sig,win10,inertia_x1.6,0.0,,,
B747,flap_extend,sig,whole,cmq_x0.5,0.23076923076923078,1.0,0.6068376068376069,
B747,flap_extend,sig,win5,cmq_x0.5,0.23076923076923078,1.0,0.6837606837606838,
B747,flap_extend,sig,win10,cmq_x0.5,0.15384615384615385,0.6666666666666666,0.5641025641025641,
B747,flap_extend,sig,whole,cmalpha_x0.7,0.9230769230769231,1.0,0.9401709401709402,
B747,flap_extend,sig,win5,cmalpha_x0.7,0.9230769230769231,1.0,0.9487179487179488,
B747,flap_extend,sig,win10,cmalpha_x0.7,0.8461538461538461,1.0,0.9487179487179487,
B747,flap_extend,sig,whole,clo_+0.1,0.15384615384615385,1.0,0.6153846153846154,
B747,flap_extend,sig,win5,clo_+0.1,0.23076923076923078,1.0,0.6410256410256411,
B747,flap_extend,sig,win10,clo_+0.1,0.15384615384615385,1.0,0.6666666666666667,
B747,flap_extend,sig,whole,noop,,,,0.045454545454545456
B747,flap_extend,sig,win5,noop,,,,0.0
B747,flap_extend,sig,win10,noop,,,,0.0
B747,engine_cut,det,whole,inertia_x1.6,0.0,,,
B747,engine_cut,det,win5,inertia_x1.6,0.0,,,
B747,engine_cut,det,win10,inertia_x1.6,0.0,,,
B747,engine_cut,det,whole,cmq_x0.5,0.0,,0.7777777777777777,
B747,engine_cut,det,win5,cmq_x0.5,0.0,,0.4871794871794872,
B747,engine_cut,det,win10,cmq_x0.5,0.0,,0.6153846153846154,
B747,engine_cut,det,whole,cmalpha_x0.7,0.0,,0.24786324786324793,
B747,engine_cut,det,win5,cmalpha_x0.7,0.0,0.0,0.28205128205128216,
B747,engine_cut,det,win10,cmalpha_x0.7,0.0,,0.27350427350427353,
B747,engine_cut,det,whole,clo_+0.1,0.23076923076923078,1.0,0.6239316239316238,
B747,engine_cut,det,win5,clo_+0.1,0.23076923076923078,1.0,0.5641025641025642,
B747,engine_cut,det,win10,clo_+0.1,0.23076923076923078,1.0,0.5128205128205129,
B747,engine_cut,det,whole,noop,,,,0.0
B747,engine_cut,det,win5,noop,,,,0.0
B747,engine_cut,det,win10,noop,,,,0.0
B747,engine_cut,sig,whole,inertia_x1.6,0.045454545454545456,1.0,,
B747,engine_cut,sig,win5,inertia_x1.6,0.045454545454545456,1.0,,
B747,engine_cut,sig,win10,inertia_x1.6,0.045454545454545456,1.0,,
B747,engine_cut,sig,whole,cmq_x0.5,0.0,0.0,0.358974358974359,
B747,engine_cut,sig,win5,cmq_x0.5,0.0,0.0,0.6153846153846154,
B747,engine_cut,sig,win10,cmq_x0.5,0.0,0.0,0.4957264957264958,
B747,engine_cut,sig,whole,cmalpha_x0.7,0.07692307692307693,1.0,0.576923076923077,
B747,engine_cut,sig,win5,cmalpha_x0.7,0.15384615384615385,1.0,0.7094017094017094,
B747,engine_cut,sig,win10,cmalpha_x0.7,0.07692307692307693,1.0,0.7264957264957266,
B747,engine_cut,sig,whole,clo_+0.1,0.15384615384615385,1.0,0.5384615384615384,
B747,engine_cut,sig,win5,clo_+0.1,0.23076923076923078,1.0,0.7264957264957265,
B747,engine_cut,sig,win10,clo_+0.1,0.23076923076923078,1.0,0.7692307692307693,
B747,engine_cut,sig,whole,noop,,,,0.13636363636363635
B747,engine_cut,sig,win5,noop,,,,0.09090909090909091
B747,engine_cut,sig,win10,noop,,,,0.045454545454545456
B747,climbing_turn,det,whole,inertia_x1.6,0.0,,,
B747,climbing_turn,det,win5,inertia_x1.6,0.0,,,
B747,climbing_turn,det,win10,inertia_x1.6,0.045454545454545456,1.0,,
B747,climbing_turn,det,whole,cmq_x0.5,0.0,,0.452991452991453,
B747,climbing_turn,det,win5,cmq_x0.5,0.0,,0.39316239316239315,
B747,climbing_turn,det,win10,cmq_x0.5,0.0,,0.33333333333333337,
B747,climbing_turn,det,whole,cmalpha_x0.7,0.0,,0.28205128205128205,
B747,climbing_turn,det,win5,cmalpha_x0.7,0.07692307692307693,0.5,0.26495726495726496,
B747,climbing_turn,det,win10,cmalpha_x0.7,0.0,0.0,0.2564102564102564,
B747,climbing_turn,det,whole,clo_+0.1,0.3076923076923077,0.8,0.4017094017094017,
B747,climbing_turn,det,win5,clo_+0.1,0.3076923076923077,0.5714285714285714,0.4786324786324786,
B747,climbing_turn,det,win10,clo_+0.1,0.3076923076923077,0.5714285714285714,0.4786324786324787,
B747,climbing_turn,det,whole,noop,,,,0.0
B747,climbing_turn,det,win5,noop,,,,0.0
B747,climbing_turn,det,win10,noop,,,,0.0
B747,climbing_turn,sig,whole,inertia_x1.6,0.0,,,
B747,climbing_turn,sig,win5,inertia_x1.6,0.0,,,
B747,climbing_turn,sig,win10,inertia_x1.6,0.0,,,
B747,climbing_turn,sig,whole,cmq_x0.5,0.0,,0.5897435897435898,
B747,climbing_turn,sig,win5,cmq_x0.5,0.0,,0.4444444444444445,
B747,climbing_turn,sig,win10,cmq_x0.5,0.0,,0.5128205128205129,
B747,climbing_turn,sig,whole,cmalpha_x0.7,0.07692307692307693,1.0,0.5213675213675214,
B747,climbing_turn,sig,win5,cmalpha_x0.7,0.0,0.0,0.49572649572649574,
B747,climbing_turn,sig,win10,cmalpha_x0.7,0.0,,0.5811965811965812,
B747,climbing_turn,sig,whole,clo_+0.1,0.38461538461538464,0.8333333333333334,0.6666666666666667,
B747,climbing_turn,sig,win5,clo_+0.1,0.3076923076923077,0.8,0.8205128205128206,
B747,climbing_turn,sig,win10,clo_+0.1,0.3076923076923077,0.8,0.7435897435897436,
B747,climbing_turn,sig,whole,noop,,,,0.0
B747,climbing_turn,sig,win5,noop,,,,0.0
B747,climbing_turn,sig,win10,noop,,,,0.0
B747,elev_doublet_distractor,det,whole,inertia_x1.6,0.0,,,
B747,elev_doublet_distractor,det,win5,inertia_x1.6,0.09090909090909091,1.0,,
B747,elev_doublet_distractor,det,win10,inertia_x1.6,0.09090909090909091,1.0,,
B747,elev_doublet_distractor,det,whole,cmq_x0.5,0.0,,0.2564102564102564,
B747,elev_doublet_distractor,det,win5,cmq_x0.5,0.0,,0.1880341880341881,
B747,elev_doublet_distractor,det,win10,cmq_x0.5,0.0,0.0,0.23931623931623935,
B747,elev_doublet_distractor,det,whole,cmalpha_x0.7,0.23076923076923078,1.0,0.2905982905982906,
B747,elev_doublet_distractor,det,win5,cmalpha_x0.7,0.15384615384615385,0.6666666666666666,0.23076923076923078,
B747,elev_doublet_distractor,det,win10,cmalpha_x0.7,0.23076923076923078,1.0,0.25641025641025644,
B747,elev_doublet_distractor,det,whole,clo_+0.1,1.0,0.8666666666666667,0.9487179487179487,
B747,elev_doublet_distractor,det,win5,clo_+0.1,0.9230769230769231,0.8571428571428571,0.9401709401709402,
B747,elev_doublet_distractor,det,win10,clo_+0.1,0.8461538461538461,0.8461538461538461,0.9487179487179487,
B747,elev_doublet_distractor,det,whole,noop,,,,0.0
B747,elev_doublet_distractor,det,win5,noop,,,,0.0
B747,elev_doublet_distractor,det,win10,noop,,,,0.045454545454545456
B747,elev_doublet_distractor,sig,whole,inertia_x1.6,0.0,,,
B747,elev_doublet_distractor,sig,win5,inertia_x1.6,0.0,,,
B747,elev_doublet_distractor,sig,win10,inertia_x1.6,0.0,,,
B747,elev_doublet_distractor,sig,whole,cmq_x0.5,0.0,,0.5042735042735043,
B747,elev_doublet_distractor,sig,win5,cmq_x0.5,0.0,,0.6581196581196582,
B747,elev_doublet_distractor,sig,win10,cmq_x0.5,0.0,,0.6837606837606838,
B747,elev_doublet_distractor,sig,whole,cmalpha_x0.7,0.3076923076923077,1.0,0.4957264957264957,
B747,elev_doublet_distractor,sig,win5,cmalpha_x0.7,0.15384615384615385,0.6666666666666666,0.5042735042735043,
B747,elev_doublet_distractor,sig,win10,cmalpha_x0.7,0.3076923076923077,0.8,0.43589743589743596,
B747,elev_doublet_distractor,sig,whole,clo_+0.1,0.3076923076923077,0.4,0.27350427350427353,
B747,elev_doublet_distractor,sig,win5,clo_+0.1,0.07692307692307693,0.2,0.36752136752136755,
B747,elev_doublet_distractor,sig,win10,clo_+0.1,0.15384615384615385,0.2857142857142857,0.26495726495726496,
B747,elev_doublet_distractor,sig,whole,noop,,,,0.045454545454545456
B747,elev_doublet_distractor,sig,win5,noop,,,,0.045454545454545456
B747,elev_doublet_distractor,sig,win10,noop,,,,0.0
B747,engine_restart,det,whole,inertia_x1.6,0.0,,,
B747,engine_restart,det,win5,inertia_x1.6,0.0,,,
B747,engine_restart,det,win10,inertia_x1.6,0.0,,,
B747,engine_restart,det,whole,cmq_x0.5,0.0,,0.49572649572649574,
B747,engine_restart,det,win5,cmq_x0.5,0.15384615384615385,1.0,0.5384615384615385,
B747,engine_restart,det,win10,cmq_x0.5,0.0,,0.6239316239316239,
B747,engine_restart,det,whole,cmalpha_x0.7,0.0,0.0,0.3418803418803419,
B747,engine_restart,det,win5,cmalpha_x0.7,0.0,,0.3162393162393162,
B747,engine_restart,det,win10,cmalpha_x0.7,0.0,,0.3076923076923077,
B747,engine_restart,det,whole,clo_+0.1,0.38461538461538464,1.0,0.4102564102564103,
B747,engine_restart,det,win5,clo_+0.1,0.23076923076923078,1.0,0.46153846153846156,
B747,engine_restart,det,win10,clo_+0.1,0.38461538461538464,1.0,0.5213675213675213,
B747,engine_restart,det,whole,noop,,,,0.0
B747,engine_restart,det,win5,noop,,,,0.0
B747,engine_restart,det,win10,noop,,,,0.0
B747,engine_restart,sig,whole,inertia_x1.6,0.0,,,
B747,engine_restart,sig,win5,inertia_x1.6,0.0,,,
B747,engine_restart,sig,win10,inertia_x1.6,0.0,,,
B747,engine_restart,sig,whole,cmq_x0.5,0.0,,0.5641025641025641,
B747,engine_restart,sig,win5,cmq_x0.5,0.0,,0.6495726495726496,
B747,engine_restart,sig,win10,cmq_x0.5,0.0,,0.5128205128205129,
B747,engine_restart,sig,whole,cmalpha_x0.7,0.0,,0.5299145299145299,
B747,engine_restart,sig,win5,cmalpha_x0.7,0.0,0.0,0.5384615384615385,
B747,engine_restart,sig,win10,cmalpha_x0.7,0.0,,0.44444444444444453,
B747,engine_restart,sig,whole,clo_+0.1,0.15384615384615385,1.0,0.5641025641025641,
B747,engine_restart,sig,win5,clo_+0.1,0.23076923076923078,1.0,0.7008547008547008,
B747,engine_restart,sig,win10,clo_+0.1,0.23076923076923078,1.0,0.6153846153846154,
B747,engine_restart,sig,whole,noop,,,,0.0
B747,engine_restart,sig,win5,noop,,,,0.0
B747,engine_restart,sig,win10,noop,,,,0.0
Boeing314,cruise,det,whole,inertia_x1.6,0.0,,,
Boeing314,cruise,det,win5,inertia_x1.6,0.0,,,
Boeing314,cruise,det,win10,inertia_x1.6,0.0,,,
Boeing314,cruise,det,whole,cmq_x0.5,0.0,,0.4871794871794872,
Boeing314,cruise,det,win5,cmq_x0.5,0.0,,0.2820512820512821,
Boeing314,cruise,det,win10,cmq_x0.5,0.0,,0.38461538461538464,
Boeing314,cruise,det,whole,cmalpha_x0.7,0.0,,0.4444444444444445,
Boeing314,cruise,det,win5,cmalpha_x0.7,0.0,,0.25641025641025644,
Boeing314,cruise,det,win10,cmalpha_x0.7,0.0,,0.35042735042735046,
Boeing314,cruise,det,whole,clo_+0.1,0.07692307692307693,1.0,0.41880341880341887,
Boeing314,cruise,det,win5,clo_+0.1,0.0,0.0,0.26495726495726496,
Boeing314,cruise,det,win10,clo_+0.1,0.07692307692307693,0.5,0.33333333333333337,
Boeing314,cruise,det,whole,noop,,,,0.0
Boeing314,cruise,det,win5,noop,,,,0.0
Boeing314,cruise,det,win10,noop,,,,0.0
Boeing314,cruise,sig,whole,inertia_x1.6,0.045454545454545456,1.0,,
Boeing314,cruise,sig,win5,inertia_x1.6,0.0,,,
Boeing314,cruise,sig,win10,inertia_x1.6,0.09090909090909091,1.0,,
Boeing314,cruise,sig,whole,cmq_x0.5,0.07692307692307693,1.0,0.6837606837606838,
Boeing314,cruise,sig,win5,cmq_x0.5,0.07692307692307693,1.0,0.4017094017094017,
Boeing314,cruise,sig,win10,cmq_x0.5,0.15384615384615385,1.0,0.4017094017094017,
Boeing314,cruise,sig,whole,cmalpha_x0.7,0.0,,0.7008547008547008,
Boeing314,cruise,sig,win5,cmalpha_x0.7,0.07692307692307693,1.0,0.4444444444444444,
Boeing314,cruise,sig,win10,cmalpha_x0.7,0.15384615384615385,1.0,0.46153846153846156,
Boeing314,cruise,sig,whole,clo_+0.1,0.0,,0.4358974358974359,
Boeing314,cruise,sig,win5,clo_+0.1,0.0,,0.48717948717948717,
Boeing314,cruise,sig,win10,clo_+0.1,0.0,,0.4017094017094017,
Boeing314,cruise,sig,whole,noop,,,,0.045454545454545456
Boeing314,cruise,sig,win5,noop,,,,0.0
Boeing314,cruise,sig,win10,noop,,,,0.09090909090909091
Boeing314,throttle_step,det,whole,inertia_x1.6,0.09090909090909091,1.0,,
Boeing314,throttle_step,det,win5,inertia_x1.6,0.09090909090909091,1.0,,
Boeing314,throttle_step,det,win10,inertia_x1.6,0.09090909090909091,1.0,,
Boeing314,throttle_step,det,whole,cmq_x0.5,0.0,,0.05982905982905985,
Boeing314,throttle_step,det,win5,cmq_x0.5,0.0,0.0,0.11965811965811966,
Boeing314,throttle_step,det,win10,cmq_x0.5,0.0,0.0,0.09401709401709402,
Boeing314,throttle_step,det,whole,cmalpha_x0.7,0.0,,0.23076923076923078,
Boeing314,throttle_step,det,win5,cmalpha_x0.7,0.0,0.0,0.28205128205128205,
Boeing314,throttle_step,det,win10,cmalpha_x0.7,0.0,0.0,0.26495726495726496,
Boeing314,throttle_step,det,whole,clo_+0.1,0.0,0.0,0.23076923076923078,
Boeing314,throttle_step,det,win5,clo_+0.1,0.0,0.0,0.24786324786324787,
Boeing314,throttle_step,det,win10,clo_+0.1,0.0,0.0,0.2136752136752137,
Boeing314,throttle_step,det,whole,noop,,,,0.045454545454545456
Boeing314,throttle_step,det,win5,noop,,,,0.09090909090909091
Boeing314,throttle_step,det,win10,noop,,,,0.045454545454545456
Boeing314,throttle_step,sig,whole,inertia_x1.6,0.0,,,
Boeing314,throttle_step,sig,win5,inertia_x1.6,0.045454545454545456,1.0,,
Boeing314,throttle_step,sig,win10,inertia_x1.6,0.045454545454545456,1.0,,
Boeing314,throttle_step,sig,whole,cmq_x0.5,0.0,,0.3846153846153847,
Boeing314,throttle_step,sig,win5,cmq_x0.5,0.07692307692307693,0.5,0.5555555555555556,
Boeing314,throttle_step,sig,win10,cmq_x0.5,0.07692307692307693,0.5,0.27350427350427353,
Boeing314,throttle_step,sig,whole,cmalpha_x0.7,0.0,,0.6581196581196581,
Boeing314,throttle_step,sig,win5,cmalpha_x0.7,0.0,,0.6153846153846154,
Boeing314,throttle_step,sig,win10,cmalpha_x0.7,0.15384615384615385,1.0,0.5811965811965812,
Boeing314,throttle_step,sig,whole,clo_+0.1,0.07692307692307693,0.5,0.5982905982905984,
Boeing314,throttle_step,sig,win5,clo_+0.1,0.0,0.0,0.3931623931623932,
Boeing314,throttle_step,sig,win10,clo_+0.1,0.0,0.0,0.452991452991453,
Boeing314,throttle_step,sig,whole,noop,,,,0.045454545454545456
Boeing314,throttle_step,sig,win5,noop,,,,0.0
Boeing314,throttle_step,sig,win10,noop,,,,0.0
Boeing314,elev_doublet,det,whole,inertia_x1.6,0.0,,,
Boeing314,elev_doublet,det,win5,inertia_x1.6,0.0,,,
Boeing314,elev_doublet,det,win10,inertia_x1.6,0.0,,,
Boeing314,elev_doublet,det,whole,cmq_x0.5,0.15384615384615385,1.0,0.5555555555555556,
Boeing314,elev_doublet,det,win5,cmq_x0.5,0.15384615384615385,0.6666666666666666,0.5299145299145299,
Boeing314,elev_doublet,det,win10,cmq_x0.5,0.15384615384615385,1.0,0.5213675213675214,
Boeing314,elev_doublet,det,whole,cmalpha_x0.7,0.0,,0.2905982905982906,
Boeing314,elev_doublet,det,win5,cmalpha_x0.7,0.0,,0.3247863247863248,
Boeing314,elev_doublet,det,win10,cmalpha_x0.7,0.0,,0.38461538461538464,
Boeing314,elev_doublet,det,whole,clo_+0.1,0.15384615384615385,0.6666666666666666,0.45299145299145305,
Boeing314,elev_doublet,det,win5,clo_+0.1,0.0,0.0,0.4102564102564103,
Boeing314,elev_doublet,det,win10,clo_+0.1,0.15384615384615385,0.6666666666666666,0.4615384615384616,
Boeing314,elev_doublet,det,whole,noop,,,,0.0
Boeing314,elev_doublet,det,win5,noop,,,,0.0
Boeing314,elev_doublet,det,win10,noop,,,,0.0
Boeing314,elev_doublet,sig,whole,inertia_x1.6,0.0,,,
Boeing314,elev_doublet,sig,win5,inertia_x1.6,0.09090909090909091,1.0,,
Boeing314,elev_doublet,sig,win10,inertia_x1.6,0.0,,,
Boeing314,elev_doublet,sig,whole,cmq_x0.5,0.07692307692307693,1.0,0.6068376068376069,
Boeing314,elev_doublet,sig,win5,cmq_x0.5,0.23076923076923078,0.75,0.6923076923076923,
Boeing314,elev_doublet,sig,win10,cmq_x0.5,0.07692307692307693,1.0,0.5982905982905984,
Boeing314,elev_doublet,sig,whole,cmalpha_x0.7,0.15384615384615385,0.6666666666666666,0.48717948717948717,
Boeing314,elev_doublet,sig,win5,cmalpha_x0.7,0.23076923076923078,0.6,0.6666666666666667,
Boeing314,elev_doublet,sig,win10,cmalpha_x0.7,0.23076923076923078,0.75,0.4444444444444445,
Boeing314,elev_doublet,sig,whole,clo_+0.1,0.3076923076923077,0.8,0.5641025641025641,
Boeing314,elev_doublet,sig,win5,clo_+0.1,0.3076923076923077,0.8,0.6239316239316239,
Boeing314,elev_doublet,sig,win10,clo_+0.1,0.46153846153846156,0.8571428571428571,0.5213675213675214,
Boeing314,elev_doublet,sig,whole,noop,,,,0.0
Boeing314,elev_doublet,sig,win5,noop,,,,0.09090909090909091
Boeing314,elev_doublet,sig,win10,noop,,,,0.045454545454545456
Boeing314,elev_step,det,whole,inertia_x1.6,0.0,,,
Boeing314,elev_step,det,win5,inertia_x1.6,0.0,,,
Boeing314,elev_step,det,win10,inertia_x1.6,0.0,,,
Boeing314,elev_step,det,whole,cmq_x0.5,0.0,,0.27350427350427353,
Boeing314,elev_step,det,win5,cmq_x0.5,0.0,,0.3418803418803419,
Boeing314,elev_step,det,win10,cmq_x0.5,0.07692307692307693,1.0,0.33333333333333337,
Boeing314,elev_step,det,whole,cmalpha_x0.7,0.0,,0.170940170940171,
Boeing314,elev_step,det,win5,cmalpha_x0.7,0.0,,0.15384615384615388,
Boeing314,elev_step,det,win10,cmalpha_x0.7,0.0,,0.170940170940171,
Boeing314,elev_step,det,whole,clo_+0.1,0.0,0.0,0.08547008547008551,
Boeing314,elev_step,det,win5,clo_+0.1,0.0,0.0,0.017094017094017096,
Boeing314,elev_step,det,win10,clo_+0.1,0.0,0.0,0.0,
Boeing314,elev_step,det,whole,noop,,,,0.0
Boeing314,elev_step,det,win5,noop,,,,0.0
Boeing314,elev_step,det,win10,noop,,,,0.0
Boeing314,elev_step,sig,whole,inertia_x1.6,0.045454545454545456,1.0,,
Boeing314,elev_step,sig,win5,inertia_x1.6,0.045454545454545456,1.0,,
Boeing314,elev_step,sig,win10,inertia_x1.6,0.0,,,
Boeing314,elev_step,sig,whole,cmq_x0.5,0.15384615384615385,1.0,0.4957264957264958,
Boeing314,elev_step,sig,win5,cmq_x0.5,0.07692307692307693,1.0,0.49572649572649574,
Boeing314,elev_step,sig,win10,cmq_x0.5,0.07692307692307693,0.5,0.49572649572649574,
Boeing314,elev_step,sig,whole,cmalpha_x0.7,0.0,,0.47863247863247865,
Boeing314,elev_step,sig,win5,cmalpha_x0.7,0.0,,0.47863247863247865,
Boeing314,elev_step,sig,win10,cmalpha_x0.7,0.0,,0.5128205128205128,
Boeing314,elev_step,sig,whole,clo_+0.1,0.15384615384615385,1.0,0.7606837606837606,
Boeing314,elev_step,sig,win5,clo_+0.1,0.07692307692307693,0.5,0.6581196581196581,
Boeing314,elev_step,sig,win10,clo_+0.1,0.07692307692307693,0.5,0.6324786324786325,
Boeing314,elev_step,sig,whole,noop,,,,0.045454545454545456
Boeing314,elev_step,sig,win5,noop,,,,0.045454545454545456
Boeing314,elev_step,sig,win10,noop,,,,0.045454545454545456
Boeing314,aileron_step,det,whole,inertia_x1.6,0.13636363636363635,1.0,,
Boeing314,aileron_step,det,win5,inertia_x1.6,0.18181818181818182,1.0,,
Boeing314,aileron_step,det,win10,inertia_x1.6,0.22727272727272727,1.0,,
Boeing314,aileron_step,det,whole,cmq_x0.5,0.23076923076923078,1.0,0.8547008547008547,
Boeing314,aileron_step,det,win5,cmq_x0.5,0.23076923076923078,1.0,0.8717948717948718,
Boeing314,aileron_step,det,win10,cmq_x0.5,0.23076923076923078,1.0,0.8717948717948718,
Boeing314,aileron_step,det,whole,cmalpha_x0.7,0.3076923076923077,1.0,0.7094017094017093,
Boeing314,aileron_step,det,win5,cmalpha_x0.7,0.23076923076923078,0.6,0.7094017094017093,
Boeing314,aileron_step,det,win10,cmalpha_x0.7,0.3076923076923077,1.0,0.717948717948718,
Boeing314,aileron_step,det,whole,clo_+0.1,0.3076923076923077,1.0,0.5555555555555556,
Boeing314,aileron_step,det,win5,clo_+0.1,0.07692307692307693,1.0,0.6153846153846154,
Boeing314,aileron_step,det,win10,clo_+0.1,0.15384615384615385,1.0,0.5811965811965811,
Boeing314,aileron_step,det,whole,noop,,,,0.22727272727272727
Boeing314,aileron_step,det,win5,noop,,,,0.22727272727272727
Boeing314,aileron_step,det,win10,noop,,,,0.22727272727272727
Boeing314,aileron_step,sig,whole,inertia_x1.6,0.045454545454545456,1.0,,
Boeing314,aileron_step,sig,win5,inertia_x1.6,0.045454545454545456,1.0,,
Boeing314,aileron_step,sig,win10,inertia_x1.6,0.045454545454545456,1.0,,
Boeing314,aileron_step,sig,whole,cmq_x0.5,0.07692307692307693,1.0,0.4230769230769231,
Boeing314,aileron_step,sig,win5,cmq_x0.5,0.07692307692307693,0.5,0.5641025641025641,
Boeing314,aileron_step,sig,win10,cmq_x0.5,0.0,,0.547008547008547,
Boeing314,aileron_step,sig,whole,cmalpha_x0.7,0.0,,0.6153846153846154,
Boeing314,aileron_step,sig,win5,cmalpha_x0.7,0.0,,0.641025641025641,
Boeing314,aileron_step,sig,win10,cmalpha_x0.7,0.0,,0.7863247863247863,
Boeing314,aileron_step,sig,whole,clo_+0.1,0.07692307692307693,1.0,0.6324786324786325,
Boeing314,aileron_step,sig,win5,clo_+0.1,0.0,,0.5726495726495726,
Boeing314,aileron_step,sig,win10,clo_+0.1,0.0,,0.6837606837606838,
Boeing314,aileron_step,sig,whole,noop,,,,0.0
Boeing314,aileron_step,sig,win5,noop,,,,0.045454545454545456
Boeing314,aileron_step,sig,win10,noop,,,,0.045454545454545456
Boeing314,rudder_doublet,det,whole,inertia_x1.6,0.0,,,
Boeing314,rudder_doublet,det,win5,inertia_x1.6,0.0,,,
Boeing314,rudder_doublet,det,win10,inertia_x1.6,0.0,,,
Boeing314,rudder_doublet,det,whole,cmq_x0.5,0.38461538461538464,1.0,0.6837606837606838,
Boeing314,rudder_doublet,det,win5,cmq_x0.5,0.38461538461538464,1.0,0.717948717948718,
Boeing314,rudder_doublet,det,win10,cmq_x0.5,0.3076923076923077,1.0,0.7094017094017094,
Boeing314,rudder_doublet,det,whole,cmalpha_x0.7,0.0,,0.28205128205128205,
Boeing314,rudder_doublet,det,win5,cmalpha_x0.7,0.0,,0.19658119658119663,
Boeing314,rudder_doublet,det,win10,cmalpha_x0.7,0.0,,0.16239316239316243,
Boeing314,rudder_doublet,det,whole,clo_+0.1,0.15384615384615385,0.6666666666666666,0.4273504273504274,
Boeing314,rudder_doublet,det,win5,clo_+0.1,0.07692307692307693,0.5,0.452991452991453,
Boeing314,rudder_doublet,det,win10,clo_+0.1,0.07692307692307693,0.5,0.452991452991453,
Boeing314,rudder_doublet,det,whole,noop,,,,0.09090909090909091
Boeing314,rudder_doublet,det,win5,noop,,,,0.0
Boeing314,rudder_doublet,det,win10,noop,,,,0.0
Boeing314,rudder_doublet,sig,whole,inertia_x1.6,0.0,,,
Boeing314,rudder_doublet,sig,win5,inertia_x1.6,0.09090909090909091,1.0,,
Boeing314,rudder_doublet,sig,win10,inertia_x1.6,0.045454545454545456,1.0,,
Boeing314,rudder_doublet,sig,whole,cmq_x0.5,0.07692307692307693,1.0,0.6068376068376068,
Boeing314,rudder_doublet,sig,win5,cmq_x0.5,0.0,0.0,0.7863247863247864,
Boeing314,rudder_doublet,sig,win10,cmq_x0.5,0.15384615384615385,1.0,0.6923076923076923,
Boeing314,rudder_doublet,sig,whole,cmalpha_x0.7,0.0,0.0,0.36752136752136755,
Boeing314,rudder_doublet,sig,win5,cmalpha_x0.7,0.07692307692307693,0.5,0.5726495726495726,
Boeing314,rudder_doublet,sig,win10,cmalpha_x0.7,0.0,0.0,0.6153846153846154,
Boeing314,rudder_doublet,sig,whole,clo_+0.1,0.07692307692307693,0.5,0.717948717948718,
Boeing314,rudder_doublet,sig,win5,clo_+0.1,0.0,0.0,0.6923076923076923,
Boeing314,rudder_doublet,sig,win10,clo_+0.1,0.07692307692307693,1.0,0.6239316239316239,
Boeing314,rudder_doublet,sig,whole,noop,,,,0.045454545454545456
Boeing314,rudder_doublet,sig,win5,noop,,,,0.045454545454545456
Boeing314,rudder_doublet,sig,win10,noop,,,,0.045454545454545456
Boeing314,bank_hold,det,whole,inertia_x1.6,0.0,,,
Boeing314,bank_hold,det,win5,inertia_x1.6,0.0,,,
Boeing314,bank_hold,det,win10,inertia_x1.6,0.0,,,
Boeing314,bank_hold,det,whole,cmq_x0.5,0.0,,0.2136752136752137,
Boeing314,bank_hold,det,win5,cmq_x0.5,0.0,,0.22222222222222227,
Boeing314,bank_hold,det,win10,cmq_x0.5,0.0,,0.23931623931623933,
Boeing314,bank_hold,det,whole,cmalpha_x0.7,0.38461538461538464,1.0,0.5470085470085471,
Boeing314,bank_hold,det,win5,cmalpha_x0.7,0.3076923076923077,1.0,0.5470085470085471,
Boeing314,bank_hold,det,win10,cmalpha_x0.7,0.3076923076923077,1.0,0.5555555555555556,
Boeing314,bank_hold,det,whole,clo_+0.1,0.15384615384615385,1.0,0.5641025641025641,
Boeing314,bank_hold,det,win5,clo_+0.1,0.15384615384615385,1.0,0.5555555555555556,
Boeing314,bank_hold,det,win10,clo_+0.1,0.15384615384615385,1.0,0.5726495726495726,
Boeing314,bank_hold,det,whole,noop,,,,0.0
Boeing314,bank_hold,det,win5,noop,,,,0.0
Boeing314,bank_hold,det,win10,noop,,,,0.0
Boeing314,bank_hold,sig,whole,inertia_x1.6,0.18181818181818182,1.0,,
Boeing314,bank_hold,sig,win5,inertia_x1.6,0.18181818181818182,1.0,,
Boeing314,bank_hold,sig,win10,inertia_x1.6,0.0,,,
Boeing314,bank_hold,sig,whole,cmq_x0.5,0.0,,0.6752136752136753,
Boeing314,bank_hold,sig,win5,cmq_x0.5,0.15384615384615385,1.0,0.7435897435897436,
Boeing314,bank_hold,sig,win10,cmq_x0.5,0.15384615384615385,1.0,0.8376068376068376,
Boeing314,bank_hold,sig,whole,cmalpha_x0.7,0.07692307692307693,0.5,0.6837606837606838,
Boeing314,bank_hold,sig,win5,cmalpha_x0.7,0.15384615384615385,1.0,0.5726495726495726,
Boeing314,bank_hold,sig,win10,cmalpha_x0.7,0.15384615384615385,1.0,0.7863247863247863,
Boeing314,bank_hold,sig,whole,clo_+0.1,0.0,,0.7692307692307692,
Boeing314,bank_hold,sig,win5,clo_+0.1,0.3076923076923077,1.0,0.5042735042735043,
Boeing314,bank_hold,sig,win10,clo_+0.1,0.0,,0.7435897435897436,
Boeing314,bank_hold,sig,whole,noop,,,,0.13636363636363635
Boeing314,bank_hold,sig,win5,noop,,,,0.13636363636363635
Boeing314,bank_hold,sig,win10,noop,,,,0.045454545454545456
Boeing314,flap_extend,det,whole,inertia_x1.6,0.0,,,
Boeing314,flap_extend,det,win5,inertia_x1.6,0.0,,,
Boeing314,flap_extend,det,win10,inertia_x1.6,0.0,,,
Boeing314,flap_extend,det,whole,cmq_x0.5,0.3076923076923077,1.0,0.6752136752136753,
Boeing314,flap_extend,det,win5,cmq_x0.5,0.23076923076923078,1.0,0.6324786324786326,
Boeing314,flap_extend,det,win10,cmq_x0.5,0.23076923076923078,1.0,0.6752136752136753,
Boeing314,flap_extend,det,whole,cmalpha_x0.7,0.0,,0.264957264957265,
Boeing314,flap_extend,det,win5,cmalpha_x0.7,0.0,,0.24786324786324787,
Boeing314,flap_extend,det,win10,cmalpha_x0.7,0.0,,0.28205128205128205,
Boeing314,flap_extend,det,whole,clo_+0.1,0.0,,0.6153846153846154,
Boeing314,flap_extend,det,win5,clo_+0.1,0.0,,0.5555555555555556,
Boeing314,flap_extend,det,win10,clo_+0.1,0.0,,0.6153846153846154,
Boeing314,flap_extend,det,whole,noop,,,,0.0
Boeing314,flap_extend,det,win5,noop,,,,0.0
Boeing314,flap_extend,det,win10,noop,,,,0.0
Boeing314,flap_extend,sig,whole,inertia_x1.6,0.0,,,
Boeing314,flap_extend,sig,win5,inertia_x1.6,0.045454545454545456,1.0,,
Boeing314,flap_extend,sig,win10,inertia_x1.6,0.045454545454545456,1.0,,
Boeing314,flap_extend,sig,whole,cmq_x0.5,0.07692307692307693,1.0,0.7264957264957266,
Boeing314,flap_extend,sig,win5,cmq_x0.5,0.07692307692307693,1.0,0.6923076923076923,
Boeing314,flap_extend,sig,win10,cmq_x0.5,0.07692307692307693,1.0,0.6581196581196582,
Boeing314,flap_extend,sig,whole,cmalpha_x0.7,0.0,,0.5042735042735043,
Boeing314,flap_extend,sig,win5,cmalpha_x0.7,0.07692307692307693,1.0,0.5042735042735043,
Boeing314,flap_extend,sig,win10,cmalpha_x0.7,0.0,,0.4358974358974359,
Boeing314,flap_extend,sig,whole,clo_+0.1,0.23076923076923078,1.0,0.7777777777777778,
Boeing314,flap_extend,sig,win5,clo_+0.1,0.07692307692307693,0.5,0.7094017094017094,
Boeing314,flap_extend,sig,win10,clo_+0.1,0.07692307692307693,1.0,0.6923076923076923,
Boeing314,flap_extend,sig,whole,noop,,,,0.0
Boeing314,flap_extend,sig,win5,noop,,,,0.0
Boeing314,flap_extend,sig,win10,noop,,,,0.0
Boeing314,engine_cut,det,whole,inertia_x1.6,0.0,,,
Boeing314,engine_cut,det,win5,inertia_x1.6,0.0,,,
Boeing314,engine_cut,det,win10,inertia_x1.6,0.0,,,
Boeing314,engine_cut,det,whole,cmq_x0.5,0.0,,0.1623931623931624,
Boeing314,engine_cut,det,win5,cmq_x0.5,0.0,,0.10256410256410257,
Boeing314,engine_cut,det,win10,cmq_x0.5,0.0,,0.09401709401709404,
Boeing314,engine_cut,det,whole,cmalpha_x0.7,0.0,0.0,0.05128205128205128,
Boeing314,engine_cut,det,win5,cmalpha_x0.7,0.0,0.0,0.06837606837606838,
Boeing314,engine_cut,det,win10,cmalpha_x0.7,0.0,0.0,0.05128205128205129,
Boeing314,engine_cut,det,whole,clo_+0.1,0.15384615384615385,0.4,0.47863247863247865,
Boeing314,engine_cut,det,win5,clo_+0.1,0.15384615384615385,0.25,0.4358974358974359,
Boeing314,engine_cut,det,win10,clo_+0.1,0.07692307692307693,0.14285714285714285,0.4273504273504274,
Boeing314,engine_cut,det,whole,noop,,,,0.0
Boeing314,engine_cut,det,win5,noop,,,,0.045454545454545456
Boeing314,engine_cut,det,win10,noop,,,,0.0
Boeing314,engine_cut,sig,whole,inertia_x1.6,0.0,,,
Boeing314,engine_cut,sig,win5,inertia_x1.6,0.045454545454545456,1.0,,
Boeing314,engine_cut,sig,win10,inertia_x1.6,0.045454545454545456,1.0,,
Boeing314,engine_cut,sig,whole,cmq_x0.5,0.0,,0.2905982905982906,
Boeing314,engine_cut,sig,win5,cmq_x0.5,0.07692307692307693,1.0,0.5641025641025642,
Boeing314,engine_cut,sig,win10,cmq_x0.5,0.07692307692307693,1.0,0.5726495726495726,
Boeing314,engine_cut,sig,whole,cmalpha_x0.7,0.0,,0.41880341880341876,
Boeing314,engine_cut,sig,win5,cmalpha_x0.7,0.0,0.0,0.5128205128205128,
Boeing314,engine_cut,sig,win10,cmalpha_x0.7,0.0,0.0,0.42735042735042733,
Boeing314,engine_cut,sig,whole,clo_+0.1,0.07692307692307693,0.3333333333333333,0.41025641025641024,
Boeing314,engine_cut,sig,win5,clo_+0.1,0.0,,0.46153846153846156,
Boeing314,engine_cut,sig,win10,clo_+0.1,0.0,0.0,0.6581196581196582,
Boeing314,engine_cut,sig,whole,noop,,,,0.0
Boeing314,engine_cut,sig,win5,noop,,,,0.0
Boeing314,engine_cut,sig,win10,noop,,,,0.0
Boeing314,climbing_turn,det,whole,inertia_x1.6,0.0,,,
Boeing314,climbing_turn,det,win5,inertia_x1.6,0.0,,,
Boeing314,climbing_turn,det,win10,inertia_x1.6,0.0,,,
Boeing314,climbing_turn,det,whole,cmq_x0.5,0.3076923076923077,0.6666666666666666,0.5299145299145299,
Boeing314,climbing_turn,det,win5,cmq_x0.5,0.3076923076923077,0.6666666666666666,0.5384615384615385,
Boeing314,climbing_turn,det,win10,cmq_x0.5,0.3076923076923077,0.8,0.6495726495726495,
Boeing314,climbing_turn,det,whole,cmalpha_x0.7,0.07692307692307693,0.3333333333333333,0.4102564102564103,
Boeing314,climbing_turn,det,win5,cmalpha_x0.7,0.15384615384615385,0.6666666666666666,0.4188034188034188,
Boeing314,climbing_turn,det,win10,cmalpha_x0.7,0.07692307692307693,0.5,0.3846153846153847,
Boeing314,climbing_turn,det,whole,clo_+0.1,0.23076923076923078,0.5,0.5811965811965812,
Boeing314,climbing_turn,det,win5,clo_+0.1,0.3076923076923077,0.6666666666666666,0.49572649572649574,
Boeing314,climbing_turn,det,win10,clo_+0.1,0.3076923076923077,0.5714285714285714,0.4017094017094017,
Boeing314,climbing_turn,det,whole,noop,,,,0.0
Boeing314,climbing_turn,det,win5,noop,,,,0.0
Boeing314,climbing_turn,det,win10,noop,,,,0.0
Boeing314,climbing_turn,sig,whole,inertia_x1.6,0.09090909090909091,1.0,,
Boeing314,climbing_turn,sig,win5,inertia_x1.6,0.13636363636363635,1.0,,
Boeing314,climbing_turn,sig,win10,inertia_x1.6,0.09090909090909091,1.0,,
Boeing314,climbing_turn,sig,whole,cmq_x0.5,0.07692307692307693,1.0,0.717948717948718,
Boeing314,climbing_turn,sig,win5,cmq_x0.5,0.3076923076923077,0.8,0.7435897435897436,
Boeing314,climbing_turn,sig,win10,cmq_x0.5,0.46153846153846156,1.0,0.829059829059829,
Boeing314,climbing_turn,sig,whole,cmalpha_x0.7,0.23076923076923078,0.75,0.6666666666666667,
Boeing314,climbing_turn,sig,win5,cmalpha_x0.7,0.23076923076923078,0.75,0.5641025641025641,
Boeing314,climbing_turn,sig,win10,cmalpha_x0.7,0.15384615384615385,1.0,0.7008547008547009,
Boeing314,climbing_turn,sig,whole,clo_+0.1,0.15384615384615385,1.0,0.43589743589743596,
Boeing314,climbing_turn,sig,win5,clo_+0.1,0.07692307692307693,0.5,0.5641025641025641,
Boeing314,climbing_turn,sig,win10,clo_+0.1,0.07692307692307693,1.0,0.6068376068376069,
Boeing314,climbing_turn,sig,whole,noop,,,,0.09090909090909091
Boeing314,climbing_turn,sig,win5,noop,,,,0.13636363636363635
Boeing314,climbing_turn,sig,win10,noop,,,,0.045454545454545456
Boeing314,elev_doublet_distractor,det,whole,inertia_x1.6,0.0,,,
Boeing314,elev_doublet_distractor,det,win5,inertia_x1.6,0.0,,,
Boeing314,elev_doublet_distractor,det,win10,inertia_x1.6,0.0,,,
Boeing314,elev_doublet_distractor,det,whole,cmq_x0.5,0.0,,0.7264957264957265,
Boeing314,elev_doublet_distractor,det,win5,cmq_x0.5,0.0,,0.5470085470085471,
Boeing314,elev_doublet_distractor,det,win10,cmq_x0.5,0.0,,0.6495726495726496,
Boeing314,elev_doublet_distractor,det,whole,cmalpha_x0.7,0.0,,0.5897435897435898,
Boeing314,elev_doublet_distractor,det,win5,cmalpha_x0.7,0.0,,0.5042735042735043,
Boeing314,elev_doublet_distractor,det,win10,cmalpha_x0.7,0.0,,0.5299145299145299,
Boeing314,elev_doublet_distractor,det,whole,clo_+0.1,0.23076923076923078,0.75,0.3504273504273505,
Boeing314,elev_doublet_distractor,det,win5,clo_+0.1,0.07692307692307693,1.0,0.4700854700854701,
Boeing314,elev_doublet_distractor,det,win10,clo_+0.1,0.07692307692307693,0.5,0.41880341880341887,
Boeing314,elev_doublet_distractor,det,whole,noop,,,,0.0
Boeing314,elev_doublet_distractor,det,win5,noop,,,,0.0
Boeing314,elev_doublet_distractor,det,win10,noop,,,,0.0
Boeing314,elev_doublet_distractor,sig,whole,inertia_x1.6,0.09090909090909091,1.0,,
Boeing314,elev_doublet_distractor,sig,win5,inertia_x1.6,0.09090909090909091,1.0,,
Boeing314,elev_doublet_distractor,sig,win10,inertia_x1.6,0.045454545454545456,1.0,,
Boeing314,elev_doublet_distractor,sig,whole,cmq_x0.5,0.0,0.0,0.3418803418803419,
Boeing314,elev_doublet_distractor,sig,win5,cmq_x0.5,0.07692307692307693,0.5,0.6837606837606838,
Boeing314,elev_doublet_distractor,sig,win10,cmq_x0.5,0.15384615384615385,0.5,0.47863247863247865,
Boeing314,elev_doublet_distractor,sig,whole,cmalpha_x0.7,0.23076923076923078,0.6,0.3931623931623932,
Boeing314,elev_doublet_distractor,sig,win5,cmalpha_x0.7,0.15384615384615385,0.5,0.5897435897435898,
Boeing314,elev_doublet_distractor,sig,win10,cmalpha_x0.7,0.07692307692307693,0.25,0.38461538461538464,
Boeing314,elev_doublet_distractor,sig,whole,clo_+0.1,0.07692307692307693,1.0,0.5470085470085471,
Boeing314,elev_doublet_distractor,sig,win5,clo_+0.1,0.15384615384615385,0.6666666666666666,0.6923076923076923,
Boeing314,elev_doublet_distractor,sig,win10,clo_+0.1,0.07692307692307693,0.5,0.6239316239316239,
Boeing314,elev_doublet_distractor,sig,whole,noop,,,,0.09090909090909091
Boeing314,elev_doublet_distractor,sig,win5,noop,,,,0.09090909090909091
Boeing314,elev_doublet_distractor,sig,win10,noop,,,,0.13636363636363635
Boeing314,engine_stop,det,whole,inertia_x1.6,0.045454545454545456,1.0,,
Boeing314,engine_stop,det,win5,inertia_x1.6,0.045454545454545456,1.0,,
Boeing314,engine_stop,det,win10,inertia_x1.6,0.09090909090909091,1.0,,
Boeing314,engine_stop,det,whole,cmq_x0.5,0.23076923076923078,1.0,0.7521367521367521,
Boeing314,engine_stop,det,win5,cmq_x0.5,0.3076923076923077,1.0,0.7692307692307693,
Boeing314,engine_stop,det,win10,cmq_x0.5,0.23076923076923078,1.0,0.7606837606837608,
Boeing314,engine_stop,det,whole,cmalpha_x0.7,0.15384615384615385,1.0,0.7008547008547009,
Boeing314,engine_stop,det,win5,cmalpha_x0.7,0.07692307692307693,1.0,0.6068376068376069,
Boeing314,engine_stop,det,win10,cmalpha_x0.7,0.23076923076923078,1.0,0.6495726495726496,
Boeing314,engine_stop,det,whole,clo_+0.1,0.3076923076923077,0.8,0.6239316239316239,
Boeing314,engine_stop,det,win5,clo_+0.1,0.23076923076923078,0.6,0.6923076923076923,
Boeing314,engine_stop,det,win10,clo_+0.1,0.3076923076923077,0.6666666666666666,0.6752136752136753,
Boeing314,engine_stop,det,whole,noop,,,,0.045454545454545456
Boeing314,engine_stop,det,win5,noop,,,,0.045454545454545456
Boeing314,engine_stop,det,win10,noop,,,,0.045454545454545456
Boeing314,engine_stop,sig,whole,inertia_x1.6,0.0,,,
Boeing314,engine_stop,sig,win5,inertia_x1.6,0.045454545454545456,1.0,,
Boeing314,engine_stop,sig,win10,inertia_x1.6,0.045454545454545456,1.0,,
Boeing314,engine_stop,sig,whole,cmq_x0.5,0.07692307692307693,1.0,0.5470085470085471,
Boeing314,engine_stop,sig,win5,cmq_x0.5,0.0,,0.7777777777777778,
Boeing314,engine_stop,sig,win10,cmq_x0.5,0.07692307692307693,1.0,0.7521367521367522,
Boeing314,engine_stop,sig,whole,cmalpha_x0.7,0.15384615384615385,1.0,0.7350427350427351,
Boeing314,engine_stop,sig,win5,cmalpha_x0.7,0.15384615384615385,1.0,0.7692307692307693,
Boeing314,engine_stop,sig,win10,cmalpha_x0.7,0.23076923076923078,1.0,0.6923076923076923,
Boeing314,engine_stop,sig,whole,clo_+0.1,0.0,,0.7264957264957266,
Boeing314,engine_stop,sig,win5,clo_+0.1,0.15384615384615385,1.0,0.8632478632478633,
Boeing314,engine_stop,sig,win10,clo_+0.1,0.23076923076923078,1.0,0.8803418803418803,
Boeing314,engine_stop,sig,whole,noop,,,,0.0
Boeing314,engine_stop,sig,win5,noop,,,,0.0
Boeing314,engine_stop,sig,win10,noop,,,,0.0
Camel,cruise,det,whole,cmq_x0.5,0.07692307692307693,1.0,0.6324786324786325,
Camel,cruise,det,win5,cmq_x0.5,0.07692307692307693,0.5,0.5897435897435898,
Camel,cruise,det,win10,cmq_x0.5,0.0,,0.5641025641025641,
Camel,cruise,det,whole,cmalpha_x0.7,0.15384615384615385,1.0,0.6581196581196582,
Camel,cruise,det,win5,cmalpha_x0.7,0.15384615384615385,1.0,0.4871794871794872,
Camel,cruise,det,win10,cmalpha_x0.7,0.3076923076923077,1.0,0.5470085470085471,
Camel,cruise,det,whole,clo_+0.1,0.07692307692307693,0.5,0.5384615384615384,
Camel,cruise,det,win5,clo_+0.1,0.15384615384615385,0.6666666666666666,0.52991452991453,
Camel,cruise,det,win10,clo_+0.1,0.07692307692307693,1.0,0.4957264957264958,
Camel,cruise,det,whole,noop,,,,0.045454545454545456
Camel,cruise,det,win5,noop,,,,0.045454545454545456
Camel,cruise,det,win10,noop,,,,0.0
Camel,cruise,sig,whole,cmq_x0.5,0.0,,0.5128205128205128,
Camel,cruise,sig,win5,cmq_x0.5,0.0,,0.5641025641025641,
Camel,cruise,sig,win10,cmq_x0.5,0.0,,0.41025641025641035,
Camel,cruise,sig,whole,cmalpha_x0.7,0.07692307692307693,0.5,0.29914529914529914,
Camel,cruise,sig,win5,cmalpha_x0.7,0.0,,0.5213675213675214,
Camel,cruise,sig,win10,cmalpha_x0.7,0.0,,0.35897435897435903,
Camel,cruise,sig,whole,clo_+0.1,0.23076923076923078,0.75,0.452991452991453,
Camel,cruise,sig,win5,clo_+0.1,0.15384615384615385,1.0,0.6239316239316239,
Camel,cruise,sig,win10,clo_+0.1,0.15384615384615385,0.6666666666666666,0.4273504273504274,
Camel,cruise,sig,whole,noop,,,,0.0
Camel,cruise,sig,win5,noop,,,,0.0
Camel,cruise,sig,win10,noop,,,,0.0
Camel,throttle_step,det,whole,cmq_x0.5,0.0,,0.14529914529914528,
Camel,throttle_step,det,win5,cmq_x0.5,0.0,,0.11965811965811968,
Camel,throttle_step,det,win10,cmq_x0.5,0.0,0.0,0.17094017094017094,
Camel,throttle_step,det,whole,cmalpha_x0.7,0.15384615384615385,1.0,0.6153846153846154,
Camel,throttle_step,det,win5,cmalpha_x0.7,0.15384615384615385,1.0,0.6324786324786326,
Camel,throttle_step,det,win10,cmalpha_x0.7,0.38461538461538464,1.0,0.641025641025641,
Camel,throttle_step,det,whole,clo_+0.1,0.23076923076923078,0.75,0.5641025641025641,
Camel,throttle_step,det,win5,clo_+0.1,0.23076923076923078,0.75,0.4358974358974359,
Camel,throttle_step,det,win10,clo_+0.1,0.23076923076923078,0.75,0.52991452991453,
Camel,throttle_step,det,whole,noop,,,,0.0
Camel,throttle_step,det,win5,noop,,,,0.0
Camel,throttle_step,det,win10,noop,,,,0.0
Camel,throttle_step,sig,whole,cmq_x0.5,0.0,0.0,0.5897435897435898,
Camel,throttle_step,sig,win5,cmq_x0.5,0.0,0.0,0.5555555555555556,
Camel,throttle_step,sig,win10,cmq_x0.5,0.0,,0.6495726495726496,
Camel,throttle_step,sig,whole,cmalpha_x0.7,0.07692307692307693,0.5,0.3931623931623932,
Camel,throttle_step,sig,win5,cmalpha_x0.7,0.15384615384615385,1.0,0.5811965811965811,
Camel,throttle_step,sig,win10,cmalpha_x0.7,0.15384615384615385,0.6666666666666666,0.5726495726495726,
Camel,throttle_step,sig,whole,clo_+0.1,0.07692307692307693,1.0,0.4871794871794872,
Camel,throttle_step,sig,win5,clo_+0.1,0.07692307692307693,0.5,0.5213675213675214,
Camel,throttle_step,sig,win10,clo_+0.1,0.0,,0.44444444444444453,
Camel,throttle_step,sig,whole,noop,,,,0.09090909090909091
Camel,throttle_step,sig,win5,noop,,,,0.09090909090909091
Camel,throttle_step,sig,win10,noop,,,,0.045454545454545456
Camel,elev_doublet,det,whole,cmq_x0.5,0.0,0.0,0.5470085470085471,
Camel,elev_doublet,det,win5,cmq_x0.5,0.0,0.0,0.5726495726495726,
Camel,elev_doublet,det,win10,cmq_x0.5,0.0,0.0,0.5470085470085471,
Camel,elev_doublet,det,whole,cmalpha_x0.7,0.15384615384615385,1.0,0.6837606837606839,
Camel,elev_doublet,det,win5,cmalpha_x0.7,0.15384615384615385,0.6666666666666666,0.6666666666666667,
Camel,elev_doublet,det,win10,cmalpha_x0.7,0.23076923076923078,0.75,0.7264957264957266,
Camel,elev_doublet,det,whole,clo_+0.1,0.07692307692307693,1.0,0.38461538461538464,
Camel,elev_doublet,det,win5,clo_+0.1,0.07692307692307693,1.0,0.45299145299145305,
Camel,elev_doublet,det,win10,clo_+0.1,0.07692307692307693,1.0,0.4700854700854701,
Camel,elev_doublet,det,whole,noop,,,,0.045454545454545456
Camel,elev_doublet,det,win5,noop,,,,0.045454545454545456
Camel,elev_doublet,det,win10,noop,,,,0.045454545454545456
Camel,elev_doublet,sig,whole,cmq_x0.5,0.0,0.0,0.5555555555555556,
Camel,elev_doublet,sig,win5,cmq_x0.5,0.07692307692307693,0.2,0.37606837606837606,
Camel,elev_doublet,sig,win10,cmq_x0.5,0.0,0.0,0.5641025641025641,
Camel,elev_doublet,sig,whole,cmalpha_x0.7,0.0,,0.5982905982905983,
Camel,elev_doublet,sig,win5,cmalpha_x0.7,0.0,0.0,0.5384615384615385,
Camel,elev_doublet,sig,win10,cmalpha_x0.7,0.07692307692307693,0.5,0.7948717948717949,
Camel,elev_doublet,sig,whole,clo_+0.1,0.23076923076923078,1.0,0.811965811965812,
Camel,elev_doublet,sig,win5,clo_+0.1,0.15384615384615385,0.6666666666666666,0.7692307692307693,
Camel,elev_doublet,sig,win10,clo_+0.1,0.3076923076923077,0.8,0.8717948717948718,
Camel,elev_doublet,sig,whole,noop,,,,0.045454545454545456
Camel,elev_doublet,sig,win5,noop,,,,0.2727272727272727
Camel,elev_doublet,sig,win10,noop,,,,0.18181818181818182
Camel,elev_step,det,whole,cmq_x0.5,0.07692307692307693,1.0,0.3760683760683761,
Camel,elev_step,det,win5,cmq_x0.5,0.0,,0.34188034188034194,
Camel,elev_step,det,win10,cmq_x0.5,0.0,,0.2991452991452992,
Camel,elev_step,det,whole,cmalpha_x0.7,0.7692307692307693,0.5263157894736842,0.5555555555555556,
Camel,elev_step,det,win5,cmalpha_x0.7,0.9230769230769231,0.5714285714285714,0.5726495726495727,
Camel,elev_step,det,win10,cmalpha_x0.7,0.9230769230769231,0.5714285714285714,0.5897435897435898,
Camel,elev_step,det,whole,clo_+0.1,0.15384615384615385,1.0,0.5897435897435898,
Camel,elev_step,det,win5,clo_+0.1,0.15384615384615385,1.0,0.5811965811965811,
Camel,elev_step,det,win10,clo_+0.1,0.15384615384615385,1.0,0.5384615384615385,
Camel,elev_step,det,whole,noop,,,,0.0
Camel,elev_step,det,win5,noop,,,,0.0
Camel,elev_step,det,win10,noop,,,,0.0
Camel,elev_step,sig,whole,cmq_x0.5,0.15384615384615385,1.0,0.6837606837606838,
Camel,elev_step,sig,win5,cmq_x0.5,0.0,,0.7606837606837606,
Camel,elev_step,sig,win10,cmq_x0.5,0.0,,0.8290598290598291,
Camel,elev_step,sig,whole,cmalpha_x0.7,0.07692307692307693,0.25,0.5555555555555556,
Camel,elev_step,sig,win5,cmalpha_x0.7,0.07692307692307693,0.3333333333333333,0.7948717948717949,
Camel,elev_step,sig,win10,cmalpha_x0.7,0.6153846153846154,0.8,0.7606837606837608,
Camel,elev_step,sig,whole,clo_+0.1,0.3076923076923077,0.8,0.5213675213675214,
Camel,elev_step,sig,win5,clo_+0.1,0.23076923076923078,1.0,0.6666666666666667,
Camel,elev_step,sig,win10,clo_+0.1,0.3076923076923077,1.0,0.717948717948718,
Camel,elev_step,sig,whole,noop,,,,0.09090909090909091
Camel,elev_step,sig,win5,noop,,,,0.0
Camel,elev_step,sig,win10,noop,,,,0.0
Camel,aileron_step,det,whole,cmq_x0.5,0.0,,0.5299145299145299,
Camel,aileron_step,det,win5,cmq_x0.5,0.0,,0.5042735042735043,
Camel,aileron_step,det,win10,cmq_x0.5,0.0,,0.5555555555555556,
Camel,aileron_step,det,whole,cmalpha_x0.7,0.0,,0.358974358974359,
Camel,aileron_step,det,win5,cmalpha_x0.7,0.0,0.0,0.3162393162393163,
Camel,aileron_step,det,win10,cmalpha_x0.7,0.0,,0.35897435897435903,
Camel,aileron_step,det,whole,clo_+0.1,0.07692307692307693,1.0,0.3504273504273504,
Camel,aileron_step,det,win5,clo_+0.1,0.07692307692307693,1.0,0.20512820512820515,
Camel,aileron_step,det,win10,clo_+0.1,0.07692307692307693,1.0,0.28205128205128205,
Camel,aileron_step,det,whole,noop,,,,0.0
Camel,aileron_step,det,win5,noop,,,,0.0
Camel,aileron_step,det,win10,noop,,,,0.0
Camel,aileron_step,sig,whole,cmq_x0.5,0.0,0.0,0.6324786324786325,
Camel,aileron_step,sig,win5,cmq_x0.5,0.0,,0.41025641025641035,
Camel,aileron_step,sig,win10,cmq_x0.5,0.07692307692307693,0.5,0.47008547008547014,
Camel,aileron_step,sig,whole,cmalpha_x0.7,0.0,,0.46153846153846156,
Camel,aileron_step,sig,win5,cmalpha_x0.7,0.0,0.0,0.3162393162393162,
Camel,aileron_step,sig,win10,cmalpha_x0.7,0.0,0.0,0.37606837606837606,
Camel,aileron_step,sig,whole,clo_+0.1,0.07692307692307693,1.0,0.49572649572649574,
Camel,aileron_step,sig,win5,clo_+0.1,0.07692307692307693,0.5,0.5641025641025641,
Camel,aileron_step,sig,win10,clo_+0.1,0.07692307692307693,1.0,0.45299145299145305,
Camel,aileron_step,sig,whole,noop,,,,0.045454545454545456
Camel,aileron_step,sig,win5,noop,,,,0.045454545454545456
Camel,aileron_step,sig,win10,noop,,,,0.09090909090909091
Camel,rudder_doublet,det,whole,cmq_x0.5,0.0,0.0,0.264957264957265,
Camel,rudder_doublet,det,win5,cmq_x0.5,0.0,,0.26495726495726496,
Camel,rudder_doublet,det,win10,cmq_x0.5,0.0,0.0,0.17948717948717952,
Camel,rudder_doublet,det,whole,cmalpha_x0.7,0.07692307692307693,0.5,0.1965811965811966,
Camel,rudder_doublet,det,win5,cmalpha_x0.7,0.0,0.0,0.2136752136752137,
Camel,rudder_doublet,det,win10,cmalpha_x0.7,0.0,0.0,0.17094017094017094,
Camel,rudder_doublet,det,whole,clo_+0.1,0.07692307692307693,0.5,0.22222222222222227,
Camel,rudder_doublet,det,win5,clo_+0.1,0.07692307692307693,0.5,0.20512820512820515,
Camel,rudder_doublet,det,win10,clo_+0.1,0.07692307692307693,0.5,0.33333333333333337,
Camel,rudder_doublet,det,whole,noop,,,,0.045454545454545456
Camel,rudder_doublet,det,win5,noop,,,,0.0
Camel,rudder_doublet,det,win10,noop,,,,0.045454545454545456
Camel,rudder_doublet,sig,whole,cmq_x0.5,0.0,,0.35897435897435903,
Camel,rudder_doublet,sig,win5,cmq_x0.5,0.0,,0.4273504273504274,
Camel,rudder_doublet,sig,win10,cmq_x0.5,0.07692307692307693,0.5,0.4273504273504274,
Camel,rudder_doublet,sig,whole,cmalpha_x0.7,0.07692307692307693,1.0,0.4957264957264958,
Camel,rudder_doublet,sig,win5,cmalpha_x0.7,0.07692307692307693,0.5,0.37606837606837606,
Camel,rudder_doublet,sig,win10,cmalpha_x0.7,0.07692307692307693,0.3333333333333333,0.6239316239316239,
Camel,rudder_doublet,sig,whole,clo_+0.1,0.07692307692307693,1.0,0.6752136752136753,
Camel,rudder_doublet,sig,win5,clo_+0.1,0.07692307692307693,1.0,0.4188034188034188,
Camel,rudder_doublet,sig,win10,clo_+0.1,0.15384615384615385,1.0,0.5726495726495727,
Camel,rudder_doublet,sig,whole,noop,,,,0.045454545454545456
Camel,rudder_doublet,sig,win5,noop,,,,0.0
Camel,rudder_doublet,sig,win10,noop,,,,0.045454545454545456
Camel,bank_hold,det,whole,cmq_x0.5,0.0,,0.3076923076923077,
Camel,bank_hold,det,win5,cmq_x0.5,0.0,,0.264957264957265,
Camel,bank_hold,det,win10,cmq_x0.5,0.0,,0.29914529914529914,
Camel,bank_hold,det,whole,cmalpha_x0.7,0.15384615384615385,1.0,0.3760683760683761,
Camel,bank_hold,det,win5,cmalpha_x0.7,0.07692307692307693,0.5,0.3760683760683761,
Camel,bank_hold,det,win10,cmalpha_x0.7,0.07692307692307693,0.5,0.4017094017094017,
Camel,bank_hold,det,whole,clo_+0.1,0.07692307692307693,1.0,0.3076923076923077,
Camel,bank_hold,det,win5,clo_+0.1,0.07692307692307693,1.0,0.3162393162393163,
Camel,bank_hold,det,win10,clo_+0.1,0.07692307692307693,1.0,0.35042735042735046,
Camel,bank_hold,det,whole,noop,,,,0.0
Camel,bank_hold,det,win5,noop,,,,0.0
Camel,bank_hold,det,win10,noop,,,,0.0
Camel,bank_hold,sig,whole,cmq_x0.5,0.0,0.0,0.7777777777777778,
Camel,bank_hold,sig,win5,cmq_x0.5,0.0,,0.5299145299145299,
Camel,bank_hold,sig,win10,cmq_x0.5,0.0,0.0,0.4786324786324786,
Camel,bank_hold,sig,whole,cmalpha_x0.7,0.0,,0.5726495726495727,
Camel,bank_hold,sig,win5,cmalpha_x0.7,0.0,,0.7435897435897436,
Camel,bank_hold,sig,win10,cmalpha_x0.7,0.07692307692307693,1.0,0.5982905982905983,
Camel,bank_hold,sig,whole,clo_+0.1,0.0,0.0,0.5982905982905984,
Camel,bank_hold,sig,win5,clo_+0.1,0.07692307692307693,1.0,0.43589743589743596,
Camel,bank_hold,sig,win10,clo_+0.1,0.07692307692307693,1.0,0.4871794871794872,
Camel,bank_hold,sig,whole,noop,,,,0.045454545454545456
Camel,bank_hold,sig,win5,noop,,,,0.0
Camel,bank_hold,sig,win10,noop,,,,0.045454545454545456
Camel,flap_extend,det,whole,cmq_x0.5,0.0,,0.3418803418803419,
Camel,flap_extend,det,win5,cmq_x0.5,0.0,,0.27350427350427353,
Camel,flap_extend,det,win10,cmq_x0.5,0.0,,0.25641025641025644,
Camel,flap_extend,det,whole,cmalpha_x0.7,0.07692307692307693,1.0,0.6837606837606838,
Camel,flap_extend,det,win5,cmalpha_x0.7,0.07692307692307693,1.0,0.7094017094017094,
Camel,flap_extend,det,win10,cmalpha_x0.7,0.07692307692307693,1.0,0.6923076923076923,
Camel,flap_extend,det,whole,clo_+0.1,0.07692307692307693,1.0,0.4786324786324787,
Camel,flap_extend,det,win5,clo_+0.1,0.07692307692307693,1.0,0.4700854700854702,
Camel,flap_extend,det,win10,clo_+0.1,0.07692307692307693,1.0,0.4615384615384616,
Camel,flap_extend,det,whole,noop,,,,0.0
Camel,flap_extend,det,win5,noop,,,,0.0
Camel,flap_extend,det,win10,noop,,,,0.0
Camel,flap_extend,sig,whole,cmq_x0.5,0.0,0.0,0.48717948717948717,
Camel,flap_extend,sig,win5,cmq_x0.5,0.15384615384615385,0.5,0.4017094017094017,
Camel,flap_extend,sig,win10,cmq_x0.5,0.0,0.0,0.5555555555555556,
Camel,flap_extend,sig,whole,cmalpha_x0.7,0.07692307692307693,0.3333333333333333,0.7350427350427351,
Camel,flap_extend,sig,win5,cmalpha_x0.7,0.07692307692307693,0.25,0.6068376068376069,
Camel,flap_extend,sig,win10,cmalpha_x0.7,0.0,0.0,0.6837606837606838,
Camel,flap_extend,sig,whole,clo_+0.1,0.07692307692307693,0.5,0.5726495726495726,
Camel,flap_extend,sig,win5,clo_+0.1,0.23076923076923078,0.5,0.5641025641025641,
Camel,flap_extend,sig,win10,clo_+0.1,0.15384615384615385,0.4,0.5384615384615384,
Camel,flap_extend,sig,whole,noop,,,,0.09090909090909091
Camel,flap_extend,sig,win5,noop,,,,0.18181818181818182
Camel,flap_extend,sig,win10,noop,,,,0.09090909090909091
Camel,climbing_turn,det,whole,cmq_x0.5,0.46153846153846156,0.4,0.43589743589743596,
Camel,climbing_turn,det,win5,cmq_x0.5,0.46153846153846156,0.46153846153846156,0.4358974358974359,
Camel,climbing_turn,det,win10,cmq_x0.5,0.46153846153846156,0.42857142857142855,0.4358974358974359,
Camel,climbing_turn,det,whole,cmalpha_x0.7,0.3076923076923077,0.4,0.3846153846153846,
Camel,climbing_turn,det,win5,cmalpha_x0.7,0.3076923076923077,0.5714285714285714,0.36752136752136755,
Camel,climbing_turn,det,win10,cmalpha_x0.7,0.3076923076923077,0.5714285714285714,0.37606837606837606,
Camel,climbing_turn,det,whole,clo_+0.1,0.0,,0.4188034188034188,
Camel,climbing_turn,det,win5,clo_+0.1,0.0,,0.4017094017094017,
Camel,climbing_turn,det,win10,clo_+0.1,0.0,,0.4017094017094018,
Camel,climbing_turn,det,whole,noop,,,,0.0
Camel,climbing_turn,det,win5,noop,,,,0.0
Camel,climbing_turn,det,win10,noop,,,,0.0
Camel,climbing_turn,sig,whole,cmq_x0.5,0.6153846153846154,0.5,0.32478632478632485,
Camel,climbing_turn,sig,win5,cmq_x0.5,0.46153846153846156,0.5,0.2991452991452992,
Camel,climbing_turn,sig,win10,cmq_x0.5,0.38461538461538464,0.4166666666666667,0.35042735042735046,
Camel,climbing_turn,sig,whole,cmalpha_x0.7,0.38461538461538464,0.45454545454545453,0.4188034188034188,
Camel,climbing_turn,sig,win5,cmalpha_x0.7,0.23076923076923078,0.375,0.35042735042735046,
Camel,climbing_turn,sig,win10,cmalpha_x0.7,0.3076923076923077,0.4,0.4017094017094017,
Camel,climbing_turn,sig,whole,clo_+0.1,0.07692307692307693,0.5,0.7008547008547009,
Camel,climbing_turn,sig,win5,clo_+0.1,0.15384615384615385,0.5,0.6410256410256411,
Camel,climbing_turn,sig,win10,clo_+0.1,0.07692307692307693,0.5,0.6837606837606838,
Camel,climbing_turn,sig,whole,noop,,,,0.09090909090909091
Camel,climbing_turn,sig,win5,noop,,,,0.045454545454545456
Camel,climbing_turn,sig,win10,noop,,,,0.045454545454545456
Camel,elev_doublet_distractor,det,whole,cmq_x0.5,0.0,,0.48717948717948717,
Camel,elev_doublet_distractor,det,win5,cmq_x0.5,0.0,,0.4017094017094017,
Camel,elev_doublet_distractor,det,win10,cmq_x0.5,0.0,,0.4017094017094017,
Camel,elev_doublet_distractor,det,whole,cmalpha_x0.7,0.15384615384615385,1.0,0.7435897435897436,
Camel,elev_doublet_distractor,det,win5,cmalpha_x0.7,0.07692307692307693,1.0,0.7692307692307693,
Camel,elev_doublet_distractor,det,win10,cmalpha_x0.7,0.3076923076923077,1.0,0.7777777777777778,
Camel,elev_doublet_distractor,det,whole,clo_+0.1,0.07692307692307693,1.0,0.5726495726495726,
Camel,elev_doublet_distractor,det,win5,clo_+0.1,0.07692307692307693,1.0,0.5299145299145299,
Camel,elev_doublet_distractor,det,win10,clo_+0.1,0.07692307692307693,1.0,0.5811965811965814,
Camel,elev_doublet_distractor,det,whole,noop,,,,0.0
Camel,elev_doublet_distractor,det,win5,noop,,,,0.0
Camel,elev_doublet_distractor,det,win10,noop,,,,0.0
Camel,elev_doublet_distractor,sig,whole,cmq_x0.5,0.0,0.0,0.36752136752136755,
Camel,elev_doublet_distractor,sig,win5,cmq_x0.5,0.0,0.0,0.35897435897435903,
Camel,elev_doublet_distractor,sig,win10,cmq_x0.5,0.0,0.0,0.5384615384615384,
Camel,elev_doublet_distractor,sig,whole,cmalpha_x0.7,0.0,0.0,0.3162393162393163,
Camel,elev_doublet_distractor,sig,win5,cmalpha_x0.7,0.07692307692307693,1.0,0.5299145299145299,
Camel,elev_doublet_distractor,sig,win10,cmalpha_x0.7,0.23076923076923078,1.0,0.6410256410256411,
Camel,elev_doublet_distractor,sig,whole,clo_+0.1,0.0,0.0,0.41025641025641035,
Camel,elev_doublet_distractor,sig,win5,clo_+0.1,0.15384615384615385,1.0,0.5042735042735043,
Camel,elev_doublet_distractor,sig,win10,clo_+0.1,0.0,0.0,0.5042735042735043,
Camel,elev_doublet_distractor,sig,whole,noop,,,,0.045454545454545456
Camel,elev_doublet_distractor,sig,win5,noop,,,,0.045454545454545456
Camel,elev_doublet_distractor,sig,win10,noop,,,,0.045454545454545456
Camel,engine_stop,det,whole,cmq_x0.5,0.07692307692307693,1.0,0.6153846153846153,
Camel,engine_stop,det,win5,cmq_x0.5,0.0,,0.6581196581196582,
Camel,engine_stop,det,win10,cmq_x0.5,0.0,,0.6666666666666666,
Camel,engine_stop,det,whole,cmalpha_x0.7,0.15384615384615385,1.0,0.7521367521367522,
Camel,engine_stop,det,win5,cmalpha_x0.7,0.07692307692307693,1.0,0.8632478632478634,
Camel,engine_stop,det,win10,cmalpha_x0.7,0.23076923076923078,1.0,0.8119658119658121,
Camel,engine_stop,det,whole,clo_+0.1,0.23076923076923078,1.0,0.6239316239316239,
Camel,engine_stop,det,win5,clo_+0.1,0.23076923076923078,1.0,0.6239316239316239,
Camel,engine_stop,det,win10,clo_+0.1,0.3076923076923077,1.0,0.6068376068376069,
Camel,engine_stop,det,whole,noop,,,,0.0
Camel,engine_stop,det,win5,noop,,,,0.0
Camel,engine_stop,det,win10,noop,,,,0.0
Camel,engine_stop,sig,whole,cmq_x0.5,0.0,0.0,0.5299145299145299,
Camel,engine_stop,sig,win5,cmq_x0.5,0.0,,0.5811965811965812,
Camel,engine_stop,sig,win10,cmq_x0.5,0.15384615384615385,0.6666666666666666,0.5213675213675214,
Camel,engine_stop,sig,whole,cmalpha_x0.7,0.15384615384615385,0.6666666666666666,0.5042735042735043,
Camel,engine_stop,sig,win5,cmalpha_x0.7,0.07692307692307693,1.0,0.6153846153846154,
Camel,engine_stop,sig,win10,cmalpha_x0.7,0.23076923076923078,1.0,0.7350427350427351,
Camel,engine_stop,sig,whole,clo_+0.1,0.38461538461538464,0.8333333333333334,0.7350427350427351,
Camel,engine_stop,sig,win5,clo_+0.1,0.38461538461538464,1.0,0.7692307692307693,
Camel,engine_stop,sig,win10,clo_+0.1,0.6153846153846154,0.8,0.7863247863247864,
Camel,engine_stop,sig,whole,noop,,,,0.09090909090909091
Camel,engine_stop,sig,win5,noop,,,,0.045454545454545456
Camel,engine_stop,sig,win10,noop,,,,0.045454545454545456
F4N,cruise,det,whole,inertia_x1.6,0.0,,,
F4N,cruise,det,win5,inertia_x1.6,0.09090909090909091,1.0,,
F4N,cruise,det,win10,inertia_x1.6,0.0,,,
F4N,cruise,det,whole,cmq_x0.5,0.0,,0.17948717948717952,
F4N,cruise,det,win5,cmq_x0.5,0.0,,0.1452991452991453,
F4N,cruise,det,win10,cmq_x0.5,0.0,,0.14529914529914528,
F4N,cruise,det,whole,cmalpha_x0.7,0.23076923076923078,1.0,0.27350427350427353,
F4N,cruise,det,win5,cmalpha_x0.7,0.15384615384615385,1.0,0.2136752136752137,
F4N,cruise,det,win10,cmalpha_x0.7,0.07692307692307693,1.0,0.23076923076923078,
F4N,cruise,det,whole,clo_+0.1,0.46153846153846156,0.8571428571428571,0.5470085470085471,
F4N,cruise,det,win5,clo_+0.1,0.46153846153846156,1.0,0.5384615384615385,
F4N,cruise,det,win10,clo_+0.1,0.38461538461538464,1.0,0.5384615384615385,
F4N,cruise,det,whole,noop,,,,0.0
F4N,cruise,det,win5,noop,,,,0.0
F4N,cruise,det,win10,noop,,,,0.0
F4N,cruise,sig,whole,inertia_x1.6,0.0,,,
F4N,cruise,sig,win5,inertia_x1.6,0.045454545454545456,1.0,,
F4N,cruise,sig,win10,inertia_x1.6,0.0,,,
F4N,cruise,sig,whole,cmq_x0.5,0.15384615384615385,0.6666666666666666,0.6153846153846154,
F4N,cruise,sig,win5,cmq_x0.5,0.07692307692307693,0.5,0.5982905982905984,
F4N,cruise,sig,win10,cmq_x0.5,0.15384615384615385,0.4,0.5128205128205129,
F4N,cruise,sig,whole,cmalpha_x0.7,0.23076923076923078,0.6,0.7863247863247864,
F4N,cruise,sig,win5,cmalpha_x0.7,0.23076923076923078,0.75,0.7521367521367521,
F4N,cruise,sig,win10,cmalpha_x0.7,0.23076923076923078,1.0,0.7435897435897436,
F4N,cruise,sig,whole,clo_+0.1,0.38461538461538464,1.0,0.7521367521367521,
F4N,cruise,sig,win5,clo_+0.1,0.15384615384615385,1.0,0.6495726495726497,
F4N,cruise,sig,win10,clo_+0.1,0.07692307692307693,1.0,0.6581196581196581,
F4N,cruise,sig,whole,noop,,,,0.18181818181818182
F4N,cruise,sig,win5,noop,,,,0.09090909090909091
F4N,cruise,sig,win10,noop,,,,0.18181818181818182
F4N,throttle_step,det,whole,inertia_x1.6,0.0,,,
F4N,throttle_step,det,win5,inertia_x1.6,0.045454545454545456,1.0,,
F4N,throttle_step,det,win10,inertia_x1.6,0.0,,,
F4N,throttle_step,det,whole,cmq_x0.5,0.6153846153846154,1.0,0.7179487179487181,
F4N,throttle_step,det,win5,cmq_x0.5,0.5384615384615384,1.0,0.7094017094017094,
F4N,throttle_step,det,win10,cmq_x0.5,0.6153846153846154,1.0,0.7179487179487181,
F4N,throttle_step,det,whole,cmalpha_x0.7,0.7692307692307693,1.0,0.8290598290598291,
F4N,throttle_step,det,win5,cmalpha_x0.7,0.7692307692307693,1.0,0.8461538461538461,
F4N,throttle_step,det,win10,cmalpha_x0.7,0.7692307692307693,1.0,0.8547008547008547,
F4N,throttle_step,det,whole,clo_+0.1,0.6923076923076923,0.9,0.8547008547008547,
F4N,throttle_step,det,win5,clo_+0.1,0.6923076923076923,0.75,0.8547008547008547,
F4N,throttle_step,det,win10,clo_+0.1,0.6923076923076923,1.0,0.8461538461538461,
F4N,throttle_step,det,whole,noop,,,,0.0
F4N,throttle_step,det,win5,noop,,,,0.0
F4N,throttle_step,det,win10,noop,,,,0.0
F4N,throttle_step,sig,whole,inertia_x1.6,0.13636363636363635,1.0,,
F4N,throttle_step,sig,win5,inertia_x1.6,0.18181818181818182,1.0,,
F4N,throttle_step,sig,win10,inertia_x1.6,0.13636363636363635,1.0,,
F4N,throttle_step,sig,whole,cmq_x0.5,0.46153846153846156,1.0,0.7948717948717949,
F4N,throttle_step,sig,win5,cmq_x0.5,0.23076923076923078,0.75,0.6666666666666667,
F4N,throttle_step,sig,win10,cmq_x0.5,0.3076923076923077,1.0,0.7606837606837606,
F4N,throttle_step,sig,whole,cmalpha_x0.7,0.5384615384615384,0.875,0.7008547008547009,
F4N,throttle_step,sig,win5,cmalpha_x0.7,0.46153846153846156,0.8571428571428571,0.8461538461538461,
F4N,throttle_step,sig,win10,cmalpha_x0.7,0.6923076923076923,0.9,0.905982905982906,
F4N,throttle_step,sig,whole,clo_+0.1,0.3076923076923077,1.0,0.6068376068376069,
F4N,throttle_step,sig,win5,clo_+0.1,0.23076923076923078,1.0,0.8717948717948719,
F4N,throttle_step,sig,win10,clo_+0.1,0.15384615384615385,0.6666666666666666,0.6495726495726497,
F4N,throttle_step,sig,whole,noop,,,,0.045454545454545456
F4N,throttle_step,sig,win5,noop,,,,0.0
F4N,throttle_step,sig,win10,noop,,,,0.0
F4N,elev_doublet,det,whole,inertia_x1.6,0.0,,,
F4N,elev_doublet,det,win5,inertia_x1.6,0.0,,,
F4N,elev_doublet,det,win10,inertia_x1.6,0.0,,,
F4N,elev_doublet,det,whole,cmq_x0.5,0.0,,0.35897435897435903,
F4N,elev_doublet,det,win5,cmq_x0.5,0.15384615384615385,1.0,0.4871794871794872,
F4N,elev_doublet,det,win10,cmq_x0.5,0.0,,0.45299145299145305,
F4N,elev_doublet,det,whole,cmalpha_x0.7,0.15384615384615385,0.6666666666666666,0.5982905982905983,
F4N,elev_doublet,det,win5,cmalpha_x0.7,0.15384615384615385,1.0,0.6581196581196582,
F4N,elev_doublet,det,win10,cmalpha_x0.7,0.15384615384615385,0.6666666666666666,0.6239316239316239,
F4N,elev_doublet,det,whole,clo_+0.1,0.6153846153846154,0.8888888888888888,0.7863247863247864,
F4N,elev_doublet,det,win5,clo_+0.1,0.6923076923076923,0.8181818181818182,0.811965811965812,
F4N,elev_doublet,det,win10,clo_+0.1,0.6923076923076923,0.75,0.7948717948717949,
F4N,elev_doublet,det,whole,noop,,,,0.13636363636363635
F4N,elev_doublet,det,win5,noop,,,,0.09090909090909091
F4N,elev_doublet,det,win10,noop,,,,0.13636363636363635
F4N,elev_doublet,sig,whole,inertia_x1.6,0.09090909090909091,1.0,,
F4N,elev_doublet,sig,win5,inertia_x1.6,0.045454545454545456,1.0,,
F4N,elev_doublet,sig,win10,inertia_x1.6,0.09090909090909091,1.0,,
F4N,elev_doublet,sig,whole,cmq_x0.5,0.0,0.0,0.1880341880341881,
F4N,elev_doublet,sig,win5,cmq_x0.5,0.0,0.0,0.6410256410256411,
F4N,elev_doublet,sig,win10,cmq_x0.5,0.07692307692307693,1.0,0.5982905982905983,
F4N,elev_doublet,sig,whole,cmalpha_x0.7,0.15384615384615385,0.6666666666666666,0.46153846153846156,
F4N,elev_doublet,sig,win5,cmalpha_x0.7,0.07692307692307693,0.5,0.5726495726495726,
F4N,elev_doublet,sig,win10,cmalpha_x0.7,0.0,0.0,0.5384615384615385,
F4N,elev_doublet,sig,whole,clo_+0.1,0.23076923076923078,1.0,0.5982905982905983,
F4N,elev_doublet,sig,win5,clo_+0.1,0.23076923076923078,0.75,0.7692307692307693,
F4N,elev_doublet,sig,win10,clo_+0.1,0.23076923076923078,0.75,0.811965811965812,
F4N,elev_doublet,sig,whole,noop,,,,0.09090909090909091
F4N,elev_doublet,sig,win5,noop,,,,0.09090909090909091
F4N,elev_doublet,sig,win10,noop,,,,0.045454545454545456
F4N,elev_step,det,whole,inertia_x1.6,0.045454545454545456,1.0,,
F4N,elev_step,det,win5,inertia_x1.6,0.045454545454545456,1.0,,
F4N,elev_step,det,win10,inertia_x1.6,0.045454545454545456,1.0,,
F4N,elev_step,det,whole,cmq_x0.5,0.0,0.0,0.1880341880341881,
F4N,elev_step,det,win5,cmq_x0.5,0.0,,0.358974358974359,
F4N,elev_step,det,win10,cmq_x0.5,0.0,,0.2905982905982907,
F4N,elev_step,det,whole,cmalpha_x0.7,0.7692307692307693,1.0,0.9230769230769231,
F4N,elev_step,det,win5,cmalpha_x0.7,0.6153846153846154,1.0,0.9401709401709403,
F4N,elev_step,det,win10,cmalpha_x0.7,0.6153846153846154,1.0,0.9316239316239316,
F4N,elev_step,det,whole,clo_+0.1,0.5384615384615384,0.7,0.6752136752136753,
F4N,elev_step,det,win5,clo_+0.1,0.6153846153846154,0.8,0.6666666666666667,
F4N,elev_step,det,win10,clo_+0.1,0.6153846153846154,0.7272727272727273,0.6239316239316239,
F4N,elev_step,det,whole,noop,,,,0.045454545454545456
F4N,elev_step,det,win5,noop,,,,0.0
F4N,elev_step,det,win10,noop,,,,0.0
F4N,elev_step,sig,whole,inertia_x1.6,0.0,,,
F4N,elev_step,sig,win5,inertia_x1.6,0.0,,,
F4N,elev_step,sig,win10,inertia_x1.6,0.0,,,
F4N,elev_step,sig,whole,cmq_x0.5,0.0,,0.43589743589743596,
F4N,elev_step,sig,win5,cmq_x0.5,0.0,,0.3931623931623932,
F4N,elev_step,sig,win10,cmq_x0.5,0.07692307692307693,1.0,0.28205128205128205,
F4N,elev_step,sig,whole,cmalpha_x0.7,0.38461538461538464,0.8333333333333334,0.641025641025641,
F4N,elev_step,sig,win5,cmalpha_x0.7,0.3076923076923077,0.8,0.5641025641025641,
F4N,elev_step,sig,win10,cmalpha_x0.7,0.38461538461538464,0.8333333333333334,0.5555555555555556,
F4N,elev_step,sig,whole,clo_+0.1,0.3076923076923077,0.8,0.6666666666666667,
F4N,elev_step,sig,win5,clo_+0.1,0.38461538461538464,0.8333333333333334,0.735042735042735,
F4N,elev_step,sig,win10,clo_+0.1,0.23076923076923078,0.75,0.7264957264957266,
F4N,elev_step,sig,whole,noop,,,,0.0
F4N,elev_step,sig,win5,noop,,,,0.0
F4N,elev_step,sig,win10,noop,,,,0.0
F4N,aileron_step,det,whole,inertia_x1.6,0.0,,,
F4N,aileron_step,det,win5,inertia_x1.6,0.0,,,
F4N,aileron_step,det,win10,inertia_x1.6,0.0,,,
F4N,aileron_step,det,whole,cmq_x0.5,0.0,,0.05982905982905985,
F4N,aileron_step,det,win5,cmq_x0.5,0.0,,0.05982905982905985,
F4N,aileron_step,det,win10,cmq_x0.5,0.0,,0.0854700854700855,
F4N,aileron_step,det,whole,cmalpha_x0.7,0.07692307692307693,1.0,0.5299145299145299,
F4N,aileron_step,det,win5,cmalpha_x0.7,0.0,,0.4444444444444445,
F4N,aileron_step,det,win10,cmalpha_x0.7,0.0,,0.452991452991453,
F4N,aileron_step,det,whole,clo_+0.1,0.38461538461538464,0.8333333333333334,0.5555555555555556,
F4N,aileron_step,det,win5,clo_+0.1,0.15384615384615385,1.0,0.49572649572649574,
F4N,aileron_step,det,win10,clo_+0.1,0.15384615384615385,0.6666666666666666,0.49572649572649574,
F4N,aileron_step,det,whole,noop,,,,0.13636363636363635
F4N,aileron_step,det,win5,noop,,,,0.045454545454545456
F4N,aileron_step,det,win10,noop,,,,0.045454545454545456
F4N,aileron_step,sig,whole,inertia_x1.6,0.0,,,
F4N,aileron_step,sig,win5,inertia_x1.6,0.0,,,
F4N,aileron_step,sig,win10,inertia_x1.6,0.0,,,
F4N,aileron_step,sig,whole,cmq_x0.5,0.0,,0.44871794871794873,
F4N,aileron_step,sig,win5,cmq_x0.5,0.0,0.0,0.32478632478632485,
F4N,aileron_step,sig,win10,cmq_x0.5,0.07692307692307693,1.0,0.42735042735042744,
F4N,aileron_step,sig,whole,cmalpha_x0.7,0.0,0.0,0.4444444444444444,
F4N,aileron_step,sig,win5,cmalpha_x0.7,0.07692307692307693,0.5,0.5299145299145299,
F4N,aileron_step,sig,win10,cmalpha_x0.7,0.0,0.0,0.45299145299145305,
F4N,aileron_step,sig,whole,clo_+0.1,0.23076923076923078,1.0,0.5213675213675214,
F4N,aileron_step,sig,win5,clo_+0.1,0.3076923076923077,0.5714285714285714,0.6581196581196581,
F4N,aileron_step,sig,win10,clo_+0.1,0.23076923076923078,1.0,0.5299145299145299,
F4N,aileron_step,sig,whole,noop,,,,0.045454545454545456
F4N,aileron_step,sig,win5,noop,,,,0.045454545454545456
F4N,aileron_step,sig,win10,noop,,,,0.045454545454545456
F4N,rudder_doublet,det,whole,inertia_x1.6,0.0,,,
F4N,rudder_doublet,det,win5,inertia_x1.6,0.045454545454545456,1.0,,
F4N,rudder_doublet,det,win10,inertia_x1.6,0.0,,,
F4N,rudder_doublet,det,whole,cmq_x0.5,0.0,,0.17948717948717952,
F4N,rudder_doublet,det,win5,cmq_x0.5,0.0,0.0,0.17948717948717952,
F4N,rudder_doublet,det,win10,cmq_x0.5,0.0,,0.17094017094017094,
F4N,rudder_doublet,det,whole,cmalpha_x0.7,0.15384615384615385,1.0,0.5641025641025641,
F4N,rudder_doublet,det,win5,cmalpha_x0.7,0.15384615384615385,0.6666666666666666,0.5299145299145299,
F4N,rudder_doublet,det,win10,cmalpha_x0.7,0.23076923076923078,0.75,0.49572649572649574,
F4N,rudder_doublet,det,whole,clo_+0.1,0.46153846153846156,1.0,0.5982905982905983,
F4N,rudder_doublet,det,win5,clo_+0.1,0.46153846153846156,1.0,0.6495726495726496,
F4N,rudder_doublet,det,win10,clo_+0.1,0.46153846153846156,1.0,0.6581196581196581,
F4N,rudder_doublet,det,whole,noop,,,,0.0
F4N,rudder_doublet,det,win5,noop,,,,0.045454545454545456
F4N,rudder_doublet,det,win10,noop,,,,0.0
F4N,rudder_doublet,sig,whole,inertia_x1.6,0.0,,,
F4N,rudder_doublet,sig,win5,inertia_x1.6,0.0,,,
F4N,rudder_doublet,sig,win10,inertia_x1.6,0.0,,,
F4N,rudder_doublet,sig,whole,cmq_x0.5,0.0,,0.6410256410256411,
F4N,rudder_doublet,sig,win5,cmq_x0.5,0.0,,0.5641025641025642,
F4N,rudder_doublet,sig,win10,cmq_x0.5,0.0,,0.5213675213675214,
F4N,rudder_doublet,sig,whole,cmalpha_x0.7,0.15384615384615385,0.5,0.5384615384615384,
F4N,rudder_doublet,sig,win5,cmalpha_x0.7,0.23076923076923078,0.6,0.5726495726495726,
F4N,rudder_doublet,sig,win10,cmalpha_x0.7,0.23076923076923078,0.6,0.5299145299145299,
F4N,rudder_doublet,sig,whole,clo_+0.1,0.0,,0.27350427350427353,
F4N,rudder_doublet,sig,win5,clo_+0.1,0.0,0.0,0.15384615384615388,
F4N,rudder_doublet,sig,win10,clo_+0.1,0.0,,0.2820512820512821,
F4N,rudder_doublet,sig,whole,noop,,,,0.0
F4N,rudder_doublet,sig,win5,noop,,,,0.0
F4N,rudder_doublet,sig,win10,noop,,,,0.0
F4N,bank_hold,det,whole,inertia_x1.6,0.13636363636363635,1.0,,
F4N,bank_hold,det,win5,inertia_x1.6,0.18181818181818182,1.0,,
F4N,bank_hold,det,win10,inertia_x1.6,0.13636363636363635,1.0,,
F4N,bank_hold,det,whole,cmq_x0.5,0.6153846153846154,1.0,0.6837606837606838,
F4N,bank_hold,det,win5,cmq_x0.5,0.6153846153846154,1.0,0.6666666666666667,
F4N,bank_hold,det,win10,cmq_x0.5,0.6153846153846154,1.0,0.6752136752136753,
F4N,bank_hold,det,whole,cmalpha_x0.7,0.07692307692307693,1.0,0.41025641025641024,
F4N,bank_hold,det,win5,cmalpha_x0.7,0.0,,0.41880341880341887,
F4N,bank_hold,det,win10,cmalpha_x0.7,0.0,,0.4358974358974359,
F4N,bank_hold,det,whole,clo_+0.1,0.3076923076923077,1.0,0.5641025641025641,
F4N,bank_hold,det,win5,clo_+0.1,0.3076923076923077,1.0,0.48717948717948717,
F4N,bank_hold,det,win10,clo_+0.1,0.3076923076923077,1.0,0.47008547008547014,
F4N,bank_hold,det,whole,noop,,,,0.045454545454545456
F4N,bank_hold,det,win5,noop,,,,0.13636363636363635
F4N,bank_hold,det,win10,noop,,,,0.09090909090909091
F4N,bank_hold,sig,whole,inertia_x1.6,0.045454545454545456,1.0,,
F4N,bank_hold,sig,win5,inertia_x1.6,0.0,,,
F4N,bank_hold,sig,win10,inertia_x1.6,0.09090909090909091,1.0,,
F4N,bank_hold,sig,whole,cmq_x0.5,0.3076923076923077,0.8,0.7692307692307692,
F4N,bank_hold,sig,win5,cmq_x0.5,0.46153846153846156,1.0,0.8547008547008548,
F4N,bank_hold,sig,win10,cmq_x0.5,0.6153846153846154,1.0,0.8205128205128205,
F4N,bank_hold,sig,whole,cmalpha_x0.7,0.15384615384615385,0.4,0.7435897435897435,
F4N,bank_hold,sig,win5,cmalpha_x0.7,0.07692307692307693,1.0,0.6666666666666666,
F4N,bank_hold,sig,win10,cmalpha_x0.7,0.07692307692307693,1.0,0.6324786324786325,
F4N,bank_hold,sig,whole,clo_+0.1,0.3076923076923077,0.5714285714285714,0.5555555555555556,
F4N,bank_hold,sig,win5,clo_+0.1,0.3076923076923077,0.8,0.6068376068376069,
F4N,bank_hold,sig,win10,clo_+0.1,0.3076923076923077,0.8,0.5299145299145299,
F4N,bank_hold,sig,whole,noop,,,,0.09090909090909091
F4N,bank_hold,sig,win5,noop,,,,0.09090909090909091
F4N,bank_hold,sig,win10,noop,,,,0.09090909090909091
F4N,flap_extend,det,whole,inertia_x1.6,0.0,,,
F4N,flap_extend,det,win5,inertia_x1.6,0.0,,,
F4N,flap_extend,det,win10,inertia_x1.6,0.0,,,
F4N,flap_extend,det,whole,cmq_x0.5,0.8461538461538461,1.0,0.8632478632478633,
F4N,flap_extend,det,win5,cmq_x0.5,0.7692307692307693,1.0,0.8803418803418803,
F4N,flap_extend,det,win10,cmq_x0.5,0.8461538461538461,1.0,0.8803418803418803,
F4N,flap_extend,det,whole,cmalpha_x0.7,0.8461538461538461,1.0,0.8717948717948718,
F4N,flap_extend,det,win5,cmalpha_x0.7,0.8461538461538461,1.0,0.8547008547008548,
F4N,flap_extend,det,win10,cmalpha_x0.7,0.7692307692307693,1.0,0.8547008547008548,
F4N,flap_extend,det,whole,clo_+0.1,0.7692307692307693,1.0,0.8205128205128205,
F4N,flap_extend,det,win5,clo_+0.1,0.7692307692307693,1.0,0.888888888888889,
F4N,flap_extend,det,win10,clo_+0.1,0.7692307692307693,0.9090909090909091,0.8717948717948719,
F4N,flap_extend,det,whole,noop,,,,0.0
F4N,flap_extend,det,win5,noop,,,,0.0
F4N,flap_extend,det,win10,noop,,,,0.0
F4N,flap_extend,sig,whole,inertia_x1.6,0.0,,,
F4N,flap_extend,sig,win5,inertia_x1.6,0.045454545454545456,1.0,,
F4N,flap_extend,sig,win10,inertia_x1.6,0.045454545454545456,1.0,,
F4N,flap_extend,sig,whole,cmq_x0.5,0.07692307692307693,0.5,0.4188034188034188,
F4N,flap_extend,sig,win5,cmq_x0.5,0.3076923076923077,0.8,0.5470085470085471,
F4N,flap_extend,sig,win10,cmq_x0.5,0.3076923076923077,1.0,0.6153846153846154,
F4N,flap_extend,sig,whole,cmalpha_x0.7,0.15384615384615385,1.0,0.5213675213675214,
F4N,flap_extend,sig,win5,cmalpha_x0.7,0.0,,0.7008547008547009,
F4N,flap_extend,sig,win10,cmalpha_x0.7,0.23076923076923078,1.0,0.7692307692307694,
F4N,flap_extend,sig,whole,clo_+0.1,0.38461538461538464,1.0,0.5811965811965812,
F4N,flap_extend,sig,win5,clo_+0.1,0.15384615384615385,1.0,0.7008547008547009,
F4N,flap_extend,sig,win10,clo_+0.1,0.38461538461538464,1.0,0.6410256410256412,
F4N,flap_extend,sig,whole,noop,,,,0.045454545454545456
F4N,flap_extend,sig,win5,noop,,,,0.0
F4N,flap_extend,sig,win10,noop,,,,0.045454545454545456
F4N,engine_cut,det,whole,inertia_x1.6,0.0,,,
F4N,engine_cut,det,win5,inertia_x1.6,0.0,,,
F4N,engine_cut,det,win10,inertia_x1.6,0.0,,,
F4N,engine_cut,det,whole,cmq_x0.5,0.0,,0.5555555555555556,
F4N,engine_cut,det,win5,cmq_x0.5,0.07692307692307693,1.0,0.5128205128205128,
F4N,engine_cut,det,win10,cmq_x0.5,0.07692307692307693,1.0,0.5128205128205128,
F4N,engine_cut,det,whole,cmalpha_x0.7,0.0,0.0,0.3333333333333334,
F4N,engine_cut,det,win5,cmalpha_x0.7,0.0,0.0,0.4017094017094017,
F4N,engine_cut,det,win10,cmalpha_x0.7,0.0,,0.41880341880341876,
F4N,engine_cut,det,whole,clo_+0.1,0.38461538461538464,1.0,0.7521367521367521,
F4N,engine_cut,det,win5,clo_+0.1,0.3076923076923077,1.0,0.5811965811965812,
F4N,engine_cut,det,win10,clo_+0.1,0.38461538461538464,1.0,0.5726495726495726,
F4N,engine_cut,det,whole,noop,,,,0.0
F4N,engine_cut,det,win5,noop,,,,0.0
F4N,engine_cut,det,win10,noop,,,,0.0
F4N,engine_cut,sig,whole,inertia_x1.6,0.0,,,
F4N,engine_cut,sig,win5,inertia_x1.6,0.045454545454545456,1.0,,
F4N,engine_cut,sig,win10,inertia_x1.6,0.09090909090909091,1.0,,
F4N,engine_cut,sig,whole,cmq_x0.5,0.07692307692307693,1.0,0.7435897435897436,
F4N,engine_cut,sig,win5,cmq_x0.5,0.0,,0.5042735042735044,
F4N,engine_cut,sig,win10,cmq_x0.5,0.0,,0.6666666666666666,
F4N,engine_cut,sig,whole,cmalpha_x0.7,0.3076923076923077,0.8,0.5683760683760684,
F4N,engine_cut,sig,win5,cmalpha_x0.7,0.15384615384615385,1.0,0.6239316239316239,
F4N,engine_cut,sig,win10,cmalpha_x0.7,0.23076923076923078,1.0,0.5897435897435898,
F4N,engine_cut,sig,whole,clo_+0.1,0.38461538461538464,0.8333333333333334,0.48717948717948717,
F4N,engine_cut,sig,win5,clo_+0.1,0.3076923076923077,1.0,0.6068376068376069,
F4N,engine_cut,sig,win10,clo_+0.1,0.3076923076923077,0.8,0.5811965811965811,
F4N,engine_cut,sig,whole,noop,,,,0.0
F4N,engine_cut,sig,win5,noop,,,,0.0
F4N,engine_cut,sig,win10,noop,,,,0.09090909090909091
F4N,climbing_turn,det,whole,inertia_x1.6,0.22727272727272727,1.0,,
F4N,climbing_turn,det,win5,inertia_x1.6,0.22727272727272727,1.0,,
F4N,climbing_turn,det,win10,inertia_x1.6,0.3181818181818182,1.0,,
F4N,climbing_turn,det,whole,cmq_x0.5,0.7692307692307693,0.8333333333333334,0.7094017094017094,
F4N,climbing_turn,det,win5,cmq_x0.5,0.7692307692307693,0.8333333333333334,0.7094017094017095,
F4N,climbing_turn,det,win10,cmq_x0.5,0.7692307692307693,0.9090909090909091,0.7094017094017095,
F4N,climbing_turn,det,whole,cmalpha_x0.7,0.5384615384615384,1.0,0.7948717948717949,
F4N,climbing_turn,det,win5,cmalpha_x0.7,0.3076923076923077,0.6666666666666666,0.811965811965812,
F4N,climbing_turn,det,win10,cmalpha_x0.7,0.38461538461538464,0.625,0.7948717948717949,
F4N,climbing_turn,det,whole,clo_+0.1,0.38461538461538464,0.625,0.6239316239316239,
F4N,climbing_turn,det,win5,clo_+0.1,0.3076923076923077,1.0,0.5726495726495726,
F4N,climbing_turn,det,win10,clo_+0.1,0.3076923076923077,0.8,0.5042735042735043,
F4N,climbing_turn,det,whole,noop,,,,0.36363636363636365
F4N,climbing_turn,det,win5,noop,,,,0.3181818181818182
F4N,climbing_turn,det,win10,noop,,,,0.45454545454545453
F4N,climbing_turn,sig,whole,inertia_x1.6,0.0,,,
F4N,climbing_turn,sig,win5,inertia_x1.6,0.09090909090909091,1.0,,
F4N,climbing_turn,sig,win10,inertia_x1.6,0.045454545454545456,1.0,,
F4N,climbing_turn,sig,whole,cmq_x0.5,0.6153846153846154,0.8888888888888888,0.7008547008547008,
F4N,climbing_turn,sig,win5,cmq_x0.5,0.3076923076923077,0.6666666666666666,0.7521367521367521,
F4N,climbing_turn,sig,win10,cmq_x0.5,0.46153846153846156,0.75,0.7435897435897436,
F4N,climbing_turn,sig,whole,cmalpha_x0.7,0.15384615384615385,0.6666666666666666,0.5042735042735043,
F4N,climbing_turn,sig,win5,cmalpha_x0.7,0.0,,0.5982905982905984,
F4N,climbing_turn,sig,win10,cmalpha_x0.7,0.0,,0.3418803418803419,
F4N,climbing_turn,sig,whole,clo_+0.1,0.23076923076923078,0.6,0.6196581196581197,
F4N,climbing_turn,sig,win5,clo_+0.1,0.15384615384615385,0.6666666666666666,0.5811965811965814,
F4N,climbing_turn,sig,win10,clo_+0.1,0.23076923076923078,0.75,0.5042735042735043,
F4N,climbing_turn,sig,whole,noop,,,,0.0
F4N,climbing_turn,sig,win5,noop,,,,0.09090909090909091
F4N,climbing_turn,sig,win10,noop,,,,0.045454545454545456
F4N,elev_doublet_distractor,det,whole,inertia_x1.6,0.0,,,
F4N,elev_doublet_distractor,det,win5,inertia_x1.6,0.0,,,
F4N,elev_doublet_distractor,det,win10,inertia_x1.6,0.045454545454545456,1.0,,
F4N,elev_doublet_distractor,det,whole,cmq_x0.5,0.0,,0.41880341880341887,
F4N,elev_doublet_distractor,det,win5,cmq_x0.5,0.0,,0.5128205128205128,
F4N,elev_doublet_distractor,det,win10,cmq_x0.5,0.0,,0.48717948717948717,
F4N,elev_doublet_distractor,det,whole,cmalpha_x0.7,0.3076923076923077,0.8,0.4700854700854701,
F4N,elev_doublet_distractor,det,win5,cmalpha_x0.7,0.23076923076923078,0.75,0.5555555555555556,
F4N,elev_doublet_distractor,det,win10,cmalpha_x0.7,0.23076923076923078,0.75,0.5555555555555556,
F4N,elev_doublet_distractor,det,whole,clo_+0.1,0.6923076923076923,0.8181818181818182,0.700854700854701,
F4N,elev_doublet_distractor,det,win5,clo_+0.1,0.7692307692307693,0.7692307692307693,0.6837606837606839,
F4N,elev_doublet_distractor,det,win10,clo_+0.1,0.7692307692307693,0.7692307692307693,0.6666666666666666,
F4N,elev_doublet_distractor,det,whole,noop,,,,0.0
F4N,elev_doublet_distractor,det,win5,noop,,,,0.0
F4N,elev_doublet_distractor,det,win10,noop,,,,0.0
F4N,elev_doublet_distractor,sig,whole,inertia_x1.6,0.0,,,
F4N,elev_doublet_distractor,sig,win5,inertia_x1.6,0.045454545454545456,1.0,,
F4N,elev_doublet_distractor,sig,win10,inertia_x1.6,0.09090909090909091,1.0,,
F4N,elev_doublet_distractor,sig,whole,cmq_x0.5,0.0,0.0,0.4358974358974359,
F4N,elev_doublet_distractor,sig,win5,cmq_x0.5,0.0,,0.7606837606837606,
F4N,elev_doublet_distractor,sig,win10,cmq_x0.5,0.0,0.0,0.5042735042735043,
F4N,elev_doublet_distractor,sig,whole,cmalpha_x0.7,0.23076923076923078,0.5,0.7606837606837608,
F4N,elev_doublet_distractor,sig,win5,cmalpha_x0.7,0.3076923076923077,0.6666666666666666,0.717948717948718,
F4N,elev_doublet_distractor,sig,win10,cmalpha_x0.7,0.3076923076923077,0.6666666666666666,0.6923076923076923,
F4N,elev_doublet_distractor,sig,whole,clo_+0.1,0.3076923076923077,0.5714285714285714,0.5128205128205129,
F4N,elev_doublet_distractor,sig,win5,clo_+0.1,0.3076923076923077,0.5714285714285714,0.6068376068376069,
F4N,elev_doublet_distractor,sig,win10,clo_+0.1,0.3076923076923077,0.6666666666666666,0.49572649572649574,
F4N,elev_doublet_distractor,sig,whole,noop,,,,0.045454545454545456
F4N,elev_doublet_distractor,sig,win5,noop,,,,0.0
F4N,elev_doublet_distractor,sig,win10,noop,,,,0.09090909090909091
F4N,engine_restart,det,whole,inertia_x1.6,0.0,,,
F4N,engine_restart,det,win5,inertia_x1.6,0.0,,,
F4N,engine_restart,det,win10,inertia_x1.6,0.0,,,
F4N,engine_restart,det,whole,cmq_x0.5,0.07692307692307693,1.0,0.452991452991453,
F4N,engine_restart,det,win5,cmq_x0.5,0.07692307692307693,1.0,0.49572649572649574,
F4N,engine_restart,det,win10,cmq_x0.5,0.07692307692307693,1.0,0.4444444444444444,
F4N,engine_restart,det,whole,cmalpha_x0.7,0.07692307692307693,1.0,0.46153846153846156,
F4N,engine_restart,det,win5,cmalpha_x0.7,0.07692307692307693,0.3333333333333333,0.4615384615384616,
F4N,engine_restart,det,win10,cmalpha_x0.7,0.07692307692307693,1.0,0.38461538461538464,
F4N,engine_restart,det,whole,clo_+0.1,0.6153846153846154,1.0,0.7435897435897436,
F4N,engine_restart,det,win5,clo_+0.1,0.38461538461538464,0.8333333333333334,0.6239316239316239,
F4N,engine_restart,det,win10,clo_+0.1,0.46153846153846156,0.8571428571428571,0.6666666666666666,
F4N,engine_restart,det,whole,noop,,,,0.0
F4N,engine_restart,det,win5,noop,,,,0.0
F4N,engine_restart,det,win10,noop,,,,0.0
F4N,engine_restart,sig,whole,inertia_x1.6,0.0,,,
F4N,engine_restart,sig,win5,inertia_x1.6,0.045454545454545456,1.0,,
F4N,engine_restart,sig,win10,inertia_x1.6,0.045454545454545456,1.0,,
F4N,engine_restart,sig,whole,cmq_x0.5,0.07692307692307693,1.0,0.7350427350427351,
F4N,engine_restart,sig,win5,cmq_x0.5,0.15384615384615385,1.0,0.6495726495726495,
F4N,engine_restart,sig,win10,cmq_x0.5,0.15384615384615385,1.0,0.6495726495726496,
F4N,engine_restart,sig,whole,cmalpha_x0.7,0.0,,0.6324786324786325,
F4N,engine_restart,sig,win5,cmalpha_x0.7,0.15384615384615385,1.0,0.7350427350427351,
F4N,engine_restart,sig,win10,cmalpha_x0.7,0.0,,0.717948717948718,
F4N,engine_restart,sig,whole,clo_+0.1,0.15384615384615385,0.6666666666666666,0.6923076923076923,
F4N,engine_restart,sig,win5,clo_+0.1,0.23076923076923078,1.0,0.8547008547008548,
F4N,engine_restart,sig,win10,clo_+0.1,0.38461538461538464,1.0,0.7606837606837608,
F4N,engine_restart,sig,whole,noop,,,,0.045454545454545456
F4N,engine_restart,sig,win5,noop,,,,0.13636363636363635
F4N,engine_restart,sig,win10,noop,,,,0.0
F80C,cruise,det,whole,inertia_x1.6,0.0,,,
F80C,cruise,det,win5,inertia_x1.6,0.045454545454545456,1.0,,
F80C,cruise,det,win10,inertia_x1.6,0.0,,,
F80C,cruise,det,whole,cmq_x0.5,0.0,,0.24786324786324787,
F80C,cruise,det,win5,cmq_x0.5,0.0,0.0,0.14529914529914528,
F80C,cruise,det,win10,cmq_x0.5,0.0,,0.23931623931623933,
F80C,cruise,det,whole,cmalpha_x0.7,0.5384615384615384,0.7,0.7264957264957266,
F80C,cruise,det,win5,cmalpha_x0.7,0.46153846153846156,0.75,0.6837606837606838,
F80C,cruise,det,win10,cmalpha_x0.7,0.5384615384615384,0.875,0.7692307692307693,
F80C,cruise,det,whole,clo_+0.1,0.6153846153846154,0.7272727272727273,0.8205128205128206,
F80C,cruise,det,win5,clo_+0.1,0.5384615384615384,0.875,0.7948717948717949,
F80C,cruise,det,win10,clo_+0.1,0.6153846153846154,0.8,0.8205128205128207,
F80C,cruise,det,whole,noop,,,,0.045454545454545456
F80C,cruise,det,win5,noop,,,,0.045454545454545456
F80C,cruise,det,win10,noop,,,,0.0
F80C,cruise,sig,whole,inertia_x1.6,0.09090909090909091,1.0,,
F80C,cruise,sig,win5,inertia_x1.6,0.0,,,
F80C,cruise,sig,win10,inertia_x1.6,0.0,,,
F80C,cruise,sig,whole,cmq_x0.5,0.0,,0.4358974358974359,
F80C,cruise,sig,win5,cmq_x0.5,0.0,,0.4273504273504274,
F80C,cruise,sig,win10,cmq_x0.5,0.0,,0.3076923076923077,
F80C,cruise,sig,whole,cmalpha_x0.7,0.46153846153846156,0.8571428571428571,0.6837606837606838,
F80C,cruise,sig,win5,cmalpha_x0.7,0.3076923076923077,0.8,0.5982905982905983,
F80C,cruise,sig,win10,cmalpha_x0.7,0.46153846153846156,1.0,0.7606837606837608,
F80C,cruise,sig,whole,clo_+0.1,0.23076923076923078,0.75,0.3846153846153846,
F80C,cruise,sig,win5,clo_+0.1,0.23076923076923078,1.0,0.5128205128205128,
F80C,cruise,sig,win10,clo_+0.1,0.3076923076923077,1.0,0.4273504273504274,
F80C,cruise,sig,whole,noop,,,,0.0
F80C,cruise,sig,win5,noop,,,,0.0
F80C,cruise,sig,win10,noop,,,,0.0
F80C,throttle_step,det,whole,inertia_x1.6,0.0,,,
F80C,throttle_step,det,win5,inertia_x1.6,0.0,,,
F80C,throttle_step,det,win10,inertia_x1.6,0.0,,,
F80C,throttle_step,det,whole,cmq_x0.5,0.0,,0.3504273504273505,
F80C,throttle_step,det,win5,cmq_x0.5,0.0,0.0,0.2905982905982906,
F80C,throttle_step,det,win10,cmq_x0.5,0.0,,0.4017094017094017,
F80C,throttle_step,det,whole,cmalpha_x0.7,0.6153846153846154,1.0,0.7606837606837606,
F80C,throttle_step,det,win5,cmalpha_x0.7,0.46153846153846156,1.0,0.7264957264957266,
F80C,throttle_step,det,win10,cmalpha_x0.7,0.6153846153846154,1.0,0.7435897435897436,
F80C,throttle_step,det,whole,clo_+0.1,0.7692307692307693,1.0,1.0,
F80C,throttle_step,det,win5,clo_+0.1,0.7692307692307693,0.9090909090909091,0.9487179487179488,
F80C,throttle_step,det,win10,clo_+0.1,0.7692307692307693,1.0,1.0,
F80C,throttle_step,det,whole,noop,,,,0.0
F80C,throttle_step,det,win5,noop,,,,0.045454545454545456
F80C,throttle_step,det,win10,noop,,,,0.0
F80C,throttle_step,sig,whole,inertia_x1.6,0.0,,,
F80C,throttle_step,sig,win5,inertia_x1.6,0.0,,,
F80C,throttle_step,sig,win10,inertia_x1.6,0.045454545454545456,1.0,,
F80C,throttle_step,sig,whole,cmq_x0.5,0.15384615384615385,1.0,0.46153846153846156,
F80C,throttle_step,sig,win5,cmq_x0.5,0.07692307692307693,1.0,0.6239316239316239,
F80C,throttle_step,sig,win10,cmq_x0.5,0.0,0.0,0.6495726495726496,
F80C,throttle_step,sig,whole,cmalpha_x0.7,0.0,,0.7264957264957266,
F80C,throttle_step,sig,win5,cmalpha_x0.7,0.15384615384615385,1.0,0.7094017094017094,
F80C,throttle_step,sig,win10,cmalpha_x0.7,0.15384615384615385,1.0,0.641025641025641,
F80C,throttle_step,sig,whole,clo_+0.1,0.5384615384615384,0.875,0.8205128205128205,
F80C,throttle_step,sig,win5,clo_+0.1,0.5384615384615384,0.875,0.7777777777777778,
F80C,throttle_step,sig,win10,clo_+0.1,0.5384615384615384,0.875,0.7692307692307692,
F80C,throttle_step,sig,whole,noop,,,,0.09090909090909091
F80C,throttle_step,sig,win5,noop,,,,0.0
F80C,throttle_step,sig,win10,noop,,,,0.045454545454545456
F80C,elev_doublet,det,whole,inertia_x1.6,0.0,,,
F80C,elev_doublet,det,win5,inertia_x1.6,0.0,,,
F80C,elev_doublet,det,win10,inertia_x1.6,0.0,,,
F80C,elev_doublet,det,whole,cmq_x0.5,0.0,,0.41025641025641024,
F80C,elev_doublet,det,win5,cmq_x0.5,0.0,,0.48717948717948717,
F80C,elev_doublet,det,win10,cmq_x0.5,0.0,,0.38461538461538464,
F80C,elev_doublet,det,whole,cmalpha_x0.7,0.23076923076923078,0.6,0.5726495726495726,
F80C,elev_doublet,det,win5,cmalpha_x0.7,0.15384615384615385,0.5,0.6324786324786325,
F80C,elev_doublet,det,win10,cmalpha_x0.7,0.23076923076923078,0.6,0.6068376068376069,
F80C,elev_doublet,det,whole,clo_+0.1,0.5384615384615384,0.6363636363636364,0.7521367521367521,
F80C,elev_doublet,det,win5,clo_+0.1,0.5384615384615384,0.7777777777777778,0.7692307692307693,
F80C,elev_doublet,det,win10,clo_+0.1,0.5384615384615384,0.6363636363636364,0.7521367521367521,
F80C,elev_doublet,det,whole,noop,,,,0.0
F80C,elev_doublet,det,win5,noop,,,,0.0
F80C,elev_doublet,det,win10,noop,,,,0.0
F80C,elev_doublet,sig,whole,inertia_x1.6,0.13636363636363635,1.0,,
F80C,elev_doublet,sig,win5,inertia_x1.6,0.045454545454545456,1.0,,
F80C,elev_doublet,sig,win10,inertia_x1.6,0.045454545454545456,1.0,,
F80C,elev_doublet,sig,whole,cmq_x0.5,0.0,,0.5470085470085471,
F80C,elev_doublet,sig,win5,cmq_x0.5,0.0,,0.5384615384615385,
F80C,elev_doublet,sig,win10,cmq_x0.5,0.0,0.0,0.5555555555555556,
F80C,elev_doublet,sig,whole,cmalpha_x0.7,0.38461538461538464,0.7142857142857143,0.7008547008547009,
F80C,elev_doublet,sig,win5,cmalpha_x0.7,0.23076923076923078,0.75,0.5982905982905983,
F80C,elev_doublet,sig,win10,cmalpha_x0.7,0.38461538461538464,0.625,0.5470085470085471,
F80C,elev_doublet,sig,whole,clo_+0.1,0.07692307692307693,0.5,0.52991452991453,
F80C,elev_doublet,sig,win5,clo_+0.1,0.15384615384615385,0.5,0.5042735042735043,
F80C,elev_doublet,sig,win10,clo_+0.1,0.23076923076923078,0.5,0.4358974358974359,
F80C,elev_doublet,sig,whole,noop,,,,0.0
F80C,elev_doublet,sig,win5,noop,,,,0.0
F80C,elev_doublet,sig,win10,noop,,,,0.045454545454545456
F80C,elev_step,det,whole,inertia_x1.6,0.0,,,
F80C,elev_step,det,win5,inertia_x1.6,0.13636363636363635,1.0,,
F80C,elev_step,det,win10,inertia_x1.6,0.13636363636363635,1.0,,
F80C,elev_step,det,whole,cmq_x0.5,0.0,,0.4700854700854701,
F80C,elev_step,det,win5,cmq_x0.5,0.0,,0.452991452991453,
F80C,elev_step,det,win10,cmq_x0.5,0.0,,0.4188034188034188,
F80C,elev_step,det,whole,cmalpha_x0.7,0.38461538461538464,1.0,0.8205128205128206,
F80C,elev_step,det,win5,cmalpha_x0.7,0.46153846153846156,1.0,0.7777777777777778,
F80C,elev_step,det,win10,cmalpha_x0.7,0.46153846153846156,0.8571428571428571,0.717948717948718,
F80C,elev_step,det,whole,clo_+0.1,0.6923076923076923,1.0,0.9401709401709402,
F80C,elev_step,det,win5,clo_+0.1,0.7692307692307693,0.9090909090909091,0.9145299145299145,
F80C,elev_step,det,win10,clo_+0.1,0.6923076923076923,0.9,0.9316239316239318,
F80C,elev_step,det,whole,noop,,,,0.0
F80C,elev_step,det,win5,noop,,,,0.0
F80C,elev_step,det,win10,noop,,,,0.0
F80C,elev_step,sig,whole,inertia_x1.6,0.0,,,
F80C,elev_step,sig,win5,inertia_x1.6,0.045454545454545456,1.0,,
F80C,elev_step,sig,win10,inertia_x1.6,0.0,,,
F80C,elev_step,sig,whole,cmq_x0.5,0.0,0.0,0.4700854700854702,
F80C,elev_step,sig,win5,cmq_x0.5,0.07692307692307693,1.0,0.7264957264957266,
F80C,elev_step,sig,win10,cmq_x0.5,0.07692307692307693,1.0,0.4871794871794872,
F80C,elev_step,sig,whole,cmalpha_x0.7,0.23076923076923078,1.0,0.4358974358974359,
F80C,elev_step,sig,win5,cmalpha_x0.7,0.0,0.0,0.6752136752136753,
F80C,elev_step,sig,win10,cmalpha_x0.7,0.15384615384615385,0.6666666666666666,0.5811965811965812,
F80C,elev_step,sig,whole,clo_+0.1,0.38461538461538464,1.0,0.6239316239316239,
F80C,elev_step,sig,win5,clo_+0.1,0.23076923076923078,1.0,0.7692307692307692,
F80C,elev_step,sig,win10,clo_+0.1,0.15384615384615385,0.6666666666666666,0.6666666666666666,
F80C,elev_step,sig,whole,noop,,,,0.045454545454545456
F80C,elev_step,sig,win5,noop,,,,0.0
F80C,elev_step,sig,win10,noop,,,,0.0
F80C,aileron_step,det,whole,inertia_x1.6,0.0,,,
F80C,aileron_step,det,win5,inertia_x1.6,0.0,,,
F80C,aileron_step,det,win10,inertia_x1.6,0.0,,,
F80C,aileron_step,det,whole,cmq_x0.5,0.0,,0.27350427350427353,
F80C,aileron_step,det,win5,cmq_x0.5,0.0,0.0,0.264957264957265,
F80C,aileron_step,det,win10,cmq_x0.5,0.0,0.0,0.22222222222222224,
F80C,aileron_step,det,whole,cmalpha_x0.7,0.07692307692307693,0.2,0.23931623931623933,
F80C,aileron_step,det,win5,cmalpha_x0.7,0.07692307692307693,0.2,0.33333333333333337,
F80C,aileron_step,det,win10,cmalpha_x0.7,0.07692307692307693,0.2,0.2991452991452992,
F80C,aileron_step,det,whole,clo_+0.1,0.3076923076923077,1.0,0.5641025641025641,
F80C,aileron_step,det,win5,clo_+0.1,0.23076923076923078,0.5,0.5384615384615384,
F80C,aileron_step,det,win10,clo_+0.1,0.23076923076923078,0.75,0.47863247863247865,
F80C,aileron_step,det,whole,noop,,,,0.0
F80C,aileron_step,det,win5,noop,,,,0.045454545454545456
F80C,aileron_step,det,win10,noop,,,,0.045454545454545456
F80C,aileron_step,sig,whole,inertia_x1.6,0.0,,,
F80C,aileron_step,sig,win5,inertia_x1.6,0.13636363636363635,1.0,,
F80C,aileron_step,sig,win10,inertia_x1.6,0.045454545454545456,1.0,,
F80C,aileron_step,sig,whole,cmq_x0.5,0.0,,0.5042735042735043,
F80C,aileron_step,sig,win5,cmq_x0.5,0.0,0.0,0.5726495726495726,
F80C,aileron_step,sig,win10,cmq_x0.5,0.0,0.0,0.5384615384615385,
F80C,aileron_step,sig,whole,cmalpha_x0.7,0.15384615384615385,0.5,0.4786324786324786,
F80C,aileron_step,sig,win5,cmalpha_x0.7,0.07692307692307693,0.5,0.4700854700854701,
F80C,aileron_step,sig,win10,cmalpha_x0.7,0.23076923076923078,0.75,0.42735042735042744,
F80C,aileron_step,sig,whole,clo_+0.1,0.15384615384615385,0.4,0.5042735042735043,
F80C,aileron_step,sig,win5,clo_+0.1,0.15384615384615385,0.4,0.5213675213675214,
F80C,aileron_step,sig,win10,clo_+0.1,0.23076923076923078,0.75,0.5897435897435898,
F80C,aileron_step,sig,whole,noop,,,,0.0
F80C,aileron_step,sig,win5,noop,,,,0.13636363636363635
F80C,aileron_step,sig,win10,noop,,,,0.09090909090909091
F80C,rudder_doublet,det,whole,inertia_x1.6,0.045454545454545456,1.0,,
F80C,rudder_doublet,det,win5,inertia_x1.6,0.18181818181818182,1.0,,
F80C,rudder_doublet,det,win10,inertia_x1.6,0.09090909090909091,1.0,,
F80C,rudder_doublet,det,whole,cmq_x0.5,0.07692307692307693,1.0,0.3846153846153847,
F80C,rudder_doublet,det,win5,cmq_x0.5,0.07692307692307693,1.0,0.28205128205128216,
F80C,rudder_doublet,det,win10,cmq_x0.5,0.07692307692307693,1.0,0.3504273504273505,
F80C,rudder_doublet,det,whole,cmalpha_x0.7,0.6923076923076923,1.0,0.811965811965812,
F80C,rudder_doublet,det,win5,cmalpha_x0.7,0.6153846153846154,0.8,0.7264957264957265,
F80C,rudder_doublet,det,win10,cmalpha_x0.7,0.6153846153846154,0.8888888888888888,0.7350427350427351,
F80C,rudder_doublet,det,whole,clo_+0.1,0.7692307692307693,1.0,0.9401709401709402,
F80C,rudder_doublet,det,win5,clo_+0.1,0.7692307692307693,0.7692307692307693,0.8974358974358976,
F80C,rudder_doublet,det,win10,clo_+0.1,0.7692307692307693,1.0,0.9145299145299145,
F80C,rudder_doublet,det,whole,noop,,,,0.045454545454545456
F80C,rudder_doublet,det,win5,noop,,,,0.045454545454545456
F80C,rudder_doublet,det,win10,noop,,,,0.045454545454545456
F80C,rudder_doublet,sig,whole,inertia_x1.6,0.045454545454545456,1.0,,
F80C,rudder_doublet,sig,win5,inertia_x1.6,0.09090909090909091,1.0,,
F80C,rudder_doublet,sig,win10,inertia_x1.6,0.09090909090909091,1.0,,
F80C,rudder_doublet,sig,whole,cmq_x0.5,0.0,0.0,0.4188034188034188,
F80C,rudder_doublet,sig,win5,cmq_x0.5,0.0,,0.358974358974359,
F80C,rudder_doublet,sig,win10,cmq_x0.5,0.0,0.0,0.27350427350427353,
F80C,rudder_doublet,sig,whole,cmalpha_x0.7,0.5384615384615384,0.7,0.6923076923076923,
F80C,rudder_doublet,sig,win5,cmalpha_x0.7,0.38461538461538464,0.7142857142857143,0.7521367521367521,
F80C,rudder_doublet,sig,win10,cmalpha_x0.7,0.5384615384615384,0.7,0.7008547008547008,
F80C,rudder_doublet,sig,whole,clo_+0.1,0.3076923076923077,0.6666666666666666,0.52991452991453,
F80C,rudder_doublet,sig,win5,clo_+0.1,0.38461538461538464,0.7142857142857143,0.6495726495726497,
F80C,rudder_doublet,sig,win10,clo_+0.1,0.3076923076923077,0.6666666666666666,0.5555555555555556,
F80C,rudder_doublet,sig,whole,noop,,,,0.045454545454545456
F80C,rudder_doublet,sig,win5,noop,,,,0.0
F80C,rudder_doublet,sig,win10,noop,,,,0.09090909090909091
F80C,bank_hold,det,whole,inertia_x1.6,0.0,,,
F80C,bank_hold,det,win5,inertia_x1.6,0.0,,,
F80C,bank_hold,det,win10,inertia_x1.6,0.0,,,
F80C,bank_hold,det,whole,cmq_x0.5,0.0,,0.3247863247863248,
F80C,bank_hold,det,win5,cmq_x0.5,0.0,,0.33333333333333337,
F80C,bank_hold,det,win10,cmq_x0.5,0.0,,0.27350427350427353,
F80C,bank_hold,det,whole,cmalpha_x0.7,0.07692307692307693,1.0,0.6837606837606838,
F80C,bank_hold,det,win5,cmalpha_x0.7,0.07692307692307693,1.0,0.6068376068376069,
F80C,bank_hold,det,win10,cmalpha_x0.7,0.07692307692307693,1.0,0.5726495726495726,
F80C,bank_hold,det,whole,clo_+0.1,0.38461538461538464,0.7142857142857143,0.6324786324786325,
F80C,bank_hold,det,win5,clo_+0.1,0.3076923076923077,0.5714285714285714,0.5897435897435898,
F80C,bank_hold,det,win10,clo_+0.1,0.38461538461538464,0.7142857142857143,0.5897435897435898,
F80C,bank_hold,det,whole,noop,,,,0.0
F80C,bank_hold,det,win5,noop,,,,0.0
F80C,bank_hold,det,win10,noop,,,,0.0
F80C,bank_hold,sig,whole,inertia_x1.6,0.0,,,
F80C,bank_hold,sig,win5,inertia_x1.6,0.0,,,
F80C,bank_hold,sig,win10,inertia_x1.6,0.045454545454545456,1.0,,
F80C,bank_hold,sig,whole,cmq_x0.5,0.0,,0.46153846153846156,
F80C,bank_hold,sig,win5,cmq_x0.5,0.0,,0.2222222222222222,
F80C,bank_hold,sig,win10,cmq_x0.5,0.0,,0.3504273504273504,
F80C,bank_hold,sig,whole,cmalpha_x0.7,0.07692307692307693,0.5,0.5982905982905984,
F80C,bank_hold,sig,win5,cmalpha_x0.7,0.23076923076923078,0.75,0.5384615384615385,
F80C,bank_hold,sig,win10,cmalpha_x0.7,0.3076923076923077,0.8,0.6410256410256411,
F80C,bank_hold,sig,whole,clo_+0.1,0.15384615384615385,0.5,0.7008547008547008,
F80C,bank_hold,sig,win5,clo_+0.1,0.38461538461538464,0.8333333333333334,0.5897435897435899,
F80C,bank_hold,sig,win10,clo_+0.1,0.38461538461538464,1.0,0.6752136752136753,
F80C,bank_hold,sig,whole,noop,,,,0.0
F80C,bank_hold,sig,win5,noop,,,,0.0
F80C,bank_hold,sig,win10,noop,,,,0.0
F80C,flap_extend,det,whole,inertia_x1.6,0.0,,,
F80C,flap_extend,det,win5,inertia_x1.6,0.0,,,
F80C,flap_extend,det,win10,inertia_x1.6,0.0,,,
F80C,flap_extend,det,whole,cmq_x0.5,0.38461538461538464,1.0,0.6324786324786325,
F80C,flap_extend,det,win5,cmq_x0.5,0.5384615384615384,1.0,0.6324786324786325,
F80C,flap_extend,det,win10,cmq_x0.5,0.5384615384615384,1.0,0.6068376068376069,
F80C,flap_extend,det,whole,clo_+0.1,0.7692307692307693,1.0,0.7777777777777778,
F80C,flap_extend,det,win5,clo_+0.1,0.7692307692307693,1.0,0.7948717948717949,
F80C,flap_extend,det,win10,clo_+0.1,0.7692307692307693,1.0,0.7863247863247864,
F80C,flap_extend,det,whole,noop,,,,0.0
F80C,flap_extend,det,win5,noop,,,,0.0
F80C,flap_extend,det,win10,noop,,,,0.0
F80C,flap_extend,sig,whole,inertia_x1.6,0.045454545454545456,1.0,,
F80C,flap_extend,sig,win5,inertia_x1.6,0.0,,,
F80C,flap_extend,sig,win10,inertia_x1.6,0.045454545454545456,1.0,,
F80C,flap_extend,sig,whole,cmq_x0.5,0.0,,0.21367521367521375,
F80C,flap_extend,sig,win5,cmq_x0.5,0.0,,0.35042735042735046,
F80C,flap_extend,sig,win10,cmq_x0.5,0.0,0.0,0.3760683760683761,
F80C,flap_extend,sig,whole,clo_+0.1,0.6153846153846154,0.7272727272727273,0.6837606837606838,
F80C,flap_extend,sig,win5,clo_+0.1,0.6153846153846154,0.8888888888888888,0.8974358974358975,
F80C,flap_extend,sig,win10,clo_+0.1,0.38461538461538464,0.7142857142857143,0.8461538461538461,
F80C,flap_extend,sig,whole,noop,,,,0.0
F80C,flap_extend,sig,win5,noop,,,,0.0
F80C,flap_extend,sig,win10,noop,,,,0.0
F80C,climbing_turn,det,whole,inertia_x1.6,0.0,,,
F80C,climbing_turn,det,win5,inertia_x1.6,0.0,,,
F80C,climbing_turn,det,win10,inertia_x1.6,0.0,,,
F80C,climbing_turn,det,whole,cmq_x0.5,0.0,,0.3076923076923077,
F80C,climbing_turn,det,win5,cmq_x0.5,0.0,,0.34188034188034194,
F80C,climbing_turn,det,win10,cmq_x0.5,0.0,,0.32478632478632474,
F80C,climbing_turn,det,whole,cmalpha_x0.7,0.6923076923076923,1.0,0.7435897435897435,
F80C,climbing_turn,det,win5,cmalpha_x0.7,0.6923076923076923,1.0,0.7521367521367521,
F80C,climbing_turn,det,win10,cmalpha_x0.7,0.6923076923076923,1.0,0.7435897435897436,
F80C,climbing_turn,det,whole,clo_+0.1,0.5384615384615384,0.7777777777777778,0.8632478632478633,
F80C,climbing_turn,det,win5,clo_+0.1,0.5384615384615384,0.7,0.7948717948717949,
F80C,climbing_turn,det,win10,clo_+0.1,0.6153846153846154,0.7272727272727273,0.7692307692307694,
F80C,climbing_turn,det,whole,noop,,,,0.0
F80C,climbing_turn,det,win5,noop,,,,0.0
F80C,climbing_turn,det,win10,noop,,,,0.0
F80C,climbing_turn,sig,whole,inertia_x1.6,0.0,,,
F80C,climbing_turn,sig,win5,inertia_x1.6,0.0,,,
F80C,climbing_turn,sig,win10,inertia_x1.6,0.045454545454545456,1.0,,
F80C,climbing_turn,sig,whole,cmq_x0.5,0.0,,0.4444444444444444,
F80C,climbing_turn,sig,win5,cmq_x0.5,0.0,,0.5811965811965812,
F80C,climbing_turn,sig,win10,cmq_x0.5,0.0,0.0,0.4871794871794872,
F80C,climbing_turn,sig,whole,cmalpha_x0.7,0.5384615384615384,0.7777777777777778,0.7435897435897436,
F80C,climbing_turn,sig,win5,cmalpha_x0.7,0.5384615384615384,0.875,0.8205128205128205,
F80C,climbing_turn,sig,win10,cmalpha_x0.7,0.5384615384615384,0.875,0.6581196581196582,
F80C,climbing_turn,sig,whole,clo_+0.1,0.46153846153846156,0.6666666666666666,0.6239316239316239,
F80C,climbing_turn,sig,win5,clo_+0.1,0.46153846153846156,0.75,0.6239316239316239,
F80C,climbing_turn,sig,win10,clo_+0.1,0.5384615384615384,0.7777777777777778,0.5726495726495726,
F80C,climbing_turn,sig,whole,noop,,,,0.045454545454545456
F80C,climbing_turn,sig,win5,noop,,,,0.0
F80C,climbing_turn,sig,win10,noop,,,,0.09090909090909091
F80C,elev_doublet_distractor,det,whole,inertia_x1.6,0.13636363636363635,1.0,,
F80C,elev_doublet_distractor,det,win5,inertia_x1.6,0.045454545454545456,1.0,,
F80C,elev_doublet_distractor,det,win10,inertia_x1.6,0.13636363636363635,1.0,,
F80C,elev_doublet_distractor,det,whole,cmq_x0.5,0.07692307692307693,1.0,0.4102564102564103,
F80C,elev_doublet_distractor,det,win5,cmq_x0.5,0.07692307692307693,1.0,0.3760683760683761,
F80C,elev_doublet_distractor,det,win10,cmq_x0.5,0.07692307692307693,1.0,0.4273504273504274,
F80C,elev_doublet_distractor,det,whole,cmalpha_x0.7,0.23076923076923078,0.6,0.6239316239316239,
F80C,elev_doublet_distractor,det,win5,cmalpha_x0.7,0.0,0.0,0.7264957264957266,
F80C,elev_doublet_distractor,det,win10,cmalpha_x0.7,0.07692307692307693,0.5,0.6324786324786325,
F80C,elev_doublet_distractor,det,whole,clo_+0.1,0.38461538461538464,0.8333333333333334,0.5982905982905983,
F80C,elev_doublet_distractor,det,win5,clo_+0.1,0.38461538461538464,1.0,0.7350427350427351,
F80C,elev_doublet_distractor,det,win10,clo_+0.1,0.38461538461538464,0.8333333333333334,0.658119658119658,
F80C,elev_doublet_distractor,det,whole,noop,,,,0.045454545454545456
F80C,elev_doublet_distractor,det,win5,noop,,,,0.045454545454545456
F80C,elev_doublet_distractor,det,win10,noop,,,,0.045454545454545456
F80C,elev_doublet_distractor,sig,whole,inertia_x1.6,0.09090909090909091,1.0,,
F80C,elev_doublet_distractor,sig,win5,inertia_x1.6,0.09090909090909091,1.0,,
F80C,elev_doublet_distractor,sig,win10,inertia_x1.6,0.09090909090909091,1.0,,
F80C,elev_doublet_distractor,sig,whole,cmq_x0.5,0.0,,0.6581196581196582,
F80C,elev_doublet_distractor,sig,win5,cmq_x0.5,0.15384615384615385,1.0,0.5299145299145299,
F80C,elev_doublet_distractor,sig,win10,cmq_x0.5,0.07692307692307693,1.0,0.6068376068376069,
F80C,elev_doublet_distractor,sig,whole,cmalpha_x0.7,0.15384615384615385,0.4,0.5726495726495726,
F80C,elev_doublet_distractor,sig,win5,cmalpha_x0.7,0.15384615384615385,1.0,0.5042735042735043,
F80C,elev_doublet_distractor,sig,win10,cmalpha_x0.7,0.15384615384615385,0.5,0.5470085470085471,
F80C,elev_doublet_distractor,sig,whole,clo_+0.1,0.3076923076923077,1.0,0.6923076923076923,
F80C,elev_doublet_distractor,sig,win5,clo_+0.1,0.23076923076923078,0.6,0.5982905982905983,
F80C,elev_doublet_distractor,sig,win10,clo_+0.1,0.38461538461538464,0.8333333333333334,0.6752136752136753,
F80C,elev_doublet_distractor,sig,whole,noop,,,,0.0
F80C,elev_doublet_distractor,sig,win5,noop,,,,0.09090909090909091
F80C,elev_doublet_distractor,sig,win10,noop,,,,0.045454545454545456
J3Cub,cruise,det,whole,cmq_x0.5,0.0,,0.25641025641025644,
J3Cub,cruise,det,win5,cmq_x0.5,0.0,,0.1623931623931624,
J3Cub,cruise,det,win10,cmq_x0.5,0.0,,0.23076923076923078,
J3Cub,cruise,det,whole,cmalpha_x0.7,0.0,,0.2820512820512821,
J3Cub,cruise,det,win5,cmalpha_x0.7,0.07692307692307693,1.0,0.32478632478632485,
J3Cub,cruise,det,win10,cmalpha_x0.7,0.0,,0.2820512820512821,
J3Cub,cruise,det,whole,clo_+0.1,0.07692307692307693,1.0,0.4871794871794872,
J3Cub,cruise,det,win5,clo_+0.1,0.07692307692307693,1.0,0.4017094017094017,
J3Cub,cruise,det,win10,clo_+0.1,0.07692307692307693,1.0,0.3931623931623932,
J3Cub,cruise,det,whole,noop,,,,0.0
J3Cub,cruise,det,win5,noop,,,,0.0
J3Cub,cruise,det,win10,noop,,,,0.0
J3Cub,cruise,sig,whole,cmq_x0.5,0.0,,0.5982905982905983,
J3Cub,cruise,sig,win5,cmq_x0.5,0.0,,0.34188034188034194,
J3Cub,cruise,sig,win10,cmq_x0.5,0.0,,0.4188034188034188,
J3Cub,cruise,sig,whole,cmalpha_x0.7,0.0,0.0,0.641025641025641,
J3Cub,cruise,sig,win5,cmalpha_x0.7,0.15384615384615385,1.0,0.5384615384615385,
J3Cub,cruise,sig,win10,cmalpha_x0.7,0.0,,0.5213675213675213,
J3Cub,cruise,sig,whole,clo_+0.1,0.3076923076923077,1.0,0.4273504273504274,
J3Cub,cruise,sig,win5,clo_+0.1,0.0,,0.24786324786324787,
J3Cub,cruise,sig,win10,clo_+0.1,0.07692307692307693,1.0,0.27350427350427353,
J3Cub,cruise,sig,whole,noop,,,,0.045454545454545456
J3Cub,cruise,sig,win5,noop,,,,0.0
J3Cub,cruise,sig,win10,noop,,,,0.045454545454545456
J3Cub,throttle_step,det,whole,cmq_x0.5,0.0,0.0,0.12820512820512825,
J3Cub,throttle_step,det,win5,cmq_x0.5,0.0,0.0,0.12820512820512825,
J3Cub,throttle_step,det,win10,cmq_x0.5,0.0,0.0,0.15384615384615388,
J3Cub,throttle_step,det,whole,cmalpha_x0.7,0.07692307692307693,1.0,0.6239316239316239,
J3Cub,throttle_step,det,win5,cmalpha_x0.7,0.0,,0.5982905982905983,
J3Cub,throttle_step,det,win10,cmalpha_x0.7,0.0,,0.5982905982905983,
J3Cub,throttle_step,det,whole,clo_+0.1,0.3076923076923077,0.8,0.4188034188034188,
J3Cub,throttle_step,det,win5,clo_+0.1,0.3076923076923077,0.8,0.6581196581196582,
J3Cub,throttle_step,det,win10,clo_+0.1,0.38461538461538464,1.0,0.47008547008547014,
J3Cub,throttle_step,det,whole,noop,,,,0.045454545454545456
J3Cub,throttle_step,det,win5,noop,,,,0.09090909090909091
J3Cub,throttle_step,det,win10,noop,,,,0.045454545454545456
J3Cub,throttle_step,sig,whole,cmq_x0.5,0.15384615384615385,1.0,0.33333333333333337,
J3Cub,throttle_step,sig,win5,cmq_x0.5,0.0,,0.2905982905982906,
J3Cub,throttle_step,sig,win10,cmq_x0.5,0.0,,0.2991452991452992,
J3Cub,throttle_step,sig,whole,cmalpha_x0.7,0.07692307692307693,1.0,0.46153846153846156,
J3Cub,throttle_step,sig,win5,cmalpha_x0.7,0.0,,0.41025641025641024,
J3Cub,throttle_step,sig,win10,cmalpha_x0.7,0.0,,0.5042735042735043,
J3Cub,throttle_step,sig,whole,clo_+0.1,0.23076923076923078,1.0,0.5726495726495727,
J3Cub,throttle_step,sig,win5,clo_+0.1,0.38461538461538464,1.0,0.7350427350427351,
J3Cub,throttle_step,sig,win10,clo_+0.1,0.3076923076923077,1.0,0.5982905982905983,
J3Cub,throttle_step,sig,whole,noop,,,,0.0
J3Cub,throttle_step,sig,win5,noop,,,,0.045454545454545456
J3Cub,throttle_step,sig,win10,noop,,,,0.0
J3Cub,elev_doublet,det,whole,cmq_x0.5,0.0,,0.6068376068376069,
J3Cub,elev_doublet,det,win5,cmq_x0.5,0.0,,0.5897435897435898,
J3Cub,elev_doublet,det,win10,cmq_x0.5,0.0,,0.6410256410256411,
J3Cub,elev_doublet,det,whole,cmalpha_x0.7,0.0,,0.6837606837606838,
J3Cub,elev_doublet,det,win5,cmalpha_x0.7,0.0,,0.7777777777777778,
J3Cub,elev_doublet,det,win10,cmalpha_x0.7,0.0,,0.7008547008547008,
J3Cub,elev_doublet,det,whole,clo_+0.1,0.07692307692307693,0.3333333333333333,0.5982905982905983,
J3Cub,elev_doublet,det,win5,clo_+0.1,0.07692307692307693,0.5,0.5128205128205128,
J3Cub,elev_doublet,det,win10,clo_+0.1,0.07692307692307693,0.5,0.5213675213675214,
J3Cub,elev_doublet,det,whole,noop,,,,0.0
J3Cub,elev_doublet,det,win5,noop,,,,0.0
J3Cub,elev_doublet,det,win10,noop,,,,0.0
J3Cub,elev_doublet,sig,whole,cmq_x0.5,0.0,0.0,0.27350427350427353,
J3Cub,elev_doublet,sig,win5,cmq_x0.5,0.0,,0.4273504273504274,
J3Cub,elev_doublet,sig,win10,cmq_x0.5,0.0,,0.15384615384615385,
J3Cub,elev_doublet,sig,whole,cmalpha_x0.7,0.0,0.0,0.4017094017094017,
J3Cub,elev_doublet,sig,win5,cmalpha_x0.7,0.0,0.0,0.5384615384615385,
J3Cub,elev_doublet,sig,win10,cmalpha_x0.7,0.0,,0.4700854700854702,
J3Cub,elev_doublet,sig,whole,clo_+0.1,0.38461538461538464,0.8333333333333334,0.6752136752136753,
J3Cub,elev_doublet,sig,win5,clo_+0.1,0.38461538461538464,1.0,0.6324786324786325,
J3Cub,elev_doublet,sig,win10,clo_+0.1,0.46153846153846156,1.0,0.7692307692307693,
J3Cub,elev_doublet,sig,whole,noop,,,,0.045454545454545456
J3Cub,elev_doublet,sig,win5,noop,,,,0.0
J3Cub,elev_doublet,sig,win10,noop,,,,0.0
J3Cub,elev_step,det,whole,cmq_x0.5,0.0,,0.2564102564102565,
J3Cub,elev_step,det,win5,cmq_x0.5,0.0,,0.22222222222222227,
J3Cub,elev_step,det,win10,cmq_x0.5,0.0,,0.22222222222222227,
J3Cub,elev_step,det,whole,cmalpha_x0.7,0.0,0.0,0.08547008547008547,
J3Cub,elev_step,det,win5,cmalpha_x0.7,0.0,0.0,0.11965811965811966,
J3Cub,elev_step,det,win10,cmalpha_x0.7,0.0,0.0,0.13675213675213677,
J3Cub,elev_step,det,whole,clo_+0.1,0.07692307692307693,1.0,0.6068376068376069,
J3Cub,elev_step,det,win5,clo_+0.1,0.0,,0.5726495726495726,
J3Cub,elev_step,det,win10,clo_+0.1,0.07692307692307693,1.0,0.5897435897435899,
J3Cub,elev_step,det,whole,noop,,,,0.0
J3Cub,elev_step,det,win5,noop,,,,0.0
J3Cub,elev_step,det,win10,noop,,,,0.0
J3Cub,elev_step,sig,whole,cmq_x0.5,0.07692307692307693,1.0,0.6581196581196581,
J3Cub,elev_step,sig,win5,cmq_x0.5,0.0,0.0,0.5384615384615385,
J3Cub,elev_step,sig,win10,cmq_x0.5,0.0,0.0,0.42735042735042733,
J3Cub,elev_step,sig,whole,cmalpha_x0.7,0.15384615384615385,0.6666666666666666,0.28205128205128205,
J3Cub,elev_step,sig,win5,cmalpha_x0.7,0.15384615384615385,0.6666666666666666,0.4273504273504274,
J3Cub,elev_step,sig,win10,cmalpha_x0.7,0.15384615384615385,0.5,0.3162393162393163,
J3Cub,elev_step,sig,whole,clo_+0.1,0.23076923076923078,0.5,0.4017094017094017,
J3Cub,elev_step,sig,win5,clo_+0.1,0.23076923076923078,0.5,0.5042735042735044,
J3Cub,elev_step,sig,win10,clo_+0.1,0.23076923076923078,0.6,0.44444444444444453,
J3Cub,elev_step,sig,whole,noop,,,,0.09090909090909091
J3Cub,elev_step,sig,win5,noop,,,,0.22727272727272727
J3Cub,elev_step,sig,win10,noop,,,,0.09090909090909091
J3Cub,aileron_step,det,whole,cmq_x0.5,0.0,,0.5897435897435899,
J3Cub,aileron_step,det,win5,cmq_x0.5,0.0,0.0,0.5726495726495726,
J3Cub,aileron_step,det,win10,cmq_x0.5,0.0,,0.5042735042735043,
J3Cub,aileron_step,det,whole,cmalpha_x0.7,0.0,,0.25641025641025644,
J3Cub,aileron_step,det,win5,cmalpha_x0.7,0.0,,0.264957264957265,
J3Cub,aileron_step,det,win10,cmalpha_x0.7,0.07692307692307693,1.0,0.23931623931623933,
J3Cub,aileron_step,det,whole,clo_+0.1,0.23076923076923078,0.75,0.5726495726495726,
J3Cub,aileron_step,det,win5,clo_+0.1,0.15384615384615385,1.0,0.5042735042735043,
J3Cub,aileron_step,det,win10,clo_+0.1,0.15384615384615385,1.0,0.5128205128205128,
J3Cub,aileron_step,det,whole,noop,,,,0.0
J3Cub,aileron_step,det,win5,noop,,,,0.045454545454545456
J3Cub,aileron_step,det,win10,noop,,,,0.045454545454545456
J3Cub,aileron_step,sig,whole,cmq_x0.5,0.07692307692307693,1.0,0.7435897435897436,
J3Cub,aileron_step,sig,win5,cmq_x0.5,0.07692307692307693,0.5,0.5982905982905984,
J3Cub,aileron_step,sig,win10,cmq_x0.5,0.0,,0.6923076923076923,
J3Cub,aileron_step,sig,whole,cmalpha_x0.7,0.0,,0.24786324786324787,
J3Cub,aileron_step,sig,win5,cmalpha_x0.7,0.07692307692307693,1.0,0.47863247863247865,
J3Cub,aileron_step,sig,win10,cmalpha_x0.7,0.0,,0.4017094017094017,
J3Cub,aileron_step,sig,whole,clo_+0.1,0.15384615384615385,0.2857142857142857,0.5470085470085471,
J3Cub,aileron_step,sig,win5,clo_+0.1,0.46153846153846156,0.5,0.4358974358974359,
J3Cub,aileron_step,sig,win10,clo_+0.1,0.0,0.0,0.18803418803418803,
J3Cub,aileron_step,sig,whole,noop,,,,0.045454545454545456
J3Cub,aileron_step,sig,win5,noop,,,,0.045454545454545456
J3Cub,aileron_step,sig,win10,noop,,,,0.0
J3Cub,rudder_doublet,det,whole,cmq_x0.5,0.0,,0.1880341880341881,
J3Cub,rudder_doublet,det,win5,cmq_x0.5,0.0,0.0,0.07692307692307694,
J3Cub,rudder_doublet,det,win10,cmq_x0.5,0.0,,0.11965811965811968,
J3Cub,rudder_doublet,det,whole,cmalpha_x0.7,0.0,0.0,0.0854700854700855,
J3Cub,rudder_doublet,det,win5,cmalpha_x0.7,0.0,0.0,0.05128205128205129,
J3Cub,rudder_doublet,det,win10,cmalpha_x0.7,0.0,0.0,0.05982905982905984,
J3Cub,rudder_doublet,det,whole,clo_+0.1,0.23076923076923078,1.0,0.3931623931623932,
J3Cub,rudder_doublet,det,win5,clo_+0.1,0.07692307692307693,1.0,0.3931623931623932,
J3Cub,rudder_doublet,det,win10,clo_+0.1,0.15384615384615385,1.0,0.36752136752136755,
J3Cub,rudder_doublet,det,whole,noop,,,,0.0
J3Cub,rudder_doublet,det,win5,noop,,,,0.045454545454545456
J3Cub,rudder_doublet,det,win10,noop,,,,0.0
J3Cub,rudder_doublet,sig,whole,cmq_x0.5,0.0,,0.4700854700854702,
J3Cub,rudder_doublet,sig,win5,cmq_x0.5,0.0,0.0,0.46153846153846156,
J3Cub,rudder_doublet,sig,win10,cmq_x0.5,0.0,,0.4871794871794872,
J3Cub,rudder_doublet,sig,whole,cmalpha_x0.7,0.23076923076923078,0.75,0.5042735042735044,
J3Cub,rudder_doublet,sig,win5,cmalpha_x0.7,0.07692307692307693,0.25,0.5811965811965812,
J3Cub,rudder_doublet,sig,win10,cmalpha_x0.7,0.0,0.0,0.5213675213675214,
J3Cub,rudder_doublet,sig,whole,clo_+0.1,0.23076923076923078,1.0,0.35897435897435903,
J3Cub,rudder_doublet,sig,win5,clo_+0.1,0.23076923076923078,0.75,0.5555555555555556,
J3Cub,rudder_doublet,sig,win10,clo_+0.1,0.38461538461538464,0.8333333333333334,0.5299145299145299,
J3Cub,rudder_doublet,sig,whole,noop,,,,0.045454545454545456
J3Cub,rudder_doublet,sig,win5,noop,,,,0.045454545454545456
J3Cub,rudder_doublet,sig,win10,noop,,,,0.0
J3Cub,bank_hold,det,whole,cmq_x0.5,0.0,,0.6410256410256411,
J3Cub,bank_hold,det,win5,cmq_x0.5,0.0,,0.7435897435897436,
J3Cub,bank_hold,det,win10,cmq_x0.5,0.0,,0.7521367521367521,
J3Cub,bank_hold,det,whole,cmalpha_x0.7,0.0,,0.5128205128205128,
J3Cub,bank_hold,det,win5,cmalpha_x0.7,0.0,,0.5128205128205128,
J3Cub,bank_hold,det,win10,cmalpha_x0.7,0.0,,0.5555555555555556,
J3Cub,bank_hold,det,whole,clo_+0.1,0.07692307692307693,1.0,0.4444444444444445,
J3Cub,bank_hold,det,win5,clo_+0.1,0.07692307692307693,1.0,0.45299145299145305,
J3Cub,bank_hold,det,win10,clo_+0.1,0.15384615384615385,1.0,0.4017094017094017,
J3Cub,bank_hold,det,whole,noop,,,,0.0
J3Cub,bank_hold,det,win5,noop,,,,0.0
J3Cub,bank_hold,det,win10,noop,,,,0.0
J3Cub,bank_hold,sig,whole,cmq_x0.5,0.0,0.0,0.6581196581196582,
J3Cub,bank_hold,sig,win5,cmq_x0.5,0.0,,0.4444444444444444,
J3Cub,bank_hold,sig,win10,cmq_x0.5,0.0,,0.49572649572649574,
J3Cub,bank_hold,sig,whole,cmalpha_x0.7,0.0,,0.45299145299145305,
J3Cub,bank_hold,sig,win5,cmalpha_x0.7,0.0,,0.37606837606837606,
J3Cub,bank_hold,sig,win10,cmalpha_x0.7,0.07692307692307693,1.0,0.5384615384615385,
J3Cub,bank_hold,sig,whole,clo_+0.1,0.5384615384615384,0.7777777777777778,0.6068376068376068,
J3Cub,bank_hold,sig,win5,clo_+0.1,0.5384615384615384,0.5384615384615384,0.48717948717948717,
J3Cub,bank_hold,sig,win10,clo_+0.1,0.5384615384615384,0.6363636363636364,0.5897435897435898,
J3Cub,bank_hold,sig,whole,noop,,,,0.0
J3Cub,bank_hold,sig,win5,noop,,,,0.0
J3Cub,bank_hold,sig,win10,noop,,,,0.0
J3Cub,flap_extend,det,whole,cmq_x0.5,0.0,,0.36752136752136755,
J3Cub,flap_extend,det,win5,cmq_x0.5,0.0,,0.35042735042735046,
J3Cub,flap_extend,det,win10,cmq_x0.5,0.0,,0.358974358974359,
J3Cub,flap_extend,det,whole,cmalpha_x0.7,0.0,,0.5641025641025641,
J3Cub,flap_extend,det,win5,cmalpha_x0.7,0.0,0.0,0.5555555555555556,
J3Cub,flap_extend,det,win10,cmalpha_x0.7,0.0,,0.6068376068376069,
J3Cub,flap_extend,det,whole,clo_+0.1,0.07692307692307693,0.3333333333333333,0.3247863247863248,
J3Cub,flap_extend,det,win5,clo_+0.1,0.07692307692307693,1.0,0.32478632478632474,
J3Cub,flap_extend,det,win10,clo_+0.1,0.07692307692307693,1.0,0.3076923076923077,
J3Cub,flap_extend,det,whole,noop,,,,0.0
J3Cub,flap_extend,det,win5,noop,,,,0.0
J3Cub,flap_extend,det,win10,noop,,,,0.0
J3Cub,flap_extend,sig,whole,cmq_x0.5,0.07692307692307693,0.5,0.47863247863247865,
J3Cub,flap_extend,sig,win5,cmq_x0.5,0.15384615384615385,0.5,0.2307692307692308,
J3Cub,flap_extend,sig,win10,cmq_x0.5,0.0,0.0,0.3076923076923077,
J3Cub,flap_extend,sig,whole,cmalpha_x0.7,0.15384615384615385,0.6666666666666666,0.41025641025641024,
J3Cub,flap_extend,sig,win5,cmalpha_x0.7,0.3076923076923077,0.8,0.4358974358974359,
J3Cub,flap_extend,sig,win10,cmalpha_x0.7,0.15384615384615385,1.0,0.6068376068376069,
J3Cub,flap_extend,sig,whole,clo_+0.1,0.15384615384615385,0.5,0.49572649572649574,
J3Cub,flap_extend,sig,win5,clo_+0.1,0.3076923076923077,0.8,0.4017094017094017,
J3Cub,flap_extend,sig,win10,clo_+0.1,0.23076923076923078,0.6,0.4700854700854701,
J3Cub,flap_extend,sig,whole,noop,,,,0.045454545454545456
J3Cub,flap_extend,sig,win5,noop,,,,0.13636363636363635
J3Cub,flap_extend,sig,win10,noop,,,,0.045454545454545456
J3Cub,climbing_turn,det,whole,cmq_x0.5,0.07692307692307693,0.5,0.4017094017094017,
J3Cub,climbing_turn,det,win5,cmq_x0.5,0.07692307692307693,0.5,0.3931623931623932,
J3Cub,climbing_turn,det,win10,cmq_x0.5,0.07692307692307693,0.5,0.4102564102564103,
J3Cub,climbing_turn,det,whole,cmalpha_x0.7,0.0,,0.4871794871794872,
J3Cub,climbing_turn,det,win5,cmalpha_x0.7,0.0,,0.3418803418803419,
J3Cub,climbing_turn,det,win10,cmalpha_x0.7,0.0,,0.25641025641025644,
J3Cub,climbing_turn,det,whole,clo_+0.1,0.07692307692307693,1.0,0.5982905982905984,
J3Cub,climbing_turn,det,win5,clo_+0.1,0.07692307692307693,1.0,0.5982905982905983,
J3Cub,climbing_turn,det,win10,clo_+0.1,0.07692307692307693,1.0,0.5384615384615385,
J3Cub,climbing_turn,det,whole,noop,,,,0.0
J3Cub,climbing_turn,det,win5,noop,,,,0.0
J3Cub,climbing_turn,det,win10,noop,,,,0.0
J3Cub,climbing_turn,sig,whole,cmq_x0.5,0.23076923076923078,1.0,0.7606837606837606,
J3Cub,climbing_turn,sig,win5,cmq_x0.5,0.0,0.0,0.6324786324786326,
J3Cub,climbing_turn,sig,win10,cmq_x0.5,0.07692307692307693,1.0,0.6666666666666667,
J3Cub,climbing_turn,sig,whole,cmalpha_x0.7,0.07692307692307693,1.0,0.7008547008547009,
J3Cub,climbing_turn,sig,win5,cmalpha_x0.7,0.0,0.0,0.6068376068376069,
J3Cub,climbing_turn,sig,win10,cmalpha_x0.7,0.07692307692307693,1.0,0.6752136752136751,
J3Cub,climbing_turn,sig,whole,clo_+0.1,0.46153846153846156,0.75,0.5384615384615385,
J3Cub,climbing_turn,sig,win5,clo_+0.1,0.3076923076923077,0.8,0.5042735042735043,
J3Cub,climbing_turn,sig,win10,clo_+0.1,0.15384615384615385,0.5,0.7094017094017094,
J3Cub,climbing_turn,sig,whole,noop,,,,0.0
J3Cub,climbing_turn,sig,win5,noop,,,,0.0
J3Cub,climbing_turn,sig,win10,noop,,,,0.09090909090909091
J3Cub,elev_doublet_distractor,det,whole,cmq_x0.5,0.0,,0.22222222222222227,
J3Cub,elev_doublet_distractor,det,win5,cmq_x0.5,0.0,,0.15384615384615388,
J3Cub,elev_doublet_distractor,det,win10,cmq_x0.5,0.0,,0.20512820512820518,
J3Cub,elev_doublet_distractor,det,whole,cmalpha_x0.7,0.07692307692307693,0.5,0.27350427350427353,
J3Cub,elev_doublet_distractor,det,win5,cmalpha_x0.7,0.07692307692307693,1.0,0.1965811965811966,
J3Cub,elev_doublet_distractor,det,win10,cmalpha_x0.7,0.07692307692307693,0.5,0.1880341880341881,
J3Cub,elev_doublet_distractor,det,whole,clo_+0.1,0.07692307692307693,0.3333333333333333,0.5555555555555556,
J3Cub,elev_doublet_distractor,det,win5,clo_+0.1,0.07692307692307693,0.3333333333333333,0.4871794871794872,
J3Cub,elev_doublet_distractor,det,win10,clo_+0.1,0.07692307692307693,0.3333333333333333,0.5641025641025641,
J3Cub,elev_doublet_distractor,det,whole,noop,,,,0.0
J3Cub,elev_doublet_distractor,det,win5,noop,,,,0.045454545454545456
J3Cub,elev_doublet_distractor,det,win10,noop,,,,0.0
J3Cub,elev_doublet_distractor,sig,whole,cmq_x0.5,0.0,0.0,0.5213675213675214,
J3Cub,elev_doublet_distractor,sig,win5,cmq_x0.5,0.0,0.0,0.38461538461538464,
J3Cub,elev_doublet_distractor,sig,win10,cmq_x0.5,0.0,,0.37606837606837606,
J3Cub,elev_doublet_distractor,sig,whole,cmalpha_x0.7,0.07692307692307693,1.0,0.6666666666666667,
J3Cub,elev_doublet_distractor,sig,win5,cmalpha_x0.7,0.0,0.0,0.26495726495726496,
J3Cub,elev_doublet_distractor,sig,win10,cmalpha_x0.7,0.07692307692307693,0.3333333333333333,0.4444444444444445,
J3Cub,elev_doublet_distractor,sig,whole,clo_+0.1,0.0,0.0,0.3846153846153847,
J3Cub,elev_doublet_distractor,sig,win5,clo_+0.1,0.23076923076923078,0.42857142857142855,0.2905982905982906,
J3Cub,elev_doublet_distractor,sig,win10,clo_+0.1,0.07692307692307693,0.5,0.2991452991452992,
J3Cub,elev_doublet_distractor,sig,whole,noop,,,,0.045454545454545456
J3Cub,elev_doublet_distractor,sig,win5,noop,,,,0.045454545454545456
J3Cub,elev_doublet_distractor,sig,win10,noop,,,,0.0
J3Cub,engine_stop,det,whole,cmq_x0.5,0.07692307692307693,1.0,0.1965811965811966,
J3Cub,engine_stop,det,win5,cmq_x0.5,0.0,,0.14529914529914528,
J3Cub,engine_stop,det,win10,cmq_x0.5,0.0,,0.14529914529914534,
J3Cub,engine_stop,det,whole,cmalpha_x0.7,0.0,,0.16239316239316243,
J3Cub,engine_stop,det,win5,cmalpha_x0.7,0.0,,0.19658119658119658,
J3Cub,engine_stop,det,win10,cmalpha_x0.7,0.0,,0.20512820512820512,
J3Cub,engine_stop,det,whole,clo_+0.1,0.15384615384615385,0.6666666666666666,0.5213675213675214,
J3Cub,engine_stop,det,win5,clo_+0.1,0.15384615384615385,1.0,0.48717948717948717,
J3Cub,engine_stop,det,win10,clo_+0.1,0.15384615384615385,1.0,0.5213675213675214,
J3Cub,engine_stop,det,whole,noop,,,,0.045454545454545456
J3Cub,engine_stop,det,win5,noop,,,,0.0
J3Cub,engine_stop,det,win10,noop,,,,0.0
J3Cub,engine_stop,sig,whole,cmq_x0.5,0.23076923076923078,0.375,0.5384615384615385,
J3Cub,engine_stop,sig,win5,cmq_x0.5,0.15384615384615385,0.5,0.41025641025641024,
J3Cub,engine_stop,sig,win10,cmq_x0.5,0.0,,0.3760683760683761,
J3Cub,engine_stop,sig,whole,cmalpha_x0.7,0.0,,0.41025641025641024,
J3Cub,engine_stop,sig,win5,cmalpha_x0.7,0.0,,0.41880341880341876,
J3Cub,engine_stop,sig,win10,cmalpha_x0.7,0.0,,0.47863247863247865,
J3Cub,engine_stop,sig,whole,clo_+0.1,0.15384615384615385,1.0,0.5042735042735044,
J3Cub,engine_stop,sig,win5,clo_+0.1,0.3076923076923077,0.8,0.4871794871794872,
J3Cub,engine_stop,sig,win10,clo_+0.1,0.07692307692307693,1.0,0.4786324786324786,
J3Cub,engine_stop,sig,whole,noop,,,,0.3181818181818182
J3Cub,engine_stop,sig,win5,noop,,,,0.13636363636363635
J3Cub,engine_stop,sig,win10,noop,,,,0.09090909090909091
MD11,cruise,det,whole,inertia_x1.6,0.0,,,
MD11,cruise,det,win5,inertia_x1.6,0.0,,,
MD11,cruise,det,win10,inertia_x1.6,0.0,,,
MD11,cruise,det,whole,cmq_x0.5,0.0,,0.29914529914529914,
MD11,cruise,det,win5,cmq_x0.5,0.0,,0.23076923076923084,
MD11,cruise,det,win10,cmq_x0.5,0.0,,0.27350427350427353,
MD11,cruise,det,whole,cmalpha_x0.7,0.23076923076923078,0.75,0.35897435897435903,
MD11,cruise,det,win5,cmalpha_x0.7,0.07692307692307693,1.0,0.30769230769230776,
MD11,cruise,det,win10,cmalpha_x0.7,0.07692307692307693,1.0,0.26495726495726496,
MD11,cruise,det,whole,clo_+0.1,0.46153846153846156,1.0,0.6837606837606838,
MD11,cruise,det,win5,clo_+0.1,0.46153846153846156,1.0,0.7008547008547008,
MD11,cruise,det,win10,clo_+0.1,0.46153846153846156,1.0,0.7008547008547008,
MD11,cruise,det,whole,noop,,,,0.0
MD11,cruise,det,win5,noop,,,,0.0
MD11,cruise,det,win10,noop,,,,0.0
MD11,cruise,sig,whole,inertia_x1.6,0.09090909090909091,1.0,,
MD11,cruise,sig,win5,inertia_x1.6,0.0,,,
MD11,cruise,sig,win10,inertia_x1.6,0.09090909090909091,1.0,,
MD11,cruise,sig,whole,cmq_x0.5,0.0,0.0,0.22222222222222224,
MD11,cruise,sig,win5,cmq_x0.5,0.07692307692307693,0.3333333333333333,0.4444444444444445,
MD11,cruise,sig,win10,cmq_x0.5,0.0,0.0,0.3418803418803419,
MD11,cruise,sig,whole,cmalpha_x0.7,0.46153846153846156,1.0,0.5982905982905983,
MD11,cruise,sig,win5,cmalpha_x0.7,0.23076923076923078,1.0,0.7094017094017094,
MD11,cruise,sig,win10,cmalpha_x0.7,0.23076923076923078,0.75,0.6581196581196582,
MD11,cruise,sig,whole,clo_+0.1,0.23076923076923078,0.6,0.6068376068376068,
MD11,cruise,sig,win5,clo_+0.1,0.46153846153846156,0.8571428571428571,0.7094017094017094,
MD11,cruise,sig,win10,clo_+0.1,0.38461538461538464,0.8333333333333334,0.6495726495726496,
MD11,cruise,sig,whole,noop,,,,0.18181818181818182
MD11,cruise,sig,win5,noop,,,,0.13636363636363635
MD11,cruise,sig,win10,noop,,,,0.09090909090909091
MD11,throttle_step,det,whole,inertia_x1.6,0.09090909090909091,1.0,,
MD11,throttle_step,det,win5,inertia_x1.6,0.09090909090909091,1.0,,
MD11,throttle_step,det,win10,inertia_x1.6,0.13636363636363635,1.0,,
MD11,throttle_step,det,whole,cmq_x0.5,0.0,0.0,0.4102564102564103,
MD11,throttle_step,det,win5,cmq_x0.5,0.0,0.0,0.42735042735042733,
MD11,throttle_step,det,win10,cmq_x0.5,0.0,0.0,0.4358974358974359,
MD11,throttle_step,det,whole,cmalpha_x0.7,0.0,0.0,0.3418803418803419,
MD11,throttle_step,det,win5,cmalpha_x0.7,0.0,,0.17094017094017094,
MD11,throttle_step,det,win10,cmalpha_x0.7,0.0,0.0,0.2564102564102564,
MD11,throttle_step,det,whole,clo_+0.1,0.38461538461538464,1.0,0.6837606837606838,
MD11,throttle_step,det,win5,clo_+0.1,0.23076923076923078,1.0,0.6752136752136753,
MD11,throttle_step,det,win10,clo_+0.1,0.23076923076923078,1.0,0.6410256410256411,
MD11,throttle_step,det,whole,noop,,,,0.09090909090909091
MD11,throttle_step,det,win5,noop,,,,0.09090909090909091
MD11,throttle_step,det,win10,noop,,,,0.09090909090909091
MD11,throttle_step,sig,whole,inertia_x1.6,0.0,,,
MD11,throttle_step,sig,win5,inertia_x1.6,0.0,,,
MD11,throttle_step,sig,win10,inertia_x1.6,0.0,,,
MD11,throttle_step,sig,whole,cmq_x0.5,0.0,0.0,0.452991452991453,
MD11,throttle_step,sig,win5,cmq_x0.5,0.0,,0.5726495726495726,
MD11,throttle_step,sig,win10,cmq_x0.5,0.0,,0.5641025641025641,
MD11,throttle_step,sig,whole,cmalpha_x0.7,0.0,,0.3717948717948718,
MD11,throttle_step,sig,win5,cmalpha_x0.7,0.0,,0.5128205128205129,
MD11,throttle_step,sig,win10,cmalpha_x0.7,0.0,,0.5128205128205128,
MD11,throttle_step,sig,whole,clo_+0.1,0.0,,0.37606837606837606,
MD11,throttle_step,sig,win5,clo_+0.1,0.07692307692307693,1.0,0.5213675213675213,
MD11,throttle_step,sig,win10,clo_+0.1,0.07692307692307693,1.0,0.5555555555555556,
MD11,throttle_step,sig,whole,noop,,,,0.045454545454545456
MD11,throttle_step,sig,win5,noop,,,,0.0
MD11,throttle_step,sig,win10,noop,,,,0.0
MD11,elev_doublet,det,whole,inertia_x1.6,0.0,,,
MD11,elev_doublet,det,win5,inertia_x1.6,0.045454545454545456,1.0,,
MD11,elev_doublet,det,win10,inertia_x1.6,0.045454545454545456,1.0,,
MD11,elev_doublet,det,whole,cmq_x0.5,0.0,,0.1965811965811966,
MD11,elev_doublet,det,win5,cmq_x0.5,0.0,,0.27350427350427353,
MD11,elev_doublet,det,win10,cmq_x0.5,0.0,,0.26495726495726496,
MD11,elev_doublet,det,whole,cmalpha_x0.7,0.3076923076923077,1.0,0.6581196581196581,
MD11,elev_doublet,det,win5,cmalpha_x0.7,0.3076923076923077,1.0,0.6495726495726496,
MD11,elev_doublet,det,win10,cmalpha_x0.7,0.3076923076923077,1.0,0.6324786324786325,
MD11,elev_doublet,det,whole,clo_+0.1,0.6153846153846154,1.0,0.8632478632478633,
MD11,elev_doublet,det,win5,clo_+0.1,0.5384615384615384,0.875,0.8803418803418803,
MD11,elev_doublet,det,win10,clo_+0.1,0.5384615384615384,1.0,0.8717948717948718,
MD11,elev_doublet,det,whole,noop,,,,0.0
MD11,elev_doublet,det,win5,noop,,,,0.0
MD11,elev_doublet,det,win10,noop,,,,0.0
MD11,elev_doublet,sig,whole,inertia_x1.6,0.09090909090909091,1.0,,
MD11,elev_doublet,sig,win5,inertia_x1.6,0.09090909090909091,1.0,,
MD11,elev_doublet,sig,win10,inertia_x1.6,0.045454545454545456,1.0,,
MD11,elev_doublet,sig,whole,cmq_x0.5,0.0,0.0,0.26495726495726496,
MD11,elev_doublet,sig,win5,cmq_x0.5,0.0,,0.4017094017094017,
MD11,elev_doublet,sig,win10,cmq_x0.5,0.0,,0.32478632478632485,
MD11,elev_doublet,sig,whole,cmalpha_x0.7,0.07692307692307693,1.0,0.5384615384615385,
MD11,elev_doublet,sig,win5,cmalpha_x0.7,0.23076923076923078,1.0,0.6324786324786325,
MD11,elev_doublet,sig,win10,cmalpha_x0.7,0.07692307692307693,1.0,0.47008547008547014,
MD11,elev_doublet,sig,whole,clo_+0.1,0.07692307692307693,1.0,0.5128205128205129,
MD11,elev_doublet,sig,win5,clo_+0.1,0.0,,0.5982905982905983,
MD11,elev_doublet,sig,win10,clo_+0.1,0.07692307692307693,1.0,0.4444444444444445,
MD11,elev_doublet,sig,whole,noop,,,,0.045454545454545456
MD11,elev_doublet,sig,win5,noop,,,,0.0
MD11,elev_doublet,sig,win10,noop,,,,0.0
MD11,elev_step,det,whole,inertia_x1.6,0.13636363636363635,1.0,,
MD11,elev_step,det,win5,inertia_x1.6,0.18181818181818182,1.0,,
MD11,elev_step,det,win10,inertia_x1.6,0.22727272727272727,1.0,,
MD11,elev_step,det,whole,cmq_x0.5,0.15384615384615385,1.0,0.47863247863247865,
MD11,elev_step,det,win5,cmq_x0.5,0.23076923076923078,1.0,0.5384615384615384,
MD11,elev_step,det,win10,cmq_x0.5,0.23076923076923078,1.0,0.4700854700854701,
MD11,elev_step,det,whole,cmalpha_x0.7,0.7692307692307693,1.0,0.8717948717948719,
MD11,elev_step,det,win5,cmalpha_x0.7,0.8461538461538461,1.0,0.888888888888889,
MD11,elev_step,det,win10,cmalpha_x0.7,0.7692307692307693,1.0,0.888888888888889,
MD11,elev_step,det,whole,clo_+0.1,0.46153846153846156,0.8571428571428571,0.7435897435897436,
MD11,elev_step,det,win5,clo_+0.1,0.5384615384615384,1.0,0.8119658119658121,
MD11,elev_step,det,win10,clo_+0.1,0.46153846153846156,0.8571428571428571,0.7264957264957266,
MD11,elev_step,det,whole,noop,,,,0.0
MD11,elev_step,det,win5,noop,,,,0.0
MD11,elev_step,det,win10,noop,,,,0.0
MD11,elev_step,sig,whole,inertia_x1.6,0.09090909090909091,1.0,,
MD11,elev_step,sig,win5,inertia_x1.6,0.18181818181818182,1.0,,
MD11,elev_step,sig,win10,inertia_x1.6,0.18181818181818182,1.0,,
MD11,elev_step,sig,whole,cmq_x0.5,0.23076923076923078,1.0,0.46153846153846156,
MD11,elev_step,sig,win5,cmq_x0.5,0.15384615384615385,1.0,0.3247863247863248,
MD11,elev_step,sig,win10,cmq_x0.5,0.15384615384615385,0.6666666666666666,0.35042735042735046,
MD11,elev_step,sig,whole,cmalpha_x0.7,0.23076923076923078,1.0,0.8205128205128205,
MD11,elev_step,sig,win5,cmalpha_x0.7,0.38461538461538464,1.0,0.7435897435897436,
MD11,elev_step,sig,win10,cmalpha_x0.7,0.3076923076923077,1.0,0.8205128205128206,
MD11,elev_step,sig,whole,clo_+0.1,0.07692307692307693,1.0,0.5384615384615385,
MD11,elev_step,sig,win5,clo_+0.1,0.3076923076923077,1.0,0.735042735042735,
MD11,elev_step,sig,win10,clo_+0.1,0.23076923076923078,0.75,0.6923076923076923,
MD11,elev_step,sig,whole,noop,,,,0.045454545454545456
MD11,elev_step,sig,win5,noop,,,,0.045454545454545456
MD11,elev_step,sig,win10,noop,,,,0.13636363636363635
MD11,aileron_step,det,whole,inertia_x1.6,0.0,,,
MD11,aileron_step,det,win5,inertia_x1.6,0.0,,,
MD11,aileron_step,det,win10,inertia_x1.6,0.0,,,
MD11,aileron_step,det,whole,cmq_x0.5,0.0,,0.4017094017094017,
MD11,aileron_step,det,win5,cmq_x0.5,0.0,,0.29914529914529914,
MD11,aileron_step,det,win10,cmq_x0.5,0.0,,0.33333333333333337,
MD11,aileron_step,det,whole,cmalpha_x0.7,0.0,,0.4358974358974359,
MD11,aileron_step,det,win5,cmalpha_x0.7,0.0,,0.3504273504273504,
MD11,aileron_step,det,win10,cmalpha_x0.7,0.0,,0.42735042735042733,
MD11,aileron_step,det,whole,clo_+0.1,0.46153846153846156,1.0,0.5726495726495726,
MD11,aileron_step,det,win5,clo_+0.1,0.38461538461538464,0.8333333333333334,0.5726495726495727,
MD11,aileron_step,det,win10,clo_+0.1,0.38461538461538464,1.0,0.5555555555555556,
MD11,aileron_step,det,whole,noop,,,,0.0
MD11,aileron_step,det,win5,noop,,,,0.0
MD11,aileron_step,det,win10,noop,,,,0.0
MD11,aileron_step,sig,whole,inertia_x1.6,0.045454545454545456,1.0,,
MD11,aileron_step,sig,win5,inertia_x1.6,0.09090909090909091,1.0,,
MD11,aileron_step,sig,win10,inertia_x1.6,0.045454545454545456,1.0,,
MD11,aileron_step,sig,whole,cmq_x0.5,0.07692307692307693,1.0,0.5384615384615385,
MD11,aileron_step,sig,win5,cmq_x0.5,0.15384615384615385,0.6666666666666666,0.6666666666666667,
MD11,aileron_step,sig,win10,cmq_x0.5,0.07692307692307693,1.0,0.7692307692307693,
MD11,aileron_step,sig,whole,cmalpha_x0.7,0.0,0.0,0.39316239316239315,
MD11,aileron_step,sig,win5,cmalpha_x0.7,0.15384615384615385,0.6666666666666666,0.5042735042735043,
MD11,aileron_step,sig,win10,cmalpha_x0.7,0.07692307692307693,0.3333333333333333,0.6068376068376068,
MD11,aileron_step,sig,whole,clo_+0.1,0.15384615384615385,0.4,0.2991452991452992,
MD11,aileron_step,sig,win5,clo_+0.1,0.23076923076923078,0.75,0.5555555555555556,
MD11,aileron_step,sig,win10,clo_+0.1,0.07692307692307693,0.5,0.3846153846153846,
MD11,aileron_step,sig,whole,noop,,,,0.045454545454545456
MD11,aileron_step,sig,win5,noop,,,,0.09090909090909091
MD11,aileron_step,sig,win10,noop,,,,0.045454545454545456
MD11,rudder_doublet,det,whole,inertia_x1.6,0.0,,,
MD11,rudder_doublet,det,win5,inertia_x1.6,0.0,,,
MD11,rudder_doublet,det,win10,inertia_x1.6,0.0,,,
MD11,rudder_doublet,det,whole,cmq_x0.5,0.0,,0.46153846153846156,
MD11,rudder_doublet,det,win5,cmq_x0.5,0.0,,0.5042735042735043,
MD11,rudder_doublet,det,win10,cmq_x0.5,0.0,,0.5128205128205129,
MD11,rudder_doublet,det,whole,cmalpha_x0.7,0.15384615384615385,1.0,0.25641025641025644,
MD11,rudder_doublet,det,win5,cmalpha_x0.7,0.15384615384615385,1.0,0.24786324786324793,
MD11,rudder_doublet,det,win10,cmalpha_x0.7,0.15384615384615385,1.0,0.25641025641025644,
MD11,rudder_doublet,det,whole,clo_+0.1,0.38461538461538464,1.0,0.7008547008547009,
MD11,rudder_doublet,det,win5,clo_+0.1,0.38461538461538464,1.0,0.7264957264957266,
MD11,rudder_doublet,det,win10,clo_+0.1,0.38461538461538464,1.0,0.6923076923076924,
MD11,rudder_doublet,det,whole,noop,,,,0.0
MD11,rudder_doublet,det,win5,noop,,,,0.0
MD11,rudder_doublet,det,win10,noop,,,,0.0
MD11,rudder_doublet,sig,whole,inertia_x1.6,0.0,,,
MD11,rudder_doublet,sig,win5,inertia_x1.6,0.045454545454545456,1.0,,
MD11,rudder_doublet,sig,win10,inertia_x1.6,0.0,,,
MD11,rudder_doublet,sig,whole,cmq_x0.5,0.0,,0.5384615384615384,
MD11,rudder_doublet,sig,win5,cmq_x0.5,0.0,,0.6068376068376068,
MD11,rudder_doublet,sig,win10,cmq_x0.5,0.0,0.0,0.6837606837606838,
MD11,rudder_doublet,sig,whole,cmalpha_x0.7,0.15384615384615385,1.0,0.35897435897435903,
MD11,rudder_doublet,sig,win5,cmalpha_x0.7,0.15384615384615385,0.5,0.4957264957264958,
MD11,rudder_doublet,sig,win10,cmalpha_x0.7,0.07692307692307693,0.5,0.5128205128205128,
MD11,rudder_doublet,sig,whole,clo_+0.1,0.3076923076923077,0.8,0.5384615384615385,
MD11,rudder_doublet,sig,win5,clo_+0.1,0.38461538461538464,1.0,0.6837606837606838,
MD11,rudder_doublet,sig,win10,clo_+0.1,0.38461538461538464,1.0,0.6923076923076923,
MD11,rudder_doublet,sig,whole,noop,,,,0.0
MD11,rudder_doublet,sig,win5,noop,,,,0.0
MD11,rudder_doublet,sig,win10,noop,,,,0.045454545454545456
MD11,bank_hold,det,whole,inertia_x1.6,0.0,,,
MD11,bank_hold,det,win5,inertia_x1.6,0.0,,,
MD11,bank_hold,det,win10,inertia_x1.6,0.0,,,
MD11,bank_hold,det,whole,cmq_x0.5,0.0,0.0,0.2222222222222222,
MD11,bank_hold,det,win5,cmq_x0.5,0.0,,0.1965811965811966,
MD11,bank_hold,det,win10,cmq_x0.5,0.0,,0.34188034188034194,
MD11,bank_hold,det,whole,cmalpha_x0.7,0.0,0.0,0.1111111111111111,
MD11,bank_hold,det,win5,cmalpha_x0.7,0.0,,0.4273504273504274,
MD11,bank_hold,det,win10,cmalpha_x0.7,0.07692307692307693,1.0,0.2991452991452992,
MD11,bank_hold,det,whole,clo_+0.1,0.38461538461538464,1.0,0.7264957264957266,
MD11,bank_hold,det,win5,clo_+0.1,0.38461538461538464,1.0,0.641025641025641,
MD11,bank_hold,det,win10,clo_+0.1,0.3076923076923077,1.0,0.641025641025641,
MD11,bank_hold,det,whole,noop,,,,0.045454545454545456
MD11,bank_hold,det,win5,noop,,,,0.0
MD11,bank_hold,det,win10,noop,,,,0.0
MD11,bank_hold,sig,whole,inertia_x1.6,0.0,,,
MD11,bank_hold,sig,win5,inertia_x1.6,0.0,,,
MD11,bank_hold,sig,win10,inertia_x1.6,0.0,,,
MD11,bank_hold,sig,whole,cmq_x0.5,0.07692307692307693,1.0,0.6752136752136753,
MD11,bank_hold,sig,win5,cmq_x0.5,0.0,,0.7606837606837608,
MD11,bank_hold,sig,win10,cmq_x0.5,0.07692307692307693,1.0,0.8632478632478633,
MD11,bank_hold,sig,whole,cmalpha_x0.7,0.07692307692307693,0.5,0.6666666666666667,
MD11,bank_hold,sig,win5,cmalpha_x0.7,0.0,0.0,0.7008547008547008,
MD11,bank_hold,sig,win10,cmalpha_x0.7,0.15384615384615385,0.5,0.8205128205128206,
MD11,bank_hold,sig,whole,clo_+0.1,0.0,,0.6324786324786325,
MD11,bank_hold,sig,win5,clo_+0.1,0.15384615384615385,0.5,0.7179487179487181,
MD11,bank_hold,sig,win10,clo_+0.1,0.23076923076923078,0.75,0.7435897435897436,
MD11,bank_hold,sig,whole,noop,,,,0.0
MD11,bank_hold,sig,win5,noop,,,,0.0
MD11,bank_hold,sig,win10,noop,,,,0.0
MD11,flap_extend,det,whole,inertia_x1.6,0.8181818181818182,1.0,,
MD11,flap_extend,det,win5,inertia_x1.6,0.9090909090909091,1.0,,
MD11,flap_extend,det,win10,inertia_x1.6,0.8181818181818182,1.0,,
MD11,flap_extend,det,whole,cmq_x0.5,0.8461538461538461,0.6875,0.6410256410256411,
MD11,flap_extend,det,win5,cmq_x0.5,1.0,0.6842105263157895,0.6068376068376069,
MD11,flap_extend,det,win10,cmq_x0.5,0.8461538461538461,0.6111111111111112,0.5982905982905983,
MD11,flap_extend,det,whole,cmalpha_x0.7,0.6923076923076923,0.6,0.4871794871794872,
MD11,flap_extend,det,win5,cmalpha_x0.7,0.5384615384615384,0.6363636363636364,0.4188034188034188,
MD11,flap_extend,det,win10,cmalpha_x0.7,0.5384615384615384,0.5384615384615384,0.42735042735042733,
MD11,flap_extend,det,whole,clo_+0.1,0.38461538461538464,0.5555555555555556,0.5384615384615384,
MD11,flap_extend,det,win5,clo_+0.1,0.38461538461538464,0.5555555555555556,0.46153846153846156,
MD11,flap_extend,det,win10,clo_+0.1,0.38461538461538464,0.625,0.4871794871794872,
MD11,flap_extend,det,whole,noop,,,,0.2727272727272727
MD11,flap_extend,det,win5,noop,,,,0.2727272727272727
MD11,flap_extend,det,win10,noop,,,,0.2727272727272727
MD11,flap_extend,sig,whole,inertia_x1.6,0.3181818181818182,1.0,,
MD11,flap_extend,sig,win5,inertia_x1.6,0.2727272727272727,1.0,,
MD11,flap_extend,sig,win10,inertia_x1.6,0.3181818181818182,1.0,,
MD11,flap_extend,sig,whole,cmq_x0.5,0.46153846153846156,0.8571428571428571,0.5384615384615385,
MD11,flap_extend,sig,win5,cmq_x0.5,0.38461538461538464,1.0,0.48717948717948717,
MD11,flap_extend,sig,win10,cmq_x0.5,0.5384615384615384,0.875,0.4188034188034188,
MD11,flap_extend,sig,whole,cmalpha_x0.7,0.07692307692307693,1.0,0.17948717948717952,
MD11,flap_extend,sig,win5,cmalpha_x0.7,0.0,0.0,0.17948717948717952,
MD11,flap_extend,sig,win10,cmalpha_x0.7,0.07692307692307693,1.0,0.14529914529914528,
MD11,flap_extend,sig,whole,clo_+0.1,0.15384615384615385,0.3333333333333333,0.07692307692307694,
MD11,flap_extend,sig,win5,clo_+0.1,0.07692307692307693,0.25,0.10256410256410259,
MD11,flap_extend,sig,win10,clo_+0.1,0.15384615384615385,0.2857142857142857,0.025641025641025647,
MD11,flap_extend,sig,whole,noop,,,,0.045454545454545456
MD11,flap_extend,sig,win5,noop,,,,0.0
MD11,flap_extend,sig,win10,noop,,,,0.13636363636363635
MD11,engine_cut,det,whole,inertia_x1.6,0.0,,,
MD11,engine_cut,det,win5,inertia_x1.6,0.0,,,
MD11,engine_cut,det,win10,inertia_x1.6,0.0,,,
MD11,engine_cut,det,whole,cmq_x0.5,0.0,,0.11111111111111113,
MD11,engine_cut,det,win5,cmq_x0.5,0.0,,0.21367521367521372,
MD11,engine_cut,det,win10,cmq_x0.5,0.0,,0.1623931623931624,
MD11,engine_cut,det,whole,cmalpha_x0.7,0.6153846153846154,1.0,0.6581196581196582,
MD11,engine_cut,det,win5,cmalpha_x0.7,0.6153846153846154,0.8888888888888888,0.6324786324786325,
MD11,engine_cut,det,win10,cmalpha_x0.7,0.6153846153846154,1.0,0.623931623931624,
MD11,engine_cut,det,whole,clo_+0.1,0.46153846153846156,1.0,0.6666666666666666,
MD11,engine_cut,det,win5,clo_+0.1,0.46153846153846156,1.0,0.8461538461538461,
MD11,engine_cut,det,win10,clo_+0.1,0.46153846153846156,1.0,0.6495726495726496,
MD11,engine_cut,det,whole,noop,,,,0.0
MD11,engine_cut,det,win5,noop,,,,0.0
MD11,engine_cut,det,win10,noop,,,,0.0
MD11,engine_cut,sig,whole,inertia_x1.6,0.045454545454545456,1.0,,
MD11,engine_cut,sig,win5,inertia_x1.6,0.0,,,
MD11,engine_cut,sig,win10,inertia_x1.6,0.0,,,
MD11,engine_cut,sig,whole,cmq_x0.5,0.15384615384615385,1.0,0.717948717948718,
MD11,engine_cut,sig,win5,cmq_x0.5,0.0,0.0,0.5641025641025641,
MD11,engine_cut,sig,win10,cmq_x0.5,0.0,,0.6923076923076923,
MD11,engine_cut,sig,whole,cmalpha_x0.7,0.7692307692307693,0.8333333333333334,0.8547008547008548,
MD11,engine_cut,sig,win5,cmalpha_x0.7,0.3076923076923077,0.8,0.735042735042735,
MD11,engine_cut,sig,win10,cmalpha_x0.7,0.5384615384615384,1.0,0.8547008547008548,
MD11,engine_cut,sig,whole,clo_+0.1,0.3076923076923077,0.8,0.4786324786324787,
MD11,engine_cut,sig,win5,clo_+0.1,0.3076923076923077,1.0,0.7521367521367521,
MD11,engine_cut,sig,win10,clo_+0.1,0.3076923076923077,0.8,0.7692307692307692,
MD11,engine_cut,sig,whole,noop,,,,0.0
MD11,engine_cut,sig,win5,noop,,,,0.09090909090909091
MD11,engine_cut,sig,win10,noop,,,,0.0
MD11,climbing_turn,det,whole,inertia_x1.6,0.3181818181818182,1.0,,
MD11,climbing_turn,det,win5,inertia_x1.6,0.18181818181818182,1.0,,
MD11,climbing_turn,det,win10,inertia_x1.6,0.09090909090909091,1.0,,
MD11,climbing_turn,det,whole,cmq_x0.5,0.46153846153846156,0.6,0.5982905982905983,
MD11,climbing_turn,det,win5,cmq_x0.5,0.46153846153846156,0.8571428571428571,0.5726495726495726,
MD11,climbing_turn,det,win10,cmq_x0.5,0.46153846153846156,0.8571428571428571,0.5555555555555556,
MD11,climbing_turn,det,whole,cmalpha_x0.7,0.8461538461538461,0.8461538461538461,0.8632478632478633,
MD11,climbing_turn,det,win5,cmalpha_x0.7,0.8461538461538461,0.9166666666666666,0.8632478632478633,
MD11,climbing_turn,det,win10,cmalpha_x0.7,0.8461538461538461,1.0,0.8632478632478633,
MD11,climbing_turn,det,whole,clo_+0.1,0.7692307692307693,0.625,0.7948717948717948,
MD11,climbing_turn,det,win5,clo_+0.1,0.7692307692307693,0.7142857142857143,0.7692307692307693,
MD11,climbing_turn,det,win10,clo_+0.1,0.8461538461538461,0.7333333333333333,0.7606837606837608,
MD11,climbing_turn,det,whole,noop,,,,0.18181818181818182
MD11,climbing_turn,det,win5,noop,,,,0.045454545454545456
MD11,climbing_turn,det,win10,noop,,,,0.0
MD11,climbing_turn,sig,whole,inertia_x1.6,0.2727272727272727,1.0,,
MD11,climbing_turn,sig,win5,inertia_x1.6,0.045454545454545456,1.0,,
MD11,climbing_turn,sig,win10,inertia_x1.6,0.045454545454545456,1.0,,
MD11,climbing_turn,sig,whole,cmq_x0.5,0.0,0.0,0.264957264957265,
MD11,climbing_turn,sig,win5,cmq_x0.5,0.0,,0.3931623931623932,
MD11,climbing_turn,sig,win10,cmq_x0.5,0.0,,0.452991452991453,
MD11,climbing_turn,sig,whole,cmalpha_x0.7,0.7692307692307693,0.8333333333333334,0.905982905982906,
MD11,climbing_turn,sig,win5,cmalpha_x0.7,0.6923076923076923,0.8181818181818182,0.811965811965812,
MD11,climbing_turn,sig,win10,cmalpha_x0.7,0.7692307692307693,0.6666666666666666,0.7863247863247862,
MD11,climbing_turn,sig,whole,clo_+0.1,0.6153846153846154,0.6153846153846154,0.5555555555555556,
MD11,climbing_turn,sig,win5,clo_+0.1,0.6923076923076923,0.75,0.8290598290598291,
MD11,climbing_turn,sig,win10,clo_+0.1,0.6923076923076923,0.75,0.7350427350427351,
MD11,climbing_turn,sig,whole,noop,,,,0.045454545454545456
MD11,climbing_turn,sig,win5,noop,,,,0.0
MD11,climbing_turn,sig,win10,noop,,,,0.0
MD11,elev_doublet_distractor,det,whole,inertia_x1.6,0.045454545454545456,1.0,,
MD11,elev_doublet_distractor,det,win5,inertia_x1.6,0.045454545454545456,1.0,,
MD11,elev_doublet_distractor,det,win10,inertia_x1.6,0.09090909090909091,1.0,,
MD11,elev_doublet_distractor,det,whole,cmq_x0.5,0.07692307692307693,1.0,0.25641025641025644,
MD11,elev_doublet_distractor,det,win5,cmq_x0.5,0.0,,0.20512820512820512,
MD11,elev_doublet_distractor,det,win10,cmq_x0.5,0.0,,0.25641025641025644,
MD11,elev_doublet_distractor,det,whole,cmalpha_x0.7,0.07692307692307693,0.5,0.27350427350427353,
MD11,elev_doublet_distractor,det,win5,cmalpha_x0.7,0.07692307692307693,1.0,0.19658119658119658,
MD11,elev_doublet_distractor,det,win10,cmalpha_x0.7,0.07692307692307693,0.5,0.19658119658119658,
MD11,elev_doublet_distractor,det,whole,clo_+0.1,0.6153846153846154,0.8,0.6581196581196581,
MD11,elev_doublet_distractor,det,win5,clo_+0.1,0.5384615384615384,0.7777777777777778,0.6153846153846154,
MD11,elev_doublet_distractor,det,win10,clo_+0.1,0.5384615384615384,0.875,0.6581196581196581,
MD11,elev_doublet_distractor,det,whole,noop,,,,0.045454545454545456
MD11,elev_doublet_distractor,det,win5,noop,,,,0.0
MD11,elev_doublet_distractor,det,win10,noop,,,,0.0
MD11,elev_doublet_distractor,sig,whole,inertia_x1.6,0.0,,,
MD11,elev_doublet_distractor,sig,win5,inertia_x1.6,0.09090909090909091,1.0,,
MD11,elev_doublet_distractor,sig,win10,inertia_x1.6,0.0,,,
MD11,elev_doublet_distractor,sig,whole,cmq_x0.5,0.0,,0.5555555555555556,
MD11,elev_doublet_distractor,sig,win5,cmq_x0.5,0.0,,0.4871794871794872,
MD11,elev_doublet_distractor,sig,win10,cmq_x0.5,0.0,,0.48717948717948717,
MD11,elev_doublet_distractor,sig,whole,cmalpha_x0.7,0.3076923076923077,0.5714285714285714,0.5641025641025642,
MD11,elev_doublet_distractor,sig,win5,cmalpha_x0.7,0.07692307692307693,1.0,0.5726495726495726,
MD11,elev_doublet_distractor,sig,win10,cmalpha_x0.7,0.15384615384615385,1.0,0.5641025641025641,
MD11,elev_doublet_distractor,sig,whole,clo_+0.1,0.0,0.0,0.48717948717948717,
MD11,elev_doublet_distractor,sig,win5,clo_+0.1,0.07692307692307693,1.0,0.6666666666666667,
MD11,elev_doublet_distractor,sig,win10,clo_+0.1,0.07692307692307693,1.0,0.5641025641025641,
MD11,elev_doublet_distractor,sig,whole,noop,,,,0.0
MD11,elev_doublet_distractor,sig,win5,noop,,,,0.045454545454545456
MD11,elev_doublet_distractor,sig,win10,noop,,,,0.0
MD11,engine_restart,det,whole,inertia_x1.6,0.045454545454545456,1.0,,
MD11,engine_restart,det,win5,inertia_x1.6,0.0,,,
MD11,engine_restart,det,win10,inertia_x1.6,0.09090909090909091,1.0,,
MD11,engine_restart,det,whole,cmq_x0.5,0.0,0.0,0.23076923076923078,
MD11,engine_restart,det,win5,cmq_x0.5,0.0,0.0,0.26495726495726496,
MD11,engine_restart,det,win10,cmq_x0.5,0.0,0.0,0.23931623931623935,
MD11,engine_restart,det,whole,cmalpha_x0.7,0.5384615384615384,0.875,0.6837606837606837,
MD11,engine_restart,det,win5,cmalpha_x0.7,0.3076923076923077,0.8,0.6666666666666666,
MD11,engine_restart,det,win10,cmalpha_x0.7,0.3076923076923077,0.8,0.6495726495726496,
MD11,engine_restart,det,whole,clo_+0.1,0.46153846153846156,1.0,0.7435897435897436,
MD11,engine_restart,det,win5,clo_+0.1,0.38461538461538464,0.7142857142857143,0.6666666666666666,
MD11,engine_restart,det,win10,clo_+0.1,0.38461538461538464,0.7142857142857143,0.6923076923076923,
MD11,engine_restart,det,whole,noop,,,,0.09090909090909091
MD11,engine_restart,det,win5,noop,,,,0.045454545454545456
MD11,engine_restart,det,win10,noop,,,,0.09090909090909091
MD11,engine_restart,sig,whole,inertia_x1.6,0.045454545454545456,1.0,,
MD11,engine_restart,sig,win5,inertia_x1.6,0.0,,,
MD11,engine_restart,sig,win10,inertia_x1.6,0.045454545454545456,1.0,,
MD11,engine_restart,sig,whole,cmq_x0.5,0.0,0.0,0.17094017094017094,
MD11,engine_restart,sig,win5,cmq_x0.5,0.0,,0.28205128205128205,
MD11,engine_restart,sig,win10,cmq_x0.5,0.0,,0.3076923076923077,
MD11,engine_restart,sig,whole,cmalpha_x0.7,0.3076923076923077,0.5,0.6196581196581197,
MD11,engine_restart,sig,win5,cmalpha_x0.7,0.3076923076923077,0.8,0.6410256410256411,
MD11,engine_restart,sig,win10,cmalpha_x0.7,0.3076923076923077,1.0,0.7008547008547008,
MD11,engine_restart,sig,whole,clo_+0.1,0.3076923076923077,1.0,0.4658119658119659,
MD11,engine_restart,sig,win5,clo_+0.1,0.38461538461538464,0.8333333333333334,0.7350427350427351,
MD11,engine_restart,sig,win10,clo_+0.1,0.38461538461538464,1.0,0.7008547008547009,
MD11,engine_restart,sig,whole,noop,,,,0.09090909090909091
MD11,engine_restart,sig,win5,noop,,,,0.0
MD11,engine_restart,sig,win10,noop,,,,0.0
OV10,cruise,det,whole,inertia_x1.6,0.0,,,
OV10,cruise,det,win5,inertia_x1.6,0.0,,,
OV10,cruise,det,win10,inertia_x1.6,0.0,,,
OV10,cruise,det,whole,cmq_x0.5,0.0,,0.27350427350427353,
OV10,cruise,det,win5,cmq_x0.5,0.0,,0.16239316239316243,
OV10,cruise,det,win10,cmq_x0.5,0.0,,0.1196581196581197,
OV10,cruise,det,whole,cmalpha_x0.7,0.3076923076923077,1.0,0.6837606837606838,
OV10,cruise,det,win5,cmalpha_x0.7,0.3076923076923077,1.0,0.6495726495726496,
OV10,cruise,det,win10,cmalpha_x0.7,0.23076923076923078,1.0,0.6495726495726495,
OV10,cruise,det,whole,clo_+0.1,0.15384615384615385,0.5,0.29059829059829057,
OV10,cruise,det,win5,clo_+0.1,0.07692307692307693,1.0,0.26495726495726496,
OV10,cruise,det,win10,clo_+0.1,0.07692307692307693,1.0,0.20512820512820518,
OV10,cruise,det,whole,noop,,,,0.0
OV10,cruise,det,win5,noop,,,,0.0
OV10,cruise,det,win10,noop,,,,0.0
OV10,cruise,sig,whole,inertia_x1.6,0.13636363636363635,1.0,,
OV10,cruise,sig,win5,inertia_x1.6,0.09090909090909091,1.0,,
OV10,cruise,sig,win10,inertia_x1.6,0.045454545454545456,1.0,,
OV10,cruise,sig,whole,cmq_x0.5,0.07692307692307693,0.5,0.41880341880341887,
OV10,cruise,sig,win5,cmq_x0.5,0.0,0.0,0.41025641025641024,
OV10,cruise,sig,win10,cmq_x0.5,0.07692307692307693,1.0,0.3076923076923077,
OV10,cruise,sig,whole,cmalpha_x0.7,0.3076923076923077,1.0,0.8376068376068376,
OV10,cruise,sig,win5,cmalpha_x0.7,0.07692307692307693,0.5,0.717948717948718,
OV10,cruise,sig,win10,cmalpha_x0.7,0.07692307692307693,1.0,0.6666666666666667,
OV10,cruise,sig,whole,clo_+0.1,0.07692307692307693,0.5,0.36752136752136755,
OV10,cruise,sig,win5,clo_+0.1,0.0,0.0,0.3162393162393162,
OV10,cruise,sig,win10,clo_+0.1,0.0,0.0,0.2991452991452992,
OV10,cruise,sig,whole,noop,,,,0.09090909090909091
OV10,cruise,sig,win5,noop,,,,0.09090909090909091
OV10,cruise,sig,win10,noop,,,,0.0
OV10,throttle_step,det,whole,inertia_x1.6,0.045454545454545456,1.0,,
OV10,throttle_step,det,win5,inertia_x1.6,0.0,,,
OV10,throttle_step,det,win10,inertia_x1.6,0.045454545454545456,1.0,,
OV10,throttle_step,det,whole,cmq_x0.5,0.0,,0.20512820512820515,
OV10,throttle_step,det,win5,cmq_x0.5,0.0,,0.12820512820512822,
OV10,throttle_step,det,win10,cmq_x0.5,0.0,,0.18803418803418806,
OV10,throttle_step,det,whole,cmalpha_x0.7,0.23076923076923078,1.0,0.6068376068376069,
OV10,throttle_step,det,win5,cmalpha_x0.7,0.15384615384615385,1.0,0.5982905982905984,
OV10,throttle_step,det,win10,cmalpha_x0.7,0.07692307692307693,1.0,0.5897435897435898,
OV10,throttle_step,det,whole,clo_+0.1,0.15384615384615385,1.0,0.43589743589743596,
OV10,throttle_step,det,win5,clo_+0.1,0.3076923076923077,0.8,0.4871794871794871,
OV10,throttle_step,det,win10,clo_+0.1,0.3076923076923077,0.8,0.47008547008547014,
OV10,throttle_step,det,whole,noop,,,,0.0
OV10,throttle_step,det,win5,noop,,,,0.0
OV10,throttle_step,det,win10,noop,,,,0.0
OV10,throttle_step,sig,whole,inertia_x1.6,0.09090909090909091,1.0,,
OV10,throttle_step,sig,win5,inertia_x1.6,0.045454545454545456,1.0,,
OV10,throttle_step,sig,win10,inertia_x1.6,0.09090909090909091,1.0,,
OV10,throttle_step,sig,whole,cmq_x0.5,0.0,,0.3418803418803419,
OV10,throttle_step,sig,win5,cmq_x0.5,0.07692307692307693,0.3333333333333333,0.3589743589743589,
OV10,throttle_step,sig,win10,cmq_x0.5,0.07692307692307693,0.25,0.4957264957264958,
OV10,throttle_step,sig,whole,cmalpha_x0.7,0.23076923076923078,0.75,0.7264957264957265,
OV10,throttle_step,sig,win5,cmalpha_x0.7,0.15384615384615385,0.5,0.4615384615384616,
OV10,throttle_step,sig,win10,cmalpha_x0.7,0.15384615384615385,0.6666666666666666,0.5555555555555556,
OV10,throttle_step,sig,whole,clo_+0.1,0.15384615384615385,0.5,0.45299145299145305,
OV10,throttle_step,sig,win5,clo_+0.1,0.3076923076923077,0.5714285714285714,0.47863247863247865,
OV10,throttle_step,sig,win10,clo_+0.1,0.23076923076923078,0.375,0.5384615384615384,
OV10,throttle_step,sig,whole,noop,,,,0.0
OV10,throttle_step,sig,win5,noop,,,,0.13636363636363635
OV10,throttle_step,sig,win10,noop,,,,0.13636363636363635
OV10,elev_doublet,det,whole,inertia_x1.6,0.0,,,
OV10,elev_doublet,det,win5,inertia_x1.6,0.045454545454545456,1.0,,
OV10,elev_doublet,det,win10,inertia_x1.6,0.045454545454545456,1.0,,
OV10,elev_doublet,det,whole,cmq_x0.5,0.0,,0.2905982905982907,
OV10,elev_doublet,det,win5,cmq_x0.5,0.07692307692307693,0.5,0.264957264957265,
OV10,elev_doublet,det,win10,cmq_x0.5,0.0,,0.27350427350427353,
OV10,elev_doublet,det,whole,cmalpha_x0.7,0.23076923076923078,1.0,0.7606837606837606,
OV10,elev_doublet,det,win5,cmalpha_x0.7,0.23076923076923078,1.0,0.7435897435897436,
OV10,elev_doublet,det,win10,cmalpha_x0.7,0.3076923076923077,1.0,0.7094017094017093,
OV10,elev_doublet,det,whole,clo_+0.1,0.07692307692307693,1.0,0.5811965811965812,
OV10,elev_doublet,det,win5,clo_+0.1,0.07692307692307693,1.0,0.5811965811965811,
OV10,elev_doublet,det,win10,clo_+0.1,0.07692307692307693,1.0,0.5726495726495726,
OV10,elev_doublet,det,whole,noop,,,,0.0
OV10,elev_doublet,det,win5,noop,,,,0.045454545454545456
OV10,elev_doublet,det,win10,noop,,,,0.0
OV10,elev_doublet,sig,whole,inertia_x1.6,0.22727272727272727,1.0,,
OV10,elev_doublet,sig,win5,inertia_x1.6,0.09090909090909091,1.0,,
OV10,elev_doublet,sig,win10,inertia_x1.6,0.13636363636363635,1.0,,
OV10,elev_doublet,sig,whole,cmq_x0.5,0.23076923076923078,1.0,0.5726495726495727,
OV10,elev_doublet,sig,win5,cmq_x0.5,0.07692307692307693,1.0,0.5641025641025641,
OV10,elev_doublet,sig,win10,cmq_x0.5,0.15384615384615385,0.6666666666666666,0.5982905982905984,
OV10,elev_doublet,sig,whole,cmalpha_x0.7,0.38461538461538464,1.0,0.7179487179487181,
OV10,elev_doublet,sig,win5,cmalpha_x0.7,0.23076923076923078,0.75,0.8376068376068376,
OV10,elev_doublet,sig,win10,cmalpha_x0.7,0.46153846153846156,0.75,0.5897435897435896,
OV10,elev_doublet,sig,whole,clo_+0.1,0.15384615384615385,1.0,0.7094017094017095,
OV10,elev_doublet,sig,win5,clo_+0.1,0.15384615384615385,0.6666666666666666,0.6324786324786325,
OV10,elev_doublet,sig,win10,clo_+0.1,0.38461538461538464,0.8333333333333334,0.7863247863247863,
OV10,elev_doublet,sig,whole,noop,,,,0.09090909090909091
OV10,elev_doublet,sig,win5,noop,,,,0.0
OV10,elev_doublet,sig,win10,noop,,,,0.045454545454545456
OV10,elev_step,det,whole,inertia_x1.6,0.045454545454545456,1.0,,
OV10,elev_step,det,win5,inertia_x1.6,0.0,,,
OV10,elev_step,det,win10,inertia_x1.6,0.0,,,
OV10,elev_step,det,whole,cmq_x0.5,0.46153846153846156,1.0,0.6239316239316239,
OV10,elev_step,det,win5,cmq_x0.5,0.6153846153846154,1.0,0.7008547008547008,
OV10,elev_step,det,win10,cmq_x0.5,0.5384615384615384,1.0,0.7008547008547008,
OV10,elev_step,det,whole,cmalpha_x0.7,0.38461538461538464,1.0,0.5641025641025641,
OV10,elev_step,det,win5,cmalpha_x0.7,0.38461538461538464,1.0,0.5555555555555556,
OV10,elev_step,det,win10,cmalpha_x0.7,0.38461538461538464,1.0,0.5811965811965812,
OV10,elev_step,det,whole,clo_+0.1,0.23076923076923078,1.0,0.5811965811965814,
OV10,elev_step,det,win5,clo_+0.1,0.38461538461538464,0.8333333333333334,0.7264957264957265,
OV10,elev_step,det,win10,clo_+0.1,0.38461538461538464,0.8333333333333334,0.7948717948717948,
OV10,elev_step,det,whole,noop,,,,0.0
OV10,elev_step,det,win5,noop,,,,0.0
OV10,elev_step,det,win10,noop,,,,0.0
OV10,elev_step,sig,whole,inertia_x1.6,0.13636363636363635,1.0,,
OV10,elev_step,sig,win5,inertia_x1.6,0.09090909090909091,1.0,,
OV10,elev_step,sig,win10,inertia_x1.6,0.0,,,
OV10,elev_step,sig,whole,cmq_x0.5,0.46153846153846156,1.0,0.7008547008547009,
OV10,elev_step,sig,win5,cmq_x0.5,0.38461538461538464,1.0,0.7948717948717949,
OV10,elev_step,sig,win10,cmq_x0.5,0.3076923076923077,1.0,0.811965811965812,
OV10,elev_step,sig,whole,cmalpha_x0.7,0.07692307692307693,0.3333333333333333,0.19658119658119658,
OV10,elev_step,sig,win5,cmalpha_x0.7,0.07692307692307693,0.5,0.5128205128205129,
OV10,elev_step,sig,win10,cmalpha_x0.7,0.07692307692307693,0.5,0.28205128205128205,
OV10,elev_step,sig,whole,clo_+0.1,0.07692307692307693,1.0,0.43589743589743596,
OV10,elev_step,sig,win5,clo_+0.1,0.0,,0.5555555555555556,
OV10,elev_step,sig,win10,clo_+0.1,0.07692307692307693,0.5,0.43589743589743596,
OV10,elev_step,sig,whole,noop,,,,0.09090909090909091
OV10,elev_step,sig,win5,noop,,,,0.09090909090909091
OV10,elev_step,sig,win10,noop,,,,0.0
OV10,aileron_step,det,whole,inertia_x1.6,0.13636363636363635,1.0,,
OV10,aileron_step,det,win5,inertia_x1.6,0.09090909090909091,1.0,,
OV10,aileron_step,det,win10,inertia_x1.6,0.09090909090909091,1.0,,
OV10,aileron_step,det,whole,cmq_x0.5,0.6923076923076923,0.9,0.7777777777777777,
OV10,aileron_step,det,win5,cmq_x0.5,0.6923076923076923,0.9,0.8547008547008547,
OV10,aileron_step,det,win10,cmq_x0.5,0.6923076923076923,0.9,0.8376068376068376,
OV10,aileron_step,det,whole,cmalpha_x0.7,0.15384615384615385,0.6666666666666666,0.23076923076923078,
OV10,aileron_step,det,win5,cmalpha_x0.7,0.15384615384615385,0.6666666666666666,0.25641025641025644,
OV10,aileron_step,det,win10,cmalpha_x0.7,0.15384615384615385,0.6666666666666666,0.23931623931623935,
OV10,aileron_step,det,whole,clo_+0.1,0.8461538461538461,0.8461538461538461,0.8376068376068376,
OV10,aileron_step,det,win5,clo_+0.1,0.8461538461538461,0.9166666666666666,0.8717948717948718,
OV10,aileron_step,det,win10,clo_+0.1,0.8461538461538461,0.8461538461538461,0.8717948717948718,
OV10,aileron_step,det,whole,noop,,,,0.045454545454545456
OV10,aileron_step,det,win5,noop,,,,0.045454545454545456
OV10,aileron_step,det,win10,noop,,,,0.045454545454545456
OV10,aileron_step,sig,whole,inertia_x1.6,0.09090909090909091,1.0,,
OV10,aileron_step,sig,win5,inertia_x1.6,0.045454545454545456,1.0,,
OV10,aileron_step,sig,win10,inertia_x1.6,0.18181818181818182,1.0,,
OV10,aileron_step,sig,whole,cmq_x0.5,0.6923076923076923,1.0,0.8803418803418804,
OV10,aileron_step,sig,win5,cmq_x0.5,0.6923076923076923,0.9,0.9316239316239315,
OV10,aileron_step,sig,win10,cmq_x0.5,0.6923076923076923,1.0,0.8803418803418804,
OV10,aileron_step,sig,whole,cmalpha_x0.7,0.23076923076923078,0.6,0.3675213675213675,
OV10,aileron_step,sig,win5,cmalpha_x0.7,0.23076923076923078,0.5,0.23931623931623933,
OV10,aileron_step,sig,win10,cmalpha_x0.7,0.07692307692307693,0.2,0.3418803418803419,
OV10,aileron_step,sig,whole,clo_+0.1,0.6153846153846154,0.7272727272727273,0.5982905982905983,
OV10,aileron_step,sig,win5,clo_+0.1,0.8461538461538461,0.8461538461538461,0.7606837606837608,
OV10,aileron_step,sig,win10,clo_+0.1,0.6153846153846154,0.8,0.7264957264957266,
OV10,aileron_step,sig,whole,noop,,,,0.13636363636363635
OV10,aileron_step,sig,win5,noop,,,,0.09090909090909091
OV10,aileron_step,sig,win10,noop,,,,0.18181818181818182
OV10,rudder_doublet,det,whole,inertia_x1.6,0.0,,,
OV10,rudder_doublet,det,win5,inertia_x1.6,0.0,,,
OV10,rudder_doublet,det,win10,inertia_x1.6,0.0,,,
OV10,rudder_doublet,det,whole,cmq_x0.5,0.0,,0.11965811965811969,
OV10,rudder_doublet,det,win5,cmq_x0.5,0.0,,0.11111111111111116,
OV10,rudder_doublet,det,win10,cmq_x0.5,0.0,,0.1025641025641026,
OV10,rudder_doublet,det,whole,cmalpha_x0.7,0.3076923076923077,1.0,0.7008547008547008,
OV10,rudder_doublet,det,win5,cmalpha_x0.7,0.3076923076923077,1.0,0.6239316239316239,
OV10,rudder_doublet,det,win10,cmalpha_x0.7,0.3076923076923077,1.0,0.7521367521367521,
OV10,rudder_doublet,det,whole,clo_+0.1,0.38461538461538464,1.0,0.6752136752136753,
OV10,rudder_doublet,det,win5,clo_+0.1,0.23076923076923078,1.0,0.5384615384615384,
OV10,rudder_doublet,det,win10,clo_+0.1,0.3076923076923077,0.6666666666666666,0.5384615384615384,
OV10,rudder_doublet,det,whole,noop,,,,0.0
OV10,rudder_doublet,det,win5,noop,,,,0.0
OV10,rudder_doublet,det,win10,noop,,,,0.0
OV10,rudder_doublet,sig,whole,inertia_x1.6,0.0,,,
OV10,rudder_doublet,sig,win5,inertia_x1.6,0.045454545454545456,1.0,,
OV10,rudder_doublet,sig,win10,inertia_x1.6,0.0,,,
OV10,rudder_doublet,sig,whole,cmq_x0.5,0.0,,0.4316239316239317,
OV10,rudder_doublet,sig,win5,cmq_x0.5,0.0,,0.5555555555555556,
OV10,rudder_doublet,sig,win10,cmq_x0.5,0.0,,0.7008547008547008,
OV10,rudder_doublet,sig,whole,cmalpha_x0.7,0.15384615384615385,0.6666666666666666,0.6581196581196582,
OV10,rudder_doublet,sig,win5,cmalpha_x0.7,0.38461538461538464,1.0,0.8205128205128205,
OV10,rudder_doublet,sig,win10,cmalpha_x0.7,0.15384615384615385,0.6666666666666666,0.8547008547008547,
OV10,rudder_doublet,sig,whole,clo_+0.1,0.0,0.0,0.33333333333333337,
OV10,rudder_doublet,sig,win5,clo_+0.1,0.07692307692307693,0.5,0.52991452991453,
OV10,rudder_doublet,sig,win10,clo_+0.1,0.0,,0.5641025641025642,
OV10,rudder_doublet,sig,whole,noop,,,,0.0
OV10,rudder_doublet,sig,win5,noop,,,,0.0
OV10,rudder_doublet,sig,win10,noop,,,,0.0
OV10,bank_hold,det,whole,inertia_x1.6,0.13636363636363635,1.0,,
OV10,bank_hold,det,win5,inertia_x1.6,0.045454545454545456,1.0,,
OV10,bank_hold,det,win10,inertia_x1.6,0.09090909090909091,1.0,,
OV10,bank_hold,det,whole,cmq_x0.5,0.5384615384615384,0.875,0.5384615384615385,
OV10,bank_hold,det,win5,cmq_x0.5,0.6923076923076923,0.9,0.6153846153846154,
OV10,bank_hold,det,win10,cmq_x0.5,0.5384615384615384,0.875,0.6324786324786326,
OV10,bank_hold,det,whole,cmalpha_x0.7,0.6923076923076923,1.0,0.7777777777777778,
OV10,bank_hold,det,win5,cmalpha_x0.7,0.7692307692307693,0.8333333333333334,0.8034188034188035,
OV10,bank_hold,det,win10,cmalpha_x0.7,0.6153846153846154,0.8,0.8717948717948718,
OV10,bank_hold,det,whole,clo_+0.1,0.15384615384615385,0.6666666666666666,0.5811965811965812,
OV10,bank_hold,det,win5,clo_+0.1,0.15384615384615385,1.0,0.7606837606837608,
OV10,bank_hold,det,win10,clo_+0.1,0.15384615384615385,0.6666666666666666,0.7350427350427351,
OV10,bank_hold,det,whole,noop,,,,0.09090909090909091
OV10,bank_hold,det,win5,noop,,,,0.09090909090909091
OV10,bank_hold,det,win10,noop,,,,0.045454545454545456
OV10,bank_hold,sig,whole,inertia_x1.6,0.0,,,
OV10,bank_hold,sig,win5,inertia_x1.6,0.045454545454545456,1.0,,
OV10,bank_hold,sig,win10,inertia_x1.6,0.045454545454545456,1.0,,
OV10,bank_hold,sig,whole,cmq_x0.5,0.6923076923076923,0.6428571428571429,0.7094017094017094,
OV10,bank_hold,sig,win5,cmq_x0.5,0.46153846153846156,0.6666666666666666,0.7094017094017095,
OV10,bank_hold,sig,win10,cmq_x0.5,0.6153846153846154,0.6153846153846154,0.6581196581196582,
OV10,bank_hold,sig,whole,cmalpha_x0.7,0.6923076923076923,0.6428571428571429,0.6153846153846153,
OV10,bank_hold,sig,win5,cmalpha_x0.7,0.5384615384615384,0.5384615384615384,0.6324786324786325,
OV10,bank_hold,sig,win10,cmalpha_x0.7,0.6923076923076923,0.6,0.6837606837606838,
OV10,bank_hold,sig,whole,clo_+0.1,0.38461538461538464,0.5,0.5470085470085471,
OV10,bank_hold,sig,win5,clo_+0.1,0.46153846153846156,0.5454545454545454,0.6239316239316239,
OV10,bank_hold,sig,win10,clo_+0.1,0.46153846153846156,0.5454545454545454,0.6581196581196582,
OV10,bank_hold,sig,whole,noop,,,,0.045454545454545456
OV10,bank_hold,sig,win5,noop,,,,0.09090909090909091
OV10,bank_hold,sig,win10,noop,,,,0.13636363636363635
OV10,flap_extend,det,whole,inertia_x1.6,0.0,,,
OV10,flap_extend,det,win5,inertia_x1.6,0.045454545454545456,1.0,,
OV10,flap_extend,det,win10,inertia_x1.6,0.045454545454545456,1.0,,
OV10,flap_extend,det,whole,cmq_x0.5,0.7692307692307693,1.0,0.905982905982906,
OV10,flap_extend,det,win5,cmq_x0.5,0.8461538461538461,1.0,0.9316239316239318,
OV10,flap_extend,det,win10,cmq_x0.5,0.7692307692307693,1.0,0.9316239316239316,
OV10,flap_extend,det,whole,cmalpha_x0.7,0.8461538461538461,1.0,1.0,
OV10,flap_extend,det,win5,cmalpha_x0.7,0.7692307692307693,1.0,1.0,
OV10,flap_extend,det,win10,cmalpha_x0.7,0.7692307692307693,1.0,1.0,
OV10,flap_extend,det,whole,clo_+0.1,0.23076923076923078,1.0,0.7606837606837606,
OV10,flap_extend,det,win5,clo_+0.1,0.15384615384615385,1.0,0.6666666666666666,
OV10,flap_extend,det,win10,clo_+0.1,0.15384615384615385,1.0,0.6410256410256411,
OV10,flap_extend,det,whole,noop,,,,0.0
OV10,flap_extend,det,win5,noop,,,,0.0
OV10,flap_extend,det,win10,noop,,,,0.0
OV10,flap_extend,sig,whole,inertia_x1.6,0.045454545454545456,1.0,,
OV10,flap_extend,sig,win5,inertia_x1.6,0.13636363636363635,1.0,,
OV10,flap_extend,sig,win10,inertia_x1.6,0.18181818181818182,1.0,,
OV10,flap_extend,sig,whole,cmq_x0.5,0.7692307692307693,1.0,0.8119658119658121,
OV10,flap_extend,sig,win5,cmq_x0.5,0.5384615384615384,0.875,0.8376068376068376,
OV10,flap_extend,sig,win10,cmq_x0.5,0.5384615384615384,0.7,0.6837606837606839,
OV10,flap_extend,sig,whole,cmalpha_x0.7,0.46153846153846156,0.8571428571428571,0.8290598290598291,
OV10,flap_extend,sig,win5,cmalpha_x0.7,0.23076923076923078,0.75,0.5555555555555556,
OV10,flap_extend,sig,win10,cmalpha_x0.7,0.23076923076923078,0.75,0.4700854700854701,
OV10,flap_extend,sig,whole,clo_+0.1,0.15384615384615385,1.0,0.4273504273504274,
OV10,flap_extend,sig,win5,clo_+0.1,0.07692307692307693,1.0,0.452991452991453,
OV10,flap_extend,sig,win10,clo_+0.1,0.0,,0.37606837606837606,
OV10,flap_extend,sig,whole,noop,,,,0.045454545454545456
OV10,flap_extend,sig,win5,noop,,,,0.09090909090909091
OV10,flap_extend,sig,win10,noop,,,,0.09090909090909091
OV10,engine_cut,det,whole,inertia_x1.6,0.0,,,
OV10,engine_cut,det,win5,inertia_x1.6,0.0,,,
OV10,engine_cut,det,win10,inertia_x1.6,0.0,,,
OV10,engine_cut,det,whole,cmq_x0.5,0.5384615384615384,0.875,0.7521367521367521,
OV10,engine_cut,det,win5,cmq_x0.5,0.6923076923076923,0.8181818181818182,0.7606837606837606,
OV10,engine_cut,det,win10,cmq_x0.5,0.6923076923076923,0.9,0.7863247863247863,
OV10,engine_cut,det,whole,cmalpha_x0.7,0.07692307692307693,0.5,0.5555555555555556,
OV10,engine_cut,det,win5,cmalpha_x0.7,0.07692307692307693,1.0,0.2905982905982906,
OV10,engine_cut,det,win10,cmalpha_x0.7,0.07692307692307693,1.0,0.3418803418803419,
OV10,engine_cut,det,whole,clo_+0.1,0.15384615384615385,1.0,0.41025641025641024,
OV10,engine_cut,det,win5,clo_+0.1,0.15384615384615385,1.0,0.4358974358974359,
OV10,engine_cut,det,win10,clo_+0.1,0.15384615384615385,1.0,0.4188034188034188,
OV10,engine_cut,det,whole,noop,,,,0.0
OV10,engine_cut,det,win5,noop,,,,0.0
OV10,engine_cut,det,win10,noop,,,,0.0
OV10,engine_cut,sig,whole,inertia_x1.6,0.045454545454545456,1.0,,
OV10,engine_cut,sig,win5,inertia_x1.6,0.045454545454545456,1.0,,
OV10,engine_cut,sig,win10,inertia_x1.6,0.0,,,
OV10,engine_cut,sig,whole,cmq_x0.5,0.38461538461538464,0.7142857142857143,0.6837606837606838,
OV10,engine_cut,sig,win5,cmq_x0.5,0.3076923076923077,0.6666666666666666,0.5897435897435898,
OV10,engine_cut,sig,win10,cmq_x0.5,0.38461538461538464,0.8333333333333334,0.4700854700854702,
OV10,engine_cut,sig,whole,cmalpha_x0.7,0.0,,0.7350427350427351,
OV10,engine_cut,sig,win5,cmalpha_x0.7,0.38461538461538464,1.0,0.8034188034188035,
OV10,engine_cut,sig,win10,cmalpha_x0.7,0.07692307692307693,1.0,0.6153846153846154,
OV10,engine_cut,sig,whole,clo_+0.1,0.0,0.0,0.28205128205128205,
OV10,engine_cut,sig,win5,clo_+0.1,0.23076923076923078,0.75,0.41025641025641024,
OV10,engine_cut,sig,win10,clo_+0.1,0.07692307692307693,1.0,0.41025641025641024,
OV10,engine_cut,sig,whole,noop,,,,0.045454545454545456
OV10,engine_cut,sig,win5,noop,,,,0.0
OV10,engine_cut,sig,win10,noop,,,,0.0
OV10,elev_doublet_distractor,det,whole,inertia_x1.6,0.0,,,
OV10,elev_doublet_distractor,det,win5,inertia_x1.6,0.0,,,
OV10,elev_doublet_distractor,det,win10,inertia_x1.6,0.0,,,
OV10,elev_doublet_distractor,det,whole,cmq_x0.5,0.0,,0.3247863247863248,
OV10,elev_doublet_distractor,det,win5,cmq_x0.5,0.0,,0.3418803418803419,
OV10,elev_doublet_distractor,det,win10,cmq_x0.5,0.0,,0.5128205128205129,
OV10,elev_doublet_distractor,det,whole,cmalpha_x0.7,0.07692307692307693,1.0,0.9743589743589745,
OV10,elev_doublet_distractor,det,win5,cmalpha_x0.7,0.23076923076923078,1.0,0.8290598290598291,
OV10,elev_doublet_distractor,det,win10,cmalpha_x0.7,0.15384615384615385,1.0,0.9743589743589745,
OV10,elev_doublet_distractor,det,whole,clo_+0.1,0.46153846153846156,1.0,0.717948717948718,
OV10,elev_doublet_distractor,det,win5,clo_+0.1,0.38461538461538464,1.0,0.7094017094017094,
OV10,elev_doublet_distractor,det,win10,clo_+0.1,0.46153846153846156,1.0,0.7350427350427351,
OV10,elev_doublet_distractor,det,whole,noop,,,,0.0
OV10,elev_doublet_distractor,det,win5,noop,,,,0.0
OV10,elev_doublet_distractor,det,win10,noop,,,,0.0
OV10,elev_doublet_distractor,sig,whole,inertia_x1.6,0.09090909090909091,1.0,,
OV10,elev_doublet_distractor,sig,win5,inertia_x1.6,0.09090909090909091,1.0,,
OV10,elev_doublet_distractor,sig,win10,inertia_x1.6,0.13636363636363635,1.0,,
OV10,elev_doublet_distractor,sig,whole,cmq_x0.5,0.0,,0.37606837606837606,
OV10,elev_doublet_distractor,sig,win5,cmq_x0.5,0.07692307692307693,0.5,0.6495726495726497,
OV10,elev_doublet_distractor,sig,win10,cmq_x0.5,0.07692307692307693,0.5,0.6923076923076923,
OV10,elev_doublet_distractor,sig,whole,cmalpha_x0.7,0.15384615384615385,0.6666666666666666,0.641025641025641,
OV10,elev_doublet_distractor,sig,win5,cmalpha_x0.7,0.15384615384615385,0.6666666666666666,0.6923076923076923,
OV10,elev_doublet_distractor,sig,win10,cmalpha_x0.7,0.0,0.0,0.6666666666666667,
OV10,elev_doublet_distractor,sig,whole,clo_+0.1,0.07692307692307693,0.5,0.4871794871794872,
OV10,elev_doublet_distractor,sig,win5,clo_+0.1,0.0,0.0,0.2991452991452992,
OV10,elev_doublet_distractor,sig,win10,clo_+0.1,0.0,0.0,0.6752136752136753,
OV10,elev_doublet_distractor,sig,whole,noop,,,,0.0
OV10,elev_doublet_distractor,sig,win5,noop,,,,0.045454545454545456
OV10,elev_doublet_distractor,sig,win10,noop,,,,0.045454545454545456
Short_S23,cruise,det,whole,inertia_x1.6,0.0,,,
Short_S23,cruise,det,win5,inertia_x1.6,0.0,,,
Short_S23,cruise,det,win10,inertia_x1.6,0.0,,,
Short_S23,cruise,det,whole,noop,,,,0.0
Short_S23,cruise,det,win5,noop,,,,0.0
Short_S23,cruise,det,win10,noop,,,,0.0
Short_S23,cruise,sig,whole,inertia_x1.6,0.09090909090909091,1.0,,
Short_S23,cruise,sig,win5,inertia_x1.6,0.0,,,
Short_S23,cruise,sig,win10,inertia_x1.6,0.09090909090909091,1.0,,
Short_S23,cruise,sig,whole,noop,,,,0.09090909090909091
Short_S23,cruise,sig,win5,noop,,,,0.045454545454545456
Short_S23,cruise,sig,win10,noop,,,,0.0
Short_S23,throttle_step,det,whole,inertia_x1.6,0.0,,,
Short_S23,throttle_step,det,win5,inertia_x1.6,0.0,,,
Short_S23,throttle_step,det,win10,inertia_x1.6,0.0,,,
Short_S23,throttle_step,det,whole,noop,,,,0.0
Short_S23,throttle_step,det,win5,noop,,,,0.0
Short_S23,throttle_step,det,win10,noop,,,,0.0
Short_S23,throttle_step,sig,whole,inertia_x1.6,0.0,,,
Short_S23,throttle_step,sig,win5,inertia_x1.6,0.0,,,
Short_S23,throttle_step,sig,win10,inertia_x1.6,0.0,,,
Short_S23,throttle_step,sig,whole,noop,,,,0.0
Short_S23,throttle_step,sig,win5,noop,,,,0.0
Short_S23,throttle_step,sig,win10,noop,,,,0.0
Short_S23,elev_doublet,det,whole,inertia_x1.6,0.0,,,
Short_S23,elev_doublet,det,win5,inertia_x1.6,0.0,,,
Short_S23,elev_doublet,det,win10,inertia_x1.6,0.0,,,
Short_S23,elev_doublet,det,whole,noop,,,,0.0
Short_S23,elev_doublet,det,win5,noop,,,,0.0
Short_S23,elev_doublet,det,win10,noop,,,,0.0
Short_S23,elev_doublet,sig,whole,inertia_x1.6,0.13636363636363635,1.0,,
Short_S23,elev_doublet,sig,win5,inertia_x1.6,0.045454545454545456,1.0,,
Short_S23,elev_doublet,sig,win10,inertia_x1.6,0.09090909090909091,1.0,,
Short_S23,elev_doublet,sig,whole,noop,,,,0.045454545454545456
Short_S23,elev_doublet,sig,win5,noop,,,,0.0
Short_S23,elev_doublet,sig,win10,noop,,,,0.13636363636363635
Short_S23,elev_step,det,whole,inertia_x1.6,0.0,,,
Short_S23,elev_step,det,win5,inertia_x1.6,0.0,,,
Short_S23,elev_step,det,win10,inertia_x1.6,0.0,,,
Short_S23,elev_step,det,whole,noop,,,,0.0
Short_S23,elev_step,det,win5,noop,,,,0.0
Short_S23,elev_step,det,win10,noop,,,,0.0
Short_S23,elev_step,sig,whole,inertia_x1.6,0.0,,,
Short_S23,elev_step,sig,win5,inertia_x1.6,0.045454545454545456,1.0,,
Short_S23,elev_step,sig,win10,inertia_x1.6,0.045454545454545456,1.0,,
Short_S23,elev_step,sig,whole,noop,,,,0.0
Short_S23,elev_step,sig,win5,noop,,,,0.045454545454545456
Short_S23,elev_step,sig,win10,noop,,,,0.045454545454545456
Short_S23,aileron_step,det,whole,inertia_x1.6,0.0,,,
Short_S23,aileron_step,det,win5,inertia_x1.6,0.0,,,
Short_S23,aileron_step,det,win10,inertia_x1.6,0.0,,,
Short_S23,aileron_step,det,whole,noop,,,,0.0
Short_S23,aileron_step,det,win5,noop,,,,0.0
Short_S23,aileron_step,det,win10,noop,,,,0.0
Short_S23,aileron_step,sig,whole,inertia_x1.6,0.09090909090909091,1.0,,
Short_S23,aileron_step,sig,win5,inertia_x1.6,0.0,,,
Short_S23,aileron_step,sig,win10,inertia_x1.6,0.0,,,
Short_S23,aileron_step,sig,whole,noop,,,,0.18181818181818182
Short_S23,aileron_step,sig,win5,noop,,,,0.045454545454545456
Short_S23,aileron_step,sig,win10,noop,,,,0.09090909090909091
Short_S23,rudder_doublet,det,whole,inertia_x1.6,0.0,,,
Short_S23,rudder_doublet,det,win5,inertia_x1.6,0.0,,,
Short_S23,rudder_doublet,det,win10,inertia_x1.6,0.0,,,
Short_S23,rudder_doublet,det,whole,noop,,,,0.045454545454545456
Short_S23,rudder_doublet,det,win5,noop,,,,0.0
Short_S23,rudder_doublet,det,win10,noop,,,,0.0
Short_S23,rudder_doublet,sig,whole,inertia_x1.6,0.045454545454545456,1.0,,
Short_S23,rudder_doublet,sig,win5,inertia_x1.6,0.045454545454545456,1.0,,
Short_S23,rudder_doublet,sig,win10,inertia_x1.6,0.0,,,
Short_S23,rudder_doublet,sig,whole,noop,,,,0.045454545454545456
Short_S23,rudder_doublet,sig,win5,noop,,,,0.045454545454545456
Short_S23,rudder_doublet,sig,win10,noop,,,,0.0
Short_S23,bank_hold,det,whole,inertia_x1.6,0.0,,,
Short_S23,bank_hold,det,win5,inertia_x1.6,0.0,,,
Short_S23,bank_hold,det,win10,inertia_x1.6,0.0,,,
Short_S23,bank_hold,det,whole,noop,,,,0.0
Short_S23,bank_hold,det,win5,noop,,,,0.0
Short_S23,bank_hold,det,win10,noop,,,,0.0
Short_S23,bank_hold,sig,whole,inertia_x1.6,0.09090909090909091,1.0,,
Short_S23,bank_hold,sig,win5,inertia_x1.6,0.0,,,
Short_S23,bank_hold,sig,win10,inertia_x1.6,0.0,,,
Short_S23,bank_hold,sig,whole,noop,,,,0.09090909090909091
Short_S23,bank_hold,sig,win5,noop,,,,0.0
Short_S23,bank_hold,sig,win10,noop,,,,0.0
Short_S23,flap_extend,det,whole,inertia_x1.6,0.0,,,
Short_S23,flap_extend,det,win5,inertia_x1.6,0.0,,,
Short_S23,flap_extend,det,win10,inertia_x1.6,0.0,,,
Short_S23,flap_extend,det,whole,noop,,,,0.0
Short_S23,flap_extend,det,win5,noop,,,,0.0
Short_S23,flap_extend,det,win10,noop,,,,0.0
Short_S23,flap_extend,sig,whole,inertia_x1.6,0.045454545454545456,1.0,,
Short_S23,flap_extend,sig,win5,inertia_x1.6,0.045454545454545456,1.0,,
Short_S23,flap_extend,sig,win10,inertia_x1.6,0.0,,,
Short_S23,flap_extend,sig,whole,noop,,,,0.0
Short_S23,flap_extend,sig,win5,noop,,,,0.045454545454545456
Short_S23,flap_extend,sig,win10,noop,,,,0.0
Short_S23,engine_cut,det,whole,inertia_x1.6,0.0,,,
Short_S23,engine_cut,det,win5,inertia_x1.6,0.0,,,
Short_S23,engine_cut,det,win10,inertia_x1.6,0.0,,,
Short_S23,engine_cut,det,whole,noop,,,,0.0
Short_S23,engine_cut,det,win5,noop,,,,0.0
Short_S23,engine_cut,det,win10,noop,,,,0.0
Short_S23,engine_cut,sig,whole,inertia_x1.6,0.0,,,
Short_S23,engine_cut,sig,win5,inertia_x1.6,0.0,,,
Short_S23,engine_cut,sig,win10,inertia_x1.6,0.045454545454545456,1.0,,
Short_S23,engine_cut,sig,whole,noop,,,,0.0
Short_S23,engine_cut,sig,win5,noop,,,,0.0
Short_S23,engine_cut,sig,win10,noop,,,,0.0
Short_S23,climbing_turn,det,whole,inertia_x1.6,0.0,,,
Short_S23,climbing_turn,det,win5,inertia_x1.6,0.0,,,
Short_S23,climbing_turn,det,win10,inertia_x1.6,0.0,,,
Short_S23,climbing_turn,det,whole,noop,,,,0.0
Short_S23,climbing_turn,det,win5,noop,,,,0.0
Short_S23,climbing_turn,det,win10,noop,,,,0.09090909090909091
Short_S23,climbing_turn,sig,whole,inertia_x1.6,0.0,,,
Short_S23,climbing_turn,sig,win5,inertia_x1.6,0.0,,,
Short_S23,climbing_turn,sig,win10,inertia_x1.6,0.0,,,
Short_S23,climbing_turn,sig,whole,noop,,,,0.0
Short_S23,climbing_turn,sig,win5,noop,,,,0.0
Short_S23,climbing_turn,sig,win10,noop,,,,0.0
Short_S23,elev_doublet_distractor,det,whole,inertia_x1.6,0.0,,,
Short_S23,elev_doublet_distractor,det,win5,inertia_x1.6,0.0,,,
Short_S23,elev_doublet_distractor,det,win10,inertia_x1.6,0.0,,,
Short_S23,elev_doublet_distractor,det,whole,noop,,,,0.0
Short_S23,elev_doublet_distractor,det,win5,noop,,,,0.0
Short_S23,elev_doublet_distractor,det,win10,noop,,,,0.0
Short_S23,elev_doublet_distractor,sig,whole,inertia_x1.6,0.09090909090909091,1.0,,
Short_S23,elev_doublet_distractor,sig,win5,inertia_x1.6,0.0,,,
Short_S23,elev_doublet_distractor,sig,win10,inertia_x1.6,0.09090909090909091,1.0,,
Short_S23,elev_doublet_distractor,sig,whole,noop,,,,0.09090909090909091
Short_S23,elev_doublet_distractor,sig,win5,noop,,,,0.0
Short_S23,elev_doublet_distractor,sig,win10,noop,,,,0.045454545454545456
Short_S23,engine_stop,det,whole,inertia_x1.6,0.0,,,
Short_S23,engine_stop,det,win5,inertia_x1.6,0.0,,,
Short_S23,engine_stop,det,win10,inertia_x1.6,0.0,,,
Short_S23,engine_stop,det,whole,noop,,,,0.0
Short_S23,engine_stop,det,win5,noop,,,,0.0
Short_S23,engine_stop,det,win10,noop,,,,0.0
Short_S23,engine_stop,sig,whole,inertia_x1.6,0.18181818181818182,1.0,,
Short_S23,engine_stop,sig,win5,inertia_x1.6,0.045454545454545456,1.0,,
Short_S23,engine_stop,sig,win10,inertia_x1.6,0.0,,,
Short_S23,engine_stop,sig,whole,noop,,,,0.2727272727272727
Short_S23,engine_stop,sig,win5,noop,,,,0.13636363636363635
Short_S23,engine_stop,sig,win10,noop,,,,0.09090909090909091
T37,cruise,det,whole,inertia_x1.6,0.045454545454545456,1.0,,
T37,cruise,det,win5,inertia_x1.6,0.0,,,
T37,cruise,det,win10,inertia_x1.6,0.0,,,
T37,cruise,det,whole,cmq_x0.5,0.0,,0.15384615384615388,
T37,cruise,det,win5,cmq_x0.5,0.0,,0.05982905982905983,
T37,cruise,det,win10,cmq_x0.5,0.0,,0.09401709401709403,
T37,cruise,det,whole,cmalpha_x0.7,0.3076923076923077,1.0,0.7094017094017093,
T37,cruise,det,win5,cmalpha_x0.7,0.3076923076923077,1.0,0.5897435897435898,
T37,cruise,det,win10,cmalpha_x0.7,0.3076923076923077,1.0,0.7606837606837608,
T37,cruise,det,whole,clo_+0.1,0.46153846153846156,1.0,0.5555555555555556,
T37,cruise,det,win5,clo_+0.1,0.46153846153846156,1.0,0.5555555555555556,
T37,cruise,det,win10,clo_+0.1,0.46153846153846156,1.0,0.5555555555555556,
T37,cruise,det,whole,noop,,,,0.0
T37,cruise,det,win5,noop,,,,0.0
T37,cruise,det,win10,noop,,,,0.0
T37,cruise,sig,whole,inertia_x1.6,0.09090909090909091,1.0,,
T37,cruise,sig,win5,inertia_x1.6,0.13636363636363635,1.0,,
T37,cruise,sig,win10,inertia_x1.6,0.13636363636363635,1.0,,
T37,cruise,sig,whole,cmq_x0.5,0.0,,0.27350427350427353,
T37,cruise,sig,win5,cmq_x0.5,0.0,,0.43589743589743596,
T37,cruise,sig,win10,cmq_x0.5,0.0,,0.37606837606837606,
T37,cruise,sig,whole,cmalpha_x0.7,0.07692307692307693,1.0,0.8547008547008547,
T37,cruise,sig,win5,cmalpha_x0.7,0.07692307692307693,1.0,0.7008547008547008,
T37,cruise,sig,win10,cmalpha_x0.7,0.23076923076923078,1.0,0.8119658119658121,
T37,cruise,sig,whole,clo_+0.1,0.38461538461538464,0.8333333333333334,0.6923076923076923,
T37,cruise,sig,win5,clo_+0.1,0.3076923076923077,0.8,0.7179487179487181,
T37,cruise,sig,win10,clo_+0.1,0.38461538461538464,0.8333333333333334,0.7692307692307694,
T37,cruise,sig,whole,noop,,,,0.0
T37,cruise,sig,win5,noop,,,,0.0
T37,cruise,sig,win10,noop,,,,0.045454545454545456
T37,throttle_step,det,whole,inertia_x1.6,0.0,,,
T37,throttle_step,det,win5,inertia_x1.6,0.0,,,
T37,throttle_step,det,win10,inertia_x1.6,0.045454545454545456,1.0,,
T37,throttle_step,det,whole,cmq_x0.5,0.0,,0.42735042735042744,
T37,throttle_step,det,win5,cmq_x0.5,0.0,,0.4273504273504274,
T37,throttle_step,det,win10,cmq_x0.5,0.0,,0.46153846153846156,
T37,throttle_step,det,whole,cmalpha_x0.7,0.5384615384615384,1.0,0.8803418803418803,
T37,throttle_step,det,win5,cmalpha_x0.7,0.6153846153846154,0.8888888888888888,0.8974358974358975,
T37,throttle_step,det,win10,cmalpha_x0.7,0.6153846153846154,0.8888888888888888,0.8803418803418803,
T37,throttle_step,det,whole,clo_+0.1,0.8461538461538461,0.8461538461538461,0.717948717948718,
T37,throttle_step,det,win5,clo_+0.1,0.8461538461538461,0.8461538461538461,0.7094017094017094,
T37,throttle_step,det,win10,clo_+0.1,0.7692307692307693,0.7692307692307693,0.735042735042735,
T37,throttle_step,det,whole,noop,,,,0.0
T37,throttle_step,det,win5,noop,,,,0.0
T37,throttle_step,det,win10,noop,,,,0.0
T37,throttle_step,sig,whole,inertia_x1.6,0.18181818181818182,1.0,,
T37,throttle_step,sig,win5,inertia_x1.6,0.045454545454545456,1.0,,
T37,throttle_step,sig,win10,inertia_x1.6,0.045454545454545456,1.0,,
T37,throttle_step,sig,whole,cmq_x0.5,0.15384615384615385,1.0,0.6581196581196581,
T37,throttle_step,sig,win5,cmq_x0.5,0.07692307692307693,0.3333333333333333,0.4188034188034188,
T37,throttle_step,sig,win10,cmq_x0.5,0.15384615384615385,0.5,0.6068376068376069,
T37,throttle_step,sig,whole,cmalpha_x0.7,0.0,,0.26495726495726496,
T37,throttle_step,sig,win5,cmalpha_x0.7,0.07692307692307693,0.5,0.47863247863247865,
T37,throttle_step,sig,win10,cmalpha_x0.7,0.0,,0.4871794871794872,
T37,throttle_step,sig,whole,clo_+0.1,0.23076923076923078,0.6,0.4358974358974359,
T37,throttle_step,sig,win5,clo_+0.1,0.46153846153846156,0.8571428571428571,0.5470085470085471,
T37,throttle_step,sig,win10,clo_+0.1,0.3076923076923077,0.6666666666666666,0.452991452991453,
T37,throttle_step,sig,whole,noop,,,,0.18181818181818182
T37,throttle_step,sig,win5,noop,,,,0.09090909090909091
T37,throttle_step,sig,win10,noop,,,,0.09090909090909091
T37,elev_doublet,det,whole,inertia_x1.6,0.045454545454545456,1.0,,
T37,elev_doublet,det,win5,inertia_x1.6,0.09090909090909091,1.0,,
T37,elev_doublet,det,win10,inertia_x1.6,0.09090909090909091,1.0,,
T37,elev_doublet,det,whole,cmq_x0.5,0.07692307692307693,1.0,0.4444444444444444,
T37,elev_doublet,det,win5,cmq_x0.5,0.15384615384615385,1.0,0.45299145299145305,
T37,elev_doublet,det,win10,cmq_x0.5,0.07692307692307693,1.0,0.46153846153846156,
T37,elev_doublet,det,whole,cmalpha_x0.7,0.0,,0.5811965811965811,
T37,elev_doublet,det,win5,cmalpha_x0.7,0.0,,0.5042735042735043,
T37,elev_doublet,det,win10,cmalpha_x0.7,0.0,,0.48717948717948717,
T37,elev_doublet,det,whole,clo_+0.1,0.3076923076923077,1.0,0.6495726495726496,
T37,elev_doublet,det,win5,clo_+0.1,0.3076923076923077,1.0,0.5470085470085471,
T37,elev_doublet,det,win10,clo_+0.1,0.38461538461538464,0.8333333333333334,0.5641025641025641,
T37,elev_doublet,det,whole,noop,,,,0.045454545454545456
T37,elev_doublet,det,win5,noop,,,,0.13636363636363635
T37,elev_doublet,det,win10,noop,,,,0.045454545454545456
T37,elev_doublet,sig,whole,inertia_x1.6,0.13636363636363635,1.0,,
T37,elev_doublet,sig,win5,inertia_x1.6,0.22727272727272727,1.0,,
T37,elev_doublet,sig,win10,inertia_x1.6,0.18181818181818182,1.0,,
T37,elev_doublet,sig,whole,cmq_x0.5,0.07692307692307693,0.25,0.48717948717948717,
T37,elev_doublet,sig,win5,cmq_x0.5,0.07692307692307693,0.5,0.5641025641025641,
T37,elev_doublet,sig,win10,cmq_x0.5,0.0,0.0,0.3931623931623932,
T37,elev_doublet,sig,whole,cmalpha_x0.7,0.46153846153846156,0.75,0.6923076923076923,
T37,elev_doublet,sig,win5,cmalpha_x0.7,0.3076923076923077,0.6666666666666666,0.5470085470085471,
T37,elev_doublet,sig,win10,cmalpha_x0.7,0.3076923076923077,0.6666666666666666,0.6239316239316239,
T37,elev_doublet,sig,whole,clo_+0.1,0.46153846153846156,0.8571428571428571,0.8632478632478633,
T37,elev_doublet,sig,win5,clo_+0.1,0.5384615384615384,0.875,0.7222222222222223,
T37,elev_doublet,sig,win10,clo_+0.1,0.5384615384615384,0.7777777777777778,0.7777777777777778,
T37,elev_doublet,sig,whole,noop,,,,0.22727272727272727
T37,elev_doublet,sig,win5,noop,,,,0.22727272727272727
T37,elev_doublet,sig,win10,noop,,,,0.18181818181818182
T37,elev_step,det,whole,inertia_x1.6,0.0,,,
T37,elev_step,det,win5,inertia_x1.6,0.045454545454545456,1.0,,
T37,elev_step,det,win10,inertia_x1.6,0.0,,,
T37,elev_step,det,whole,cmq_x0.5,0.0,,0.23076923076923078,
T37,elev_step,det,win5,cmq_x0.5,0.0,0.0,0.23076923076923078,
T37,elev_step,det,win10,cmq_x0.5,0.0,,0.1623931623931624,
T37,elev_step,det,whole,cmalpha_x0.7,0.3076923076923077,1.0,0.7606837606837606,
T37,elev_step,det,win5,cmalpha_x0.7,0.3076923076923077,0.8,0.7606837606837606,
T37,elev_step,det,win10,cmalpha_x0.7,0.3076923076923077,1.0,0.7606837606837606,
T37,elev_step,det,whole,clo_+0.1,0.23076923076923078,0.42857142857142855,0.4786324786324787,
T37,elev_step,det,win5,clo_+0.1,0.23076923076923078,0.375,0.5726495726495727,
T37,elev_step,det,win10,clo_+0.1,0.3076923076923077,0.5714285714285714,0.5384615384615384,
T37,elev_step,det,whole,noop,,,,0.0
T37,elev_step,det,win5,noop,,,,0.045454545454545456
T37,elev_step,det,win10,noop,,,,0.0
T37,elev_step,sig,whole,inertia_x1.6,0.13636363636363635,1.0,,
T37,elev_step,sig,win5,inertia_x1.6,0.045454545454545456,1.0,,
T37,elev_step,sig,win10,inertia_x1.6,0.09090909090909091,1.0,,
T37,elev_step,sig,whole,cmq_x0.5,0.3076923076923077,0.8,0.52991452991453,
T37,elev_step,sig,win5,cmq_x0.5,0.07692307692307693,1.0,0.3418803418803419,
T37,elev_step,sig,win10,cmq_x0.5,0.15384615384615385,1.0,0.32478632478632485,
T37,elev_step,sig,whole,cmalpha_x0.7,0.15384615384615385,1.0,0.3076923076923077,
T37,elev_step,sig,win5,cmalpha_x0.7,0.15384615384615385,0.6666666666666666,0.5641025641025641,
T37,elev_step,sig,win10,cmalpha_x0.7,0.15384615384615385,1.0,0.4273504273504274,
T37,elev_step,sig,whole,clo_+0.1,0.23076923076923078,0.75,0.28205128205128205,
T37,elev_step,sig,win5,clo_+0.1,0.23076923076923078,1.0,0.5897435897435898,
T37,elev_step,sig,win10,clo_+0.1,0.15384615384615385,1.0,0.5213675213675214,
T37,elev_step,sig,whole,noop,,,,0.045454545454545456
T37,elev_step,sig,win5,noop,,,,0.0
T37,elev_step,sig,win10,noop,,,,0.0
T37,aileron_step,det,whole,inertia_x1.6,0.045454545454545456,1.0,,
T37,aileron_step,det,win5,inertia_x1.6,0.045454545454545456,1.0,,
T37,aileron_step,det,win10,inertia_x1.6,0.045454545454545456,1.0,,
T37,aileron_step,det,whole,cmq_x0.5,0.0,,0.18803418803418806,
T37,aileron_step,det,win5,cmq_x0.5,0.0,,0.1965811965811966,
T37,aileron_step,det,win10,cmq_x0.5,0.0,,0.2136752136752137,
T37,aileron_step,det,whole,cmalpha_x0.7,0.38461538461538464,0.5555555555555556,0.6239316239316239,
T37,aileron_step,det,win5,cmalpha_x0.7,0.38461538461538464,0.8333333333333334,0.6239316239316239,
T37,aileron_step,det,win10,cmalpha_x0.7,0.15384615384615385,0.5,0.6324786324786325,
T37,aileron_step,det,whole,clo_+0.1,0.15384615384615385,0.6666666666666666,0.3247863247863248,
T37,aileron_step,det,win5,clo_+0.1,0.15384615384615385,0.5,0.2136752136752137,
T37,aileron_step,det,win10,clo_+0.1,0.15384615384615385,0.6666666666666666,0.22222222222222227,
T37,aileron_step,det,whole,noop,,,,0.045454545454545456
T37,aileron_step,det,win5,noop,,,,0.0
T37,aileron_step,det,win10,noop,,,,0.0
T37,aileron_step,sig,whole,inertia_x1.6,0.09090909090909091,1.0,,
T37,aileron_step,sig,win5,inertia_x1.6,0.22727272727272727,1.0,,
T37,aileron_step,sig,win10,inertia_x1.6,0.18181818181818182,1.0,,
T37,aileron_step,sig,whole,cmq_x0.5,0.07692307692307693,0.5,0.5213675213675214,
T37,aileron_step,sig,win5,cmq_x0.5,0.23076923076923078,0.75,0.7692307692307692,
T37,aileron_step,sig,win10,cmq_x0.5,0.07692307692307693,0.5,0.6752136752136753,
T37,aileron_step,sig,whole,cmalpha_x0.7,0.5384615384615384,0.7777777777777778,0.6923076923076923,
T37,aileron_step,sig,win5,cmalpha_x0.7,0.15384615384615385,0.25,0.5811965811965812,
T37,aileron_step,sig,win10,cmalpha_x0.7,0.38461538461538464,0.5,0.6153846153846153,
T37,aileron_step,sig,whole,clo_+0.1,0.15384615384615385,0.3333333333333333,0.41025641025641024,
T37,aileron_step,sig,win5,clo_+0.1,0.5384615384615384,0.6363636363636364,0.52991452991453,
T37,aileron_step,sig,win10,clo_+0.1,0.38461538461538464,0.5,0.5384615384615384,
T37,aileron_step,sig,whole,noop,,,,0.0
T37,aileron_step,sig,win5,noop,,,,0.0
T37,aileron_step,sig,win10,noop,,,,0.09090909090909091
T37,rudder_doublet,det,whole,inertia_x1.6,0.0,,,
T37,rudder_doublet,det,win5,inertia_x1.6,0.0,,,
T37,rudder_doublet,det,win10,inertia_x1.6,0.0,,,
T37,rudder_doublet,det,whole,cmq_x0.5,0.0,,0.10256410256410259,
T37,rudder_doublet,det,win5,cmq_x0.5,0.0,,0.11965811965811968,
T37,rudder_doublet,det,win10,cmq_x0.5,0.0,,0.16239316239316237,
T37,rudder_doublet,det,whole,cmalpha_x0.7,0.23076923076923078,0.75,0.4273504273504274,
T37,rudder_doublet,det,win5,cmalpha_x0.7,0.23076923076923078,0.75,0.46153846153846156,
T37,rudder_doublet,det,win10,cmalpha_x0.7,0.23076923076923078,0.75,0.4017094017094018,
T37,rudder_doublet,det,whole,clo_+0.1,0.38461538461538464,0.7142857142857143,0.5128205128205129,
T37,rudder_doublet,det,win5,clo_+0.1,0.46153846153846156,0.75,0.5641025641025641,
T37,rudder_doublet,det,win10,clo_+0.1,0.46153846153846156,0.75,0.5641025641025641,
T37,rudder_doublet,det,whole,noop,,,,0.0
T37,rudder_doublet,det,win5,noop,,,,0.0
T37,rudder_doublet,det,win10,noop,,,,0.0
T37,rudder_doublet,sig,whole,inertia_x1.6,0.09090909090909091,1.0,,
T37,rudder_doublet,sig,win5,inertia_x1.6,0.045454545454545456,1.0,,
T37,rudder_doublet,sig,win10,inertia_x1.6,0.09090909090909091,1.0,,
T37,rudder_doublet,sig,whole,cmq_x0.5,0.07692307692307693,0.5,0.35042735042735046,
T37,rudder_doublet,sig,win5,cmq_x0.5,0.0,0.0,0.1965811965811966,
T37,rudder_doublet,sig,win10,cmq_x0.5,0.07692307692307693,0.25,0.24786324786324787,
T37,rudder_doublet,sig,whole,cmalpha_x0.7,0.07692307692307693,0.5,0.26495726495726496,
T37,rudder_doublet,sig,win5,cmalpha_x0.7,0.0,,0.5641025641025641,
T37,rudder_doublet,sig,win10,cmalpha_x0.7,0.07692307692307693,1.0,0.4444444444444445,
T37,rudder_doublet,sig,whole,clo_+0.1,0.38461538461538464,0.7142857142857143,0.5470085470085471,
T37,rudder_doublet,sig,win5,clo_+0.1,0.38461538461538464,0.8333333333333334,0.5726495726495726,
T37,rudder_doublet,sig,win10,clo_+0.1,0.23076923076923078,0.75,0.5897435897435898,
T37,rudder_doublet,sig,whole,noop,,,,0.09090909090909091
T37,rudder_doublet,sig,win5,noop,,,,0.045454545454545456
T37,rudder_doublet,sig,win10,noop,,,,0.18181818181818182
T37,bank_hold,det,whole,inertia_x1.6,0.0,,,
T37,bank_hold,det,win5,inertia_x1.6,0.0,,,
T37,bank_hold,det,win10,inertia_x1.6,0.0,,,
T37,bank_hold,det,whole,cmq_x0.5,0.0,0.0,0.05128205128205131,
T37,bank_hold,det,win5,cmq_x0.5,0.0,0.0,0.05128205128205131,
T37,bank_hold,det,win10,cmq_x0.5,0.0,0.0,0.05128205128205131,
T37,bank_hold,det,whole,cmalpha_x0.7,0.07692307692307693,1.0,0.2136752136752137,
T37,bank_hold,det,win5,cmalpha_x0.7,0.07692307692307693,0.3333333333333333,0.23076923076923078,
T37,bank_hold,det,win10,cmalpha_x0.7,0.07692307692307693,0.25,0.24786324786324787,
T37,bank_hold,det,whole,clo_+0.1,0.15384615384615385,0.25,0.23931623931623935,
T37,bank_hold,det,win5,clo_+0.1,0.15384615384615385,0.2222222222222222,0.23931623931623935,
T37,bank_hold,det,win10,clo_+0.1,0.15384615384615385,0.25,0.23931623931623935,
T37,bank_hold,det,whole,noop,,,,0.09090909090909091
T37,bank_hold,det,win5,noop,,,,0.18181818181818182
T37,bank_hold,det,win10,noop,,,,0.2727272727272727
T37,bank_hold,sig,whole,inertia_x1.6,0.2727272727272727,1.0,,
T37,bank_hold,sig,win5,inertia_x1.6,0.18181818181818182,1.0,,
T37,bank_hold,sig,win10,inertia_x1.6,0.18181818181818182,1.0,,
T37,bank_hold,sig,whole,cmq_x0.5,0.15384615384615385,0.5,0.3931623931623932,
T37,bank_hold,sig,win5,cmq_x0.5,0.15384615384615385,0.6666666666666666,0.7521367521367521,
T37,bank_hold,sig,win10,cmq_x0.5,0.15384615384615385,0.5,0.6923076923076923,
T37,bank_hold,sig,whole,cmalpha_x0.7,0.07692307692307693,0.3333333333333333,0.7094017094017094,
T37,bank_hold,sig,win5,cmalpha_x0.7,0.3076923076923077,0.6666666666666666,0.7606837606837608,
T37,bank_hold,sig,win10,cmalpha_x0.7,0.07692307692307693,0.5,0.6666666666666667,
T37,bank_hold,sig,whole,clo_+0.1,0.5384615384615384,0.6363636363636364,0.6324786324786325,
T37,bank_hold,sig,win5,clo_+0.1,0.6923076923076923,0.6923076923076923,0.6068376068376069,
T37,bank_hold,sig,win10,clo_+0.1,0.46153846153846156,0.6,0.5982905982905984,
T37,bank_hold,sig,whole,noop,,,,0.0
T37,bank_hold,sig,win5,noop,,,,0.045454545454545456
T37,bank_hold,sig,win10,noop,,,,0.045454545454545456
T37,flap_extend,det,whole,inertia_x1.6,0.0,,,
T37,flap_extend,det,win5,inertia_x1.6,0.0,,,
T37,flap_extend,det,win10,inertia_x1.6,0.0,,,
T37,flap_extend,det,whole,cmq_x0.5,0.5384615384615384,1.0,0.7777777777777778,
T37,flap_extend,det,win5,cmq_x0.5,0.6923076923076923,1.0,0.7863247863247863,
T37,flap_extend,det,win10,cmq_x0.5,0.6923076923076923,1.0,0.7435897435897436,
T37,flap_extend,det,whole,cmalpha_x0.7,0.0,,0.4017094017094017,
T37,flap_extend,det,win5,cmalpha_x0.7,0.0,,0.12820512820512822,
T37,flap_extend,det,win10,cmalpha_x0.7,0.0,,0.1282051282051282,
T37,flap_extend,det,whole,clo_+0.1,0.38461538461538464,0.8333333333333334,0.5470085470085471,
T37,flap_extend,det,win5,clo_+0.1,0.3076923076923077,0.8,0.452991452991453,
T37,flap_extend,det,win10,clo_+0.1,0.3076923076923077,0.8,0.5128205128205128,
T37,flap_extend,det,whole,noop,,,,0.0
T37,flap_extend,det,win5,noop,,,,0.0
T37,flap_extend,det,win10,noop,,,,0.0
T37,flap_extend,sig,whole,inertia_x1.6,0.045454545454545456,1.0,,
T37,flap_extend,sig,win5,inertia_x1.6,0.09090909090909091,1.0,,
T37,flap_extend,sig,win10,inertia_x1.6,0.0,,,
T37,flap_extend,sig,whole,cmq_x0.5,0.46153846153846156,0.8571428571428571,0.5726495726495727,
T37,flap_extend,sig,win5,cmq_x0.5,0.15384615384615385,1.0,0.5811965811965812,
T37,flap_extend,sig,win10,cmq_x0.5,0.23076923076923078,1.0,0.5897435897435898,
T37,flap_extend,sig,whole,cmalpha_x0.7,0.07692307692307693,1.0,0.5726495726495726,
T37,flap_extend,sig,win5,cmalpha_x0.7,0.07692307692307693,1.0,0.5641025641025641,
T37,flap_extend,sig,win10,cmalpha_x0.7,0.15384615384615385,1.0,0.4700854700854701,
T37,flap_extend,sig,whole,clo_+0.1,0.3076923076923077,1.0,0.5726495726495727,
T37,flap_extend,sig,win5,clo_+0.1,0.15384615384615385,0.6666666666666666,0.6153846153846153,
T37,flap_extend,sig,win10,clo_+0.1,0.3076923076923077,1.0,0.5128205128205128,
T37,flap_extend,sig,whole,noop,,,,0.045454545454545456
T37,flap_extend,sig,win5,noop,,,,0.0
T37,flap_extend,sig,win10,noop,,,,0.0
T37,engine_cut,det,whole,inertia_x1.6,0.0,,,
T37,engine_cut,det,win5,inertia_x1.6,0.09090909090909091,1.0,,
T37,engine_cut,det,win10,inertia_x1.6,0.045454545454545456,1.0,,
T37,engine_cut,det,whole,cmq_x0.5,0.0,0.0,0.1452991452991453,
T37,engine_cut,det,win5,cmq_x0.5,0.07692307692307693,0.5,0.15384615384615385,
T37,engine_cut,det,win10,cmq_x0.5,0.0,0.0,0.12820512820512822,
T37,engine_cut,det,whole,cmalpha_x0.7,0.07692307692307693,1.0,0.5555555555555556,
T37,engine_cut,det,win5,cmalpha_x0.7,0.0,,0.47008547008547014,
T37,engine_cut,det,win10,cmalpha_x0.7,0.0,,0.5128205128205128,
T37,engine_cut,det,whole,clo_+0.1,0.38461538461538464,0.8333333333333334,0.6068376068376068,
T37,engine_cut,det,win5,clo_+0.1,0.5384615384615384,0.875,0.6495726495726497,
T37,engine_cut,det,win10,clo_+0.1,0.46153846153846156,0.8571428571428571,0.6410256410256411,
T37,engine_cut,det,whole,noop,,,,0.0
T37,engine_cut,det,win5,noop,,,,0.0
T37,engine_cut,det,win10,noop,,,,0.0
T37,engine_cut,sig,whole,inertia_x1.6,0.13636363636363635,1.0,,
T37,engine_cut,sig,win5,inertia_x1.6,0.045454545454545456,1.0,,
T37,engine_cut,sig,win10,inertia_x1.6,0.18181818181818182,1.0,,
T37,engine_cut,sig,whole,cmq_x0.5,0.15384615384615385,0.6666666666666666,0.6452991452991452,
T37,engine_cut,sig,win5,cmq_x0.5,0.23076923076923078,1.0,0.7008547008547009,
T37,engine_cut,sig,win10,cmq_x0.5,0.23076923076923078,0.75,0.6495726495726496,
T37,engine_cut,sig,whole,cmalpha_x0.7,0.0,0.0,0.28205128205128205,
T37,engine_cut,sig,win5,cmalpha_x0.7,0.0,0.0,0.41880341880341876,
T37,engine_cut,sig,win10,cmalpha_x0.7,0.0,0.0,0.34188034188034194,
T37,engine_cut,sig,whole,clo_+0.1,0.5384615384615384,0.7,0.6923076923076924,
T37,engine_cut,sig,win5,clo_+0.1,0.5384615384615384,0.5833333333333334,0.717948717948718,
T37,engine_cut,sig,win10,clo_+0.1,0.6153846153846154,0.6666666666666666,0.7264957264957266,
T37,engine_cut,sig,whole,noop,,,,0.045454545454545456
T37,engine_cut,sig,win5,noop,,,,0.045454545454545456
T37,engine_cut,sig,win10,noop,,,,0.0
T37,elev_doublet_distractor,det,whole,inertia_x1.6,0.0,,,
T37,elev_doublet_distractor,det,win5,inertia_x1.6,0.0,,,
T37,elev_doublet_distractor,det,win10,inertia_x1.6,0.0,,,
T37,elev_doublet_distractor,det,whole,cmq_x0.5,0.0,,0.0854700854700855,
T37,elev_doublet_distractor,det,win5,cmq_x0.5,0.0,,0.13675213675213677,
T37,elev_doublet_distractor,det,win10,cmq_x0.5,0.0,,0.13675213675213677,
T37,elev_doublet_distractor,det,whole,cmalpha_x0.7,0.23076923076923078,0.75,0.4700854700854701,
T37,elev_doublet_distractor,det,win5,cmalpha_x0.7,0.15384615384615385,0.6666666666666666,0.452991452991453,
T37,elev_doublet_distractor,det,win10,cmalpha_x0.7,0.15384615384615385,0.6666666666666666,0.4615384615384615,
T37,elev_doublet_distractor,det,whole,clo_+0.1,0.15384615384615385,0.6666666666666666,0.6666666666666666,
T37,elev_doublet_distractor,det,win5,clo_+0.1,0.15384615384615385,1.0,0.6923076923076923,
T37,elev_doublet_distractor,det,win10,clo_+0.1,0.15384615384615385,1.0,0.717948717948718,
T37,elev_doublet_distractor,det,whole,noop,,,,0.0
T37,elev_doublet_distractor,det,win5,noop,,,,0.0
T37,elev_doublet_distractor,det,win10,noop,,,,0.0
T37,elev_doublet_distractor,sig,whole,inertia_x1.6,0.22727272727272727,1.0,,
T37,elev_doublet_distractor,sig,win5,inertia_x1.6,0.13636363636363635,1.0,,
T37,elev_doublet_distractor,sig,win10,inertia_x1.6,0.13636363636363635,1.0,,
T37,elev_doublet_distractor,sig,whole,cmq_x0.5,0.07692307692307693,1.0,0.7094017094017094,
T37,elev_doublet_distractor,sig,win5,cmq_x0.5,0.15384615384615385,1.0,0.8376068376068376,
T37,elev_doublet_distractor,sig,win10,cmq_x0.5,0.0,0.0,0.7264957264957266,
T37,elev_doublet_distractor,sig,whole,cmalpha_x0.7,0.23076923076923078,0.6,0.5897435897435898,
T37,elev_doublet_distractor,sig,win5,cmalpha_x0.7,0.23076923076923078,0.75,0.623931623931624,
T37,elev_doublet_distractor,sig,win10,cmalpha_x0.7,0.15384615384615385,0.5,0.5982905982905984,
T37,elev_doublet_distractor,sig,whole,clo_+0.1,0.23076923076923078,0.5,0.24786324786324787,
T37,elev_doublet_distractor,sig,win5,clo_+0.1,0.38461538461538464,0.7142857142857143,0.6153846153846154,
T37,elev_doublet_distractor,sig,win10,clo_+0.1,0.46153846153846156,0.75,0.5042735042735043,
T37,elev_doublet_distractor,sig,whole,noop,,,,0.0
T37,elev_doublet_distractor,sig,win5,noop,,,,0.0
T37,elev_doublet_distractor,sig,win10,noop,,,,0.09090909090909091
T38,cruise,det,whole,inertia_x1.6,0.0,,,
T38,cruise,det,win5,inertia_x1.6,0.0,,,
T38,cruise,det,win10,inertia_x1.6,0.0,,,
T38,cruise,det,whole,cmq_x0.5,0.0,,0.15384615384615385,
T38,cruise,det,win5,cmq_x0.5,0.0,0.0,0.23931623931623935,
T38,cruise,det,win10,cmq_x0.5,0.0,0.0,0.264957264957265,
T38,cruise,det,whole,cmalpha_x0.7,0.38461538461538464,0.5555555555555556,0.5641025641025641,
T38,cruise,det,win5,cmalpha_x0.7,0.3076923076923077,0.6666666666666666,0.5982905982905984,
T38,cruise,det,win10,cmalpha_x0.7,0.38461538461538464,0.625,0.641025641025641,
T38,cruise,det,whole,clo_+0.1,0.38461538461538464,0.5,0.5470085470085471,
T38,cruise,det,win5,clo_+0.1,0.3076923076923077,0.4444444444444444,0.5726495726495727,
T38,cruise,det,win10,clo_+0.1,0.3076923076923077,0.4444444444444444,0.6068376068376068,
T38,cruise,det,whole,noop,,,,0.0
T38,cruise,det,win5,noop,,,,0.045454545454545456
T38,cruise,det,win10,noop,,,,0.045454545454545456
T38,cruise,sig,whole,inertia_x1.6,0.045454545454545456,1.0,,
T38,cruise,sig,win5,inertia_x1.6,0.045454545454545456,1.0,,
T38,cruise,sig,win10,inertia_x1.6,0.13636363636363635,1.0,,
T38,cruise,sig,whole,cmq_x0.5,0.07692307692307693,1.0,0.4358974358974359,
T38,cruise,sig,win5,cmq_x0.5,0.0,,0.46153846153846156,
T38,cruise,sig,win10,cmq_x0.5,0.0,,0.44444444444444453,
T38,cruise,sig,whole,cmalpha_x0.7,0.38461538461538464,1.0,0.6666666666666667,
T38,cruise,sig,win5,cmalpha_x0.7,0.3076923076923077,1.0,0.8461538461538461,
T38,cruise,sig,win10,cmalpha_x0.7,0.3076923076923077,1.0,0.7777777777777778,
T38,cruise,sig,whole,clo_+0.1,0.46153846153846156,1.0,0.7521367521367522,
T38,cruise,sig,win5,clo_+0.1,0.6153846153846154,1.0,0.811965811965812,
T38,cruise,sig,win10,clo_+0.1,0.6153846153846154,1.0,0.717948717948718,
T38,cruise,sig,whole,noop,,,,0.045454545454545456
T38,cruise,sig,win5,noop,,,,0.0
T38,cruise,sig,win10,noop,,,,0.0
T38,throttle_step,det,whole,inertia_x1.6,0.0,,,
T38,throttle_step,det,win5,inertia_x1.6,0.045454545454545456,1.0,,
T38,throttle_step,det,win10,inertia_x1.6,0.045454545454545456,1.0,,
T38,throttle_step,det,whole,cmq_x0.5,0.0,,0.09401709401709404,
T38,throttle_step,det,win5,cmq_x0.5,0.0,0.0,0.05128205128205128,
T38,throttle_step,det,win10,cmq_x0.5,0.0,,0.12820512820512822,
T38,throttle_step,det,whole,cmalpha_x0.7,0.15384615384615385,0.6666666666666666,0.28205128205128205,
T38,throttle_step,det,win5,cmalpha_x0.7,0.15384615384615385,0.4,0.21367521367521372,
T38,throttle_step,det,win10,cmalpha_x0.7,0.15384615384615385,0.6666666666666666,0.2820512820512821,
T38,throttle_step,det,whole,clo_+0.1,0.5384615384615384,0.6363636363636364,0.6666666666666667,
T38,throttle_step,det,win5,clo_+0.1,0.46153846153846156,0.6666666666666666,0.6495726495726496,
T38,throttle_step,det,win10,clo_+0.1,0.5384615384615384,0.5833333333333334,0.6666666666666667,
T38,throttle_step,det,whole,noop,,,,0.0
T38,throttle_step,det,win5,noop,,,,0.09090909090909091
T38,throttle_step,det,win10,noop,,,,0.0
T38,throttle_step,sig,whole,inertia_x1.6,0.09090909090909091,1.0,,
T38,throttle_step,sig,win5,inertia_x1.6,0.0,,,
T38,throttle_step,sig,win10,inertia_x1.6,0.045454545454545456,1.0,,
T38,throttle_step,sig,whole,cmq_x0.5,0.0,,0.3931623931623932,
T38,throttle_step,sig,win5,cmq_x0.5,0.0,,0.5042735042735043,
T38,throttle_step,sig,win10,cmq_x0.5,0.07692307692307693,1.0,0.5213675213675214,
T38,throttle_step,sig,whole,cmalpha_x0.7,0.15384615384615385,1.0,0.41025641025641024,
T38,throttle_step,sig,win5,cmalpha_x0.7,0.15384615384615385,1.0,0.5897435897435898,
T38,throttle_step,sig,win10,cmalpha_x0.7,0.07692307692307693,1.0,0.6666666666666667,
T38,throttle_step,sig,whole,clo_+0.1,0.23076923076923078,1.0,0.6495726495726496,
T38,throttle_step,sig,win5,clo_+0.1,0.38461538461538464,0.8333333333333334,0.6324786324786326,
T38,throttle_step,sig,win10,clo_+0.1,0.3076923076923077,1.0,0.6410256410256411,
T38,throttle_step,sig,whole,noop,,,,0.0
T38,throttle_step,sig,win5,noop,,,,0.0
T38,throttle_step,sig,win10,noop,,,,0.0
T38,elev_doublet,det,whole,inertia_x1.6,0.0,,,
T38,elev_doublet,det,win5,inertia_x1.6,0.09090909090909091,1.0,,
T38,elev_doublet,det,win10,inertia_x1.6,0.09090909090909091,1.0,,
T38,elev_doublet,det,whole,cmq_x0.5,0.0,,0.37606837606837606,
T38,elev_doublet,det,win5,cmq_x0.5,0.0,,0.3162393162393163,
T38,elev_doublet,det,win10,cmq_x0.5,0.0,,0.35897435897435903,
T38,elev_doublet,det,whole,cmalpha_x0.7,0.23076923076923078,0.75,0.6153846153846154,
T38,elev_doublet,det,win5,cmalpha_x0.7,0.3076923076923077,0.6666666666666666,0.6923076923076923,
T38,elev_doublet,det,win10,cmalpha_x0.7,0.38461538461538464,0.625,0.6239316239316239,
T38,elev_doublet,det,whole,clo_+0.1,0.6153846153846154,0.8,0.8290598290598291,
T38,elev_doublet,det,win5,clo_+0.1,0.5384615384615384,0.7,0.7948717948717949,
T38,elev_doublet,det,win10,clo_+0.1,0.6153846153846154,0.7272727272727273,0.8119658119658121,
T38,elev_doublet,det,whole,noop,,,,0.0
T38,elev_doublet,det,win5,noop,,,,0.0
T38,elev_doublet,det,win10,noop,,,,0.0
T38,elev_doublet,sig,whole,inertia_x1.6,0.13636363636363635,1.0,,
T38,elev_doublet,sig,win5,inertia_x1.6,0.09090909090909091,1.0,,
T38,elev_doublet,sig,win10,inertia_x1.6,0.045454545454545456,1.0,,
T38,elev_doublet,sig,whole,cmq_x0.5,0.07692307692307693,0.3333333333333333,0.6581196581196582,
T38,elev_doublet,sig,win5,cmq_x0.5,0.07692307692307693,0.5,0.6837606837606838,
T38,elev_doublet,sig,win10,cmq_x0.5,0.0,0.0,0.7008547008547008,
T38,elev_doublet,sig,whole,cmalpha_x0.7,0.5384615384615384,0.7777777777777778,0.8205128205128206,
T38,elev_doublet,sig,win5,cmalpha_x0.7,0.46153846153846156,0.8571428571428571,0.7606837606837608,
T38,elev_doublet,sig,win10,cmalpha_x0.7,0.46153846153846156,0.8571428571428571,0.7863247863247863,
T38,elev_doublet,sig,whole,clo_+0.1,0.3076923076923077,0.6666666666666666,0.7435897435897436,
T38,elev_doublet,sig,win5,clo_+0.1,0.3076923076923077,0.6666666666666666,0.7094017094017093,
T38,elev_doublet,sig,win10,clo_+0.1,0.3076923076923077,0.5714285714285714,0.6923076923076923,
T38,elev_doublet,sig,whole,noop,,,,0.18181818181818182
T38,elev_doublet,sig,win5,noop,,,,0.09090909090909091
T38,elev_doublet,sig,win10,noop,,,,0.09090909090909091
T38,elev_step,det,whole,inertia_x1.6,0.0,,,
T38,elev_step,det,win5,inertia_x1.6,0.0,,,
T38,elev_step,det,win10,inertia_x1.6,0.0,,,
T38,elev_step,det,whole,cmq_x0.5,0.15384615384615385,1.0,0.5555555555555556,
T38,elev_step,det,win5,cmq_x0.5,0.23076923076923078,1.0,0.6239316239316239,
T38,elev_step,det,win10,cmq_x0.5,0.15384615384615385,1.0,0.5982905982905983,
T38,elev_step,det,whole,cmalpha_x0.7,0.9230769230769231,0.9230769230769231,0.9487179487179488,
T38,elev_step,det,win5,cmalpha_x0.7,0.8461538461538461,0.9166666666666666,0.9316239316239318,
T38,elev_step,det,win10,cmalpha_x0.7,0.8461538461538461,1.0,0.9401709401709402,
T38,elev_step,det,whole,clo_+0.1,0.6153846153846154,0.6666666666666666,0.8290598290598291,
T38,elev_step,det,win5,clo_+0.1,0.6153846153846154,0.6666666666666666,0.811965811965812,
T38,elev_step,det,win10,clo_+0.1,0.6153846153846154,0.7272727272727273,0.8205128205128205,
T38,elev_step,det,whole,noop,,,,0.045454545454545456
T38,elev_step,det,win5,noop,,,,0.0
T38,elev_step,det,win10,noop,,,,0.045454545454545456
T38,elev_step,sig,whole,inertia_x1.6,0.045454545454545456,1.0,,
T38,elev_step,sig,win5,inertia_x1.6,0.0,,,
T38,elev_step,sig,win10,inertia_x1.6,0.0,,,
T38,elev_step,sig,whole,cmq_x0.5,0.0,0.0,0.3846153846153847,
T38,elev_step,sig,win5,cmq_x0.5,0.0,0.0,0.3418803418803419,
T38,elev_step,sig,win10,cmq_x0.5,0.0,,0.4017094017094017,
T38,elev_step,sig,whole,cmalpha_x0.7,0.15384615384615385,0.6666666666666666,0.5555555555555556,
T38,elev_step,sig,win5,cmalpha_x0.7,0.15384615384615385,0.6666666666666666,0.6239316239316239,
T38,elev_step,sig,win10,cmalpha_x0.7,0.15384615384615385,1.0,0.5726495726495726,
T38,elev_step,sig,whole,clo_+0.1,0.46153846153846156,0.6666666666666666,0.5470085470085471,
T38,elev_step,sig,win5,clo_+0.1,0.46153846153846156,0.8571428571428571,0.7606837606837606,
T38,elev_step,sig,win10,clo_+0.1,0.46153846153846156,1.0,0.7179487179487181,
T38,elev_step,sig,whole,noop,,,,0.045454545454545456
T38,elev_step,sig,win5,noop,,,,0.045454545454545456
T38,elev_step,sig,win10,noop,,,,0.0
T38,aileron_step,det,whole,inertia_x1.6,0.0,,,
T38,aileron_step,det,win5,inertia_x1.6,0.0,,,
T38,aileron_step,det,win10,inertia_x1.6,0.0,,,
T38,aileron_step,det,whole,cmq_x0.5,0.0,,0.1452991452991453,
T38,aileron_step,det,win5,cmq_x0.5,0.0,,0.15384615384615385,
T38,aileron_step,det,win10,cmq_x0.5,0.0,,0.15384615384615385,
T38,aileron_step,det,whole,cmalpha_x0.7,0.15384615384615385,0.4,0.17948717948717952,
T38,aileron_step,det,win5,cmalpha_x0.7,0.15384615384615385,0.3333333333333333,0.17948717948717952,
T38,aileron_step,det,win10,cmalpha_x0.7,0.15384615384615385,0.4,0.1965811965811966,
T38,aileron_step,det,whole,clo_+0.1,0.15384615384615385,0.2857142857142857,0.28205128205128205,
T38,aileron_step,det,win5,clo_+0.1,0.15384615384615385,0.2857142857142857,0.22222222222222227,
T38,aileron_step,det,win10,clo_+0.1,0.15384615384615385,0.25,0.22222222222222227,
T38,aileron_step,det,whole,noop,,,,0.0
T38,aileron_step,det,win5,noop,,,,0.0
T38,aileron_step,det,win10,noop,,,,0.0
T38,aileron_step,sig,whole,inertia_x1.6,0.0,,,
T38,aileron_step,sig,win5,inertia_x1.6,0.13636363636363635,1.0,,
T38,aileron_step,sig,win10,inertia_x1.6,0.18181818181818182,1.0,,
T38,aileron_step,sig,whole,cmq_x0.5,0.07692307692307693,0.5,0.5982905982905982,
T38,aileron_step,sig,win5,cmq_x0.5,0.23076923076923078,0.75,0.5726495726495726,
T38,aileron_step,sig,win10,cmq_x0.5,0.07692307692307693,0.3333333333333333,0.6410256410256411,
T38,aileron_step,sig,whole,cmalpha_x0.7,0.07692307692307693,0.2,0.38461538461538464,
T38,aileron_step,sig,win5,cmalpha_x0.7,0.15384615384615385,0.5,0.45299145299145305,
T38,aileron_step,sig,win10,cmalpha_x0.7,0.07692307692307693,0.3333333333333333,0.4700854700854701,
T38,aileron_step,sig,whole,clo_+0.1,0.23076923076923078,0.42857142857142855,0.358974358974359,
T38,aileron_step,sig,win5,clo_+0.1,0.3076923076923077,0.5714285714285714,0.45299145299145305,
T38,aileron_step,sig,win10,clo_+0.1,0.23076923076923078,0.42857142857142855,0.3931623931623932,
T38,aileron_step,sig,whole,noop,,,,0.045454545454545456
T38,aileron_step,sig,win5,noop,,,,0.045454545454545456
T38,aileron_step,sig,win10,noop,,,,0.045454545454545456
T38,rudder_doublet,det,whole,inertia_x1.6,0.0,,,
T38,rudder_doublet,det,win5,inertia_x1.6,0.0,,,
T38,rudder_doublet,det,win10,inertia_x1.6,0.0,,,
T38,rudder_doublet,det,whole,cmq_x0.5,0.0,,0.3931623931623932,
T38,rudder_doublet,det,win5,cmq_x0.5,0.0,0.0,0.4444444444444445,
T38,rudder_doublet,det,win10,cmq_x0.5,0.0,0.0,0.3162393162393162,
T38,rudder_doublet,det,whole,cmalpha_x0.7,0.5384615384615384,1.0,0.6837606837606838,
T38,rudder_doublet,det,win5,cmalpha_x0.7,0.5384615384615384,1.0,0.7094017094017093,
T38,rudder_doublet,det,win10,cmalpha_x0.7,0.46153846153846156,0.8571428571428571,0.7094017094017093,
T38,rudder_doublet,det,whole,clo_+0.1,0.6153846153846154,0.8,0.7521367521367521,
T38,rudder_doublet,det,win5,clo_+0.1,0.6153846153846154,0.8888888888888888,0.735042735042735,
T38,rudder_doublet,det,win10,clo_+0.1,0.6153846153846154,0.6666666666666666,0.7521367521367521,
T38,rudder_doublet,det,whole,noop,,,,0.0
T38,rudder_doublet,det,win5,noop,,,,0.045454545454545456
T38,rudder_doublet,det,win10,noop,,,,0.045454545454545456
T38,rudder_doublet,sig,whole,inertia_x1.6,0.045454545454545456,1.0,,
T38,rudder_doublet,sig,win5,inertia_x1.6,0.09090909090909091,1.0,,
T38,rudder_doublet,sig,win10,inertia_x1.6,0.045454545454545456,1.0,,
T38,rudder_doublet,sig,whole,cmq_x0.5,0.0,0.0,0.4829059829059829,
T38,rudder_doublet,sig,win5,cmq_x0.5,0.0,,0.37606837606837606,
T38,rudder_doublet,sig,win10,cmq_x0.5,0.0,,0.3247863247863248,
T38,rudder_doublet,sig,whole,cmalpha_x0.7,0.07692307692307693,0.3333333333333333,0.5726495726495726,
T38,rudder_doublet,sig,win5,cmalpha_x0.7,0.07692307692307693,1.0,0.717948717948718,
T38,rudder_doublet,sig,win10,cmalpha_x0.7,0.07692307692307693,0.5,0.7777777777777779,
T38,rudder_doublet,sig,whole,clo_+0.1,0.46153846153846156,1.0,0.829059829059829,
T38,rudder_doublet,sig,win5,clo_+0.1,0.3076923076923077,1.0,0.8290598290598291,
T38,rudder_doublet,sig,win10,clo_+0.1,0.46153846153846156,1.0,0.8034188034188035,
T38,rudder_doublet,sig,whole,noop,,,,0.045454545454545456
T38,rudder_doublet,sig,win5,noop,,,,0.045454545454545456
T38,rudder_doublet,sig,win10,noop,,,,0.0
T38,bank_hold,det,whole,inertia_x1.6,0.045454545454545456,1.0,,
T38,bank_hold,det,win5,inertia_x1.6,0.045454545454545456,1.0,,
T38,bank_hold,det,win10,inertia_x1.6,0.045454545454545456,1.0,,
T38,bank_hold,det,whole,cmq_x0.5,0.0,,0.264957264957265,
T38,bank_hold,det,win5,cmq_x0.5,0.0,,0.2136752136752137,
T38,bank_hold,det,win10,cmq_x0.5,0.0,,0.17094017094017094,
T38,bank_hold,det,whole,cmalpha_x0.7,0.15384615384615385,0.5,0.735042735042735,
T38,bank_hold,det,win5,cmalpha_x0.7,0.15384615384615385,0.5,0.8376068376068376,
T38,bank_hold,det,win10,cmalpha_x0.7,0.15384615384615385,0.4,0.8376068376068376,
T38,bank_hold,det,whole,clo_+0.1,0.46153846153846156,0.6,0.8034188034188035,
T38,bank_hold,det,win5,clo_+0.1,0.38461538461538464,0.625,0.7777777777777779,
T38,bank_hold,det,win10,clo_+0.1,0.46153846153846156,0.75,0.811965811965812,
T38,bank_hold,det,whole,noop,,,,0.09090909090909091
T38,bank_hold,det,win5,noop,,,,0.0
T38,bank_hold,det,win10,noop,,,,0.0
T38,bank_hold,sig,whole,inertia_x1.6,0.045454545454545456,1.0,,
T38,bank_hold,sig,win5,inertia_x1.6,0.045454545454545456,1.0,,
T38,bank_hold,sig,win10,inertia_x1.6,0.09090909090909091,1.0,,
T38,bank_hold,sig,whole,cmq_x0.5,0.07692307692307693,0.5,0.28205128205128205,
T38,bank_hold,sig,win5,cmq_x0.5,0.07692307692307693,1.0,0.37606837606837606,
T38,bank_hold,sig,win10,cmq_x0.5,0.07692307692307693,0.5,0.3846153846153847,
T38,bank_hold,sig,whole,cmalpha_x0.7,0.15384615384615385,0.2857142857142857,0.6239316239316239,
T38,bank_hold,sig,win5,cmalpha_x0.7,0.5384615384615384,0.6363636363636364,0.7777777777777779,
T38,bank_hold,sig,win10,cmalpha_x0.7,0.23076923076923078,0.6,0.7264957264957266,
T38,bank_hold,sig,whole,clo_+0.1,0.3076923076923077,0.4444444444444444,0.4786324786324786,
T38,bank_hold,sig,win5,clo_+0.1,0.5384615384615384,0.5833333333333334,0.7863247863247863,
T38,bank_hold,sig,win10,clo_+0.1,0.5384615384615384,0.6363636363636364,0.8034188034188035,
T38,bank_hold,sig,whole,noop,,,,0.045454545454545456
T38,bank_hold,sig,win5,noop,,,,0.0
T38,bank_hold,sig,win10,noop,,,,0.045454545454545456
T38,flap_extend,det,whole,inertia_x1.6,0.0,,,
T38,flap_extend,det,win5,inertia_x1.6,0.0,,,
T38,flap_extend,det,win10,inertia_x1.6,0.0,,,
T38,flap_extend,det,whole,cmq_x0.5,0.5384615384615384,1.0,0.6923076923076923,
T38,flap_extend,det,win5,cmq_x0.5,0.5384615384615384,1.0,0.7094017094017094,
T38,flap_extend,det,win10,cmq_x0.5,0.5384615384615384,1.0,0.7521367521367521,
T38,flap_extend,det,whole,clo_+0.1,0.7692307692307693,0.7692307692307693,0.8461538461538461,
T38,flap_extend,det,win5,clo_+0.1,0.7692307692307693,0.7692307692307693,0.8632478632478633,
T38,flap_extend,det,win10,clo_+0.1,0.7692307692307693,0.7142857142857143,0.8547008547008548,
T38,flap_extend,det,whole,noop,,,,0.045454545454545456
T38,flap_extend,det,win5,noop,,,,0.09090909090909091
T38,flap_extend,det,win10,noop,,,,0.09090909090909091
T38,flap_extend,sig,whole,inertia_x1.6,0.13636363636363635,1.0,,
T38,flap_extend,sig,win5,inertia_x1.6,0.13636363636363635,1.0,,
T38,flap_extend,sig,win10,inertia_x1.6,0.13636363636363635,1.0,,
T38,flap_extend,sig,whole,cmq_x0.5,0.15384615384615385,0.5,0.41880341880341887,
T38,flap_extend,sig,win5,cmq_x0.5,0.15384615384615385,0.6666666666666666,0.5982905982905983,
T38,flap_extend,sig,win10,cmq_x0.5,0.23076923076923078,0.75,0.6239316239316239,
T38,flap_extend,sig,whole,clo_+0.1,0.6153846153846154,0.8888888888888888,0.9316239316239316,
T38,flap_extend,sig,win5,clo_+0.1,0.46153846153846156,1.0,0.8376068376068376,
T38,flap_extend,sig,win10,clo_+0.1,0.5384615384615384,0.875,0.8717948717948719,
T38,flap_extend,sig,whole,noop,,,,0.045454545454545456
T38,flap_extend,sig,win5,noop,,,,0.13636363636363635
T38,flap_extend,sig,win10,noop,,,,0.13636363636363635
T38,engine_cut,det,whole,inertia_x1.6,0.22727272727272727,1.0,,
T38,engine_cut,det,win5,inertia_x1.6,0.22727272727272727,1.0,,
T38,engine_cut,det,win10,inertia_x1.6,0.22727272727272727,1.0,,
T38,engine_cut,det,whole,cmq_x0.5,0.3076923076923077,0.8,0.4871794871794872,
T38,engine_cut,det,win5,cmq_x0.5,0.23076923076923078,0.75,0.7606837606837608,
T38,engine_cut,det,win10,cmq_x0.5,0.3076923076923077,0.8,0.5641025641025641,
T38,engine_cut,det,whole,cmalpha_x0.7,0.6153846153846154,0.8888888888888888,0.7863247863247864,
T38,engine_cut,det,win5,cmalpha_x0.7,0.5384615384615384,0.875,0.811965811965812,
T38,engine_cut,det,win10,cmalpha_x0.7,0.6153846153846154,0.8888888888888888,0.8376068376068377,
T38,engine_cut,det,whole,clo_+0.1,1.0,0.8666666666666667,0.811965811965812,
T38,engine_cut,det,win5,clo_+0.1,0.9230769230769231,0.8571428571428571,0.8034188034188035,
T38,engine_cut,det,win10,clo_+0.1,0.9230769230769231,0.8571428571428571,0.7948717948717949,
T38,engine_cut,det,whole,noop,,,,0.0
T38,engine_cut,det,win5,noop,,,,0.0
T38,engine_cut,det,win10,noop,,,,0.0
T38,engine_cut,sig,whole,inertia_x1.6,0.045454545454545456,1.0,,
T38,engine_cut,sig,win5,inertia_x1.6,0.0,,,
T38,engine_cut,sig,win10,inertia_x1.6,0.045454545454545456,1.0,,
T38,engine_cut,sig,whole,cmq_x0.5,0.07692307692307693,0.5,0.2991452991452992,
T38,engine_cut,sig,win5,cmq_x0.5,0.07692307692307693,1.0,0.3247863247863248,
T38,engine_cut,sig,win10,cmq_x0.5,0.15384615384615385,1.0,0.28205128205128205,
T38,engine_cut,sig,whole,cmalpha_x0.7,0.7692307692307693,0.8333333333333334,0.6495726495726497,
T38,engine_cut,sig,win5,cmalpha_x0.7,0.5384615384615384,0.7,0.7094017094017094,
T38,engine_cut,sig,win10,cmalpha_x0.7,0.5384615384615384,0.7777777777777778,0.6239316239316239,
T38,engine_cut,sig,whole,clo_+0.1,0.7692307692307693,0.8333333333333334,0.7350427350427351,
T38,engine_cut,sig,win5,clo_+0.1,0.6923076923076923,0.75,0.717948717948718,
T38,engine_cut,sig,win10,clo_+0.1,0.6153846153846154,0.7272727272727273,0.6581196581196582,
T38,engine_cut,sig,whole,noop,,,,0.045454545454545456
T38,engine_cut,sig,win5,noop,,,,0.0
T38,engine_cut,sig,win10,noop,,,,0.0
T38,climbing_turn,det,whole,inertia_x1.6,0.045454545454545456,1.0,,
T38,climbing_turn,det,win5,inertia_x1.6,0.045454545454545456,1.0,,
T38,climbing_turn,det,win10,inertia_x1.6,0.0,,,
T38,climbing_turn,det,whole,cmq_x0.5,0.15384615384615385,0.5,0.35042735042735046,
T38,climbing_turn,det,win5,cmq_x0.5,0.07692307692307693,0.5,0.17948717948717952,
T38,climbing_turn,det,win10,cmq_x0.5,0.07692307692307693,0.5,0.13675213675213677,
T38,climbing_turn,det,whole,cmalpha_x0.7,0.23076923076923078,0.3333333333333333,0.358974358974359,
T38,climbing_turn,det,win5,cmalpha_x0.7,0.15384615384615385,0.2857142857142857,0.3162393162393162,
T38,climbing_turn,det,win10,cmalpha_x0.7,0.23076923076923078,0.375,0.2991452991452992,
T38,climbing_turn,sig,whole,inertia_x1.6,0.0,,,
T38,climbing_turn,sig,win5,inertia_x1.6,0.045454545454545456,1.0,,
T38,climbing_turn,sig,win10,inertia_x1.6,0.045454545454545456,1.0,,
T38,climbing_turn,sig,whole,cmq_x0.5,0.15384615384615385,0.4,0.23931623931623933,
T38,climbing_turn,sig,win5,cmq_x0.5,0.07692307692307693,0.5,0.29914529914529914,
T38,climbing_turn,sig,win10,cmq_x0.5,0.23076923076923078,1.0,0.25641025641025644,
T38,climbing_turn,sig,whole,cmalpha_x0.7,0.15384615384615385,0.6666666666666666,0.5384615384615384,
T38,climbing_turn,sig,win5,cmalpha_x0.7,0.15384615384615385,0.5,0.4017094017094017,
T38,climbing_turn,sig,win10,cmalpha_x0.7,0.15384615384615385,0.5,0.3931623931623932,
T38,elev_doublet_distractor,det,whole,inertia_x1.6,0.0,,,
T38,elev_doublet_distractor,det,win5,inertia_x1.6,0.0,,,
T38,elev_doublet_distractor,det,win10,inertia_x1.6,0.0,,,
T38,elev_doublet_distractor,det,whole,cmq_x0.5,0.0,,0.09401709401709403,
T38,elev_doublet_distractor,det,win5,cmq_x0.5,0.0,,0.08547008547008547,
T38,elev_doublet_distractor,det,win10,cmq_x0.5,0.07692307692307693,1.0,0.1794871794871795,
T38,elev_doublet_distractor,det,whole,cmalpha_x0.7,0.3076923076923077,0.6666666666666666,0.41880341880341887,
T38,elev_doublet_distractor,det,win5,cmalpha_x0.7,0.23076923076923078,0.42857142857142855,0.37606837606837606,
T38,elev_doublet_distractor,det,win10,cmalpha_x0.7,0.23076923076923078,0.5,0.41025641025641035,
T38,elev_doublet_distractor,det,whole,clo_+0.1,0.6923076923076923,0.8181818181818182,0.9316239316239316,
T38,elev_doublet_distractor,det,win5,clo_+0.1,0.7692307692307693,0.8333333333333334,0.982905982905983,
T38,elev_doublet_distractor,det,win10,clo_+0.1,0.7692307692307693,0.8333333333333334,0.9743589743589745,
T38,elev_doublet_distractor,det,whole,noop,,,,0.0
T38,elev_doublet_distractor,det,win5,noop,,,,0.0
T38,elev_doublet_distractor,det,win10,noop,,,,0.0
T38,elev_doublet_distractor,sig,whole,inertia_x1.6,0.2727272727272727,1.0,,
T38,elev_doublet_distractor,sig,win5,inertia_x1.6,0.045454545454545456,1.0,,
T38,elev_doublet_distractor,sig,win10,inertia_x1.6,0.13636363636363635,1.0,,
T38,elev_doublet_distractor,sig,whole,cmq_x0.5,0.15384615384615385,0.6666666666666666,0.41025641025641024,
T38,elev_doublet_distractor,sig,win5,cmq_x0.5,0.07692307692307693,1.0,0.5982905982905983,
T38,elev_doublet_distractor,sig,win10,cmq_x0.5,0.0,0.0,0.44444444444444453,
T38,elev_doublet_distractor,sig,whole,cmalpha_x0.7,0.15384615384615385,0.2857142857142857,0.5555555555555556,
T38,elev_doublet_distractor,sig,win5,cmalpha_x0.7,0.23076923076923078,0.5,0.5042735042735043,
T38,elev_doublet_distractor,sig,win10,cmalpha_x0.7,0.23076923076923078,0.6,0.5042735042735043,
T38,elev_doublet_distractor,sig,whole,clo_+0.1,0.6153846153846154,0.6666666666666666,0.7606837606837606,
T38,elev_doublet_distractor,sig,win5,clo_+0.1,0.46153846153846156,0.6,0.6666666666666666,
T38,elev_doublet_distractor,sig,win10,clo_+0.1,0.46153846153846156,0.6,0.7435897435897436,
T38,elev_doublet_distractor,sig,whole,noop,,,,0.13636363636363635
T38,elev_doublet_distractor,sig,win5,noop,,,,0.045454545454545456
T38,elev_doublet_distractor,sig,win10,noop,,,,0.045454545454545456
c172p,cruise,det,whole,inertia_x1.6,0.13636363636363635,1.0,,
c172p,cruise,det,win5,inertia_x1.6,0.09090909090909091,1.0,,
c172p,cruise,det,win10,inertia_x1.6,0.13636363636363635,1.0,,
c172p,cruise,det,whole,cmq_x0.5,0.0,0.0,0.29059829059829057,
c172p,cruise,det,win5,cmq_x0.5,0.0,,0.2393162393162393,
c172p,cruise,det,win10,cmq_x0.5,0.0,0.0,0.29059829059829057,
c172p,cruise,det,whole,cmalpha_x0.7,0.07692307692307693,1.0,0.3931623931623932,
c172p,cruise,det,win5,cmalpha_x0.7,0.07692307692307693,0.5,0.38461538461538464,
c172p,cruise,det,win10,cmalpha_x0.7,0.07692307692307693,0.5,0.38461538461538464,
c172p,cruise,det,whole,clo_+0.1,0.07692307692307693,0.5,0.5811965811965812,
c172p,cruise,det,win5,clo_+0.1,0.07692307692307693,0.5,0.29059829059829057,
c172p,cruise,det,win10,clo_+0.1,0.07692307692307693,0.5,0.4700854700854701,
c172p,cruise,det,whole,noop,,,,0.045454545454545456
c172p,cruise,det,win5,noop,,,,0.0
c172p,cruise,det,win10,noop,,,,0.09090909090909091
c172p,cruise,sig,whole,inertia_x1.6,0.045454545454545456,1.0,,
c172p,cruise,sig,win5,inertia_x1.6,0.045454545454545456,1.0,,
c172p,cruise,sig,win10,inertia_x1.6,0.045454545454545456,1.0,,
c172p,cruise,sig,whole,cmq_x0.5,0.07692307692307693,0.5,0.48717948717948717,
c172p,cruise,sig,win5,cmq_x0.5,0.0,,0.28205128205128205,
c172p,cruise,sig,win10,cmq_x0.5,0.0,0.0,0.35042735042735046,
c172p,cruise,sig,whole,cmalpha_x0.7,0.07692307692307693,0.5,0.6025641025641026,
c172p,cruise,sig,win5,cmalpha_x0.7,0.15384615384615385,1.0,0.5470085470085471,
c172p,cruise,sig,win10,cmalpha_x0.7,0.0,,0.5128205128205128,
c172p,cruise,sig,whole,clo_+0.1,0.15384615384615385,1.0,0.6068376068376068,
c172p,cruise,sig,win5,clo_+0.1,0.23076923076923078,1.0,0.5470085470085471,
c172p,cruise,sig,win10,clo_+0.1,0.07692307692307693,0.5,0.48717948717948717,
c172p,cruise,sig,whole,noop,,,,0.13636363636363635
c172p,cruise,sig,win5,noop,,,,0.0
c172p,cruise,sig,win10,noop,,,,0.09090909090909091
c172p,throttle_step,det,whole,inertia_x1.6,0.13636363636363635,1.0,,
c172p,throttle_step,det,win5,inertia_x1.6,0.09090909090909091,1.0,,
c172p,throttle_step,det,win10,inertia_x1.6,0.09090909090909091,1.0,,
c172p,throttle_step,det,whole,cmq_x0.5,0.07692307692307693,0.5,0.47863247863247865,
c172p,throttle_step,det,win5,cmq_x0.5,0.0,0.0,0.5299145299145299,
c172p,throttle_step,det,win10,cmq_x0.5,0.07692307692307693,0.25,0.4871794871794872,
c172p,throttle_step,det,whole,cmalpha_x0.7,0.07692307692307693,1.0,0.26495726495726496,
c172p,throttle_step,det,win5,cmalpha_x0.7,0.07692307692307693,1.0,0.28205128205128205,
c172p,throttle_step,det,win10,cmalpha_x0.7,0.07692307692307693,1.0,0.29059829059829057,
c172p,throttle_step,det,whole,clo_+0.1,0.07692307692307693,0.3333333333333333,0.29914529914529914,
c172p,throttle_step,det,win5,clo_+0.1,0.07692307692307693,0.25,0.29914529914529914,
c172p,throttle_step,det,win10,clo_+0.1,0.07692307692307693,0.3333333333333333,0.29914529914529914,
c172p,throttle_step,det,whole,noop,,,,0.045454545454545456
c172p,throttle_step,det,win5,noop,,,,0.13636363636363635
c172p,throttle_step,det,win10,noop,,,,0.045454545454545456
c172p,throttle_step,sig,whole,inertia_x1.6,0.045454545454545456,1.0,,
c172p,throttle_step,sig,win5,inertia_x1.6,0.045454545454545456,1.0,,
c172p,throttle_step,sig,win10,inertia_x1.6,0.045454545454545456,1.0,,
c172p,throttle_step,sig,whole,cmq_x0.5,0.0,,0.4444444444444444,
c172p,throttle_step,sig,win5,cmq_x0.5,0.0,,0.5384615384615385,
c172p,throttle_step,sig,win10,cmq_x0.5,0.0,,0.5641025641025642,
c172p,throttle_step,sig,whole,cmalpha_x0.7,0.0,0.0,0.2820512820512821,
c172p,throttle_step,sig,win5,cmalpha_x0.7,0.15384615384615385,1.0,0.7350427350427351,
c172p,throttle_step,sig,win10,cmalpha_x0.7,0.07692307692307693,1.0,0.811965811965812,
c172p,throttle_step,sig,whole,clo_+0.1,0.23076923076923078,0.75,0.6324786324786325,
c172p,throttle_step,sig,win5,clo_+0.1,0.3076923076923077,1.0,0.717948717948718,
c172p,throttle_step,sig,win10,clo_+0.1,0.15384615384615385,1.0,0.811965811965812,
c172p,throttle_step,sig,whole,noop,,,,0.0
c172p,throttle_step,sig,win5,noop,,,,0.0
c172p,throttle_step,sig,win10,noop,,,,0.0
c172p,elev_doublet,det,whole,inertia_x1.6,0.13636363636363635,1.0,,
c172p,elev_doublet,det,win5,inertia_x1.6,0.13636363636363635,1.0,,
c172p,elev_doublet,det,win10,inertia_x1.6,0.09090909090909091,1.0,,
c172p,elev_doublet,det,whole,cmq_x0.5,0.23076923076923078,1.0,0.452991452991453,
c172p,elev_doublet,det,win5,cmq_x0.5,0.15384615384615385,1.0,0.5042735042735043,
c172p,elev_doublet,det,win10,cmq_x0.5,0.23076923076923078,1.0,0.4871794871794872,
c172p,elev_doublet,det,whole,cmalpha_x0.7,0.07692307692307693,1.0,0.23931623931623933,
c172p,elev_doublet,det,win5,cmalpha_x0.7,0.0,,0.33333333333333337,
c172p,elev_doublet,det,win10,cmalpha_x0.7,0.07692307692307693,1.0,0.3076923076923077,
c172p,elev_doublet,det,whole,clo_+0.1,0.23076923076923078,1.0,0.5470085470085471,
c172p,elev_doublet,det,win5,clo_+0.1,0.23076923076923078,1.0,0.4358974358974359,
c172p,elev_doublet,det,win10,clo_+0.1,0.23076923076923078,1.0,0.4786324786324786,
c172p,elev_doublet,det,whole,noop,,,,0.045454545454545456
c172p,elev_doublet,det,win5,noop,,,,0.0
c172p,elev_doublet,det,win10,noop,,,,0.0
c172p,elev_doublet,sig,whole,inertia_x1.6,0.0,,,
c172p,elev_doublet,sig,win5,inertia_x1.6,0.045454545454545456,1.0,,
c172p,elev_doublet,sig,win10,inertia_x1.6,0.0,,,
c172p,elev_doublet,sig,whole,cmq_x0.5,0.07692307692307693,0.5,0.49572649572649574,
c172p,elev_doublet,sig,win5,cmq_x0.5,0.0,,0.547008547008547,
c172p,elev_doublet,sig,win10,cmq_x0.5,0.0,,0.6324786324786325,
c172p,elev_doublet,sig,whole,cmalpha_x0.7,0.0,,0.4871794871794872,
c172p,elev_doublet,sig,win5,cmalpha_x0.7,0.0,,0.7094017094017093,
c172p,elev_doublet,sig,win10,cmalpha_x0.7,0.0,,0.5897435897435898,
c172p,elev_doublet,sig,whole,clo_+0.1,0.23076923076923078,1.0,0.7777777777777778,
c172p,elev_doublet,sig,win5,clo_+0.1,0.23076923076923078,1.0,0.7863247863247864,
c172p,elev_doublet,sig,win10,clo_+0.1,0.07692307692307693,0.5,0.5811965811965811,
c172p,elev_doublet,sig,whole,noop,,,,0.09090909090909091
c172p,elev_doublet,sig,win5,noop,,,,0.0
c172p,elev_doublet,sig,win10,noop,,,,0.045454545454545456
c172p,elev_step,det,whole,inertia_x1.6,0.13636363636363635,1.0,,
c172p,elev_step,det,win5,inertia_x1.6,0.09090909090909091,1.0,,
c172p,elev_step,det,win10,inertia_x1.6,0.09090909090909091,1.0,,
c172p,elev_step,det,whole,cmq_x0.5,0.0,,0.41025641025641024,
c172p,elev_step,det,win5,cmq_x0.5,0.0,,0.4786324786324786,
c172p,elev_step,det,win10,cmq_x0.5,0.0,,0.4017094017094017,
c172p,elev_step,det,whole,cmalpha_x0.7,0.07692307692307693,0.5,0.2991452991452992,
c172p,elev_step,det,win5,cmalpha_x0.7,0.0,,0.32478632478632474,
c172p,elev_step,det,win10,cmalpha_x0.7,0.07692307692307693,1.0,0.29914529914529914,
c172p,elev_step,det,whole,clo_+0.1,0.46153846153846156,1.0,0.7179487179487181,
c172p,elev_step,det,win5,clo_+0.1,0.38461538461538464,1.0,0.6837606837606838,
c172p,elev_step,det,win10,clo_+0.1,0.38461538461538464,1.0,0.735042735042735,
c172p,elev_step,det,whole,noop,,,,0.0
c172p,elev_step,det,win5,noop,,,,0.0
c172p,elev_step,det,win10,noop,,,,0.0
c172p,elev_step,sig,whole,inertia_x1.6,0.045454545454545456,1.0,,
c172p,elev_step,sig,win5,inertia_x1.6,0.13636363636363635,1.0,,
c172p,elev_step,sig,win10,inertia_x1.6,0.13636363636363635,1.0,,
c172p,elev_step,sig,whole,cmq_x0.5,0.0,,0.6923076923076923,
c172p,elev_step,sig,win5,cmq_x0.5,0.0,0.0,0.48717948717948717,
c172p,elev_step,sig,win10,cmq_x0.5,0.07692307692307693,0.5,0.46153846153846156,
c172p,elev_step,sig,whole,cmalpha_x0.7,0.0,,0.5641025641025641,
c172p,elev_step,sig,win5,cmalpha_x0.7,0.15384615384615385,0.6666666666666666,0.5128205128205129,
c172p,elev_step,sig,win10,cmalpha_x0.7,0.0,0.0,0.6495726495726496,
c172p,elev_step,sig,whole,clo_+0.1,0.23076923076923078,0.75,0.36752136752136755,
c172p,elev_step,sig,win5,clo_+0.1,0.23076923076923078,0.6,0.5128205128205128,
c172p,elev_step,sig,win10,clo_+0.1,0.38461538461538464,0.7142857142857143,0.547008547008547,
c172p,elev_step,sig,whole,noop,,,,0.045454545454545456
c172p,elev_step,sig,win5,noop,,,,0.18181818181818182
c172p,elev_step,sig,win10,noop,,,,0.09090909090909091
c172p,aileron_step,det,whole,inertia_x1.6,0.13636363636363635,1.0,,
c172p,aileron_step,det,win5,inertia_x1.6,0.13636363636363635,1.0,,
c172p,aileron_step,det,win10,inertia_x1.6,0.09090909090909091,1.0,,
c172p,aileron_step,det,whole,cmq_x0.5,0.0,,0.717948717948718,
c172p,aileron_step,det,win5,cmq_x0.5,0.0,0.0,0.5555555555555556,
c172p,aileron_step,det,win10,cmq_x0.5,0.0,0.0,0.6068376068376069,
c172p,aileron_step,det,whole,cmalpha_x0.7,0.07692307692307693,1.0,0.41880341880341887,
c172p,aileron_step,det,win5,cmalpha_x0.7,0.0,,0.3931623931623932,
c172p,aileron_step,det,win10,cmalpha_x0.7,0.07692307692307693,1.0,0.3760683760683761,
c172p,aileron_step,det,whole,clo_+0.1,0.15384615384615385,1.0,0.6068376068376069,
c172p,aileron_step,det,win5,clo_+0.1,0.15384615384615385,1.0,0.6752136752136753,
c172p,aileron_step,det,win10,clo_+0.1,0.15384615384615385,0.6666666666666666,0.6239316239316239,
c172p,aileron_step,det,whole,noop,,,,0.0
c172p,aileron_step,det,win5,noop,,,,0.09090909090909091
c172p,aileron_step,det,win10,noop,,,,0.09090909090909091
c172p,aileron_step,sig,whole,inertia_x1.6,0.22727272727272727,1.0,,
c172p,aileron_step,sig,win5,inertia_x1.6,0.18181818181818182,1.0,,
c172p,aileron_step,sig,win10,inertia_x1.6,0.09090909090909091,1.0,,
c172p,aileron_step,sig,whole,cmq_x0.5,0.23076923076923078,0.75,0.7435897435897435,
c172p,aileron_step,sig,win5,cmq_x0.5,0.07692307692307693,0.3333333333333333,0.5384615384615384,
c172p,aileron_step,sig,win10,cmq_x0.5,0.0,0.0,0.5726495726495726,
c172p,aileron_step,sig,whole,cmalpha_x0.7,0.0,,0.35897435897435903,
c172p,aileron_step,sig,win5,cmalpha_x0.7,0.0,,0.4871794871794872,
c172p,aileron_step,sig,win10,cmalpha_x0.7,0.0,0.0,0.5042735042735043,
c172p,aileron_step,sig,whole,clo_+0.1,0.0,,0.5982905982905983,
c172p,aileron_step,sig,win5,clo_+0.1,0.15384615384615385,1.0,0.5042735042735044,
c172p,aileron_step,sig,win10,clo_+0.1,0.07692307692307693,1.0,0.6495726495726496,
c172p,aileron_step,sig,whole,noop,,,,0.18181818181818182
c172p,aileron_step,sig,win5,noop,,,,0.09090909090909091
c172p,aileron_step,sig,win10,noop,,,,0.09090909090909091
c172p,rudder_doublet,det,whole,inertia_x1.6,0.13636363636363635,1.0,,
c172p,rudder_doublet,det,win5,inertia_x1.6,0.09090909090909091,1.0,,
c172p,rudder_doublet,det,win10,inertia_x1.6,0.13636363636363635,1.0,,
c172p,rudder_doublet,det,whole,cmq_x0.5,0.07692307692307693,1.0,0.39316239316239315,
c172p,rudder_doublet,det,win5,cmq_x0.5,0.0,,0.3247863247863248,
c172p,rudder_doublet,det,win10,cmq_x0.5,0.07692307692307693,1.0,0.4017094017094017,
c172p,rudder_doublet,det,whole,cmalpha_x0.7,0.07692307692307693,1.0,0.27350427350427353,
c172p,rudder_doublet,det,win5,cmalpha_x0.7,0.07692307692307693,1.0,0.23931623931623933,
c172p,rudder_doublet,det,win10,cmalpha_x0.7,0.07692307692307693,1.0,0.26495726495726496,
c172p,rudder_doublet,det,whole,clo_+0.1,0.23076923076923078,0.75,0.3247863247863248,
c172p,rudder_doublet,det,win5,clo_+0.1,0.23076923076923078,0.42857142857142855,0.32478632478632474,
c172p,rudder_doublet,det,win10,clo_+0.1,0.23076923076923078,0.5,0.33333333333333337,
c172p,rudder_doublet,det,whole,noop,,,,0.0
c172p,rudder_doublet,det,win5,noop,,,,0.0
c172p,rudder_doublet,det,win10,noop,,,,0.0
c172p,rudder_doublet,sig,whole,inertia_x1.6,0.13636363636363635,1.0,,
c172p,rudder_doublet,sig,win5,inertia_x1.6,0.045454545454545456,1.0,,
c172p,rudder_doublet,sig,win10,inertia_x1.6,0.045454545454545456,1.0,,
c172p,rudder_doublet,sig,whole,cmq_x0.5,0.0,0.0,0.5299145299145299,
c172p,rudder_doublet,sig,win5,cmq_x0.5,0.0,,0.2136752136752137,
c172p,rudder_doublet,sig,win10,cmq_x0.5,0.0,,0.5641025641025641,
c172p,rudder_doublet,sig,whole,cmalpha_x0.7,0.23076923076923078,1.0,0.735042735042735,
c172p,rudder_doublet,sig,win5,cmalpha_x0.7,0.15384615384615385,1.0,0.6239316239316239,
c172p,rudder_doublet,sig,win10,cmalpha_x0.7,0.15384615384615385,1.0,0.8205128205128206,
c172p,rudder_doublet,sig,whole,clo_+0.1,0.23076923076923078,1.0,0.5299145299145299,
c172p,rudder_doublet,sig,win5,clo_+0.1,0.15384615384615385,1.0,0.5042735042735043,
c172p,rudder_doublet,sig,win10,clo_+0.1,0.07692307692307693,1.0,0.5726495726495727,
c172p,rudder_doublet,sig,whole,noop,,,,0.09090909090909091
c172p,rudder_doublet,sig,win5,noop,,,,0.0
c172p,rudder_doublet,sig,win10,noop,,,,0.0
c172p,bank_hold,det,whole,inertia_x1.6,0.13636363636363635,1.0,,
c172p,bank_hold,det,win5,inertia_x1.6,0.09090909090909091,1.0,,
c172p,bank_hold,det,win10,inertia_x1.6,0.09090909090909091,1.0,,
c172p,bank_hold,det,whole,cmq_x0.5,0.0,,0.46153846153846156,
c172p,bank_hold,det,win5,cmq_x0.5,0.0,,0.4188034188034188,
c172p,bank_hold,det,win10,cmq_x0.5,0.0,,0.33333333333333337,
c172p,bank_hold,det,whole,cmalpha_x0.7,0.07692307692307693,1.0,0.26495726495726496,
c172p,bank_hold,det,win5,cmalpha_x0.7,0.0,,0.2991452991452992,
c172p,bank_hold,det,win10,cmalpha_x0.7,0.07692307692307693,1.0,0.2905982905982906,
c172p,bank_hold,det,whole,clo_+0.1,0.15384615384615385,1.0,0.5042735042735044,
c172p,bank_hold,det,win5,clo_+0.1,0.07692307692307693,1.0,0.46153846153846156,
c172p,bank_hold,det,win10,clo_+0.1,0.15384615384615385,1.0,0.3418803418803419,
c172p,bank_hold,det,whole,noop,,,,0.0
c172p,bank_hold,det,win5,noop,,,,0.0
c172p,bank_hold,det,win10,noop,,,,0.0
c172p,bank_hold,sig,whole,inertia_x1.6,0.09090909090909091,1.0,,
c172p,bank_hold,sig,win5,inertia_x1.6,0.0,,,
c172p,bank_hold,sig,win10,inertia_x1.6,0.0,,,
c172p,bank_hold,sig,whole,cmq_x0.5,0.07692307692307693,1.0,0.6752136752136753,
c172p,bank_hold,sig,win5,cmq_x0.5,0.0,,0.41025641025641024,
c172p,bank_hold,sig,win10,cmq_x0.5,0.07692307692307693,0.5,0.5641025641025641,
c172p,bank_hold,sig,whole,cmalpha_x0.7,0.0,,0.5726495726495726,
c172p,bank_hold,sig,win5,cmalpha_x0.7,0.0,,0.5128205128205128,
c172p,bank_hold,sig,win10,cmalpha_x0.7,0.0,0.0,0.3931623931623932,
c172p,bank_hold,sig,whole,clo_+0.1,0.23076923076923078,1.0,0.5470085470085471,
c172p,bank_hold,sig,win5,clo_+0.1,0.3076923076923077,1.0,0.6923076923076924,
c172p,bank_hold,sig,win10,clo_+0.1,0.23076923076923078,1.0,0.5384615384615385,
c172p,bank_hold,sig,whole,noop,,,,0.045454545454545456
c172p,bank_hold,sig,win5,noop,,,,0.0
c172p,bank_hold,sig,win10,noop,,,,0.0
c172p,flap_extend,det,whole,inertia_x1.6,0.09090909090909091,1.0,,
c172p,flap_extend,det,win5,inertia_x1.6,0.13636363636363635,1.0,,
c172p,flap_extend,det,win10,inertia_x1.6,0.09090909090909091,1.0,,
c172p,flap_extend,det,whole,cmq_x0.5,0.0,,0.36752136752136755,
c172p,flap_extend,det,win5,cmq_x0.5,0.0,,0.4615384615384616,
c172p,flap_extend,det,win10,cmq_x0.5,0.0,0.0,0.47008547008547014,
c172p,flap_extend,det,whole,cmalpha_x0.7,0.6153846153846154,0.7272727272727273,0.6837606837606838,
c172p,flap_extend,det,win5,cmalpha_x0.7,0.6153846153846154,0.8888888888888888,0.7008547008547008,
c172p,flap_extend,det,win10,cmalpha_x0.7,0.5384615384615384,0.7777777777777778,0.6837606837606838,
c172p,flap_extend,det,whole,clo_+0.1,0.07692307692307693,0.3333333333333333,0.21367521367521372,
c172p,flap_extend,det,win5,clo_+0.1,0.07692307692307693,0.3333333333333333,0.23931623931623933,
c172p,flap_extend,det,win10,clo_+0.1,0.07692307692307693,0.25,0.23931623931623933,
c172p,flap_extend,det,whole,noop,,,,0.0
c172p,flap_extend,det,win5,noop,,,,0.0
c172p,flap_extend,det,win10,noop,,,,0.0
c172p,flap_extend,sig,whole,inertia_x1.6,0.09090909090909091,1.0,,
c172p,flap_extend,sig,win5,inertia_x1.6,0.13636363636363635,1.0,,
c172p,flap_extend,sig,win10,inertia_x1.6,0.13636363636363635,1.0,,
c172p,flap_extend,sig,whole,cmq_x0.5,0.0,,0.4358974358974359,
c172p,flap_extend,sig,win5,cmq_x0.5,0.07692307692307693,1.0,0.5128205128205129,
c172p,flap_extend,sig,win10,cmq_x0.5,0.0,,0.46153846153846156,
c172p,flap_extend,sig,whole,cmalpha_x0.7,0.23076923076923078,0.75,0.5726495726495727,
c172p,flap_extend,sig,win5,cmalpha_x0.7,0.38461538461538464,1.0,0.7777777777777779,
c172p,flap_extend,sig,win10,cmalpha_x0.7,0.46153846153846156,1.0,0.6495726495726496,
c172p,flap_extend,sig,whole,clo_+0.1,0.07692307692307693,0.5,0.5213675213675214,
c172p,flap_extend,sig,win5,clo_+0.1,0.23076923076923078,1.0,0.7692307692307693,
c172p,flap_extend,sig,win10,clo_+0.1,0.07692307692307693,0.3333333333333333,0.6666666666666667,
c172p,flap_extend,sig,whole,noop,,,,0.09090909090909091
c172p,flap_extend,sig,win5,noop,,,,0.045454545454545456
c172p,flap_extend,sig,win10,noop,,,,0.045454545454545456
c172p,climbing_turn,det,whole,inertia_x1.6,0.13636363636363635,1.0,,
c172p,climbing_turn,det,win5,inertia_x1.6,0.13636363636363635,1.0,,
c172p,climbing_turn,det,win10,inertia_x1.6,0.18181818181818182,1.0,,
c172p,climbing_turn,det,whole,cmq_x0.5,0.0,,0.4700854700854701,
c172p,climbing_turn,det,win5,cmq_x0.5,0.0,,0.5128205128205129,
c172p,climbing_turn,det,win10,cmq_x0.5,0.0,,0.3162393162393162,
c172p,climbing_turn,det,whole,cmalpha_x0.7,0.38461538461538464,1.0,0.5384615384615384,
c172p,climbing_turn,det,win5,cmalpha_x0.7,0.3076923076923077,1.0,0.7008547008547008,
c172p,climbing_turn,det,win10,cmalpha_x0.7,0.15384615384615385,1.0,0.641025641025641,
c172p,climbing_turn,det,whole,clo_+0.1,0.15384615384615385,1.0,0.6495726495726496,
c172p,climbing_turn,det,win5,clo_+0.1,0.15384615384615385,0.6666666666666666,0.43589743589743596,
c172p,climbing_turn,det,win10,clo_+0.1,0.07692307692307693,0.5,0.4017094017094017,
c172p,climbing_turn,det,whole,noop,,,,0.0
c172p,climbing_turn,det,win5,noop,,,,0.0
c172p,climbing_turn,det,win10,noop,,,,0.0
c172p,climbing_turn,sig,whole,inertia_x1.6,0.045454545454545456,1.0,,
c172p,climbing_turn,sig,win5,inertia_x1.6,0.045454545454545456,1.0,,
c172p,climbing_turn,sig,win10,inertia_x1.6,0.09090909090909091,1.0,,
c172p,climbing_turn,sig,whole,cmq_x0.5,0.0,0.0,0.2564102564102565,
c172p,climbing_turn,sig,win5,cmq_x0.5,0.0,,0.2905982905982906,
c172p,climbing_turn,sig,win10,cmq_x0.5,0.0,,0.3247863247863248,
c172p,climbing_turn,sig,whole,cmalpha_x0.7,0.0,0.0,0.12820512820512822,
c172p,climbing_turn,sig,win5,cmalpha_x0.7,0.0,0.0,0.3504273504273504,
c172p,climbing_turn,sig,win10,cmalpha_x0.7,0.0,0.0,0.38461538461538464,
c172p,climbing_turn,sig,whole,clo_+0.1,0.07692307692307693,0.5,0.5641025641025641,
c172p,climbing_turn,sig,win5,clo_+0.1,0.23076923076923078,0.75,0.717948717948718,
c172p,climbing_turn,sig,win10,clo_+0.1,0.38461538461538464,0.8333333333333334,0.6837606837606838,
c172p,climbing_turn,sig,whole,noop,,,,0.09090909090909091
c172p,climbing_turn,sig,win5,noop,,,,0.0
c172p,climbing_turn,sig,win10,noop,,,,0.0
c172p,elev_doublet_distractor,det,whole,inertia_x1.6,0.13636363636363635,1.0,,
c172p,elev_doublet_distractor,det,win5,inertia_x1.6,0.09090909090909091,1.0,,
c172p,elev_doublet_distractor,det,win10,inertia_x1.6,0.13636363636363635,1.0,,
c172p,elev_doublet_distractor,det,whole,cmq_x0.5,0.0,,0.32478632478632485,
c172p,elev_doublet_distractor,det,win5,cmq_x0.5,0.0,,0.2991452991452992,
c172p,elev_doublet_distractor,det,win10,cmq_x0.5,0.0,,0.4444444444444445,
c172p,elev_doublet_distractor,det,whole,cmalpha_x0.7,0.07692307692307693,0.3333333333333333,0.05982905982905983,
c172p,elev_doublet_distractor,det,win5,cmalpha_x0.7,0.0,0.0,0.0854700854700855,
c172p,elev_doublet_distractor,det,win10,cmalpha_x0.7,0.07692307692307693,0.5,0.08547008547008549,
c172p,elev_doublet_distractor,det,whole,clo_+0.1,0.15384615384615385,1.0,0.3418803418803419,
c172p,elev_doublet_distractor,det,win5,clo_+0.1,0.23076923076923078,1.0,0.4273504273504274,
c172p,elev_doublet_distractor,det,win10,clo_+0.1,0.23076923076923078,1.0,0.452991452991453,
c172p,elev_doublet_distractor,det,whole,noop,,,,0.0
c172p,elev_doublet_distractor,det,win5,noop,,,,0.0
c172p,elev_doublet_distractor,det,win10,noop,,,,0.0
c172p,elev_doublet_distractor,sig,whole,inertia_x1.6,0.18181818181818182,1.0,,
c172p,elev_doublet_distractor,sig,win5,inertia_x1.6,0.09090909090909091,1.0,,
c172p,elev_doublet_distractor,sig,win10,inertia_x1.6,0.045454545454545456,1.0,,
c172p,elev_doublet_distractor,sig,whole,cmq_x0.5,0.0,0.0,0.3547008547008547,
c172p,elev_doublet_distractor,sig,win5,cmq_x0.5,0.0,0.0,0.5811965811965812,
c172p,elev_doublet_distractor,sig,win10,cmq_x0.5,0.0,,0.4273504273504274,
c172p,elev_doublet_distractor,sig,whole,cmalpha_x0.7,0.0,0.0,0.5555555555555556,
c172p,elev_doublet_distractor,sig,win5,cmalpha_x0.7,0.07692307692307693,1.0,0.49572649572649585,
c172p,elev_doublet_distractor,sig,win10,cmalpha_x0.7,0.0,,0.358974358974359,
c172p,elev_doublet_distractor,sig,whole,clo_+0.1,0.23076923076923078,0.75,0.7350427350427351,
c172p,elev_doublet_distractor,sig,win5,clo_+0.1,0.15384615384615385,0.6666666666666666,0.641025641025641,
c172p,elev_doublet_distractor,sig,win10,clo_+0.1,0.07692307692307693,1.0,0.5299145299145299,
c172p,elev_doublet_distractor,sig,whole,noop,,,,0.09090909090909091
c172p,elev_doublet_distractor,sig,win5,noop,,,,0.045454545454545456
c172p,elev_doublet_distractor,sig,win10,noop,,,,0.0
c172p,engine_stop,det,whole,inertia_x1.6,0.09090909090909091,1.0,,
c172p,engine_stop,det,win5,inertia_x1.6,0.13636363636363635,1.0,,
c172p,engine_stop,det,win10,inertia_x1.6,0.13636363636363635,1.0,,
c172p,engine_stop,det,whole,cmq_x0.5,0.07692307692307693,1.0,0.35897435897435903,
c172p,engine_stop,det,win5,cmq_x0.5,0.0,,0.3076923076923077,
c172p,engine_stop,det,win10,cmq_x0.5,0.0,,0.35042735042735046,
c172p,engine_stop,det,whole,cmalpha_x0.7,0.07692307692307693,1.0,0.36752136752136755,
c172p,engine_stop,det,win5,cmalpha_x0.7,0.07692307692307693,0.5,0.4017094017094017,
c172p,engine_stop,det,win10,cmalpha_x0.7,0.07692307692307693,0.5,0.41025641025641024,
c172p,engine_stop,det,whole,clo_+0.1,0.07692307692307693,0.5,0.452991452991453,
c172p,engine_stop,det,win5,clo_+0.1,0.07692307692307693,0.5,0.49572649572649574,
c172p,engine_stop,det,win10,clo_+0.1,0.07692307692307693,1.0,0.5128205128205129,
c172p,engine_stop,det,whole,noop,,,,0.0
c172p,engine_stop,det,win5,noop,,,,0.0
c172p,engine_stop,det,win10,noop,,,,0.0
c172p,engine_stop,sig,whole,inertia_x1.6,0.045454545454545456,1.0,,
c172p,engine_stop,sig,win5,inertia_x1.6,0.045454545454545456,1.0,,
c172p,engine_stop,sig,win10,inertia_x1.6,0.045454545454545456,1.0,,
c172p,engine_stop,sig,whole,cmq_x0.5,0.0,,0.5042735042735043,
c172p,engine_stop,sig,win5,cmq_x0.5,0.0,,0.23931623931623933,
c172p,engine_stop,sig,win10,cmq_x0.5,0.0,,0.46153846153846156,
c172p,engine_stop,sig,whole,cmalpha_x0.7,0.0,,0.3418803418803419,
c172p,engine_stop,sig,win5,cmalpha_x0.7,0.0,,0.5128205128205128,
c172p,engine_stop,sig,win10,cmalpha_x0.7,0.0,0.0,0.46153846153846156,
c172p,engine_stop,sig,whole,clo_+0.1,0.46153846153846156,1.0,0.5641025641025641,
c172p,engine_stop,sig,win5,clo_+0.1,0.6153846153846154,0.8888888888888888,0.6581196581196581,
c172p,engine_stop,sig,win10,clo_+0.1,0.5384615384615384,0.875,0.5897435897435898,
c172p,engine_stop,sig,whole,noop,,,,0.0
c172p,engine_stop,sig,win5,noop,,,,0.0
c172p,engine_stop,sig,win10,noop,,,,0.0
c172r,cruise,det,whole,inertia_x1.6,0.13636363636363635,1.0,,
c172r,cruise,det,win5,inertia_x1.6,0.09090909090909091,1.0,,
c172r,cruise,det,win10,inertia_x1.6,0.09090909090909091,1.0,,
c172r,cruise,det,whole,cmq_x0.5,0.23076923076923078,1.0,0.4017094017094017,
c172r,cruise,det,win5,cmq_x0.5,0.07692307692307693,1.0,0.36752136752136755,
c172r,cruise,det,win10,cmq_x0.5,0.07692307692307693,1.0,0.39316239316239315,
c172r,cruise,det,whole,cmalpha_x0.7,0.07692307692307693,0.16666666666666666,0.05128205128205129,
c172r,cruise,det,win5,cmalpha_x0.7,0.0,0.0,0.0341880341880342,
c172r,cruise,det,win10,cmalpha_x0.7,0.07692307692307693,0.2,0.051282051282051294,
c172r,cruise,det,whole,clo_+0.1,0.07692307692307693,0.25,0.12820512820512825,
c172r,cruise,det,win5,clo_+0.1,0.07692307692307693,0.25,0.10256410256410259,
c172r,cruise,det,win10,clo_+0.1,0.07692307692307693,0.2,0.12820512820512825,
c172r,cruise,det,whole,noop,,,,0.0
c172r,cruise,det,win5,noop,,,,0.0
c172r,cruise,det,win10,noop,,,,0.0
c172r,cruise,sig,whole,inertia_x1.6,0.045454545454545456,1.0,,
c172r,cruise,sig,win5,inertia_x1.6,0.0,,,
c172r,cruise,sig,win10,inertia_x1.6,0.045454545454545456,1.0,,
c172r,cruise,sig,whole,cmq_x0.5,0.0,0.0,0.4017094017094018,
c172r,cruise,sig,win5,cmq_x0.5,0.0,,0.4786324786324787,
c172r,cruise,sig,win10,cmq_x0.5,0.0,,0.47008547008547014,
c172r,cruise,sig,whole,cmalpha_x0.7,0.0,,0.23076923076923078,
c172r,cruise,sig,win5,cmalpha_x0.7,0.0,,0.3162393162393162,
c172r,cruise,sig,win10,cmalpha_x0.7,0.0,,0.45299145299145305,
c172r,cruise,sig,whole,clo_+0.1,0.07692307692307693,0.5,0.5384615384615384,
c172r,cruise,sig,win5,clo_+0.1,0.23076923076923078,0.75,0.35897435897435903,
c172r,cruise,sig,win10,clo_+0.1,0.23076923076923078,1.0,0.39316239316239315,
c172r,cruise,sig,whole,noop,,,,0.045454545454545456
c172r,cruise,sig,win5,noop,,,,0.0
c172r,cruise,sig,win10,noop,,,,0.0
c172r,throttle_step,det,whole,inertia_x1.6,0.13636363636363635,1.0,,
c172r,throttle_step,det,win5,inertia_x1.6,0.045454545454545456,1.0,,
c172r,throttle_step,det,win10,inertia_x1.6,0.13636363636363635,1.0,,
c172r,throttle_step,det,whole,cmq_x0.5,0.0,0.0,0.017094017094017103,
c172r,throttle_step,det,win5,cmq_x0.5,0.0,0.0,0.008547008547008551,
c172r,throttle_step,det,win10,cmq_x0.5,0.0,0.0,0.034188034188034205,
c172r,throttle_step,det,whole,cmalpha_x0.7,0.07692307692307693,1.0,0.3333333333333333,
c172r,throttle_step,det,win5,cmalpha_x0.7,0.07692307692307693,1.0,0.43589743589743596,
c172r,throttle_step,det,win10,cmalpha_x0.7,0.07692307692307693,1.0,0.43589743589743596,
c172r,throttle_step,det,whole,clo_+0.1,0.07692307692307693,0.16666666666666666,0.46153846153846156,
c172r,throttle_step,det,win5,clo_+0.1,0.07692307692307693,0.25,0.46153846153846156,
c172r,throttle_step,det,win10,clo_+0.1,0.07692307692307693,0.16666666666666666,0.5811965811965811,
c172r,throttle_step,det,whole,noop,,,,0.2727272727272727
c172r,throttle_step,det,win5,noop,,,,0.13636363636363635
c172r,throttle_step,det,win10,noop,,,,0.2727272727272727
c172r,throttle_step,sig,whole,inertia_x1.6,0.09090909090909091,1.0,,
c172r,throttle_step,sig,win5,inertia_x1.6,0.0,,,
c172r,throttle_step,sig,win10,inertia_x1.6,0.13636363636363635,1.0,,
c172r,throttle_step,sig,whole,cmq_x0.5,0.0,,0.5641025641025641,
c172r,throttle_step,sig,win5,cmq_x0.5,0.0,,0.623931623931624,
c172r,throttle_step,sig,win10,cmq_x0.5,0.07692307692307693,1.0,0.6495726495726496,
c172r,throttle_step,sig,whole,cmalpha_x0.7,0.0,,0.6153846153846154,
c172r,throttle_step,sig,win5,cmalpha_x0.7,0.07692307692307693,1.0,0.6666666666666667,
c172r,throttle_step,sig,win10,cmalpha_x0.7,0.23076923076923078,1.0,0.5213675213675214,
c172r,throttle_step,sig,whole,clo_+0.1,0.23076923076923078,1.0,0.5641025641025641,
c172r,throttle_step,sig,win5,clo_+0.1,0.23076923076923078,1.0,0.5897435897435898,
c172r,throttle_step,sig,win10,clo_+0.1,0.15384615384615385,1.0,0.5982905982905984,
c172r,throttle_step,sig,whole,noop,,,,0.0
c172r,throttle_step,sig,win5,noop,,,,0.0
c172r,throttle_step,sig,win10,noop,,,,0.045454545454545456
c172r,elev_doublet,det,whole,inertia_x1.6,0.09090909090909091,1.0,,
c172r,elev_doublet,det,win5,inertia_x1.6,0.09090909090909091,1.0,,
c172r,elev_doublet,det,win10,inertia_x1.6,0.09090909090909091,1.0,,
c172r,elev_doublet,det,whole,cmq_x0.5,0.0,,0.452991452991453,
c172r,elev_doublet,det,win5,cmq_x0.5,0.0,,0.4102564102564103,
c172r,elev_doublet,det,win10,cmq_x0.5,0.0,,0.3076923076923077,
c172r,elev_doublet,det,whole,cmalpha_x0.7,0.07692307692307693,1.0,0.05982905982905983,
c172r,elev_doublet,det,win5,cmalpha_x0.7,0.07692307692307693,1.0,0.06837606837606838,
c172r,elev_doublet,det,win10,cmalpha_x0.7,0.07692307692307693,1.0,0.06837606837606838,
c172r,elev_doublet,det,whole,clo_+0.1,0.15384615384615385,0.5,0.44444444444444453,
c172r,elev_doublet,det,win5,clo_+0.1,0.15384615384615385,1.0,0.36752136752136755,
c172r,elev_doublet,det,win10,clo_+0.1,0.15384615384615385,1.0,0.4957264957264958,
c172r,elev_doublet,det,whole,noop,,,,0.0
c172r,elev_doublet,det,win5,noop,,,,0.0
c172r,elev_doublet,det,win10,noop,,,,0.0
c172r,elev_doublet,sig,whole,inertia_x1.6,0.0,,,
c172r,elev_doublet,sig,win5,inertia_x1.6,0.0,,,
c172r,elev_doublet,sig,win10,inertia_x1.6,0.0,,,
c172r,elev_doublet,sig,whole,cmq_x0.5,0.07692307692307693,1.0,0.6239316239316239,
c172r,elev_doublet,sig,win5,cmq_x0.5,0.0,,0.45299145299145305,
c172r,elev_doublet,sig,win10,cmq_x0.5,0.0,0.0,0.5470085470085471,
c172r,elev_doublet,sig,whole,cmalpha_x0.7,0.23076923076923078,0.75,0.5128205128205128,
c172r,elev_doublet,sig,win5,cmalpha_x0.7,0.07692307692307693,1.0,0.4017094017094017,
c172r,elev_doublet,sig,win10,cmalpha_x0.7,0.3076923076923077,0.8,0.5470085470085471,
c172r,elev_doublet,sig,whole,clo_+0.1,0.07692307692307693,0.5,0.6239316239316239,
c172r,elev_doublet,sig,win5,clo_+0.1,0.15384615384615385,1.0,0.5897435897435899,
c172r,elev_doublet,sig,win10,clo_+0.1,0.3076923076923077,1.0,0.6752136752136754,
c172r,elev_doublet,sig,whole,noop,,,,0.0
c172r,elev_doublet,sig,win5,noop,,,,0.0
c172r,elev_doublet,sig,win10,noop,,,,0.045454545454545456
c172r,elev_step,det,whole,inertia_x1.6,0.13636363636363635,1.0,,
c172r,elev_step,det,win5,inertia_x1.6,0.0,,,
c172r,elev_step,det,win10,inertia_x1.6,0.045454545454545456,1.0,,
c172r,elev_step,det,whole,cmq_x0.5,0.23076923076923078,1.0,0.8803418803418803,
c172r,elev_step,det,win5,cmq_x0.5,0.23076923076923078,1.0,0.6837606837606838,
c172r,elev_step,det,win10,cmq_x0.5,0.3076923076923077,1.0,0.7179487179487178,
c172r,elev_step,det,whole,cmalpha_x0.7,0.07692307692307693,1.0,0.26495726495726496,
c172r,elev_step,det,win5,cmalpha_x0.7,0.07692307692307693,1.0,0.28205128205128205,
c172r,elev_step,det,win10,cmalpha_x0.7,0.07692307692307693,1.0,0.26495726495726496,
c172r,elev_step,det,whole,clo_+0.1,0.3076923076923077,0.5,0.42735042735042733,
c172r,elev_step,det,win5,clo_+0.1,0.3076923076923077,0.6666666666666666,0.46153846153846156,
c172r,elev_step,det,win10,clo_+0.1,0.3076923076923077,0.6666666666666666,0.5128205128205128,
c172r,elev_step,det,whole,noop,,,,0.0
c172r,elev_step,det,win5,noop,,,,0.0
c172r,elev_step,det,win10,noop,,,,0.0
c172r,elev_step,sig,whole,inertia_x1.6,0.09090909090909091,1.0,,
c172r,elev_step,sig,win5,inertia_x1.6,0.045454545454545456,1.0,,
c172r,elev_step,sig,win10,inertia_x1.6,0.045454545454545456,1.0,,
c172r,elev_step,sig,whole,cmq_x0.5,0.0,,0.3418803418803419,
c172r,elev_step,sig,win5,cmq_x0.5,0.0,0.0,0.24786324786324787,
c172r,elev_step,sig,win10,cmq_x0.5,0.0,0.0,0.6410256410256411,
c172r,elev_step,sig,whole,cmalpha_x0.7,0.07692307692307693,1.0,0.264957264957265,
c172r,elev_step,sig,win5,cmalpha_x0.7,0.07692307692307693,0.5,0.3760683760683762,
c172r,elev_step,sig,win10,cmalpha_x0.7,0.07692307692307693,1.0,0.49572649572649574,
c172r,elev_step,sig,whole,clo_+0.1,0.0,,0.3418803418803419,
c172r,elev_step,sig,win5,clo_+0.1,0.0,0.0,0.25641025641025644,
c172r,elev_step,sig,win10,clo_+0.1,0.3076923076923077,0.8,0.5042735042735044,
c172r,elev_step,sig,whole,noop,,,,0.045454545454545456
c172r,elev_step,sig,win5,noop,,,,0.045454545454545456
c172r,elev_step,sig,win10,noop,,,,0.13636363636363635
c172r,aileron_step,det,whole,inertia_x1.6,0.09090909090909091,1.0,,
c172r,aileron_step,det,win5,inertia_x1.6,0.09090909090909091,1.0,,
c172r,aileron_step,det,win10,inertia_x1.6,0.09090909090909091,1.0,,
c172r,aileron_step,det,whole,cmq_x0.5,0.0,,0.36752136752136755,
c172r,aileron_step,det,win5,cmq_x0.5,0.0,,0.29914529914529914,
c172r,aileron_step,det,win10,cmq_x0.5,0.0,,0.3247863247863248,
c172r,aileron_step,det,whole,cmalpha_x0.7,0.0,,0.2820512820512821,
c172r,aileron_step,det,win5,cmalpha_x0.7,0.0,,0.27350427350427353,
c172r,aileron_step,det,win10,cmalpha_x0.7,0.0,,0.264957264957265,
c172r,aileron_step,det,whole,clo_+0.1,0.23076923076923078,0.6,0.6495726495726496,
c172r,aileron_step,det,win5,clo_+0.1,0.23076923076923078,0.75,0.41025641025641024,
c172r,aileron_step,det,win10,clo_+0.1,0.23076923076923078,1.0,0.452991452991453,
c172r,aileron_step,det,whole,noop,,,,0.0
c172r,aileron_step,det,win5,noop,,,,0.045454545454545456
c172r,aileron_step,det,win10,noop,,,,0.0
c172r,aileron_step,sig,whole,inertia_x1.6,0.13636363636363635,1.0,,
c172r,aileron_step,sig,win5,inertia_x1.6,0.09090909090909091,1.0,,
c172r,aileron_step,sig,win10,inertia_x1.6,0.09090909090909091,1.0,,
c172r,aileron_step,sig,whole,cmq_x0.5,0.23076923076923078,1.0,0.7777777777777779,
c172r,aileron_step,sig,win5,cmq_x0.5,0.0,,0.4786324786324787,
c172r,aileron_step,sig,win10,cmq_x0.5,0.0,,0.7521367521367521,
c172r,aileron_step,sig,whole,cmalpha_x0.7,0.15384615384615385,1.0,0.5384615384615385,
c172r,aileron_step,sig,win5,cmalpha_x0.7,0.23076923076923078,1.0,0.811965811965812,
c172r,aileron_step,sig,win10,cmalpha_x0.7,0.15384615384615385,1.0,0.7948717948717949,
c172r,aileron_step,sig,whole,clo_+0.1,0.15384615384615385,1.0,0.7692307692307693,
c172r,aileron_step,sig,win5,clo_+0.1,0.23076923076923078,1.0,0.7948717948717949,
c172r,aileron_step,sig,win10,clo_+0.1,0.23076923076923078,1.0,0.5555555555555556,
c172r,aileron_step,sig,whole,noop,,,,0.09090909090909091
c172r,aileron_step,sig,win5,noop,,,,0.0
c172r,aileron_step,sig,win10,noop,,,,0.0
c172r,rudder_doublet,det,whole,inertia_x1.6,0.13636363636363635,1.0,,
c172r,rudder_doublet,det,win5,inertia_x1.6,0.09090909090909091,1.0,,
c172r,rudder_doublet,det,win10,inertia_x1.6,0.13636363636363635,1.0,,
c172r,rudder_doublet,det,whole,cmq_x0.5,0.0,,0.3846153846153847,
c172r,rudder_doublet,det,win5,cmq_x0.5,0.0,0.0,0.3418803418803419,
c172r,rudder_doublet,det,win10,cmq_x0.5,0.0,,0.36752136752136755,
c172r,rudder_doublet,det,whole,cmalpha_x0.7,0.07692307692307693,1.0,0.358974358974359,
c172r,rudder_doublet,det,win5,cmalpha_x0.7,0.07692307692307693,1.0,0.3418803418803419,
c172r,rudder_doublet,det,win10,cmalpha_x0.7,0.07692307692307693,1.0,0.3931623931623932,
c172r,rudder_doublet,det,whole,clo_+0.1,0.07692307692307693,1.0,0.3162393162393162,
c172r,rudder_doublet,det,win5,clo_+0.1,0.07692307692307693,0.3333333333333333,0.3162393162393162,
c172r,rudder_doublet,det,win10,clo_+0.1,0.07692307692307693,0.3333333333333333,0.2905982905982906,
c172r,rudder_doublet,det,whole,noop,,,,0.0
c172r,rudder_doublet,det,win5,noop,,,,0.045454545454545456
c172r,rudder_doublet,det,win10,noop,,,,0.0
c172r,rudder_doublet,sig,whole,inertia_x1.6,0.045454545454545456,1.0,,
c172r,rudder_doublet,sig,win5,inertia_x1.6,0.13636363636363635,1.0,,
c172r,rudder_doublet,sig,win10,inertia_x1.6,0.09090909090909091,1.0,,
c172r,rudder_doublet,sig,whole,cmq_x0.5,0.0,,0.6666666666666667,
c172r,rudder_doublet,sig,win5,cmq_x0.5,0.0,,0.5811965811965811,
c172r,rudder_doublet,sig,win10,cmq_x0.5,0.0,,0.5641025641025641,
c172r,rudder_doublet,sig,whole,cmalpha_x0.7,0.07692307692307693,1.0,0.6923076923076923,
c172r,rudder_doublet,sig,win5,cmalpha_x0.7,0.07692307692307693,1.0,0.7008547008547009,
c172r,rudder_doublet,sig,win10,cmalpha_x0.7,0.0,,0.6923076923076923,
c172r,rudder_doublet,sig,whole,clo_+0.1,0.07692307692307693,1.0,0.6153846153846154,
c172r,rudder_doublet,sig,win5,clo_+0.1,0.38461538461538464,0.7142857142857143,0.5726495726495726,
c172r,rudder_doublet,sig,win10,clo_+0.1,0.07692307692307693,0.5,0.5641025641025641,
c172r,rudder_doublet,sig,whole,noop,,,,0.0
c172r,rudder_doublet,sig,win5,noop,,,,0.0
c172r,rudder_doublet,sig,win10,noop,,,,0.0
c172r,bank_hold,det,whole,inertia_x1.6,0.09090909090909091,1.0,,
c172r,bank_hold,det,win5,inertia_x1.6,0.09090909090909091,1.0,,
c172r,bank_hold,det,win10,inertia_x1.6,0.09090909090909091,1.0,,
c172r,bank_hold,det,whole,cmq_x0.5,0.15384615384615385,1.0,0.5641025641025641,
c172r,bank_hold,det,win5,cmq_x0.5,0.07692307692307693,1.0,0.47863247863247865,
c172r,bank_hold,det,win10,cmq_x0.5,0.07692307692307693,1.0,0.45299145299145305,
c172r,bank_hold,det,whole,cmalpha_x0.7,0.07692307692307693,1.0,0.6068376068376069,
c172r,bank_hold,det,win5,cmalpha_x0.7,0.0,,0.6666666666666666,
c172r,bank_hold,det,win10,cmalpha_x0.7,0.07692307692307693,1.0,0.5811965811965812,
c172r,bank_hold,det,whole,clo_+0.1,0.23076923076923078,1.0,0.6923076923076923,
c172r,bank_hold,det,win5,clo_+0.1,0.23076923076923078,1.0,0.6324786324786326,
c172r,bank_hold,det,win10,clo_+0.1,0.23076923076923078,0.75,0.6581196581196581,
c172r,bank_hold,det,whole,noop,,,,0.0
c172r,bank_hold,det,win5,noop,,,,0.0
c172r,bank_hold,det,win10,noop,,,,0.0
c172r,bank_hold,sig,whole,inertia_x1.6,0.045454545454545456,1.0,,
c172r,bank_hold,sig,win5,inertia_x1.6,0.09090909090909091,1.0,,
c172r,bank_hold,sig,win10,inertia_x1.6,0.045454545454545456,1.0,,
c172r,bank_hold,sig,whole,cmq_x0.5,0.07692307692307693,1.0,0.8376068376068376,
c172r,bank_hold,sig,win5,cmq_x0.5,0.0,,0.8205128205128205,
c172r,bank_hold,sig,win10,cmq_x0.5,0.23076923076923078,1.0,0.7435897435897436,
c172r,bank_hold,sig,whole,cmalpha_x0.7,0.07692307692307693,1.0,0.6752136752136753,
c172r,bank_hold,sig,win5,cmalpha_x0.7,0.0,0.0,0.6410256410256411,
c172r,bank_hold,sig,win10,cmalpha_x0.7,0.15384615384615385,0.6666666666666666,0.7521367521367521,
c172r,bank_hold,sig,whole,clo_+0.1,0.15384615384615385,1.0,0.7863247863247864,
c172r,bank_hold,sig,win5,clo_+0.1,0.23076923076923078,1.0,0.8205128205128205,
c172r,bank_hold,sig,win10,clo_+0.1,0.46153846153846156,1.0,0.7521367521367522,
c172r,bank_hold,sig,whole,noop,,,,0.045454545454545456
c172r,bank_hold,sig,win5,noop,,,,0.0
c172r,bank_hold,sig,win10,noop,,,,0.18181818181818182
c172r,flap_extend,det,whole,inertia_x1.6,0.13636363636363635,1.0,,
c172r,flap_extend,det,win5,inertia_x1.6,0.045454545454545456,1.0,,
c172r,flap_extend,det,win10,inertia_x1.6,0.09090909090909091,1.0,,
c172r,flap_extend,det,whole,cmq_x0.5,0.0,0.0,0.18803418803418803,
c172r,flap_extend,det,win5,cmq_x0.5,0.0,,0.1965811965811966,
c172r,flap_extend,det,win10,cmq_x0.5,0.0,,0.25641025641025644,
c172r,flap_extend,det,whole,cmalpha_x0.7,0.6153846153846154,0.6153846153846154,0.6752136752136751,
c172r,flap_extend,det,win5,cmalpha_x0.7,0.6153846153846154,0.7272727272727273,0.6923076923076923,
c172r,flap_extend,det,win10,cmalpha_x0.7,0.6153846153846154,0.7272727272727273,0.7094017094017093,
c172r,flap_extend,det,whole,clo_+0.1,0.07692307692307693,1.0,0.5299145299145299,
c172r,flap_extend,det,win5,clo_+0.1,0.07692307692307693,1.0,0.7948717948717949,
c172r,flap_extend,det,win10,clo_+0.1,0.07692307692307693,1.0,0.7350427350427351,
c172r,flap_extend,det,whole,noop,,,,0.13636363636363635
c172r,flap_extend,det,win5,noop,,,,0.0
c172r,flap_extend,det,win10,noop,,,,0.0
c172r,flap_extend,sig,whole,inertia_x1.6,0.18181818181818182,1.0,,
c172r,flap_extend,sig,win5,inertia_x1.6,0.045454545454545456,1.0,,
c172r,flap_extend,sig,win10,inertia_x1.6,0.045454545454545456,1.0,,
c172r,flap_extend,sig,whole,cmq_x0.5,0.15384615384615385,1.0,0.3418803418803419,
c172r,flap_extend,sig,win5,cmq_x0.5,0.07692307692307693,1.0,0.25641025641025644,
c172r,flap_extend,sig,win10,cmq_x0.5,0.0,,0.35897435897435903,
c172r,flap_extend,sig,whole,cmalpha_x0.7,0.23076923076923078,1.0,0.6666666666666667,
c172r,flap_extend,sig,win5,cmalpha_x0.7,0.46153846153846156,1.0,0.6752136752136753,
c172r,flap_extend,sig,win10,cmalpha_x0.7,0.38461538461538464,0.8333333333333334,0.5384615384615385,
c172r,flap_extend,sig,whole,clo_+0.1,0.15384615384615385,1.0,0.47863247863247865,
c172r,flap_extend,sig,win5,clo_+0.1,0.38461538461538464,1.0,0.5641025641025641,
c172r,flap_extend,sig,win10,clo_+0.1,0.23076923076923078,1.0,0.49572649572649574,
c172r,flap_extend,sig,whole,noop,,,,0.045454545454545456
c172r,flap_extend,sig,win5,noop,,,,0.045454545454545456
c172r,flap_extend,sig,win10,noop,,,,0.0
c172r,climbing_turn,det,whole,inertia_x1.6,0.09090909090909091,1.0,,
c172r,climbing_turn,det,win5,inertia_x1.6,0.09090909090909091,1.0,,
c172r,climbing_turn,det,win10,inertia_x1.6,0.09090909090909091,1.0,,
c172r,climbing_turn,det,whole,cmq_x0.5,0.0,,0.38461538461538464,
c172r,climbing_turn,det,win5,cmq_x0.5,0.0,,0.41880341880341876,
c172r,climbing_turn,det,win10,cmq_x0.5,0.0,,0.4700854700854701,
c172r,climbing_turn,det,whole,cmalpha_x0.7,0.15384615384615385,1.0,0.6068376068376069,
c172r,climbing_turn,det,win5,cmalpha_x0.7,0.07692307692307693,1.0,0.6239316239316239,
c172r,climbing_turn,det,win10,cmalpha_x0.7,0.07692307692307693,1.0,0.5470085470085471,
c172r,climbing_turn,det,whole,clo_+0.1,0.5384615384615384,0.875,0.6752136752136753,
c172r,climbing_turn,det,win5,clo_+0.1,0.6153846153846154,1.0,0.7008547008547008,
c172r,climbing_turn,det,win10,clo_+0.1,0.5384615384615384,1.0,0.6153846153846154,
c172r,climbing_turn,det,whole,noop,,,,0.0
c172r,climbing_turn,det,win5,noop,,,,0.045454545454545456
c172r,climbing_turn,det,win10,noop,,,,0.045454545454545456
c172r,climbing_turn,sig,whole,inertia_x1.6,0.18181818181818182,1.0,,
c172r,climbing_turn,sig,win5,inertia_x1.6,0.045454545454545456,1.0,,
c172r,climbing_turn,sig,win10,inertia_x1.6,0.045454545454545456,1.0,,
c172r,climbing_turn,sig,whole,cmq_x0.5,0.3076923076923077,0.6666666666666666,0.6410256410256411,
c172r,climbing_turn,sig,win5,cmq_x0.5,0.0,,0.5384615384615385,
c172r,climbing_turn,sig,win10,cmq_x0.5,0.07692307692307693,0.5,0.5641025641025641,
c172r,climbing_turn,sig,whole,cmalpha_x0.7,0.38461538461538464,0.8333333333333334,0.7264957264957266,
c172r,climbing_turn,sig,win5,cmalpha_x0.7,0.07692307692307693,1.0,0.6752136752136753,
c172r,climbing_turn,sig,win10,cmalpha_x0.7,0.15384615384615385,1.0,0.8717948717948718,
c172r,climbing_turn,sig,whole,clo_+0.1,0.8461538461538461,0.8461538461538461,0.8376068376068376,
c172r,climbing_turn,sig,win5,clo_+0.1,0.38461538461538464,0.8333333333333334,0.6752136752136753,
c172r,climbing_turn,sig,win10,clo_+0.1,0.3076923076923077,0.8,0.7179487179487181,
c172r,climbing_turn,sig,whole,noop,,,,0.13636363636363635
c172r,climbing_turn,sig,win5,noop,,,,0.045454545454545456
c172r,climbing_turn,sig,win10,noop,,,,0.09090909090909091
c172r,elev_doublet_distractor,det,whole,inertia_x1.6,0.045454545454545456,1.0,,
c172r,elev_doublet_distractor,det,win5,inertia_x1.6,0.0,,,
c172r,elev_doublet_distractor,det,win10,inertia_x1.6,0.045454545454545456,1.0,,
c172r,elev_doublet_distractor,det,whole,cmq_x0.5,0.23076923076923078,1.0,0.5555555555555556,
c172r,elev_doublet_distractor,det,win5,cmq_x0.5,0.23076923076923078,1.0,0.49572649572649574,
c172r,elev_doublet_distractor,det,win10,cmq_x0.5,0.23076923076923078,1.0,0.5042735042735043,
c172r,elev_doublet_distractor,det,whole,cmalpha_x0.7,0.07692307692307693,1.0,0.52991452991453,
c172r,elev_doublet_distractor,det,win5,cmalpha_x0.7,0.07692307692307693,1.0,0.6239316239316239,
c172r,elev_doublet_distractor,det,win10,cmalpha_x0.7,0.07692307692307693,1.0,0.5726495726495726,
c172r,elev_doublet_distractor,det,whole,clo_+0.1,0.46153846153846156,0.75,0.37606837606837606,
c172r,elev_doublet_distractor,det,win5,clo_+0.1,0.3076923076923077,0.8,0.37606837606837606,
c172r,elev_doublet_distractor,det,win10,clo_+0.1,0.3076923076923077,0.8,0.37606837606837606,
c172r,elev_doublet_distractor,det,whole,noop,,,,0.0
c172r,elev_doublet_distractor,det,win5,noop,,,,0.0
c172r,elev_doublet_distractor,det,win10,noop,,,,0.0
c172r,elev_doublet_distractor,sig,whole,inertia_x1.6,0.13636363636363635,1.0,,
c172r,elev_doublet_distractor,sig,win5,inertia_x1.6,0.045454545454545456,1.0,,
c172r,elev_doublet_distractor,sig,win10,inertia_x1.6,0.0,,,
c172r,elev_doublet_distractor,sig,whole,cmq_x0.5,0.38461538461538464,0.625,0.717948717948718,
c172r,elev_doublet_distractor,sig,win5,cmq_x0.5,0.23076923076923078,0.5,0.4786324786324787,
c172r,elev_doublet_distractor,sig,win10,cmq_x0.5,0.07692307692307693,1.0,0.5042735042735043,
c172r,elev_doublet_distractor,sig,whole,cmalpha_x0.7,0.5384615384615384,0.7777777777777778,0.8717948717948718,
c172r,elev_doublet_distractor,sig,win5,cmalpha_x0.7,0.38461538461538464,0.625,0.5128205128205128,
c172r,elev_doublet_distractor,sig,win10,cmalpha_x0.7,0.23076923076923078,0.75,0.7094017094017094,
c172r,elev_doublet_distractor,sig,whole,clo_+0.1,0.46153846153846156,1.0,0.7094017094017094,
c172r,elev_doublet_distractor,sig,win5,clo_+0.1,0.46153846153846156,1.0,0.7863247863247864,
c172r,elev_doublet_distractor,sig,win10,clo_+0.1,0.15384615384615385,1.0,0.717948717948718,
c172r,elev_doublet_distractor,sig,whole,noop,,,,0.22727272727272727
c172r,elev_doublet_distractor,sig,win5,noop,,,,0.22727272727272727
c172r,elev_doublet_distractor,sig,win10,noop,,,,0.045454545454545456
c172r,engine_stop,det,whole,inertia_x1.6,0.09090909090909091,1.0,,
c172r,engine_stop,det,win5,inertia_x1.6,0.09090909090909091,1.0,,
c172r,engine_stop,det,win10,inertia_x1.6,0.09090909090909091,1.0,,
c172r,engine_stop,det,whole,cmq_x0.5,0.07692307692307693,1.0,0.3504273504273505,
c172r,engine_stop,det,win5,cmq_x0.5,0.0,,0.27350427350427353,
c172r,engine_stop,det,win10,cmq_x0.5,0.07692307692307693,1.0,0.3504273504273505,
c172r,engine_stop,det,whole,cmalpha_x0.7,0.07692307692307693,0.5,0.1880341880341881,
c172r,engine_stop,det,win5,cmalpha_x0.7,0.0,0.0,0.1880341880341881,
c172r,engine_stop,det,win10,cmalpha_x0.7,0.07692307692307693,0.5,0.14529914529914534,
c172r,engine_stop,det,whole,clo_+0.1,0.38461538461538464,0.625,0.452991452991453,
c172r,engine_stop,det,win5,clo_+0.1,0.38461538461538464,0.5,0.4700854700854701,
c172r,engine_stop,det,win10,clo_+0.1,0.3076923076923077,0.5,0.49572649572649574,
c172r,engine_stop,det,whole,noop,,,,0.0
c172r,engine_stop,det,win5,noop,,,,0.0
c172r,engine_stop,det,win10,noop,,,,0.0
c172r,engine_stop,sig,whole,inertia_x1.6,0.09090909090909091,1.0,,
c172r,engine_stop,sig,win5,inertia_x1.6,0.045454545454545456,1.0,,
c172r,engine_stop,sig,win10,inertia_x1.6,0.09090909090909091,1.0,,
c172r,engine_stop,sig,whole,cmq_x0.5,0.0,0.0,0.5897435897435899,
c172r,engine_stop,sig,win5,cmq_x0.5,0.15384615384615385,1.0,0.4957264957264958,
c172r,engine_stop,sig,win10,cmq_x0.5,0.0,0.0,0.7264957264957265,
c172r,engine_stop,sig,whole,cmalpha_x0.7,0.0,0.0,0.16239316239316243,
c172r,engine_stop,sig,win5,cmalpha_x0.7,0.0,,0.49572649572649574,
c172r,engine_stop,sig,win10,cmalpha_x0.7,0.0,,0.3076923076923077,
c172r,engine_stop,sig,whole,clo_+0.1,0.07692307692307693,1.0,0.27350427350427353,
c172r,engine_stop,sig,win5,clo_+0.1,0.07692307692307693,1.0,0.5555555555555556,
c172r,engine_stop,sig,win10,clo_+0.1,0.07692307692307693,0.5,0.4871794871794872,
c172r,engine_stop,sig,whole,noop,,,,0.045454545454545456
c172r,engine_stop,sig,win5,noop,,,,0.0
c172r,engine_stop,sig,win10,noop,,,,0.045454545454545456
c182,cruise,det,whole,inertia_x1.6,0.09090909090909091,1.0,,
c182,cruise,det,win5,inertia_x1.6,0.045454545454545456,1.0,,
c182,cruise,det,win10,inertia_x1.6,0.0,,,
c182,cruise,det,whole,cmq_x0.5,0.0,,0.37606837606837606,
c182,cruise,det,win5,cmq_x0.5,0.0,,0.2735042735042735,
c182,cruise,det,win10,cmq_x0.5,0.0,,0.4017094017094017,
c182,cruise,det,whole,cmalpha_x0.7,0.0,,0.358974358974359,
c182,cruise,det,win5,cmalpha_x0.7,0.0,,0.29914529914529914,
c182,cruise,det,win10,cmalpha_x0.7,0.0,,0.38461538461538464,
c182,cruise,det,whole,clo_+0.1,0.07692307692307693,0.3333333333333333,0.3076923076923077,
c182,cruise,det,win5,clo_+0.1,0.07692307692307693,0.5,0.28205128205128205,
c182,cruise,det,win10,clo_+0.1,0.07692307692307693,1.0,0.2991452991452992,
c182,cruise,det,whole,noop,,,,0.0
c182,cruise,det,win5,noop,,,,0.0
c182,cruise,det,win10,noop,,,,0.045454545454545456
c182,cruise,sig,whole,inertia_x1.6,0.045454545454545456,1.0,,
c182,cruise,sig,win5,inertia_x1.6,0.0,,,
c182,cruise,sig,win10,inertia_x1.6,0.0,,,
c182,cruise,sig,whole,cmq_x0.5,0.07692307692307693,1.0,0.9145299145299146,
c182,cruise,sig,win5,cmq_x0.5,0.0,,0.7863247863247864,
c182,cruise,sig,win10,cmq_x0.5,0.0,,0.8717948717948718,
c182,cruise,sig,whole,cmalpha_x0.7,0.23076923076923078,1.0,0.888888888888889,
c182,cruise,sig,win5,cmalpha_x0.7,0.15384615384615385,1.0,0.8717948717948718,
c182,cruise,sig,win10,cmalpha_x0.7,0.15384615384615385,1.0,0.9316239316239316,
c182,cruise,sig,whole,clo_+0.1,0.07692307692307693,1.0,0.6666666666666667,
c182,cruise,sig,win5,clo_+0.1,0.07692307692307693,0.5,0.5470085470085471,
c182,cruise,sig,win10,clo_+0.1,0.07692307692307693,1.0,0.5213675213675214,
c182,cruise,sig,whole,noop,,,,0.045454545454545456
c182,cruise,sig,win5,noop,,,,0.09090909090909091
c182,cruise,sig,win10,noop,,,,0.0
c182,throttle_step,det,whole,inertia_x1.6,0.36363636363636365,1.0,,
c182,throttle_step,det,win5,inertia_x1.6,0.36363636363636365,1.0,,
c182,throttle_step,det,win10,inertia_x1.6,0.36363636363636365,1.0,,
c182,throttle_step,det,whole,cmq_x0.5,0.0,,0.5042735042735044,
c182,throttle_step,det,win5,cmq_x0.5,0.0,0.0,0.5897435897435896,
c182,throttle_step,det,win10,cmq_x0.5,0.07692307692307693,0.5,0.4444444444444445,
c182,throttle_step,det,whole,cmalpha_x0.7,0.38461538461538464,1.0,0.7094017094017094,
c182,throttle_step,det,win5,cmalpha_x0.7,0.3076923076923077,1.0,0.6752136752136753,
c182,throttle_step,det,win10,cmalpha_x0.7,0.3076923076923077,1.0,0.6239316239316239,
c182,throttle_step,det,whole,clo_+0.1,0.5384615384615384,0.875,0.7435897435897436,
c182,throttle_step,det,win5,clo_+0.1,0.5384615384615384,0.875,0.717948717948718,
c182,throttle_step,det,win10,clo_+0.1,0.5384615384615384,0.875,0.7264957264957265,
c182,throttle_step,det,whole,noop,,,,0.18181818181818182
c182,throttle_step,det,win5,noop,,,,0.3181818181818182
c182,throttle_step,det,win10,noop,,,,0.22727272727272727
c182,throttle_step,sig,whole,inertia_x1.6,0.18181818181818182,1.0,,
c182,throttle_step,sig,win5,inertia_x1.6,0.2727272727272727,1.0,,
c182,throttle_step,sig,win10,inertia_x1.6,0.2727272727272727,1.0,,
c182,throttle_step,sig,whole,cmq_x0.5,0.3076923076923077,0.8,0.7777777777777778,
c182,throttle_step,sig,win5,cmq_x0.5,0.07692307692307693,0.5,0.4700854700854701,
c182,throttle_step,sig,win10,cmq_x0.5,0.15384615384615385,0.6666666666666666,0.6495726495726496,
c182,throttle_step,sig,whole,cmalpha_x0.7,0.07692307692307693,0.25,0.6068376068376068,
c182,throttle_step,sig,win5,cmalpha_x0.7,0.07692307692307693,0.5,0.6068376068376069,
c182,throttle_step,sig,win10,cmalpha_x0.7,0.15384615384615385,0.6666666666666666,0.641025641025641,
c182,throttle_step,sig,whole,clo_+0.1,0.0,0.0,0.452991452991453,
c182,throttle_step,sig,win5,clo_+0.1,0.15384615384615385,0.6666666666666666,0.6324786324786325,
c182,throttle_step,sig,win10,clo_+0.1,0.07692307692307693,1.0,0.641025641025641,
c182,throttle_step,sig,whole,noop,,,,0.09090909090909091
c182,throttle_step,sig,win5,noop,,,,0.045454545454545456
c182,throttle_step,sig,win10,noop,,,,0.045454545454545456
c182,elev_doublet,det,whole,inertia_x1.6,0.09090909090909091,1.0,,
c182,elev_doublet,det,win5,inertia_x1.6,0.09090909090909091,1.0,,
c182,elev_doublet,det,win10,inertia_x1.6,0.09090909090909091,1.0,,
c182,elev_doublet,det,whole,cmq_x0.5,0.0,,0.09401709401709402,
c182,elev_doublet,det,win5,cmq_x0.5,0.0,,0.11111111111111115,
c182,elev_doublet,det,win10,cmq_x0.5,0.0,,0.12820512820512822,
c182,elev_doublet,det,whole,cmalpha_x0.7,0.0,,0.41880341880341887,
c182,elev_doublet,det,win5,cmalpha_x0.7,0.0,,0.37606837606837606,
c182,elev_doublet,det,win10,cmalpha_x0.7,0.0,,0.41025641025641024,
c182,elev_doublet,det,whole,clo_+0.1,0.15384615384615385,0.3333333333333333,0.3760683760683761,
c182,elev_doublet,det,win5,clo_+0.1,0.07692307692307693,0.3333333333333333,0.39316239316239326,
c182,elev_doublet,det,win10,clo_+0.1,0.15384615384615385,0.5,0.4358974358974359,
c182,elev_doublet,det,whole,noop,,,,0.0
c182,elev_doublet,det,win5,noop,,,,0.0
c182,elev_doublet,det,win10,noop,,,,0.0
c182,elev_doublet,sig,whole,inertia_x1.6,0.0,,,
c182,elev_doublet,sig,win5,inertia_x1.6,0.09090909090909091,1.0,,
c182,elev_doublet,sig,win10,inertia_x1.6,0.0,,,
c182,elev_doublet,sig,whole,cmq_x0.5,0.0,0.0,0.4017094017094017,
c182,elev_doublet,sig,win5,cmq_x0.5,0.0,,0.27350427350427353,
c182,elev_doublet,sig,win10,cmq_x0.5,0.0,0.0,0.3931623931623932,
c182,elev_doublet,sig,whole,cmalpha_x0.7,0.0,,0.5128205128205128,
c182,elev_doublet,sig,win5,cmalpha_x0.7,0.0,0.0,0.3076923076923077,
c182,elev_doublet,sig,win10,cmalpha_x0.7,0.0,0.0,0.5213675213675214,
c182,elev_doublet,sig,whole,clo_+0.1,0.15384615384615385,1.0,0.7179487179487181,
c182,elev_doublet,sig,win5,clo_+0.1,0.23076923076923078,1.0,0.6837606837606838,
c182,elev_doublet,sig,win10,clo_+0.1,0.38461538461538464,1.0,0.6324786324786325,
c182,elev_doublet,sig,whole,noop,,,,0.045454545454545456
c182,elev_doublet,sig,win5,noop,,,,0.18181818181818182
c182,elev_doublet,sig,win10,noop,,,,0.09090909090909091
c182,elev_step,det,whole,inertia_x1.6,0.09090909090909091,1.0,,
c182,elev_step,det,win5,inertia_x1.6,0.09090909090909091,1.0,,
c182,elev_step,det,win10,inertia_x1.6,0.09090909090909091,1.0,,
c182,elev_step,det,whole,cmq_x0.5,0.0,0.0,0.5299145299145299,
c182,elev_step,det,win5,cmq_x0.5,0.0,,0.4615384615384616,
c182,elev_step,det,win10,cmq_x0.5,0.0,,0.4273504273504274,
c182,elev_step,det,whole,cmalpha_x0.7,0.0,,0.32478632478632485,
c182,elev_step,det,win5,cmalpha_x0.7,0.0,,0.3931623931623932,
c182,elev_step,det,win10,cmalpha_x0.7,0.0,,0.4017094017094017,
c182,elev_step,det,whole,clo_+0.1,0.07692307692307693,1.0,0.4188034188034188,
c182,elev_step,det,win5,clo_+0.1,0.15384615384615385,1.0,0.48717948717948717,
c182,elev_step,det,win10,clo_+0.1,0.15384615384615385,1.0,0.5042735042735043,
c182,elev_step,det,whole,noop,,,,0.045454545454545456
c182,elev_step,det,win5,noop,,,,0.0
c182,elev_step,det,win10,noop,,,,0.0
c182,elev_step,sig,whole,inertia_x1.6,0.045454545454545456,1.0,,
c182,elev_step,sig,win5,inertia_x1.6,0.045454545454545456,1.0,,
c182,elev_step,sig,win10,inertia_x1.6,0.09090909090909091,1.0,,
c182,elev_step,sig,whole,cmq_x0.5,0.07692307692307693,0.3333333333333333,0.5811965811965812,
c182,elev_step,sig,win5,cmq_x0.5,0.07692307692307693,0.5,0.6752136752136753,
c182,elev_step,sig,win10,cmq_x0.5,0.15384615384615385,1.0,0.6666666666666667,
c182,elev_step,sig,whole,cmalpha_x0.7,0.0,0.0,0.452991452991453,
c182,elev_step,sig,win5,cmalpha_x0.7,0.07692307692307693,0.3333333333333333,0.5299145299145299,
c182,elev_step,sig,win10,cmalpha_x0.7,0.0,,0.8632478632478633,
c182,elev_step,sig,whole,clo_+0.1,0.07692307692307693,1.0,0.48717948717948717,
c182,elev_step,sig,win5,clo_+0.1,0.07692307692307693,1.0,0.4871794871794872,
c182,elev_step,sig,win10,clo_+0.1,0.0,,0.6923076923076924,
c182,elev_step,sig,whole,noop,,,,0.0
c182,elev_step,sig,win5,noop,,,,0.045454545454545456
c182,elev_step,sig,win10,noop,,,,0.0
c182,aileron_step,det,whole,inertia_x1.6,0.09090909090909091,1.0,,
c182,aileron_step,det,win5,inertia_x1.6,0.045454545454545456,1.0,,
c182,aileron_step,det,win10,inertia_x1.6,0.09090909090909091,1.0,,
c182,aileron_step,det,whole,cmq_x0.5,0.0,,0.18803418803418803,
c182,aileron_step,det,win5,cmq_x0.5,0.0,,0.1880341880341881,
c182,aileron_step,det,win10,cmq_x0.5,0.0,,0.18803418803418806,
c182,aileron_step,det,whole,cmalpha_x0.7,0.0,,0.17094017094017094,
c182,aileron_step,det,win5,cmalpha_x0.7,0.0,,0.17094017094017094,
c182,aileron_step,det,win10,cmalpha_x0.7,0.0,0.0,0.1623931623931624,
c182,aileron_step,det,whole,clo_+0.1,0.23076923076923078,1.0,0.7094017094017094,
c182,aileron_step,det,win5,clo_+0.1,0.07692307692307693,1.0,0.6666666666666667,
c182,aileron_step,det,win10,clo_+0.1,0.15384615384615385,1.0,0.6581196581196581,
c182,aileron_step,det,whole,noop,,,,0.0
c182,aileron_step,det,win5,noop,,,,0.0
c182,aileron_step,det,win10,noop,,,,0.0
c182,aileron_step,sig,whole,inertia_x1.6,0.13636363636363635,1.0,,
c182,aileron_step,sig,win5,inertia_x1.6,0.045454545454545456,1.0,,
c182,aileron_step,sig,win10,inertia_x1.6,0.13636363636363635,1.0,,
c182,aileron_step,sig,whole,cmq_x0.5,0.0,,0.2991452991452992,
c182,aileron_step,sig,win5,cmq_x0.5,0.0,,0.5555555555555556,
c182,aileron_step,sig,win10,cmq_x0.5,0.0,,0.4017094017094017,
c182,aileron_step,sig,whole,cmalpha_x0.7,0.0,,0.37606837606837606,
c182,aileron_step,sig,win5,cmalpha_x0.7,0.0,,0.47863247863247865,
c182,aileron_step,sig,win10,cmalpha_x0.7,0.0,,0.5384615384615385,
c182,aileron_step,sig,whole,clo_+0.1,0.07692307692307693,0.3333333333333333,0.5897435897435898,
c182,aileron_step,sig,win5,clo_+0.1,0.0,0.0,0.47008547008547014,
c182,aileron_step,sig,win10,clo_+0.1,0.15384615384615385,1.0,0.5384615384615385,
c182,aileron_step,sig,whole,noop,,,,0.0
c182,aileron_step,sig,win5,noop,,,,0.0
c182,aileron_step,sig,win10,noop,,,,0.0
c182,rudder_doublet,det,whole,inertia_x1.6,0.0,,,
c182,rudder_doublet,det,win5,inertia_x1.6,0.0,,,
c182,rudder_doublet,det,win10,inertia_x1.6,0.045454545454545456,1.0,,
c182,rudder_doublet,det,whole,cmq_x0.5,0.0,,0.33333333333333337,
c182,rudder_doublet,det,win5,cmq_x0.5,0.0,,0.4358974358974359,
c182,rudder_doublet,det,win10,cmq_x0.5,0.0,,0.4273504273504274,
c182,rudder_doublet,det,whole,cmalpha_x0.7,0.0,,0.5982905982905984,
c182,rudder_doublet,det,win5,cmalpha_x0.7,0.07692307692307693,1.0,0.5726495726495726,
c182,rudder_doublet,det,win10,cmalpha_x0.7,0.0,,0.5128205128205129,
c182,rudder_doublet,det,whole,clo_+0.1,0.15384615384615385,0.6666666666666666,0.22222222222222224,
c182,rudder_doublet,det,win5,clo_+0.1,0.15384615384615385,0.5,0.13675213675213677,
c182,rudder_doublet,det,win10,clo_+0.1,0.15384615384615385,0.6666666666666666,0.21367521367521372,
c182,rudder_doublet,det,whole,noop,,,,0.0
c182,rudder_doublet,det,win5,noop,,,,0.0
c182,rudder_doublet,det,win10,noop,,,,0.0
c182,rudder_doublet,sig,whole,inertia_x1.6,0.045454545454545456,1.0,,
c182,rudder_doublet,sig,win5,inertia_x1.6,0.13636363636363635,1.0,,
c182,rudder_doublet,sig,win10,inertia_x1.6,0.13636363636363635,1.0,,
c182,rudder_doublet,sig,whole,cmq_x0.5,0.0,,0.6153846153846154,
c182,rudder_doublet,sig,win5,cmq_x0.5,0.07692307692307693,1.0,0.5811965811965812,
c182,rudder_doublet,sig,win10,cmq_x0.5,0.0,,0.7521367521367521,
c182,rudder_doublet,sig,whole,cmalpha_x0.7,0.07692307692307693,1.0,0.6153846153846154,
c182,rudder_doublet,sig,win5,cmalpha_x0.7,0.0,,0.5555555555555556,
c182,rudder_doublet,sig,win10,cmalpha_x0.7,0.07692307692307693,1.0,0.6068376068376069,
c182,rudder_doublet,sig,whole,clo_+0.1,0.3076923076923077,1.0,0.6581196581196581,
c182,rudder_doublet,sig,win5,clo_+0.1,0.3076923076923077,1.0,0.6495726495726497,
c182,rudder_doublet,sig,win10,clo_+0.1,0.07692307692307693,1.0,0.5726495726495726,
c182,rudder_doublet,sig,whole,noop,,,,0.0
c182,rudder_doublet,sig,win5,noop,,,,0.0
c182,rudder_doublet,sig,win10,noop,,,,0.045454545454545456
c182,bank_hold,det,whole,inertia_x1.6,0.0,,,
c182,bank_hold,det,win5,inertia_x1.6,0.045454545454545456,1.0,,
c182,bank_hold,det,win10,inertia_x1.6,0.045454545454545456,1.0,,
c182,bank_hold,det,whole,cmq_x0.5,0.0,,0.23931623931623935,
c182,bank_hold,det,win5,cmq_x0.5,0.0,0.0,0.20512820512820515,
c182,bank_hold,det,win10,cmq_x0.5,0.0,,0.23931623931623935,
c182,bank_hold,det,whole,cmalpha_x0.7,0.0,,0.264957264957265,
c182,bank_hold,det,win5,cmalpha_x0.7,0.0,0.0,0.23931623931623933,
c182,bank_hold,det,win10,cmalpha_x0.7,0.0,0.0,0.2564102564102564,
c182,bank_hold,det,whole,clo_+0.1,0.38461538461538464,1.0,0.4444444444444445,
c182,bank_hold,det,win5,clo_+0.1,0.07692307692307693,0.5,0.3418803418803419,
c182,bank_hold,det,win10,clo_+0.1,0.15384615384615385,1.0,0.3931623931623932,
c182,bank_hold,det,whole,noop,,,,0.0
c182,bank_hold,det,win5,noop,,,,0.045454545454545456
c182,bank_hold,det,win10,noop,,,,0.045454545454545456
c182,bank_hold,sig,whole,inertia_x1.6,0.0,,,
c182,bank_hold,sig,win5,inertia_x1.6,0.09090909090909091,1.0,,
c182,bank_hold,sig,win10,inertia_x1.6,0.0,,,
c182,bank_hold,sig,whole,cmq_x0.5,0.0,,0.5470085470085471,
c182,bank_hold,sig,win5,cmq_x0.5,0.15384615384615385,1.0,0.5213675213675214,
c182,bank_hold,sig,win10,cmq_x0.5,0.15384615384615385,1.0,0.5384615384615385,
c182,bank_hold,sig,whole,cmalpha_x0.7,0.15384615384615385,0.6666666666666666,0.6837606837606838,
c182,bank_hold,sig,win5,cmalpha_x0.7,0.0,,0.6495726495726496,
c182,bank_hold,sig,win10,cmalpha_x0.7,0.07692307692307693,0.5,0.6666666666666667,
c182,bank_hold,sig,whole,clo_+0.1,0.3076923076923077,1.0,0.7264957264957266,
c182,bank_hold,sig,win5,clo_+0.1,0.15384615384615385,1.0,0.35897435897435903,
c182,bank_hold,sig,win10,clo_+0.1,0.23076923076923078,1.0,0.5042735042735043,
c182,bank_hold,sig,whole,noop,,,,0.0
c182,bank_hold,sig,win5,noop,,,,0.09090909090909091
c182,bank_hold,sig,win10,noop,,,,0.0
c182,climbing_turn,det,whole,inertia_x1.6,0.09090909090909091,1.0,,
c182,climbing_turn,det,win5,inertia_x1.6,0.045454545454545456,1.0,,
c182,climbing_turn,det,win10,inertia_x1.6,0.09090909090909091,1.0,,
c182,climbing_turn,det,whole,cmq_x0.5,0.0,,0.5384615384615384,
c182,climbing_turn,det,win5,cmq_x0.5,0.0,,0.3162393162393162,
c182,climbing_turn,det,win10,cmq_x0.5,0.0,,0.4017094017094017,
c182,climbing_turn,det,whole,cmalpha_x0.7,0.07692307692307693,1.0,0.717948717948718,
c182,climbing_turn,det,win5,cmalpha_x0.7,0.15384615384615385,0.6666666666666666,0.5897435897435898,
c182,climbing_turn,det,win10,cmalpha_x0.7,0.15384615384615385,1.0,0.6752136752136751,
c182,climbing_turn,det,whole,clo_+0.1,0.7692307692307693,0.9090909090909091,0.7521367521367521,
c182,climbing_turn,det,win5,clo_+0.1,0.6923076923076923,1.0,0.7777777777777779,
c182,climbing_turn,det,win10,clo_+0.1,0.6153846153846154,0.8888888888888888,0.7948717948717949,
c182,climbing_turn,det,whole,noop,,,,0.0
c182,climbing_turn,det,win5,noop,,,,0.0
c182,climbing_turn,det,win10,noop,,,,0.0
c182,climbing_turn,sig,whole,inertia_x1.6,0.13636363636363635,1.0,,
c182,climbing_turn,sig,win5,inertia_x1.6,0.13636363636363635,1.0,,
c182,climbing_turn,sig,win10,inertia_x1.6,0.13636363636363635,1.0,,
c182,climbing_turn,sig,whole,cmq_x0.5,0.0,,0.3076923076923077,
c182,climbing_turn,sig,win5,cmq_x0.5,0.07692307692307693,0.5,0.4700854700854701,
c182,climbing_turn,sig,win10,cmq_x0.5,0.0,,0.5470085470085471,
c182,climbing_turn,sig,whole,cmalpha_x0.7,0.15384615384615385,1.0,0.7606837606837608,
c182,climbing_turn,sig,win5,cmalpha_x0.7,0.07692307692307693,0.3333333333333333,0.5641025641025641,
c182,climbing_turn,sig,win10,cmalpha_x0.7,0.07692307692307693,0.5,0.5641025641025642,
c182,climbing_turn,sig,whole,clo_+0.1,0.46153846153846156,0.6666666666666666,0.46153846153846156,
c182,climbing_turn,sig,win5,clo_+0.1,0.38461538461538464,0.625,0.6239316239316239,
c182,climbing_turn,sig,win10,clo_+0.1,0.38461538461538464,0.625,0.6239316239316239,
c182,climbing_turn,sig,whole,noop,,,,0.0
c182,climbing_turn,sig,win5,noop,,,,0.045454545454545456
c182,climbing_turn,sig,win10,noop,,,,0.0
c182,elev_doublet_distractor,det,whole,inertia_x1.6,0.0,,,
c182,elev_doublet_distractor,det,win5,inertia_x1.6,0.0,,,
c182,elev_doublet_distractor,det,win10,inertia_x1.6,0.0,,,
c182,elev_doublet_distractor,det,whole,cmq_x0.5,0.0,,0.14529914529914528,
c182,elev_doublet_distractor,det,win5,cmq_x0.5,0.0,,0.2478632478632479,
c182,elev_doublet_distractor,det,win10,cmq_x0.5,0.0,,0.22222222222222227,
c182,elev_doublet_distractor,det,whole,cmalpha_x0.7,0.0,,0.2393162393162393,
c182,elev_doublet_distractor,det,win5,cmalpha_x0.7,0.0,,0.20512820512820515,
c182,elev_doublet_distractor,det,win10,cmalpha_x0.7,0.0,,0.2222222222222222,
c182,elev_doublet_distractor,det,whole,clo_+0.1,0.23076923076923078,1.0,0.4871794871794872,
c182,elev_doublet_distractor,det,win5,clo_+0.1,0.23076923076923078,0.75,0.46153846153846156,
c182,elev_doublet_distractor,det,win10,clo_+0.1,0.23076923076923078,1.0,0.49572649572649574,
c182,elev_doublet_distractor,det,whole,noop,,,,0.0
c182,elev_doublet_distractor,det,win5,noop,,,,0.0
c182,elev_doublet_distractor,det,win10,noop,,,,0.0
c182,elev_doublet_distractor,sig,whole,inertia_x1.6,0.045454545454545456,1.0,,
c182,elev_doublet_distractor,sig,win5,inertia_x1.6,0.09090909090909091,1.0,,
c182,elev_doublet_distractor,sig,win10,inertia_x1.6,0.13636363636363635,1.0,,
c182,elev_doublet_distractor,sig,whole,cmq_x0.5,0.0,,0.6324786324786325,
c182,elev_doublet_distractor,sig,win5,cmq_x0.5,0.07692307692307693,1.0,0.7350427350427351,
c182,elev_doublet_distractor,sig,win10,cmq_x0.5,0.07692307692307693,1.0,0.6068376068376068,
c182,elev_doublet_distractor,sig,whole,cmalpha_x0.7,0.0,,0.8461538461538461,
c182,elev_doublet_distractor,sig,win5,cmalpha_x0.7,0.07692307692307693,0.5,0.7008547008547008,
c182,elev_doublet_distractor,sig,win10,cmalpha_x0.7,0.07692307692307693,1.0,0.8803418803418804,
c182,elev_doublet_distractor,sig,whole,clo_+0.1,0.23076923076923078,0.75,0.7435897435897436,
c182,elev_doublet_distractor,sig,win5,clo_+0.1,0.07692307692307693,1.0,0.8290598290598291,
c182,elev_doublet_distractor,sig,win10,clo_+0.1,0.15384615384615385,1.0,0.7264957264957266,
c182,elev_doublet_distractor,sig,whole,noop,,,,0.09090909090909091
c182,elev_doublet_distractor,sig,win5,noop,,,,0.045454545454545456
c182,elev_doublet_distractor,sig,win10,noop,,,,0.09090909090909091
c182,engine_stop,det,whole,inertia_x1.6,0.045454545454545456,1.0,,
c182,engine_stop,det,win5,inertia_x1.6,0.0,,,
c182,engine_stop,det,win10,inertia_x1.6,0.0,,,
c182,engine_stop,det,whole,cmq_x0.5,0.0,,0.11111111111111112,
c182,engine_stop,det,win5,cmq_x0.5,0.0,,0.12820512820512822,
c182,engine_stop,det,win10,cmq_x0.5,0.0,,0.12820512820512822,
c182,engine_stop,det,whole,cmalpha_x0.7,0.0,,0.27350427350427353,
c182,engine_stop,det,win5,cmalpha_x0.7,0.0,,0.24786324786324787,
c182,engine_stop,det,win10,cmalpha_x0.7,0.0,,0.26495726495726496,
c182,engine_stop,det,whole,clo_+0.1,0.3076923076923077,1.0,0.8034188034188033,
c182,engine_stop,det,win5,clo_+0.1,0.3076923076923077,1.0,0.8376068376068376,
c182,engine_stop,det,win10,clo_+0.1,0.3076923076923077,1.0,0.8547008547008548,
c182,engine_stop,det,whole,noop,,,,0.0
c182,engine_stop,det,win5,noop,,,,0.0
c182,engine_stop,det,win10,noop,,,,0.045454545454545456
c182,engine_stop,sig,whole,inertia_x1.6,0.09090909090909091,1.0,,
c182,engine_stop,sig,win5,inertia_x1.6,0.045454545454545456,1.0,,
c182,engine_stop,sig,win10,inertia_x1.6,0.045454545454545456,1.0,,
c182,engine_stop,sig,whole,cmq_x0.5,0.23076923076923078,1.0,0.6666666666666667,
c182,engine_stop,sig,win5,cmq_x0.5,0.07692307692307693,1.0,0.8205128205128205,
c182,engine_stop,sig,win10,cmq_x0.5,0.07692307692307693,1.0,0.6923076923076923,
c182,engine_stop,sig,whole,cmalpha_x0.7,0.0,0.0,0.5897435897435898,
c182,engine_stop,sig,win5,cmalpha_x0.7,0.0,0.0,0.6837606837606838,
c182,engine_stop,sig,win10,cmalpha_x0.7,0.0,,0.6752136752136751,
c182,engine_stop,sig,whole,clo_+0.1,0.23076923076923078,1.0,0.7179487179487181,
c182,engine_stop,sig,win5,clo_+0.1,0.07692307692307693,0.5,0.5982905982905984,
c182,engine_stop,sig,win10,clo_+0.1,0.07692307692307693,1.0,0.6324786324786325,
c182,engine_stop,sig,whole,noop,,,,0.0
c182,engine_stop,sig,win5,noop,,,,0.0
c182,engine_stop,sig,win10,noop,,,,0.09090909090909091
c310,cruise,det,whole,inertia_x1.6,0.0,,,
c310,cruise,det,win5,inertia_x1.6,0.0,,,
c310,cruise,det,win10,inertia_x1.6,0.0,,,
c310,cruise,det,whole,cmq_x0.5,0.0,,0.17948717948717952,
c310,cruise,det,win5,cmq_x0.5,0.0,,0.13675213675213677,
c310,cruise,det,win10,cmq_x0.5,0.0,,0.15384615384615385,
c310,cruise,det,whole,cmalpha_x0.7,0.0,,0.6837606837606838,
c310,cruise,det,win5,cmalpha_x0.7,0.07692307692307693,1.0,0.5470085470085471,
c310,cruise,det,win10,cmalpha_x0.7,0.07692307692307693,1.0,0.5897435897435896,
c310,cruise,det,whole,clo_+0.1,0.0,,0.3162393162393162,
c310,cruise,det,win5,clo_+0.1,0.0,0.0,0.1965811965811966,
c310,cruise,det,win10,clo_+0.1,0.0,,0.2991452991452992,
c310,cruise,det,whole,noop,,,,0.0
c310,cruise,det,win5,noop,,,,0.0
c310,cruise,det,win10,noop,,,,0.0
c310,cruise,sig,whole,inertia_x1.6,0.0,,,
c310,cruise,sig,win5,inertia_x1.6,0.0,,,
c310,cruise,sig,win10,inertia_x1.6,0.0,,,
c310,cruise,sig,whole,cmq_x0.5,0.0,,0.4700854700854701,
c310,cruise,sig,win5,cmq_x0.5,0.07692307692307693,1.0,0.6752136752136753,
c310,cruise,sig,win10,cmq_x0.5,0.07692307692307693,1.0,0.4529914529914531,
c310,cruise,sig,whole,cmalpha_x0.7,0.15384615384615385,1.0,0.4188034188034188,
c310,cruise,sig,win5,cmalpha_x0.7,0.0,,0.52991452991453,
c310,cruise,sig,win10,cmalpha_x0.7,0.0,,0.52991452991453,
c310,cruise,sig,whole,clo_+0.1,0.3076923076923077,1.0,0.5555555555555556,
c310,cruise,sig,win5,clo_+0.1,0.07692307692307693,1.0,0.5897435897435898,
c310,cruise,sig,win10,clo_+0.1,0.07692307692307693,0.5,0.4786324786324786,
c310,cruise,sig,whole,noop,,,,0.045454545454545456
c310,cruise,sig,win5,noop,,,,0.045454545454545456
c310,cruise,sig,win10,noop,,,,0.045454545454545456
c310,throttle_step,det,whole,inertia_x1.6,0.0,,,
c310,throttle_step,det,win5,inertia_x1.6,0.0,,,
c310,throttle_step,det,win10,inertia_x1.6,0.0,,,
c310,throttle_step,det,whole,cmq_x0.5,0.0,,0.6752136752136753,
c310,throttle_step,det,win5,cmq_x0.5,0.07692307692307693,1.0,0.6923076923076924,
c310,throttle_step,det,win10,cmq_x0.5,0.0,,0.7435897435897436,
c310,throttle_step,det,whole,cmalpha_x0.7,0.07692307692307693,1.0,0.6239316239316239,
c310,throttle_step,det,win5,cmalpha_x0.7,0.0,,0.6239316239316239,
c310,throttle_step,det,win10,cmalpha_x0.7,0.0,,0.6666666666666667,
c310,throttle_step,det,whole,clo_+0.1,0.0,,0.4700854700854701,
c310,throttle_step,det,win5,clo_+0.1,0.0,,0.4786324786324787,
c310,throttle_step,det,win10,clo_+0.1,0.07692307692307693,1.0,0.5213675213675214,
c310,throttle_step,det,whole,noop,,,,0.0
c310,throttle_step,det,win5,noop,,,,0.0
c310,throttle_step,det,win10,noop,,,,0.0
c310,throttle_step,sig,whole,inertia_x1.6,0.0,,,
c310,throttle_step,sig,win5,inertia_x1.6,0.0,,,
c310,throttle_step,sig,win10,inertia_x1.6,0.045454545454545456,1.0,,
c310,throttle_step,sig,whole,cmq_x0.5,0.07692307692307693,1.0,0.8376068376068376,
c310,throttle_step,sig,win5,cmq_x0.5,0.15384615384615385,1.0,0.5726495726495726,
c310,throttle_step,sig,win10,cmq_x0.5,0.07692307692307693,0.5,0.641025641025641,
c310,throttle_step,sig,whole,cmalpha_x0.7,0.23076923076923078,0.75,0.6581196581196581,
c310,throttle_step,sig,win5,cmalpha_x0.7,0.07692307692307693,0.3333333333333333,0.5470085470085471,
c310,throttle_step,sig,win10,cmalpha_x0.7,0.07692307692307693,0.5,0.5811965811965812,
c310,throttle_step,sig,whole,clo_+0.1,0.07692307692307693,0.3333333333333333,0.41880341880341887,
c310,throttle_step,sig,win5,clo_+0.1,0.15384615384615385,0.5,0.6923076923076923,
c310,throttle_step,sig,win10,clo_+0.1,0.15384615384615385,0.4,0.3931623931623932,
c310,throttle_step,sig,whole,noop,,,,0.045454545454545456
c310,throttle_step,sig,win5,noop,,,,0.09090909090909091
c310,throttle_step,sig,win10,noop,,,,0.13636363636363635
c310,elev_doublet,det,whole,inertia_x1.6,0.0,,,
c310,elev_doublet,det,win5,inertia_x1.6,0.0,,,
c310,elev_doublet,det,win10,inertia_x1.6,0.0,,,
c310,elev_doublet,det,whole,cmq_x0.5,0.0,,0.25641025641025644,
c310,elev_doublet,det,win5,cmq_x0.5,0.0,,0.42735042735042733,
c310,elev_doublet,det,win10,cmq_x0.5,0.0,,0.42735042735042733,
c310,elev_doublet,det,whole,cmalpha_x0.7,0.0,0.0,0.23931623931623933,
c310,elev_doublet,det,win5,cmalpha_x0.7,0.0,,0.2991452991452992,
c310,elev_doublet,det,win10,cmalpha_x0.7,0.0,,0.3162393162393162,
c310,elev_doublet,det,whole,clo_+0.1,0.07692307692307693,0.5,0.2905982905982906,
c310,elev_doublet,det,win5,clo_+0.1,0.07692307692307693,0.5,0.3504273504273504,
c310,elev_doublet,det,win10,clo_+0.1,0.07692307692307693,0.5,0.35897435897435903,
c310,elev_doublet,det,whole,noop,,,,0.0
c310,elev_doublet,det,win5,noop,,,,0.0
c310,elev_doublet,det,win10,noop,,,,0.0
c310,elev_doublet,sig,whole,inertia_x1.6,0.09090909090909091,1.0,,
c310,elev_doublet,sig,win5,inertia_x1.6,0.0,,,
c310,elev_doublet,sig,win10,inertia_x1.6,0.045454545454545456,1.0,,
c310,elev_doublet,sig,whole,cmq_x0.5,0.07692307692307693,1.0,0.4871794871794872,
c310,elev_doublet,sig,win5,cmq_x0.5,0.15384615384615385,0.5,0.3931623931623932,
c310,elev_doublet,sig,win10,cmq_x0.5,0.07692307692307693,1.0,0.5128205128205129,
c310,elev_doublet,sig,whole,cmalpha_x0.7,0.0,,0.14529914529914528,
c310,elev_doublet,sig,win5,cmalpha_x0.7,0.0,0.0,0.2478632478632479,
c310,elev_doublet,sig,win10,cmalpha_x0.7,0.07692307692307693,0.5,0.4444444444444445,
c310,elev_doublet,sig,whole,clo_+0.1,0.0,,0.3076923076923077,
c310,elev_doublet,sig,win5,clo_+0.1,0.07692307692307693,1.0,0.4273504273504274,
c310,elev_doublet,sig,win10,clo_+0.1,0.15384615384615385,1.0,0.3931623931623932,
c310,elev_doublet,sig,whole,noop,,,,0.0
c310,elev_doublet,sig,win5,noop,,,,0.0
c310,elev_doublet,sig,win10,noop,,,,0.045454545454545456
c310,elev_step,det,whole,inertia_x1.6,0.0,,,
c310,elev_step,det,win5,inertia_x1.6,0.0,,,
c310,elev_step,det,win10,inertia_x1.6,0.0,,,
c310,elev_step,det,whole,cmq_x0.5,0.0,,0.2820512820512821,
c310,elev_step,det,win5,cmq_x0.5,0.0,,0.47863247863247865,
c310,elev_step,det,win10,cmq_x0.5,0.0,,0.38461538461538464,
c310,elev_step,det,whole,cmalpha_x0.7,0.0,,0.3162393162393162,
c310,elev_step,det,win5,cmalpha_x0.7,0.0,,0.28205128205128205,
c310,elev_step,det,win10,cmalpha_x0.7,0.0,,0.2820512820512821,
c310,elev_step,det,whole,clo_+0.1,0.0,0.0,0.11111111111111113,
c310,elev_step,det,win5,clo_+0.1,0.0,0.0,0.1452991452991453,
c310,elev_step,det,win10,clo_+0.1,0.0,0.0,0.12820512820512822,
c310,elev_step,det,whole,noop,,,,0.0
c310,elev_step,det,win5,noop,,,,0.0
c310,elev_step,det,win10,noop,,,,0.0
c310,elev_step,sig,whole,inertia_x1.6,0.045454545454545456,1.0,,
c310,elev_step,sig,win5,inertia_x1.6,0.09090909090909091,1.0,,
c310,elev_step,sig,win10,inertia_x1.6,0.0,,,
c310,elev_step,sig,whole,cmq_x0.5,0.0,,0.45299145299145305,
c310,elev_step,sig,win5,cmq_x0.5,0.0,,0.5470085470085471,
c310,elev_step,sig,win10,cmq_x0.5,0.0,,0.6239316239316239,
c310,elev_step,sig,whole,cmalpha_x0.7,0.0,,0.4273504273504274,
c310,elev_step,sig,win5,cmalpha_x0.7,0.07692307692307693,1.0,0.6153846153846154,
c310,elev_step,sig,win10,cmalpha_x0.7,0.0,,0.6923076923076923,
c310,elev_step,sig,whole,clo_+0.1,0.15384615384615385,1.0,0.4871794871794872,
c310,elev_step,sig,win5,clo_+0.1,0.0,,0.6068376068376068,
c310,elev_step,sig,win10,clo_+0.1,0.07692307692307693,1.0,0.6581196581196582,
c310,elev_step,sig,whole,noop,,,,0.0
c310,elev_step,sig,win5,noop,,,,0.045454545454545456
c310,elev_step,sig,win10,noop,,,,0.045454545454545456
c310,aileron_step,det,whole,inertia_x1.6,0.09090909090909091,1.0,,
c310,aileron_step,det,win5,inertia_x1.6,0.09090909090909091,1.0,,
c310,aileron_step,det,win10,inertia_x1.6,0.13636363636363635,1.0,,
c310,aileron_step,det,whole,cmq_x0.5,0.23076923076923078,1.0,0.5811965811965811,
c310,aileron_step,det,win5,cmq_x0.5,0.15384615384615385,1.0,0.4871794871794872,
c310,aileron_step,det,win10,cmq_x0.5,0.15384615384615385,1.0,0.5128205128205129,
c310,aileron_step,det,whole,cmalpha_x0.7,0.07692307692307693,1.0,0.6068376068376069,
c310,aileron_step,det,win5,cmalpha_x0.7,0.07692307692307693,1.0,0.5641025641025641,
c310,aileron_step,det,win10,cmalpha_x0.7,0.07692307692307693,1.0,0.7264957264957266,
c310,aileron_step,det,whole,clo_+0.1,0.3076923076923077,1.0,0.6752136752136753,
c310,aileron_step,det,win5,clo_+0.1,0.15384615384615385,1.0,0.6837606837606838,
c310,aileron_step,det,win10,clo_+0.1,0.15384615384615385,1.0,0.6837606837606838,
c310,aileron_step,det,whole,noop,,,,0.13636363636363635
c310,aileron_step,det,win5,noop,,,,0.09090909090909091
c310,aileron_step,det,win10,noop,,,,0.13636363636363635
c310,aileron_step,sig,whole,inertia_x1.6,0.13636363636363635,1.0,,
c310,aileron_step,sig,win5,inertia_x1.6,0.0,,,
c310,aileron_step,sig,win10,inertia_x1.6,0.13636363636363635,1.0,,
c310,aileron_step,sig,whole,cmq_x0.5,0.3076923076923077,1.0,0.7521367521367522,
c310,aileron_step,sig,win5,cmq_x0.5,0.38461538461538464,1.0,0.8205128205128206,
c310,aileron_step,sig,win10,cmq_x0.5,0.38461538461538464,1.0,0.7692307692307693,
c310,aileron_step,sig,whole,cmalpha_x0.7,0.23076923076923078,1.0,0.8290598290598291,
c310,aileron_step,sig,win5,cmalpha_x0.7,0.23076923076923078,1.0,0.6923076923076923,
c310,aileron_step,sig,win10,cmalpha_x0.7,0.38461538461538464,1.0,0.8205128205128205,
c310,aileron_step,sig,whole,clo_+0.1,0.3076923076923077,1.0,0.6239316239316239,
c310,aileron_step,sig,win5,clo_+0.1,0.15384615384615385,0.6666666666666666,0.6153846153846154,
c310,aileron_step,sig,win10,clo_+0.1,0.15384615384615385,0.6666666666666666,0.6923076923076924,
c310,aileron_step,sig,whole,noop,,,,0.13636363636363635
c310,aileron_step,sig,win5,noop,,,,0.13636363636363635
c310,aileron_step,sig,win10,noop,,,,0.18181818181818182
c310,rudder_doublet,det,whole,inertia_x1.6,0.045454545454545456,1.0,,
c310,rudder_doublet,det,win5,inertia_x1.6,0.0,,,
c310,rudder_doublet,det,win10,inertia_x1.6,0.045454545454545456,1.0,,
c310,rudder_doublet,det,whole,cmq_x0.5,0.0,,0.22222222222222224,
c310,rudder_doublet,det,win5,cmq_x0.5,0.0,,0.11111111111111112,
c310,rudder_doublet,det,win10,cmq_x0.5,0.0,,0.28205128205128205,
c310,rudder_doublet,det,whole,cmalpha_x0.7,0.07692307692307693,1.0,0.6068376068376069,
c310,rudder_doublet,det,win5,cmalpha_x0.7,0.07692307692307693,1.0,0.6068376068376069,
c310,rudder_doublet,det,win10,cmalpha_x0.7,0.15384615384615385,1.0,0.6495726495726496,
c310,rudder_doublet,det,whole,clo_+0.1,0.46153846153846156,0.6,0.4871794871794872,
c310,rudder_doublet,det,win5,clo_+0.1,0.46153846153846156,0.6666666666666666,0.4871794871794872,
c310,rudder_doublet,det,win10,clo_+0.1,0.6153846153846154,0.6666666666666666,0.4957264957264958,
c310,rudder_doublet,det,whole,noop,,,,0.045454545454545456
c310,rudder_doublet,det,win5,noop,,,,0.0
c310,rudder_doublet,det,win10,noop,,,,0.0
c310,rudder_doublet,sig,whole,inertia_x1.6,0.0,,,
c310,rudder_doublet,sig,win5,inertia_x1.6,0.0,,,
c310,rudder_doublet,sig,win10,inertia_x1.6,0.0,,,
c310,rudder_doublet,sig,whole,cmq_x0.5,0.0,,0.32478632478632485,
c310,rudder_doublet,sig,win5,cmq_x0.5,0.0,,0.45299145299145305,
c310,rudder_doublet,sig,win10,cmq_x0.5,0.0,,0.4188034188034188,
c310,rudder_doublet,sig,whole,cmalpha_x0.7,0.0,,0.5213675213675214,
c310,rudder_doublet,sig,win5,cmalpha_x0.7,0.0,,0.4017094017094017,
c310,rudder_doublet,sig,win10,cmalpha_x0.7,0.0,,0.5384615384615385,
c310,rudder_doublet,sig,whole,clo_+0.1,0.0,,0.37606837606837606,
c310,rudder_doublet,sig,win5,clo_+0.1,0.0,0.0,0.41880341880341887,
c310,rudder_doublet,sig,win10,clo_+0.1,0.0,,0.4188034188034188,
c310,rudder_doublet,sig,whole,noop,,,,0.0
c310,rudder_doublet,sig,win5,noop,,,,0.0
c310,rudder_doublet,sig,win10,noop,,,,0.0
c310,bank_hold,det,whole,inertia_x1.6,0.045454545454545456,1.0,,
c310,bank_hold,det,win5,inertia_x1.6,0.0,,,
c310,bank_hold,det,win10,inertia_x1.6,0.0,,,
c310,bank_hold,det,whole,cmq_x0.5,0.0,,0.1367521367521368,
c310,bank_hold,det,win5,cmq_x0.5,0.0,,0.15384615384615388,
c310,bank_hold,det,win10,cmq_x0.5,0.0,,0.170940170940171,
c310,bank_hold,det,whole,cmalpha_x0.7,0.0,,0.4273504273504274,
c310,bank_hold,det,win5,cmalpha_x0.7,0.0,,0.4017094017094017,
c310,bank_hold,det,win10,cmalpha_x0.7,0.0,,0.4188034188034188,
c310,bank_hold,det,whole,clo_+0.1,0.07692307692307693,0.3333333333333333,0.13675213675213677,
c310,bank_hold,det,win5,clo_+0.1,0.07692307692307693,0.5,0.11965811965811966,
c310,bank_hold,det,win10,clo_+0.1,0.0,0.0,0.11965811965811968,
c310,bank_hold,det,whole,noop,,,,0.045454545454545456
c310,bank_hold,det,win5,noop,,,,0.0
c310,bank_hold,det,win10,noop,,,,0.045454545454545456
c310,bank_hold,sig,whole,inertia_x1.6,0.09090909090909091,1.0,,
c310,bank_hold,sig,win5,inertia_x1.6,0.045454545454545456,1.0,,
c310,bank_hold,sig,win10,inertia_x1.6,0.09090909090909091,1.0,,
c310,bank_hold,sig,whole,cmq_x0.5,0.07692307692307693,0.3333333333333333,0.6581196581196581,
c310,bank_hold,sig,win5,cmq_x0.5,0.15384615384615385,0.6666666666666666,0.5811965811965812,
c310,bank_hold,sig,win10,cmq_x0.5,0.15384615384615385,0.6666666666666666,0.6837606837606839,
c310,bank_hold,sig,whole,cmalpha_x0.7,0.15384615384615385,0.5,0.5811965811965812,
c310,bank_hold,sig,win5,cmalpha_x0.7,0.07692307692307693,1.0,0.41025641025641024,
c310,bank_hold,sig,win10,cmalpha_x0.7,0.23076923076923078,0.75,0.6324786324786325,
c310,bank_hold,sig,whole,clo_+0.1,0.07692307692307693,1.0,0.8717948717948718,
c310,bank_hold,sig,win5,clo_+0.1,0.0,,0.6239316239316239,
c310,bank_hold,sig,win10,clo_+0.1,0.07692307692307693,0.5,0.6153846153846154,
c310,bank_hold,sig,whole,noop,,,,0.045454545454545456
c310,bank_hold,sig,win5,noop,,,,0.0
c310,bank_hold,sig,win10,noop,,,,0.0
c310,flap_extend,det,whole,inertia_x1.6,0.0,,,
c310,flap_extend,det,win5,inertia_x1.6,0.0,,,
c310,flap_extend,det,win10,inertia_x1.6,0.0,,,
c310,flap_extend,det,whole,cmq_x0.5,0.0,,0.08547008547008551,
c310,flap_extend,det,win5,cmq_x0.5,0.0,,0.09401709401709406,
c310,flap_extend,det,win10,cmq_x0.5,0.0,,0.09401709401709406,
c310,flap_extend,det,whole,cmalpha_x0.7,0.6153846153846154,0.6153846153846154,0.717948717948718,
c310,flap_extend,det,win5,cmalpha_x0.7,0.6153846153846154,0.8,0.7008547008547008,
c310,flap_extend,det,win10,cmalpha_x0.7,0.6923076923076923,0.75,0.7094017094017094,
c310,flap_extend,det,whole,clo_+0.1,0.07692307692307693,1.0,0.44444444444444453,
c310,flap_extend,det,win5,clo_+0.1,0.07692307692307693,1.0,0.36752136752136755,
c310,flap_extend,det,win10,clo_+0.1,0.07692307692307693,0.25,0.33333333333333337,
c310,flap_extend,det,whole,noop,,,,0.0
c310,flap_extend,det,win5,noop,,,,0.045454545454545456
c310,flap_extend,det,win10,noop,,,,0.0
c310,flap_extend,sig,whole,inertia_x1.6,0.09090909090909091,1.0,,
c310,flap_extend,sig,win5,inertia_x1.6,0.045454545454545456,1.0,,
c310,flap_extend,sig,win10,inertia_x1.6,0.09090909090909091,1.0,,
c310,flap_extend,sig,whole,cmq_x0.5,0.0,,0.5299145299145298,
c310,flap_extend,sig,win5,cmq_x0.5,0.07692307692307693,0.3333333333333333,0.5897435897435898,
c310,flap_extend,sig,win10,cmq_x0.5,0.07692307692307693,0.5,0.6068376068376069,
c310,flap_extend,sig,whole,cmalpha_x0.7,0.07692307692307693,1.0,0.37606837606837606,
c310,flap_extend,sig,win5,cmalpha_x0.7,0.23076923076923078,0.75,0.37606837606837606,
c310,flap_extend,sig,win10,cmalpha_x0.7,0.15384615384615385,0.6666666666666666,0.5470085470085471,
c310,flap_extend,sig,whole,clo_+0.1,0.15384615384615385,1.0,0.641025641025641,
c310,flap_extend,sig,win5,clo_+0.1,0.23076923076923078,1.0,0.5299145299145299,
c310,flap_extend,sig,win10,clo_+0.1,0.23076923076923078,0.75,0.6666666666666667,
c310,flap_extend,sig,whole,noop,,,,0.045454545454545456
c310,flap_extend,sig,win5,noop,,,,0.045454545454545456
c310,flap_extend,sig,win10,noop,,,,0.09090909090909091
c310,engine_cut,det,whole,inertia_x1.6,0.045454545454545456,1.0,,
c310,engine_cut,det,win5,inertia_x1.6,0.0,,,
c310,engine_cut,det,win10,inertia_x1.6,0.0,,,
c310,engine_cut,det,whole,cmq_x0.5,0.38461538461538464,0.625,0.6068376068376069,
c310,engine_cut,det,win5,cmq_x0.5,0.46153846153846156,0.6666666666666666,0.6324786324786325,
c310,engine_cut,det,win10,cmq_x0.5,0.46153846153846156,0.6666666666666666,0.6410256410256411,
c310,engine_cut,det,whole,cmalpha_x0.7,0.0,,0.12820512820512825,
c310,engine_cut,det,win5,cmalpha_x0.7,0.0,,0.06837606837606838,
c310,engine_cut,det,win10,cmalpha_x0.7,0.0,,0.08547008547008549,
c310,engine_cut,det,whole,clo_+0.1,0.15384615384615385,0.6666666666666666,0.5811965811965811,
c310,engine_cut,det,win5,clo_+0.1,0.15384615384615385,1.0,0.6410256410256411,
c310,engine_cut,det,win10,clo_+0.1,0.23076923076923078,1.0,0.6153846153846154,
c310,engine_cut,det,whole,noop,,,,0.045454545454545456
c310,engine_cut,det,win5,noop,,,,0.0
c310,engine_cut,det,win10,noop,,,,0.0
c310,engine_cut,sig,whole,inertia_x1.6,0.045454545454545456,1.0,,
c310,engine_cut,sig,win5,inertia_x1.6,0.0,,,
c310,engine_cut,sig,win10,inertia_x1.6,0.09090909090909091,1.0,,
c310,engine_cut,sig,whole,cmq_x0.5,0.23076923076923078,0.6,0.8547008547008548,
c310,engine_cut,sig,win5,cmq_x0.5,0.3076923076923077,0.6666666666666666,0.7008547008547008,
c310,engine_cut,sig,win10,cmq_x0.5,0.38461538461538464,0.625,0.8034188034188035,
c310,engine_cut,sig,whole,cmalpha_x0.7,0.0,0.0,0.4273504273504274,
c310,engine_cut,sig,win5,cmalpha_x0.7,0.07692307692307693,0.5,0.6837606837606838,
c310,engine_cut,sig,win10,cmalpha_x0.7,0.0,0.0,0.5213675213675214,
c310,engine_cut,sig,whole,clo_+0.1,0.15384615384615385,0.6666666666666666,0.4017094017094018,
c310,engine_cut,sig,win5,clo_+0.1,0.0,0.0,0.42735042735042733,
c310,engine_cut,sig,win10,clo_+0.1,0.0,0.0,0.37606837606837606,
c310,engine_cut,sig,whole,noop,,,,0.045454545454545456
c310,engine_cut,sig,win5,noop,,,,0.045454545454545456
c310,engine_cut,sig,win10,noop,,,,0.09090909090909091
c310,climbing_turn,det,whole,inertia_x1.6,0.0,,,
c310,climbing_turn,det,win5,inertia_x1.6,0.0,,,
c310,climbing_turn,det,win10,inertia_x1.6,0.0,,,
c310,climbing_turn,det,whole,cmq_x0.5,0.3076923076923077,0.6666666666666666,0.5726495726495726,
c310,climbing_turn,det,win5,cmq_x0.5,0.3076923076923077,0.8,0.6239316239316239,
c310,climbing_turn,det,win10,cmq_x0.5,0.3076923076923077,0.8,0.7008547008547009,
c310,climbing_turn,det,whole,cmalpha_x0.7,0.0,,0.3418803418803419,
c310,climbing_turn,det,win5,cmalpha_x0.7,0.0,,0.45299145299145305,
c310,climbing_turn,det,win10,cmalpha_x0.7,0.07692307692307693,1.0,0.5299145299145299,
c310,climbing_turn,det,whole,clo_+0.1,0.07692307692307693,0.5,0.4273504273504274,
c310,climbing_turn,det,win5,clo_+0.1,0.07692307692307693,1.0,0.4444444444444445,
c310,climbing_turn,det,win10,clo_+0.1,0.07692307692307693,1.0,0.452991452991453,
c310,climbing_turn,det,whole,noop,,,,0.0
c310,climbing_turn,det,win5,noop,,,,0.0
c310,climbing_turn,det,win10,noop,,,,0.0
c310,climbing_turn,sig,whole,inertia_x1.6,0.13636363636363635,1.0,,
c310,climbing_turn,sig,win5,inertia_x1.6,0.045454545454545456,1.0,,
c310,climbing_turn,sig,win10,inertia_x1.6,0.045454545454545456,1.0,,
c310,climbing_turn,sig,whole,cmq_x0.5,0.38461538461538464,0.8333333333333334,0.6666666666666667,
c310,climbing_turn,sig,win5,cmq_x0.5,0.6153846153846154,1.0,0.811965811965812,
c310,climbing_turn,sig,win10,cmq_x0.5,0.46153846153846156,0.8571428571428571,0.8290598290598291,
c310,climbing_turn,sig,whole,cmalpha_x0.7,0.0,0.0,0.264957264957265,
c310,climbing_turn,sig,win5,cmalpha_x0.7,0.0,0.0,0.6068376068376069,
c310,climbing_turn,sig,win10,cmalpha_x0.7,0.0,,0.35897435897435903,
c310,climbing_turn,sig,whole,clo_+0.1,0.15384615384615385,0.3333333333333333,0.25641025641025644,
c310,climbing_turn,sig,win5,clo_+0.1,0.23076923076923078,0.42857142857142855,0.2991452991452992,
c310,climbing_turn,sig,win10,clo_+0.1,0.3076923076923077,0.4444444444444444,0.3247863247863248,
c310,climbing_turn,sig,whole,noop,,,,0.0
c310,climbing_turn,sig,win5,noop,,,,0.045454545454545456
c310,climbing_turn,sig,win10,noop,,,,0.0
c310,elev_doublet_distractor,det,whole,inertia_x1.6,0.0,,,
c310,elev_doublet_distractor,det,win5,inertia_x1.6,0.0,,,
c310,elev_doublet_distractor,det,win10,inertia_x1.6,0.0,,,
c310,elev_doublet_distractor,det,whole,cmq_x0.5,0.0,,0.23931623931623935,
c310,elev_doublet_distractor,det,win5,cmq_x0.5,0.0,0.0,0.2991452991452992,
c310,elev_doublet_distractor,det,win10,cmq_x0.5,0.0,,0.264957264957265,
c310,elev_doublet_distractor,det,whole,cmalpha_x0.7,0.07692307692307693,1.0,0.3162393162393163,
c310,elev_doublet_distractor,det,win5,cmalpha_x0.7,0.07692307692307693,1.0,0.3162393162393162,
c310,elev_doublet_distractor,det,win10,cmalpha_x0.7,0.07692307692307693,1.0,0.4102564102564103,
c310,elev_doublet_distractor,det,whole,clo_+0.1,0.46153846153846156,1.0,0.6752136752136751,
c310,elev_doublet_distractor,det,win5,clo_+0.1,0.3076923076923077,0.8,0.6666666666666666,
c310,elev_doublet_distractor,det,win10,clo_+0.1,0.23076923076923078,0.75,0.6752136752136753,
c310,elev_doublet_distractor,det,whole,noop,,,,0.0
c310,elev_doublet_distractor,det,win5,noop,,,,0.0
c310,elev_doublet_distractor,det,win10,noop,,,,0.0
c310,elev_doublet_distractor,sig,whole,inertia_x1.6,0.0,,,
c310,elev_doublet_distractor,sig,win5,inertia_x1.6,0.0,,,
c310,elev_doublet_distractor,sig,win10,inertia_x1.6,0.045454545454545456,1.0,,
c310,elev_doublet_distractor,sig,whole,cmq_x0.5,0.07692307692307693,1.0,0.3247863247863248,
c310,elev_doublet_distractor,sig,win5,cmq_x0.5,0.15384615384615385,1.0,0.5641025641025642,
c310,elev_doublet_distractor,sig,win10,cmq_x0.5,0.07692307692307693,1.0,0.641025641025641,
c310,elev_doublet_distractor,sig,whole,cmalpha_x0.7,0.07692307692307693,1.0,0.5726495726495726,
c310,elev_doublet_distractor,sig,win5,cmalpha_x0.7,0.23076923076923078,1.0,0.6666666666666667,
c310,elev_doublet_distractor,sig,win10,cmalpha_x0.7,0.23076923076923078,1.0,0.700854700854701,
c310,elev_doublet_distractor,sig,whole,clo_+0.1,0.3076923076923077,1.0,0.7350427350427351,
c310,elev_doublet_distractor,sig,win5,clo_+0.1,0.5384615384615384,0.875,0.7094017094017095,
c310,elev_doublet_distractor,sig,win10,clo_+0.1,0.3076923076923077,1.0,0.7435897435897436,
c310,elev_doublet_distractor,sig,whole,noop,,,,0.0
c310,elev_doublet_distractor,sig,win5,noop,,,,0.045454545454545456
c310,elev_doublet_distractor,sig,win10,noop,,,,0.0
c310,engine_stop,det,whole,inertia_x1.6,0.09090909090909091,1.0,,
c310,engine_stop,det,win5,inertia_x1.6,0.09090909090909091,1.0,,
c310,engine_stop,det,win10,inertia_x1.6,0.045454545454545456,1.0,,
c310,engine_stop,det,whole,cmq_x0.5,0.0,0.0,0.1794871794871795,
c310,engine_stop,det,win5,cmq_x0.5,0.0,,0.11965811965811968,
c310,engine_stop,det,win10,cmq_x0.5,0.0,,0.13675213675213677,
c310,engine_stop,det,whole,cmalpha_x0.7,0.0,,0.22222222222222227,
c310,engine_stop,det,win5,cmalpha_x0.7,0.0,,0.29914529914529914,
c310,engine_stop,det,win10,cmalpha_x0.7,0.0,,0.1965811965811966,
c310,engine_stop,det,whole,clo_+0.1,0.0,0.0,0.23931623931623935,
c310,engine_stop,det,win5,clo_+0.1,0.0,0.0,0.1623931623931624,
c310,engine_stop,det,win10,clo_+0.1,0.0,0.0,0.15384615384615388,
c310,engine_stop,det,whole,noop,,,,0.09090909090909091
c310,engine_stop,det,win5,noop,,,,0.18181818181818182
c310,engine_stop,det,win10,noop,,,,0.0
c310,engine_stop,sig,whole,inertia_x1.6,0.09090909090909091,1.0,,
c310,engine_stop,sig,win5,inertia_x1.6,0.045454545454545456,1.0,,
c310,engine_stop,sig,win10,inertia_x1.6,0.0,,,
c310,engine_stop,sig,whole,cmq_x0.5,0.0,,0.7094017094017094,
c310,engine_stop,sig,win5,cmq_x0.5,0.15384615384615385,1.0,0.8290598290598292,
c310,engine_stop,sig,win10,cmq_x0.5,0.07692307692307693,1.0,0.7350427350427351,
c310,engine_stop,sig,whole,cmalpha_x0.7,0.0,,0.46153846153846156,
c310,engine_stop,sig,win5,cmalpha_x0.7,0.0,,0.7008547008547008,
c310,engine_stop,sig,win10,cmalpha_x0.7,0.0,,0.6153846153846155,
c310,engine_stop,sig,whole,clo_+0.1,0.0,,0.24786324786324787,
c310,engine_stop,sig,win5,clo_+0.1,0.0,,0.6495726495726496,
c310,engine_stop,sig,win10,clo_+0.1,0.0,,0.5470085470085471,
c310,engine_stop,sig,whole,noop,,,,0.045454545454545456
c310,engine_stop,sig,win5,noop,,,,0.09090909090909091
c310,engine_stop,sig,win10,noop,,,,0.045454545454545456
f15,cruise,det,whole,inertia_x1.6,0.0,,,
f15,cruise,det,win5,inertia_x1.6,0.0,,,
f15,cruise,det,win10,inertia_x1.6,0.0,,,
f15,cruise,det,whole,cmq_x0.5,0.0,0.0,0.5042735042735043,
f15,cruise,det,win5,cmq_x0.5,0.0,0.0,0.6495726495726496,
f15,cruise,det,win10,cmq_x0.5,0.0,0.0,0.5811965811965812,
f15,cruise,det,whole,cmalpha_x0.7,0.07692307692307693,0.16666666666666666,0.35897435897435903,
f15,cruise,det,win5,cmalpha_x0.7,0.5384615384615384,0.5833333333333334,0.5299145299145299,
f15,cruise,det,win10,cmalpha_x0.7,0.3076923076923077,0.4444444444444444,0.41025641025641024,
f15,cruise,det,whole,clo_+0.1,0.7692307692307693,0.5882352941176471,0.3760683760683761,
f15,cruise,det,win5,clo_+0.1,0.7692307692307693,0.5882352941176471,0.4871794871794872,
f15,cruise,det,win10,clo_+0.1,0.8461538461538461,0.6111111111111112,0.4444444444444444,
f15,cruise,det,whole,noop,,,,0.045454545454545456
f15,cruise,det,win5,noop,,,,0.09090909090909091
f15,cruise,det,win10,noop,,,,0.045454545454545456
f15,cruise,sig,whole,inertia_x1.6,0.045454545454545456,1.0,,
f15,cruise,sig,win5,inertia_x1.6,0.09090909090909091,1.0,,
f15,cruise,sig,win10,inertia_x1.6,0.0,,,
f15,cruise,sig,whole,cmq_x0.5,0.0,,0.23931623931623935,
f15,cruise,sig,win5,cmq_x0.5,0.0,0.0,0.23931623931623935,
f15,cruise,sig,win10,cmq_x0.5,0.07692307692307693,0.5,0.11111111111111113,
f15,cruise,sig,whole,cmalpha_x0.7,0.23076923076923078,0.3333333333333333,0.2222222222222222,
f15,cruise,sig,win5,cmalpha_x0.7,0.6923076923076923,0.75,0.5470085470085471,
f15,cruise,sig,win10,cmalpha_x0.7,0.5384615384615384,0.5384615384615384,0.4786324786324786,
f15,cruise,sig,whole,clo_+0.1,0.46153846153846156,0.42857142857142855,0.14529914529914534,
f15,cruise,sig,win5,clo_+0.1,0.7692307692307693,0.5263157894736842,0.47008547008547014,
f15,cruise,sig,win10,clo_+0.1,0.6923076923076923,0.5,0.4017094017094017,
f15,cruise,sig,whole,noop,,,,0.045454545454545456
f15,cruise,sig,win5,noop,,,,0.045454545454545456
f15,cruise,sig,win10,noop,,,,0.09090909090909091
f15,throttle_step,det,whole,inertia_x1.6,0.0,,,
f15,throttle_step,det,win5,inertia_x1.6,0.045454545454545456,1.0,,
f15,throttle_step,det,win10,inertia_x1.6,0.0,,,
f15,throttle_step,det,whole,cmq_x0.5,0.07692307692307693,1.0,0.4017094017094017,
f15,throttle_step,det,win5,cmq_x0.5,0.07692307692307693,0.3333333333333333,0.3931623931623932,
f15,throttle_step,det,win10,cmq_x0.5,0.0,,0.3931623931623932,
f15,throttle_step,det,whole,cmalpha_x0.7,0.38461538461538464,0.45454545454545453,0.5299145299145299,
f15,throttle_step,det,win5,cmalpha_x0.7,0.3076923076923077,0.4444444444444444,0.5982905982905984,
f15,throttle_step,det,win10,cmalpha_x0.7,0.3076923076923077,0.4444444444444444,0.5726495726495726,
f15,throttle_step,det,whole,clo_+0.1,0.9230769230769231,0.631578947368421,0.6324786324786325,
f15,throttle_step,det,win5,clo_+0.1,0.9230769230769231,0.631578947368421,0.6324786324786325,
f15,throttle_step,det,win10,clo_+0.1,0.9230769230769231,0.631578947368421,0.6324786324786325,
f15,throttle_step,det,whole,noop,,,,0.0
f15,throttle_step,det,win5,noop,,,,0.13636363636363635
f15,throttle_step,det,win10,noop,,,,0.0
f15,throttle_step,sig,whole,inertia_x1.6,0.045454545454545456,1.0,,
f15,throttle_step,sig,win5,inertia_x1.6,0.0,,,
f15,throttle_step,sig,win10,inertia_x1.6,0.045454545454545456,1.0,,
f15,throttle_step,sig,whole,cmq_x0.5,0.0,,0.5042735042735043,
f15,throttle_step,sig,win5,cmq_x0.5,0.0,,0.7692307692307693,
f15,throttle_step,sig,win10,cmq_x0.5,0.0,,0.4871794871794872,
f15,throttle_step,sig,whole,cmalpha_x0.7,0.38461538461538464,0.625,0.4017094017094017,
f15,throttle_step,sig,win5,cmalpha_x0.7,0.07692307692307693,0.25,0.37606837606837606,
f15,throttle_step,sig,win10,cmalpha_x0.7,0.15384615384615385,0.25,0.35042735042735046,
f15,throttle_step,sig,whole,clo_+0.1,0.38461538461538464,0.4166666666666667,0.3760683760683761,
f15,throttle_step,sig,win5,clo_+0.1,0.5384615384615384,0.5,0.3076923076923077,
f15,throttle_step,sig,win10,clo_+0.1,0.5384615384615384,0.5,0.3076923076923077,
f15,throttle_step,sig,whole,noop,,,,0.0
f15,throttle_step,sig,win5,noop,,,,0.0
f15,throttle_step,sig,win10,noop,,,,0.045454545454545456
f15,elev_doublet,det,whole,inertia_x1.6,0.045454545454545456,1.0,,
f15,elev_doublet,det,win5,inertia_x1.6,0.13636363636363635,1.0,,
f15,elev_doublet,det,win10,inertia_x1.6,0.13636363636363635,1.0,,
f15,elev_doublet,det,whole,cmq_x0.5,0.0,0.0,0.25641025641025644,
f15,elev_doublet,det,win5,cmq_x0.5,0.0,,0.34188034188034194,
f15,elev_doublet,det,win10,cmq_x0.5,0.0,0.0,0.23076923076923078,
f15,elev_doublet,det,whole,cmalpha_x0.7,0.6923076923076923,0.6,0.6153846153846154,
f15,elev_doublet,det,win5,cmalpha_x0.7,0.5384615384615384,0.5833333333333334,0.5897435897435899,
f15,elev_doublet,det,win10,cmalpha_x0.7,0.5384615384615384,0.5833333333333334,0.6068376068376069,
f15,elev_doublet,det,whole,clo_+0.1,1.0,0.5909090909090909,0.6239316239316239,
f15,elev_doublet,det,win5,clo_+0.1,1.0,0.6190476190476191,0.6495726495726496,
f15,elev_doublet,det,win10,clo_+0.1,1.0,0.6190476190476191,0.6495726495726496,
f15,elev_doublet,det,whole,noop,,,,0.13636363636363635
f15,elev_doublet,det,win5,noop,,,,0.0
f15,elev_doublet,det,win10,noop,,,,0.045454545454545456
f15,elev_doublet,sig,whole,inertia_x1.6,0.13636363636363635,1.0,,
f15,elev_doublet,sig,win5,inertia_x1.6,0.13636363636363635,1.0,,
f15,elev_doublet,sig,win10,inertia_x1.6,0.09090909090909091,1.0,,
f15,elev_doublet,sig,whole,cmq_x0.5,0.0,0.0,0.40170940170940167,
f15,elev_doublet,sig,win5,cmq_x0.5,0.07692307692307693,0.5,0.5555555555555556,
f15,elev_doublet,sig,win10,cmq_x0.5,0.0,0.0,0.3760683760683761,
f15,elev_doublet,sig,whole,cmalpha_x0.7,0.15384615384615385,0.2222222222222222,0.4017094017094018,
f15,elev_doublet,sig,win5,cmalpha_x0.7,0.23076923076923078,0.3333333333333333,0.41880341880341887,
f15,elev_doublet,sig,win10,cmalpha_x0.7,0.15384615384615385,0.2222222222222222,0.4273504273504274,
f15,elev_doublet,sig,whole,clo_+0.1,0.3076923076923077,0.36363636363636365,0.2136752136752137,
f15,elev_doublet,sig,win5,clo_+0.1,0.7692307692307693,0.5882352941176471,0.4273504273504274,
f15,elev_doublet,sig,win10,clo_+0.1,0.5384615384615384,0.5,0.47863247863247865,
f15,elev_doublet,sig,whole,noop,,,,0.09090909090909091
f15,elev_doublet,sig,win5,noop,,,,0.13636363636363635
f15,elev_doublet,sig,win10,noop,,,,0.09090909090909091
f15,elev_step,det,whole,inertia_x1.6,0.0,,,
f15,elev_step,det,win5,inertia_x1.6,0.0,,,
f15,elev_step,det,win10,inertia_x1.6,0.0,,,
f15,elev_step,det,whole,cmq_x0.5,0.0,,0.17948717948717952,
f15,elev_step,det,win5,cmq_x0.5,0.0,,0.27350427350427353,
f15,elev_step,det,win10,cmq_x0.5,0.0,0.0,0.2307692307692308,
f15,elev_step,det,whole,cmalpha_x0.7,0.5384615384615384,0.6363636363636364,0.4273504273504274,
f15,elev_step,det,win5,cmalpha_x0.7,0.46153846153846156,0.6,0.5042735042735043,
f15,elev_step,det,win10,cmalpha_x0.7,0.38461538461538464,0.625,0.4871794871794872,
f15,elev_step,det,whole,clo_+0.1,0.8461538461538461,0.6111111111111112,0.6581196581196582,
f15,elev_step,det,win5,clo_+0.1,0.9230769230769231,0.631578947368421,0.7008547008547008,
f15,elev_step,det,win10,clo_+0.1,0.9230769230769231,0.631578947368421,0.6923076923076923,
f15,elev_step,det,whole,noop,,,,0.0
f15,elev_step,det,win5,noop,,,,0.0
f15,elev_step,det,win10,noop,,,,0.045454545454545456
f15,elev_step,sig,whole,inertia_x1.6,0.09090909090909091,1.0,,
f15,elev_step,sig,win5,inertia_x1.6,0.09090909090909091,1.0,,
f15,elev_step,sig,win10,inertia_x1.6,0.22727272727272727,1.0,,
f15,elev_step,sig,whole,cmq_x0.5,0.15384615384615385,0.6666666666666666,0.25641025641025644,
f15,elev_step,sig,win5,cmq_x0.5,0.0,,0.4444444444444444,
f15,elev_step,sig,win10,cmq_x0.5,0.0,,0.38461538461538464,
f15,elev_step,sig,whole,cmalpha_x0.7,0.07692307692307693,0.14285714285714285,0.25641025641025644,
f15,elev_step,sig,win5,cmalpha_x0.7,0.0,0.0,0.23931623931623933,
f15,elev_step,sig,win10,cmalpha_x0.7,0.07692307692307693,0.16666666666666666,0.2136752136752137,
f15,elev_step,sig,whole,clo_+0.1,0.5384615384615384,0.5,0.3846153846153847,
f15,elev_step,sig,win5,clo_+0.1,0.7692307692307693,0.5882352941176471,0.4700854700854701,
f15,elev_step,sig,win10,clo_+0.1,0.6923076923076923,0.5625,0.4871794871794872,
f15,elev_step,sig,whole,noop,,,,0.0
f15,elev_step,sig,win5,noop,,,,0.0
f15,elev_step,sig,win10,noop,,,,0.045454545454545456
f15,aileron_step,det,whole,inertia_x1.6,0.0,,,
f15,aileron_step,det,win5,inertia_x1.6,0.0,,,
f15,aileron_step,det,win10,inertia_x1.6,0.0,,,
f15,aileron_step,det,whole,cmq_x0.5,0.0,,0.6666666666666667,
f15,aileron_step,det,win5,cmq_x0.5,0.0,,0.6581196581196581,
f15,aileron_step,det,win10,cmq_x0.5,0.0,,0.6324786324786325,
f15,aileron_step,det,whole,cmalpha_x0.7,0.3076923076923077,0.4444444444444444,0.37606837606837606,
f15,aileron_step,det,win5,cmalpha_x0.7,0.15384615384615385,0.4,0.4871794871794873,
f15,aileron_step,det,win10,cmalpha_x0.7,0.0,0.0,0.35897435897435903,
f15,aileron_step,det,whole,clo_+0.1,0.38461538461538464,0.38461538461538464,0.3931623931623932,
f15,aileron_step,det,win5,clo_+0.1,0.38461538461538464,0.38461538461538464,0.4444444444444445,
f15,aileron_step,det,win10,clo_+0.1,0.38461538461538464,0.38461538461538464,0.41880341880341887,
f15,aileron_step,det,whole,noop,,,,0.045454545454545456
f15,aileron_step,det,win5,noop,,,,0.09090909090909091
f15,aileron_step,det,win10,noop,,,,0.09090909090909091
f15,aileron_step,sig,whole,inertia_x1.6,0.045454545454545456,1.0,,
f15,aileron_step,sig,win5,inertia_x1.6,0.09090909090909091,1.0,,
f15,aileron_step,sig,win10,inertia_x1.6,0.22727272727272727,1.0,,
f15,aileron_step,sig,whole,cmq_x0.5,0.07692307692307693,0.5,0.4615384615384616,
f15,aileron_step,sig,win5,cmq_x0.5,0.0,,0.5042735042735043,
f15,aileron_step,sig,win10,cmq_x0.5,0.0,0.0,0.4444444444444444,
f15,aileron_step,sig,whole,cmalpha_x0.7,0.46153846153846156,0.42857142857142855,0.3162393162393162,
f15,aileron_step,sig,win5,cmalpha_x0.7,0.07692307692307693,0.14285714285714285,0.27350427350427353,
f15,aileron_step,sig,win10,cmalpha_x0.7,0.23076923076923078,0.3,0.4017094017094017,
f15,aileron_step,sig,whole,clo_+0.1,0.3076923076923077,0.3076923076923077,0.13675213675213677,
f15,aileron_step,sig,win5,clo_+0.1,0.5384615384615384,0.4375,0.3931623931623932,
f15,aileron_step,sig,win10,clo_+0.1,0.6153846153846154,0.47058823529411764,0.3076923076923077,
f15,aileron_step,sig,whole,noop,,,,0.045454545454545456
f15,aileron_step,sig,win5,noop,,,,0.045454545454545456
f15,aileron_step,sig,win10,noop,,,,0.09090909090909091
f15,rudder_doublet,det,whole,inertia_x1.6,0.0,,,
f15,rudder_doublet,det,win5,inertia_x1.6,0.0,,,
f15,rudder_doublet,det,win10,inertia_x1.6,0.0,,,
f15,rudder_doublet,det,whole,cmq_x0.5,0.0,0.0,0.18803418803418803,
f15,rudder_doublet,det,win5,cmq_x0.5,0.0,,0.29059829059829057,
f15,rudder_doublet,det,win10,cmq_x0.5,0.0,,0.25641025641025644,
f15,rudder_doublet,det,whole,cmalpha_x0.7,0.07692307692307693,0.14285714285714285,0.21367521367521367,
f15,rudder_doublet,det,win5,cmalpha_x0.7,0.0,0.0,0.24786324786324787,
f15,rudder_doublet,det,win10,cmalpha_x0.7,0.07692307692307693,0.25,0.2222222222222222,
f15,rudder_doublet,det,whole,clo_+0.1,0.6923076923076923,0.5625,0.6410256410256411,
f15,rudder_doublet,det,win5,clo_+0.1,0.6923076923076923,0.5625,0.7008547008547008,
f15,rudder_doublet,det,win10,clo_+0.1,0.6923076923076923,0.5625,0.6837606837606838,
f15,rudder_doublet,det,whole,noop,,,,0.045454545454545456
f15,rudder_doublet,det,win5,noop,,,,0.0
f15,rudder_doublet,det,win10,noop,,,,0.0
f15,rudder_doublet,sig,whole,inertia_x1.6,0.045454545454545456,1.0,,
f15,rudder_doublet,sig,win5,inertia_x1.6,0.0,,,
f15,rudder_doublet,sig,win10,inertia_x1.6,0.0,,,
f15,rudder_doublet,sig,whole,cmq_x0.5,0.0,0.0,0.2393162393162393,
f15,rudder_doublet,sig,win5,cmq_x0.5,0.0,0.0,0.6068376068376069,
f15,rudder_doublet,sig,win10,cmq_x0.5,0.0,,0.3931623931623932,
f15,rudder_doublet,sig,whole,cmalpha_x0.7,0.0,0.0,0.23076923076923078,
f15,rudder_doublet,sig,win5,cmalpha_x0.7,0.07692307692307693,0.2,0.35042735042735046,
f15,rudder_doublet,sig,win10,cmalpha_x0.7,0.23076923076923078,0.42857142857142855,0.3247863247863248,
f15,rudder_doublet,sig,whole,clo_+0.1,0.3076923076923077,0.36363636363636365,0.23076923076923078,
f15,rudder_doublet,sig,win5,clo_+0.1,0.5384615384615384,0.5,0.33333333333333337,
f15,rudder_doublet,sig,win10,clo_+0.1,0.6923076923076923,0.5625,0.35042735042735046,
f15,rudder_doublet,sig,whole,noop,,,,0.045454545454545456
f15,rudder_doublet,sig,win5,noop,,,,0.045454545454545456
f15,rudder_doublet,sig,win10,noop,,,,0.09090909090909091
f15,bank_hold,det,whole,inertia_x1.6,0.045454545454545456,1.0,,
f15,bank_hold,det,win5,inertia_x1.6,0.0,,,
f15,bank_hold,det,win10,inertia_x1.6,0.0,,,
f15,bank_hold,det,whole,cmq_x0.5,0.0,0.0,0.23076923076923078,
f15,bank_hold,det,win5,cmq_x0.5,0.0,,0.2820512820512821,
f15,bank_hold,det,win10,cmq_x0.5,0.0,0.0,0.28205128205128205,
f15,bank_hold,det,whole,cmalpha_x0.7,0.23076923076923078,0.3333333333333333,0.27350427350427353,
f15,bank_hold,det,win5,cmalpha_x0.7,0.23076923076923078,0.375,0.2991452991452992,
f15,bank_hold,det,win10,cmalpha_x0.7,0.23076923076923078,0.3333333333333333,0.24786324786324787,
f15,bank_hold,det,whole,clo_+0.1,0.5384615384615384,0.4375,0.3846153846153846,
f15,bank_hold,det,win5,clo_+0.1,0.5384615384615384,0.4375,0.3846153846153846,
f15,bank_hold,det,win10,clo_+0.1,0.6153846153846154,0.47058823529411764,0.3760683760683761,
f15,bank_hold,det,whole,noop,,,,0.045454545454545456
f15,bank_hold,det,win5,noop,,,,0.0
f15,bank_hold,det,win10,noop,,,,0.045454545454545456
f15,bank_hold,sig,whole,inertia_x1.6,0.09090909090909091,1.0,,
f15,bank_hold,sig,win5,inertia_x1.6,0.045454545454545456,1.0,,
f15,bank_hold,sig,win10,inertia_x1.6,0.09090909090909091,1.0,,
f15,bank_hold,sig,whole,cmq_x0.5,0.0,,0.28205128205128205,
f15,bank_hold,sig,win5,cmq_x0.5,0.0,,0.264957264957265,
f15,bank_hold,sig,win10,cmq_x0.5,0.07692307692307693,0.3333333333333333,0.15384615384615385,
f15,bank_hold,sig,whole,cmalpha_x0.7,0.38461538461538464,0.4166666666666667,0.3504273504273505,
f15,bank_hold,sig,win5,cmalpha_x0.7,0.3076923076923077,0.3333333333333333,0.2905982905982906,
f15,bank_hold,sig,win10,cmalpha_x0.7,0.15384615384615385,0.25,0.2905982905982906,
f15,bank_hold,sig,whole,clo_+0.1,0.46153846153846156,0.4,0.09401709401709403,
f15,bank_hold,sig,win5,clo_+0.1,0.6923076923076923,0.5,0.28205128205128205,
f15,bank_hold,sig,win10,clo_+0.1,0.6153846153846154,0.47058823529411764,0.2905982905982906,
f15,bank_hold,sig,whole,noop,,,,0.0
f15,bank_hold,sig,win5,noop,,,,0.0
f15,bank_hold,sig,win10,noop,,,,0.09090909090909091
f15,flap_extend,det,whole,inertia_x1.6,0.0,,,
f15,flap_extend,det,win5,inertia_x1.6,0.0,,,
f15,flap_extend,det,win10,inertia_x1.6,0.0,,,
f15,flap_extend,det,whole,cmq_x0.5,0.0,,0.05982905982905985,
f15,flap_extend,det,win5,cmq_x0.5,0.0,,0.1282051282051282,
f15,flap_extend,det,win10,cmq_x0.5,0.0,,0.11111111111111112,
f15,flap_extend,det,whole,cmalpha_x0.7,0.15384615384615385,0.2857142857142857,0.27350427350427353,
f15,flap_extend,det,win5,cmalpha_x0.7,0.07692307692307693,0.16666666666666666,0.27350427350427353,
f15,flap_extend,det,win10,cmalpha_x0.7,0.23076923076923078,0.42857142857142855,0.27350427350427353,
f15,flap_extend,det,whole,clo_+0.1,0.6923076923076923,0.5625,0.6068376068376069,
f15,flap_extend,det,win5,clo_+0.1,0.7692307692307693,0.5882352941176471,0.6581196581196581,
f15,flap_extend,det,win10,clo_+0.1,0.7692307692307693,0.5882352941176471,0.6581196581196581,
f15,flap_extend,det,whole,noop,,,,0.0
f15,flap_extend,det,win5,noop,,,,0.0
f15,flap_extend,det,win10,noop,,,,0.0
f15,flap_extend,sig,whole,inertia_x1.6,0.18181818181818182,1.0,,
f15,flap_extend,sig,win5,inertia_x1.6,0.09090909090909091,1.0,,
f15,flap_extend,sig,win10,inertia_x1.6,0.13636363636363635,1.0,,
f15,flap_extend,sig,whole,cmq_x0.5,0.0,0.0,0.15384615384615388,
f15,flap_extend,sig,win5,cmq_x0.5,0.0,0.0,0.3760683760683761,
f15,flap_extend,sig,win10,cmq_x0.5,0.07692307692307693,0.3333333333333333,0.1965811965811966,
f15,flap_extend,sig,whole,cmalpha_x0.7,0.3076923076923077,0.36363636363636365,0.1965811965811966,
f15,flap_extend,sig,win5,cmalpha_x0.7,0.3076923076923077,0.4444444444444444,0.38461538461538464,
f15,flap_extend,sig,win10,cmalpha_x0.7,0.3076923076923077,0.4444444444444444,0.33333333333333337,
f15,flap_extend,sig,whole,clo_+0.1,0.38461538461538464,0.38461538461538464,0.1880341880341881,
f15,flap_extend,sig,win5,clo_+0.1,0.6923076923076923,0.5294117647058824,0.264957264957265,
f15,flap_extend,sig,win10,clo_+0.1,0.6153846153846154,0.5333333333333333,0.358974358974359,
f15,flap_extend,sig,whole,noop,,,,0.13636363636363635
f15,flap_extend,sig,win5,noop,,,,0.0
f15,flap_extend,sig,win10,noop,,,,0.13636363636363635
f15,engine_cut,det,whole,inertia_x1.6,0.045454545454545456,1.0,,
f15,engine_cut,det,win5,inertia_x1.6,0.045454545454545456,1.0,,
f15,engine_cut,det,win10,inertia_x1.6,0.0,,,
f15,engine_cut,det,whole,cmq_x0.5,0.0,,0.47008547008547014,
f15,engine_cut,det,win5,cmq_x0.5,0.0,,0.33333333333333337,
f15,engine_cut,det,win10,cmq_x0.5,0.0,,0.4102564102564103,
f15,engine_cut,det,whole,cmalpha_x0.7,0.3076923076923077,0.5714285714285714,0.41880341880341887,
f15,engine_cut,det,win5,cmalpha_x0.7,0.23076923076923078,0.42857142857142855,0.25641025641025644,
f15,engine_cut,det,win10,cmalpha_x0.7,0.23076923076923078,0.5,0.28205128205128205,
f15,engine_cut,det,whole,clo_+0.1,0.9230769230769231,0.6,0.6068376068376069,
f15,engine_cut,det,win5,clo_+0.1,0.9230769230769231,0.6,0.5982905982905984,
f15,engine_cut,det,win10,clo_+0.1,0.8461538461538461,0.5789473684210527,0.5982905982905984,
f15,engine_cut,det,whole,noop,,,,0.0
f15,engine_cut,det,win5,noop,,,,0.0
f15,engine_cut,det,win10,noop,,,,0.0
f15,engine_cut,sig,whole,inertia_x1.6,0.09090909090909091,1.0,,
f15,engine_cut,sig,win5,inertia_x1.6,0.09090909090909091,1.0,,
f15,engine_cut,sig,win10,inertia_x1.6,0.0,,,
f15,engine_cut,sig,whole,cmq_x0.5,0.0,,0.5384615384615385,
f15,engine_cut,sig,win5,cmq_x0.5,0.0,0.0,0.3162393162393162,
f15,engine_cut,sig,win10,cmq_x0.5,0.0,,0.3162393162393162,
f15,engine_cut,sig,whole,cmalpha_x0.7,0.23076923076923078,0.3333333333333333,0.1965811965811966,
f15,engine_cut,sig,win5,cmalpha_x0.7,0.3076923076923077,0.4444444444444444,0.2905982905982906,
f15,engine_cut,sig,win10,cmalpha_x0.7,0.15384615384615385,0.2857142857142857,0.32478632478632474,
f15,engine_cut,sig,whole,clo_+0.1,0.9230769230769231,0.5714285714285714,0.3076923076923077,
f15,engine_cut,sig,win5,clo_+0.1,0.9230769230769231,0.5714285714285714,0.4957264957264958,
f15,engine_cut,sig,win10,clo_+0.1,0.9230769230769231,0.5714285714285714,0.4444444444444445,
f15,engine_cut,sig,whole,noop,,,,0.0
f15,engine_cut,sig,win5,noop,,,,0.045454545454545456
f15,engine_cut,sig,win10,noop,,,,0.045454545454545456
f15,climbing_turn,det,whole,inertia_x1.6,0.045454545454545456,1.0,,
f15,climbing_turn,det,win5,inertia_x1.6,0.0,,,
f15,climbing_turn,det,win10,inertia_x1.6,0.0,,,
f15,climbing_turn,det,whole,cmq_x0.5,0.0,0.0,0.4700854700854701,
f15,climbing_turn,det,win5,cmq_x0.5,0.0,,0.4871794871794872,
f15,climbing_turn,det,win10,cmq_x0.5,0.0,,0.5128205128205129,
f15,climbing_turn,det,whole,cmalpha_x0.7,0.3076923076923077,0.5,0.5299145299145299,
f15,climbing_turn,det,win5,cmalpha_x0.7,0.38461538461538464,0.625,0.6153846153846154,
f15,climbing_turn,det,win10,cmalpha_x0.7,0.23076923076923078,0.5,0.5470085470085471,
f15,climbing_turn,det,whole,clo_+0.1,0.8461538461538461,0.5789473684210527,0.5811965811965812,
f15,climbing_turn,det,win5,clo_+0.1,0.8461538461538461,0.5789473684210527,0.5982905982905984,
f15,climbing_turn,det,win10,clo_+0.1,0.8461538461538461,0.5789473684210527,0.5982905982905984,
f15,climbing_turn,det,whole,noop,,,,0.045454545454545456
f15,climbing_turn,det,win5,noop,,,,0.0
f15,climbing_turn,det,win10,noop,,,,0.045454545454545456
f15,climbing_turn,sig,whole,inertia_x1.6,0.09090909090909091,1.0,,
f15,climbing_turn,sig,win5,inertia_x1.6,0.09090909090909091,1.0,,
f15,climbing_turn,sig,win10,inertia_x1.6,0.13636363636363635,1.0,,
f15,climbing_turn,sig,whole,cmq_x0.5,0.0,0.0,0.2991452991452992,
f15,climbing_turn,sig,win5,cmq_x0.5,0.07692307692307693,0.25,0.6068376068376069,
f15,climbing_turn,sig,win10,cmq_x0.5,0.0,0.0,0.5128205128205129,
f15,climbing_turn,sig,whole,cmalpha_x0.7,0.0,0.0,0.17948717948717952,
f15,climbing_turn,sig,win5,cmalpha_x0.7,0.15384615384615385,0.25,0.2905982905982906,
f15,climbing_turn,sig,win10,cmalpha_x0.7,0.15384615384615385,0.25,0.1965811965811966,
f15,climbing_turn,sig,whole,clo_+0.1,0.6153846153846154,0.5,0.25641025641025644,
f15,climbing_turn,sig,win5,clo_+0.1,1.0,0.5909090909090909,0.358974358974359,
f15,climbing_turn,sig,win10,clo_+0.1,1.0,0.5909090909090909,0.36752136752136755,
f15,climbing_turn,sig,whole,noop,,,,0.18181818181818182
f15,climbing_turn,sig,win5,noop,,,,0.09090909090909091
f15,climbing_turn,sig,win10,noop,,,,0.09090909090909091
f15,elev_doublet_distractor,det,whole,inertia_x1.6,0.0,,,
f15,elev_doublet_distractor,det,win5,inertia_x1.6,0.13636363636363635,1.0,,
f15,elev_doublet_distractor,det,win10,inertia_x1.6,0.09090909090909091,1.0,,
f15,elev_doublet_distractor,det,whole,cmq_x0.5,0.0,0.0,0.4273504273504274,
f15,elev_doublet_distractor,det,win5,cmq_x0.5,0.0,,0.4871794871794872,
f15,elev_doublet_distractor,det,win10,cmq_x0.5,0.0,,0.5042735042735043,
f15,elev_doublet_distractor,det,whole,cmalpha_x0.7,0.23076923076923078,0.3333333333333333,0.17094017094017094,
f15,elev_doublet_distractor,det,win5,cmalpha_x0.7,0.15384615384615385,0.4,0.24786324786324787,
f15,elev_doublet_distractor,det,win10,cmalpha_x0.7,0.23076923076923078,0.375,0.18803418803418803,
f15,elev_doublet_distractor,det,whole,clo_+0.1,0.7692307692307693,0.5882352941176471,0.6153846153846154,
f15,elev_doublet_distractor,det,win5,clo_+0.1,0.8461538461538461,0.6111111111111112,0.7008547008547008,
f15,elev_doublet_distractor,det,win10,clo_+0.1,0.7692307692307693,0.5882352941176471,0.6495726495726496,
f15,elev_doublet_distractor,det,whole,noop,,,,0.045454545454545456
f15,elev_doublet_distractor,det,win5,noop,,,,0.0
f15,elev_doublet_distractor,det,win10,noop,,,,0.0
f15,elev_doublet_distractor,sig,whole,inertia_x1.6,0.045454545454545456,1.0,,
f15,elev_doublet_distractor,sig,win5,inertia_x1.6,0.09090909090909091,1.0,,
f15,elev_doublet_distractor,sig,win10,inertia_x1.6,0.09090909090909091,1.0,,
f15,elev_doublet_distractor,sig,whole,cmq_x0.5,0.0,,0.264957264957265,
f15,elev_doublet_distractor,sig,win5,cmq_x0.5,0.07692307692307693,1.0,0.23931623931623935,
f15,elev_doublet_distractor,sig,win10,cmq_x0.5,0.07692307692307693,1.0,0.3076923076923077,
f15,elev_doublet_distractor,sig,whole,cmalpha_x0.7,0.0,0.0,0.025641025641025654,
f15,elev_doublet_distractor,sig,win5,cmalpha_x0.7,0.07692307692307693,0.16666666666666666,0.16239316239316243,
f15,elev_doublet_distractor,sig,win10,cmalpha_x0.7,0.07692307692307693,0.16666666666666666,0.24786324786324787,
f15,elev_doublet_distractor,sig,whole,clo_+0.1,0.6923076923076923,0.5294117647058824,0.37606837606837606,
f15,elev_doublet_distractor,sig,win5,clo_+0.1,0.7692307692307693,0.5882352941176471,0.46153846153846156,
f15,elev_doublet_distractor,sig,win10,clo_+0.1,0.6153846153846154,0.5,0.4017094017094017,
f15,elev_doublet_distractor,sig,whole,noop,,,,0.0
f15,elev_doublet_distractor,sig,win5,noop,,,,0.09090909090909091
f15,elev_doublet_distractor,sig,win10,noop,,,,0.045454545454545456
f15,engine_restart,det,whole,inertia_x1.6,0.0,,,
f15,engine_restart,det,win5,inertia_x1.6,0.045454545454545456,1.0,,
f15,engine_restart,det,win10,inertia_x1.6,0.0,,,
f15,engine_restart,det,whole,cmq_x0.5,0.0,,0.25641025641025644,
f15,engine_restart,det,win5,cmq_x0.5,0.0,0.0,0.3247863247863248,
f15,engine_restart,det,win10,cmq_x0.5,0.0,,0.12820512820512825,
f15,engine_restart,det,whole,cmalpha_x0.7,0.38461538461538464,0.5,0.25641025641025644,
f15,engine_restart,det,win5,cmalpha_x0.7,0.23076923076923078,0.375,0.18803418803418806,
f15,engine_restart,det,win10,cmalpha_x0.7,0.3076923076923077,0.4444444444444444,0.2136752136752137,
f15,engine_restart,det,whole,clo_+0.1,1.0,0.5909090909090909,0.5128205128205128,
f15,engine_restart,det,win5,clo_+0.1,0.9230769230769231,0.5714285714285714,0.5555555555555556,
f15,engine_restart,det,win10,clo_+0.1,0.9230769230769231,0.5714285714285714,0.5641025641025641,
f15,engine_restart,det,whole,noop,,,,0.0
f15,engine_restart,det,win5,noop,,,,0.045454545454545456
f15,engine_restart,det,win10,noop,,,,0.0
f15,engine_restart,sig,whole,inertia_x1.6,0.09090909090909091,1.0,,
f15,engine_restart,sig,win5,inertia_x1.6,0.13636363636363635,1.0,,
f15,engine_restart,sig,win10,inertia_x1.6,0.09090909090909091,1.0,,
f15,engine_restart,sig,whole,cmq_x0.5,0.38461538461538464,1.0,0.6666666666666667,
f15,engine_restart,sig,win5,cmq_x0.5,0.15384615384615385,1.0,0.5982905982905983,
f15,engine_restart,sig,win10,cmq_x0.5,0.15384615384615385,1.0,0.7350427350427351,
f15,engine_restart,sig,whole,cmalpha_x0.7,0.3076923076923077,0.4,0.25641025641025644,
f15,engine_restart,sig,win5,cmalpha_x0.7,0.38461538461538464,0.5555555555555556,0.36752136752136755,
f15,engine_restart,sig,win10,cmalpha_x0.7,0.15384615384615385,0.4,0.28205128205128205,
f15,engine_restart,sig,whole,clo_+0.1,0.5384615384615384,0.4375,0.07692307692307694,
f15,engine_restart,sig,win5,clo_+0.1,1.0,0.5909090909090909,0.39316239316239315,
f15,engine_restart,sig,win10,clo_+0.1,0.7692307692307693,0.5263157894736842,0.33333333333333337,
f15,engine_restart,sig,whole,noop,,,,0.18181818181818182
f15,engine_restart,sig,win5,noop,,,,0.09090909090909091
f15,engine_restart,sig,win10,noop,,,,0.09090909090909091
f16,throttle_step,det,whole,inertia_x1.6,0.045454545454545456,1.0,,
f16,throttle_step,det,win5,inertia_x1.6,0.0,,,
f16,throttle_step,det,win10,inertia_x1.6,0.0,,,
f16,throttle_step,det,whole,cmq_x0.5,0.0,,0.23076923076923078,
f16,throttle_step,det,win5,cmq_x0.5,0.0,,0.17948717948717952,
f16,throttle_step,det,win10,cmq_x0.5,0.0,,0.17948717948717952,
f16,throttle_step,det,whole,cmalpha_x0.7,0.07692307692307693,1.0,0.3504273504273504,
f16,throttle_step,det,win5,cmalpha_x0.7,0.0,,0.3931623931623932,
f16,throttle_step,det,win10,cmalpha_x0.7,0.0,,0.38461538461538464,
f16,throttle_step,det,whole,clo_+0.1,0.23076923076923078,0.75,0.8717948717948717,
f16,throttle_step,det,win5,clo_+0.1,0.23076923076923078,0.75,0.8888888888888888,
f16,throttle_step,det,win10,clo_+0.1,0.23076923076923078,0.75,0.8632478632478633,
f16,throttle_step,det,whole,noop,,,,0.0
f16,throttle_step,det,win5,noop,,,,0.0
f16,throttle_step,det,win10,noop,,,,0.0
f16,throttle_step,sig,whole,inertia_x1.6,0.045454545454545456,1.0,,
f16,throttle_step,sig,win5,inertia_x1.6,0.045454545454545456,1.0,,
f16,throttle_step,sig,win10,inertia_x1.6,0.045454545454545456,1.0,,
f16,throttle_step,sig,whole,cmq_x0.5,0.0,,0.30769230769230776,
f16,throttle_step,sig,win5,cmq_x0.5,0.0,,0.5726495726495726,
f16,throttle_step,sig,win10,cmq_x0.5,0.0,,0.3076923076923077,
f16,throttle_step,sig,whole,cmalpha_x0.7,0.0,,0.2136752136752137,
f16,throttle_step,sig,win5,cmalpha_x0.7,0.0,0.0,0.4871794871794872,
f16,throttle_step,sig,win10,cmalpha_x0.7,0.0,0.0,0.3162393162393162,
f16,throttle_step,sig,whole,clo_+0.1,0.6153846153846154,1.0,0.9487179487179487,
f16,throttle_step,sig,win5,clo_+0.1,0.38461538461538464,1.0,0.888888888888889,
f16,throttle_step,sig,win10,clo_+0.1,0.38461538461538464,1.0,0.9743589743589745,
f16,throttle_step,sig,whole,noop,,,,0.0
f16,throttle_step,sig,win5,noop,,,,0.0
f16,throttle_step,sig,win10,noop,,,,0.0
f16,elev_doublet,det,whole,inertia_x1.6,0.13636363636363635,1.0,,
f16,elev_doublet,det,win5,inertia_x1.6,0.09090909090909091,1.0,,
f16,elev_doublet,det,win10,inertia_x1.6,0.13636363636363635,1.0,,
f16,elev_doublet,det,whole,cmq_x0.5,0.0,0.0,0.20512820512820518,
f16,elev_doublet,det,win5,cmq_x0.5,0.0,,0.3162393162393162,
f16,elev_doublet,det,win10,cmq_x0.5,0.0,,0.4273504273504274,
f16,elev_doublet,det,whole,cmalpha_x0.7,0.0,,0.2820512820512821,
f16,elev_doublet,det,win5,cmalpha_x0.7,0.0,,0.23931623931623935,
f16,elev_doublet,det,win10,cmalpha_x0.7,0.0,,0.264957264957265,
f16,elev_doublet,det,whole,clo_+0.1,0.6153846153846154,0.5333333333333333,0.7350427350427352,
f16,elev_doublet,det,win5,clo_+0.1,0.5384615384615384,0.5833333333333334,0.641025641025641,
f16,elev_doublet,det,win10,clo_+0.1,0.6153846153846154,0.6153846153846154,0.7008547008547009,
f16,elev_doublet,det,whole,noop,,,,0.045454545454545456
f16,elev_doublet,det,win5,noop,,,,0.0
f16,elev_doublet,det,win10,noop,,,,0.0
f16,elev_doublet,sig,whole,inertia_x1.6,0.045454545454545456,1.0,,
f16,elev_doublet,sig,win5,inertia_x1.6,0.045454545454545456,1.0,,
f16,elev_doublet,sig,win10,inertia_x1.6,0.045454545454545456,1.0,,
f16,elev_doublet,sig,whole,cmq_x0.5,0.0,0.0,0.5555555555555556,
f16,elev_doublet,sig,win5,cmq_x0.5,0.0,0.0,0.37606837606837606,
f16,elev_doublet,sig,win10,cmq_x0.5,0.0,0.0,0.5384615384615385,
f16,elev_doublet,sig,whole,cmalpha_x0.7,0.0,,0.45299145299145305,
f16,elev_doublet,sig,win5,cmalpha_x0.7,0.0,0.0,0.38461538461538464,
f16,elev_doublet,sig,win10,cmalpha_x0.7,0.0,0.0,0.4444444444444445,
f16,elev_doublet,sig,whole,clo_+0.1,0.6153846153846154,0.7272727272727273,0.688034188034188,
f16,elev_doublet,sig,win5,clo_+0.1,0.3076923076923077,0.8,0.7008547008547009,
f16,elev_doublet,sig,win10,clo_+0.1,0.38461538461538464,0.7142857142857143,0.7521367521367521,
f16,elev_doublet,sig,whole,noop,,,,0.045454545454545456
f16,elev_doublet,sig,win5,noop,,,,0.045454545454545456
f16,elev_doublet,sig,win10,noop,,,,0.045454545454545456
f16,aileron_step,det,whole,inertia_x1.6,0.18181818181818182,1.0,,
f16,aileron_step,det,win5,inertia_x1.6,0.13636363636363635,1.0,,
f16,aileron_step,det,win10,inertia_x1.6,0.13636363636363635,1.0,,
f16,aileron_step,det,whole,cmq_x0.5,0.0,,0.3247863247863248,
f16,aileron_step,det,win5,cmq_x0.5,0.07692307692307693,1.0,0.4700854700854701,
f16,aileron_step,det,win10,cmq_x0.5,0.0,0.0,0.358974358974359,
f16,aileron_step,det,whole,cmalpha_x0.7,0.15384615384615385,0.6666666666666666,0.3931623931623932,
f16,aileron_step,det,win5,cmalpha_x0.7,0.07692307692307693,0.5,0.5128205128205128,
f16,aileron_step,det,win10,cmalpha_x0.7,0.15384615384615385,0.6666666666666666,0.52991452991453,
f16,aileron_step,det,whole,clo_+0.1,0.46153846153846156,0.8571428571428571,0.6581196581196581,
f16,aileron_step,det,win5,clo_+0.1,0.46153846153846156,1.0,0.5641025641025641,
f16,aileron_step,det,win10,clo_+0.1,0.46153846153846156,1.0,0.547008547008547,
f16,aileron_step,det,whole,noop,,,,0.0
f16,aileron_step,det,win5,noop,,,,0.045454545454545456
f16,aileron_step,det,win10,noop,,,,0.045454545454545456
f16,aileron_step,sig,whole,inertia_x1.6,0.09090909090909091,1.0,,
f16,aileron_step,sig,win5,inertia_x1.6,0.045454545454545456,1.0,,
f16,aileron_step,sig,win10,inertia_x1.6,0.09090909090909091,1.0,,
f16,aileron_step,sig,whole,cmq_x0.5,0.0,,0.22222222222222227,
f16,aileron_step,sig,win5,cmq_x0.5,0.0,0.0,0.2478632478632479,
f16,aileron_step,sig,win10,cmq_x0.5,0.0,0.0,0.16239316239316243,
f16,aileron_step,sig,whole,cmalpha_x0.7,0.0,0.0,0.2136752136752137,
f16,aileron_step,sig,win5,cmalpha_x0.7,0.0,0.0,0.2307692307692308,
f16,aileron_step,sig,win10,cmalpha_x0.7,0.0,0.0,0.23076923076923078,
f16,aileron_step,sig,whole,clo_+0.1,0.6153846153846154,0.7272727272727273,0.7094017094017094,
f16,aileron_step,sig,win5,clo_+0.1,0.6153846153846154,0.7272727272727273,0.7777777777777778,
f16,aileron_step,sig,win10,clo_+0.1,0.5384615384615384,0.6363636363636364,0.7863247863247863,
f16,aileron_step,sig,whole,noop,,,,0.045454545454545456
f16,aileron_step,sig,win5,noop,,,,0.045454545454545456
f16,aileron_step,sig,win10,noop,,,,0.045454545454545456
f16,rudder_doublet,det,whole,inertia_x1.6,0.045454545454545456,1.0,,
f16,rudder_doublet,det,win5,inertia_x1.6,0.09090909090909091,1.0,,
f16,rudder_doublet,det,win10,inertia_x1.6,0.09090909090909091,1.0,,
f16,rudder_doublet,det,whole,cmq_x0.5,0.0,,0.23931623931623935,
f16,rudder_doublet,det,win5,cmq_x0.5,0.0,0.0,0.35042735042735046,
f16,rudder_doublet,det,win10,cmq_x0.5,0.0,0.0,0.2991452991452992,
f16,rudder_doublet,det,whole,cmalpha_x0.7,0.07692307692307693,1.0,0.3247863247863248,
f16,rudder_doublet,det,win5,cmalpha_x0.7,0.0,,0.3675213675213676,
f16,rudder_doublet,det,win10,cmalpha_x0.7,0.0,,0.2905982905982906,
f16,rudder_doublet,det,whole,clo_+0.1,0.7692307692307693,0.7142857142857143,0.7606837606837606,
f16,rudder_doublet,det,win5,clo_+0.1,0.46153846153846156,0.75,0.7008547008547008,
f16,rudder_doublet,det,win10,clo_+0.1,0.6153846153846154,0.6666666666666666,0.7350427350427351,
f16,rudder_doublet,det,whole,noop,,,,0.0
f16,rudder_doublet,det,win5,noop,,,,0.09090909090909091
f16,rudder_doublet,det,win10,noop,,,,0.045454545454545456
f16,rudder_doublet,sig,whole,inertia_x1.6,0.045454545454545456,1.0,,
f16,rudder_doublet,sig,win5,inertia_x1.6,0.045454545454545456,1.0,,
f16,rudder_doublet,sig,win10,inertia_x1.6,0.045454545454545456,1.0,,
f16,rudder_doublet,sig,whole,cmq_x0.5,0.0,,0.6239316239316239,
f16,rudder_doublet,sig,win5,cmq_x0.5,0.0,,0.6666666666666667,
f16,rudder_doublet,sig,win10,cmq_x0.5,0.0,,0.7350427350427351,
f16,rudder_doublet,sig,whole,cmalpha_x0.7,0.0,,0.5555555555555556,
f16,rudder_doublet,sig,win5,cmalpha_x0.7,0.0,,0.45299145299145305,
f16,rudder_doublet,sig,win10,cmalpha_x0.7,0.0,,0.6239316239316239,
f16,rudder_doublet,sig,whole,clo_+0.1,0.46153846153846156,0.75,0.7350427350427351,
f16,rudder_doublet,sig,win5,clo_+0.1,0.46153846153846156,0.75,0.6324786324786325,
f16,rudder_doublet,sig,win10,clo_+0.1,0.5384615384615384,0.7,0.6666666666666667,
f16,rudder_doublet,sig,whole,noop,,,,0.0
f16,rudder_doublet,sig,win5,noop,,,,0.0
f16,rudder_doublet,sig,win10,noop,,,,0.0
f16,flap_extend,det,whole,inertia_x1.6,0.13636363636363635,1.0,,
f16,flap_extend,det,win5,inertia_x1.6,0.045454545454545456,1.0,,
f16,flap_extend,det,win10,inertia_x1.6,0.09090909090909091,1.0,,
f16,flap_extend,det,whole,cmq_x0.5,0.0,,0.11965811965811968,
f16,flap_extend,det,win5,cmq_x0.5,0.0,0.0,0.09401709401709402,
f16,flap_extend,det,win10,cmq_x0.5,0.0,0.0,0.11111111111111112,
f16,flap_extend,det,whole,cmalpha_x0.7,0.0,,0.15384615384615385,
f16,flap_extend,det,win5,cmalpha_x0.7,0.0,,0.1794871794871795,
f16,flap_extend,det,win10,cmalpha_x0.7,0.0,0.0,0.1452991452991453,
f16,flap_extend,det,whole,clo_+0.1,0.38461538461538464,0.8333333333333334,0.46153846153846156,
f16,flap_extend,det,win5,clo_+0.1,0.23076923076923078,0.75,0.46153846153846156,
f16,flap_extend,det,win10,clo_+0.1,0.38461538461538464,0.8333333333333334,0.43589743589743596,
f16,flap_extend,det,whole,noop,,,,0.0
f16,flap_extend,det,win5,noop,,,,0.045454545454545456
f16,flap_extend,det,win10,noop,,,,0.045454545454545456
f16,flap_extend,sig,whole,inertia_x1.6,0.045454545454545456,1.0,,
f16,flap_extend,sig,win5,inertia_x1.6,0.045454545454545456,1.0,,
f16,flap_extend,sig,win10,inertia_x1.6,0.045454545454545456,1.0,,
f16,flap_extend,sig,whole,cmq_x0.5,0.0,,0.33333333333333337,
f16,flap_extend,sig,win5,cmq_x0.5,0.0,,0.36752136752136755,
f16,flap_extend,sig,win10,cmq_x0.5,0.0,,0.49572649572649574,
f16,flap_extend,sig,whole,cmalpha_x0.7,0.0,0.0,0.35042735042735046,
f16,flap_extend,sig,win5,cmalpha_x0.7,0.07692307692307693,1.0,0.3846153846153846,
f16,flap_extend,sig,win10,cmalpha_x0.7,0.0,,0.3333333333333333,
f16,flap_extend,sig,whole,clo_+0.1,0.3076923076923077,0.6666666666666666,0.5897435897435898,
f16,flap_extend,sig,win5,clo_+0.1,0.23076923076923078,1.0,0.6068376068376068,
f16,flap_extend,sig,win10,clo_+0.1,0.38461538461538464,1.0,0.717948717948718,
f16,flap_extend,sig,whole,noop,,,,0.0
f16,flap_extend,sig,win5,noop,,,,0.0
f16,flap_extend,sig,win10,noop,,,,0.0
f16,elev_doublet_distractor,det,whole,inertia_x1.6,0.13636363636363635,1.0,,
f16,elev_doublet_distractor,det,win5,inertia_x1.6,0.0,,,
f16,elev_doublet_distractor,det,win10,inertia_x1.6,0.0,,,
f16,elev_doublet_distractor,det,whole,cmq_x0.5,0.0,,0.23931623931623933,
f16,elev_doublet_distractor,det,win5,cmq_x0.5,0.0,,0.20512820512820515,
f16,elev_doublet_distractor,det,win10,cmq_x0.5,0.0,,0.2136752136752137,
f16,elev_doublet_distractor,det,whole,cmalpha_x0.7,0.07692307692307693,0.5,0.3504273504273504,
f16,elev_doublet_distractor,det,win5,cmalpha_x0.7,0.07692307692307693,1.0,0.48717948717948717,
f16,elev_doublet_distractor,det,win10,cmalpha_x0.7,0.07692307692307693,0.5,0.4273504273504274,
f16,elev_doublet_distractor,det,whole,clo_+0.1,0.38461538461538464,0.8333333333333334,0.5470085470085471,
f16,elev_doublet_distractor,det,win5,clo_+0.1,0.3076923076923077,1.0,0.41880341880341887,
f16,elev_doublet_distractor,det,win10,clo_+0.1,0.23076923076923078,0.75,0.41025641025641024,
f16,elev_doublet_distractor,det,whole,noop,,,,0.0
f16,elev_doublet_distractor,det,win5,noop,,,,0.0
f16,elev_doublet_distractor,det,win10,noop,,,,0.0
f16,elev_doublet_distractor,sig,whole,inertia_x1.6,0.045454545454545456,1.0,,
f16,elev_doublet_distractor,sig,win5,inertia_x1.6,0.045454545454545456,1.0,,
f16,elev_doublet_distractor,sig,win10,inertia_x1.6,0.045454545454545456,1.0,,
f16,elev_doublet_distractor,sig,whole,cmq_x0.5,0.07692307692307693,1.0,0.37606837606837606,
f16,elev_doublet_distractor,sig,win5,cmq_x0.5,0.07692307692307693,1.0,0.48717948717948717,
f16,elev_doublet_distractor,sig,win10,cmq_x0.5,0.07692307692307693,1.0,0.358974358974359,
f16,elev_doublet_distractor,sig,whole,cmalpha_x0.7,0.0,,0.33333333333333337,
f16,elev_doublet_distractor,sig,win5,cmalpha_x0.7,0.0,0.0,0.33333333333333337,
f16,elev_doublet_distractor,sig,win10,cmalpha_x0.7,0.0,0.0,0.3076923076923077,
f16,elev_doublet_distractor,sig,whole,clo_+0.1,0.38461538461538464,1.0,0.7264957264957266,
f16,elev_doublet_distractor,sig,win5,clo_+0.1,0.3076923076923077,0.8,0.7606837606837606,
f16,elev_doublet_distractor,sig,win10,clo_+0.1,0.38461538461538464,1.0,0.7777777777777779,
f16,elev_doublet_distractor,sig,whole,noop,,,,0.045454545454545456
f16,elev_doublet_distractor,sig,win5,noop,,,,0.0
f16,elev_doublet_distractor,sig,win10,noop,,,,0.045454545454545456
global5000,cruise,det,whole,inertia_x1.6,0.045454545454545456,1.0,,
global5000,cruise,det,win5,inertia_x1.6,0.09090909090909091,1.0,,
global5000,cruise,det,win10,inertia_x1.6,0.045454545454545456,1.0,,
global5000,cruise,det,whole,cmq_x0.5,0.0,,0.7606837606837608,
global5000,cruise,det,win5,cmq_x0.5,0.07692307692307693,1.0,0.6153846153846154,
global5000,cruise,det,win10,cmq_x0.5,0.07692307692307693,1.0,0.7179487179487181,
global5000,cruise,det,whole,cmalpha_x0.7,0.6153846153846154,1.0,0.7350427350427351,
global5000,cruise,det,win5,cmalpha_x0.7,0.6153846153846154,1.0,0.7350427350427351,
global5000,cruise,det,win10,cmalpha_x0.7,0.6153846153846154,1.0,0.7264957264957266,
global5000,cruise,det,whole,clo_+0.1,0.6923076923076923,1.0,0.8376068376068376,
global5000,cruise,det,win5,clo_+0.1,0.6923076923076923,1.0,0.7948717948717948,
global5000,cruise,det,win10,clo_+0.1,0.6923076923076923,1.0,0.7948717948717948,
global5000,cruise,det,whole,noop,,,,0.0
global5000,cruise,det,win5,noop,,,,0.0
global5000,cruise,det,win10,noop,,,,0.045454545454545456
global5000,cruise,sig,whole,inertia_x1.6,0.045454545454545456,1.0,,
global5000,cruise,sig,win5,inertia_x1.6,0.045454545454545456,1.0,,
global5000,cruise,sig,win10,inertia_x1.6,0.045454545454545456,1.0,,
global5000,cruise,sig,whole,cmq_x0.5,0.0,,0.23931623931623933,
global5000,cruise,sig,win5,cmq_x0.5,0.0,,0.3076923076923077,
global5000,cruise,sig,win10,cmq_x0.5,0.0,,0.3162393162393162,
global5000,cruise,sig,whole,cmalpha_x0.7,0.38461538461538464,1.0,0.8717948717948719,
global5000,cruise,sig,win5,cmalpha_x0.7,0.15384615384615385,1.0,0.7863247863247863,
global5000,cruise,sig,win10,cmalpha_x0.7,0.3076923076923077,1.0,0.7777777777777778,
global5000,cruise,sig,whole,clo_+0.1,0.07692307692307693,1.0,0.5897435897435898,
global5000,cruise,sig,win5,clo_+0.1,0.0,,0.5555555555555556,
global5000,cruise,sig,win10,clo_+0.1,0.0,,0.5982905982905984,
global5000,cruise,sig,whole,noop,,,,0.045454545454545456
global5000,cruise,sig,win5,noop,,,,0.0
global5000,cruise,sig,win10,noop,,,,0.0
global5000,throttle_step,det,whole,inertia_x1.6,0.0,,,
global5000,throttle_step,det,win5,inertia_x1.6,0.0,,,
global5000,throttle_step,det,win10,inertia_x1.6,0.0,,,
global5000,throttle_step,det,whole,cmq_x0.5,0.07692307692307693,1.0,0.3760683760683761,
global5000,throttle_step,det,win5,cmq_x0.5,0.07692307692307693,1.0,0.3247863247863248,
global5000,throttle_step,det,win10,cmq_x0.5,0.23076923076923078,1.0,0.38461538461538464,
global5000,throttle_step,det,whole,cmalpha_x0.7,0.6153846153846154,1.0,0.7264957264957265,
global5000,throttle_step,det,win5,cmalpha_x0.7,0.6923076923076923,1.0,0.7094017094017094,
global5000,throttle_step,det,win10,cmalpha_x0.7,0.5384615384615384,1.0,0.7435897435897436,
global5000,throttle_step,det,whole,clo_+0.1,0.5384615384615384,1.0,0.8632478632478633,
global5000,throttle_step,det,win5,clo_+0.1,0.6153846153846154,1.0,0.9914529914529914,
global5000,throttle_step,det,win10,clo_+0.1,0.6153846153846154,1.0,0.982905982905983,
global5000,throttle_step,det,whole,noop,,,,0.0
global5000,throttle_step,det,win5,noop,,,,0.0
global5000,throttle_step,det,win10,noop,,,,0.0
global5000,throttle_step,sig,whole,inertia_x1.6,0.0,,,
global5000,throttle_step,sig,win5,inertia_x1.6,0.045454545454545456,1.0,,
global5000,throttle_step,sig,win10,inertia_x1.6,0.045454545454545456,1.0,,
global5000,throttle_step,sig,whole,cmq_x0.5,0.07692307692307693,0.3333333333333333,0.41880341880341876,
global5000,throttle_step,sig,win5,cmq_x0.5,0.0,,0.5299145299145299,
global5000,throttle_step,sig,win10,cmq_x0.5,0.0,,0.4444444444444445,
global5000,throttle_step,sig,whole,cmalpha_x0.7,0.38461538461538464,1.0,0.5726495726495726,
global5000,throttle_step,sig,win5,cmalpha_x0.7,0.23076923076923078,0.75,0.5897435897435898,
global5000,throttle_step,sig,win10,cmalpha_x0.7,0.15384615384615385,0.5,0.547008547008547,
global5000,throttle_step,sig,whole,clo_+0.1,0.46153846153846156,0.8571428571428571,0.5384615384615385,
global5000,throttle_step,sig,win5,clo_+0.1,0.46153846153846156,1.0,0.7692307692307693,
global5000,throttle_step,sig,win10,clo_+0.1,0.46153846153846156,0.8571428571428571,0.6837606837606838,
global5000,throttle_step,sig,whole,noop,,,,0.09090909090909091
global5000,throttle_step,sig,win5,noop,,,,0.0
global5000,throttle_step,sig,win10,noop,,,,0.0
global5000,elev_doublet,det,whole,inertia_x1.6,0.22727272727272727,1.0,,
global5000,elev_doublet,det,win5,inertia_x1.6,0.22727272727272727,1.0,,
global5000,elev_doublet,det,win10,inertia_x1.6,0.22727272727272727,1.0,,
global5000,elev_doublet,det,whole,cmq_x0.5,0.3076923076923077,1.0,0.5726495726495726,
global5000,elev_doublet,det,win5,cmq_x0.5,0.15384615384615385,1.0,0.4358974358974359,
global5000,elev_doublet,det,win10,cmq_x0.5,0.23076923076923078,1.0,0.5384615384615384,
global5000,elev_doublet,det,whole,cmalpha_x0.7,0.38461538461538464,0.7142857142857143,0.6495726495726496,
global5000,elev_doublet,det,win5,cmalpha_x0.7,0.38461538461538464,0.8333333333333334,0.6324786324786325,
global5000,elev_doublet,det,win10,cmalpha_x0.7,0.3076923076923077,0.8,0.6495726495726497,
global5000,elev_doublet,det,whole,clo_+0.1,0.5384615384615384,1.0,0.717948717948718,
global5000,elev_doublet,det,win5,clo_+0.1,0.46153846153846156,1.0,0.7692307692307693,
global5000,elev_doublet,det,win10,clo_+0.1,0.38461538461538464,1.0,0.7692307692307693,
global5000,elev_doublet,det,whole,noop,,,,0.0
global5000,elev_doublet,det,win5,noop,,,,0.0
global5000,elev_doublet,det,win10,noop,,,,0.0
global5000,elev_doublet,sig,whole,inertia_x1.6,0.045454545454545456,1.0,,
global5000,elev_doublet,sig,win5,inertia_x1.6,0.045454545454545456,1.0,,
global5000,elev_doublet,sig,win10,inertia_x1.6,0.09090909090909091,1.0,,
global5000,elev_doublet,sig,whole,cmq_x0.5,0.0,0.0,0.7350427350427351,
global5000,elev_doublet,sig,win5,cmq_x0.5,0.0,,0.6752136752136753,
global5000,elev_doublet,sig,win10,cmq_x0.5,0.07692307692307693,0.5,0.6581196581196581,
global5000,elev_doublet,sig,whole,cmalpha_x0.7,0.23076923076923078,0.75,0.6837606837606838,
global5000,elev_doublet,sig,win5,cmalpha_x0.7,0.3076923076923077,0.8,0.6068376068376069,
global5000,elev_doublet,sig,win10,cmalpha_x0.7,0.15384615384615385,0.6666666666666666,0.6239316239316239,
global5000,elev_doublet,sig,whole,clo_+0.1,0.23076923076923078,1.0,0.6324786324786326,
global5000,elev_doublet,sig,win5,clo_+0.1,0.15384615384615385,1.0,0.6324786324786325,
global5000,elev_doublet,sig,win10,clo_+0.1,0.15384615384615385,1.0,0.49572649572649574,
global5000,elev_doublet,sig,whole,noop,,,,0.13636363636363635
global5000,elev_doublet,sig,win5,noop,,,,0.0
global5000,elev_doublet,sig,win10,noop,,,,0.045454545454545456
global5000,elev_step,det,whole,inertia_x1.6,0.045454545454545456,1.0,,
global5000,elev_step,det,win5,inertia_x1.6,0.045454545454545456,1.0,,
global5000,elev_step,det,win10,inertia_x1.6,0.045454545454545456,1.0,,
global5000,elev_step,det,whole,cmq_x0.5,0.07692307692307693,1.0,0.47863247863247865,
global5000,elev_step,det,win5,cmq_x0.5,0.15384615384615385,1.0,0.5042735042735043,
global5000,elev_step,det,win10,cmq_x0.5,0.15384615384615385,1.0,0.49572649572649574,
global5000,elev_step,det,whole,cmalpha_x0.7,0.6153846153846154,1.0,0.7606837606837606,
global5000,elev_step,det,win5,cmalpha_x0.7,0.6923076923076923,1.0,0.9743589743589745,
global5000,elev_step,det,win10,cmalpha_x0.7,0.6153846153846154,1.0,0.9743589743589745,
global5000,elev_step,det,whole,clo_+0.1,0.23076923076923078,1.0,0.7863247863247863,
global5000,elev_step,det,win5,clo_+0.1,0.38461538461538464,1.0,0.8461538461538461,
global5000,elev_step,det,win10,clo_+0.1,0.3076923076923077,1.0,0.8034188034188035,
global5000,elev_step,det,whole,noop,,,,0.0
global5000,elev_step,det,win5,noop,,,,0.0
global5000,elev_step,det,win10,noop,,,,0.0
global5000,elev_step,sig,whole,inertia_x1.6,0.045454545454545456,1.0,,
global5000,elev_step,sig,win5,inertia_x1.6,0.0,,,
global5000,elev_step,sig,win10,inertia_x1.6,0.045454545454545456,1.0,,
global5000,elev_step,sig,whole,cmq_x0.5,0.07692307692307693,1.0,0.4102564102564103,
global5000,elev_step,sig,win5,cmq_x0.5,0.0,,0.49572649572649574,
global5000,elev_step,sig,win10,cmq_x0.5,0.07692307692307693,1.0,0.5128205128205129,
global5000,elev_step,sig,whole,cmalpha_x0.7,0.23076923076923078,0.75,0.4444444444444444,
global5000,elev_step,sig,win5,cmalpha_x0.7,0.15384615384615385,1.0,0.43589743589743596,
global5000,elev_step,sig,win10,cmalpha_x0.7,0.23076923076923078,1.0,0.28205128205128205,
global5000,elev_step,sig,whole,clo_+0.1,0.0,0.0,0.17948717948717952,
global5000,elev_step,sig,win5,clo_+0.1,0.15384615384615385,0.6666666666666666,0.23076923076923078,
global5000,elev_step,sig,win10,clo_+0.1,0.07692307692307693,1.0,0.22222222222222224,
global5000,elev_step,sig,whole,noop,,,,0.0
global5000,elev_step,sig,win5,noop,,,,0.0
global5000,elev_step,sig,win10,noop,,,,0.09090909090909091
global5000,aileron_step,det,whole,inertia_x1.6,0.0,,,
global5000,aileron_step,det,win5,inertia_x1.6,0.045454545454545456,1.0,,
global5000,aileron_step,det,win10,inertia_x1.6,0.0,,,
global5000,aileron_step,det,whole,cmq_x0.5,0.0,,0.2820512820512821,
global5000,aileron_step,det,win5,cmq_x0.5,0.0,,0.20512820512820512,
global5000,aileron_step,det,win10,cmq_x0.5,0.0,,0.25641025641025644,
global5000,aileron_step,det,whole,cmalpha_x0.7,0.3076923076923077,1.0,0.4786324786324786,
global5000,aileron_step,det,win5,cmalpha_x0.7,0.3076923076923077,1.0,0.5384615384615384,
global5000,aileron_step,det,win10,cmalpha_x0.7,0.3076923076923077,1.0,0.5811965811965812,
global5000,aileron_step,det,whole,clo_+0.1,0.46153846153846156,1.0,0.47863247863247865,
global5000,aileron_step,det,win5,clo_+0.1,0.46153846153846156,1.0,0.46153846153846156,
global5000,aileron_step,det,win10,clo_+0.1,0.46153846153846156,0.75,0.5042735042735043,
global5000,aileron_step,det,whole,noop,,,,0.0
global5000,aileron_step,det,win5,noop,,,,0.0
global5000,aileron_step,det,win10,noop,,,,0.0
global5000,aileron_step,sig,whole,inertia_x1.6,0.045454545454545456,1.0,,
global5000,aileron_step,sig,win5,inertia_x1.6,0.09090909090909091,1.0,,
global5000,aileron_step,sig,win10,inertia_x1.6,0.045454545454545456,1.0,,
global5000,aileron_step,sig,whole,cmq_x0.5,0.0,,0.44444444444444453,
global5000,aileron_step,sig,win5,cmq_x0.5,0.0,0.0,0.717948717948718,
global5000,aileron_step,sig,win10,cmq_x0.5,0.0,,0.6837606837606838,
global5000,aileron_step,sig,whole,cmalpha_x0.7,0.38461538461538464,0.7142857142857143,0.5598290598290598,
global5000,aileron_step,sig,win5,cmalpha_x0.7,0.23076923076923078,0.6,0.6581196581196581,
global5000,aileron_step,sig,win10,cmalpha_x0.7,0.23076923076923078,0.5,0.6495726495726496,
global5000,aileron_step,sig,whole,clo_+0.1,0.3076923076923077,0.6666666666666666,0.6324786324786325,
global5000,aileron_step,sig,win5,clo_+0.1,0.46153846153846156,0.75,0.7350427350427351,
global5000,aileron_step,sig,win10,clo_+0.1,0.3076923076923077,0.8,0.6239316239316239,
global5000,aileron_step,sig,whole,noop,,,,0.045454545454545456
global5000,aileron_step,sig,win5,noop,,,,0.09090909090909091
global5000,aileron_step,sig,win10,noop,,,,0.045454545454545456
global5000,rudder_doublet,det,whole,inertia_x1.6,0.045454545454545456,1.0,,
global5000,rudder_doublet,det,win5,inertia_x1.6,0.09090909090909091,1.0,,
global5000,rudder_doublet,det,win10,inertia_x1.6,0.045454545454545456,1.0,,
global5000,rudder_doublet,det,whole,cmq_x0.5,0.0,,0.5897435897435898,
global5000,rudder_doublet,det,win5,cmq_x0.5,0.0,,0.5555555555555556,
global5000,rudder_doublet,det,win10,cmq_x0.5,0.0,,0.5641025641025641,
global5000,rudder_doublet,det,whole,cmalpha_x0.7,0.3076923076923077,1.0,0.5726495726495727,
global5000,rudder_doublet,det,win5,cmalpha_x0.7,0.3076923076923077,1.0,0.5128205128205128,
global5000,rudder_doublet,det,win10,cmalpha_x0.7,0.3076923076923077,1.0,0.5470085470085471,
global5000,rudder_doublet,det,whole,clo_+0.1,0.38461538461538464,0.625,0.7264957264957266,
global5000,rudder_doublet,det,win5,clo_+0.1,0.38461538461538464,0.625,0.6495726495726495,
global5000,rudder_doublet,det,win10,clo_+0.1,0.38461538461538464,0.7142857142857143,0.6837606837606838,
global5000,rudder_doublet,det,whole,noop,,,,0.0
global5000,rudder_doublet,det,win5,noop,,,,0.045454545454545456
global5000,rudder_doublet,det,win10,noop,,,,0.0
global5000,rudder_doublet,sig,whole,inertia_x1.6,0.09090909090909091,1.0,,
global5000,rudder_doublet,sig,win5,inertia_x1.6,0.09090909090909091,1.0,,
global5000,rudder_doublet,sig,win10,inertia_x1.6,0.0,,,
global5000,rudder_doublet,sig,whole,cmq_x0.5,0.15384615384615385,1.0,0.5726495726495727,
global5000,rudder_doublet,sig,win5,cmq_x0.5,0.15384615384615385,1.0,0.45299145299145305,
global5000,rudder_doublet,sig,win10,cmq_x0.5,0.0,,0.5811965811965811,
global5000,rudder_doublet,sig,whole,cmalpha_x0.7,0.38461538461538464,1.0,0.7606837606837606,
global5000,rudder_doublet,sig,win5,cmalpha_x0.7,0.46153846153846156,1.0,0.7606837606837606,
global5000,rudder_doublet,sig,win10,cmalpha_x0.7,0.38461538461538464,1.0,0.794871794871795,
global5000,rudder_doublet,sig,whole,clo_+0.1,0.23076923076923078,1.0,0.6495726495726496,
global5000,rudder_doublet,sig,win5,clo_+0.1,0.38461538461538464,1.0,0.7008547008547009,
global5000,rudder_doublet,sig,win10,clo_+0.1,0.46153846153846156,1.0,0.6495726495726497,
global5000,rudder_doublet,sig,whole,noop,,,,0.09090909090909091
global5000,rudder_doublet,sig,win5,noop,,,,0.09090909090909091
global5000,rudder_doublet,sig,win10,noop,,,,0.0
global5000,bank_hold,det,whole,inertia_x1.6,0.0,,,
global5000,bank_hold,det,win5,inertia_x1.6,0.0,,,
global5000,bank_hold,det,win10,inertia_x1.6,0.0,,,
global5000,bank_hold,det,whole,cmq_x0.5,0.38461538461538464,1.0,0.9230769230769231,
global5000,bank_hold,det,win5,cmq_x0.5,0.07692307692307693,1.0,0.9401709401709402,
global5000,bank_hold,det,win10,cmq_x0.5,0.23076923076923078,1.0,0.9059829059829061,
global5000,bank_hold,det,whole,cmalpha_x0.7,0.23076923076923078,0.75,0.46153846153846156,
global5000,bank_hold,det,win5,cmalpha_x0.7,0.23076923076923078,1.0,0.3931623931623932,
global5000,bank_hold,det,win10,cmalpha_x0.7,0.15384615384615385,0.6666666666666666,0.4444444444444445,
global5000,bank_hold,det,whole,clo_+0.1,0.46153846153846156,0.8571428571428571,0.5641025641025641,
global5000,bank_hold,det,win5,clo_+0.1,0.3076923076923077,1.0,0.47008547008547014,
global5000,bank_hold,det,win10,clo_+0.1,0.3076923076923077,1.0,0.5470085470085471,
global5000,bank_hold,det,whole,noop,,,,0.045454545454545456
global5000,bank_hold,det,win5,noop,,,,0.045454545454545456
global5000,bank_hold,det,win10,noop,,,,0.09090909090909091
global5000,bank_hold,sig,whole,inertia_x1.6,0.0,,,
global5000,bank_hold,sig,win5,inertia_x1.6,0.045454545454545456,1.0,,
global5000,bank_hold,sig,win10,inertia_x1.6,0.0,,,
global5000,bank_hold,sig,whole,cmq_x0.5,0.07692307692307693,0.5,0.46153846153846156,
global5000,bank_hold,sig,win5,cmq_x0.5,0.0,0.0,0.3846153846153847,
global5000,bank_hold,sig,win10,cmq_x0.5,0.0,0.0,0.5555555555555556,
global5000,bank_hold,sig,whole,cmalpha_x0.7,0.15384615384615385,1.0,0.6324786324786325,
global5000,bank_hold,sig,win5,cmalpha_x0.7,0.07692307692307693,1.0,0.5811965811965812,
global5000,bank_hold,sig,win10,cmalpha_x0.7,0.07692307692307693,1.0,0.6324786324786325,
global5000,bank_hold,sig,whole,clo_+0.1,0.15384615384615385,1.0,0.4786324786324786,
global5000,bank_hold,sig,win5,clo_+0.1,0.15384615384615385,1.0,0.5128205128205129,
global5000,bank_hold,sig,win10,clo_+0.1,0.15384615384615385,1.0,0.52991452991453,
global5000,bank_hold,sig,whole,noop,,,,0.09090909090909091
global5000,bank_hold,sig,win5,noop,,,,0.09090909090909091
global5000,bank_hold,sig,win10,noop,,,,0.045454545454545456
global5000,flap_extend,det,whole,inertia_x1.6,0.13636363636363635,1.0,,
global5000,flap_extend,det,win5,inertia_x1.6,0.13636363636363635,1.0,,
global5000,flap_extend,det,win10,inertia_x1.6,0.13636363636363635,1.0,,
global5000,flap_extend,det,whole,cmq_x0.5,0.07692307692307693,1.0,0.36752136752136755,
global5000,flap_extend,det,win5,cmq_x0.5,0.0,,0.33333333333333337,
global5000,flap_extend,det,win10,cmq_x0.5,0.07692307692307693,1.0,0.35042735042735046,
global5000,flap_extend,det,whole,cmalpha_x0.7,0.38461538461538464,1.0,0.7777777777777778,
global5000,flap_extend,det,win5,cmalpha_x0.7,0.5384615384615384,1.0,0.7692307692307693,
global5000,flap_extend,det,win10,cmalpha_x0.7,0.5384615384615384,1.0,0.7777777777777778,
global5000,flap_extend,det,whole,clo_+0.1,0.38461538461538464,1.0,0.7179487179487178,
global5000,flap_extend,det,win5,clo_+0.1,0.38461538461538464,1.0,0.7606837606837606,
global5000,flap_extend,det,win10,clo_+0.1,0.46153846153846156,1.0,0.7094017094017093,
global5000,flap_extend,det,whole,noop,,,,0.0
global5000,flap_extend,det,win5,noop,,,,0.045454545454545456
global5000,flap_extend,det,win10,noop,,,,0.0
global5000,flap_extend,sig,whole,inertia_x1.6,0.09090909090909091,1.0,,
global5000,flap_extend,sig,win5,inertia_x1.6,0.045454545454545456,1.0,,
global5000,flap_extend,sig,win10,inertia_x1.6,0.045454545454545456,1.0,,
global5000,flap_extend,sig,whole,cmq_x0.5,0.15384615384615385,1.0,0.6666666666666667,
global5000,flap_extend,sig,win5,cmq_x0.5,0.23076923076923078,1.0,0.7008547008547008,
global5000,flap_extend,sig,win10,cmq_x0.5,0.0,,0.6666666666666667,
global5000,flap_extend,sig,whole,cmalpha_x0.7,0.23076923076923078,1.0,0.264957264957265,
global5000,flap_extend,sig,win5,cmalpha_x0.7,0.38461538461538464,0.5555555555555556,0.37606837606837606,
global5000,flap_extend,sig,win10,cmalpha_x0.7,0.38461538461538464,0.625,0.36752136752136755,
global5000,flap_extend,sig,whole,clo_+0.1,0.15384615384615385,1.0,0.5555555555555556,
global5000,flap_extend,sig,win5,clo_+0.1,0.23076923076923078,1.0,0.5042735042735043,
global5000,flap_extend,sig,win10,clo_+0.1,0.3076923076923077,1.0,0.5128205128205129,
global5000,flap_extend,sig,whole,noop,,,,0.0
global5000,flap_extend,sig,win5,noop,,,,0.0
global5000,flap_extend,sig,win10,noop,,,,0.0
global5000,engine_cut,det,whole,inertia_x1.6,0.0,,,
global5000,engine_cut,det,win5,inertia_x1.6,0.0,,,
global5000,engine_cut,det,win10,inertia_x1.6,0.0,,,
global5000,engine_cut,det,whole,cmq_x0.5,0.0,0.0,0.3418803418803419,
global5000,engine_cut,det,win5,cmq_x0.5,0.0,,0.3333333333333334,
global5000,engine_cut,det,win10,cmq_x0.5,0.0,0.0,0.3760683760683761,
global5000,engine_cut,det,whole,cmalpha_x0.7,0.6923076923076923,0.75,0.6923076923076923,
global5000,engine_cut,det,win5,cmalpha_x0.7,0.6923076923076923,0.8181818181818182,0.735042735042735,
global5000,engine_cut,det,win10,cmalpha_x0.7,0.6923076923076923,0.8181818181818182,0.717948717948718,
global5000,engine_cut,det,whole,clo_+0.1,0.6153846153846154,0.6666666666666666,0.5982905982905984,
global5000,engine_cut,det,win5,clo_+0.1,0.6153846153846154,0.8,0.5982905982905984,
global5000,engine_cut,det,win10,clo_+0.1,0.6153846153846154,0.7272727272727273,0.5982905982905984,
global5000,engine_cut,det,whole,noop,,,,0.045454545454545456
global5000,engine_cut,det,win5,noop,,,,0.0
global5000,engine_cut,det,win10,noop,,,,0.045454545454545456
global5000,engine_cut,sig,whole,inertia_x1.6,0.0,,,
global5000,engine_cut,sig,win5,inertia_x1.6,0.0,,,
global5000,engine_cut,sig,win10,inertia_x1.6,0.045454545454545456,1.0,,
global5000,engine_cut,sig,whole,cmq_x0.5,0.0,,0.1794871794871795,
global5000,engine_cut,sig,win5,cmq_x0.5,0.0,,0.5299145299145299,
global5000,engine_cut,sig,win10,cmq_x0.5,0.0,,0.34188034188034194,
global5000,engine_cut,sig,whole,cmalpha_x0.7,0.38461538461538464,0.8333333333333334,0.7777777777777779,
global5000,engine_cut,sig,win5,cmalpha_x0.7,0.38461538461538464,0.8333333333333334,0.7863247863247864,
global5000,engine_cut,sig,win10,cmalpha_x0.7,0.38461538461538464,1.0,0.8632478632478633,
global5000,engine_cut,sig,whole,clo_+0.1,0.3076923076923077,0.6666666666666666,0.48717948717948717,
global5000,engine_cut,sig,win5,clo_+0.1,0.38461538461538464,0.8333333333333334,0.7094017094017095,
global5000,engine_cut,sig,win10,clo_+0.1,0.3076923076923077,0.6666666666666666,0.5641025641025641,
global5000,engine_cut,sig,whole,noop,,,,0.0
global5000,engine_cut,sig,win5,noop,,,,0.0
global5000,engine_cut,sig,win10,noop,,,,0.0
global5000,climbing_turn,det,whole,inertia_x1.6,0.0,,,
global5000,climbing_turn,det,win5,inertia_x1.6,0.0,,,
global5000,climbing_turn,det,win10,inertia_x1.6,0.0,,,
global5000,climbing_turn,det,whole,cmq_x0.5,0.0,,0.2136752136752137,
global5000,climbing_turn,det,win5,cmq_x0.5,0.0,,0.2307692307692308,
global5000,climbing_turn,det,win10,cmq_x0.5,0.07692307692307693,1.0,0.25641025641025644,
global5000,climbing_turn,det,whole,cmalpha_x0.7,0.3076923076923077,0.8,0.5128205128205129,
global5000,climbing_turn,det,win5,cmalpha_x0.7,0.23076923076923078,0.75,0.6324786324786323,
global5000,climbing_turn,det,win10,cmalpha_x0.7,0.23076923076923078,1.0,0.5897435897435899,
global5000,climbing_turn,det,whole,clo_+0.1,0.5384615384615384,0.7,0.6153846153846154,
global5000,climbing_turn,det,win5,clo_+0.1,0.6153846153846154,0.8,0.5811965811965812,
global5000,climbing_turn,det,win10,clo_+0.1,0.6153846153846154,0.7272727272727273,0.5811965811965812,
global5000,climbing_turn,det,whole,noop,,,,0.0
global5000,climbing_turn,det,win5,noop,,,,0.0
global5000,climbing_turn,det,win10,noop,,,,0.0
global5000,climbing_turn,sig,whole,inertia_x1.6,0.0,,,
global5000,climbing_turn,sig,win5,inertia_x1.6,0.045454545454545456,1.0,,
global5000,climbing_turn,sig,win10,inertia_x1.6,0.0,,,
global5000,climbing_turn,sig,whole,cmq_x0.5,0.0,,0.5811965811965812,
global5000,climbing_turn,sig,win5,cmq_x0.5,0.0,0.0,0.6495726495726497,
global5000,climbing_turn,sig,win10,cmq_x0.5,0.0,0.0,0.6837606837606838,
global5000,climbing_turn,sig,whole,cmalpha_x0.7,0.38461538461538464,0.8333333333333334,0.7777777777777778,
global5000,climbing_turn,sig,win5,cmalpha_x0.7,0.46153846153846156,0.6666666666666666,0.8034188034188035,
global5000,climbing_turn,sig,win10,cmalpha_x0.7,0.3076923076923077,0.6666666666666666,0.888888888888889,
global5000,climbing_turn,sig,whole,clo_+0.1,0.07692307692307693,0.2,0.4358974358974359,
global5000,climbing_turn,sig,win5,clo_+0.1,0.3076923076923077,0.4444444444444444,0.49572649572649574,
global5000,climbing_turn,sig,win10,clo_+0.1,0.15384615384615385,0.2857142857142857,0.4871794871794873,
global5000,climbing_turn,sig,whole,noop,,,,0.0
global5000,climbing_turn,sig,win5,noop,,,,0.09090909090909091
global5000,climbing_turn,sig,win10,noop,,,,0.045454545454545456
global5000,elev_doublet_distractor,det,whole,inertia_x1.6,0.2727272727272727,1.0,,
global5000,elev_doublet_distractor,det,win5,inertia_x1.6,0.2727272727272727,1.0,,
global5000,elev_doublet_distractor,det,win10,inertia_x1.6,0.3181818181818182,1.0,,
global5000,elev_doublet_distractor,det,whole,cmq_x0.5,0.38461538461538464,1.0,0.9487179487179488,
global5000,elev_doublet_distractor,det,win5,cmq_x0.5,0.46153846153846156,1.0,1.0,
global5000,elev_doublet_distractor,det,win10,cmq_x0.5,0.46153846153846156,1.0,0.9401709401709402,
global5000,elev_doublet_distractor,det,whole,cmalpha_x0.7,0.5384615384615384,0.875,0.7692307692307693,
global5000,elev_doublet_distractor,det,win5,cmalpha_x0.7,0.6153846153846154,1.0,0.8290598290598291,
global5000,elev_doublet_distractor,det,win10,cmalpha_x0.7,0.6153846153846154,0.8888888888888888,0.811965811965812,
global5000,elev_doublet_distractor,det,whole,clo_+0.1,0.9230769230769231,1.0,0.9829059829059829,
global5000,elev_doublet_distractor,det,win5,clo_+0.1,0.9230769230769231,1.0,0.9743589743589743,
global5000,elev_doublet_distractor,det,win10,clo_+0.1,0.9230769230769231,1.0,0.9743589743589743,
global5000,elev_doublet_distractor,det,whole,noop,,,,0.045454545454545456
global5000,elev_doublet_distractor,det,win5,noop,,,,0.09090909090909091
global5000,elev_doublet_distractor,det,win10,noop,,,,0.045454545454545456
global5000,elev_doublet_distractor,sig,whole,inertia_x1.6,0.09090909090909091,1.0,,
global5000,elev_doublet_distractor,sig,win5,inertia_x1.6,0.09090909090909091,1.0,,
global5000,elev_doublet_distractor,sig,win10,inertia_x1.6,0.09090909090909091,1.0,,
global5000,elev_doublet_distractor,sig,whole,cmq_x0.5,0.07692307692307693,1.0,0.8461538461538463,
global5000,elev_doublet_distractor,sig,win5,cmq_x0.5,0.07692307692307693,1.0,0.8034188034188035,
global5000,elev_doublet_distractor,sig,win10,cmq_x0.5,0.07692307692307693,1.0,0.8632478632478633,
global5000,elev_doublet_distractor,sig,whole,cmalpha_x0.7,0.15384615384615385,0.4,0.547008547008547,
global5000,elev_doublet_distractor,sig,win5,cmalpha_x0.7,0.0,0.0,0.48717948717948717,
global5000,elev_doublet_distractor,sig,win10,cmalpha_x0.7,0.07692307692307693,0.16666666666666666,0.5299145299145299,
global5000,elev_doublet_distractor,sig,whole,clo_+0.1,0.6153846153846154,0.6666666666666666,0.6752136752136753,
global5000,elev_doublet_distractor,sig,win5,clo_+0.1,0.5384615384615384,0.6363636363636364,0.5384615384615385,
global5000,elev_doublet_distractor,sig,win10,clo_+0.1,0.6153846153846154,0.6666666666666666,0.6752136752136753,
global5000,elev_doublet_distractor,sig,whole,noop,,,,0.045454545454545456
global5000,elev_doublet_distractor,sig,win5,noop,,,,0.09090909090909091
global5000,elev_doublet_distractor,sig,win10,noop,,,,0.13636363636363635
global5000,engine_restart,det,whole,inertia_x1.6,0.0,,,
global5000,engine_restart,det,win5,inertia_x1.6,0.0,,,
global5000,engine_restart,det,win10,inertia_x1.6,0.045454545454545456,1.0,,
global5000,engine_restart,det,whole,cmq_x0.5,0.07692307692307693,1.0,0.46153846153846156,
global5000,engine_restart,det,win5,cmq_x0.5,0.07692307692307693,0.3333333333333333,0.3931623931623932,
global5000,engine_restart,det,win10,cmq_x0.5,0.15384615384615385,0.5,0.4444444444444445,
global5000,engine_restart,det,whole,cmalpha_x0.7,0.6923076923076923,0.9,0.7094017094017094,
global5000,engine_restart,det,win5,cmalpha_x0.7,0.6923076923076923,0.9,0.6495726495726496,
global5000,engine_restart,det,win10,cmalpha_x0.7,0.6923076923076923,0.8181818181818182,0.6581196581196581,
global5000,engine_restart,det,whole,clo_+0.1,0.5384615384615384,0.875,0.547008547008547,
global5000,engine_restart,det,win5,clo_+0.1,0.5384615384615384,0.7,0.547008547008547,
global5000,engine_restart,det,win10,clo_+0.1,0.5384615384615384,0.7,0.5470085470085471,
global5000,engine_restart,det,whole,noop,,,,0.0
global5000,engine_restart,det,win5,noop,,,,0.13636363636363635
global5000,engine_restart,det,win10,noop,,,,0.13636363636363635
global5000,engine_restart,sig,whole,inertia_x1.6,0.0,,,
global5000,engine_restart,sig,win5,inertia_x1.6,0.0,,,
global5000,engine_restart,sig,win10,inertia_x1.6,0.0,,,
global5000,engine_restart,sig,whole,cmq_x0.5,0.07692307692307693,0.5,0.5641025641025641,
global5000,engine_restart,sig,win5,cmq_x0.5,0.15384615384615385,1.0,0.4700854700854701,
global5000,engine_restart,sig,win10,cmq_x0.5,0.0,,0.5982905982905984,
global5000,engine_restart,sig,whole,cmalpha_x0.7,0.15384615384615385,0.6666666666666666,0.6495726495726496,
global5000,engine_restart,sig,win5,cmalpha_x0.7,0.5384615384615384,1.0,0.7094017094017095,
global5000,engine_restart,sig,win10,cmalpha_x0.7,0.3076923076923077,1.0,0.7179487179487181,
global5000,engine_restart,sig,whole,clo_+0.1,0.3076923076923077,0.8,0.5042735042735043,
global5000,engine_restart,sig,win5,clo_+0.1,0.38461538461538464,1.0,0.5299145299145299,
global5000,engine_restart,sig,win10,clo_+0.1,0.46153846153846156,0.8571428571428571,0.7777777777777779,
global5000,engine_restart,sig,whole,noop,,,,0.045454545454545456
global5000,engine_restart,sig,win5,noop,,,,0.09090909090909091
global5000,engine_restart,sig,win10,noop,,,,0.0
pa28,cruise,det,whole,inertia_x1.6,0.13636363636363635,1.0,,
pa28,cruise,det,win5,inertia_x1.6,0.09090909090909091,1.0,,
pa28,cruise,det,win10,inertia_x1.6,0.09090909090909091,1.0,,
pa28,cruise,det,whole,cmq_x0.5,0.3076923076923077,1.0,0.3076923076923077,
pa28,cruise,det,win5,cmq_x0.5,0.3076923076923077,1.0,0.3162393162393163,
pa28,cruise,det,win10,cmq_x0.5,0.23076923076923078,1.0,0.32478632478632485,
pa28,cruise,det,whole,cmalpha_x0.7,0.0,,0.13675213675213677,
pa28,cruise,det,win5,cmalpha_x0.7,0.0,,0.12820512820512822,
pa28,cruise,det,win10,cmalpha_x0.7,0.0,,0.15384615384615385,
pa28,cruise,det,whole,clo_+0.1,0.38461538461538464,0.8333333333333334,0.3846153846153847,
pa28,cruise,det,win5,clo_+0.1,0.3076923076923077,0.8,0.3931623931623932,
pa28,cruise,det,win10,clo_+0.1,0.38461538461538464,0.8333333333333334,0.43589743589743596,
pa28,cruise,det,whole,noop,,,,0.0
pa28,cruise,det,win5,noop,,,,0.0
pa28,cruise,det,win10,noop,,,,0.0
pa28,cruise,sig,whole,inertia_x1.6,0.18181818181818182,1.0,,
pa28,cruise,sig,win5,inertia_x1.6,0.09090909090909091,1.0,,
pa28,cruise,sig,win10,inertia_x1.6,0.18181818181818182,1.0,,
pa28,cruise,sig,whole,cmq_x0.5,0.23076923076923078,1.0,0.5982905982905983,
pa28,cruise,sig,win5,cmq_x0.5,0.07692307692307693,1.0,0.7692307692307693,
pa28,cruise,sig,win10,cmq_x0.5,0.15384615384615385,1.0,0.5897435897435898,
pa28,cruise,sig,whole,cmalpha_x0.7,0.07692307692307693,1.0,0.7948717948717949,
pa28,cruise,sig,win5,cmalpha_x0.7,0.15384615384615385,1.0,0.6752136752136753,
pa28,cruise,sig,win10,cmalpha_x0.7,0.3076923076923077,1.0,0.6923076923076923,
pa28,cruise,sig,whole,clo_+0.1,0.23076923076923078,1.0,0.6837606837606838,
pa28,cruise,sig,win5,clo_+0.1,0.23076923076923078,0.75,0.7692307692307693,
pa28,cruise,sig,win10,clo_+0.1,0.07692307692307693,0.5,0.6068376068376069,
pa28,cruise,sig,whole,noop,,,,0.0
pa28,cruise,sig,win5,noop,,,,0.045454545454545456
pa28,cruise,sig,win10,noop,,,,0.09090909090909091
pa28,throttle_step,det,whole,inertia_x1.6,0.13636363636363635,1.0,,
pa28,throttle_step,det,win5,inertia_x1.6,0.09090909090909091,1.0,,
pa28,throttle_step,det,win10,inertia_x1.6,0.13636363636363635,1.0,,
pa28,throttle_step,det,whole,cmq_x0.5,0.3076923076923077,1.0,0.358974358974359,
pa28,throttle_step,det,win5,cmq_x0.5,0.3076923076923077,1.0,0.4188034188034188,
pa28,throttle_step,det,win10,cmq_x0.5,0.3076923076923077,1.0,0.37606837606837606,
pa28,throttle_step,det,whole,cmalpha_x0.7,0.07692307692307693,0.25,0.06837606837606841,
pa28,throttle_step,det,win5,cmalpha_x0.7,0.0,,0.05982905982905983,
pa28,throttle_step,det,win10,cmalpha_x0.7,0.07692307692307693,0.5,0.05128205128205129,
pa28,throttle_step,det,whole,clo_+0.1,0.3076923076923077,0.6666666666666666,0.2564102564102564,
pa28,throttle_step,det,win5,clo_+0.1,0.23076923076923078,0.5,0.32478632478632485,
pa28,throttle_step,det,win10,clo_+0.1,0.38461538461538464,0.625,0.3846153846153847,
pa28,throttle_step,det,whole,noop,,,,0.0
pa28,throttle_step,det,win5,noop,,,,0.0
pa28,throttle_step,det,win10,noop,,,,0.0
pa28,throttle_step,sig,whole,inertia_x1.6,0.045454545454545456,1.0,,
pa28,throttle_step,sig,win5,inertia_x1.6,0.045454545454545456,1.0,,
pa28,throttle_step,sig,win10,inertia_x1.6,0.045454545454545456,1.0,,
pa28,throttle_step,sig,whole,cmq_x0.5,0.07692307692307693,1.0,0.4871794871794872,
pa28,throttle_step,sig,win5,cmq_x0.5,0.0,,0.5641025641025641,
pa28,throttle_step,sig,win10,cmq_x0.5,0.0,,0.5641025641025641,
pa28,throttle_step,sig,whole,cmalpha_x0.7,0.0,0.0,0.7094017094017094,
pa28,throttle_step,sig,win5,cmalpha_x0.7,0.07692307692307693,0.5,0.45299145299145305,
pa28,throttle_step,sig,win10,cmalpha_x0.7,0.07692307692307693,1.0,0.6666666666666667,
pa28,throttle_step,sig,whole,clo_+0.1,0.0,0.0,0.11965811965811969,
pa28,throttle_step,sig,win5,clo_+0.1,0.07692307692307693,0.5,0.23931623931623935,
pa28,throttle_step,sig,win10,clo_+0.1,0.0,0.0,0.14529914529914528,
pa28,throttle_step,sig,whole,noop,,,,0.13636363636363635
pa28,throttle_step,sig,win5,noop,,,,0.0
pa28,throttle_step,sig,win10,noop,,,,0.0
pa28,elev_doublet,det,whole,inertia_x1.6,0.13636363636363635,1.0,,
pa28,elev_doublet,det,win5,inertia_x1.6,0.13636363636363635,1.0,,
pa28,elev_doublet,det,win10,inertia_x1.6,0.13636363636363635,1.0,,
pa28,elev_doublet,det,whole,cmq_x0.5,0.3076923076923077,1.0,0.4700854700854701,
pa28,elev_doublet,det,win5,cmq_x0.5,0.23076923076923078,1.0,0.3162393162393163,
pa28,elev_doublet,det,win10,cmq_x0.5,0.23076923076923078,1.0,0.29914529914529914,
pa28,elev_doublet,det,whole,cmalpha_x0.7,0.07692307692307693,1.0,0.29914529914529914,
pa28,elev_doublet,det,win5,cmalpha_x0.7,0.07692307692307693,1.0,0.2222222222222222,
pa28,elev_doublet,det,win10,cmalpha_x0.7,0.07692307692307693,1.0,0.17948717948717952,
pa28,elev_doublet,det,whole,clo_+0.1,0.38461538461538464,1.0,0.5384615384615384,
pa28,elev_doublet,det,win5,clo_+0.1,0.3076923076923077,1.0,0.5384615384615384,
pa28,elev_doublet,det,win10,clo_+0.1,0.3076923076923077,1.0,0.5384615384615384,
pa28,elev_doublet,det,whole,noop,,,,0.0
pa28,elev_doublet,det,win5,noop,,,,0.045454545454545456
pa28,elev_doublet,det,win10,noop,,,,0.0
pa28,elev_doublet,sig,whole,inertia_x1.6,0.09090909090909091,1.0,,
pa28,elev_doublet,sig,win5,inertia_x1.6,0.045454545454545456,1.0,,
pa28,elev_doublet,sig,win10,inertia_x1.6,0.09090909090909091,1.0,,
pa28,elev_doublet,sig,whole,cmq_x0.5,0.07692307692307693,1.0,0.5897435897435898,
pa28,elev_doublet,sig,win5,cmq_x0.5,0.07692307692307693,1.0,0.5128205128205128,
pa28,elev_doublet,sig,win10,cmq_x0.5,0.3076923076923077,0.8,0.6068376068376069,
pa28,elev_doublet,sig,whole,cmalpha_x0.7,0.0,,0.7264957264957266,
pa28,elev_doublet,sig,win5,cmalpha_x0.7,0.15384615384615385,0.6666666666666666,0.6153846153846154,
pa28,elev_doublet,sig,win10,cmalpha_x0.7,0.0,0.0,0.6923076923076923,
pa28,elev_doublet,sig,whole,clo_+0.1,0.07692307692307693,1.0,0.4444444444444445,
pa28,elev_doublet,sig,win5,clo_+0.1,0.15384615384615385,0.5,0.5213675213675214,
pa28,elev_doublet,sig,win10,clo_+0.1,0.15384615384615385,0.5,0.5982905982905983,
pa28,elev_doublet,sig,whole,noop,,,,0.13636363636363635
pa28,elev_doublet,sig,win5,noop,,,,0.09090909090909091
pa28,elev_doublet,sig,win10,noop,,,,0.13636363636363635
pa28,elev_step,det,whole,inertia_x1.6,0.13636363636363635,1.0,,
pa28,elev_step,det,win5,inertia_x1.6,0.13636363636363635,1.0,,
pa28,elev_step,det,win10,inertia_x1.6,0.13636363636363635,1.0,,
pa28,elev_step,det,whole,cmq_x0.5,0.3076923076923077,1.0,0.39316239316239315,
pa28,elev_step,det,win5,cmq_x0.5,0.3076923076923077,1.0,0.4786324786324787,
pa28,elev_step,det,win10,cmq_x0.5,0.3076923076923077,1.0,0.45299145299145305,
pa28,elev_step,det,whole,cmalpha_x0.7,0.07692307692307693,1.0,0.15384615384615385,
pa28,elev_step,det,win5,cmalpha_x0.7,0.0,,0.17948717948717952,
pa28,elev_step,det,win10,cmalpha_x0.7,0.07692307692307693,1.0,0.13675213675213677,
pa28,elev_step,det,whole,clo_+0.1,0.15384615384615385,1.0,0.6581196581196581,
pa28,elev_step,det,win5,clo_+0.1,0.07692307692307693,1.0,0.49572649572649574,
pa28,elev_step,det,win10,clo_+0.1,0.23076923076923078,1.0,0.5982905982905984,
pa28,elev_step,det,whole,noop,,,,0.0
pa28,elev_step,det,win5,noop,,,,0.0
pa28,elev_step,det,win10,noop,,,,0.0
pa28,elev_step,sig,whole,inertia_x1.6,0.045454545454545456,1.0,,
pa28,elev_step,sig,win5,inertia_x1.6,0.09090909090909091,1.0,,
pa28,elev_step,sig,win10,inertia_x1.6,0.09090909090909091,1.0,,
pa28,elev_step,sig,whole,cmq_x0.5,0.0,,0.6410256410256411,
pa28,elev_step,sig,win5,cmq_x0.5,0.0,0.0,0.47008547008547014,
pa28,elev_step,sig,win10,cmq_x0.5,0.0,,0.7094017094017095,
pa28,elev_step,sig,whole,cmalpha_x0.7,0.0,,0.8290598290598291,
pa28,elev_step,sig,win5,cmalpha_x0.7,0.07692307692307693,0.5,0.4786324786324786,
pa28,elev_step,sig,win10,cmalpha_x0.7,0.07692307692307693,0.5,0.5982905982905983,
pa28,elev_step,sig,whole,clo_+0.1,0.23076923076923078,0.75,0.8205128205128205,
pa28,elev_step,sig,win5,clo_+0.1,0.15384615384615385,0.4,0.452991452991453,
pa28,elev_step,sig,win10,clo_+0.1,0.15384615384615385,0.6666666666666666,0.5213675213675214,
pa28,elev_step,sig,whole,noop,,,,0.13636363636363635
pa28,elev_step,sig,win5,noop,,,,0.18181818181818182
pa28,elev_step,sig,win10,noop,,,,0.045454545454545456
pa28,aileron_step,det,whole,inertia_x1.6,0.13636363636363635,1.0,,
pa28,aileron_step,det,win5,inertia_x1.6,0.13636363636363635,1.0,,
pa28,aileron_step,det,win10,inertia_x1.6,0.13636363636363635,1.0,,
pa28,aileron_step,det,whole,cmq_x0.5,0.3076923076923077,1.0,0.35042735042735046,
pa28,aileron_step,det,win5,cmq_x0.5,0.3076923076923077,1.0,0.3504273504273504,
pa28,aileron_step,det,win10,cmq_x0.5,0.3076923076923077,1.0,0.33333333333333337,
pa28,aileron_step,det,whole,cmalpha_x0.7,0.0,,0.008547008547008551,
pa28,aileron_step,det,win5,cmalpha_x0.7,0.0,,0.09401709401709403,
pa28,aileron_step,det,win10,cmalpha_x0.7,0.0,,0.05982905982905983,
pa28,aileron_step,det,whole,clo_+0.1,0.23076923076923078,1.0,0.3076923076923077,
pa28,aileron_step,det,win5,clo_+0.1,0.23076923076923078,1.0,0.25641025641025644,
pa28,aileron_step,det,win10,clo_+0.1,0.3076923076923077,1.0,0.35897435897435903,
pa28,aileron_step,det,whole,noop,,,,0.0
pa28,aileron_step,det,win5,noop,,,,0.0
pa28,aileron_step,det,win10,noop,,,,0.0
pa28,aileron_step,sig,whole,inertia_x1.6,0.13636363636363635,1.0,,
pa28,aileron_step,sig,win5,inertia_x1.6,0.09090909090909091,1.0,,
pa28,aileron_step,sig,win10,inertia_x1.6,0.045454545454545456,1.0,,
pa28,aileron_step,sig,whole,cmq_x0.5,0.07692307692307693,0.5,0.6324786324786325,
pa28,aileron_step,sig,win5,cmq_x0.5,0.15384615384615385,0.6666666666666666,0.6581196581196581,
pa28,aileron_step,sig,win10,cmq_x0.5,0.0,0.0,0.6495726495726496,
pa28,aileron_step,sig,whole,cmalpha_x0.7,0.23076923076923078,1.0,0.9572649572649573,
pa28,aileron_step,sig,win5,cmalpha_x0.7,0.3076923076923077,1.0,0.8974358974358975,
pa28,aileron_step,sig,win10,cmalpha_x0.7,0.15384615384615385,1.0,0.8974358974358975,
pa28,aileron_step,sig,whole,clo_+0.1,0.15384615384615385,1.0,0.5811965811965812,
pa28,aileron_step,sig,win5,clo_+0.1,0.23076923076923078,0.75,0.5128205128205128,
pa28,aileron_step,sig,win10,clo_+0.1,0.07692307692307693,1.0,0.5641025641025641,
pa28,aileron_step,sig,whole,noop,,,,0.045454545454545456
pa28,aileron_step,sig,win5,noop,,,,0.045454545454545456
pa28,aileron_step,sig,win10,noop,,,,0.0
pa28,rudder_doublet,det,whole,inertia_x1.6,0.09090909090909091,1.0,,
pa28,rudder_doublet,det,win5,inertia_x1.6,0.09090909090909091,1.0,,
pa28,rudder_doublet,det,win10,inertia_x1.6,0.18181818181818182,1.0,,
pa28,rudder_doublet,det,whole,cmq_x0.5,0.23076923076923078,1.0,0.33333333333333337,
pa28,rudder_doublet,det,win5,cmq_x0.5,0.23076923076923078,1.0,0.2991452991452992,
pa28,rudder_doublet,det,win10,cmq_x0.5,0.3076923076923077,1.0,0.2991452991452992,
pa28,rudder_doublet,det,whole,cmalpha_x0.7,0.0,,0.1794871794871795,
pa28,rudder_doublet,det,win5,cmalpha_x0.7,0.0,,0.17094017094017094,
pa28,rudder_doublet,det,win10,cmalpha_x0.7,0.0,,0.15384615384615383,
pa28,rudder_doublet,det,whole,clo_+0.1,0.3076923076923077,1.0,0.46153846153846156,
pa28,rudder_doublet,det,win5,clo_+0.1,0.23076923076923078,1.0,0.5299145299145299,
pa28,rudder_doublet,det,win10,clo_+0.1,0.3076923076923077,1.0,0.5128205128205128,
pa28,rudder_doublet,det,whole,noop,,,,0.0
pa28,rudder_doublet,det,win5,noop,,,,0.0
pa28,rudder_doublet,det,win10,noop,,,,0.0
pa28,rudder_doublet,sig,whole,inertia_x1.6,0.13636363636363635,1.0,,
pa28,rudder_doublet,sig,win5,inertia_x1.6,0.045454545454545456,1.0,,
pa28,rudder_doublet,sig,win10,inertia_x1.6,0.045454545454545456,1.0,,
pa28,rudder_doublet,sig,whole,cmq_x0.5,0.07692307692307693,1.0,0.4700854700854701,
pa28,rudder_doublet,sig,win5,cmq_x0.5,0.0,,0.7863247863247864,
pa28,rudder_doublet,sig,win10,cmq_x0.5,0.0,,0.6581196581196582,
pa28,rudder_doublet,sig,whole,cmalpha_x0.7,0.0,0.0,0.4017094017094017,
pa28,rudder_doublet,sig,win5,cmalpha_x0.7,0.0,,0.6495726495726496,
pa28,rudder_doublet,sig,win10,cmalpha_x0.7,0.07692307692307693,1.0,0.7692307692307693,
pa28,rudder_doublet,sig,whole,clo_+0.1,0.15384615384615385,0.6666666666666666,0.4658119658119658,
pa28,rudder_doublet,sig,win5,clo_+0.1,0.0,,0.45299145299145305,
pa28,rudder_doublet,sig,win10,clo_+0.1,0.07692307692307693,0.5,0.6581196581196581,
pa28,rudder_doublet,sig,whole,noop,,,,0.13636363636363635
pa28,rudder_doublet,sig,win5,noop,,,,0.0
pa28,rudder_doublet,sig,win10,noop,,,,0.0
pa28,bank_hold,det,whole,inertia_x1.6,0.13636363636363635,1.0,,
pa28,bank_hold,det,win5,inertia_x1.6,0.13636363636363635,1.0,,
pa28,bank_hold,det,win10,inertia_x1.6,0.13636363636363635,1.0,,
pa28,bank_hold,det,whole,cmq_x0.5,0.3076923076923077,1.0,0.27350427350427353,
pa28,bank_hold,det,win5,cmq_x0.5,0.3076923076923077,0.8,0.27350427350427353,
pa28,bank_hold,det,win10,cmq_x0.5,0.3076923076923077,0.8,0.2820512820512821,
pa28,bank_hold,det,whole,cmalpha_x0.7,0.0,,0.11965811965811968,
pa28,bank_hold,det,win5,cmalpha_x0.7,0.07692307692307693,1.0,0.1623931623931624,
pa28,bank_hold,det,win10,cmalpha_x0.7,0.07692307692307693,1.0,0.13675213675213677,
pa28,bank_hold,det,whole,clo_+0.1,0.3076923076923077,0.8,0.5641025641025641,
pa28,bank_hold,det,win5,clo_+0.1,0.3076923076923077,0.6666666666666666,0.641025641025641,
pa28,bank_hold,det,win10,clo_+0.1,0.3076923076923077,1.0,0.6068376068376068,
pa28,bank_hold,det,whole,noop,,,,0.045454545454545456
pa28,bank_hold,det,win5,noop,,,,0.045454545454545456
pa28,bank_hold,det,win10,noop,,,,0.13636363636363635
pa28,bank_hold,sig,whole,inertia_x1.6,0.045454545454545456,1.0,,
pa28,bank_hold,sig,win5,inertia_x1.6,0.09090909090909091,1.0,,
pa28,bank_hold,sig,win10,inertia_x1.6,0.09090909090909091,1.0,,
pa28,bank_hold,sig,whole,cmq_x0.5,0.0,,0.5470085470085471,
pa28,bank_hold,sig,win5,cmq_x0.5,0.0,0.0,0.38461538461538464,
pa28,bank_hold,sig,win10,cmq_x0.5,0.0,,0.3760683760683762,
pa28,bank_hold,sig,whole,cmalpha_x0.7,0.23076923076923078,1.0,0.6923076923076923,
pa28,bank_hold,sig,win5,cmalpha_x0.7,0.38461538461538464,0.8333333333333334,0.5811965811965812,
pa28,bank_hold,sig,win10,cmalpha_x0.7,0.23076923076923078,1.0,0.5641025641025641,
pa28,bank_hold,sig,whole,clo_+0.1,0.0,,0.4102564102564103,
pa28,bank_hold,sig,win5,clo_+0.1,0.07692307692307693,1.0,0.6239316239316239,
pa28,bank_hold,sig,win10,clo_+0.1,0.0,,0.5470085470085471,
pa28,bank_hold,sig,whole,noop,,,,0.0
pa28,bank_hold,sig,win5,noop,,,,0.045454545454545456
pa28,bank_hold,sig,win10,noop,,,,0.0
pa28,flap_extend,det,whole,inertia_x1.6,0.09090909090909091,1.0,,
pa28,flap_extend,det,win5,inertia_x1.6,0.09090909090909091,1.0,,
pa28,flap_extend,det,win10,inertia_x1.6,0.13636363636363635,1.0,,
pa28,flap_extend,det,whole,cmq_x0.5,0.3076923076923077,1.0,0.3760683760683761,
pa28,flap_extend,det,win5,cmq_x0.5,0.3076923076923077,1.0,0.5726495726495726,
pa28,flap_extend,det,win10,cmq_x0.5,0.3076923076923077,1.0,0.5384615384615384,
pa28,flap_extend,det,whole,cmalpha_x0.7,0.6153846153846154,0.7272727272727273,0.6068376068376068,
pa28,flap_extend,det,win5,cmalpha_x0.7,0.6153846153846154,0.7272727272727273,0.6752136752136753,
pa28,flap_extend,det,win10,cmalpha_x0.7,0.6153846153846154,0.5714285714285714,0.641025641025641,
pa28,flap_extend,det,whole,clo_+0.1,0.15384615384615385,0.5,0.4871794871794872,
pa28,flap_extend,det,win5,clo_+0.1,0.15384615384615385,0.6666666666666666,0.37606837606837606,
pa28,flap_extend,det,win10,clo_+0.1,0.23076923076923078,0.75,0.3931623931623932,
pa28,flap_extend,det,whole,noop,,,,0.0
pa28,flap_extend,det,win5,noop,,,,0.0
pa28,flap_extend,det,win10,noop,,,,0.0
pa28,flap_extend,sig,whole,inertia_x1.6,0.0,,,
pa28,flap_extend,sig,win5,inertia_x1.6,0.045454545454545456,1.0,,
pa28,flap_extend,sig,win10,inertia_x1.6,0.09090909090909091,1.0,,
pa28,flap_extend,sig,whole,cmq_x0.5,0.0,,0.23931623931623935,
pa28,flap_extend,sig,win5,cmq_x0.5,0.07692307692307693,0.5,0.5042735042735043,
pa28,flap_extend,sig,win10,cmq_x0.5,0.07692307692307693,0.25,0.25641025641025644,
pa28,flap_extend,sig,whole,cmalpha_x0.7,0.6923076923076923,0.9,0.7948717948717949,
pa28,flap_extend,sig,win5,cmalpha_x0.7,0.46153846153846156,1.0,0.7435897435897436,
pa28,flap_extend,sig,win10,cmalpha_x0.7,0.6153846153846154,0.8,0.7094017094017094,
pa28,flap_extend,sig,whole,clo_+0.1,0.0,0.0,0.35897435897435903,
pa28,flap_extend,sig,win5,clo_+0.1,0.23076923076923078,0.75,0.547008547008547,
pa28,flap_extend,sig,win10,clo_+0.1,0.07692307692307693,0.3333333333333333,0.4358974358974359,
pa28,flap_extend,sig,whole,noop,,,,0.0
pa28,flap_extend,sig,win5,noop,,,,0.0
pa28,flap_extend,sig,win10,noop,,,,0.0
pa28,climbing_turn,det,whole,inertia_x1.6,0.13636363636363635,1.0,,
pa28,climbing_turn,det,win5,inertia_x1.6,0.09090909090909091,1.0,,
pa28,climbing_turn,det,win10,inertia_x1.6,0.09090909090909091,1.0,,
pa28,climbing_turn,det,whole,cmq_x0.5,0.3076923076923077,1.0,0.47863247863247865,
pa28,climbing_turn,det,win5,cmq_x0.5,0.3076923076923077,1.0,0.5470085470085471,
pa28,climbing_turn,det,win10,cmq_x0.5,0.3076923076923077,1.0,0.5299145299145299,
pa28,climbing_turn,det,whole,cmalpha_x0.7,0.07692307692307693,0.25,0.23931623931623933,
pa28,climbing_turn,det,win5,cmalpha_x0.7,0.0,,0.17094017094017092,
pa28,climbing_turn,det,win10,cmalpha_x0.7,0.0,0.0,0.17094017094017094,
pa28,climbing_turn,det,whole,clo_+0.1,0.38461538461538464,0.7142857142857143,0.41880341880341887,
pa28,climbing_turn,det,win5,clo_+0.1,0.38461538461538464,0.7142857142857143,0.4273504273504274,
pa28,climbing_turn,det,win10,clo_+0.1,0.46153846153846156,0.6666666666666666,0.3076923076923077,
pa28,climbing_turn,det,whole,noop,,,,0.045454545454545456
pa28,climbing_turn,det,win5,noop,,,,0.0
pa28,climbing_turn,det,win10,noop,,,,0.045454545454545456
pa28,climbing_turn,sig,whole,inertia_x1.6,0.22727272727272727,1.0,,
pa28,climbing_turn,sig,win5,inertia_x1.6,0.13636363636363635,1.0,,
pa28,climbing_turn,sig,win10,inertia_x1.6,0.045454545454545456,1.0,,
pa28,climbing_turn,sig,whole,cmq_x0.5,0.0,0.0,0.6068376068376069,
pa28,climbing_turn,sig,win5,cmq_x0.5,0.07692307692307693,1.0,0.4871794871794872,
pa28,climbing_turn,sig,win10,cmq_x0.5,0.07692307692307693,1.0,0.45299145299145305,
pa28,climbing_turn,sig,whole,cmalpha_x0.7,0.0,,0.4957264957264958,
pa28,climbing_turn,sig,win5,cmalpha_x0.7,0.07692307692307693,0.5,0.5555555555555556,
pa28,climbing_turn,sig,win10,cmalpha_x0.7,0.0,0.0,0.5213675213675214,
pa28,climbing_turn,sig,whole,clo_+0.1,0.3076923076923077,0.5714285714285714,0.5213675213675214,
pa28,climbing_turn,sig,win5,clo_+0.1,0.38461538461538464,0.5555555555555556,0.5555555555555556,
pa28,climbing_turn,sig,win10,clo_+0.1,0.23076923076923078,0.5,0.5897435897435898,
pa28,climbing_turn,sig,whole,noop,,,,0.045454545454545456
pa28,climbing_turn,sig,win5,noop,,,,0.09090909090909091
pa28,climbing_turn,sig,win10,noop,,,,0.09090909090909091
pa28,elev_doublet_distractor,det,whole,inertia_x1.6,0.13636363636363635,1.0,,
pa28,elev_doublet_distractor,det,win5,inertia_x1.6,0.13636363636363635,1.0,,
pa28,elev_doublet_distractor,det,win10,inertia_x1.6,0.13636363636363635,1.0,,
pa28,elev_doublet_distractor,det,whole,cmq_x0.5,0.3076923076923077,1.0,0.3247863247863248,
pa28,elev_doublet_distractor,det,win5,cmq_x0.5,0.3076923076923077,1.0,0.3162393162393163,
pa28,elev_doublet_distractor,det,win10,cmq_x0.5,0.3076923076923077,1.0,0.3247863247863248,
pa28,elev_doublet_distractor,det,whole,cmalpha_x0.7,0.07692307692307693,1.0,0.11965811965811968,
pa28,elev_doublet_distractor,det,win5,cmalpha_x0.7,0.0,,0.11965811965811968,
pa28,elev_doublet_distractor,det,win10,cmalpha_x0.7,0.07692307692307693,1.0,0.11965811965811968,
pa28,elev_doublet_distractor,det,whole,clo_+0.1,0.23076923076923078,1.0,0.29914529914529914,
pa28,elev_doublet_distractor,det,win5,clo_+0.1,0.3076923076923077,1.0,0.3076923076923077,
pa28,elev_doublet_distractor,det,win10,clo_+0.1,0.3076923076923077,1.0,0.29914529914529914,
pa28,elev_doublet_distractor,det,whole,noop,,,,0.0
pa28,elev_doublet_distractor,det,win5,noop,,,,0.0
pa28,elev_doublet_distractor,det,win10,noop,,,,0.0
pa28,elev_doublet_distractor,sig,whole,inertia_x1.6,0.0,,,
pa28,elev_doublet_distractor,sig,win5,inertia_x1.6,0.0,,,
pa28,elev_doublet_distractor,sig,win10,inertia_x1.6,0.0,,,
pa28,elev_doublet_distractor,sig,whole,cmq_x0.5,0.0,,0.6923076923076923,
pa28,elev_doublet_distractor,sig,win5,cmq_x0.5,0.07692307692307693,1.0,0.6153846153846154,
pa28,elev_doublet_distractor,sig,win10,cmq_x0.5,0.07692307692307693,0.5,0.6923076923076923,
pa28,elev_doublet_distractor,sig,whole,cmalpha_x0.7,0.23076923076923078,1.0,0.8547008547008548,
pa28,elev_doublet_distractor,sig,win5,cmalpha_x0.7,0.3076923076923077,1.0,0.7094017094017094,
pa28,elev_doublet_distractor,sig,win10,cmalpha_x0.7,0.3076923076923077,0.6666666666666666,0.6068376068376069,
pa28,elev_doublet_distractor,sig,whole,clo_+0.1,0.15384615384615385,0.5,0.41025641025641024,
pa28,elev_doublet_distractor,sig,win5,clo_+0.1,0.15384615384615385,0.6666666666666666,0.5982905982905984,
pa28,elev_doublet_distractor,sig,win10,clo_+0.1,0.15384615384615385,0.5,0.6666666666666667,
pa28,elev_doublet_distractor,sig,whole,noop,,,,0.0
pa28,elev_doublet_distractor,sig,win5,noop,,,,0.0
pa28,elev_doublet_distractor,sig,win10,noop,,,,0.0
pa28,engine_stop,det,whole,inertia_x1.6,0.13636363636363635,1.0,,
pa28,engine_stop,det,win5,inertia_x1.6,0.13636363636363635,1.0,,
pa28,engine_stop,det,win10,inertia_x1.6,0.13636363636363635,1.0,,
pa28,engine_stop,det,whole,cmq_x0.5,0.3076923076923077,1.0,0.3418803418803419,
pa28,engine_stop,det,win5,cmq_x0.5,0.3076923076923077,1.0,0.37606837606837606,
pa28,engine_stop,det,win10,cmq_x0.5,0.3076923076923077,1.0,0.4615384615384615,
pa28,engine_stop,det,whole,cmalpha_x0.7,0.15384615384615385,0.5,0.2991452991452992,
pa28,engine_stop,det,win5,cmalpha_x0.7,0.07692307692307693,1.0,0.3076923076923077,
pa28,engine_stop,det,win10,cmalpha_x0.7,0.07692307692307693,0.25,0.2905982905982907,
pa28,engine_stop,det,whole,clo_+0.1,0.46153846153846156,0.75,0.717948717948718,
pa28,engine_stop,det,win5,clo_+0.1,0.38461538461538464,0.7142857142857143,0.6068376068376069,
pa28,engine_stop,det,win10,clo_+0.1,0.46153846153846156,0.75,0.7094017094017094,
pa28,engine_stop,det,whole,noop,,,,0.09090909090909091
pa28,engine_stop,det,win5,noop,,,,0.045454545454545456
pa28,engine_stop,det,win10,noop,,,,0.045454545454545456
pa28,engine_stop,sig,whole,inertia_x1.6,0.09090909090909091,1.0,,
pa28,engine_stop,sig,win5,inertia_x1.6,0.13636363636363635,1.0,,
pa28,engine_stop,sig,win10,inertia_x1.6,0.09090909090909091,1.0,,
pa28,engine_stop,sig,whole,cmq_x0.5,0.0,0.0,0.7179487179487181,
pa28,engine_stop,sig,win5,cmq_x0.5,0.0,,0.7521367521367521,
pa28,engine_stop,sig,win10,cmq_x0.5,0.0,,0.6324786324786325,
pa28,engine_stop,sig,whole,cmalpha_x0.7,0.07692307692307693,0.5,0.5299145299145299,
pa28,engine_stop,sig,win5,cmalpha_x0.7,0.15384615384615385,0.6666666666666666,0.49572649572649574,
pa28,engine_stop,sig,win10,cmalpha_x0.7,0.15384615384615385,0.6666666666666666,0.43589743589743596,
pa28,engine_stop,sig,whole,clo_+0.1,0.15384615384615385,1.0,0.5299145299145299,
pa28,engine_stop,sig,win5,clo_+0.1,0.07692307692307693,1.0,0.49572649572649574,
pa28,engine_stop,sig,win10,clo_+0.1,0.07692307692307693,0.5,0.452991452991453,
pa28,engine_stop,sig,whole,noop,,,,0.3181818181818182
pa28,engine_stop,sig,win5,noop,,,,0.09090909090909091
pa28,engine_stop,sig,win10,noop,,,,0.09090909090909091
pc7,cruise,det,whole,inertia_x1.6,0.0,,,
pc7,cruise,det,win5,inertia_x1.6,0.0,,,
pc7,cruise,det,win10,inertia_x1.6,0.0,,,
pc7,cruise,det,whole,cmq_x0.5,0.15384615384615385,1.0,0.5213675213675214,
pc7,cruise,det,win5,cmq_x0.5,0.23076923076923078,1.0,0.4444444444444445,
pc7,cruise,det,win10,cmq_x0.5,0.23076923076923078,1.0,0.48717948717948717,
pc7,cruise,det,whole,cmalpha_x0.7,0.0,,0.48717948717948717,
pc7,cruise,det,win5,cmalpha_x0.7,0.0,,0.48717948717948717,
pc7,cruise,det,win10,cmalpha_x0.7,0.0,,0.5128205128205129,
pc7,cruise,det,whole,clo_+0.1,0.07692307692307693,1.0,0.28205128205128205,
pc7,cruise,det,win5,clo_+0.1,0.07692307692307693,1.0,0.2564102564102564,
pc7,cruise,det,win10,clo_+0.1,0.07692307692307693,1.0,0.28205128205128205,
pc7,cruise,det,whole,noop,,,,0.0
pc7,cruise,det,win5,noop,,,,0.0
pc7,cruise,det,win10,noop,,,,0.0
pc7,cruise,sig,whole,inertia_x1.6,0.09090909090909091,1.0,,
pc7,cruise,sig,win5,inertia_x1.6,0.0,,,
pc7,cruise,sig,win10,inertia_x1.6,0.0,,,
pc7,cruise,sig,whole,cmq_x0.5,0.07692307692307693,1.0,0.623931623931624,
pc7,cruise,sig,win5,cmq_x0.5,0.0,,0.5641025641025641,
pc7,cruise,sig,win10,cmq_x0.5,0.0,,0.38461538461538464,
pc7,cruise,sig,whole,cmalpha_x0.7,0.23076923076923078,0.5,0.6324786324786325,
pc7,cruise,sig,win5,cmalpha_x0.7,0.15384615384615385,1.0,0.5726495726495726,
pc7,cruise,sig,win10,cmalpha_x0.7,0.23076923076923078,1.0,0.6324786324786325,
pc7,cruise,sig,whole,clo_+0.1,0.38461538461538464,0.7142857142857143,0.49572649572649574,
pc7,cruise,sig,win5,clo_+0.1,0.23076923076923078,1.0,0.5726495726495726,
pc7,cruise,sig,win10,clo_+0.1,0.23076923076923078,1.0,0.47863247863247865,
pc7,cruise,sig,whole,noop,,,,0.0
pc7,cruise,sig,win5,noop,,,,0.0
pc7,cruise,sig,win10,noop,,,,0.045454545454545456
pc7,throttle_step,det,whole,inertia_x1.6,0.0,,,
pc7,throttle_step,det,win5,inertia_x1.6,0.0,,,
pc7,throttle_step,det,win10,inertia_x1.6,0.0,,,
pc7,throttle_step,det,whole,cmq_x0.5,0.0,,0.5042735042735043,
pc7,throttle_step,det,win5,cmq_x0.5,0.15384615384615385,1.0,0.4273504273504274,
pc7,throttle_step,det,win10,cmq_x0.5,0.07692307692307693,1.0,0.4358974358974359,
pc7,throttle_step,det,whole,cmalpha_x0.7,0.0,,0.17948717948717952,
pc7,throttle_step,det,win5,cmalpha_x0.7,0.0,,0.11111111111111112,
pc7,throttle_step,det,win10,cmalpha_x0.7,0.0,0.0,0.10256410256410256,
pc7,throttle_step,det,whole,clo_+0.1,0.07692307692307693,0.3333333333333333,0.3162393162393162,
pc7,throttle_step,det,win5,clo_+0.1,0.0,,0.358974358974359,
pc7,throttle_step,det,win10,clo_+0.1,0.0,,0.2905982905982907,
pc7,throttle_step,det,whole,noop,,,,0.0
pc7,throttle_step,det,win5,noop,,,,0.0
pc7,throttle_step,det,win10,noop,,,,0.0
pc7,throttle_step,sig,whole,inertia_x1.6,0.09090909090909091,1.0,,
pc7,throttle_step,sig,win5,inertia_x1.6,0.045454545454545456,1.0,,
pc7,throttle_step,sig,win10,inertia_x1.6,0.045454545454545456,1.0,,
pc7,throttle_step,sig,whole,cmq_x0.5,0.0,,0.4487179487179488,
pc7,throttle_step,sig,win5,cmq_x0.5,0.0,,0.3162393162393162,
pc7,throttle_step,sig,win10,cmq_x0.5,0.0,0.0,0.49572649572649574,
pc7,throttle_step,sig,whole,cmalpha_x0.7,0.0,,0.4871794871794872,
pc7,throttle_step,sig,win5,cmalpha_x0.7,0.0,0.0,0.6410256410256411,
pc7,throttle_step,sig,win10,cmalpha_x0.7,0.0,0.0,0.4786324786324787,
pc7,throttle_step,sig,whole,clo_+0.1,0.0,,0.7264957264957265,
pc7,throttle_step,sig,win5,clo_+0.1,0.07692307692307693,1.0,0.8547008547008548,
pc7,throttle_step,sig,win10,clo_+0.1,0.3076923076923077,0.8,0.6581196581196582,
pc7,throttle_step,sig,whole,noop,,,,0.045454545454545456
pc7,throttle_step,sig,win5,noop,,,,0.09090909090909091
pc7,throttle_step,sig,win10,noop,,,,0.09090909090909091
pc7,elev_doublet,det,whole,inertia_x1.6,0.0,,,
pc7,elev_doublet,det,win5,inertia_x1.6,0.0,,,
pc7,elev_doublet,det,win10,inertia_x1.6,0.0,,,
pc7,elev_doublet,det,whole,cmq_x0.5,0.23076923076923078,1.0,0.41025641025641024,
pc7,elev_doublet,det,win5,cmq_x0.5,0.23076923076923078,1.0,0.4188034188034188,
pc7,elev_doublet,det,win10,cmq_x0.5,0.23076923076923078,1.0,0.4188034188034188,
pc7,elev_doublet,det,whole,cmalpha_x0.7,0.23076923076923078,1.0,0.9658119658119658,
pc7,elev_doublet,det,win5,cmalpha_x0.7,0.38461538461538464,1.0,0.8803418803418804,
pc7,elev_doublet,det,win10,cmalpha_x0.7,0.38461538461538464,1.0,0.8717948717948719,
pc7,elev_doublet,det,whole,clo_+0.1,0.07692307692307693,1.0,0.623931623931624,
pc7,elev_doublet,det,win5,clo_+0.1,0.0,,0.4017094017094017,
pc7,elev_doublet,det,win10,clo_+0.1,0.15384615384615385,1.0,0.49572649572649574,
pc7,elev_doublet,det,whole,noop,,,,0.0
pc7,elev_doublet,det,win5,noop,,,,0.0
pc7,elev_doublet,det,win10,noop,,,,0.0
pc7,elev_doublet,sig,whole,inertia_x1.6,0.13636363636363635,1.0,,
pc7,elev_doublet,sig,win5,inertia_x1.6,0.0,,,
pc7,elev_doublet,sig,win10,inertia_x1.6,0.045454545454545456,1.0,,
pc7,elev_doublet,sig,whole,cmq_x0.5,0.0,,0.1452991452991453,
pc7,elev_doublet,sig,win5,cmq_x0.5,0.0,,0.264957264957265,
pc7,elev_doublet,sig,win10,cmq_x0.5,0.0,,0.11965811965811968,
pc7,elev_doublet,sig,whole,cmalpha_x0.7,0.0,,0.14529914529914534,
pc7,elev_doublet,sig,win5,cmalpha_x0.7,0.0,,0.46153846153846156,
pc7,elev_doublet,sig,win10,cmalpha_x0.7,0.0,,0.27350427350427353,
pc7,elev_doublet,sig,whole,clo_+0.1,0.38461538461538464,0.8333333333333334,0.4786324786324786,
pc7,elev_doublet,sig,win5,clo_+0.1,0.15384615384615385,1.0,0.7521367521367521,
pc7,elev_doublet,sig,win10,clo_+0.1,0.23076923076923078,1.0,0.6068376068376068,
pc7,elev_doublet,sig,whole,noop,,,,0.045454545454545456
pc7,elev_doublet,sig,win5,noop,,,,0.0
pc7,elev_doublet,sig,win10,noop,,,,0.0
pc7,elev_step,det,whole,inertia_x1.6,0.0,,,
pc7,elev_step,det,win5,inertia_x1.6,0.0,,,
pc7,elev_step,det,win10,inertia_x1.6,0.0,,,
pc7,elev_step,det,whole,cmq_x0.5,0.07692307692307693,1.0,0.8974358974358975,
pc7,elev_step,det,win5,cmq_x0.5,0.07692307692307693,1.0,0.8034188034188035,
pc7,elev_step,det,win10,cmq_x0.5,0.07692307692307693,1.0,0.9316239316239318,
pc7,elev_step,det,whole,cmalpha_x0.7,0.0,,0.8034188034188035,
pc7,elev_step,det,win5,cmalpha_x0.7,0.0,,0.8717948717948719,
pc7,elev_step,det,win10,cmalpha_x0.7,0.0,,0.7863247863247863,
pc7,elev_step,det,whole,clo_+0.1,0.07692307692307693,1.0,0.829059829059829,
pc7,elev_step,det,win5,clo_+0.1,0.07692307692307693,1.0,0.717948717948718,
pc7,elev_step,det,win10,clo_+0.1,0.07692307692307693,1.0,0.6581196581196581,
pc7,elev_step,det,whole,noop,,,,0.0
pc7,elev_step,det,win5,noop,,,,0.0
pc7,elev_step,det,win10,noop,,,,0.045454545454545456
pc7,elev_step,sig,whole,inertia_x1.6,0.09090909090909091,1.0,,
pc7,elev_step,sig,win5,inertia_x1.6,0.045454545454545456,1.0,,
pc7,elev_step,sig,win10,inertia_x1.6,0.045454545454545456,1.0,,
pc7,elev_step,sig,whole,cmq_x0.5,0.0,,0.4957264957264957,
pc7,elev_step,sig,win5,cmq_x0.5,0.0,,0.5726495726495726,
pc7,elev_step,sig,win10,cmq_x0.5,0.0,,0.3418803418803419,
pc7,elev_step,sig,whole,cmalpha_x0.7,0.23076923076923078,1.0,0.6153846153846153,
pc7,elev_step,sig,win5,cmalpha_x0.7,0.0,,0.6837606837606838,
pc7,elev_step,sig,win10,cmalpha_x0.7,0.07692307692307693,1.0,0.5897435897435898,
pc7,elev_step,sig,whole,clo_+0.1,0.46153846153846156,0.8571428571428571,0.7179487179487181,
pc7,elev_step,sig,win5,clo_+0.1,0.5384615384615384,0.875,0.7692307692307692,
pc7,elev_step,sig,win10,clo_+0.1,0.46153846153846156,1.0,0.8290598290598291,
pc7,elev_step,sig,whole,noop,,,,0.045454545454545456
pc7,elev_step,sig,win5,noop,,,,0.045454545454545456
pc7,elev_step,sig,win10,noop,,,,0.045454545454545456
pc7,aileron_step,det,whole,inertia_x1.6,0.045454545454545456,1.0,,
pc7,aileron_step,det,win5,inertia_x1.6,0.0,,,
pc7,aileron_step,det,win10,inertia_x1.6,0.045454545454545456,1.0,,
pc7,aileron_step,det,whole,cmq_x0.5,0.3076923076923077,0.6666666666666666,0.4444444444444445,
pc7,aileron_step,det,win5,cmq_x0.5,0.3076923076923077,0.6666666666666666,0.46153846153846156,
pc7,aileron_step,det,win10,cmq_x0.5,0.3076923076923077,0.6666666666666666,0.4273504273504274,
pc7,aileron_step,det,whole,cmalpha_x0.7,0.07692307692307693,0.3333333333333333,0.48717948717948717,
pc7,aileron_step,det,win5,cmalpha_x0.7,0.23076923076923078,0.75,0.6410256410256411,
pc7,aileron_step,det,win10,cmalpha_x0.7,0.15384615384615385,0.5,0.6410256410256411,
pc7,aileron_step,det,whole,clo_+0.1,0.07692307692307693,0.25,0.49572649572649574,
pc7,aileron_step,det,win5,clo_+0.1,0.15384615384615385,0.3333333333333333,0.4188034188034188,
pc7,aileron_step,det,win10,clo_+0.1,0.07692307692307693,0.25,0.5042735042735044,
pc7,aileron_step,det,whole,noop,,,,0.0
pc7,aileron_step,det,win5,noop,,,,0.0
pc7,aileron_step,det,win10,noop,,,,0.0
pc7,aileron_step,sig,whole,inertia_x1.6,0.045454545454545456,1.0,,
pc7,aileron_step,sig,win5,inertia_x1.6,0.045454545454545456,1.0,,
pc7,aileron_step,sig,win10,inertia_x1.6,0.0,,,
pc7,aileron_step,sig,whole,cmq_x0.5,0.07692307692307693,1.0,0.4871794871794872,
pc7,aileron_step,sig,win5,cmq_x0.5,0.0,,0.4871794871794873,
pc7,aileron_step,sig,win10,cmq_x0.5,0.0,,0.41025641025641024,
pc7,aileron_step,sig,whole,cmalpha_x0.7,0.0,,0.41880341880341887,
pc7,aileron_step,sig,win5,cmalpha_x0.7,0.07692307692307693,0.5,0.5042735042735043,
pc7,aileron_step,sig,win10,cmalpha_x0.7,0.0,,0.43589743589743596,
pc7,aileron_step,sig,whole,clo_+0.1,0.46153846153846156,0.6666666666666666,0.5213675213675213,
pc7,aileron_step,sig,win5,clo_+0.1,0.15384615384615385,0.4,0.5982905982905983,
pc7,aileron_step,sig,win10,clo_+0.1,0.15384615384615385,0.4,0.5897435897435899,
pc7,aileron_step,sig,whole,noop,,,,0.045454545454545456
pc7,aileron_step,sig,win5,noop,,,,0.0
pc7,aileron_step,sig,win10,noop,,,,0.0
pc7,rudder_doublet,det,whole,inertia_x1.6,0.0,,,
pc7,rudder_doublet,det,win5,inertia_x1.6,0.0,,,
pc7,rudder_doublet,det,win10,inertia_x1.6,0.0,,,
pc7,rudder_doublet,det,whole,cmq_x0.5,0.3076923076923077,1.0,0.6239316239316239,
pc7,rudder_doublet,det,win5,cmq_x0.5,0.15384615384615385,1.0,0.4615384615384616,
pc7,rudder_doublet,det,win10,cmq_x0.5,0.07692307692307693,1.0,0.47863247863247865,
pc7,rudder_doublet,det,whole,cmalpha_x0.7,0.07692307692307693,1.0,0.5042735042735043,
pc7,rudder_doublet,det,win5,cmalpha_x0.7,0.07692307692307693,1.0,0.5128205128205129,
pc7,rudder_doublet,det,win10,cmalpha_x0.7,0.07692307692307693,1.0,0.4957264957264958,
pc7,rudder_doublet,det,whole,clo_+0.1,0.07692307692307693,1.0,0.3504273504273504,
pc7,rudder_doublet,det,win5,clo_+0.1,0.07692307692307693,1.0,0.35042735042735046,
pc7,rudder_doublet,det,win10,clo_+0.1,0.07692307692307693,1.0,0.358974358974359,
pc7,rudder_doublet,det,whole,noop,,,,0.0
pc7,rudder_doublet,det,win5,noop,,,,0.045454545454545456
pc7,rudder_doublet,det,win10,noop,,,,0.045454545454545456
pc7,rudder_doublet,sig,whole,inertia_x1.6,0.2727272727272727,1.0,,
pc7,rudder_doublet,sig,win5,inertia_x1.6,0.18181818181818182,1.0,,
pc7,rudder_doublet,sig,win10,inertia_x1.6,0.22727272727272727,1.0,,
pc7,rudder_doublet,sig,whole,cmq_x0.5,0.0,,0.4700854700854701,
pc7,rudder_doublet,sig,win5,cmq_x0.5,0.0,0.0,0.4444444444444445,
pc7,rudder_doublet,sig,win10,cmq_x0.5,0.0,0.0,0.5299145299145299,
pc7,rudder_doublet,sig,whole,cmalpha_x0.7,0.0,,0.5042735042735043,
pc7,rudder_doublet,sig,win5,cmalpha_x0.7,0.0,,0.4871794871794872,
pc7,rudder_doublet,sig,win10,cmalpha_x0.7,0.0,,0.4188034188034188,
pc7,rudder_doublet,sig,whole,clo_+0.1,0.15384615384615385,1.0,0.46153846153846156,
pc7,rudder_doublet,sig,win5,clo_+0.1,0.3076923076923077,0.6666666666666666,0.52991452991453,
pc7,rudder_doublet,sig,win10,clo_+0.1,0.07692307692307693,0.5,0.4358974358974359,
pc7,rudder_doublet,sig,whole,noop,,,,0.0
pc7,rudder_doublet,sig,win5,noop,,,,0.0
pc7,rudder_doublet,sig,win10,noop,,,,0.045454545454545456
pc7,bank_hold,det,whole,inertia_x1.6,0.045454545454545456,1.0,,
pc7,bank_hold,det,win5,inertia_x1.6,0.0,,,
pc7,bank_hold,det,win10,inertia_x1.6,0.0,,,
pc7,bank_hold,det,whole,cmq_x0.5,0.46153846153846156,0.75,0.7350427350427352,
pc7,bank_hold,det,win5,cmq_x0.5,0.46153846153846156,1.0,0.7948717948717949,
pc7,bank_hold,det,win10,cmq_x0.5,0.38461538461538464,1.0,0.6923076923076924,
pc7,bank_hold,det,whole,cmalpha_x0.7,0.15384615384615385,1.0,0.7094017094017094,
pc7,bank_hold,det,win5,cmalpha_x0.7,0.38461538461538464,1.0,0.8888888888888888,
pc7,bank_hold,det,win10,cmalpha_x0.7,0.07692307692307693,1.0,0.8034188034188035,
pc7,bank_hold,det,whole,clo_+0.1,0.23076923076923078,0.42857142857142855,0.2991452991452992,
pc7,bank_hold,det,win5,clo_+0.1,0.23076923076923078,0.75,0.2991452991452992,
pc7,bank_hold,det,win10,clo_+0.1,0.15384615384615385,0.6666666666666666,0.3247863247863248,
pc7,bank_hold,det,whole,noop,,,,0.0
pc7,bank_hold,det,win5,noop,,,,0.045454545454545456
pc7,bank_hold,det,win10,noop,,,,0.0
pc7,bank_hold,sig,whole,inertia_x1.6,0.18181818181818182,1.0,,
pc7,bank_hold,sig,win5,inertia_x1.6,0.13636363636363635,1.0,,
pc7,bank_hold,sig,win10,inertia_x1.6,0.13636363636363635,1.0,,
pc7,bank_hold,sig,whole,cmq_x0.5,0.3076923076923077,0.6666666666666666,0.7094017094017094,
pc7,bank_hold,sig,win5,cmq_x0.5,0.23076923076923078,0.75,0.5811965811965814,
pc7,bank_hold,sig,win10,cmq_x0.5,0.15384615384615385,0.5,0.6837606837606838,
pc7,bank_hold,sig,whole,cmalpha_x0.7,0.07692307692307693,0.25,0.5470085470085471,
pc7,bank_hold,sig,win5,cmalpha_x0.7,0.07692307692307693,0.3333333333333333,0.4358974358974359,
pc7,bank_hold,sig,win10,cmalpha_x0.7,0.07692307692307693,0.3333333333333333,0.5982905982905984,
pc7,bank_hold,sig,whole,clo_+0.1,0.3076923076923077,0.8,0.5811965811965812,
pc7,bank_hold,sig,win5,clo_+0.1,0.38461538461538464,0.5,0.5641025641025641,
pc7,bank_hold,sig,win10,clo_+0.1,0.23076923076923078,0.5,0.5128205128205129,
pc7,bank_hold,sig,whole,noop,,,,0.09090909090909091
pc7,bank_hold,sig,win5,noop,,,,0.045454545454545456
pc7,bank_hold,sig,win10,noop,,,,0.09090909090909091
pc7,flap_extend,det,whole,inertia_x1.6,0.0,,,
pc7,flap_extend,det,win5,inertia_x1.6,0.0,,,
pc7,flap_extend,det,win10,inertia_x1.6,0.0,,,
pc7,flap_extend,det,whole,cmq_x0.5,0.0,,0.3162393162393163,
pc7,flap_extend,det,win5,cmq_x0.5,0.15384615384615385,1.0,0.4273504273504274,
pc7,flap_extend,det,win10,cmq_x0.5,0.15384615384615385,1.0,0.36752136752136755,
pc7,flap_extend,det,whole,cmalpha_x0.7,0.0,,0.264957264957265,
pc7,flap_extend,det,win5,cmalpha_x0.7,0.07692307692307693,1.0,0.3846153846153846,
pc7,flap_extend,det,win10,cmalpha_x0.7,0.07692307692307693,1.0,0.34188034188034194,
pc7,flap_extend,det,whole,clo_+0.1,0.46153846153846156,1.0,0.7008547008547008,
pc7,flap_extend,det,win5,clo_+0.1,0.46153846153846156,1.0,0.8290598290598291,
pc7,flap_extend,det,win10,clo_+0.1,0.3076923076923077,1.0,0.8205128205128205,
pc7,flap_extend,det,whole,noop,,,,0.0
pc7,flap_extend,det,win5,noop,,,,0.0
pc7,flap_extend,det,win10,noop,,,,0.0
pc7,flap_extend,sig,whole,inertia_x1.6,0.13636363636363635,1.0,,
pc7,flap_extend,sig,win5,inertia_x1.6,0.09090909090909091,1.0,,
pc7,flap_extend,sig,win10,inertia_x1.6,0.0,,,
pc7,flap_extend,sig,whole,cmq_x0.5,0.07692307692307693,0.5,0.47863247863247865,
pc7,flap_extend,sig,win5,cmq_x0.5,0.0,0.0,0.7179487179487181,
pc7,flap_extend,sig,win10,cmq_x0.5,0.07692307692307693,1.0,0.4102564102564103,
pc7,flap_extend,sig,whole,cmalpha_x0.7,0.0,0.0,0.41025641025641024,
pc7,flap_extend,sig,win5,cmalpha_x0.7,0.15384615384615385,1.0,0.6666666666666667,
pc7,flap_extend,sig,win10,cmalpha_x0.7,0.0,,0.4273504273504274,
pc7,flap_extend,sig,whole,clo_+0.1,0.3076923076923077,0.5,0.5897435897435898,
pc7,flap_extend,sig,win5,clo_+0.1,0.3076923076923077,0.8,0.7094017094017095,
pc7,flap_extend,sig,win10,clo_+0.1,0.3076923076923077,0.6666666666666666,0.6153846153846153,
pc7,flap_extend,sig,whole,noop,,,,0.045454545454545456
pc7,flap_extend,sig,win5,noop,,,,0.0
pc7,flap_extend,sig,win10,noop,,,,0.045454545454545456
pc7,climbing_turn,det,whole,inertia_x1.6,0.0,,,
pc7,climbing_turn,det,win5,inertia_x1.6,0.0,,,
pc7,climbing_turn,det,win10,inertia_x1.6,0.0,,,
pc7,climbing_turn,det,whole,cmq_x0.5,0.23076923076923078,0.5,0.27350427350427353,
pc7,climbing_turn,det,win5,cmq_x0.5,0.3076923076923077,0.6666666666666666,0.3076923076923077,
pc7,climbing_turn,det,win10,cmq_x0.5,0.3076923076923077,0.6666666666666666,0.27350427350427353,
pc7,climbing_turn,det,whole,cmalpha_x0.7,0.07692307692307693,0.5,0.47008547008547014,
pc7,climbing_turn,det,win5,cmalpha_x0.7,0.23076923076923078,0.6,0.4102564102564103,
pc7,climbing_turn,det,win10,cmalpha_x0.7,0.15384615384615385,0.5,0.49572649572649574,
pc7,climbing_turn,det,whole,clo_+0.1,0.07692307692307693,0.25,0.4444444444444445,
pc7,climbing_turn,det,win5,clo_+0.1,0.07692307692307693,0.3333333333333333,0.38461538461538464,
pc7,climbing_turn,det,win10,clo_+0.1,0.07692307692307693,0.25,0.4358974358974359,
pc7,climbing_turn,det,whole,noop,,,,0.09090909090909091
pc7,climbing_turn,det,win5,noop,,,,0.09090909090909091
pc7,climbing_turn,det,win10,noop,,,,0.09090909090909091
pc7,climbing_turn,sig,whole,inertia_x1.6,0.0,,,
pc7,climbing_turn,sig,win5,inertia_x1.6,0.045454545454545456,1.0,,
pc7,climbing_turn,sig,win10,inertia_x1.6,0.0,,,
pc7,climbing_turn,sig,whole,cmq_x0.5,0.0,0.0,0.4017094017094017,
pc7,climbing_turn,sig,win5,cmq_x0.5,0.0,,0.4786324786324786,
pc7,climbing_turn,sig,win10,cmq_x0.5,0.0,,0.07692307692307694,
pc7,climbing_turn,sig,whole,cmalpha_x0.7,0.0,0.0,0.35897435897435903,
pc7,climbing_turn,sig,win5,cmalpha_x0.7,0.07692307692307693,1.0,0.5213675213675214,
pc7,climbing_turn,sig,win10,cmalpha_x0.7,0.07692307692307693,1.0,0.4700854700854701,
pc7,climbing_turn,sig,whole,clo_+0.1,0.15384615384615385,0.5,0.4444444444444445,
pc7,climbing_turn,sig,win5,clo_+0.1,0.23076923076923078,0.5,0.4700854700854701,
pc7,climbing_turn,sig,win10,clo_+0.1,0.15384615384615385,0.4,0.4444444444444445,
pc7,climbing_turn,sig,whole,noop,,,,0.0
pc7,climbing_turn,sig,win5,noop,,,,0.0
pc7,climbing_turn,sig,win10,noop,,,,0.0
pc7,elev_doublet_distractor,det,whole,inertia_x1.6,0.0,,,
pc7,elev_doublet_distractor,det,win5,inertia_x1.6,0.0,,,
pc7,elev_doublet_distractor,det,win10,inertia_x1.6,0.0,,,
pc7,elev_doublet_distractor,det,whole,cmq_x0.5,0.0,,0.7350427350427351,
pc7,elev_doublet_distractor,det,win5,cmq_x0.5,0.0,,0.7606837606837606,
pc7,elev_doublet_distractor,det,win10,cmq_x0.5,0.0,,0.6752136752136753,
pc7,elev_doublet_distractor,det,whole,cmalpha_x0.7,0.07692307692307693,1.0,0.7435897435897436,
pc7,elev_doublet_distractor,det,win5,cmalpha_x0.7,0.23076923076923078,1.0,0.6923076923076923,
pc7,elev_doublet_distractor,det,win10,cmalpha_x0.7,0.23076923076923078,1.0,0.6752136752136753,
pc7,elev_doublet_distractor,det,whole,clo_+0.1,0.3076923076923077,1.0,0.7094017094017094,
pc7,elev_doublet_distractor,det,win5,clo_+0.1,0.23076923076923078,1.0,0.7521367521367521,
pc7,elev_doublet_distractor,det,win10,clo_+0.1,0.0,,0.7264957264957266,
pc7,elev_doublet_distractor,det,whole,noop,,,,0.0
pc7,elev_doublet_distractor,det,win5,noop,,,,0.0
pc7,elev_doublet_distractor,det,win10,noop,,,,0.0
pc7,elev_doublet_distractor,sig,whole,inertia_x1.6,0.045454545454545456,1.0,,
pc7,elev_doublet_distractor,sig,win5,inertia_x1.6,0.0,,,
pc7,elev_doublet_distractor,sig,win10,inertia_x1.6,0.045454545454545456,1.0,,
pc7,elev_doublet_distractor,sig,whole,cmq_x0.5,0.07692307692307693,0.5,0.6923076923076923,
pc7,elev_doublet_distractor,sig,win5,cmq_x0.5,0.15384615384615385,1.0,0.6068376068376069,
pc7,elev_doublet_distractor,sig,win10,cmq_x0.5,0.0,,0.6752136752136753,
pc7,elev_doublet_distractor,sig,whole,cmalpha_x0.7,0.0,,0.26495726495726507,
pc7,elev_doublet_distractor,sig,win5,cmalpha_x0.7,0.0,,0.3076923076923077,
pc7,elev_doublet_distractor,sig,win10,cmalpha_x0.7,0.0,,0.3504273504273504,
pc7,elev_doublet_distractor,sig,whole,clo_+0.1,0.3076923076923077,0.8,0.7264957264957265,
pc7,elev_doublet_distractor,sig,win5,clo_+0.1,0.23076923076923078,0.75,0.7350427350427351,
pc7,elev_doublet_distractor,sig,win10,clo_+0.1,0.3076923076923077,1.0,0.7094017094017095,
pc7,elev_doublet_distractor,sig,whole,noop,,,,0.0
pc7,elev_doublet_distractor,sig,win5,noop,,,,0.045454545454545456
pc7,elev_doublet_distractor,sig,win10,noop,,,,0.0
t6texan2,cruise,det,whole,inertia_x1.6,0.045454545454545456,1.0,,
t6texan2,cruise,det,win5,inertia_x1.6,0.045454545454545456,1.0,,
t6texan2,cruise,det,win10,inertia_x1.6,0.045454545454545456,1.0,,
t6texan2,cruise,det,whole,cmq_x0.5,0.07692307692307693,1.0,0.32478632478632485,
t6texan2,cruise,det,win5,cmq_x0.5,0.0,,0.3076923076923077,
t6texan2,cruise,det,win10,cmq_x0.5,0.07692307692307693,1.0,0.3076923076923077,
t6texan2,cruise,det,whole,cmalpha_x0.7,0.07692307692307693,0.5,0.025641025641025644,
t6texan2,cruise,det,win5,cmalpha_x0.7,0.0,0.0,0.0341880341880342,
t6texan2,cruise,det,win10,cmalpha_x0.7,0.0,0.0,0.017094017094017103,
t6texan2,cruise,det,whole,clo_+0.1,0.38461538461538464,1.0,0.6752136752136753,
t6texan2,cruise,det,win5,clo_+0.1,0.15384615384615385,0.6666666666666666,0.6068376068376068,
t6texan2,cruise,det,win10,clo_+0.1,0.15384615384615385,0.6666666666666666,0.6153846153846154,
t6texan2,cruise,det,whole,noop,,,,0.0
t6texan2,cruise,det,win5,noop,,,,0.0
t6texan2,cruise,det,win10,noop,,,,0.0
t6texan2,cruise,sig,whole,inertia_x1.6,0.0,,,
t6texan2,cruise,sig,win5,inertia_x1.6,0.0,,,
t6texan2,cruise,sig,win10,inertia_x1.6,0.0,,,
t6texan2,cruise,sig,whole,cmq_x0.5,0.0,,0.4700854700854701,
t6texan2,cruise,sig,win5,cmq_x0.5,0.0,0.0,0.46153846153846156,
t6texan2,cruise,sig,win10,cmq_x0.5,0.07692307692307693,1.0,0.45299145299145305,
t6texan2,cruise,sig,whole,cmalpha_x0.7,0.15384615384615385,1.0,0.4444444444444445,
t6texan2,cruise,sig,win5,cmalpha_x0.7,0.23076923076923078,0.75,0.5897435897435898,
t6texan2,cruise,sig,win10,cmalpha_x0.7,0.15384615384615385,1.0,0.6495726495726496,
t6texan2,cruise,sig,whole,clo_+0.1,0.15384615384615385,1.0,0.6324786324786326,
t6texan2,cruise,sig,win5,clo_+0.1,0.15384615384615385,0.6666666666666666,0.5811965811965812,
t6texan2,cruise,sig,win10,clo_+0.1,0.07692307692307693,1.0,0.6666666666666667,
t6texan2,cruise,sig,whole,noop,,,,0.0
t6texan2,cruise,sig,win5,noop,,,,0.045454545454545456
t6texan2,cruise,sig,win10,noop,,,,0.0
t6texan2,throttle_step,det,whole,inertia_x1.6,0.13636363636363635,1.0,,
t6texan2,throttle_step,det,win5,inertia_x1.6,0.13636363636363635,1.0,,
t6texan2,throttle_step,det,win10,inertia_x1.6,0.13636363636363635,1.0,,
t6texan2,throttle_step,det,whole,cmq_x0.5,0.38461538461538464,1.0,0.6666666666666667,
t6texan2,throttle_step,det,win5,cmq_x0.5,0.0,,0.7094017094017093,
t6texan2,throttle_step,det,win10,cmq_x0.5,0.3076923076923077,1.0,0.6495726495726496,
t6texan2,throttle_step,det,whole,cmalpha_x0.7,0.23076923076923078,1.0,0.37606837606837606,
t6texan2,throttle_step,det,win5,cmalpha_x0.7,0.0,0.0,0.27350427350427353,
t6texan2,throttle_step,det,win10,cmalpha_x0.7,0.07692307692307693,0.5,0.32478632478632474,
t6texan2,throttle_step,det,whole,clo_+0.1,0.15384615384615385,0.5,0.6837606837606838,
t6texan2,throttle_step,det,win5,clo_+0.1,0.15384615384615385,0.6666666666666666,0.6752136752136753,
t6texan2,throttle_step,det,win10,clo_+0.1,0.15384615384615385,0.6666666666666666,0.6837606837606838,
t6texan2,throttle_step,det,whole,noop,,,,0.09090909090909091
t6texan2,throttle_step,det,win5,noop,,,,0.0
t6texan2,throttle_step,det,win10,noop,,,,0.0
t6texan2,throttle_step,sig,whole,inertia_x1.6,0.09090909090909091,1.0,,
t6texan2,throttle_step,sig,win5,inertia_x1.6,0.045454545454545456,1.0,,
t6texan2,throttle_step,sig,win10,inertia_x1.6,0.045454545454545456,1.0,,
t6texan2,throttle_step,sig,whole,cmq_x0.5,0.0,,0.24786324786324787,
t6texan2,throttle_step,sig,win5,cmq_x0.5,0.0,0.0,0.6153846153846154,
t6texan2,throttle_step,sig,win10,cmq_x0.5,0.0,0.0,0.20512820512820515,
t6texan2,throttle_step,sig,whole,cmalpha_x0.7,0.0,,0.2991452991452992,
t6texan2,throttle_step,sig,win5,cmalpha_x0.7,0.0,0.0,0.4871794871794872,
t6texan2,throttle_step,sig,win10,cmalpha_x0.7,0.0,0.0,0.2991452991452992,
t6texan2,throttle_step,sig,whole,clo_+0.1,0.5384615384615384,1.0,0.8290598290598291,
t6texan2,throttle_step,sig,win5,clo_+0.1,0.6923076923076923,1.0,0.8888888888888891,
t6texan2,throttle_step,sig,win10,clo_+0.1,0.46153846153846156,1.0,0.7521367521367521,
t6texan2,throttle_step,sig,whole,noop,,,,0.0
t6texan2,throttle_step,sig,win5,noop,,,,0.045454545454545456
t6texan2,throttle_step,sig,win10,noop,,,,0.045454545454545456
t6texan2,elev_doublet,det,whole,inertia_x1.6,0.045454545454545456,1.0,,
t6texan2,elev_doublet,det,win5,inertia_x1.6,0.045454545454545456,1.0,,
t6texan2,elev_doublet,det,win10,inertia_x1.6,0.045454545454545456,1.0,,
t6texan2,elev_doublet,det,whole,cmq_x0.5,0.07692307692307693,1.0,0.3675213675213676,
t6texan2,elev_doublet,det,win5,cmq_x0.5,0.15384615384615385,1.0,0.5042735042735044,
t6texan2,elev_doublet,det,win10,cmq_x0.5,0.07692307692307693,1.0,0.5299145299145298,
t6texan2,elev_doublet,det,whole,cmalpha_x0.7,0.07692307692307693,1.0,0.12820512820512822,
t6texan2,elev_doublet,det,win5,cmalpha_x0.7,0.15384615384615385,1.0,0.3076923076923077,
t6texan2,elev_doublet,det,win10,cmalpha_x0.7,0.15384615384615385,1.0,0.27350427350427353,
t6texan2,elev_doublet,det,whole,clo_+0.1,0.38461538461538464,0.7142857142857143,0.33333333333333337,
t6texan2,elev_doublet,det,win5,clo_+0.1,0.3076923076923077,0.5,0.3504273504273505,
t6texan2,elev_doublet,det,win10,clo_+0.1,0.46153846153846156,0.75,0.32478632478632485,
t6texan2,elev_doublet,det,whole,noop,,,,0.0
t6texan2,elev_doublet,det,win5,noop,,,,0.0
t6texan2,elev_doublet,det,win10,noop,,,,0.045454545454545456
t6texan2,elev_doublet,sig,whole,inertia_x1.6,0.18181818181818182,1.0,,
t6texan2,elev_doublet,sig,win5,inertia_x1.6,0.045454545454545456,1.0,,
t6texan2,elev_doublet,sig,win10,inertia_x1.6,0.13636363636363635,1.0,,
t6texan2,elev_doublet,sig,whole,cmq_x0.5,0.15384615384615385,0.6666666666666666,0.547008547008547,
t6texan2,elev_doublet,sig,win5,cmq_x0.5,0.07692307692307693,1.0,0.36752136752136755,
t6texan2,elev_doublet,sig,win10,cmq_x0.5,0.0,0.0,0.4444444444444444,
t6texan2,elev_doublet,sig,whole,cmalpha_x0.7,0.15384615384615385,0.6666666666666666,0.3162393162393162,
t6texan2,elev_doublet,sig,win5,cmalpha_x0.7,0.23076923076923078,1.0,0.4700854700854701,
t6texan2,elev_doublet,sig,win10,cmalpha_x0.7,0.15384615384615385,0.5,0.4273504273504274,
t6texan2,elev_doublet,sig,whole,clo_+0.1,0.23076923076923078,0.75,0.5213675213675214,
t6texan2,elev_doublet,sig,win5,clo_+0.1,0.15384615384615385,0.6666666666666666,0.4358974358974359,
t6texan2,elev_doublet,sig,win10,clo_+0.1,0.23076923076923078,1.0,0.45299145299145305,
t6texan2,elev_doublet,sig,whole,noop,,,,0.13636363636363635
t6texan2,elev_doublet,sig,win5,noop,,,,0.09090909090909091
t6texan2,elev_doublet,sig,win10,noop,,,,0.09090909090909091
t6texan2,elev_step,det,whole,inertia_x1.6,0.045454545454545456,1.0,,
t6texan2,elev_step,det,win5,inertia_x1.6,0.045454545454545456,1.0,,
t6texan2,elev_step,det,win10,inertia_x1.6,0.045454545454545456,1.0,,
t6texan2,elev_step,det,whole,cmq_x0.5,0.07692307692307693,1.0,0.27350427350427353,
t6texan2,elev_step,det,win5,cmq_x0.5,0.15384615384615385,0.6666666666666666,0.24786324786324787,
t6texan2,elev_step,det,win10,cmq_x0.5,0.15384615384615385,0.6666666666666666,0.2393162393162393,
t6texan2,elev_step,det,whole,cmalpha_x0.7,0.6923076923076923,1.0,0.7264957264957265,
t6texan2,elev_step,det,win5,cmalpha_x0.7,0.6923076923076923,1.0,0.7264957264957265,
t6texan2,elev_step,det,win10,cmalpha_x0.7,0.6923076923076923,1.0,0.7179487179487178,
t6texan2,elev_step,det,whole,clo_+0.1,0.3076923076923077,0.4,0.5811965811965812,
t6texan2,elev_step,det,win5,clo_+0.1,0.5384615384615384,0.7777777777777778,0.7521367521367521,
t6texan2,elev_step,det,win10,clo_+0.1,0.23076923076923078,0.5,0.6239316239316239,
t6texan2,elev_step,det,whole,noop,,,,0.0
t6texan2,elev_step,det,win5,noop,,,,0.045454545454545456
t6texan2,elev_step,det,win10,noop,,,,0.045454545454545456
t6texan2,elev_step,sig,whole,inertia_x1.6,0.045454545454545456,1.0,,
t6texan2,elev_step,sig,win5,inertia_x1.6,0.13636363636363635,1.0,,
t6texan2,elev_step,sig,win10,inertia_x1.6,0.045454545454545456,1.0,,
t6texan2,elev_step,sig,whole,cmq_x0.5,0.0,0.0,0.29914529914529914,
t6texan2,elev_step,sig,win5,cmq_x0.5,0.0,,0.36752136752136755,
t6texan2,elev_step,sig,win10,cmq_x0.5,0.0,,0.3846153846153847,
t6texan2,elev_step,sig,whole,cmalpha_x0.7,0.15384615384615385,1.0,0.5042735042735044,
t6texan2,elev_step,sig,win5,cmalpha_x0.7,0.3076923076923077,1.0,0.8632478632478633,
t6texan2,elev_step,sig,win10,cmalpha_x0.7,0.3076923076923077,1.0,0.8205128205128206,
t6texan2,elev_step,sig,whole,clo_+0.1,0.15384615384615385,1.0,0.36752136752136755,
t6texan2,elev_step,sig,win5,clo_+0.1,0.15384615384615385,1.0,0.6239316239316239,
t6texan2,elev_step,sig,win10,clo_+0.1,0.15384615384615385,1.0,0.5726495726495726,
t6texan2,elev_step,sig,whole,noop,,,,0.09090909090909091
t6texan2,elev_step,sig,win5,noop,,,,0.09090909090909091
t6texan2,elev_step,sig,win10,noop,,,,0.0
t6texan2,aileron_step,det,whole,inertia_x1.6,0.09090909090909091,1.0,,
t6texan2,aileron_step,det,win5,inertia_x1.6,0.22727272727272727,1.0,,
t6texan2,aileron_step,det,win10,inertia_x1.6,0.22727272727272727,1.0,,
t6texan2,aileron_step,det,whole,cmq_x0.5,0.0,,0.4017094017094017,
t6texan2,aileron_step,det,win5,cmq_x0.5,0.0,,0.41880341880341887,
t6texan2,aileron_step,det,win10,cmq_x0.5,0.0,,0.3846153846153847,
t6texan2,aileron_step,det,whole,cmalpha_x0.7,0.07692307692307693,1.0,0.24786324786324787,
t6texan2,aileron_step,det,win5,cmalpha_x0.7,0.07692307692307693,1.0,0.24786324786324793,
t6texan2,aileron_step,det,win10,cmalpha_x0.7,0.07692307692307693,1.0,0.23931623931623935,
t6texan2,aileron_step,det,whole,clo_+0.1,0.15384615384615385,1.0,0.45299145299145305,
t6texan2,aileron_step,det,win5,clo_+0.1,0.23076923076923078,1.0,0.4444444444444444,
t6texan2,aileron_step,det,win10,clo_+0.1,0.15384615384615385,0.6666666666666666,0.37606837606837606,
t6texan2,aileron_step,det,whole,noop,,,,0.0
t6texan2,aileron_step,det,win5,noop,,,,0.0
t6texan2,aileron_step,det,win10,noop,,,,0.0
t6texan2,aileron_step,sig,whole,inertia_x1.6,0.13636363636363635,1.0,,
t6texan2,aileron_step,sig,win5,inertia_x1.6,0.13636363636363635,1.0,,
t6texan2,aileron_step,sig,win10,inertia_x1.6,0.13636363636363635,1.0,,
t6texan2,aileron_step,sig,whole,cmq_x0.5,0.0,,0.3247863247863248,
t6texan2,aileron_step,sig,win5,cmq_x0.5,0.0,,0.38461538461538464,
t6texan2,aileron_step,sig,win10,cmq_x0.5,0.07692307692307693,1.0,0.37606837606837606,
t6texan2,aileron_step,sig,whole,cmalpha_x0.7,0.15384615384615385,1.0,0.358974358974359,
t6texan2,aileron_step,sig,win5,cmalpha_x0.7,0.07692307692307693,1.0,0.39316239316239315,
t6texan2,aileron_step,sig,win10,cmalpha_x0.7,0.07692307692307693,1.0,0.29914529914529914,
t6texan2,aileron_step,sig,whole,clo_+0.1,0.15384615384615385,0.3333333333333333,0.5213675213675214,
t6texan2,aileron_step,sig,win5,clo_+0.1,0.38461538461538464,0.8333333333333334,0.5213675213675214,
t6texan2,aileron_step,sig,win10,clo_+0.1,0.07692307692307693,0.3333333333333333,0.5384615384615384,
t6texan2,aileron_step,sig,whole,noop,,,,0.0
t6texan2,aileron_step,sig,win5,noop,,,,0.0
t6texan2,aileron_step,sig,win10,noop,,,,0.0
t6texan2,rudder_doublet,det,whole,inertia_x1.6,0.36363636363636365,1.0,,
t6texan2,rudder_doublet,det,win5,inertia_x1.6,0.36363636363636365,1.0,,
t6texan2,rudder_doublet,det,win10,inertia_x1.6,0.36363636363636365,1.0,,
t6texan2,rudder_doublet,det,whole,cmq_x0.5,0.07692307692307693,1.0,0.4786324786324786,
t6texan2,rudder_doublet,det,win5,cmq_x0.5,0.0,,0.46153846153846156,
t6texan2,rudder_doublet,det,win10,cmq_x0.5,0.0,,0.4444444444444445,
t6texan2,rudder_doublet,det,whole,cmalpha_x0.7,0.07692307692307693,1.0,0.2991452991452992,
t6texan2,rudder_doublet,det,win5,cmalpha_x0.7,0.07692307692307693,1.0,0.2991452991452992,
t6texan2,rudder_doublet,det,win10,cmalpha_x0.7,0.07692307692307693,1.0,0.3162393162393162,
t6texan2,rudder_doublet,det,whole,clo_+0.1,0.15384615384615385,1.0,0.47008547008547014,
t6texan2,rudder_doublet,det,win5,clo_+0.1,0.15384615384615385,1.0,0.4871794871794873,
t6texan2,rudder_doublet,det,win10,clo_+0.1,0.15384615384615385,1.0,0.452991452991453,
t6texan2,rudder_doublet,det,whole,noop,,,,0.0
t6texan2,rudder_doublet,det,win5,noop,,,,0.0
t6texan2,rudder_doublet,det,win10,noop,,,,0.0
t6texan2,rudder_doublet,sig,whole,inertia_x1.6,0.5,1.0,,
t6texan2,rudder_doublet,sig,win5,inertia_x1.6,0.5909090909090909,1.0,,
t6texan2,rudder_doublet,sig,win10,inertia_x1.6,0.5454545454545454,1.0,,
t6texan2,rudder_doublet,sig,whole,cmq_x0.5,0.0,0.0,0.2820512820512821,
t6texan2,rudder_doublet,sig,win5,cmq_x0.5,0.07692307692307693,0.5,0.6239316239316239,
t6texan2,rudder_doublet,sig,win10,cmq_x0.5,0.0,,0.4444444444444444,
t6texan2,rudder_doublet,sig,whole,cmalpha_x0.7,0.0,0.0,0.47863247863247865,
t6texan2,rudder_doublet,sig,win5,cmalpha_x0.7,0.0,0.0,0.6666666666666667,
t6texan2,rudder_doublet,sig,win10,cmalpha_x0.7,0.15384615384615385,0.6666666666666666,0.5811965811965811,
t6texan2,rudder_doublet,sig,whole,clo_+0.1,0.0,0.0,0.41880341880341887,
t6texan2,rudder_doublet,sig,win5,clo_+0.1,0.0,,0.6581196581196582,
t6texan2,rudder_doublet,sig,win10,clo_+0.1,0.07692307692307693,1.0,0.5470085470085471,
t6texan2,rudder_doublet,sig,whole,noop,,,,0.13636363636363635
t6texan2,rudder_doublet,sig,win5,noop,,,,0.045454545454545456
t6texan2,rudder_doublet,sig,win10,noop,,,,0.09090909090909091
t6texan2,bank_hold,det,whole,inertia_x1.6,0.09090909090909091,1.0,,
t6texan2,bank_hold,det,win5,inertia_x1.6,0.13636363636363635,1.0,,
t6texan2,bank_hold,det,win10,inertia_x1.6,0.09090909090909091,1.0,,
t6texan2,bank_hold,det,whole,cmq_x0.5,0.15384615384615385,1.0,0.4102564102564103,
t6texan2,bank_hold,det,win5,cmq_x0.5,0.0,,0.5299145299145299,
t6texan2,bank_hold,det,win10,cmq_x0.5,0.23076923076923078,1.0,0.4188034188034188,
t6texan2,bank_hold,det,whole,cmalpha_x0.7,0.5384615384615384,1.0,0.6068376068376069,
t6texan2,bank_hold,det,win5,cmalpha_x0.7,0.38461538461538464,1.0,0.7264957264957265,
t6texan2,bank_hold,det,win10,cmalpha_x0.7,0.38461538461538464,1.0,0.811965811965812,
t6texan2,bank_hold,det,whole,clo_+0.1,0.46153846153846156,0.8571428571428571,0.7777777777777779,
t6texan2,bank_hold,det,win5,clo_+0.1,0.46153846153846156,0.75,0.6581196581196582,
t6texan2,bank_hold,det,win10,clo_+0.1,0.38461538461538464,0.8333333333333334,0.6495726495726496,
t6texan2,bank_hold,det,whole,noop,,,,0.0
t6texan2,bank_hold,det,win5,noop,,,,0.0
t6texan2,bank_hold,det,win10,noop,,,,0.0
t6texan2,bank_hold,sig,whole,inertia_x1.6,0.2727272727272727,1.0,,
t6texan2,bank_hold,sig,win5,inertia_x1.6,0.3181818181818182,1.0,,
t6texan2,bank_hold,sig,win10,inertia_x1.6,0.2727272727272727,1.0,,
t6texan2,bank_hold,sig,whole,cmq_x0.5,0.0,0.0,0.3162393162393162,
t6texan2,bank_hold,sig,win5,cmq_x0.5,0.0,0.0,0.5299145299145299,
t6texan2,bank_hold,sig,win10,cmq_x0.5,0.0,0.0,0.3076923076923077,
t6texan2,bank_hold,sig,whole,cmalpha_x0.7,0.15384615384615385,0.6666666666666666,0.47863247863247865,
t6texan2,bank_hold,sig,win5,cmalpha_x0.7,0.07692307692307693,0.5,0.5726495726495727,
t6texan2,bank_hold,sig,win10,cmalpha_x0.7,0.07692307692307693,0.5,0.4102564102564103,
t6texan2,bank_hold,sig,whole,clo_+0.1,0.3076923076923077,0.4,0.4017094017094017,
t6texan2,bank_hold,sig,win5,clo_+0.1,0.38461538461538464,0.5,0.41880341880341887,
t6texan2,bank_hold,sig,win10,clo_+0.1,0.38461538461538464,0.4166666666666667,0.45299145299145305,
t6texan2,bank_hold,sig,whole,noop,,,,0.045454545454545456
t6texan2,bank_hold,sig,win5,noop,,,,0.045454545454545456
t6texan2,bank_hold,sig,win10,noop,,,,0.045454545454545456
t6texan2,flap_extend,det,whole,inertia_x1.6,0.045454545454545456,1.0,,
t6texan2,flap_extend,det,win5,inertia_x1.6,0.0,,,
t6texan2,flap_extend,det,win10,inertia_x1.6,0.045454545454545456,1.0,,
t6texan2,flap_extend,det,whole,cmq_x0.5,0.07692307692307693,0.25,0.1965811965811966,
t6texan2,flap_extend,det,win5,cmq_x0.5,0.0,0.0,0.23076923076923078,
t6texan2,flap_extend,det,win10,cmq_x0.5,0.0,0.0,0.2222222222222222,
t6texan2,flap_extend,det,whole,cmalpha_x0.7,0.6923076923076923,1.0,0.7606837606837606,
t6texan2,flap_extend,det,win5,cmalpha_x0.7,0.5384615384615384,1.0,0.7606837606837608,
t6texan2,flap_extend,det,win10,cmalpha_x0.7,0.5384615384615384,1.0,0.7692307692307693,
t6texan2,flap_extend,det,whole,clo_+0.1,0.38461538461538464,0.4166666666666667,0.6068376068376069,
t6texan2,flap_extend,det,win5,clo_+0.1,0.38461538461538464,0.4166666666666667,0.641025641025641,
t6texan2,flap_extend,det,win10,clo_+0.1,0.46153846153846156,0.46153846153846156,0.6153846153846154,
t6texan2,flap_extend,det,whole,noop,,,,0.13636363636363635
t6texan2,flap_extend,det,win5,noop,,,,0.13636363636363635
t6texan2,flap_extend,det,win10,noop,,,,0.09090909090909091
t6texan2,flap_extend,sig,whole,inertia_x1.6,0.09090909090909091,1.0,,
t6texan2,flap_extend,sig,win5,inertia_x1.6,0.13636363636363635,1.0,,
t6texan2,flap_extend,sig,win10,inertia_x1.6,0.09090909090909091,1.0,,
t6texan2,flap_extend,sig,whole,cmq_x0.5,0.0,,0.2820512820512821,
t6texan2,flap_extend,sig,win5,cmq_x0.5,0.07692307692307693,0.3333333333333333,0.2905982905982907,
t6texan2,flap_extend,sig,win10,cmq_x0.5,0.0,,0.2136752136752137,
t6texan2,flap_extend,sig,whole,cmalpha_x0.7,0.23076923076923078,1.0,0.5726495726495726,
t6texan2,flap_extend,sig,win5,cmalpha_x0.7,0.15384615384615385,1.0,0.4786324786324786,
t6texan2,flap_extend,sig,win10,cmalpha_x0.7,0.0,0.0,0.23076923076923078,
t6texan2,flap_extend,sig,whole,clo_+0.1,0.15384615384615385,0.6666666666666666,0.4017094017094017,
t6texan2,flap_extend,sig,win5,clo_+0.1,0.15384615384615385,0.5,0.37606837606837606,
t6texan2,flap_extend,sig,win10,clo_+0.1,0.15384615384615385,1.0,0.2905982905982906,
t6texan2,flap_extend,sig,whole,noop,,,,0.0
t6texan2,flap_extend,sig,win5,noop,,,,0.13636363636363635
t6texan2,flap_extend,sig,win10,noop,,,,0.0
t6texan2,climbing_turn,det,whole,inertia_x1.6,0.09090909090909091,1.0,,
t6texan2,climbing_turn,det,win5,inertia_x1.6,0.045454545454545456,1.0,,
t6texan2,climbing_turn,det,win10,inertia_x1.6,0.045454545454545456,1.0,,
t6texan2,climbing_turn,det,whole,cmq_x0.5,0.15384615384615385,1.0,0.8632478632478632,
t6texan2,climbing_turn,det,win5,cmq_x0.5,0.07692307692307693,1.0,0.8034188034188033,
t6texan2,climbing_turn,det,win10,cmq_x0.5,0.07692307692307693,1.0,0.8034188034188035,
t6texan2,climbing_turn,det,whole,cmalpha_x0.7,0.07692307692307693,1.0,0.5470085470085471,
t6texan2,climbing_turn,det,win5,cmalpha_x0.7,0.07692307692307693,1.0,0.5641025641025641,
t6texan2,climbing_turn,det,win10,cmalpha_x0.7,0.07692307692307693,1.0,0.5128205128205128,
t6texan2,climbing_turn,det,whole,clo_+0.1,0.7692307692307693,0.9090909090909091,0.8205128205128205,
t6texan2,climbing_turn,det,win5,clo_+0.1,0.5384615384615384,0.875,0.7606837606837606,
t6texan2,climbing_turn,det,win10,clo_+0.1,0.6153846153846154,1.0,0.7521367521367521,
t6texan2,climbing_turn,det,whole,noop,,,,0.0
t6texan2,climbing_turn,det,win5,noop,,,,0.0
t6texan2,climbing_turn,det,win10,noop,,,,0.0
t6texan2,climbing_turn,sig,whole,inertia_x1.6,0.5454545454545454,1.0,,
t6texan2,climbing_turn,sig,win5,inertia_x1.6,0.36363636363636365,1.0,,
t6texan2,climbing_turn,sig,win10,inertia_x1.6,0.3181818181818182,1.0,,
t6texan2,climbing_turn,sig,whole,cmq_x0.5,0.23076923076923078,0.6,0.35042735042735046,
t6texan2,climbing_turn,sig,win5,cmq_x0.5,0.23076923076923078,0.6,0.5213675213675214,
t6texan2,climbing_turn,sig,win10,cmq_x0.5,0.23076923076923078,0.75,0.4358974358974359,
t6texan2,climbing_turn,sig,whole,cmalpha_x0.7,0.6153846153846154,0.8888888888888888,0.5897435897435898,
t6texan2,climbing_turn,sig,win5,cmalpha_x0.7,0.38461538461538464,0.7142857142857143,0.5897435897435899,
t6texan2,climbing_turn,sig,win10,cmalpha_x0.7,0.5384615384615384,0.7777777777777778,0.6068376068376069,
t6texan2,climbing_turn,sig,whole,clo_+0.1,0.5384615384615384,0.5384615384615384,0.452991452991453,
t6texan2,climbing_turn,sig,win5,clo_+0.1,0.5384615384615384,0.6363636363636364,0.5555555555555556,
t6texan2,climbing_turn,sig,win10,clo_+0.1,0.6153846153846154,0.6153846153846154,0.6068376068376069,
t6texan2,climbing_turn,sig,whole,noop,,,,0.09090909090909091
t6texan2,climbing_turn,sig,win5,noop,,,,0.09090909090909091
t6texan2,climbing_turn,sig,win10,noop,,,,0.045454545454545456
t6texan2,elev_doublet_distractor,det,whole,inertia_x1.6,0.045454545454545456,1.0,,
t6texan2,elev_doublet_distractor,det,win5,inertia_x1.6,0.09090909090909091,1.0,,
t6texan2,elev_doublet_distractor,det,win10,inertia_x1.6,0.09090909090909091,1.0,,
t6texan2,elev_doublet_distractor,det,whole,cmq_x0.5,0.07692307692307693,1.0,0.5042735042735043,
t6texan2,elev_doublet_distractor,det,win5,cmq_x0.5,0.23076923076923078,1.0,0.45299145299145305,
t6texan2,elev_doublet_distractor,det,win10,cmq_x0.5,0.23076923076923078,1.0,0.5042735042735043,
t6texan2,elev_doublet_distractor,det,whole,cmalpha_x0.7,0.07692307692307693,1.0,0.3076923076923077,
t6texan2,elev_doublet_distractor,det,win5,cmalpha_x0.7,0.23076923076923078,1.0,0.46153846153846156,
t6texan2,elev_doublet_distractor,det,win10,cmalpha_x0.7,0.15384615384615385,1.0,0.38461538461538464,
t6texan2,elev_doublet_distractor,det,whole,clo_+0.1,0.3076923076923077,0.5714285714285714,0.4871794871794872,
t6texan2,elev_doublet_distractor,det,win5,clo_+0.1,0.38461538461538464,0.625,0.4871794871794873,
t6texan2,elev_doublet_distractor,det,win10,clo_+0.1,0.3076923076923077,0.5714285714285714,0.4273504273504274,
t6texan2,elev_doublet_distractor,det,whole,noop,,,,0.0
t6texan2,elev_doublet_distractor,det,win5,noop,,,,0.0
t6texan2,elev_doublet_distractor,det,win10,noop,,,,0.0
t6texan2,elev_doublet_distractor,sig,whole,inertia_x1.6,0.13636363636363635,1.0,,
t6texan2,elev_doublet_distractor,sig,win5,inertia_x1.6,0.09090909090909091,1.0,,
t6texan2,elev_doublet_distractor,sig,win10,inertia_x1.6,0.18181818181818182,1.0,,
t6texan2,elev_doublet_distractor,sig,whole,cmq_x0.5,0.0,,0.12820512820512822,
t6texan2,elev_doublet_distractor,sig,win5,cmq_x0.5,0.0,,0.34188034188034194,
t6texan2,elev_doublet_distractor,sig,win10,cmq_x0.5,0.0,,0.11111111111111112,
t6texan2,elev_doublet_distractor,sig,whole,cmalpha_x0.7,0.0,,0.2564102564102564,
t6texan2,elev_doublet_distractor,sig,win5,cmalpha_x0.7,0.0,,0.5811965811965812,
t6texan2,elev_doublet_distractor,sig,win10,cmalpha_x0.7,0.0,,0.4017094017094017,
t6texan2,elev_doublet_distractor,sig,whole,clo_+0.1,0.23076923076923078,0.375,0.264957264957265,
t6texan2,elev_doublet_distractor,sig,win5,clo_+0.1,0.3076923076923077,0.4444444444444444,0.27350427350427353,
t6texan2,elev_doublet_distractor,sig,win10,clo_+0.1,0.15384615384615385,0.3333333333333333,0.29914529914529914,
t6texan2,elev_doublet_distractor,sig,whole,noop,,,,0.0
t6texan2,elev_doublet_distractor,sig,win5,noop,,,,0.0
t6texan2,elev_doublet_distractor,sig,win10,noop,,,,0.0
